;Index,CO_FIPS,YEAR,Tel_RETL,Tel_FOOD,Tel_MANU,Tel_WSLE,Tel_OFFI,Tel_GVED,Tel_HLTH,Tel_OTHR,Tel_AGRI,Tel_MING,Tel_CONS,HBJ_RETL,HBJ_FOOD,HBJ_MANU,HBJ_WSLE,HBJ_OFFI,HBJ_GVED,HBJ_HLTH,HBJ_OTHR,HBJ_AGRI,HBJ_MING,HBJ_CONS,HBJ,Telecom,Tot_WAH,CO_NAME
12023,01,2023,0.0711,0.0412,0.0679,0.0731,0.2093,0.1034,0.0759,0.1648,0.0643,0.0064,0.0622,0.0313,0.0181,0.0299,0.0322,0.0922,0.0456,0.0334,0.0726,0.0283,0.0028,0.0274,0.0411,0.0934,0.1345,"Beaver County, Utah"
12024,01,2024,0.0666,0.0385,0.0635,0.0675,0.1959,0.0967,0.0711,0.1554,0.0602,0.006,0.0582,0.0303,0.0175,0.0289,0.0307,0.0891,0.044,0.0323,0.0707,0.0274,0.0027,0.0265,0.0403,0.0886,0.1289,"Beaver County, Utah"
12025,01,2025,0.0617,0.0357,0.0589,0.0626,0.1816,0.0896,0.0659,0.1436,0.0558,0.0055,0.0539,0.0327,0.0189,0.0312,0.0331,0.0961,0.0474,0.0349,0.076,0.0295,0.0029,0.0285,0.0429,0.0811,0.124,"Beaver County, Utah"
12026,01,2026,0.0592,0.0342,0.0565,0.0595,0.1741,0.0862,0.0632,0.1362,0.0535,0.0053,0.0517,0.0331,0.0192,0.0316,0.0333,0.0974,0.0482,0.0354,0.0762,0.0299,0.003,0.0289,0.0431,0.0771,0.1202,"Beaver County, Utah"
12027,01,2027,0.0571,0.0331,0.0545,0.0575,0.1681,0.0833,0.061,0.1308,0.0517,0.0051,0.0499,0.0335,0.0194,0.0319,0.0337,0.0984,0.0488,0.0357,0.0766,0.0303,0.003,0.0292,0.0434,0.0741,0.1175,"Beaver County, Utah"
12028,01,2028,0.0554,0.032,0.0528,0.0557,0.1628,0.0807,0.0591,0.1261,0.0501,0.005,0.0484,0.0337,0.0195,0.0321,0.0339,0.099,0.0491,0.0359,0.0767,0.0305,0.003,0.0294,0.0437,0.0718,0.1155,"Beaver County, Utah"
12029,01,2029,0.054,0.0312,0.0515,0.0543,0.1588,0.0787,0.0576,0.1227,0.0488,0.0048,0.0471,0.0338,0.0196,0.0323,0.0341,0.0996,0.0494,0.0361,0.0769,0.0306,0.003,0.0296,0.044,0.0702,0.1142,"Beaver County, Utah"
12030,01,2030,0.0529,0.0306,0.0505,0.0534,0.1556,0.0772,0.0565,0.1203,0.0479,0.0047,0.0462,0.0341,0.0197,0.0325,0.0344,0.1002,0.0497,0.0364,0.0774,0.0308,0.0031,0.0298,0.0444,0.0689,0.1133,"Beaver County, Utah"
12031,01,2031,0.053,0.0307,0.0506,0.0535,0.1559,0.0773,0.0566,0.1205,0.0479,0.0048,0.0463,0.0344,0.0199,0.0328,0.0347,0.1012,0.0502,0.0367,0.0782,0.0311,0.0031,0.0301,0.0449,0.0692,0.1141,"Beaver County, Utah"
12032,01,2032,0.0532,0.0308,0.0508,0.0537,0.1565,0.0776,0.0568,0.1208,0.0482,0.0048,0.0465,0.0348,0.0201,0.0332,0.0352,0.1024,0.0508,0.0372,0.0791,0.0315,0.0031,0.0304,0.0454,0.0694,0.1148,"Beaver County, Utah"
12033,01,2033,0.0534,0.0309,0.0509,0.054,0.157,0.0779,0.057,0.1211,0.0483,0.0048,0.0466,0.0352,0.0204,0.0336,0.0356,0.1035,0.0513,0.0376,0.0798,0.0319,0.0032,0.0307,0.0459,0.0696,0.1155,"Beaver County, Utah"
12034,01,2034,0.0536,0.031,0.0511,0.0544,0.1577,0.0782,0.0572,0.1208,0.0485,0.0048,0.0468,0.0356,0.0206,0.034,0.0361,0.1048,0.052,0.038,0.0803,0.0322,0.0032,0.0311,0.0464,0.0698,0.1162,"Beaver County, Utah"
12035,01,2035,0.0537,0.0311,0.0512,0.0545,0.1579,0.0783,0.0573,0.1225,0.0486,0.0048,0.0469,0.0359,0.0208,0.0343,0.0365,0.1057,0.0525,0.0384,0.082,0.0325,0.0032,0.0314,0.0469,0.0701,0.117,"Beaver County, Utah"
12036,01,2036,0.0538,0.0311,0.0513,0.0547,0.1582,0.0785,0.0574,0.1227,0.0487,0.0048,0.047,0.0363,0.021,0.0346,0.0369,0.1067,0.053,0.0387,0.0828,0.0328,0.0033,0.0317,0.0474,0.0703,0.1177,"Beaver County, Utah"
12037,01,2037,0.0539,0.0312,0.0515,0.0549,0.1587,0.0788,0.0576,0.1231,0.0488,0.0048,0.0471,0.0367,0.0212,0.035,0.0373,0.1078,0.0536,0.0391,0.0837,0.0332,0.0033,0.032,0.0479,0.0705,0.1184,"Beaver County, Utah"
12038,01,2038,0.0541,0.0313,0.0516,0.0552,0.159,0.079,0.0577,0.1233,0.049,0.0048,0.0472,0.037,0.0214,0.0353,0.0378,0.1089,0.0541,0.0395,0.0844,0.0335,0.0033,0.0323,0.0484,0.0708,0.1192,"Beaver County, Utah"
12039,01,2039,0.0542,0.0314,0.0517,0.0554,0.1595,0.0792,0.0579,0.1235,0.0491,0.0049,0.0474,0.0374,0.0216,0.0357,0.0382,0.1099,0.0546,0.0399,0.0851,0.0338,0.0033,0.0326,0.0489,0.071,0.1199,"Beaver County, Utah"
12040,01,2040,0.0543,0.0315,0.0519,0.0556,0.1599,0.0794,0.058,0.1238,0.0492,0.0049,0.0475,0.0377,0.0218,0.036,0.0386,0.111,0.0551,0.0403,0.0859,0.0342,0.0034,0.033,0.0494,0.0712,0.1206,"Beaver County, Utah"
12041,01,2041,0.0545,0.0315,0.052,0.0558,0.1604,0.0797,0.0582,0.1241,0.0493,0.0049,0.0476,0.0381,0.0221,0.0364,0.039,0.1121,0.0557,0.0407,0.0867,0.0345,0.0034,0.0333,0.0499,0.0714,0.1213,"Beaver County, Utah"
12042,01,2042,0.0547,0.0316,0.0522,0.0561,0.1608,0.0799,0.0584,0.1243,0.0495,0.0049,0.0478,0.0385,0.0223,0.0367,0.0395,0.1132,0.0562,0.0411,0.0875,0.0348,0.0034,0.0336,0.0504,0.0717,0.1221,"Beaver County, Utah"
12043,01,2043,0.0548,0.0317,0.0523,0.0563,0.1613,0.0801,0.0585,0.1246,0.0497,0.0049,0.0479,0.0388,0.0225,0.0371,0.0399,0.1143,0.0568,0.0415,0.0883,0.0352,0.0035,0.0339,0.0509,0.0719,0.1228,"Beaver County, Utah"
12044,01,2044,0.0549,0.0318,0.0524,0.0565,0.1616,0.0803,0.0586,0.1248,0.0498,0.0049,0.048,0.0392,0.0227,0.0374,0.0403,0.1153,0.0573,0.0418,0.089,0.0355,0.0035,0.0342,0.0514,0.0721,0.1235,"Beaver County, Utah"
12045,01,2045,0.0551,0.0319,0.0526,0.0567,0.1621,0.0806,0.0588,0.1252,0.0499,0.0049,0.0481,0.0395,0.0229,0.0377,0.0407,0.1163,0.0578,0.0422,0.0899,0.0358,0.0035,0.0345,0.0519,0.0724,0.1243,"Beaver County, Utah"
12046,01,2046,0.0552,0.032,0.0527,0.0569,0.1625,0.0808,0.059,0.1255,0.0501,0.005,0.0483,0.0399,0.0231,0.0381,0.0411,0.1174,0.0584,0.0426,0.0906,0.0362,0.0036,0.0349,0.0524,0.0726,0.125,"Beaver County, Utah"
12047,01,2047,0.0555,0.0321,0.0529,0.0572,0.1632,0.0811,0.0592,0.1259,0.0502,0.005,0.0484,0.0403,0.0233,0.0385,0.0416,0.1186,0.059,0.043,0.0915,0.0365,0.0036,0.0352,0.0529,0.0728,0.1257,"Beaver County, Utah"
12048,01,2048,0.0557,0.0322,0.0531,0.0575,0.1638,0.0814,0.0594,0.1264,0.0504,0.005,0.0486,0.0407,0.0236,0.0389,0.042,0.1198,0.0596,0.0435,0.0925,0.0369,0.0037,0.0356,0.0534,0.0731,0.1265,"Beaver County, Utah"
12049,01,2049,0.0559,0.0323,0.0533,0.0578,0.1644,0.0818,0.0597,0.1269,0.0507,0.005,0.0488,0.0411,0.0238,0.0392,0.0425,0.121,0.0602,0.0439,0.0934,0.0373,0.0037,0.0359,0.0539,0.0733,0.1272,"Beaver County, Utah"
12050,01,2050,0.0561,0.0325,0.0535,0.058,0.165,0.0821,0.0599,0.1273,0.0509,0.005,0.049,0.0415,0.024,0.0396,0.043,0.1222,0.0608,0.0443,0.0943,0.0377,0.0037,0.0363,0.0544,0.0735,0.1279,"Beaver County, Utah"
12051,01,2051,0.0563,0.0326,0.0538,0.0583,0.1658,0.0825,0.0602,0.1279,0.0511,0.0051,0.0492,0.042,0.0243,0.04,0.0434,0.1235,0.0614,0.0448,0.0952,0.0381,0.0038,0.0367,0.0549,0.0738,0.1287,"Beaver County, Utah"
12052,01,2052,0.0566,0.0327,0.054,0.0587,0.1664,0.0828,0.0604,0.1284,0.0513,0.0051,0.0494,0.0424,0.0245,0.0404,0.044,0.1247,0.062,0.0452,0.0962,0.0384,0.0038,0.037,0.0554,0.074,0.1294,"Beaver County, Utah"
12053,01,2053,0.0568,0.0329,0.0542,0.059,0.1672,0.0832,0.0607,0.129,0.0515,0.0051,0.0497,0.0428,0.0248,0.0409,0.0444,0.126,0.0627,0.0457,0.0972,0.0388,0.0038,0.0374,0.0559,0.0742,0.1301,"Beaver County, Utah"
12054,01,2054,0.0571,0.033,0.0545,0.0593,0.1679,0.0836,0.0609,0.1295,0.0518,0.0051,0.0499,0.0433,0.025,0.0413,0.045,0.1273,0.0633,0.0462,0.0982,0.0392,0.0039,0.0378,0.0564,0.0745,0.1309,"Beaver County, Utah"
12055,01,2055,0.0573,0.0332,0.0547,0.0596,0.1687,0.0839,0.0612,0.1301,0.052,0.0051,0.0501,0.0437,0.0253,0.0417,0.0454,0.1285,0.0639,0.0466,0.0991,0.0397,0.0039,0.0382,0.0569,0.0747,0.1316,"Beaver County, Utah"
12056,01,2056,0.0576,0.0333,0.0549,0.0599,0.1693,0.0842,0.0614,0.1305,0.0522,0.0052,0.0503,0.0441,0.0255,0.0421,0.0459,0.1297,0.0645,0.0471,0.1,0.04,0.004,0.0385,0.0574,0.0749,0.1323,"Beaver County, Utah"
12057,01,2057,0.0577,0.0334,0.0551,0.0601,0.1699,0.0845,0.0616,0.1309,0.0524,0.0052,0.0504,0.0445,0.0257,0.0425,0.0463,0.1309,0.0651,0.0475,0.1009,0.0404,0.004,0.0389,0.0579,0.0752,0.1331,"Beaver County, Utah"
12058,01,2058,0.0579,0.0335,0.0553,0.0604,0.1704,0.0848,0.0618,0.1312,0.0525,0.0052,0.0506,0.0449,0.026,0.0428,0.0468,0.132,0.0657,0.0479,0.1017,0.0407,0.004,0.0392,0.0584,0.0754,0.1338,"Beaver County, Utah"
12059,01,2059,0.0581,0.0336,0.0554,0.0606,0.1709,0.0851,0.062,0.1316,0.0527,0.0052,0.0508,0.0452,0.0262,0.0432,0.0472,0.1331,0.0663,0.0483,0.1025,0.041,0.0041,0.0395,0.0589,0.0756,0.1345,"Beaver County, Utah"
12060,01,2060,0.0583,0.0337,0.0556,0.0609,0.1715,0.0854,0.0622,0.132,0.0529,0.0052,0.0509,0.0456,0.0264,0.0435,0.0477,0.1342,0.0668,0.0487,0.1033,0.0414,0.0041,0.0399,0.0594,0.0759,0.1353,"Beaver County, Utah"
12061,01,2061,0.0585,0.0338,0.0558,0.0611,0.172,0.0856,0.0624,0.1323,0.0531,0.0052,0.0511,0.046,0.0266,0.0439,0.0481,0.1353,0.0674,0.0491,0.1041,0.0418,0.0041,0.0402,0.0599,0.0761,0.136,"Beaver County, Utah"
12062,01,2062,0.0586,0.0339,0.056,0.0614,0.1725,0.0859,0.0626,0.1327,0.0532,0.0053,0.0512,0.0464,0.0268,0.0443,0.0485,0.1364,0.0679,0.0495,0.105,0.0421,0.0042,0.0405,0.0604,0.0763,0.1367,"Beaver County, Utah"
12063,01,2063,0.0588,0.034,0.0561,0.0616,0.173,0.0862,0.0628,0.1331,0.0535,0.0053,0.0514,0.0468,0.0271,0.0446,0.049,0.1375,0.0685,0.0499,0.1058,0.0425,0.0042,0.0408,0.0609,0.0766,0.1375,"Beaver County, Utah"
12064,01,2064,0.059,0.0341,0.0563,0.0619,0.1736,0.0864,0.063,0.1335,0.0536,0.0053,0.0515,0.0471,0.0273,0.045,0.0494,0.1386,0.069,0.0503,0.1066,0.0428,0.0042,0.0412,0.0614,0.0768,0.1382,"Beaver County, Utah"
12065,01,2065,0.0592,0.0342,0.0565,0.0621,0.174,0.0866,0.0632,0.1338,0.0538,0.0053,0.0517,0.0475,0.0275,0.0453,0.0498,0.1397,0.0695,0.0507,0.1074,0.0432,0.0043,0.0415,0.0619,0.0771,0.139,"Beaver County, Utah"
32023,03,2023,0.0699,0.0405,0.0667,0.0733,0.2058,0.0964,0.0747,0.1628,0.0598,0.0063,0.0611,0.0253,0.0146,0.0241,0.0265,0.0744,0.0348,0.027,0.0588,0.0216,0.0023,0.0221,0.0333,0.0921,0.1254,"Box Elder County, Utah"
32024,03,2024,0.0671,0.0388,0.064,0.0699,0.1975,0.0925,0.0717,0.1537,0.0574,0.006,0.0586,0.0251,0.0145,0.0239,0.0261,0.0737,0.0345,0.0268,0.0574,0.0214,0.0022,0.0219,0.0327,0.0875,0.1202,"Box Elder County, Utah"
32025,03,2025,0.0618,0.0358,0.059,0.0641,0.1819,0.0852,0.066,0.1417,0.0528,0.0055,0.054,0.0268,0.0155,0.0256,0.0279,0.079,0.037,0.0287,0.0615,0.0229,0.0024,0.0235,0.035,0.0806,0.1156,"Box Elder County, Utah"
32026,03,2026,0.059,0.0341,0.0563,0.061,0.1734,0.0812,0.0629,0.135,0.0504,0.0053,0.0515,0.0271,0.0157,0.0258,0.028,0.0796,0.0373,0.0289,0.062,0.0231,0.0024,0.0237,0.0353,0.0768,0.1121,"Box Elder County, Utah"
32027,03,2027,0.0569,0.0329,0.0543,0.0588,0.1674,0.0784,0.0607,0.1297,0.0486,0.0051,0.0497,0.0273,0.0158,0.0261,0.0283,0.0804,0.0377,0.0292,0.0623,0.0234,0.0025,0.0239,0.0355,0.0739,0.1094,"Box Elder County, Utah"
32028,03,2028,0.0553,0.032,0.0528,0.0571,0.1628,0.0763,0.0591,0.1256,0.0472,0.005,0.0484,0.0276,0.016,0.0263,0.0285,0.0812,0.0381,0.0295,0.0626,0.0236,0.0025,0.0241,0.0358,0.0718,0.1076,"Box Elder County, Utah"
32029,03,2029,0.0541,0.0313,0.0517,0.0558,0.1593,0.0747,0.0578,0.1226,0.0462,0.0049,0.0473,0.0279,0.0161,0.0266,0.0287,0.082,0.0385,0.0297,0.0631,0.0238,0.0025,0.0243,0.0362,0.0703,0.1065,"Box Elder County, Utah"
32030,03,2030,0.0532,0.0308,0.0508,0.0548,0.1566,0.0736,0.0568,0.1205,0.0454,0.0048,0.0465,0.0281,0.0163,0.0268,0.029,0.0827,0.0389,0.03,0.0637,0.024,0.0025,0.0246,0.0365,0.0691,0.1056,"Box Elder County, Utah"
32031,03,2031,0.0534,0.0309,0.051,0.055,0.1572,0.0739,0.057,0.1209,0.0455,0.0048,0.0467,0.0284,0.0165,0.0271,0.0293,0.0837,0.0393,0.0304,0.0644,0.0242,0.0026,0.0249,0.0369,0.0694,0.1063,"Box Elder County, Utah"
32032,03,2032,0.0536,0.031,0.0511,0.0551,0.1576,0.0742,0.0572,0.1214,0.0456,0.0048,0.0468,0.0288,0.0166,0.0274,0.0296,0.0846,0.0398,0.0307,0.0651,0.0245,0.0026,0.0251,0.0374,0.0696,0.107,"Box Elder County, Utah"
32033,03,2033,0.0537,0.0311,0.0513,0.0552,0.1581,0.0745,0.0574,0.1216,0.0457,0.0048,0.047,0.0291,0.0168,0.0277,0.0299,0.0855,0.0403,0.031,0.0658,0.0247,0.0026,0.0254,0.0378,0.0699,0.1077,"Box Elder County, Utah"
32034,03,2034,0.0538,0.0312,0.0514,0.0554,0.1584,0.0748,0.0575,0.1216,0.0458,0.0048,0.047,0.0294,0.017,0.028,0.0302,0.0864,0.0408,0.0313,0.0663,0.025,0.0026,0.0256,0.0382,0.0701,0.1083,"Box Elder County, Utah"
32035,03,2035,0.054,0.0312,0.0515,0.0557,0.1588,0.0751,0.0576,0.1226,0.0459,0.0048,0.0472,0.0297,0.0172,0.0283,0.0306,0.0873,0.0413,0.0317,0.0674,0.0252,0.0027,0.0259,0.0387,0.0704,0.1091,"Box Elder County, Utah"
32036,03,2036,0.0541,0.0313,0.0516,0.056,0.1592,0.0754,0.0578,0.123,0.0459,0.0049,0.0473,0.03,0.0173,0.0286,0.031,0.0881,0.0417,0.032,0.0681,0.0254,0.0027,0.0262,0.0391,0.0706,0.1097,"Box Elder County, Utah"
32037,03,2037,0.0542,0.0314,0.0518,0.0562,0.1596,0.0756,0.0579,0.1233,0.046,0.0049,0.0474,0.0303,0.0175,0.0289,0.0313,0.089,0.0422,0.0323,0.0687,0.0257,0.0027,0.0264,0.0395,0.0709,0.1104,"Box Elder County, Utah"
32038,03,2038,0.0544,0.0315,0.0519,0.0564,0.1599,0.0758,0.058,0.1235,0.046,0.0049,0.0475,0.0305,0.0177,0.0291,0.0317,0.0898,0.0426,0.0326,0.0694,0.0259,0.0027,0.0267,0.04,0.0711,0.1111,"Box Elder County, Utah"
32039,03,2039,0.0545,0.0315,0.052,0.0567,0.1602,0.0761,0.0581,0.1238,0.0461,0.0049,0.0476,0.0308,0.0178,0.0294,0.0321,0.0906,0.043,0.0329,0.07,0.0261,0.0028,0.0269,0.0404,0.0714,0.1118,"Box Elder County, Utah"
32040,03,2040,0.0546,0.0316,0.0521,0.0569,0.1606,0.0763,0.0583,0.124,0.0462,0.0049,0.0477,0.0311,0.018,0.0297,0.0324,0.0915,0.0435,0.0332,0.0706,0.0263,0.0028,0.0272,0.0408,0.0716,0.1124,"Box Elder County, Utah"
32041,03,2041,0.0547,0.0317,0.0522,0.0571,0.161,0.0765,0.0584,0.1242,0.0462,0.0049,0.0478,0.0314,0.0182,0.03,0.0328,0.0923,0.0439,0.0335,0.0713,0.0265,0.0028,0.0274,0.0412,0.0719,0.1131,"Box Elder County, Utah"
32042,03,2042,0.0548,0.0317,0.0523,0.0573,0.1613,0.0767,0.0585,0.1244,0.0463,0.0049,0.0479,0.0317,0.0183,0.0302,0.0331,0.0932,0.0443,0.0338,0.0719,0.0267,0.0028,0.0277,0.0417,0.0721,0.1138,"Box Elder County, Utah"
32043,03,2043,0.055,0.0318,0.0524,0.0575,0.1616,0.077,0.0587,0.1247,0.0464,0.0049,0.048,0.032,0.0185,0.0305,0.0335,0.094,0.0447,0.0341,0.0725,0.027,0.0029,0.0279,0.0421,0.0724,0.1145,"Box Elder County, Utah"
32044,03,2044,0.0551,0.0319,0.0525,0.0578,0.162,0.0771,0.0588,0.1249,0.0464,0.0049,0.0481,0.0322,0.0187,0.0308,0.0338,0.0948,0.0451,0.0344,0.0731,0.0272,0.0029,0.0282,0.0425,0.0727,0.1152,"Box Elder County, Utah"
32045,03,2045,0.0552,0.0319,0.0527,0.058,0.1624,0.0773,0.0589,0.1252,0.0465,0.0049,0.0482,0.0325,0.0188,0.031,0.0342,0.0956,0.0456,0.0347,0.0738,0.0274,0.0029,0.0284,0.0429,0.0729,0.1158,"Box Elder County, Utah"
32046,03,2046,0.0553,0.032,0.0528,0.0582,0.1628,0.0776,0.0591,0.1255,0.0466,0.005,0.0483,0.0328,0.019,0.0313,0.0345,0.0965,0.046,0.035,0.0744,0.0276,0.0029,0.0287,0.0434,0.0732,0.1166,"Box Elder County, Utah"
32047,03,2047,0.0555,0.0321,0.053,0.0585,0.1632,0.0778,0.0592,0.1259,0.0467,0.005,0.0485,0.0331,0.0192,0.0316,0.0349,0.0974,0.0464,0.0353,0.0751,0.0279,0.003,0.0289,0.0438,0.0734,0.1172,"Box Elder County, Utah"
32048,03,2048,0.0557,0.0322,0.0531,0.0588,0.1637,0.078,0.0594,0.1262,0.0468,0.005,0.0486,0.0334,0.0193,0.0319,0.0353,0.0983,0.0468,0.0357,0.0758,0.0281,0.003,0.0292,0.0442,0.0737,0.1179,"Box Elder County, Utah"
32049,03,2049,0.0559,0.0323,0.0533,0.059,0.1643,0.0783,0.0596,0.1266,0.0469,0.005,0.0488,0.0337,0.0195,0.0322,0.0357,0.0992,0.0473,0.036,0.0765,0.0283,0.003,0.0295,0.0447,0.0739,0.1186,"Box Elder County, Utah"
32050,03,2050,0.056,0.0324,0.0535,0.0593,0.1648,0.0785,0.0598,0.127,0.047,0.005,0.049,0.0341,0.0197,0.0325,0.0361,0.1002,0.0477,0.0364,0.0772,0.0286,0.0031,0.0298,0.0451,0.0742,0.1193,"Box Elder County, Utah"
32051,03,2051,0.0563,0.0326,0.0537,0.0596,0.1655,0.0788,0.0601,0.1274,0.0472,0.005,0.0491,0.0344,0.0199,0.0328,0.0365,0.1011,0.0482,0.0367,0.0779,0.0288,0.0031,0.03,0.0455,0.0744,0.1199,"Box Elder County, Utah"
32052,03,2052,0.0565,0.0327,0.0539,0.06,0.1661,0.0791,0.0603,0.1279,0.0474,0.0051,0.0493,0.0347,0.0201,0.0331,0.0369,0.1021,0.0486,0.0371,0.0786,0.0291,0.0031,0.0303,0.0459,0.0747,0.1206,"Box Elder County, Utah"
32053,03,2053,0.0567,0.0328,0.0541,0.0603,0.1667,0.0794,0.0605,0.1283,0.0475,0.0051,0.0495,0.035,0.0203,0.0334,0.0373,0.1031,0.0491,0.0374,0.0793,0.0294,0.0031,0.0306,0.0464,0.075,0.1214,"Box Elder County, Utah"
32054,03,2054,0.0569,0.0329,0.0543,0.0606,0.1673,0.0797,0.0607,0.1288,0.0476,0.0051,0.0497,0.0354,0.0205,0.0338,0.0377,0.104,0.0496,0.0378,0.0801,0.0296,0.0032,0.0309,0.0468,0.0752,0.122,"Box Elder County, Utah"
32055,03,2055,0.0571,0.033,0.0545,0.0609,0.1679,0.08,0.061,0.1292,0.0478,0.0051,0.0499,0.0357,0.0207,0.0341,0.0381,0.105,0.05,0.0381,0.0808,0.0299,0.0032,0.0312,0.0472,0.0755,0.1227,"Box Elder County, Utah"
32056,03,2056,0.0573,0.0332,0.0547,0.0612,0.1685,0.0802,0.0612,0.1296,0.0479,0.0051,0.0501,0.036,0.0209,0.0344,0.0385,0.106,0.0504,0.0385,0.0815,0.0301,0.0032,0.0315,0.0476,0.0757,0.1233,"Box Elder County, Utah"
32057,03,2057,0.0575,0.0333,0.0548,0.0615,0.169,0.0805,0.0614,0.1299,0.048,0.0052,0.0502,0.0363,0.021,0.0347,0.0389,0.1069,0.0509,0.0388,0.0822,0.0304,0.0033,0.0317,0.048,0.076,0.124,"Box Elder County, Utah"
32058,03,2058,0.0577,0.0334,0.055,0.0618,0.1696,0.0807,0.0616,0.1303,0.0482,0.0052,0.0504,0.0367,0.0212,0.035,0.0393,0.1078,0.0513,0.0391,0.0828,0.0306,0.0033,0.032,0.0485,0.0762,0.1247,"Box Elder County, Utah"
32059,03,2059,0.0578,0.0335,0.0552,0.0621,0.1701,0.081,0.0618,0.1306,0.0483,0.0052,0.0505,0.037,0.0214,0.0353,0.0397,0.1087,0.0518,0.0395,0.0835,0.0308,0.0033,0.0323,0.0489,0.0765,0.1254,"Box Elder County, Utah"
32060,03,2060,0.058,0.0336,0.0554,0.0623,0.1707,0.0813,0.0619,0.131,0.0484,0.0052,0.0507,0.0373,0.0216,0.0356,0.0401,0.1096,0.0522,0.0398,0.0841,0.0311,0.0033,0.0326,0.0493,0.0768,0.1261,"Box Elder County, Utah"
32061,03,2061,0.0582,0.0337,0.0556,0.0626,0.1712,0.0816,0.0621,0.1313,0.0485,0.0052,0.0509,0.0376,0.0218,0.0359,0.0404,0.1105,0.0527,0.0401,0.0848,0.0313,0.0034,0.0328,0.0497,0.077,0.1267,"Box Elder County, Utah"
32062,03,2062,0.0584,0.0338,0.0557,0.0629,0.1717,0.0818,0.0623,0.1317,0.0486,0.0052,0.051,0.0379,0.0219,0.0362,0.0408,0.1115,0.0531,0.0405,0.0855,0.0315,0.0034,0.0331,0.0502,0.0773,0.1275,"Box Elder County, Utah"
32063,03,2063,0.0586,0.0339,0.0559,0.0632,0.1723,0.0821,0.0625,0.132,0.0487,0.0053,0.0512,0.0382,0.0221,0.0365,0.0412,0.1124,0.0536,0.0408,0.0861,0.0318,0.0034,0.0334,0.0506,0.0775,0.1281,"Box Elder County, Utah"
32064,03,2064,0.0588,0.034,0.0561,0.0635,0.1728,0.0824,0.0627,0.1324,0.0488,0.0053,0.0513,0.0385,0.0223,0.0368,0.0416,0.1133,0.054,0.0411,0.0868,0.032,0.0035,0.0337,0.051,0.0778,0.1288,"Box Elder County, Utah"
32065,03,2065,0.059,0.0341,0.0563,0.0638,0.1734,0.0827,0.0629,0.1328,0.049,0.0053,0.0515,0.0388,0.0225,0.0371,0.042,0.1142,0.0545,0.0415,0.0874,0.0322,0.0035,0.0339,0.0514,0.0781,0.1295,"Box Elder County, Utah"
52023,05,2023,0.0747,0.0432,0.0713,0.0868,0.2196,0.1053,0.0797,0.175,0.0609,0.0067,0.0652,0.0178,0.0103,0.017,0.0207,0.0523,0.0251,0.019,0.0417,0.0145,0.0016,0.0155,0.0277,0.1163,0.144,"Cache County, Utah"
52024,05,2024,0.0708,0.041,0.0676,0.083,0.2083,0.1001,0.0756,0.1647,0.0578,0.0064,0.0619,0.0174,0.0101,0.0166,0.0204,0.0513,0.0246,0.0186,0.0405,0.0142,0.0016,0.0152,0.0273,0.1108,0.1381,"Cache County, Utah"
52025,05,2025,0.066,0.0382,0.063,0.0772,0.1942,0.0934,0.0705,0.1537,0.0538,0.0059,0.0577,0.0189,0.0109,0.018,0.0221,0.0555,0.0267,0.0202,0.0439,0.0154,0.0017,0.0165,0.0295,0.1033,0.1328,"Cache County, Utah"
52026,05,2026,0.0633,0.0366,0.0604,0.074,0.1861,0.0895,0.0676,0.1471,0.0516,0.0057,0.0553,0.0191,0.0111,0.0183,0.0224,0.0563,0.0271,0.0204,0.0445,0.0156,0.0017,0.0167,0.0299,0.0988,0.1287,"Cache County, Utah"
52027,05,2027,0.0614,0.0355,0.0586,0.0717,0.1805,0.0868,0.0655,0.142,0.05,0.0055,0.0536,0.0194,0.0112,0.0185,0.0227,0.0571,0.0275,0.0207,0.0449,0.0158,0.0017,0.017,0.0302,0.0955,0.1257,"Cache County, Utah"
52028,05,2028,0.0599,0.0347,0.0572,0.07,0.1763,0.0849,0.064,0.1379,0.0488,0.0054,0.0524,0.0197,0.0114,0.0188,0.023,0.0579,0.0279,0.021,0.0453,0.016,0.0018,0.0172,0.0306,0.0931,0.1237,"Cache County, Utah"
52029,05,2029,0.0588,0.034,0.0561,0.0687,0.173,0.0833,0.0628,0.135,0.0479,0.0053,0.0514,0.0199,0.0115,0.019,0.0233,0.0586,0.0282,0.0213,0.0458,0.0162,0.0018,0.0174,0.031,0.0913,0.1223,"Cache County, Utah"
52030,05,2030,0.058,0.0336,0.0553,0.0678,0.1706,0.0822,0.0619,0.1331,0.0472,0.0052,0.0507,0.0202,0.0117,0.0193,0.0236,0.0593,0.0286,0.0215,0.0463,0.0164,0.0018,0.0176,0.0313,0.09,0.1213,"Cache County, Utah"
52031,05,2031,0.0582,0.0337,0.0556,0.0682,0.1713,0.0827,0.0622,0.1336,0.0473,0.0052,0.0509,0.0204,0.0118,0.0195,0.0239,0.0601,0.029,0.0218,0.0469,0.0166,0.0018,0.0179,0.0317,0.0904,0.1221,"Cache County, Utah"
52032,05,2032,0.0585,0.0338,0.0558,0.0685,0.172,0.0831,0.0624,0.1342,0.0475,0.0052,0.0511,0.0207,0.012,0.0197,0.0242,0.0608,0.0294,0.0221,0.0475,0.0168,0.0019,0.0181,0.0321,0.0908,0.1229,"Cache County, Utah"
52033,05,2033,0.0587,0.034,0.056,0.0688,0.1727,0.0835,0.0627,0.1346,0.0476,0.0053,0.0513,0.0209,0.0121,0.02,0.0245,0.0615,0.0298,0.0223,0.048,0.017,0.0019,0.0183,0.0325,0.0912,0.1237,"Cache County, Utah"
52034,05,2034,0.0589,0.0341,0.0563,0.0692,0.1734,0.0839,0.0629,0.1347,0.0478,0.0053,0.0515,0.0212,0.0123,0.0202,0.0249,0.0623,0.0301,0.0226,0.0484,0.0172,0.0019,0.0185,0.0329,0.0916,0.1245,"Cache County, Utah"
52035,05,2035,0.0591,0.0342,0.0564,0.0695,0.1737,0.0842,0.063,0.1359,0.0478,0.0053,0.0516,0.0214,0.0124,0.0204,0.0252,0.0629,0.0305,0.0228,0.0492,0.0173,0.0019,0.0187,0.0333,0.092,0.1253,"Cache County, Utah"
52036,05,2036,0.0593,0.0343,0.0565,0.0699,0.1743,0.0846,0.0633,0.1364,0.0479,0.0053,0.0518,0.0216,0.0125,0.0206,0.0255,0.0636,0.0308,0.0231,0.0497,0.0175,0.0019,0.0189,0.0337,0.0924,0.1261,"Cache County, Utah"
52037,05,2037,0.0595,0.0344,0.0568,0.0703,0.1749,0.0849,0.0635,0.137,0.0481,0.0053,0.052,0.0218,0.0126,0.0208,0.0258,0.0643,0.0312,0.0233,0.0503,0.0177,0.002,0.0191,0.0341,0.0928,0.1269,"Cache County, Utah"
52038,05,2038,0.0597,0.0345,0.0569,0.0707,0.1755,0.0853,0.0637,0.1374,0.0482,0.0053,0.0521,0.0221,0.0128,0.0211,0.0261,0.0649,0.0316,0.0236,0.0509,0.0178,0.002,0.0193,0.0345,0.0932,0.1277,"Cache County, Utah"
52039,05,2039,0.0599,0.0347,0.0571,0.071,0.1761,0.0856,0.0639,0.1379,0.0483,0.0054,0.0523,0.0223,0.0129,0.0213,0.0265,0.0656,0.0319,0.0238,0.0514,0.018,0.002,0.0195,0.0349,0.0935,0.1284,"Cache County, Utah"
52040,05,2040,0.0601,0.0348,0.0573,0.0714,0.1768,0.086,0.0642,0.1384,0.0484,0.0054,0.0525,0.0226,0.0131,0.0215,0.0268,0.0663,0.0323,0.0241,0.0519,0.0182,0.002,0.0197,0.0352,0.0939,0.1291,"Cache County, Utah"
52041,05,2041,0.0603,0.0349,0.0576,0.0717,0.1774,0.0864,0.0644,0.1389,0.0485,0.0054,0.0527,0.0228,0.0132,0.0217,0.0271,0.067,0.0326,0.0243,0.0525,0.0183,0.002,0.0199,0.0356,0.0943,0.1299,"Cache County, Utah"
52042,05,2042,0.0605,0.035,0.0577,0.0721,0.178,0.0867,0.0646,0.1393,0.0487,0.0054,0.0529,0.023,0.0133,0.022,0.0274,0.0677,0.033,0.0246,0.053,0.0185,0.0021,0.0201,0.036,0.0947,0.1307,"Cache County, Utah"
52043,05,2043,0.0607,0.0351,0.0579,0.0724,0.1786,0.087,0.0648,0.1398,0.0488,0.0054,0.053,0.0233,0.0135,0.0222,0.0277,0.0684,0.0333,0.0248,0.0535,0.0187,0.0021,0.0203,0.0364,0.0951,0.1315,"Cache County, Utah"
52044,05,2044,0.0609,0.0353,0.0581,0.0727,0.1792,0.0873,0.065,0.1402,0.0489,0.0055,0.0532,0.0235,0.0136,0.0224,0.028,0.0691,0.0337,0.0251,0.0541,0.0188,0.0021,0.0205,0.0368,0.0955,0.1323,"Cache County, Utah"
52045,05,2045,0.0611,0.0354,0.0583,0.073,0.1798,0.0877,0.0653,0.1407,0.049,0.0055,0.0534,0.0237,0.0137,0.0226,0.0283,0.0698,0.034,0.0253,0.0546,0.019,0.0021,0.0207,0.0372,0.0959,0.1331,"Cache County, Utah"
52046,05,2046,0.0613,0.0355,0.0585,0.0733,0.1804,0.088,0.0655,0.1412,0.0491,0.0055,0.0536,0.024,0.0139,0.0229,0.0286,0.0704,0.0344,0.0256,0.0552,0.0192,0.0021,0.0209,0.0376,0.0963,0.1339,"Cache County, Utah"
52047,05,2047,0.0615,0.0356,0.0587,0.0737,0.181,0.0883,0.0657,0.1417,0.0493,0.0055,0.0538,0.0242,0.014,0.0231,0.029,0.0711,0.0347,0.0258,0.0557,0.0194,0.0022,0.0211,0.038,0.0967,0.1347,"Cache County, Utah"
52048,05,2048,0.0618,0.0357,0.0589,0.074,0.1816,0.0886,0.0659,0.1422,0.0494,0.0055,0.054,0.0244,0.0141,0.0233,0.0293,0.0718,0.035,0.0261,0.0562,0.0195,0.0022,0.0213,0.0384,0.0971,0.1355,"Cache County, Utah"
52049,05,2049,0.062,0.0359,0.0591,0.0744,0.1823,0.089,0.0662,0.1426,0.0495,0.0056,0.0542,0.0247,0.0143,0.0235,0.0296,0.0725,0.0354,0.0263,0.0567,0.0197,0.0022,0.0215,0.0388,0.0975,0.1363,"Cache County, Utah"
52050,05,2050,0.0622,0.036,0.0594,0.0747,0.183,0.0893,0.0664,0.1432,0.0497,0.0056,0.0544,0.0249,0.0144,0.0238,0.0299,0.0732,0.0357,0.0266,0.0573,0.0199,0.0022,0.0218,0.0392,0.0978,0.137,"Cache County, Utah"
52051,05,2051,0.0625,0.0362,0.0596,0.0751,0.1837,0.0897,0.0667,0.1437,0.0499,0.0056,0.0546,0.0252,0.0146,0.024,0.0302,0.074,0.0361,0.0269,0.0579,0.0201,0.0023,0.022,0.0396,0.0982,0.1378,"Cache County, Utah"
52052,05,2052,0.0627,0.0363,0.0599,0.0755,0.1845,0.0901,0.067,0.1444,0.0501,0.0056,0.0548,0.0254,0.0147,0.0242,0.0306,0.0747,0.0365,0.0271,0.0585,0.0203,0.0023,0.0222,0.0399,0.0986,0.1385,"Cache County, Utah"
52053,05,2053,0.063,0.0365,0.0601,0.0759,0.1853,0.0905,0.0673,0.145,0.0502,0.0056,0.0551,0.0257,0.0149,0.0245,0.0309,0.0755,0.0368,0.0274,0.0591,0.0205,0.0023,0.0224,0.0403,0.099,0.1393,"Cache County, Utah"
52054,05,2054,0.0633,0.0366,0.0604,0.0763,0.1861,0.0909,0.0676,0.1456,0.0504,0.0057,0.0553,0.0259,0.015,0.0247,0.0313,0.0762,0.0372,0.0277,0.0596,0.0206,0.0023,0.0226,0.0407,0.0994,0.1401,"Cache County, Utah"
52055,05,2055,0.0636,0.0368,0.0607,0.0767,0.1869,0.0913,0.0679,0.1462,0.0506,0.0057,0.0555,0.0262,0.0152,0.025,0.0316,0.077,0.0376,0.028,0.0602,0.0208,0.0023,0.0229,0.0411,0.0998,0.1409,"Cache County, Utah"
52056,05,2056,0.0638,0.0369,0.0609,0.0771,0.1877,0.0916,0.0681,0.1468,0.0508,0.0057,0.0558,0.0264,0.0153,0.0252,0.0319,0.0777,0.038,0.0282,0.0608,0.021,0.0024,0.0231,0.0415,0.1002,0.1417,"Cache County, Utah"
52057,05,2057,0.0641,0.0371,0.0611,0.0775,0.1884,0.092,0.0684,0.1473,0.0509,0.0057,0.056,0.0267,0.0154,0.0255,0.0323,0.0785,0.0383,0.0285,0.0614,0.0212,0.0024,0.0233,0.0419,0.1006,0.1425,"Cache County, Utah"
52058,05,2058,0.0643,0.0372,0.0614,0.0778,0.1892,0.0924,0.0687,0.1479,0.0511,0.0058,0.0562,0.0269,0.0156,0.0257,0.0326,0.0792,0.0387,0.0288,0.0619,0.0214,0.0024,0.0235,0.0423,0.101,0.1433,"Cache County, Utah"
52059,05,2059,0.0646,0.0374,0.0616,0.0782,0.1899,0.0927,0.0689,0.1484,0.0513,0.0058,0.0564,0.0272,0.0157,0.0259,0.0329,0.0799,0.039,0.029,0.0625,0.0216,0.0024,0.0237,0.0427,0.1014,0.1441,"Cache County, Utah"
52060,05,2060,0.0648,0.0375,0.0619,0.0786,0.1906,0.0931,0.0692,0.1489,0.0514,0.0058,0.0566,0.0274,0.0159,0.0262,0.0332,0.0807,0.0394,0.0293,0.063,0.0217,0.0025,0.024,0.0431,0.1018,0.1449,"Cache County, Utah"
52061,05,2061,0.0651,0.0377,0.0621,0.0789,0.1914,0.0935,0.0695,0.1494,0.0515,0.0058,0.0569,0.0277,0.016,0.0264,0.0336,0.0814,0.0398,0.0296,0.0635,0.0219,0.0025,0.0242,0.0435,0.1022,0.1457,"Cache County, Utah"
52062,05,2062,0.0653,0.0378,0.0623,0.0793,0.1921,0.0939,0.0698,0.1499,0.0517,0.0059,0.0571,0.0279,0.0162,0.0267,0.0339,0.0821,0.0401,0.0298,0.0641,0.0221,0.0025,0.0244,0.0438,0.1026,0.1464,"Cache County, Utah"
52063,05,2063,0.0656,0.038,0.0626,0.0797,0.1929,0.0943,0.07,0.1505,0.0518,0.0059,0.0573,0.0282,0.0163,0.0269,0.0342,0.0829,0.0405,0.0301,0.0646,0.0223,0.0025,0.0246,0.0442,0.103,0.1472,"Cache County, Utah"
52064,05,2064,0.0659,0.0381,0.0628,0.0801,0.1936,0.0947,0.0703,0.151,0.052,0.0059,0.0575,0.0284,0.0165,0.0271,0.0346,0.0836,0.0409,0.0304,0.0652,0.0225,0.0025,0.0248,0.0446,0.1033,0.1479,"Cache County, Utah"
52065,05,2065,0.0661,0.0383,0.0631,0.0804,0.1944,0.0951,0.0706,0.1515,0.0522,0.0059,0.0578,0.0287,0.0166,0.0274,0.0349,0.0843,0.0413,0.0306,0.0657,0.0226,0.0026,0.0251,0.045,0.1037,0.1487,"Cache County, Utah"
72023,07,2023,0.0699,0.0404,0.0667,0.0775,0.2057,0.1001,0.0746,0.154,0.0515,0.0063,0.061,0.0308,0.0178,0.0294,0.0341,0.0906,0.0441,0.0329,0.0678,0.0227,0.0028,0.0269,0.0411,0.0934,0.1345,"Carbon County, Utah"
72024,07,2024,0.0648,0.0375,0.0619,0.0722,0.1908,0.0931,0.0692,0.1446,0.0477,0.0058,0.0566,0.0295,0.0171,0.0282,0.0329,0.0868,0.0424,0.0315,0.0658,0.0217,0.0026,0.0258,0.0403,0.0886,0.1289,"Carbon County, Utah"
72025,07,2025,0.0592,0.0343,0.0565,0.0658,0.1742,0.085,0.0632,0.1321,0.0435,0.0053,0.0517,0.0313,0.0181,0.0299,0.0348,0.0922,0.045,0.0334,0.0699,0.023,0.0028,0.0274,0.0429,0.0811,0.124,"Carbon County, Utah"
72026,07,2026,0.0563,0.0326,0.0537,0.0627,0.1657,0.0809,0.0601,0.1257,0.0413,0.005,0.0492,0.0315,0.0182,0.0301,0.0351,0.0927,0.0453,0.0336,0.0703,0.0231,0.0028,0.0275,0.0431,0.0771,0.1202,"Carbon County, Utah"
72027,07,2027,0.0542,0.0314,0.0518,0.0604,0.1596,0.0779,0.0579,0.1206,0.0398,0.0049,0.0474,0.0318,0.0184,0.0303,0.0354,0.0935,0.0456,0.0339,0.0706,0.0233,0.0028,0.0278,0.0434,0.0741,0.1175,"Carbon County, Utah"
72028,07,2028,0.0525,0.0304,0.0501,0.0584,0.1543,0.0753,0.056,0.1162,0.0384,0.0047,0.0458,0.0319,0.0185,0.0304,0.0355,0.0938,0.0458,0.034,0.0706,0.0234,0.0029,0.0279,0.0437,0.0718,0.1155,"Carbon County, Utah"
72029,07,2029,0.0509,0.0294,0.0486,0.0567,0.1497,0.0731,0.0543,0.1127,0.0372,0.0046,0.0445,0.0319,0.0185,0.0304,0.0355,0.0939,0.0458,0.0341,0.0707,0.0233,0.0029,0.0279,0.044,0.0702,0.1142,"Carbon County, Utah"
72030,07,2030,0.0497,0.0288,0.0474,0.0554,0.1462,0.0714,0.0531,0.1103,0.0363,0.0045,0.0434,0.032,0.0185,0.0305,0.0357,0.0941,0.0459,0.0342,0.071,0.0233,0.0029,0.0279,0.0444,0.0689,0.1133,"Carbon County, Utah"
72031,07,2031,0.0497,0.0288,0.0475,0.0555,0.1463,0.0714,0.0531,0.1105,0.0362,0.0045,0.0434,0.0323,0.0187,0.0308,0.036,0.095,0.0464,0.0345,0.0717,0.0235,0.0029,0.0282,0.0449,0.0692,0.1141,"Carbon County, Utah"
72032,07,2032,0.0498,0.0288,0.0476,0.0557,0.1466,0.0716,0.0532,0.1109,0.0362,0.0045,0.0435,0.0326,0.0189,0.0311,0.0364,0.0959,0.0468,0.0348,0.0726,0.0237,0.0029,0.0285,0.0454,0.0694,0.1148,"Carbon County, Utah"
72033,07,2033,0.05,0.0289,0.0477,0.0559,0.147,0.0718,0.0533,0.1114,0.0363,0.0045,0.0437,0.0329,0.0191,0.0314,0.0369,0.0969,0.0473,0.0352,0.0734,0.0239,0.003,0.0288,0.0459,0.0696,0.1155,"Carbon County, Utah"
72034,07,2034,0.0501,0.029,0.0478,0.0562,0.1473,0.072,0.0534,0.1116,0.0362,0.0045,0.0437,0.0333,0.0192,0.0317,0.0373,0.0979,0.0478,0.0355,0.0742,0.024,0.003,0.0291,0.0464,0.0698,0.1162,"Carbon County, Utah"
72035,07,2035,0.0501,0.029,0.0479,0.0564,0.1475,0.0721,0.0535,0.1123,0.0362,0.0045,0.0438,0.0336,0.0194,0.032,0.0378,0.0988,0.0483,0.0358,0.0752,0.0242,0.003,0.0293,0.0469,0.0701,0.117,"Carbon County, Utah"
72036,07,2036,0.0502,0.029,0.0479,0.0566,0.1476,0.0722,0.0536,0.1125,0.0361,0.0045,0.0438,0.0338,0.0196,0.0323,0.0382,0.0996,0.0487,0.0361,0.0759,0.0244,0.003,0.0296,0.0474,0.0703,0.1177,"Carbon County, Utah"
72037,07,2037,0.0502,0.0291,0.0479,0.0568,0.1478,0.0723,0.0536,0.1128,0.0361,0.0045,0.0439,0.0341,0.0198,0.0326,0.0386,0.1004,0.0491,0.0364,0.0766,0.0245,0.0031,0.0298,0.0479,0.0705,0.1184,"Carbon County, Utah"
72038,07,2038,0.0503,0.0291,0.048,0.057,0.1479,0.0724,0.0537,0.1129,0.036,0.0045,0.0439,0.0344,0.0199,0.0328,0.039,0.1013,0.0496,0.0367,0.0773,0.0247,0.0031,0.0301,0.0484,0.0708,0.1192,"Carbon County, Utah"
72039,07,2039,0.0503,0.0291,0.048,0.0572,0.1481,0.0725,0.0537,0.1131,0.036,0.0045,0.044,0.0347,0.0201,0.0331,0.0394,0.1021,0.05,0.0371,0.078,0.0248,0.0031,0.0303,0.0489,0.071,0.1199,"Carbon County, Utah"
72040,07,2040,0.0504,0.0292,0.0481,0.0574,0.1483,0.0727,0.0538,0.1134,0.036,0.0045,0.0441,0.035,0.0203,0.0334,0.0398,0.103,0.0505,0.0374,0.0787,0.025,0.0031,0.0306,0.0494,0.0712,0.1206,"Carbon County, Utah"
72041,07,2041,0.0505,0.0292,0.0482,0.0576,0.1487,0.0729,0.0539,0.1136,0.036,0.0045,0.0441,0.0353,0.0204,0.0337,0.0403,0.1039,0.0509,0.0377,0.0794,0.0251,0.0032,0.0309,0.0499,0.0714,0.1213,"Carbon County, Utah"
72042,07,2042,0.0506,0.0293,0.0483,0.0578,0.149,0.073,0.0541,0.1139,0.036,0.0045,0.0442,0.0356,0.0206,0.034,0.0407,0.1048,0.0514,0.038,0.0802,0.0253,0.0032,0.0311,0.0504,0.0717,0.1221,"Carbon County, Utah"
72043,07,2043,0.0507,0.0294,0.0484,0.058,0.1493,0.0732,0.0542,0.1142,0.036,0.0045,0.0443,0.036,0.0208,0.0343,0.0411,0.1058,0.0519,0.0384,0.0809,0.0255,0.0032,0.0314,0.0509,0.0719,0.1228,"Carbon County, Utah"
72044,07,2044,0.0508,0.0294,0.0485,0.0582,0.1495,0.0734,0.0543,0.1145,0.036,0.0046,0.0444,0.0362,0.021,0.0346,0.0415,0.1066,0.0523,0.0387,0.0816,0.0257,0.0032,0.0317,0.0514,0.0721,0.1235,"Carbon County, Utah"
72045,07,2045,0.0509,0.0295,0.0486,0.0584,0.1498,0.0736,0.0544,0.1148,0.036,0.0046,0.0445,0.0366,0.0212,0.0349,0.0419,0.1076,0.0528,0.039,0.0824,0.0258,0.0033,0.0319,0.0519,0.0724,0.1243,"Carbon County, Utah"
72046,07,2046,0.051,0.0295,0.0487,0.0586,0.1501,0.0737,0.0545,0.1151,0.036,0.0046,0.0446,0.0369,0.0213,0.0352,0.0423,0.1085,0.0533,0.0394,0.0831,0.026,0.0033,0.0322,0.0524,0.0726,0.125,"Carbon County, Utah"
72047,07,2047,0.0512,0.0296,0.0488,0.0588,0.1505,0.0739,0.0546,0.1154,0.036,0.0046,0.0447,0.0372,0.0215,0.0355,0.0428,0.1094,0.0538,0.0397,0.0839,0.0262,0.0033,0.0325,0.0529,0.0728,0.1257,"Carbon County, Utah"
72048,07,2048,0.0513,0.0297,0.049,0.0591,0.151,0.0742,0.0548,0.1158,0.036,0.0046,0.0448,0.0375,0.0217,0.0358,0.0432,0.1104,0.0543,0.0401,0.0847,0.0263,0.0034,0.0328,0.0534,0.0731,0.1265,"Carbon County, Utah"
72049,07,2049,0.0515,0.0298,0.0491,0.0594,0.1514,0.0745,0.055,0.1162,0.0361,0.0046,0.045,0.0379,0.0219,0.0362,0.0437,0.1114,0.0548,0.0404,0.0855,0.0266,0.0034,0.0331,0.0539,0.0733,0.1272,"Carbon County, Utah"
72050,07,2050,0.0516,0.0299,0.0493,0.0596,0.1519,0.0747,0.0551,0.1166,0.0361,0.0046,0.0451,0.0382,0.0221,0.0365,0.0441,0.1124,0.0553,0.0408,0.0863,0.0267,0.0034,0.0334,0.0544,0.0735,0.1279,"Carbon County, Utah"
72051,07,2051,0.0518,0.03,0.0494,0.0599,0.1524,0.075,0.0553,0.117,0.0361,0.0046,0.0452,0.0386,0.0223,0.0368,0.0446,0.1135,0.0558,0.0412,0.0871,0.0269,0.0035,0.0337,0.0549,0.0738,0.1287,"Carbon County, Utah"
72052,07,2052,0.052,0.0301,0.0496,0.0602,0.1528,0.0752,0.0555,0.1174,0.0362,0.0047,0.0454,0.0389,0.0225,0.0371,0.0451,0.1145,0.0564,0.0416,0.088,0.0271,0.0035,0.034,0.0554,0.074,0.1294,"Carbon County, Utah"
72053,07,2053,0.0521,0.0302,0.0497,0.0604,0.1533,0.0755,0.0556,0.1178,0.0362,0.0047,0.0455,0.0393,0.0227,0.0375,0.0455,0.1155,0.0569,0.0419,0.0888,0.0273,0.0035,0.0343,0.0559,0.0742,0.1301,"Carbon County, Utah"
72054,07,2054,0.0523,0.0303,0.0499,0.0607,0.1538,0.0757,0.0558,0.1183,0.0363,0.0047,0.0457,0.0396,0.0229,0.0378,0.046,0.1166,0.0574,0.0423,0.0896,0.0275,0.0036,0.0346,0.0564,0.0745,0.1309,"Carbon County, Utah"
72055,07,2055,0.0525,0.0304,0.0501,0.0609,0.1543,0.076,0.056,0.1187,0.0363,0.0047,0.0458,0.04,0.0231,0.0381,0.0464,0.1176,0.0579,0.0427,0.0904,0.0277,0.0036,0.0349,0.0569,0.0747,0.1316,"Carbon County, Utah"
72056,07,2056,0.0526,0.0304,0.0502,0.0612,0.1547,0.0762,0.0561,0.119,0.0364,0.0047,0.0459,0.0403,0.0233,0.0385,0.0469,0.1185,0.0584,0.043,0.0912,0.0279,0.0036,0.0352,0.0574,0.0749,0.1323,"Carbon County, Utah"
72057,07,2057,0.0527,0.0305,0.0503,0.0613,0.155,0.0764,0.0563,0.1193,0.0363,0.0047,0.046,0.0406,0.0235,0.0387,0.0473,0.1194,0.0588,0.0433,0.0919,0.028,0.0036,0.0355,0.0579,0.0752,0.1331,"Carbon County, Utah"
72058,07,2058,0.0528,0.0306,0.0504,0.0615,0.1553,0.0765,0.0564,0.1195,0.0363,0.0047,0.0461,0.0409,0.0237,0.039,0.0477,0.1203,0.0593,0.0437,0.0926,0.0281,0.0037,0.0357,0.0584,0.0754,0.1338,"Carbon County, Utah"
72059,07,2059,0.0529,0.0306,0.0505,0.0617,0.1556,0.0767,0.0565,0.1198,0.0363,0.0047,0.0462,0.0412,0.0238,0.0393,0.0481,0.1212,0.0597,0.044,0.0933,0.0283,0.0037,0.036,0.0589,0.0756,0.1345,"Carbon County, Utah"
72060,07,2060,0.053,0.0307,0.0506,0.0619,0.156,0.0769,0.0566,0.1201,0.0363,0.0048,0.0463,0.0415,0.024,0.0396,0.0485,0.1221,0.0602,0.0443,0.094,0.0284,0.0037,0.0363,0.0594,0.0759,0.1353,"Carbon County, Utah"
72061,07,2061,0.0532,0.0308,0.0507,0.0622,0.1564,0.0771,0.0567,0.1204,0.0363,0.0048,0.0464,0.0418,0.0242,0.0399,0.0489,0.123,0.0607,0.0447,0.0948,0.0286,0.0037,0.0365,0.0599,0.0761,0.136,"Carbon County, Utah"
72062,07,2062,0.0533,0.0308,0.0508,0.0624,0.1567,0.0773,0.0569,0.1207,0.0363,0.0048,0.0466,0.0421,0.0244,0.0402,0.0493,0.1239,0.0612,0.045,0.0955,0.0287,0.0038,0.0368,0.0604,0.0763,0.1367,"Carbon County, Utah"
72063,07,2063,0.0534,0.0309,0.051,0.0626,0.1571,0.0775,0.057,0.121,0.0364,0.0048,0.0467,0.0425,0.0246,0.0405,0.0498,0.1249,0.0616,0.0453,0.0962,0.0289,0.0038,0.0371,0.0609,0.0766,0.1375,"Carbon County, Utah"
72064,07,2064,0.0535,0.031,0.0511,0.0628,0.1574,0.0777,0.0571,0.1213,0.0363,0.0048,0.0468,0.0428,0.0247,0.0408,0.0502,0.1258,0.0621,0.0456,0.0969,0.029,0.0038,0.0374,0.0614,0.0768,0.1382,"Carbon County, Utah"
72065,07,2065,0.0537,0.0311,0.0512,0.063,0.1578,0.0779,0.0573,0.1216,0.0364,0.0048,0.0469,0.0431,0.0249,0.0411,0.0506,0.1267,0.0625,0.046,0.0977,0.0292,0.0039,0.0376,0.0619,0.0771,0.139,"Carbon County, Utah"
92023,09,2023,0.0714,0.0413,0.0681,0.0699,0.2101,0.1042,0.0762,0.1509,0.0682,0.0064,0.0624,0.0314,0.0182,0.03,0.0308,0.0925,0.0459,0.0336,0.0664,0.03,0.0028,0.0275,0.0411,0.0934,0.1345,"Daggett County, Utah"
92024,09,2024,0.0682,0.0395,0.0651,0.0689,0.2006,0.0997,0.0728,0.141,0.0651,0.0061,0.0596,0.031,0.018,0.0296,0.0313,0.0913,0.0454,0.0331,0.0642,0.0296,0.0028,0.0271,0.0403,0.0886,0.1289,"Daggett County, Utah"
92025,09,2025,0.0622,0.036,0.0594,0.0626,0.183,0.091,0.0664,0.1295,0.0594,0.0056,0.0544,0.0329,0.0191,0.0314,0.0331,0.0969,0.0482,0.0352,0.0685,0.0314,0.003,0.0288,0.0429,0.0811,0.124,"Daggett County, Utah"
92026,09,2026,0.0591,0.0342,0.0564,0.0595,0.174,0.0865,0.0631,0.1223,0.0565,0.0053,0.0517,0.0331,0.0192,0.0316,0.0333,0.0974,0.0484,0.0353,0.0684,0.0316,0.003,0.0289,0.0431,0.0771,0.1202,"Daggett County, Utah"
92027,09,2027,0.0571,0.0331,0.0545,0.0575,0.168,0.0835,0.061,0.1159,0.0545,0.0051,0.0499,0.0335,0.0194,0.0319,0.0337,0.0984,0.0489,0.0357,0.0679,0.0319,0.003,0.0292,0.0434,0.0741,0.1175,"Daggett County, Utah"
92028,09,2028,0.0555,0.0321,0.0529,0.0558,0.1632,0.081,0.0592,0.1116,0.053,0.005,0.0485,0.0337,0.0195,0.0322,0.0339,0.0992,0.0493,0.036,0.0678,0.0322,0.003,0.0295,0.0437,0.0718,0.1155,"Daggett County, Utah"
92029,09,2029,0.0541,0.0313,0.0516,0.0543,0.1592,0.0791,0.0578,0.108,0.0517,0.0049,0.0473,0.0339,0.0196,0.0324,0.034,0.0998,0.0496,0.0362,0.0677,0.0324,0.003,0.0296,0.044,0.0702,0.1142,"Daggett County, Utah"
92030,09,2030,0.0527,0.0305,0.0503,0.0531,0.1551,0.0771,0.0563,0.1054,0.0503,0.0047,0.0461,0.0339,0.0196,0.0324,0.0342,0.0998,0.0496,0.0362,0.0679,0.0324,0.003,0.0296,0.0444,0.0689,0.1133,"Daggett County, Utah"
92031,09,2031,0.0528,0.0306,0.0504,0.0531,0.1553,0.0772,0.0564,0.1054,0.0504,0.0047,0.0461,0.0343,0.0198,0.0327,0.0345,0.1008,0.0501,0.0366,0.0684,0.0327,0.0031,0.0299,0.0449,0.0692,0.1141,"Daggett County, Utah"
92032,09,2032,0.0529,0.0306,0.0505,0.0533,0.1557,0.0774,0.0565,0.1057,0.0505,0.0047,0.0462,0.0346,0.02,0.033,0.0348,0.1019,0.0506,0.037,0.0691,0.0331,0.0031,0.0303,0.0454,0.0694,0.1148,"Daggett County, Utah"
92033,09,2033,0.0531,0.0307,0.0507,0.0534,0.1562,0.0776,0.0567,0.106,0.0507,0.0048,0.0464,0.035,0.0203,0.0334,0.0352,0.103,0.0512,0.0374,0.0699,0.0334,0.0031,0.0306,0.0459,0.0696,0.1155,"Daggett County, Utah"
92034,09,2034,0.0532,0.0308,0.0508,0.0536,0.1566,0.0779,0.0568,0.106,0.0508,0.0048,0.0465,0.0354,0.0205,0.0338,0.0356,0.1041,0.0517,0.0378,0.0705,0.0338,0.0032,0.0309,0.0464,0.0698,0.1162,"Daggett County, Utah"
92035,09,2035,0.0532,0.0308,0.0507,0.0537,0.1564,0.0779,0.0568,0.1068,0.0508,0.0048,0.0465,0.0356,0.0206,0.034,0.036,0.1047,0.0521,0.038,0.0715,0.034,0.0032,0.0311,0.0469,0.0701,0.117,"Daggett County, Utah"
92036,09,2036,0.0533,0.0308,0.0508,0.0546,0.1567,0.078,0.0569,0.1072,0.0509,0.0048,0.0465,0.0359,0.0208,0.0343,0.0368,0.1057,0.0526,0.0384,0.0723,0.0343,0.0032,0.0314,0.0474,0.0703,0.1177,"Daggett County, Utah"
92037,09,2037,0.0532,0.0308,0.0508,0.0548,0.1565,0.0779,0.0568,0.1075,0.0508,0.0048,0.0465,0.0362,0.0209,0.0345,0.0372,0.1064,0.053,0.0386,0.073,0.0345,0.0032,0.0316,0.0479,0.0705,0.1184,"Daggett County, Utah"
92038,09,2038,0.0532,0.0308,0.0508,0.0548,0.1565,0.078,0.0568,0.1073,0.0508,0.0048,0.0465,0.0364,0.0211,0.0348,0.0375,0.1071,0.0534,0.0389,0.0734,0.0348,0.0033,0.0318,0.0484,0.0708,0.1192,"Daggett County, Utah"
92039,09,2039,0.0533,0.0308,0.0508,0.0548,0.1566,0.078,0.0569,0.1075,0.0508,0.0048,0.0465,0.0367,0.0212,0.035,0.0378,0.108,0.0538,0.0392,0.0741,0.0351,0.0033,0.0321,0.0489,0.071,0.1199,"Daggett County, Utah"
92040,09,2040,0.0533,0.0309,0.0509,0.0549,0.1568,0.0781,0.0569,0.1079,0.0509,0.0048,0.0466,0.037,0.0214,0.0353,0.0381,0.1089,0.0542,0.0395,0.0749,0.0353,0.0033,0.0323,0.0494,0.0712,0.1206,"Daggett County, Utah"
92041,09,2041,0.0534,0.0309,0.051,0.055,0.1572,0.0783,0.057,0.1076,0.051,0.0048,0.0467,0.0374,0.0216,0.0356,0.0385,0.1099,0.0547,0.0399,0.0752,0.0357,0.0033,0.0326,0.0499,0.0714,0.1213,"Daggett County, Utah"
92042,09,2042,0.0535,0.031,0.0511,0.0551,0.1575,0.0785,0.0572,0.1076,0.0511,0.0048,0.0468,0.0377,0.0218,0.036,0.0388,0.1108,0.0552,0.0402,0.0757,0.036,0.0034,0.0329,0.0504,0.0717,0.1221,"Daggett County, Utah"
92043,09,2043,0.0535,0.0309,0.051,0.0553,0.1572,0.0784,0.0571,0.1081,0.051,0.0048,0.0467,0.0379,0.0219,0.0361,0.0392,0.1114,0.0555,0.0404,0.0766,0.0362,0.0034,0.0331,0.0509,0.0719,0.1228,"Daggett County, Utah"
92044,09,2044,0.0535,0.031,0.0511,0.0553,0.1574,0.0784,0.0571,0.108,0.0511,0.0048,0.0467,0.0382,0.0221,0.0364,0.0395,0.1122,0.0559,0.0407,0.077,0.0364,0.0034,0.0333,0.0514,0.0721,0.1235,"Daggett County, Utah"
92045,09,2045,0.0536,0.031,0.0512,0.0555,0.1577,0.0786,0.0573,0.1082,0.0512,0.0048,0.0469,0.0385,0.0223,0.0367,0.0398,0.1132,0.0564,0.0411,0.0777,0.0368,0.0035,0.0336,0.0519,0.0724,0.1243,"Daggett County, Utah"
92046,09,2046,0.0538,0.0311,0.0513,0.0556,0.1582,0.0788,0.0574,0.1084,0.0514,0.0048,0.047,0.0389,0.0225,0.0371,0.0402,0.1143,0.057,0.0415,0.0783,0.0371,0.0035,0.0339,0.0524,0.0726,0.125,"Daggett County, Utah"
92047,09,2047,0.0538,0.0312,0.0514,0.0557,0.1583,0.0789,0.0575,0.1088,0.0514,0.0048,0.047,0.0391,0.0227,0.0373,0.0405,0.1151,0.0574,0.0418,0.0791,0.0374,0.0035,0.0342,0.0529,0.0728,0.1257,"Daggett County, Utah"
92048,09,2048,0.054,0.0312,0.0515,0.0558,0.1587,0.0791,0.0576,0.1088,0.0515,0.0048,0.0472,0.0395,0.0229,0.0377,0.0408,0.1161,0.0579,0.0422,0.0796,0.0377,0.0035,0.0345,0.0534,0.0731,0.1265,"Daggett County, Utah"
92049,09,2049,0.0541,0.0313,0.0516,0.0559,0.159,0.0793,0.0577,0.1091,0.0516,0.0048,0.0472,0.0398,0.023,0.038,0.0412,0.117,0.0583,0.0425,0.0803,0.038,0.0036,0.0348,0.0539,0.0733,0.1272,"Daggett County, Utah"
92050,09,2050,0.0541,0.0313,0.0517,0.056,0.1592,0.0794,0.0578,0.1089,0.0517,0.0049,0.0473,0.0401,0.0232,0.0383,0.0415,0.1179,0.0588,0.0428,0.0806,0.0383,0.0036,0.035,0.0544,0.0735,0.1279,"Daggett County, Utah"
92051,09,2051,0.0544,0.0315,0.0519,0.0563,0.16,0.0798,0.0581,0.109,0.052,0.0049,0.0475,0.0405,0.0235,0.0387,0.0419,0.1192,0.0594,0.0433,0.0812,0.0387,0.0036,0.0354,0.0549,0.0738,0.1287,"Daggett County, Utah"
92052,09,2052,0.0543,0.0315,0.0519,0.0565,0.1598,0.0796,0.058,0.1091,0.0519,0.0049,0.0475,0.0407,0.0236,0.0389,0.0423,0.1197,0.0597,0.0435,0.0818,0.0389,0.0036,0.0356,0.0554,0.074,0.1294,"Daggett County, Utah"
92053,09,2053,0.0546,0.0316,0.0521,0.0567,0.1604,0.0799,0.0582,0.1094,0.0521,0.0049,0.0477,0.0411,0.0238,0.0392,0.0427,0.1209,0.0602,0.0439,0.0824,0.0392,0.0037,0.0359,0.0559,0.0742,0.1301,"Daggett County, Utah"
92054,09,2054,0.0547,0.0316,0.0522,0.0568,0.1607,0.0801,0.0583,0.1094,0.0522,0.0049,0.0477,0.0414,0.024,0.0395,0.043,0.1218,0.0607,0.0442,0.0829,0.0395,0.0037,0.0362,0.0564,0.0745,0.1309,"Daggett County, Utah"
92055,09,2055,0.0547,0.0317,0.0522,0.0568,0.1609,0.0802,0.0584,0.1098,0.0522,0.0049,0.0478,0.0417,0.0241,0.0398,0.0433,0.1226,0.0611,0.0445,0.0837,0.0398,0.0037,0.0364,0.0569,0.0747,0.1316,"Daggett County, Utah"
92056,09,2056,0.0549,0.0318,0.0524,0.057,0.1613,0.0805,0.0586,0.1096,0.0524,0.0049,0.0479,0.042,0.0243,0.0401,0.0437,0.1236,0.0617,0.0449,0.084,0.0401,0.0038,0.0367,0.0574,0.0749,0.1323,"Daggett County, Utah"
92057,09,2057,0.055,0.0318,0.0525,0.0572,0.1617,0.0807,0.0587,0.1097,0.0525,0.0049,0.048,0.0424,0.0245,0.0404,0.044,0.1246,0.0621,0.0452,0.0845,0.0405,0.0038,0.037,0.0579,0.0752,0.1331,"Daggett County, Utah"
92058,09,2058,0.055,0.0318,0.0525,0.0572,0.1618,0.0807,0.0587,0.11,0.0525,0.0049,0.0481,0.0426,0.0247,0.0407,0.0443,0.1253,0.0625,0.0455,0.0852,0.0407,0.0038,0.0372,0.0584,0.0754,0.1338,"Daggett County, Utah"
92059,09,2059,0.0551,0.0319,0.0526,0.0581,0.162,0.0808,0.0588,0.11,0.0526,0.0049,0.0481,0.0429,0.0248,0.0409,0.0453,0.1262,0.0629,0.0458,0.0857,0.041,0.0038,0.0375,0.0589,0.0756,0.1345,"Daggett County, Utah"
92060,09,2060,0.0551,0.0319,0.0526,0.0581,0.162,0.0808,0.0588,0.1099,0.0526,0.0049,0.0481,0.0431,0.025,0.0412,0.0455,0.1268,0.0633,0.046,0.086,0.0412,0.0039,0.0377,0.0594,0.0759,0.1353,"Daggett County, Utah"
92061,09,2061,0.0553,0.032,0.0527,0.0583,0.1626,0.081,0.059,0.1102,0.0528,0.005,0.0483,0.0435,0.0252,0.0415,0.0459,0.1279,0.0638,0.0464,0.0867,0.0415,0.0039,0.038,0.0599,0.0761,0.136,"Daggett County, Utah"
92062,09,2062,0.0553,0.032,0.0528,0.0583,0.1627,0.0811,0.059,0.1102,0.0528,0.005,0.0483,0.0437,0.0253,0.0417,0.0461,0.1286,0.0641,0.0467,0.0871,0.0418,0.0039,0.0382,0.0604,0.0763,0.1367,"Daggett County, Utah"
92063,09,2063,0.0554,0.0321,0.0529,0.0584,0.1629,0.0812,0.0592,0.1105,0.0529,0.005,0.0484,0.044,0.0255,0.042,0.0464,0.1295,0.0646,0.047,0.0878,0.042,0.0039,0.0385,0.0609,0.0766,0.1375,"Daggett County, Utah"
92064,09,2064,0.0554,0.0321,0.0529,0.0585,0.163,0.0813,0.0592,0.1108,0.0529,0.005,0.0484,0.0443,0.0256,0.0423,0.0467,0.1302,0.0649,0.0473,0.0885,0.0423,0.004,0.0387,0.0614,0.0768,0.1382,"Daggett County, Utah"
92065,09,2065,0.0557,0.0322,0.0531,0.0587,0.1637,0.0816,0.0594,0.1108,0.0531,0.005,0.0486,0.0447,0.0259,0.0426,0.0471,0.1314,0.0655,0.0477,0.0889,0.0427,0.004,0.039,0.0619,0.0771,0.139,"Daggett County, Utah"
112023,11,2023,0.0895,0.0518,0.0854,0.0941,0.2634,0.1152,0.0956,0.2082,0.0675,0.008,0.0782,0.0155,0.009,0.0148,0.0163,0.0456,0.0199,0.0165,0.0361,0.0117,0.0014,0.0135,0.0242,0.1399,0.1641,"Davis County, Utah"
112024,11,2024,0.0859,0.0497,0.082,0.0904,0.2527,0.1105,0.0917,0.1996,0.0647,0.0077,0.075,0.0154,0.0089,0.0147,0.0162,0.0452,0.0198,0.0164,0.0357,0.0116,0.0014,0.0134,0.0239,0.1335,0.1574,"Davis County, Utah"
112025,11,2025,0.0806,0.0466,0.0769,0.0847,0.2371,0.1036,0.086,0.1875,0.0607,0.0072,0.0704,0.0168,0.0097,0.016,0.0176,0.0493,0.0216,0.0179,0.039,0.0126,0.0015,0.0147,0.0261,0.1253,0.1514,"Davis County, Utah"
112026,11,2026,0.0774,0.0448,0.0739,0.0813,0.2277,0.0994,0.0826,0.1799,0.0584,0.0069,0.0676,0.017,0.0099,0.0163,0.0179,0.0501,0.0219,0.0182,0.0396,0.0129,0.0015,0.0149,0.0265,0.1202,0.1467,"Davis County, Utah"
112027,11,2027,0.0752,0.0435,0.0718,0.0789,0.2213,0.0966,0.0803,0.174,0.0567,0.0067,0.0657,0.0173,0.01,0.0165,0.0182,0.051,0.0222,0.0185,0.0401,0.0131,0.0016,0.0151,0.0268,0.1165,0.1433,"Davis County, Utah"
112028,11,2028,0.0736,0.0426,0.0702,0.0772,0.2164,0.0945,0.0785,0.1692,0.0555,0.0066,0.0643,0.0176,0.0102,0.0168,0.0185,0.0517,0.0226,0.0188,0.0404,0.0133,0.0016,0.0154,0.0272,0.1138,0.141,"Davis County, Utah"
112029,11,2029,0.0723,0.0418,0.069,0.0759,0.2126,0.0929,0.0771,0.1659,0.0545,0.0065,0.0631,0.0178,0.0103,0.017,0.0187,0.0524,0.0229,0.019,0.0409,0.0134,0.0016,0.0156,0.0276,0.1118,0.1394,"Davis County, Utah"
112030,11,2030,0.0713,0.0413,0.068,0.0749,0.2097,0.0918,0.0761,0.1636,0.0538,0.0064,0.0623,0.018,0.0104,0.0172,0.019,0.0531,0.0232,0.0193,0.0414,0.0136,0.0016,0.0158,0.0279,0.1104,0.1383,"Davis County, Utah"
112031,11,2031,0.0716,0.0414,0.0683,0.0752,0.2106,0.0921,0.0764,0.1642,0.0539,0.0064,0.0625,0.0183,0.0106,0.0174,0.0192,0.0537,0.0235,0.0195,0.0419,0.0138,0.0016,0.016,0.0283,0.1109,0.1392,"Davis County, Utah"
112032,11,2032,0.0718,0.0416,0.0685,0.0756,0.2112,0.0926,0.0766,0.1649,0.0542,0.0064,0.0627,0.0185,0.0107,0.0176,0.0194,0.0543,0.0238,0.0197,0.0424,0.0139,0.0017,0.0161,0.0287,0.1114,0.1401,"Davis County, Utah"
112033,11,2033,0.0721,0.0417,0.0688,0.0759,0.212,0.093,0.0769,0.1654,0.0543,0.0065,0.063,0.0187,0.0108,0.0178,0.0197,0.055,0.0241,0.0199,0.0429,0.0141,0.0017,0.0163,0.029,0.112,0.141,"Davis County, Utah"
112034,11,2034,0.0724,0.0419,0.0691,0.0764,0.213,0.0936,0.0773,0.1655,0.0543,0.0065,0.0632,0.0189,0.0109,0.0181,0.02,0.0557,0.0245,0.0202,0.0432,0.0142,0.0017,0.0165,0.0294,0.1125,0.1419,"Davis County, Utah"
112035,11,2035,0.0724,0.0419,0.0691,0.0766,0.2131,0.0938,0.0773,0.1671,0.0544,0.0065,0.0633,0.0191,0.011,0.0182,0.0202,0.0561,0.0247,0.0204,0.044,0.0143,0.0017,0.0167,0.0298,0.113,0.1428,"Davis County, Utah"
112036,11,2036,0.0727,0.0421,0.0694,0.0771,0.2138,0.0943,0.0776,0.1678,0.0545,0.0065,0.0635,0.0193,0.0112,0.0184,0.0204,0.0567,0.025,0.0206,0.0445,0.0144,0.0017,0.0168,0.0301,0.1136,0.1437,"Davis County, Utah"
112037,11,2037,0.0729,0.0422,0.0696,0.0775,0.2145,0.0947,0.0778,0.1684,0.0545,0.0065,0.0637,0.0195,0.0113,0.0186,0.0207,0.0573,0.0253,0.0208,0.045,0.0146,0.0017,0.017,0.0305,0.1141,0.1446,"Davis County, Utah"
112038,11,2038,0.0731,0.0423,0.0698,0.0778,0.2151,0.0951,0.078,0.169,0.0546,0.0066,0.0639,0.0197,0.0114,0.0188,0.0209,0.0579,0.0256,0.021,0.0455,0.0147,0.0018,0.0172,0.0308,0.1146,0.1454,"Davis County, Utah"
112039,11,2039,0.0733,0.0424,0.07,0.0782,0.2157,0.0955,0.0783,0.1696,0.0547,0.0066,0.0641,0.0199,0.0115,0.019,0.0212,0.0585,0.0259,0.0212,0.046,0.0148,0.0018,0.0174,0.0312,0.1151,0.1463,"Davis County, Utah"
112040,11,2040,0.0736,0.0426,0.0702,0.0786,0.2164,0.096,0.0785,0.1701,0.0548,0.0066,0.0643,0.0201,0.0116,0.0192,0.0214,0.0591,0.0262,0.0214,0.0464,0.0149,0.0018,0.0175,0.0316,0.1157,0.1473,"Davis County, Utah"
112041,11,2041,0.0738,0.0427,0.0704,0.0789,0.2171,0.0963,0.0788,0.1707,0.0549,0.0066,0.0645,0.0203,0.0117,0.0194,0.0217,0.0597,0.0265,0.0217,0.0469,0.0151,0.0018,0.0177,0.0319,0.1162,0.1481,"Davis County, Utah"
112042,11,2042,0.074,0.0428,0.0706,0.0793,0.2178,0.0967,0.079,0.1713,0.0549,0.0066,0.0647,0.0205,0.0119,0.0195,0.0219,0.0603,0.0268,0.0219,0.0474,0.0152,0.0018,0.0179,0.0323,0.1167,0.149,"Davis County, Utah"
112043,11,2043,0.0743,0.043,0.0709,0.0796,0.2185,0.0971,0.0793,0.1718,0.055,0.0067,0.0649,0.0207,0.012,0.0197,0.0222,0.0609,0.0271,0.0221,0.0479,0.0153,0.0019,0.0181,0.0327,0.1173,0.15,"Davis County, Utah"
112044,11,2044,0.0745,0.0431,0.0711,0.08,0.2191,0.0975,0.0795,0.1724,0.0551,0.0067,0.0651,0.0209,0.0121,0.0199,0.0224,0.0615,0.0273,0.0223,0.0483,0.0154,0.0019,0.0182,0.033,0.1178,0.1508,"Davis County, Utah"
112045,11,2045,0.0747,0.0432,0.0713,0.0803,0.2199,0.0979,0.0798,0.173,0.0552,0.0067,0.0653,0.0211,0.0122,0.0201,0.0227,0.0621,0.0276,0.0225,0.0488,0.0156,0.0019,0.0184,0.0334,0.1183,0.1517,"Davis County, Utah"
112046,11,2046,0.075,0.0434,0.0716,0.0807,0.2206,0.0983,0.08,0.1737,0.0553,0.0067,0.0655,0.0213,0.0123,0.0203,0.0229,0.0627,0.0279,0.0227,0.0493,0.0157,0.0019,0.0186,0.0338,0.1188,0.1526,"Davis County, Utah"
112047,11,2047,0.0752,0.0435,0.0718,0.0811,0.2214,0.0987,0.0803,0.1743,0.0554,0.0067,0.0657,0.0215,0.0124,0.0205,0.0232,0.0633,0.0282,0.023,0.0498,0.0158,0.0019,0.0188,0.0341,0.1194,0.1535,"Davis County, Utah"
112048,11,2048,0.0755,0.0437,0.0721,0.0815,0.2222,0.0992,0.0806,0.175,0.0555,0.0068,0.066,0.0217,0.0126,0.0207,0.0235,0.0639,0.0285,0.0232,0.0503,0.016,0.0019,0.019,0.0345,0.1199,0.1544,"Davis County, Utah"
112049,11,2049,0.0758,0.0439,0.0724,0.0819,0.2231,0.0996,0.081,0.1757,0.0557,0.0068,0.0662,0.0219,0.0127,0.0209,0.0237,0.0646,0.0288,0.0234,0.0509,0.0161,0.002,0.0192,0.0349,0.1204,0.1553,"Davis County, Utah"
112050,11,2050,0.0761,0.0441,0.0727,0.0824,0.224,0.1001,0.0813,0.1765,0.0559,0.0068,0.0665,0.0222,0.0128,0.0212,0.024,0.0652,0.0291,0.0237,0.0514,0.0163,0.002,0.0194,0.0352,0.121,0.1562,"Davis County, Utah"
112051,11,2051,0.0765,0.0443,0.073,0.0828,0.2249,0.1005,0.0816,0.1773,0.0561,0.0069,0.0668,0.0224,0.013,0.0214,0.0243,0.0659,0.0294,0.0239,0.0519,0.0164,0.002,0.0196,0.0356,0.1215,0.1571,"Davis County, Utah"
112052,11,2052,0.0768,0.0444,0.0733,0.0833,0.2259,0.1009,0.082,0.1781,0.0562,0.0069,0.0671,0.0226,0.0131,0.0216,0.0245,0.0666,0.0297,0.0242,0.0525,0.0166,0.002,0.0198,0.0359,0.122,0.1579,"Davis County, Utah"
112053,11,2053,0.0771,0.0446,0.0736,0.0838,0.2269,0.1014,0.0823,0.1789,0.0565,0.0069,0.0674,0.0229,0.0132,0.0218,0.0248,0.0672,0.03,0.0244,0.053,0.0167,0.002,0.02,0.0363,0.1225,0.1588,"Davis County, Utah"
112054,11,2054,0.0775,0.0448,0.0739,0.0843,0.2279,0.1019,0.0827,0.1797,0.0566,0.0069,0.0677,0.0231,0.0134,0.022,0.0251,0.0679,0.0304,0.0246,0.0536,0.0169,0.0021,0.0202,0.0367,0.1231,0.1598,"Davis County, Utah"
112055,11,2055,0.0778,0.045,0.0742,0.0847,0.2289,0.1023,0.0831,0.1806,0.0568,0.007,0.068,0.0233,0.0135,0.0222,0.0254,0.0686,0.0307,0.0249,0.0541,0.017,0.0021,0.0204,0.037,0.1236,0.1606,"Davis County, Utah"
112056,11,2056,0.0781,0.0452,0.0745,0.0852,0.2298,0.1028,0.0834,0.1813,0.057,0.007,0.0682,0.0235,0.0136,0.0225,0.0257,0.0692,0.031,0.0251,0.0546,0.0172,0.0021,0.0206,0.0374,0.1241,0.1615,"Davis County, Utah"
112057,11,2057,0.0784,0.0454,0.0748,0.0856,0.2307,0.1032,0.0837,0.182,0.0571,0.007,0.0685,0.0238,0.0138,0.0227,0.0259,0.0699,0.0313,0.0254,0.0551,0.0173,0.0021,0.0208,0.0378,0.1246,0.1624,"Davis County, Utah"
112058,11,2058,0.0787,0.0456,0.0751,0.086,0.2316,0.1036,0.084,0.1827,0.0573,0.0071,0.0688,0.024,0.0139,0.0229,0.0262,0.0705,0.0316,0.0256,0.0557,0.0175,0.0021,0.0209,0.0381,0.1252,0.1633,"Davis County, Utah"
112059,11,2059,0.079,0.0457,0.0754,0.0864,0.2324,0.1041,0.0844,0.1834,0.0575,0.0071,0.069,0.0242,0.014,0.0231,0.0265,0.0712,0.0319,0.0258,0.0562,0.0176,0.0022,0.0211,0.0385,0.1257,0.1642,"Davis County, Utah"
112060,11,2060,0.0793,0.0459,0.0757,0.0869,0.2333,0.1046,0.0847,0.1841,0.0577,0.0071,0.0693,0.0244,0.0141,0.0233,0.0267,0.0718,0.0322,0.0261,0.0567,0.0177,0.0022,0.0213,0.0389,0.1262,0.1651,"Davis County, Utah"
112061,11,2061,0.0796,0.0461,0.076,0.0873,0.2342,0.105,0.085,0.1847,0.0578,0.0071,0.0695,0.0246,0.0143,0.0235,0.027,0.0725,0.0325,0.0263,0.0572,0.0179,0.0022,0.0215,0.0392,0.1268,0.166,"Davis County, Utah"
112062,11,2062,0.0799,0.0462,0.0762,0.0877,0.235,0.1054,0.0853,0.1854,0.058,0.0072,0.0698,0.0248,0.0144,0.0237,0.0273,0.0731,0.0328,0.0265,0.0576,0.018,0.0022,0.0217,0.0396,0.1273,0.1669,"Davis County, Utah"
112063,11,2063,0.0802,0.0464,0.0765,0.0881,0.2359,0.1059,0.0856,0.186,0.0581,0.0072,0.07,0.0251,0.0145,0.0239,0.0275,0.0737,0.0331,0.0268,0.0581,0.0182,0.0022,0.0219,0.04,0.1278,0.1678,"Davis County, Utah"
112064,11,2064,0.0805,0.0466,0.0768,0.0885,0.2367,0.1063,0.0859,0.1866,0.0582,0.0072,0.0703,0.0253,0.0146,0.0241,0.0278,0.0744,0.0334,0.027,0.0586,0.0183,0.0023,0.0221,0.0403,0.1283,0.1686,"Davis County, Utah"
112065,11,2065,0.0808,0.0467,0.0771,0.089,0.2376,0.1067,0.0862,0.1873,0.0584,0.0072,0.0706,0.0255,0.0148,0.0243,0.0281,0.075,0.0337,0.0272,0.0591,0.0184,0.0023,0.0223,0.0407,0.1289,0.1696,"Davis County, Utah"
132023,13,2023,0.0747,0.0432,0.0713,0.0737,0.2202,0.1088,0.0797,0.1709,0.0587,0.0067,0.0652,0.0329,0.019,0.0314,0.0325,0.097,0.0479,0.0351,0.0753,0.0258,0.0029,0.0287,0.0411,0.0934,0.1345,"Duchesne County, Utah"
132024,13,2024,0.07,0.0405,0.0668,0.0688,0.2063,0.1019,0.0747,0.1611,0.0549,0.0063,0.0611,0.0318,0.0184,0.0304,0.0313,0.0939,0.0464,0.034,0.0733,0.025,0.0029,0.0278,0.0403,0.0886,0.1289,"Duchesne County, Utah"
132025,13,2025,0.0636,0.0368,0.0607,0.0625,0.1876,0.0927,0.0679,0.1467,0.0498,0.0057,0.0556,0.0337,0.0195,0.0321,0.0331,0.0993,0.0491,0.0359,0.0776,0.0264,0.003,0.0294,0.0429,0.0811,0.124,"Duchesne County, Utah"
132026,13,2026,0.0613,0.0355,0.0585,0.0603,0.1808,0.0894,0.0655,0.1411,0.0479,0.0055,0.0536,0.0343,0.0199,0.0327,0.0337,0.1012,0.05,0.0366,0.079,0.0268,0.0031,0.03,0.0431,0.0771,0.1202,"Duchesne County, Utah"
132027,13,2027,0.0597,0.0345,0.0569,0.0587,0.1759,0.0871,0.0637,0.1369,0.0466,0.0053,0.0521,0.0349,0.0202,0.0333,0.0344,0.103,0.051,0.0373,0.0801,0.0273,0.0031,0.0305,0.0434,0.0741,0.1175,"Duchesne County, Utah"
132028,13,2028,0.0574,0.0332,0.0548,0.0566,0.1694,0.0839,0.0613,0.1315,0.0448,0.0052,0.0502,0.0349,0.0202,0.0333,0.0344,0.103,0.051,0.0373,0.0799,0.0272,0.0031,0.0305,0.0437,0.0718,0.1155,"Duchesne County, Utah"
132029,13,2029,0.0549,0.0318,0.0524,0.0539,0.1619,0.0801,0.0586,0.1256,0.0428,0.0049,0.048,0.0344,0.0199,0.0329,0.0338,0.1015,0.0503,0.0368,0.0788,0.0268,0.0031,0.0301,0.044,0.0702,0.1142,"Duchesne County, Utah"
132030,13,2030,0.053,0.0307,0.0506,0.052,0.1562,0.0773,0.0566,0.1213,0.0413,0.0048,0.0463,0.0341,0.0197,0.0326,0.0334,0.1006,0.0498,0.0364,0.0781,0.0266,0.0031,0.0298,0.0444,0.0689,0.1133,"Duchesne County, Utah"
132031,13,2031,0.0531,0.0307,0.0506,0.0521,0.1564,0.0774,0.0566,0.1215,0.0412,0.0048,0.0464,0.0344,0.0199,0.0329,0.0338,0.1015,0.0503,0.0368,0.0788,0.0268,0.0031,0.0301,0.0449,0.0692,0.1141,"Duchesne County, Utah"
132032,13,2032,0.0534,0.0309,0.051,0.0525,0.1574,0.078,0.057,0.1223,0.0414,0.0048,0.0466,0.0349,0.0202,0.0333,0.0343,0.103,0.051,0.0373,0.08,0.0271,0.0031,0.0305,0.0454,0.0694,0.1148,"Duchesne County, Utah"
132033,13,2033,0.0537,0.0311,0.0513,0.0529,0.1584,0.0785,0.0574,0.1232,0.0416,0.0048,0.047,0.0354,0.0205,0.0338,0.0349,0.1045,0.0518,0.0378,0.0812,0.0274,0.0032,0.031,0.0459,0.0696,0.1155,"Duchesne County, Utah"
132034,13,2034,0.054,0.0312,0.0515,0.0532,0.1591,0.0789,0.0576,0.1238,0.0417,0.0048,0.0472,0.0359,0.0208,0.0342,0.0354,0.1057,0.0524,0.0383,0.0823,0.0277,0.0032,0.0313,0.0464,0.0698,0.1162,"Duchesne County, Utah"
132035,13,2035,0.0542,0.0314,0.0517,0.0535,0.1597,0.0792,0.0578,0.1244,0.0418,0.0049,0.0473,0.0363,0.021,0.0346,0.0358,0.1069,0.053,0.0387,0.0833,0.028,0.0033,0.0317,0.0469,0.0701,0.117,"Duchesne County, Utah"
132036,13,2036,0.0541,0.0313,0.0517,0.0536,0.1596,0.0791,0.0578,0.1243,0.0417,0.0049,0.0473,0.0365,0.0211,0.0349,0.0362,0.1077,0.0534,0.039,0.0839,0.0281,0.0033,0.0319,0.0474,0.0703,0.1177,"Duchesne County, Utah"
132037,13,2037,0.0541,0.0313,0.0516,0.0536,0.1593,0.079,0.0577,0.1242,0.0416,0.0048,0.0472,0.0367,0.0213,0.0351,0.0364,0.1083,0.0537,0.0392,0.0844,0.0283,0.0033,0.0321,0.0479,0.0705,0.1184,"Duchesne County, Utah"
132038,13,2038,0.054,0.0313,0.0516,0.0537,0.1592,0.079,0.0577,0.124,0.0415,0.0048,0.0472,0.037,0.0214,0.0353,0.0368,0.109,0.0541,0.0395,0.0849,0.0284,0.0033,0.0323,0.0484,0.0708,0.1192,"Duchesne County, Utah"
132039,13,2039,0.054,0.0312,0.0515,0.0537,0.1591,0.079,0.0576,0.1239,0.0414,0.0048,0.0472,0.0372,0.0215,0.0355,0.0371,0.1097,0.0544,0.0397,0.0854,0.0285,0.0033,0.0325,0.0489,0.071,0.1199,"Duchesne County, Utah"
132040,13,2040,0.054,0.0312,0.0515,0.0538,0.1591,0.079,0.0576,0.1238,0.0413,0.0048,0.0471,0.0375,0.0217,0.0358,0.0374,0.1104,0.0548,0.04,0.0859,0.0287,0.0034,0.0327,0.0494,0.0712,0.1206,"Duchesne County, Utah"
132041,13,2041,0.054,0.0313,0.0515,0.0539,0.1591,0.079,0.0576,0.1238,0.0413,0.0048,0.0472,0.0377,0.0218,0.036,0.0377,0.1112,0.0553,0.0403,0.0866,0.0289,0.0034,0.033,0.0499,0.0714,0.1213,"Duchesne County, Utah"
132042,13,2042,0.054,0.0313,0.0516,0.0541,0.1593,0.0791,0.0577,0.1239,0.0413,0.0048,0.0472,0.038,0.022,0.0363,0.0381,0.1121,0.0557,0.0406,0.0872,0.029,0.0034,0.0332,0.0504,0.0717,0.1221,"Duchesne County, Utah"
132043,13,2043,0.0541,0.0313,0.0516,0.0542,0.1595,0.0793,0.0578,0.124,0.0413,0.0049,0.0473,0.0383,0.0222,0.0366,0.0384,0.113,0.0562,0.0409,0.0879,0.0292,0.0034,0.0335,0.0509,0.0719,0.1228,"Duchesne County, Utah"
132044,13,2044,0.0541,0.0313,0.0517,0.0543,0.1595,0.0793,0.0578,0.124,0.0412,0.0049,0.0473,0.0386,0.0223,0.0368,0.0387,0.1138,0.0566,0.0412,0.0884,0.0294,0.0035,0.0337,0.0514,0.0721,0.1235,"Duchesne County, Utah"
132045,13,2045,0.0541,0.0313,0.0517,0.0544,0.1595,0.0793,0.0578,0.124,0.0412,0.0049,0.0473,0.0389,0.0225,0.0371,0.0391,0.1145,0.057,0.0415,0.089,0.0296,0.0035,0.034,0.0519,0.0724,0.1243,"Duchesne County, Utah"
132046,13,2046,0.0542,0.0314,0.0517,0.0546,0.1596,0.0794,0.0578,0.1241,0.0411,0.0049,0.0473,0.0391,0.0226,0.0373,0.0394,0.1153,0.0574,0.0418,0.0896,0.0297,0.0035,0.0342,0.0524,0.0726,0.125,"Duchesne County, Utah"
132047,13,2047,0.0543,0.0314,0.0518,0.0547,0.1599,0.0796,0.0579,0.1242,0.0412,0.0049,0.0474,0.0395,0.0228,0.0376,0.0398,0.1162,0.0578,0.0421,0.0903,0.0299,0.0035,0.0345,0.0529,0.0728,0.1257,"Duchesne County, Utah"
132048,13,2048,0.0544,0.0315,0.0519,0.055,0.1602,0.0798,0.0581,0.1245,0.0412,0.0049,0.0475,0.0398,0.023,0.038,0.0402,0.1172,0.0584,0.0425,0.0911,0.0302,0.0036,0.0348,0.0534,0.0731,0.1265,"Duchesne County, Utah"
132049,13,2049,0.0545,0.0316,0.052,0.0552,0.1607,0.08,0.0582,0.1248,0.0413,0.0049,0.0476,0.0401,0.0232,0.0383,0.0406,0.1183,0.0589,0.0428,0.0918,0.0304,0.0036,0.0351,0.0539,0.0733,0.1272,"Duchesne County, Utah"
132050,13,2050,0.0547,0.0316,0.0522,0.0554,0.1611,0.0802,0.0584,0.1251,0.0414,0.0049,0.0478,0.0405,0.0234,0.0386,0.041,0.1193,0.0594,0.0432,0.0926,0.0306,0.0036,0.0354,0.0544,0.0735,0.1279,"Duchesne County, Utah"
132051,13,2051,0.0548,0.0317,0.0523,0.0557,0.1615,0.0804,0.0585,0.1254,0.0414,0.0049,0.0479,0.0408,0.0236,0.039,0.0415,0.1203,0.0599,0.0436,0.0934,0.0309,0.0037,0.0357,0.0549,0.0738,0.1287,"Duchesne County, Utah"
132052,13,2052,0.055,0.0318,0.0525,0.0559,0.162,0.0807,0.0587,0.1258,0.0415,0.0049,0.048,0.0412,0.0238,0.0393,0.0419,0.1214,0.0605,0.044,0.0942,0.0311,0.0037,0.036,0.0554,0.074,0.1294,"Duchesne County, Utah"
132053,13,2053,0.0552,0.0319,0.0526,0.0562,0.1625,0.081,0.0589,0.1262,0.0416,0.0049,0.0482,0.0416,0.0241,0.0397,0.0423,0.1224,0.061,0.0444,0.0951,0.0313,0.0037,0.0363,0.0559,0.0742,0.1301,"Duchesne County, Utah"
132054,13,2054,0.0553,0.032,0.0528,0.0564,0.163,0.0812,0.0591,0.1265,0.0417,0.005,0.0483,0.0419,0.0243,0.04,0.0428,0.1235,0.0615,0.0448,0.0959,0.0316,0.0038,0.0366,0.0564,0.0745,0.1309,"Duchesne County, Utah"
132055,13,2055,0.0555,0.0321,0.0529,0.0567,0.1634,0.0814,0.0592,0.1268,0.0417,0.005,0.0485,0.0423,0.0245,0.0403,0.0432,0.1245,0.062,0.0451,0.0967,0.0318,0.0038,0.0369,0.0569,0.0747,0.1316,"Duchesne County, Utah"
132056,13,2056,0.0555,0.0321,0.053,0.0568,0.1636,0.0815,0.0593,0.127,0.0417,0.005,0.0485,0.0426,0.0246,0.0406,0.0435,0.1254,0.0625,0.0454,0.0973,0.032,0.0038,0.0372,0.0574,0.0749,0.1323,"Duchesne County, Utah"
132057,13,2057,0.0555,0.0321,0.053,0.0569,0.1636,0.0815,0.0593,0.127,0.0417,0.005,0.0485,0.0428,0.0248,0.0408,0.0438,0.126,0.0628,0.0457,0.0978,0.0321,0.0038,0.0374,0.0579,0.0752,0.1331,"Duchesne County, Utah"
132058,13,2058,0.0555,0.0321,0.053,0.057,0.1635,0.0815,0.0593,0.1269,0.0417,0.005,0.0485,0.043,0.0249,0.041,0.0441,0.1267,0.0631,0.0459,0.0983,0.0323,0.0039,0.0376,0.0584,0.0754,0.1338,"Duchesne County, Utah"
132059,13,2059,0.0556,0.0322,0.053,0.0571,0.1636,0.0816,0.0593,0.1269,0.0416,0.005,0.0485,0.0433,0.025,0.0413,0.0444,0.1274,0.0635,0.0462,0.0989,0.0324,0.0039,0.0378,0.0589,0.0756,0.1345,"Duchesne County, Utah"
132060,13,2060,0.0556,0.0322,0.0531,0.0572,0.1638,0.0817,0.0594,0.1271,0.0416,0.005,0.0486,0.0435,0.0252,0.0415,0.0448,0.1282,0.0639,0.0465,0.0995,0.0326,0.0039,0.038,0.0594,0.0759,0.1353,"Duchesne County, Utah"
132061,13,2061,0.0557,0.0322,0.0531,0.0574,0.1639,0.0818,0.0594,0.1272,0.0416,0.005,0.0486,0.0438,0.0253,0.0418,0.0451,0.129,0.0643,0.0468,0.1001,0.0327,0.0039,0.0383,0.0599,0.0761,0.136,"Duchesne County, Utah"
132062,13,2062,0.0557,0.0323,0.0532,0.0575,0.1641,0.0819,0.0595,0.1274,0.0416,0.005,0.0487,0.0441,0.0255,0.0421,0.0455,0.1298,0.0647,0.0471,0.1007,0.0329,0.004,0.0385,0.0604,0.0763,0.1367,"Duchesne County, Utah"
132063,13,2063,0.0558,0.0323,0.0533,0.0577,0.1643,0.082,0.0596,0.1275,0.0416,0.005,0.0488,0.0444,0.0257,0.0423,0.0459,0.1306,0.0652,0.0474,0.1014,0.0331,0.004,0.0388,0.0609,0.0766,0.1375,"Duchesne County, Utah"
132064,13,2064,0.0559,0.0323,0.0533,0.0578,0.1646,0.0821,0.0597,0.1277,0.0416,0.005,0.0488,0.0446,0.0258,0.0426,0.0462,0.1315,0.0656,0.0477,0.102,0.0333,0.004,0.039,0.0614,0.0768,0.1382,"Duchesne County, Utah"
132065,13,2065,0.056,0.0324,0.0534,0.058,0.1648,0.0822,0.0598,0.1279,0.0417,0.005,0.0489,0.0449,0.026,0.0429,0.0466,0.1323,0.066,0.048,0.1027,0.0334,0.004,0.0393,0.0619,0.0771,0.139,"Duchesne County, Utah"
152023,15,2023,0.0715,0.0414,0.0683,0.0666,0.2109,0.1031,0.0764,0.1629,0.0683,0.0064,0.0625,0.0315,0.0182,0.0301,0.0293,0.0929,0.0454,0.0336,0.0717,0.0301,0.0028,0.0275,0.0411,0.0934,0.1345,"Emery County, Utah"
152024,15,2024,0.0712,0.0412,0.068,0.0706,0.2101,0.1026,0.076,0.1587,0.068,0.0064,0.0622,0.0324,0.0188,0.0309,0.0321,0.0956,0.0467,0.0346,0.0722,0.0309,0.0029,0.0283,0.0403,0.0886,0.1289,"Emery County, Utah"
152025,15,2025,0.0668,0.0386,0.0637,0.0664,0.1969,0.0962,0.0713,0.1483,0.0637,0.006,0.0583,0.0353,0.0204,0.0337,0.0351,0.1042,0.0509,0.0377,0.0785,0.0337,0.0032,0.0309,0.0429,0.0811,0.124,"Emery County, Utah"
152026,15,2026,0.0636,0.0368,0.0607,0.0633,0.1876,0.0917,0.0679,0.1412,0.0607,0.0057,0.0556,0.0356,0.0206,0.034,0.0354,0.105,0.0513,0.038,0.079,0.034,0.0032,0.0311,0.0431,0.0771,0.1202,"Emery County, Utah"
152027,15,2027,0.0621,0.0359,0.0592,0.0618,0.183,0.0895,0.0663,0.1369,0.0593,0.0056,0.0542,0.0363,0.021,0.0347,0.0362,0.1072,0.0524,0.0388,0.0802,0.0347,0.0033,0.0318,0.0434,0.0741,0.1175,"Emery County, Utah"
152028,15,2028,0.0601,0.0348,0.0573,0.0598,0.1771,0.0867,0.0641,0.132,0.0573,0.0054,0.0525,0.0365,0.0211,0.0348,0.0364,0.1077,0.0527,0.039,0.0802,0.0349,0.0033,0.0319,0.0437,0.0718,0.1155,"Emery County, Utah"
152029,15,2029,0.0582,0.0337,0.0556,0.0581,0.1718,0.0841,0.0622,0.1278,0.0556,0.0052,0.0509,0.0365,0.0211,0.0349,0.0365,0.1077,0.0527,0.039,0.0802,0.0349,0.0033,0.0319,0.044,0.0702,0.1142,"Emery County, Utah"
152030,15,2030,0.057,0.033,0.0544,0.057,0.168,0.0822,0.0608,0.1249,0.0544,0.0051,0.0498,0.0367,0.0212,0.035,0.0367,0.1081,0.0529,0.0391,0.0804,0.035,0.0033,0.032,0.0444,0.0689,0.1133,"Emery County, Utah"
152031,15,2031,0.057,0.033,0.0544,0.0571,0.1682,0.0823,0.0609,0.1251,0.0545,0.0051,0.0498,0.037,0.0214,0.0353,0.0371,0.1092,0.0534,0.0395,0.0812,0.0353,0.0033,0.0323,0.0449,0.0692,0.1141,"Emery County, Utah"
152032,15,2032,0.0573,0.0331,0.0546,0.0574,0.1689,0.0827,0.0611,0.1255,0.0547,0.0051,0.05,0.0375,0.0217,0.0357,0.0376,0.1105,0.0541,0.04,0.0821,0.0358,0.0034,0.0327,0.0454,0.0694,0.1148,"Emery County, Utah"
152033,15,2033,0.0575,0.0333,0.0548,0.0578,0.1695,0.083,0.0613,0.1259,0.0549,0.0052,0.0502,0.0379,0.0219,0.0362,0.0381,0.1117,0.0547,0.0404,0.083,0.0362,0.0034,0.0331,0.0459,0.0696,0.1155,"Emery County, Utah"
152034,15,2034,0.0576,0.0333,0.055,0.0581,0.1698,0.0832,0.0615,0.1263,0.055,0.0052,0.0503,0.0383,0.0221,0.0365,0.0386,0.1128,0.0553,0.0409,0.0839,0.0365,0.0034,0.0334,0.0464,0.0698,0.1162,"Emery County, Utah"
152035,15,2035,0.0579,0.0335,0.0552,0.0585,0.1706,0.0836,0.0618,0.1268,0.0552,0.0052,0.0506,0.0387,0.0224,0.037,0.0392,0.1142,0.056,0.0414,0.0849,0.037,0.0035,0.0338,0.0469,0.0701,0.117,"Emery County, Utah"
152036,15,2036,0.0579,0.0335,0.0553,0.0587,0.1708,0.0838,0.0618,0.127,0.0553,0.0052,0.0506,0.0391,0.0226,0.0373,0.0396,0.1152,0.0565,0.0417,0.0856,0.0373,0.0035,0.0341,0.0474,0.0703,0.1177,"Emery County, Utah"
152037,15,2037,0.058,0.0336,0.0553,0.0588,0.171,0.0838,0.0619,0.127,0.0554,0.0052,0.0507,0.0394,0.0228,0.0376,0.04,0.1162,0.057,0.0421,0.0863,0.0376,0.0035,0.0344,0.0479,0.0705,0.1184,"Emery County, Utah"
152038,15,2038,0.058,0.0336,0.0554,0.059,0.1711,0.0839,0.0619,0.1271,0.0554,0.0052,0.0507,0.0397,0.023,0.0379,0.0404,0.1171,0.0575,0.0424,0.087,0.0379,0.0036,0.0347,0.0484,0.0708,0.1192,"Emery County, Utah"
152039,15,2039,0.0582,0.0337,0.0555,0.0592,0.1715,0.0841,0.0621,0.1271,0.0555,0.0052,0.0508,0.0401,0.0232,0.0383,0.0408,0.1182,0.058,0.0428,0.0876,0.0383,0.0036,0.035,0.0489,0.071,0.1199,"Emery County, Utah"
152040,15,2040,0.0582,0.0337,0.0556,0.0594,0.1717,0.0843,0.0622,0.1271,0.0556,0.0052,0.0509,0.0404,0.0234,0.0386,0.0412,0.1192,0.0585,0.0432,0.0883,0.0386,0.0036,0.0353,0.0494,0.0712,0.1206,"Emery County, Utah"
152041,15,2041,0.0584,0.0338,0.0557,0.0597,0.1722,0.0845,0.0623,0.1273,0.0557,0.0052,0.051,0.0408,0.0236,0.0389,0.0417,0.1203,0.0591,0.0436,0.089,0.039,0.0037,0.0357,0.0499,0.0714,0.1213,"Emery County, Utah"
152042,15,2042,0.0585,0.0339,0.0558,0.0599,0.1726,0.0847,0.0625,0.1275,0.0559,0.0052,0.0511,0.0412,0.0238,0.0393,0.0422,0.1215,0.0596,0.044,0.0897,0.0393,0.0037,0.036,0.0504,0.0717,0.1221,"Emery County, Utah"
152043,15,2043,0.0587,0.034,0.056,0.0602,0.173,0.085,0.0626,0.1277,0.056,0.0053,0.0513,0.0416,0.0241,0.0397,0.0426,0.1226,0.0602,0.0444,0.0905,0.0397,0.0037,0.0363,0.0509,0.0719,0.1228,"Emery County, Utah"
152044,15,2044,0.0588,0.034,0.0561,0.0604,0.1733,0.0852,0.0628,0.1278,0.0561,0.0053,0.0514,0.0419,0.0243,0.04,0.0431,0.1236,0.0607,0.0448,0.0912,0.04,0.0038,0.0366,0.0514,0.0721,0.1235,"Emery County, Utah"
152045,15,2045,0.0589,0.0341,0.0562,0.0606,0.1738,0.0854,0.0629,0.128,0.0563,0.0053,0.0515,0.0423,0.0245,0.0404,0.0435,0.1247,0.0613,0.0452,0.0919,0.0404,0.0038,0.037,0.0519,0.0724,0.1243,"Emery County, Utah"
152046,15,2046,0.059,0.0342,0.0563,0.0609,0.1741,0.0856,0.063,0.1282,0.0564,0.0053,0.0516,0.0427,0.0247,0.0407,0.044,0.1258,0.0619,0.0455,0.0926,0.0407,0.0038,0.0373,0.0524,0.0726,0.125,"Emery County, Utah"
152047,15,2047,0.0592,0.0343,0.0565,0.0611,0.1746,0.0859,0.0632,0.1285,0.0565,0.0053,0.0517,0.0431,0.0249,0.0411,0.0445,0.1269,0.0625,0.046,0.0934,0.0411,0.0039,0.0376,0.0529,0.0728,0.1257,"Emery County, Utah"
152048,15,2048,0.0594,0.0344,0.0567,0.0614,0.1752,0.0863,0.0635,0.1288,0.0567,0.0053,0.0519,0.0435,0.0252,0.0415,0.0449,0.1282,0.0631,0.0464,0.0942,0.0415,0.0039,0.038,0.0534,0.0731,0.1265,"Emery County, Utah"
152049,15,2049,0.0596,0.0345,0.0569,0.0617,0.1758,0.0866,0.0637,0.1291,0.0569,0.0053,0.0521,0.0439,0.0254,0.0419,0.0454,0.1294,0.0637,0.0469,0.095,0.0419,0.0039,0.0383,0.0539,0.0733,0.1272,"Emery County, Utah"
152050,15,2050,0.0598,0.0346,0.0571,0.0621,0.1764,0.0869,0.0639,0.1295,0.0571,0.0054,0.0523,0.0443,0.0256,0.0423,0.046,0.1306,0.0643,0.0473,0.0959,0.0423,0.004,0.0387,0.0544,0.0735,0.1279,"Emery County, Utah"
152051,15,2051,0.0601,0.0348,0.0573,0.0624,0.1771,0.0872,0.0641,0.1299,0.0574,0.0054,0.0525,0.0448,0.0259,0.0427,0.0465,0.1319,0.065,0.0478,0.0967,0.0427,0.004,0.0391,0.0549,0.0738,0.1287,"Emery County, Utah"
152052,15,2052,0.0603,0.0349,0.0575,0.0627,0.1778,0.0876,0.0644,0.1302,0.0576,0.0054,0.0527,0.0452,0.0261,0.0431,0.047,0.1332,0.0656,0.0482,0.0976,0.0431,0.0041,0.0395,0.0554,0.074,0.1294,"Emery County, Utah"
152053,15,2053,0.0606,0.0351,0.0578,0.0631,0.1786,0.088,0.0647,0.1307,0.0578,0.0054,0.0529,0.0457,0.0264,0.0436,0.0475,0.1346,0.0663,0.0487,0.0985,0.0436,0.0041,0.0399,0.0559,0.0742,0.1301,"Emery County, Utah"
152054,15,2054,0.0608,0.0352,0.058,0.0633,0.1792,0.0884,0.0649,0.1311,0.058,0.0055,0.0531,0.0461,0.0267,0.044,0.048,0.1358,0.067,0.0492,0.0994,0.044,0.0041,0.0403,0.0564,0.0745,0.1309,"Emery County, Utah"
152055,15,2055,0.0611,0.0353,0.0583,0.0637,0.18,0.0887,0.0652,0.1315,0.0583,0.0055,0.0533,0.0465,0.0269,0.0444,0.0485,0.1371,0.0676,0.0497,0.1002,0.0444,0.0042,0.0407,0.0569,0.0747,0.1316,"Emery County, Utah"
152056,15,2056,0.0612,0.0354,0.0584,0.0639,0.1805,0.089,0.0654,0.1319,0.0585,0.0055,0.0535,0.0469,0.0272,0.0448,0.049,0.1383,0.0682,0.0501,0.101,0.0448,0.0042,0.041,0.0574,0.0749,0.1323,"Emery County, Utah"
152057,15,2057,0.0614,0.0355,0.0586,0.0641,0.1809,0.0892,0.0655,0.132,0.0586,0.0055,0.0536,0.0473,0.0274,0.0451,0.0494,0.1394,0.0687,0.0505,0.1017,0.0451,0.0042,0.0413,0.0579,0.0752,0.1331,"Emery County, Utah"
152058,15,2058,0.0615,0.0356,0.0587,0.0643,0.1813,0.0894,0.0657,0.1321,0.0587,0.0055,0.0537,0.0477,0.0276,0.0455,0.0498,0.1404,0.0692,0.0509,0.1023,0.0455,0.0043,0.0416,0.0584,0.0754,0.1338,"Emery County, Utah"
152059,15,2059,0.0617,0.0357,0.0589,0.0645,0.1818,0.0896,0.0658,0.1323,0.0589,0.0055,0.0539,0.048,0.0278,0.0458,0.0502,0.1416,0.0698,0.0513,0.103,0.0459,0.0043,0.042,0.0589,0.0756,0.1345,"Emery County, Utah"
152060,15,2060,0.0619,0.0358,0.059,0.0648,0.1823,0.0899,0.066,0.1326,0.0591,0.0055,0.054,0.0484,0.028,0.0462,0.0507,0.1427,0.0704,0.0517,0.1038,0.0462,0.0043,0.0423,0.0594,0.0759,0.1353,"Emery County, Utah"
152061,15,2061,0.0621,0.0359,0.0592,0.065,0.1829,0.0902,0.0662,0.1329,0.0592,0.0056,0.0542,0.0488,0.0283,0.0466,0.0512,0.1439,0.0709,0.0521,0.1046,0.0466,0.0044,0.0427,0.0599,0.0761,0.136,"Emery County, Utah"
152062,15,2062,0.0622,0.036,0.0594,0.0652,0.1834,0.0904,0.0664,0.1333,0.0594,0.0056,0.0544,0.0492,0.0285,0.047,0.0516,0.145,0.0715,0.0525,0.1054,0.047,0.0044,0.043,0.0604,0.0763,0.1367,"Emery County, Utah"
152063,15,2063,0.0624,0.0361,0.0595,0.0654,0.1839,0.0907,0.0666,0.1335,0.0596,0.0056,0.0545,0.0496,0.0287,0.0473,0.052,0.1462,0.0721,0.053,0.1061,0.0474,0.0044,0.0433,0.0609,0.0766,0.1375,"Emery County, Utah"
152064,15,2064,0.0626,0.0362,0.0597,0.0657,0.1844,0.0909,0.0668,0.1338,0.0597,0.0056,0.0547,0.05,0.0289,0.0477,0.0525,0.1473,0.0726,0.0534,0.1069,0.0477,0.0045,0.0437,0.0614,0.0768,0.1382,"Emery County, Utah"
152065,15,2065,0.0627,0.0363,0.0599,0.0659,0.1849,0.0911,0.067,0.1341,0.0599,0.0056,0.0548,0.0504,0.0291,0.0481,0.0529,0.1484,0.0732,0.0538,0.1077,0.0481,0.0045,0.044,0.0619,0.0771,0.139,"Emery County, Utah"
172023,17,2023,0.0775,0.0449,0.074,0.0862,0.2289,0.1114,0.0828,0.1677,0.0736,0.0069,0.0677,0.0341,0.0198,0.0326,0.038,0.1008,0.0491,0.0364,0.0738,0.0324,0.0031,0.0298,0.0411,0.0934,0.1345,"Garfield County, Utah"
172024,17,2024,0.0749,0.0433,0.0714,0.0835,0.2208,0.1075,0.0799,0.1663,0.071,0.0067,0.0654,0.0341,0.0197,0.0325,0.038,0.1005,0.0489,0.0364,0.0757,0.0323,0.0031,0.0298,0.0403,0.0886,0.1289,"Garfield County, Utah"
172025,17,2025,0.0683,0.0395,0.0652,0.0763,0.2015,0.0981,0.073,0.152,0.0648,0.0061,0.0597,0.0362,0.0209,0.0345,0.0404,0.1066,0.0519,0.0386,0.0804,0.0343,0.0032,0.0316,0.0429,0.0811,0.124,"Garfield County, Utah"
172026,17,2026,0.065,0.0376,0.062,0.0726,0.1916,0.0932,0.0693,0.1443,0.0616,0.0058,0.0568,0.0364,0.021,0.0347,0.0406,0.1072,0.0522,0.0388,0.0808,0.0345,0.0033,0.0318,0.0431,0.0771,0.1202,"Garfield County, Utah"
172027,17,2027,0.0625,0.0362,0.0596,0.07,0.1843,0.0897,0.0667,0.138,0.0593,0.0056,0.0546,0.0366,0.0212,0.0349,0.041,0.1079,0.0525,0.0391,0.0808,0.0347,0.0033,0.032,0.0434,0.0741,0.1175,"Garfield County, Utah"
172028,17,2028,0.0606,0.0351,0.0579,0.068,0.1788,0.087,0.0647,0.133,0.0575,0.0054,0.053,0.0369,0.0213,0.0352,0.0413,0.1087,0.0529,0.0394,0.0808,0.035,0.0033,0.0322,0.0437,0.0718,0.1155,"Garfield County, Utah"
172029,17,2029,0.0591,0.0342,0.0564,0.0665,0.1742,0.0848,0.0631,0.1292,0.0561,0.0053,0.0516,0.0371,0.0214,0.0354,0.0417,0.1093,0.0532,0.0396,0.081,0.0352,0.0033,0.0324,0.044,0.0702,0.1142,"Garfield County, Utah"
172030,17,2030,0.0579,0.0335,0.0553,0.0653,0.1708,0.0831,0.0618,0.1265,0.0549,0.0052,0.0506,0.0373,0.0216,0.0356,0.042,0.1099,0.0535,0.0398,0.0814,0.0354,0.0033,0.0326,0.0444,0.0689,0.1133,"Garfield County, Utah"
172031,17,2031,0.0579,0.0335,0.0553,0.0656,0.1708,0.0832,0.0618,0.1264,0.055,0.0052,0.0506,0.0376,0.0218,0.0359,0.0425,0.1108,0.054,0.0401,0.082,0.0357,0.0034,0.0328,0.0449,0.0692,0.1141,"Garfield County, Utah"
172032,17,2032,0.0579,0.0335,0.0553,0.0657,0.1709,0.0832,0.0619,0.1265,0.055,0.0052,0.0506,0.0379,0.0219,0.0362,0.043,0.1118,0.0544,0.0405,0.0828,0.036,0.0034,0.0331,0.0454,0.0694,0.1148,"Garfield County, Utah"
172033,17,2033,0.058,0.0336,0.0554,0.0659,0.1711,0.0834,0.062,0.1266,0.0551,0.0052,0.0507,0.0383,0.0222,0.0365,0.0434,0.1128,0.055,0.0409,0.0835,0.0363,0.0034,0.0334,0.0459,0.0696,0.1155,"Garfield County, Utah"
172034,17,2034,0.0581,0.0336,0.0555,0.0663,0.1714,0.0836,0.0621,0.1264,0.0552,0.0052,0.0508,0.0386,0.0224,0.0369,0.0441,0.1139,0.0555,0.0412,0.084,0.0367,0.0035,0.0338,0.0464,0.0698,0.1162,"Garfield County, Utah"
172035,17,2035,0.0582,0.0337,0.0555,0.0665,0.1715,0.0837,0.0621,0.1273,0.0552,0.0052,0.0508,0.0389,0.0225,0.0372,0.0445,0.1148,0.056,0.0416,0.0853,0.0369,0.0035,0.034,0.0469,0.0701,0.117,"Garfield County, Utah"
172036,17,2036,0.0582,0.0337,0.0556,0.0668,0.1717,0.0838,0.0622,0.1277,0.0553,0.0052,0.0509,0.0393,0.0227,0.0375,0.0451,0.1158,0.0566,0.0419,0.0861,0.0373,0.0035,0.0343,0.0474,0.0703,0.1177,"Garfield County, Utah"
172037,17,2037,0.0583,0.0338,0.0557,0.067,0.172,0.084,0.0623,0.1279,0.0553,0.0052,0.051,0.0396,0.0229,0.0378,0.0456,0.1169,0.0571,0.0423,0.0869,0.0376,0.0036,0.0346,0.0479,0.0705,0.1184,"Garfield County, Utah"
172038,17,2038,0.0583,0.0338,0.0557,0.0673,0.172,0.0841,0.0623,0.1278,0.0553,0.0052,0.051,0.0399,0.0231,0.0381,0.0461,0.1177,0.0575,0.0426,0.0875,0.0379,0.0036,0.0349,0.0484,0.0708,0.1192,"Garfield County, Utah"
172039,17,2039,0.0584,0.0338,0.0558,0.0675,0.1722,0.0842,0.0624,0.1281,0.0554,0.0052,0.051,0.0403,0.0233,0.0384,0.0465,0.1187,0.0581,0.043,0.0883,0.0382,0.0036,0.0352,0.0489,0.071,0.1199,"Garfield County, Utah"
172040,17,2040,0.0584,0.0338,0.0558,0.0677,0.1723,0.0843,0.0624,0.128,0.0554,0.0052,0.051,0.0406,0.0235,0.0387,0.047,0.1196,0.0585,0.0433,0.0889,0.0385,0.0036,0.0354,0.0494,0.0712,0.1206,"Garfield County, Utah"
172041,17,2041,0.0585,0.0339,0.0559,0.068,0.1726,0.0844,0.0625,0.1282,0.0555,0.0052,0.0511,0.0409,0.0237,0.0391,0.0475,0.1206,0.059,0.0437,0.0896,0.0388,0.0037,0.0358,0.0499,0.0714,0.1213,"Garfield County, Utah"
172042,17,2042,0.0586,0.0339,0.0559,0.0683,0.1727,0.0846,0.0625,0.1283,0.0556,0.0053,0.0512,0.0412,0.0239,0.0393,0.048,0.1215,0.0595,0.044,0.0903,0.0391,0.0037,0.036,0.0504,0.0717,0.1221,"Garfield County, Utah"
172043,17,2043,0.0586,0.0339,0.0559,0.0683,0.1728,0.0847,0.0626,0.1284,0.0556,0.0053,0.0512,0.0415,0.024,0.0396,0.0484,0.1225,0.06,0.0443,0.091,0.0394,0.0037,0.0363,0.0509,0.0719,0.1228,"Garfield County, Utah"
172044,17,2044,0.0587,0.0339,0.056,0.0687,0.1729,0.0847,0.0626,0.1285,0.0556,0.0053,0.0512,0.0418,0.0242,0.0399,0.049,0.1233,0.0604,0.0447,0.0916,0.0397,0.0038,0.0365,0.0514,0.0721,0.1235,"Garfield County, Utah"
172045,17,2045,0.0587,0.034,0.0561,0.0688,0.1732,0.0849,0.0627,0.1287,0.0557,0.0053,0.0513,0.0422,0.0244,0.0402,0.0494,0.1243,0.061,0.045,0.0924,0.04,0.0038,0.0368,0.0519,0.0724,0.1243,"Garfield County, Utah"
172046,17,2046,0.0588,0.034,0.0561,0.069,0.1734,0.085,0.0628,0.1288,0.0558,0.0053,0.0514,0.0425,0.0246,0.0405,0.0499,0.1252,0.0614,0.0454,0.093,0.0403,0.0038,0.0371,0.0524,0.0726,0.125,"Garfield County, Utah"
172047,17,2047,0.0589,0.0341,0.0562,0.0693,0.1736,0.0852,0.0629,0.1291,0.0559,0.0053,0.0515,0.0428,0.0248,0.0409,0.0504,0.1262,0.0619,0.0457,0.0939,0.0406,0.0038,0.0374,0.0529,0.0728,0.1257,"Garfield County, Utah"
172048,17,2048,0.059,0.0341,0.0563,0.0695,0.1738,0.0853,0.063,0.1292,0.0559,0.0053,0.0515,0.0431,0.025,0.0412,0.0508,0.1271,0.0624,0.0461,0.0945,0.0409,0.0039,0.0377,0.0534,0.0731,0.1265,"Garfield County, Utah"
172049,17,2049,0.0592,0.0342,0.0565,0.0698,0.1744,0.0855,0.0632,0.1295,0.0561,0.0053,0.0517,0.0435,0.0252,0.0416,0.0514,0.1283,0.063,0.0465,0.0953,0.0413,0.0039,0.038,0.0539,0.0733,0.1272,"Garfield County, Utah"
172050,17,2050,0.0593,0.0343,0.0566,0.0702,0.1747,0.0857,0.0633,0.1297,0.0562,0.0053,0.0518,0.0439,0.0254,0.0419,0.052,0.1294,0.0635,0.0469,0.096,0.0416,0.0039,0.0383,0.0544,0.0735,0.1279,"Garfield County, Utah"
172051,17,2051,0.0594,0.0344,0.0567,0.0703,0.175,0.0859,0.0634,0.13,0.0563,0.0053,0.0519,0.0442,0.0256,0.0422,0.0524,0.1304,0.064,0.0472,0.0968,0.042,0.004,0.0386,0.0549,0.0738,0.1287,"Garfield County, Utah"
172052,17,2052,0.0595,0.0345,0.0568,0.0706,0.1755,0.0861,0.0636,0.1302,0.0565,0.0053,0.052,0.0446,0.0258,0.0426,0.0529,0.1315,0.0645,0.0476,0.0976,0.0423,0.004,0.039,0.0554,0.074,0.1294,"Garfield County, Utah"
172053,17,2053,0.0597,0.0345,0.0569,0.0709,0.1758,0.0863,0.0637,0.1306,0.0566,0.0053,0.0521,0.045,0.026,0.0429,0.0534,0.1325,0.065,0.048,0.0984,0.0426,0.004,0.0393,0.0559,0.0742,0.1301,"Garfield County, Utah"
172054,17,2054,0.0598,0.0346,0.0571,0.0712,0.1763,0.0865,0.0639,0.1308,0.0567,0.0054,0.0523,0.0453,0.0262,0.0433,0.054,0.1336,0.0656,0.0484,0.0991,0.043,0.0041,0.0396,0.0564,0.0745,0.1309,"Garfield County, Utah"
172055,17,2055,0.06,0.0347,0.0573,0.0716,0.1768,0.0868,0.0641,0.1311,0.0569,0.0054,0.0524,0.0457,0.0265,0.0436,0.0546,0.1348,0.0662,0.0488,0.0999,0.0434,0.0041,0.04,0.0569,0.0747,0.1316,"Garfield County, Utah"
172056,17,2056,0.0601,0.0348,0.0574,0.0719,0.1772,0.087,0.0642,0.1313,0.057,0.0054,0.0525,0.0461,0.0267,0.044,0.0551,0.1358,0.0666,0.0492,0.1006,0.0437,0.0041,0.0402,0.0574,0.0749,0.1323,"Garfield County, Utah"
172057,17,2057,0.0602,0.0348,0.0575,0.072,0.1774,0.0871,0.0643,0.1316,0.0571,0.0054,0.0526,0.0464,0.0268,0.0443,0.0554,0.1367,0.0671,0.0495,0.1014,0.044,0.0042,0.0405,0.0579,0.0752,0.1331,"Garfield County, Utah"
172058,17,2058,0.0603,0.0349,0.0575,0.0722,0.1777,0.0873,0.0644,0.1317,0.0572,0.0054,0.0527,0.0467,0.027,0.0446,0.0559,0.1376,0.0676,0.0499,0.1021,0.0443,0.0042,0.0408,0.0584,0.0754,0.1338,"Garfield County, Utah"
172059,17,2059,0.0604,0.035,0.0576,0.0725,0.178,0.0875,0.0645,0.1319,0.0573,0.0054,0.0528,0.047,0.0272,0.0449,0.0564,0.1386,0.0681,0.0502,0.1027,0.0446,0.0042,0.0411,0.0589,0.0756,0.1345,"Garfield County, Utah"
172060,17,2060,0.0605,0.035,0.0577,0.0727,0.1783,0.0876,0.0646,0.132,0.0574,0.0054,0.0528,0.0474,0.0274,0.0452,0.0569,0.1395,0.0686,0.0506,0.1034,0.0449,0.0042,0.0414,0.0594,0.0759,0.1353,"Garfield County, Utah"
172061,17,2061,0.0606,0.0351,0.0578,0.0729,0.1785,0.0877,0.0647,0.1322,0.0575,0.0054,0.0529,0.0477,0.0276,0.0455,0.0574,0.1405,0.069,0.0509,0.104,0.0452,0.0043,0.0416,0.0599,0.0761,0.136,"Garfield County, Utah"
172062,17,2062,0.0607,0.0351,0.0579,0.0732,0.1788,0.0879,0.0648,0.1324,0.0576,0.0054,0.053,0.048,0.0278,0.0458,0.0579,0.1414,0.0695,0.0512,0.1047,0.0455,0.0043,0.0419,0.0604,0.0763,0.1367,"Garfield County, Utah"
172063,17,2063,0.0608,0.0352,0.058,0.0733,0.1791,0.088,0.0649,0.1326,0.0576,0.0054,0.0531,0.0483,0.028,0.0461,0.0583,0.1424,0.0699,0.0516,0.1054,0.0458,0.0043,0.0422,0.0609,0.0766,0.1375,"Garfield County, Utah"
172064,17,2064,0.0609,0.0352,0.0581,0.0737,0.1794,0.0881,0.065,0.1328,0.0577,0.0055,0.0532,0.0486,0.0282,0.0464,0.0589,0.1433,0.0704,0.0519,0.1061,0.0461,0.0044,0.0425,0.0614,0.0768,0.1382,"Garfield County, Utah"
172065,17,2065,0.061,0.0353,0.0582,0.0738,0.1797,0.0883,0.0651,0.133,0.0578,0.0055,0.0533,0.049,0.0283,0.0467,0.0593,0.1443,0.0709,0.0523,0.1067,0.0464,0.0044,0.0428,0.0619,0.0771,0.139,"Garfield County, Utah"
192023,19,2023,0.0726,0.042,0.0693,0.082,0.2136,0.1028,0.0775,0.1444,0.0693,0.0065,0.0634,0.032,0.0185,0.0305,0.0361,0.0941,0.0453,0.0341,0.0636,0.0305,0.0029,0.0279,0.0411,0.0934,0.1345,"Grand County, Utah"
192024,19,2024,0.0689,0.0399,0.0658,0.0777,0.2027,0.097,0.0736,0.1377,0.0658,0.0062,0.0602,0.0314,0.0181,0.0299,0.0353,0.0923,0.0442,0.0335,0.0627,0.0299,0.0028,0.0274,0.0403,0.0886,0.1289,"Grand County, Utah"
192025,19,2025,0.0628,0.0364,0.06,0.0707,0.1848,0.0886,0.0671,0.1258,0.06,0.0056,0.0549,0.0332,0.0192,0.0317,0.0374,0.0978,0.0469,0.0355,0.0666,0.0317,0.003,0.029,0.0429,0.0811,0.124,"Grand County, Utah"
192026,19,2026,0.0597,0.0346,0.057,0.0673,0.1757,0.0842,0.0637,0.1193,0.057,0.0054,0.0522,0.0334,0.0193,0.0319,0.0376,0.0983,0.0471,0.0357,0.0668,0.0319,0.003,0.0292,0.0431,0.0771,0.1202,"Grand County, Utah"
192027,19,2027,0.0575,0.0333,0.0548,0.0647,0.1691,0.0811,0.0614,0.1136,0.0549,0.0052,0.0502,0.0337,0.0195,0.0321,0.0379,0.099,0.0475,0.0359,0.0665,0.0321,0.003,0.0294,0.0434,0.0741,0.1175,"Grand County, Utah"
192028,19,2028,0.0557,0.0323,0.0532,0.0628,0.164,0.0787,0.0595,0.1089,0.0532,0.005,0.0487,0.0339,0.0196,0.0323,0.0382,0.0997,0.0479,0.0362,0.0662,0.0323,0.003,0.0296,0.0437,0.0718,0.1155,"Grand County, Utah"
192029,19,2029,0.0542,0.0314,0.0518,0.0612,0.1596,0.0767,0.0579,0.1057,0.0518,0.0049,0.0474,0.034,0.0197,0.0325,0.0384,0.1001,0.0481,0.0363,0.0663,0.0325,0.003,0.0297,0.044,0.0702,0.1142,"Grand County, Utah"
192030,19,2030,0.053,0.0307,0.0506,0.0599,0.156,0.075,0.0566,0.1034,0.0506,0.0048,0.0463,0.0341,0.0198,0.0326,0.0386,0.1004,0.0483,0.0364,0.0666,0.0326,0.0031,0.0298,0.0444,0.0689,0.1133,"Grand County, Utah"
192031,19,2031,0.053,0.0307,0.0505,0.0599,0.1558,0.075,0.0565,0.1034,0.0506,0.0047,0.0463,0.0344,0.0199,0.0328,0.0389,0.1011,0.0487,0.0367,0.0671,0.0328,0.0031,0.03,0.0449,0.0692,0.1141,"Grand County, Utah"
192032,19,2032,0.0529,0.0306,0.0505,0.06,0.1558,0.075,0.0565,0.1034,0.0505,0.0047,0.0463,0.0346,0.02,0.0331,0.0392,0.1019,0.0491,0.037,0.0677,0.0331,0.0031,0.0303,0.0454,0.0694,0.1148,"Grand County, Utah"
192033,19,2033,0.053,0.0307,0.0506,0.0601,0.1559,0.0751,0.0566,0.1034,0.0506,0.0048,0.0463,0.0349,0.0202,0.0333,0.0396,0.1028,0.0496,0.0373,0.0682,0.0334,0.0031,0.0305,0.0459,0.0696,0.1155,"Grand County, Utah"
192034,19,2034,0.053,0.0307,0.0506,0.0603,0.1559,0.0752,0.0566,0.1032,0.0506,0.0048,0.0463,0.0352,0.0204,0.0336,0.0401,0.1036,0.05,0.0376,0.0686,0.0336,0.0032,0.0308,0.0464,0.0698,0.1162,"Grand County, Utah"
192035,19,2035,0.053,0.0306,0.0505,0.0604,0.1558,0.0752,0.0565,0.1042,0.0506,0.0047,0.0463,0.0355,0.0205,0.0338,0.0404,0.1043,0.0504,0.0379,0.0697,0.0339,0.0032,0.031,0.0469,0.0701,0.117,"Grand County, Utah"
192036,19,2036,0.053,0.0306,0.0505,0.0606,0.1558,0.0753,0.0565,0.1044,0.0506,0.0047,0.0463,0.0357,0.0207,0.0341,0.0409,0.1051,0.0508,0.0381,0.0704,0.0341,0.0032,0.0312,0.0474,0.0703,0.1177,"Grand County, Utah"
192037,19,2037,0.053,0.0307,0.0506,0.0608,0.1559,0.0754,0.0566,0.1046,0.0506,0.0048,0.0463,0.036,0.0208,0.0344,0.0413,0.1059,0.0512,0.0384,0.0711,0.0344,0.0032,0.0315,0.0479,0.0705,0.1184,"Grand County, Utah"
192038,19,2038,0.053,0.0307,0.0506,0.0609,0.156,0.0755,0.0566,0.1047,0.0502,0.0048,0.0463,0.0363,0.021,0.0346,0.0417,0.1068,0.0517,0.0387,0.0717,0.0343,0.0033,0.0317,0.0484,0.0708,0.1192,"Grand County, Utah"
192039,19,2039,0.0531,0.0307,0.0506,0.0611,0.1561,0.0756,0.0567,0.1048,0.0502,0.0048,0.0464,0.0366,0.0212,0.0349,0.0421,0.1076,0.0521,0.0391,0.0723,0.0346,0.0033,0.032,0.0489,0.071,0.1199,"Grand County, Utah"
192040,19,2040,0.0531,0.0307,0.0507,0.0612,0.1562,0.0757,0.0567,0.1048,0.0502,0.0048,0.0464,0.0369,0.0213,0.0352,0.0425,0.1085,0.0525,0.0394,0.0728,0.0349,0.0033,0.0322,0.0494,0.0712,0.1206,"Grand County, Utah"
192041,19,2041,0.0532,0.0308,0.0507,0.0614,0.1564,0.0758,0.0568,0.1049,0.0503,0.0048,0.0464,0.0372,0.0215,0.0355,0.0429,0.1094,0.053,0.0397,0.0734,0.0352,0.0033,0.0325,0.0499,0.0714,0.1213,"Grand County, Utah"
192042,19,2042,0.0532,0.0308,0.0508,0.0615,0.1565,0.0759,0.0568,0.105,0.0503,0.0048,0.0465,0.0374,0.0217,0.0357,0.0433,0.1102,0.0534,0.04,0.0739,0.0354,0.0034,0.0327,0.0504,0.0717,0.1221,"Grand County, Utah"
192043,19,2043,0.0533,0.0308,0.0508,0.0617,0.1567,0.076,0.0569,0.1051,0.0504,0.0048,0.0465,0.0377,0.0218,0.036,0.0437,0.111,0.0538,0.0403,0.0745,0.0357,0.0034,0.033,0.0509,0.0719,0.1228,"Grand County, Utah"
192044,19,2044,0.0533,0.0308,0.0508,0.0618,0.1568,0.076,0.0569,0.1052,0.0504,0.0048,0.0465,0.038,0.022,0.0363,0.0441,0.1118,0.0542,0.0406,0.075,0.036,0.0034,0.0332,0.0514,0.0721,0.1235,"Grand County, Utah"
192045,19,2045,0.0533,0.0309,0.0509,0.0619,0.1569,0.0761,0.0569,0.1053,0.0504,0.0048,0.0466,0.0383,0.0222,0.0365,0.0444,0.1126,0.0547,0.0409,0.0756,0.0362,0.0034,0.0334,0.0519,0.0724,0.1243,"Grand County, Utah"
192046,19,2046,0.0534,0.0309,0.0509,0.062,0.157,0.0762,0.057,0.1053,0.0505,0.0048,0.0466,0.0386,0.0223,0.0368,0.0448,0.1134,0.0551,0.0412,0.0761,0.0365,0.0035,0.0337,0.0524,0.0726,0.125,"Grand County, Utah"
192047,19,2047,0.0534,0.0309,0.051,0.0622,0.1572,0.0763,0.057,0.1054,0.0505,0.0048,0.0467,0.0388,0.0225,0.0371,0.0452,0.1143,0.0555,0.0415,0.0766,0.0367,0.0035,0.0339,0.0529,0.0728,0.1257,"Grand County, Utah"
192048,19,2048,0.0535,0.031,0.0511,0.0623,0.1574,0.0764,0.0571,0.1056,0.0506,0.0048,0.0467,0.0391,0.0226,0.0373,0.0456,0.1151,0.0559,0.0418,0.0772,0.037,0.0035,0.0342,0.0534,0.0731,0.1265,"Grand County, Utah"
192049,19,2049,0.0536,0.031,0.0511,0.0625,0.1576,0.0765,0.0572,0.1057,0.0507,0.0048,0.0468,0.0394,0.0228,0.0376,0.046,0.116,0.0563,0.0421,0.0778,0.0373,0.0035,0.0345,0.0539,0.0733,0.1272,"Grand County, Utah"
192050,19,2050,0.0537,0.0311,0.0512,0.0627,0.1579,0.0767,0.0573,0.1058,0.0508,0.0048,0.0469,0.0397,0.023,0.0379,0.0464,0.1169,0.0568,0.0424,0.0783,0.0376,0.0036,0.0347,0.0544,0.0735,0.1279,"Grand County, Utah"
192051,19,2051,0.0538,0.0311,0.0513,0.0629,0.1583,0.0768,0.0574,0.106,0.0509,0.0048,0.047,0.0401,0.0232,0.0382,0.0468,0.1179,0.0572,0.0428,0.0789,0.0379,0.0036,0.035,0.0549,0.0738,0.1287,"Grand County, Utah"
192052,19,2052,0.0539,0.0312,0.0515,0.0632,0.1586,0.077,0.0576,0.1061,0.051,0.0048,0.0471,0.0404,0.0234,0.0386,0.0473,0.1189,0.0577,0.0431,0.0795,0.0382,0.0036,0.0353,0.0554,0.074,0.1294,"Grand County, Utah"
192053,19,2053,0.0541,0.0313,0.0516,0.0634,0.1591,0.0772,0.0577,0.1064,0.0511,0.0048,0.0472,0.0407,0.0236,0.0389,0.0478,0.1199,0.0582,0.0435,0.0801,0.0385,0.0037,0.0356,0.0559,0.0742,0.1301,"Grand County, Utah"
192054,19,2054,0.0542,0.0314,0.0517,0.0636,0.1595,0.0774,0.0579,0.1066,0.0513,0.0049,0.0474,0.0411,0.0238,0.0392,0.0482,0.1209,0.0586,0.0439,0.0808,0.0389,0.0037,0.0359,0.0564,0.0745,0.1309,"Grand County, Utah"
192055,19,2055,0.0544,0.0315,0.0519,0.0639,0.16,0.0776,0.058,0.1068,0.0514,0.0049,0.0475,0.0414,0.024,0.0395,0.0487,0.1219,0.0591,0.0442,0.0814,0.0392,0.0037,0.0362,0.0569,0.0747,0.1316,"Grand County, Utah"
192056,19,2056,0.0545,0.0315,0.052,0.0641,0.1603,0.0777,0.0582,0.1068,0.0515,0.0049,0.0476,0.0418,0.0242,0.0398,0.0491,0.1229,0.0596,0.0446,0.0819,0.0395,0.0037,0.0365,0.0574,0.0749,0.1323,"Grand County, Utah"
192057,19,2057,0.0546,0.0316,0.0521,0.0643,0.1606,0.0779,0.0583,0.1069,0.0516,0.0049,0.0477,0.0421,0.0243,0.0401,0.0495,0.1238,0.06,0.0449,0.0824,0.0398,0.0038,0.0367,0.0579,0.0752,0.1331,"Grand County, Utah"
192058,19,2058,0.0547,0.0317,0.0522,0.0644,0.1609,0.078,0.0584,0.107,0.0517,0.0049,0.0478,0.0424,0.0245,0.0404,0.0499,0.1247,0.0604,0.0452,0.0829,0.0401,0.0038,0.037,0.0584,0.0754,0.1338,"Grand County, Utah"
192059,19,2059,0.0548,0.0317,0.0523,0.0646,0.1613,0.0782,0.0585,0.107,0.0518,0.0049,0.0479,0.0427,0.0247,0.0407,0.0503,0.1256,0.0609,0.0456,0.0834,0.0404,0.0038,0.0373,0.0589,0.0756,0.1345,"Grand County, Utah"
192060,19,2060,0.0549,0.0318,0.0524,0.0648,0.1616,0.0784,0.0586,0.1071,0.0519,0.0049,0.048,0.043,0.0249,0.041,0.0507,0.1265,0.0614,0.0459,0.0839,0.0407,0.0039,0.0376,0.0594,0.0759,0.1353,"Grand County, Utah"
192061,19,2061,0.055,0.0319,0.0525,0.065,0.1619,0.0786,0.0588,0.1072,0.0521,0.0049,0.0481,0.0433,0.0251,0.0413,0.0511,0.1274,0.0618,0.0462,0.0844,0.041,0.0039,0.0378,0.0599,0.0761,0.136,"Grand County, Utah"
192062,19,2062,0.0552,0.0319,0.0526,0.0652,0.1623,0.0787,0.0589,0.1073,0.0522,0.0049,0.0482,0.0436,0.0252,0.0416,0.0516,0.1283,0.0623,0.0466,0.0849,0.0413,0.0039,0.0381,0.0604,0.0763,0.1367,"Grand County, Utah"
192063,19,2063,0.0553,0.032,0.0527,0.0654,0.1626,0.0789,0.059,0.1074,0.0523,0.005,0.0483,0.0439,0.0254,0.0419,0.052,0.1293,0.0627,0.0469,0.0854,0.0416,0.0039,0.0384,0.0609,0.0766,0.1375,"Grand County, Utah"
192064,19,2064,0.0554,0.0321,0.0529,0.0656,0.1629,0.0791,0.0591,0.1075,0.0524,0.005,0.0484,0.0442,0.0256,0.0422,0.0524,0.1302,0.0632,0.0472,0.0859,0.0418,0.004,0.0387,0.0614,0.0768,0.1382,"Grand County, Utah"
192065,19,2065,0.0555,0.0321,0.053,0.0658,0.1633,0.0793,0.0593,0.1076,0.0525,0.005,0.0485,0.0446,0.0258,0.0425,0.0528,0.1311,0.0637,0.0476,0.0864,0.0421,0.004,0.0389,0.0619,0.0771,0.139,"Grand County, Utah"
212023,21,2023,0.0655,0.0379,0.0625,0.0751,0.1928,0.0925,0.0699,0.1522,0.0449,0.0059,0.0572,0.02,0.0116,0.0191,0.0229,0.0588,0.0282,0.0213,0.0464,0.0137,0.0018,0.0175,0.029,0.0952,0.1242,"Iron County, Utah"
212024,21,2024,0.0623,0.036,0.0594,0.0716,0.1832,0.0881,0.0665,0.1447,0.0427,0.0056,0.0544,0.0196,0.0114,0.0187,0.0226,0.0578,0.0278,0.021,0.0456,0.0134,0.0018,0.0171,0.0285,0.0906,0.1191,"Iron County, Utah"
212025,21,2025,0.0574,0.0332,0.0548,0.0656,0.169,0.0813,0.0613,0.1335,0.0394,0.0051,0.0502,0.0211,0.0122,0.0201,0.0241,0.062,0.0298,0.0225,0.0489,0.0144,0.0019,0.0184,0.0307,0.0839,0.1146,"Iron County, Utah"
212026,21,2026,0.0549,0.0317,0.0523,0.0624,0.1614,0.0776,0.0586,0.1274,0.0376,0.0049,0.0479,0.0213,0.0123,0.0203,0.0242,0.0626,0.0301,0.0227,0.0494,0.0146,0.0019,0.0186,0.031,0.08,0.111,"Iron County, Utah"
212027,21,2027,0.053,0.0307,0.0506,0.0601,0.156,0.075,0.0566,0.1226,0.0364,0.0048,0.0463,0.0215,0.0124,0.0205,0.0244,0.0633,0.0304,0.023,0.0497,0.0147,0.0019,0.0188,0.0313,0.0772,0.1085,"Iron County, Utah"
212028,21,2028,0.0516,0.0299,0.0493,0.0583,0.1519,0.0731,0.0551,0.1188,0.0354,0.0046,0.0451,0.0217,0.0126,0.0207,0.0246,0.064,0.0308,0.0232,0.05,0.0149,0.0019,0.019,0.0316,0.0751,0.1067,"Iron County, Utah"
212029,21,2029,0.0506,0.0293,0.0483,0.057,0.1489,0.0717,0.054,0.1163,0.0347,0.0045,0.0442,0.022,0.0127,0.021,0.0248,0.0647,0.0311,0.0235,0.0505,0.0151,0.002,0.0192,0.0319,0.0735,0.1054,"Iron County, Utah"
212030,21,2030,0.0497,0.0288,0.0475,0.0559,0.1464,0.0705,0.0531,0.1143,0.0341,0.0045,0.0435,0.0222,0.0128,0.0212,0.0249,0.0653,0.0314,0.0237,0.051,0.0152,0.002,0.0194,0.0323,0.0724,0.1047,"Iron County, Utah"
212031,21,2031,0.0499,0.0289,0.0476,0.0559,0.1467,0.0708,0.0532,0.1146,0.0342,0.0045,0.0436,0.0224,0.013,0.0214,0.0251,0.066,0.0318,0.0239,0.0515,0.0154,0.002,0.0196,0.0327,0.0727,0.1054,"Iron County, Utah"
212032,21,2032,0.05,0.0289,0.0477,0.0558,0.1471,0.071,0.0534,0.1149,0.0343,0.0045,0.0437,0.0226,0.0131,0.0216,0.0253,0.0666,0.0322,0.0242,0.0521,0.0155,0.002,0.0198,0.0331,0.073,0.1061,"Iron County, Utah"
212033,21,2033,0.0501,0.029,0.0478,0.0559,0.1475,0.0713,0.0535,0.1152,0.0344,0.0045,0.0438,0.0229,0.0132,0.0218,0.0255,0.0673,0.0326,0.0244,0.0526,0.0157,0.0021,0.02,0.0335,0.0733,0.1068,"Iron County, Utah"
212034,21,2034,0.0502,0.0291,0.0479,0.0559,0.1478,0.0715,0.0536,0.1153,0.0344,0.0045,0.0439,0.0231,0.0134,0.0221,0.0257,0.068,0.0329,0.0247,0.0531,0.0159,0.0021,0.0202,0.0338,0.0735,0.1073,"Iron County, Utah"
212035,21,2035,0.0504,0.0291,0.048,0.056,0.1482,0.0718,0.0538,0.1161,0.0346,0.0045,0.044,0.0233,0.0135,0.0223,0.0259,0.0687,0.0333,0.0249,0.0539,0.016,0.0021,0.0204,0.0342,0.0738,0.108,"Iron County, Utah"
212036,21,2036,0.0505,0.0292,0.0482,0.056,0.1485,0.0721,0.0539,0.1165,0.0346,0.0045,0.0441,0.0236,0.0136,0.0225,0.0262,0.0694,0.0337,0.0252,0.0544,0.0162,0.0021,0.0206,0.0346,0.0741,0.1087,"Iron County, Utah"
212037,21,2037,0.0506,0.0293,0.0483,0.0561,0.1489,0.0724,0.054,0.1168,0.0347,0.0045,0.0442,0.0238,0.0138,0.0227,0.0264,0.0701,0.0341,0.0254,0.055,0.0163,0.0021,0.0208,0.035,0.0744,0.1094,"Iron County, Utah"
212038,21,2038,0.0507,0.0293,0.0484,0.056,0.1492,0.0726,0.0541,0.117,0.0348,0.0045,0.0443,0.024,0.0139,0.0229,0.0266,0.0707,0.0344,0.0257,0.0555,0.0165,0.0022,0.021,0.0354,0.0747,0.1101,"Iron County, Utah"
212039,21,2039,0.0508,0.0294,0.0485,0.0561,0.1495,0.0728,0.0542,0.1173,0.0349,0.0046,0.0444,0.0243,0.014,0.0232,0.0268,0.0714,0.0348,0.0259,0.056,0.0166,0.0022,0.0212,0.0358,0.075,0.1108,"Iron County, Utah"
212040,21,2040,0.051,0.0295,0.0486,0.0563,0.15,0.0731,0.0544,0.1176,0.035,0.0046,0.0445,0.0245,0.0142,0.0234,0.0271,0.0721,0.0351,0.0262,0.0565,0.0168,0.0022,0.0214,0.0362,0.0752,0.1114,"Iron County, Utah"
212041,21,2041,0.0511,0.0296,0.0488,0.0565,0.1504,0.0733,0.0546,0.1179,0.0351,0.0046,0.0447,0.0247,0.0143,0.0236,0.0274,0.0728,0.0355,0.0264,0.0571,0.017,0.0022,0.0216,0.0366,0.0755,0.1121,"Iron County, Utah"
212042,21,2042,0.0513,0.0297,0.0489,0.0567,0.1508,0.0736,0.0547,0.1182,0.0352,0.0046,0.0448,0.025,0.0145,0.0238,0.0276,0.0735,0.0359,0.0267,0.0576,0.0171,0.0022,0.0218,0.037,0.0758,0.1128,"Iron County, Utah"
212043,21,2043,0.0514,0.0298,0.0491,0.0569,0.1513,0.0739,0.0549,0.1186,0.0353,0.0046,0.0449,0.0252,0.0146,0.0241,0.0279,0.0743,0.0362,0.0269,0.0582,0.0173,0.0023,0.022,0.0373,0.0761,0.1134,"Iron County, Utah"
212044,21,2044,0.0516,0.0298,0.0492,0.0571,0.1518,0.0741,0.0551,0.1189,0.0354,0.0046,0.0451,0.0255,0.0147,0.0243,0.0282,0.075,0.0366,0.0272,0.0587,0.0175,0.0023,0.0223,0.0377,0.0764,0.1141,"Iron County, Utah"
212045,21,2045,0.0517,0.0299,0.0494,0.0573,0.1523,0.0744,0.0552,0.1193,0.0355,0.0046,0.0452,0.0257,0.0149,0.0245,0.0285,0.0757,0.037,0.0275,0.0593,0.0176,0.0023,0.0225,0.0381,0.0767,0.1148,"Iron County, Utah"
212046,21,2046,0.0519,0.0301,0.0496,0.0576,0.1528,0.0747,0.0554,0.1197,0.0356,0.0047,0.0454,0.026,0.015,0.0248,0.0288,0.0765,0.0374,0.0277,0.0599,0.0178,0.0023,0.0227,0.0385,0.077,0.1155,"Iron County, Utah"
212047,21,2047,0.0522,0.0302,0.0498,0.0578,0.1535,0.075,0.0557,0.1202,0.0358,0.0047,0.0456,0.0263,0.0152,0.0251,0.0291,0.0773,0.0378,0.028,0.0605,0.018,0.0024,0.0229,0.0389,0.0773,0.1162,"Iron County, Utah"
212048,21,2048,0.0524,0.0303,0.05,0.0581,0.1542,0.0754,0.0559,0.1207,0.0359,0.0047,0.0458,0.0265,0.0154,0.0253,0.0295,0.0781,0.0382,0.0283,0.0611,0.0182,0.0024,0.0232,0.0393,0.0775,0.1168,"Iron County, Utah"
212049,21,2049,0.0526,0.0305,0.0502,0.0584,0.1549,0.0758,0.0562,0.1212,0.0361,0.0047,0.046,0.0268,0.0155,0.0256,0.0298,0.079,0.0386,0.0286,0.0618,0.0184,0.0024,0.0234,0.0397,0.0778,0.1175,"Iron County, Utah"
212050,21,2050,0.0529,0.0306,0.0505,0.0587,0.1557,0.0762,0.0565,0.1218,0.0363,0.0047,0.0462,0.0271,0.0157,0.0259,0.0301,0.0798,0.0391,0.029,0.0625,0.0186,0.0024,0.0237,0.0401,0.0781,0.1182,"Iron County, Utah"
212051,21,2051,0.0532,0.0308,0.0507,0.0591,0.1565,0.0766,0.0568,0.1224,0.0365,0.0048,0.0465,0.0274,0.0159,0.0262,0.0305,0.0807,0.0395,0.0293,0.0631,0.0188,0.0025,0.024,0.0404,0.0784,0.1188,"Iron County, Utah"
212052,21,2052,0.0534,0.0309,0.051,0.0594,0.1573,0.077,0.0571,0.123,0.0367,0.0048,0.0467,0.0277,0.016,0.0265,0.0308,0.0816,0.04,0.0296,0.0638,0.019,0.0025,0.0242,0.0408,0.0787,0.1195,"Iron County, Utah"
212053,21,2053,0.0537,0.0311,0.0513,0.0597,0.1581,0.0774,0.0574,0.1236,0.0369,0.0048,0.0469,0.028,0.0162,0.0268,0.0312,0.0825,0.0404,0.0299,0.0645,0.0192,0.0025,0.0245,0.0412,0.079,0.1202,"Iron County, Utah"
212054,21,2054,0.054,0.0313,0.0515,0.0601,0.159,0.0779,0.0577,0.1242,0.037,0.0048,0.0472,0.0284,0.0164,0.0271,0.0315,0.0834,0.0409,0.0303,0.0652,0.0194,0.0025,0.0248,0.0416,0.0793,0.1209,"Iron County, Utah"
212055,21,2055,0.0543,0.0314,0.0518,0.0604,0.1598,0.0783,0.058,0.1248,0.0372,0.0049,0.0474,0.0287,0.0166,0.0274,0.0319,0.0843,0.0413,0.0306,0.0659,0.0197,0.0026,0.025,0.042,0.0796,0.1216,"Iron County, Utah"
212056,21,2056,0.0546,0.0316,0.0521,0.0607,0.1605,0.0787,0.0582,0.1253,0.0374,0.0049,0.0477,0.029,0.0168,0.0276,0.0322,0.0852,0.0418,0.0309,0.0665,0.0199,0.0026,0.0253,0.0424,0.0799,0.1223,"Iron County, Utah"
212057,21,2057,0.0548,0.0317,0.0523,0.061,0.1612,0.079,0.0585,0.1257,0.0376,0.0049,0.0479,0.0292,0.0169,0.0279,0.0325,0.086,0.0422,0.0312,0.0671,0.02,0.0026,0.0255,0.0428,0.0801,0.1229,"Iron County, Utah"
212058,21,2058,0.055,0.0318,0.0525,0.0613,0.1619,0.0794,0.0587,0.1262,0.0377,0.0049,0.0481,0.0295,0.0171,0.0282,0.0329,0.0869,0.0426,0.0315,0.0677,0.0202,0.0026,0.0258,0.0432,0.0804,0.1236,"Iron County, Utah"
212059,21,2059,0.0552,0.032,0.0527,0.0615,0.1625,0.0797,0.059,0.1266,0.0378,0.005,0.0482,0.0298,0.0172,0.0284,0.0332,0.0877,0.043,0.0318,0.0683,0.0204,0.0027,0.026,0.0435,0.0807,0.1242,"Iron County, Utah"
212060,21,2060,0.0554,0.0321,0.0529,0.0618,0.1631,0.0801,0.0592,0.127,0.038,0.005,0.0484,0.0301,0.0174,0.0287,0.0335,0.0885,0.0434,0.0321,0.0688,0.0206,0.0027,0.0263,0.0439,0.081,0.1249,"Iron County, Utah"
212061,21,2061,0.0556,0.0322,0.0531,0.062,0.1638,0.0804,0.0594,0.1274,0.0381,0.005,0.0486,0.0303,0.0176,0.0289,0.0338,0.0892,0.0438,0.0324,0.0694,0.0208,0.0027,0.0265,0.0443,0.0813,0.1256,"Iron County, Utah"
212062,21,2062,0.0559,0.0323,0.0533,0.0623,0.1644,0.0807,0.0596,0.1278,0.0382,0.005,0.0488,0.0306,0.0177,0.0292,0.0341,0.09,0.0442,0.0327,0.07,0.0209,0.0027,0.0267,0.0447,0.0816,0.1263,"Iron County, Utah"
212063,21,2063,0.0561,0.0324,0.0535,0.0626,0.165,0.0811,0.0598,0.1282,0.0384,0.005,0.049,0.0309,0.0179,0.0295,0.0344,0.0908,0.0446,0.0329,0.0706,0.0211,0.0028,0.027,0.0451,0.0819,0.127,"Iron County, Utah"
212064,21,2064,0.0563,0.0326,0.0537,0.0628,0.1656,0.0814,0.0601,0.1286,0.0385,0.005,0.0492,0.0311,0.018,0.0297,0.0348,0.0916,0.045,0.0332,0.0711,0.0213,0.0028,0.0272,0.0455,0.0822,0.1277,"Iron County, Utah"
212065,21,2065,0.0565,0.0327,0.0539,0.0631,0.1662,0.0817,0.0603,0.129,0.0386,0.0051,0.0493,0.0314,0.0182,0.03,0.0351,0.0924,0.0454,0.0335,0.0717,0.0215,0.0028,0.0274,0.0458,0.0825,0.1283,"Iron County, Utah"
232023,23,2023,0.0702,0.0406,0.067,0.0822,0.2065,0.0996,0.075,0.1534,0.0558,0.0063,0.0614,0.0309,0.0179,0.0295,0.0362,0.0909,0.0439,0.033,0.0676,0.0246,0.0028,0.027,0.0411,0.0934,0.1345,"Juab County, Utah"
232024,23,2024,0.0675,0.0391,0.0644,0.081,0.1985,0.0958,0.0721,0.1495,0.0535,0.0061,0.059,0.0307,0.0178,0.0293,0.0368,0.0903,0.0436,0.0328,0.0681,0.0244,0.0028,0.0268,0.0403,0.0886,0.1289,"Juab County, Utah"
232025,23,2025,0.0619,0.0358,0.0591,0.0742,0.1821,0.0879,0.0661,0.1373,0.049,0.0056,0.0541,0.0328,0.019,0.0313,0.0393,0.0964,0.0465,0.035,0.0727,0.0259,0.0029,0.0286,0.0429,0.0811,0.124,"Juab County, Utah"
232026,23,2026,0.0591,0.0342,0.0564,0.071,0.1737,0.0839,0.0631,0.1308,0.0468,0.0053,0.0516,0.0331,0.0191,0.0315,0.0397,0.0972,0.047,0.0353,0.0732,0.0262,0.003,0.0289,0.0431,0.0771,0.1202,"Juab County, Utah"
232027,23,2027,0.057,0.033,0.0544,0.0686,0.1677,0.0811,0.0609,0.1258,0.0451,0.0051,0.0498,0.0334,0.0193,0.0319,0.0402,0.0982,0.0475,0.0357,0.0737,0.0264,0.003,0.0292,0.0434,0.0741,0.1175,"Juab County, Utah"
232028,23,2028,0.0555,0.0321,0.053,0.067,0.1632,0.079,0.0592,0.1218,0.0438,0.005,0.0485,0.0337,0.0195,0.0322,0.0407,0.0992,0.048,0.036,0.0741,0.0266,0.003,0.0295,0.0437,0.0718,0.1155,"Juab County, Utah"
232029,23,2029,0.0543,0.0314,0.0518,0.0655,0.1596,0.0774,0.058,0.1191,0.0428,0.0049,0.0474,0.034,0.0197,0.0325,0.0411,0.1001,0.0485,0.0363,0.0747,0.0268,0.0031,0.0297,0.044,0.0702,0.1142,"Juab County, Utah"
232030,23,2030,0.0534,0.0309,0.051,0.0647,0.1571,0.0762,0.057,0.1172,0.0421,0.0048,0.0467,0.0344,0.0199,0.0328,0.0417,0.1011,0.0491,0.0367,0.0754,0.0271,0.0031,0.03,0.0444,0.0689,0.1133,"Juab County, Utah"
232031,23,2031,0.0537,0.0311,0.0512,0.0651,0.1579,0.0767,0.0573,0.1178,0.0422,0.0048,0.0469,0.0348,0.0202,0.0333,0.0422,0.1025,0.0498,0.0372,0.0764,0.0274,0.0031,0.0304,0.0449,0.0692,0.1141,"Juab County, Utah"
232032,23,2032,0.054,0.0312,0.0515,0.0656,0.1587,0.0771,0.0576,0.1184,0.0424,0.0048,0.0471,0.0353,0.0204,0.0337,0.0429,0.1038,0.0505,0.0377,0.0775,0.0277,0.0032,0.0308,0.0454,0.0694,0.1148,"Juab County, Utah"
232033,23,2033,0.0541,0.0313,0.0516,0.066,0.159,0.0774,0.0577,0.1187,0.0424,0.0048,0.0473,0.0357,0.0206,0.034,0.0435,0.1049,0.051,0.0381,0.0783,0.028,0.0032,0.0312,0.0459,0.0696,0.1155,"Juab County, Utah"
232034,23,2034,0.0543,0.0314,0.0518,0.0663,0.1595,0.0777,0.0579,0.1187,0.0424,0.0049,0.0474,0.0361,0.0209,0.0344,0.0441,0.106,0.0516,0.0385,0.0788,0.0282,0.0032,0.0315,0.0464,0.0698,0.1162,"Juab County, Utah"
232035,23,2035,0.0544,0.0315,0.0519,0.0668,0.1598,0.078,0.058,0.1197,0.0425,0.0049,0.0475,0.0364,0.0211,0.0347,0.0447,0.107,0.0522,0.0389,0.0801,0.0284,0.0033,0.0318,0.0469,0.0701,0.117,"Juab County, Utah"
232036,23,2036,0.0545,0.0315,0.052,0.0673,0.1602,0.0782,0.0582,0.12,0.0425,0.0049,0.0476,0.0368,0.0213,0.0351,0.0454,0.1081,0.0528,0.0392,0.081,0.0287,0.0033,0.0321,0.0474,0.0703,0.1177,"Juab County, Utah"
232037,23,2037,0.0546,0.0316,0.0521,0.0676,0.1605,0.0784,0.0583,0.1203,0.0426,0.0049,0.0477,0.0371,0.0215,0.0354,0.0459,0.1091,0.0533,0.0396,0.0817,0.0289,0.0033,0.0324,0.0479,0.0705,0.1184,"Juab County, Utah"
232038,23,2038,0.0547,0.0317,0.0522,0.0679,0.1609,0.0786,0.0584,0.1206,0.0426,0.0049,0.0478,0.0374,0.0217,0.0357,0.0465,0.1101,0.0538,0.04,0.0825,0.0291,0.0034,0.0327,0.0484,0.0708,0.1192,"Juab County, Utah"
232039,23,2039,0.0548,0.0317,0.0523,0.0683,0.1612,0.0788,0.0585,0.1208,0.0426,0.0049,0.0479,0.0378,0.0219,0.0361,0.0471,0.1111,0.0543,0.0403,0.0833,0.0294,0.0034,0.033,0.0489,0.071,0.1199,"Juab County, Utah"
232040,23,2040,0.055,0.0318,0.0524,0.0685,0.1616,0.0791,0.0587,0.121,0.0426,0.0049,0.048,0.0382,0.0221,0.0364,0.0476,0.1122,0.0549,0.0407,0.084,0.0296,0.0034,0.0333,0.0494,0.0712,0.1206,"Juab County, Utah"
232041,23,2041,0.0551,0.0319,0.0526,0.0689,0.1619,0.0792,0.0588,0.1213,0.0426,0.0049,0.0481,0.0385,0.0223,0.0367,0.0481,0.1132,0.0554,0.0411,0.0848,0.0298,0.0035,0.0336,0.0499,0.0714,0.1213,"Juab County, Utah"
232042,23,2042,0.0552,0.0319,0.0527,0.0692,0.1622,0.0794,0.0589,0.1214,0.0427,0.0049,0.0482,0.0388,0.0225,0.0371,0.0487,0.1142,0.0559,0.0415,0.0855,0.03,0.0035,0.0339,0.0504,0.0717,0.1221,"Juab County, Utah"
232043,23,2043,0.0553,0.032,0.0528,0.0696,0.1626,0.0797,0.059,0.1217,0.0427,0.005,0.0483,0.0392,0.0227,0.0374,0.0493,0.1152,0.0564,0.0418,0.0862,0.0302,0.0035,0.0342,0.0509,0.0719,0.1228,"Juab County, Utah"
232044,23,2044,0.0554,0.0321,0.0529,0.0699,0.163,0.0799,0.0592,0.1219,0.0427,0.005,0.0484,0.0395,0.0229,0.0377,0.0499,0.1162,0.057,0.0422,0.087,0.0304,0.0035,0.0345,0.0514,0.0721,0.1235,"Juab County, Utah"
232045,23,2045,0.0555,0.0321,0.053,0.0702,0.1633,0.08,0.0593,0.1222,0.0428,0.005,0.0485,0.0399,0.0231,0.038,0.0504,0.1172,0.0575,0.0426,0.0877,0.0307,0.0036,0.0348,0.0519,0.0724,0.1243,"Juab County, Utah"
232046,23,2046,0.0557,0.0322,0.0531,0.0704,0.1637,0.0802,0.0594,0.1225,0.0428,0.005,0.0486,0.0402,0.0233,0.0384,0.0509,0.1183,0.058,0.0429,0.0885,0.0309,0.0036,0.0351,0.0524,0.0726,0.125,"Juab County, Utah"
232047,23,2047,0.0558,0.0323,0.0533,0.0708,0.1641,0.0804,0.0596,0.1228,0.0428,0.005,0.0488,0.0406,0.0235,0.0387,0.0515,0.1193,0.0585,0.0433,0.0893,0.0311,0.0036,0.0355,0.0529,0.0728,0.1257,"Juab County, Utah"
232048,23,2048,0.056,0.0324,0.0534,0.0712,0.1646,0.0807,0.0598,0.1232,0.0429,0.005,0.0489,0.0409,0.0237,0.0391,0.0521,0.1204,0.059,0.0437,0.0901,0.0314,0.0037,0.0358,0.0534,0.0731,0.1265,"Juab County, Utah"
232049,23,2049,0.0561,0.0325,0.0536,0.0715,0.1651,0.0809,0.0599,0.1235,0.0429,0.005,0.049,0.0413,0.0239,0.0394,0.0526,0.1215,0.0595,0.0441,0.0909,0.0316,0.0037,0.0361,0.0539,0.0733,0.1272,"Juab County, Utah"
232050,23,2050,0.0563,0.0326,0.0537,0.0719,0.1655,0.0812,0.0601,0.1239,0.043,0.005,0.0492,0.0417,0.0241,0.0398,0.0532,0.1226,0.0601,0.0445,0.0917,0.0319,0.0037,0.0364,0.0544,0.0735,0.1279,"Juab County, Utah"
232051,23,2051,0.0565,0.0327,0.0539,0.0723,0.1661,0.0814,0.0603,0.1242,0.0431,0.0051,0.0493,0.0421,0.0243,0.0401,0.0538,0.1237,0.0606,0.0449,0.0925,0.0321,0.0038,0.0368,0.0549,0.0738,0.1287,"Juab County, Utah"
232052,23,2052,0.0567,0.0328,0.0541,0.0726,0.1666,0.0817,0.0605,0.1247,0.0432,0.0051,0.0495,0.0425,0.0246,0.0405,0.0544,0.1248,0.0612,0.0453,0.0934,0.0324,0.0038,0.0371,0.0554,0.074,0.1294,"Juab County, Utah"
232053,23,2053,0.0569,0.0329,0.0543,0.073,0.1672,0.082,0.0607,0.1251,0.0433,0.0051,0.0497,0.0429,0.0248,0.0409,0.055,0.126,0.0618,0.0458,0.0943,0.0326,0.0038,0.0374,0.0559,0.0742,0.1301,"Juab County, Utah"
232054,23,2054,0.0571,0.033,0.0545,0.0734,0.1679,0.0823,0.061,0.1256,0.0433,0.0051,0.0499,0.0433,0.025,0.0413,0.0556,0.1272,0.0623,0.0462,0.0952,0.0328,0.0039,0.0378,0.0564,0.0745,0.1309,"Juab County, Utah"
232055,23,2055,0.0573,0.0332,0.0547,0.0739,0.1685,0.0825,0.0612,0.126,0.0435,0.0051,0.0501,0.0437,0.0253,0.0417,0.0563,0.1284,0.0629,0.0466,0.096,0.0331,0.0039,0.0381,0.0569,0.0747,0.1316,"Juab County, Utah"
232056,23,2056,0.0575,0.0333,0.0548,0.0741,0.169,0.0828,0.0614,0.1264,0.0435,0.0052,0.0502,0.044,0.0255,0.042,0.0568,0.1295,0.0635,0.047,0.0968,0.0333,0.0039,0.0385,0.0574,0.0749,0.1323,"Juab County, Utah"
232057,23,2057,0.0576,0.0334,0.055,0.0745,0.1695,0.0831,0.0615,0.1267,0.0436,0.0052,0.0504,0.0444,0.0257,0.0424,0.0574,0.1306,0.064,0.0474,0.0976,0.0336,0.004,0.0388,0.0579,0.0752,0.1331,"Juab County, Utah"
232058,23,2058,0.0578,0.0335,0.0552,0.0748,0.17,0.0833,0.0617,0.127,0.0436,0.0052,0.0505,0.0448,0.0259,0.0427,0.0579,0.1317,0.0645,0.0478,0.0984,0.0338,0.004,0.0391,0.0584,0.0754,0.1338,"Juab County, Utah"
232059,23,2059,0.058,0.0336,0.0553,0.0752,0.1705,0.0836,0.0619,0.1274,0.0437,0.0052,0.0507,0.0452,0.0261,0.0431,0.0586,0.1328,0.0651,0.0482,0.0992,0.0341,0.004,0.0395,0.0589,0.0756,0.1345,"Juab County, Utah"
232060,23,2060,0.0581,0.0337,0.0555,0.0755,0.171,0.0838,0.0621,0.1277,0.0437,0.0052,0.0508,0.0455,0.0263,0.0434,0.0591,0.1338,0.0656,0.0486,0.0999,0.0342,0.0041,0.0398,0.0594,0.0759,0.1353,"Juab County, Utah"
232061,23,2061,0.0583,0.0337,0.0556,0.0759,0.1714,0.084,0.0622,0.128,0.0438,0.0052,0.0509,0.0459,0.0266,0.0438,0.0597,0.1349,0.0661,0.049,0.1007,0.0345,0.0041,0.0401,0.0599,0.0761,0.136,"Juab County, Utah"
232062,23,2062,0.0585,0.0338,0.0558,0.0762,0.1719,0.0843,0.0624,0.1283,0.0439,0.0052,0.0511,0.0462,0.0268,0.0441,0.0603,0.136,0.0667,0.0494,0.1015,0.0347,0.0041,0.0404,0.0604,0.0763,0.1367,"Juab County, Utah"
232063,23,2063,0.0586,0.0339,0.056,0.0766,0.1724,0.0845,0.0626,0.1287,0.0439,0.0053,0.0512,0.0466,0.027,0.0445,0.0609,0.137,0.0672,0.0498,0.1023,0.0349,0.0042,0.0407,0.0609,0.0766,0.1375,"Juab County, Utah"
232064,23,2064,0.0588,0.034,0.0561,0.077,0.1729,0.0848,0.0628,0.129,0.044,0.0053,0.0514,0.047,0.0272,0.0448,0.0615,0.1381,0.0677,0.0501,0.1031,0.0352,0.0042,0.041,0.0614,0.0768,0.1382,"Juab County, Utah"
232065,23,2065,0.059,0.0341,0.0563,0.0773,0.1734,0.0851,0.063,0.1294,0.044,0.0053,0.0515,0.0473,0.0274,0.0452,0.062,0.1392,0.0683,0.0505,0.1039,0.0353,0.0042,0.0414,0.0619,0.0771,0.139,"Juab County, Utah"
252023,25,2023,0.0653,0.0378,0.0624,0.0679,0.1923,0.0943,0.0698,0.1348,0.0624,0.0059,0.0571,0.0288,0.0167,0.0275,0.0299,0.0847,0.0415,0.0307,0.0594,0.0275,0.0026,0.0251,0.0411,0.0934,0.1345,"Kane County, Utah"
252024,25,2024,0.0605,0.035,0.0577,0.0637,0.1781,0.0872,0.0645,0.1263,0.0577,0.0054,0.0528,0.0275,0.0159,0.0263,0.029,0.0811,0.0397,0.0294,0.0575,0.0263,0.0025,0.024,0.0403,0.0886,0.1289,"Kane County, Utah"
252025,25,2025,0.0552,0.032,0.0527,0.0583,0.1627,0.0796,0.059,0.1155,0.0527,0.005,0.0483,0.0292,0.0169,0.0279,0.0309,0.0861,0.0421,0.0312,0.0611,0.0279,0.0026,0.0255,0.0429,0.0811,0.124,"Kane County, Utah"
252026,25,2026,0.0525,0.0304,0.0501,0.0555,0.1548,0.0757,0.0561,0.1096,0.0502,0.0047,0.0459,0.0294,0.017,0.0281,0.0311,0.0866,0.0424,0.0314,0.0613,0.0281,0.0026,0.0257,0.0431,0.0771,0.1202,"Kane County, Utah"
252027,25,2027,0.0506,0.0293,0.0483,0.0536,0.1491,0.073,0.054,0.1049,0.0483,0.0045,0.0442,0.0296,0.0172,0.0283,0.0314,0.0873,0.0427,0.0317,0.0614,0.0283,0.0027,0.0259,0.0434,0.0741,0.1175,"Kane County, Utah"
252028,25,2028,0.0492,0.0285,0.0469,0.0522,0.1449,0.0709,0.0525,0.1011,0.047,0.0044,0.043,0.0299,0.0173,0.0285,0.0317,0.0881,0.0431,0.0319,0.0615,0.0285,0.0027,0.0261,0.0437,0.0718,0.1155,"Kane County, Utah"
252029,25,2029,0.048,0.0278,0.0458,0.0511,0.1413,0.0691,0.0512,0.0984,0.0458,0.0043,0.0419,0.0301,0.0174,0.0287,0.032,0.0886,0.0434,0.0321,0.0617,0.0287,0.0027,0.0263,0.044,0.0702,0.1142,"Kane County, Utah"
252030,25,2030,0.047,0.0272,0.0448,0.0501,0.1383,0.0677,0.0501,0.0964,0.0448,0.0042,0.041,0.0302,0.0175,0.0289,0.0322,0.089,0.0436,0.0323,0.0621,0.0289,0.0027,0.0264,0.0444,0.0689,0.1133,"Kane County, Utah"
252031,25,2031,0.047,0.0272,0.0448,0.0502,0.1384,0.0678,0.0502,0.0964,0.0449,0.0042,0.0411,0.0305,0.0176,0.0291,0.0326,0.0898,0.044,0.0326,0.0626,0.0291,0.0027,0.0266,0.0449,0.0692,0.1141,"Kane County, Utah"
252032,25,2032,0.047,0.0272,0.0449,0.0504,0.1385,0.0678,0.0502,0.0966,0.0449,0.0042,0.0411,0.0308,0.0178,0.0293,0.0329,0.0906,0.0444,0.0328,0.0632,0.0294,0.0028,0.0269,0.0454,0.0694,0.1148,"Kane County, Utah"
252033,25,2033,0.0471,0.0273,0.045,0.0506,0.1387,0.068,0.0503,0.0967,0.045,0.0042,0.0412,0.0311,0.018,0.0296,0.0334,0.0915,0.0448,0.0332,0.0638,0.0297,0.0028,0.0271,0.0459,0.0696,0.1155,"Kane County, Utah"
252034,25,2034,0.0472,0.0273,0.045,0.0508,0.1389,0.0681,0.0504,0.0967,0.045,0.0042,0.0412,0.0313,0.0181,0.0299,0.0337,0.0923,0.0453,0.0335,0.0643,0.0299,0.0028,0.0274,0.0464,0.0698,0.1162,"Kane County, Utah"
252035,25,2035,0.0472,0.0273,0.045,0.0511,0.139,0.0682,0.0504,0.0973,0.0451,0.0042,0.0412,0.0316,0.0183,0.0302,0.0342,0.0931,0.0456,0.0337,0.0651,0.0302,0.0028,0.0276,0.0469,0.0701,0.117,"Kane County, Utah"
252036,25,2036,0.0473,0.0273,0.0451,0.0513,0.1392,0.0683,0.0504,0.0975,0.0451,0.0042,0.0413,0.0319,0.0184,0.0304,0.0346,0.0939,0.0461,0.034,0.0658,0.0304,0.0029,0.0278,0.0474,0.0703,0.1177,"Kane County, Utah"
252037,25,2037,0.0473,0.0274,0.0452,0.0514,0.1394,0.0685,0.0505,0.0977,0.0452,0.0042,0.0414,0.0322,0.0186,0.0307,0.035,0.0948,0.0465,0.0344,0.0664,0.0307,0.0029,0.0281,0.0479,0.0705,0.1184,"Kane County, Utah"
252038,25,2038,0.0474,0.0274,0.0452,0.0517,0.1396,0.0685,0.0506,0.0978,0.0453,0.0042,0.0414,0.0324,0.0188,0.031,0.0354,0.0956,0.0469,0.0346,0.067,0.031,0.0029,0.0283,0.0484,0.0708,0.1192,"Kane County, Utah"
252039,25,2039,0.0475,0.0275,0.0453,0.0519,0.1399,0.0687,0.0507,0.0979,0.0453,0.0043,0.0415,0.0327,0.019,0.0312,0.0358,0.0964,0.0474,0.035,0.0675,0.0313,0.0029,0.0286,0.0489,0.071,0.1199,"Kane County, Utah"
252040,25,2040,0.0476,0.0275,0.0454,0.0521,0.1401,0.0689,0.0508,0.098,0.0454,0.0043,0.0416,0.033,0.0191,0.0315,0.0361,0.0972,0.0478,0.0353,0.068,0.0315,0.003,0.0288,0.0494,0.0712,0.1206,"Kane County, Utah"
252041,25,2041,0.0477,0.0276,0.0455,0.0524,0.1404,0.0691,0.0509,0.0982,0.0455,0.0043,0.0417,0.0333,0.0193,0.0318,0.0366,0.0982,0.0483,0.0356,0.0686,0.0318,0.003,0.0291,0.0499,0.0714,0.1213,"Kane County, Utah"
252042,25,2042,0.0478,0.0276,0.0456,0.0525,0.1406,0.0692,0.051,0.0983,0.0456,0.0043,0.0417,0.0336,0.0195,0.0321,0.0369,0.099,0.0487,0.0359,0.0692,0.0321,0.003,0.0294,0.0504,0.0717,0.1221,"Kane County, Utah"
252043,25,2043,0.0479,0.0277,0.0457,0.0528,0.141,0.0694,0.0511,0.0984,0.0455,0.0043,0.0418,0.0339,0.0196,0.0324,0.0374,0.0999,0.0492,0.0362,0.0697,0.0322,0.003,0.0296,0.0509,0.0719,0.1228,"Kane County, Utah"
252044,25,2044,0.048,0.0278,0.0458,0.053,0.1412,0.0696,0.0512,0.0986,0.0455,0.0043,0.0419,0.0342,0.0198,0.0326,0.0378,0.1007,0.0496,0.0365,0.0703,0.0325,0.0031,0.0299,0.0514,0.0721,0.1235,"Kane County, Utah"
252045,25,2045,0.0481,0.0278,0.0459,0.0532,0.1416,0.0697,0.0513,0.0987,0.0457,0.0043,0.042,0.0345,0.02,0.0329,0.0382,0.1016,0.0501,0.0369,0.0709,0.0328,0.0031,0.0302,0.0519,0.0724,0.1243,"Kane County, Utah"
252046,25,2046,0.0482,0.0279,0.046,0.0535,0.1419,0.07,0.0515,0.0989,0.0458,0.0043,0.0421,0.0348,0.0202,0.0332,0.0386,0.1025,0.0505,0.0372,0.0715,0.0331,0.0031,0.0304,0.0524,0.0726,0.125,"Kane County, Utah"
252047,25,2047,0.0483,0.028,0.0461,0.0537,0.1423,0.0701,0.0516,0.0991,0.0459,0.0043,0.0422,0.0351,0.0203,0.0335,0.039,0.1034,0.051,0.0375,0.072,0.0334,0.0031,0.0307,0.0529,0.0728,0.1257,"Kane County, Utah"
252048,25,2048,0.0485,0.0281,0.0463,0.054,0.1428,0.0704,0.0518,0.0993,0.046,0.0043,0.0424,0.0355,0.0205,0.0339,0.0395,0.1044,0.0515,0.0379,0.0727,0.0337,0.0032,0.031,0.0534,0.0731,0.1265,"Kane County, Utah"
252049,25,2049,0.0487,0.0282,0.0465,0.0543,0.1433,0.0707,0.052,0.0996,0.0462,0.0044,0.0425,0.0358,0.0207,0.0342,0.0399,0.1055,0.052,0.0382,0.0733,0.034,0.0032,0.0313,0.0539,0.0733,0.1272,"Kane County, Utah"
252050,25,2050,0.0489,0.0283,0.0466,0.0546,0.1438,0.0709,0.0522,0.0998,0.0464,0.0044,0.0427,0.0362,0.0209,0.0345,0.0404,0.1065,0.0525,0.0386,0.0739,0.0343,0.0032,0.0316,0.0544,0.0735,0.1279,"Kane County, Utah"
252051,25,2051,0.049,0.0284,0.0468,0.0549,0.1443,0.0712,0.0523,0.1001,0.0465,0.0044,0.0428,0.0365,0.0211,0.0348,0.0409,0.1075,0.0531,0.039,0.0745,0.0347,0.0033,0.0319,0.0549,0.0738,0.1287,"Kane County, Utah"
252052,25,2052,0.0492,0.0285,0.047,0.0552,0.1449,0.0715,0.0526,0.1003,0.0467,0.0044,0.043,0.0369,0.0213,0.0352,0.0413,0.1086,0.0536,0.0394,0.0752,0.035,0.0033,0.0322,0.0554,0.074,0.1294,"Kane County, Utah"
252053,25,2053,0.0494,0.0286,0.0472,0.0555,0.1455,0.0718,0.0528,0.1006,0.0469,0.0044,0.0432,0.0372,0.0216,0.0355,0.0418,0.1096,0.0541,0.0398,0.0758,0.0354,0.0033,0.0325,0.0559,0.0742,0.1301,"Kane County, Utah"
252054,25,2054,0.0496,0.0287,0.0474,0.0558,0.1461,0.0722,0.053,0.1009,0.0471,0.0045,0.0434,0.0376,0.0218,0.0359,0.0423,0.1107,0.0547,0.0402,0.0765,0.0357,0.0034,0.0329,0.0564,0.0745,0.1309,"Kane County, Utah"
252055,25,2055,0.0498,0.0288,0.0476,0.0562,0.1467,0.0725,0.0532,0.1012,0.0473,0.0045,0.0436,0.038,0.022,0.0363,0.0428,0.1118,0.0552,0.0406,0.0771,0.0361,0.0034,0.0332,0.0569,0.0747,0.1316,"Kane County, Utah"
252056,25,2056,0.05,0.029,0.0477,0.0564,0.1473,0.0727,0.0534,0.1014,0.0475,0.0045,0.0437,0.0383,0.0222,0.0366,0.0432,0.1128,0.0557,0.0409,0.0777,0.0364,0.0034,0.0335,0.0574,0.0749,0.1323,"Kane County, Utah"
252057,25,2057,0.0502,0.0291,0.0479,0.0568,0.1478,0.073,0.0536,0.1016,0.0477,0.0045,0.0439,0.0387,0.0224,0.0369,0.0437,0.1138,0.0562,0.0413,0.0783,0.0367,0.0035,0.0338,0.0579,0.0752,0.1331,"Kane County, Utah"
252058,25,2058,0.0504,0.0291,0.0481,0.0569,0.1482,0.0732,0.0538,0.1017,0.0478,0.0045,0.044,0.039,0.0226,0.0372,0.0441,0.1148,0.0567,0.0417,0.0788,0.037,0.0035,0.0341,0.0584,0.0754,0.1338,"Kane County, Utah"
252059,25,2059,0.0505,0.0292,0.0482,0.0571,0.1487,0.0735,0.0539,0.1019,0.048,0.0045,0.0441,0.0393,0.0228,0.0375,0.0445,0.1158,0.0572,0.042,0.0793,0.0374,0.0035,0.0344,0.0589,0.0756,0.1345,"Kane County, Utah"
252060,25,2060,0.0507,0.0293,0.0484,0.0574,0.1491,0.0737,0.0541,0.102,0.0481,0.0045,0.0443,0.0397,0.023,0.0379,0.0449,0.1167,0.0577,0.0424,0.0799,0.0377,0.0036,0.0347,0.0594,0.0759,0.1353,"Kane County, Utah"
252061,25,2061,0.0508,0.0294,0.0485,0.0576,0.1496,0.074,0.0543,0.1022,0.0483,0.0046,0.0444,0.04,0.0231,0.0382,0.0454,0.1177,0.0582,0.0427,0.0804,0.038,0.0036,0.0349,0.0599,0.0761,0.136,"Kane County, Utah"
252062,25,2062,0.051,0.0295,0.0487,0.058,0.15,0.0742,0.0544,0.1024,0.0484,0.0046,0.0445,0.0403,0.0233,0.0385,0.0459,0.1187,0.0587,0.043,0.081,0.0383,0.0036,0.0352,0.0604,0.0763,0.1367,"Kane County, Utah"
252063,25,2063,0.0512,0.0296,0.0488,0.0582,0.1505,0.0744,0.0546,0.1025,0.0486,0.0046,0.0447,0.0407,0.0235,0.0388,0.0462,0.1197,0.0592,0.0434,0.0815,0.0386,0.0036,0.0355,0.0609,0.0766,0.1375,"Kane County, Utah"
252064,25,2064,0.0513,0.0297,0.049,0.0585,0.151,0.0747,0.0548,0.1027,0.0487,0.0046,0.0448,0.041,0.0237,0.0391,0.0468,0.1206,0.0597,0.0438,0.082,0.0389,0.0037,0.0358,0.0614,0.0768,0.1382,"Kane County, Utah"
252065,25,2065,0.0515,0.0298,0.0491,0.0588,0.1515,0.0749,0.0549,0.1029,0.0489,0.0046,0.045,0.0413,0.0239,0.0394,0.0472,0.1216,0.0601,0.0441,0.0826,0.0392,0.0037,0.0361,0.0619,0.0771,0.139,"Kane County, Utah"
272023,27,2023,0.0682,0.0394,0.065,0.071,0.2005,0.0975,0.0728,0.1675,0.057,0.0061,0.0595,0.03,0.0174,0.0286,0.0313,0.0883,0.043,0.032,0.0738,0.0251,0.0027,0.0262,0.0411,0.0934,0.1345,"Millard County, Utah"
272024,27,2024,0.0632,0.0366,0.0603,0.0659,0.186,0.0906,0.0675,0.156,0.0528,0.0057,0.0553,0.0288,0.0167,0.0275,0.03,0.0846,0.0412,0.0307,0.071,0.024,0.0026,0.0251,0.0403,0.0886,0.1289,"Millard County, Utah"
272025,27,2025,0.0578,0.0335,0.0552,0.0603,0.17,0.0828,0.0617,0.1426,0.0483,0.0052,0.0505,0.0306,0.0177,0.0292,0.0319,0.09,0.0438,0.0327,0.0754,0.0255,0.0027,0.0267,0.0429,0.0811,0.124,"Millard County, Utah"
272026,27,2026,0.0549,0.0318,0.0524,0.0574,0.1614,0.0786,0.0586,0.1353,0.0458,0.0049,0.048,0.0307,0.0178,0.0293,0.0321,0.0903,0.044,0.0328,0.0757,0.0256,0.0028,0.0268,0.0431,0.0771,0.1202,"Millard County, Utah"
272027,27,2027,0.0528,0.0306,0.0504,0.0554,0.1552,0.0756,0.0564,0.1298,0.044,0.0047,0.0461,0.0309,0.0179,0.0295,0.0324,0.0909,0.0443,0.033,0.076,0.0258,0.0028,0.027,0.0434,0.0741,0.1175,"Millard County, Utah"
272028,27,2028,0.0511,0.0296,0.0488,0.0537,0.1503,0.0732,0.0546,0.1254,0.0426,0.0046,0.0446,0.0311,0.018,0.0296,0.0326,0.0914,0.0445,0.0332,0.0762,0.0259,0.0028,0.0271,0.0437,0.0718,0.1155,"Millard County, Utah"
272029,27,2029,0.0497,0.0288,0.0474,0.0524,0.1462,0.0712,0.0531,0.122,0.0414,0.0045,0.0434,0.0312,0.018,0.0297,0.0328,0.0917,0.0446,0.0333,0.0765,0.026,0.0028,0.0272,0.044,0.0702,0.1142,"Millard County, Utah"
272030,27,2030,0.0486,0.0281,0.0464,0.0513,0.1429,0.0696,0.0519,0.1196,0.0405,0.0044,0.0425,0.0313,0.0181,0.0299,0.033,0.092,0.0448,0.0334,0.077,0.026,0.0028,0.0273,0.0444,0.0689,0.1133,"Millard County, Utah"
272031,27,2031,0.0486,0.0281,0.0464,0.0514,0.1429,0.0696,0.0519,0.1197,0.0404,0.0044,0.0425,0.0315,0.0183,0.0301,0.0333,0.0927,0.0452,0.0337,0.0777,0.0262,0.0028,0.0276,0.0449,0.0692,0.1141,"Millard County, Utah"
272032,27,2032,0.0486,0.0281,0.0464,0.0515,0.143,0.0697,0.0519,0.12,0.0404,0.0044,0.0425,0.0318,0.0184,0.0304,0.0337,0.0936,0.0456,0.034,0.0785,0.0264,0.0029,0.0278,0.0454,0.0694,0.1148,"Millard County, Utah"
272033,27,2033,0.0487,0.0282,0.0465,0.0517,0.1432,0.0698,0.052,0.1202,0.0404,0.0044,0.0425,0.0321,0.0186,0.0306,0.0341,0.0944,0.046,0.0343,0.0793,0.0266,0.0029,0.028,0.0459,0.0696,0.1155,"Millard County, Utah"
272034,27,2034,0.0487,0.0282,0.0465,0.0519,0.1432,0.0698,0.052,0.1204,0.0404,0.0044,0.0426,0.0324,0.0187,0.0309,0.0345,0.0952,0.0464,0.0346,0.08,0.0268,0.0029,0.0283,0.0464,0.0698,0.1162,"Millard County, Utah"
272035,27,2035,0.0488,0.0282,0.0465,0.0521,0.1434,0.0699,0.0521,0.1209,0.0404,0.0044,0.0426,0.0327,0.0189,0.0312,0.0349,0.096,0.0468,0.0349,0.081,0.027,0.0029,0.0285,0.0469,0.0701,0.117,"Millard County, Utah"
272036,27,2036,0.0488,0.0282,0.0466,0.0522,0.1435,0.07,0.0521,0.1212,0.0403,0.0044,0.0426,0.0329,0.0191,0.0314,0.0352,0.0968,0.0472,0.0351,0.0818,0.0272,0.003,0.0288,0.0474,0.0703,0.1177,"Millard County, Utah"
272037,27,2037,0.0488,0.0283,0.0466,0.0524,0.1436,0.0701,0.0521,0.1214,0.0404,0.0044,0.0427,0.0332,0.0192,0.0317,0.0356,0.0976,0.0476,0.0354,0.0825,0.0274,0.003,0.029,0.0479,0.0705,0.1184,"Millard County, Utah"
272038,27,2038,0.0489,0.0283,0.0467,0.0525,0.1438,0.0702,0.0522,0.1215,0.0404,0.0044,0.0427,0.0335,0.0194,0.0319,0.0359,0.0984,0.048,0.0357,0.0832,0.0276,0.003,0.0292,0.0484,0.0708,0.1192,"Millard County, Utah"
272039,27,2039,0.049,0.0283,0.0467,0.0527,0.144,0.0703,0.0523,0.1217,0.0404,0.0044,0.0428,0.0338,0.0195,0.0322,0.0363,0.0993,0.0485,0.036,0.0839,0.0278,0.003,0.0295,0.0489,0.071,0.1199,"Millard County, Utah"
272040,27,2040,0.0491,0.0284,0.0468,0.0529,0.1443,0.0705,0.0524,0.1219,0.0404,0.0044,0.0429,0.0341,0.0197,0.0325,0.0367,0.1002,0.0489,0.0364,0.0846,0.0281,0.0031,0.0298,0.0494,0.0712,0.1206,"Millard County, Utah"
272041,27,2041,0.0492,0.0285,0.0469,0.0531,0.1446,0.0706,0.0525,0.1222,0.0405,0.0044,0.0429,0.0344,0.0199,0.0328,0.0371,0.1011,0.0494,0.0367,0.0854,0.0283,0.0031,0.03,0.0499,0.0714,0.1213,"Millard County, Utah"
272042,27,2042,0.0493,0.0285,0.047,0.0533,0.1449,0.0708,0.0526,0.1224,0.0405,0.0044,0.043,0.0347,0.0201,0.0331,0.0375,0.102,0.0498,0.037,0.0861,0.0285,0.0031,0.0303,0.0504,0.0717,0.1221,"Millard County, Utah"
272043,27,2043,0.0493,0.0286,0.0471,0.0535,0.1451,0.0709,0.0527,0.1226,0.0406,0.0044,0.0431,0.035,0.0202,0.0334,0.0379,0.1028,0.0502,0.0373,0.0869,0.0287,0.0031,0.0305,0.0509,0.0719,0.1228,"Millard County, Utah"
272044,27,2044,0.0494,0.0286,0.0472,0.0536,0.1454,0.0711,0.0528,0.1228,0.0406,0.0044,0.0432,0.0353,0.0204,0.0336,0.0383,0.1037,0.0507,0.0376,0.0876,0.029,0.0032,0.0308,0.0514,0.0721,0.1235,"Millard County, Utah"
272045,27,2045,0.0495,0.0287,0.0473,0.0538,0.1457,0.0713,0.0529,0.1231,0.0407,0.0044,0.0433,0.0356,0.0206,0.0339,0.0387,0.1046,0.0512,0.038,0.0884,0.0292,0.0032,0.0311,0.0519,0.0724,0.1243,"Millard County, Utah"
272046,27,2046,0.0497,0.0287,0.0474,0.054,0.146,0.0714,0.053,0.1234,0.0407,0.0045,0.0434,0.0359,0.0208,0.0342,0.039,0.1055,0.0516,0.0383,0.0891,0.0294,0.0032,0.0313,0.0524,0.0726,0.125,"Millard County, Utah"
272047,27,2047,0.0498,0.0288,0.0475,0.0542,0.1464,0.0716,0.0531,0.1237,0.0408,0.0045,0.0435,0.0362,0.0209,0.0345,0.0394,0.1064,0.0521,0.0386,0.0899,0.0296,0.0032,0.0316,0.0529,0.0728,0.1257,"Millard County, Utah"
272048,27,2048,0.0499,0.0289,0.0477,0.0545,0.1468,0.0719,0.0533,0.1241,0.0409,0.0045,0.0436,0.0365,0.0211,0.0349,0.0398,0.1074,0.0526,0.039,0.0907,0.0299,0.0033,0.0319,0.0534,0.0731,0.1265,"Millard County, Utah"
272049,27,2049,0.0501,0.029,0.0478,0.0547,0.1472,0.0721,0.0535,0.1244,0.0409,0.0045,0.0437,0.0369,0.0213,0.0352,0.0402,0.1084,0.0531,0.0393,0.0915,0.0301,0.0033,0.0322,0.0539,0.0733,0.1272,"Millard County, Utah"
272050,27,2050,0.0502,0.0291,0.0479,0.0549,0.1477,0.0723,0.0536,0.1248,0.041,0.0045,0.0439,0.0372,0.0215,0.0355,0.0407,0.1093,0.0536,0.0397,0.0924,0.0304,0.0033,0.0325,0.0544,0.0735,0.1279,"Millard County, Utah"
272051,27,2051,0.0504,0.0292,0.0481,0.0552,0.1481,0.0726,0.0538,0.1251,0.0411,0.0045,0.044,0.0375,0.0217,0.0358,0.0411,0.1103,0.0541,0.0401,0.0932,0.0306,0.0034,0.0328,0.0549,0.0738,0.1287,"Millard County, Utah"
272052,27,2052,0.0505,0.0292,0.0482,0.0554,0.1486,0.0728,0.054,0.1256,0.0412,0.0045,0.0442,0.0379,0.0219,0.0361,0.0415,0.1113,0.0546,0.0404,0.0941,0.0309,0.0034,0.0331,0.0554,0.074,0.1294,"Millard County, Utah"
272053,27,2053,0.0507,0.0294,0.0484,0.0556,0.1491,0.0731,0.0541,0.126,0.0413,0.0045,0.0443,0.0382,0.0221,0.0365,0.0419,0.1124,0.0551,0.0408,0.0949,0.0311,0.0034,0.0334,0.0559,0.0742,0.1301,"Millard County, Utah"
272054,27,2054,0.0509,0.0295,0.0486,0.0559,0.1497,0.0734,0.0543,0.1264,0.0414,0.0046,0.0445,0.0386,0.0223,0.0368,0.0424,0.1134,0.0556,0.0412,0.0958,0.0314,0.0035,0.0337,0.0564,0.0745,0.1309,"Millard County, Utah"
272055,27,2055,0.0511,0.0296,0.0487,0.0561,0.1502,0.0737,0.0545,0.1268,0.0416,0.0046,0.0446,0.0389,0.0225,0.0371,0.0428,0.1145,0.0561,0.0416,0.0967,0.0317,0.0035,0.034,0.0569,0.0747,0.1316,"Millard County, Utah"
272056,27,2056,0.0512,0.0296,0.0489,0.0563,0.1506,0.0739,0.0547,0.1272,0.0416,0.0046,0.0448,0.0393,0.0227,0.0375,0.0432,0.1154,0.0566,0.0419,0.0975,0.0319,0.0035,0.0343,0.0574,0.0749,0.1323,"Millard County, Utah"
272057,27,2057,0.0514,0.0297,0.049,0.0565,0.151,0.0741,0.0548,0.1275,0.0417,0.0046,0.0449,0.0396,0.0229,0.0378,0.0435,0.1163,0.0571,0.0422,0.0983,0.0321,0.0035,0.0346,0.0579,0.0752,0.1331,"Millard County, Utah"
272058,27,2058,0.0515,0.0298,0.0491,0.0567,0.1514,0.0743,0.055,0.1278,0.0418,0.0046,0.045,0.0399,0.0231,0.0381,0.0439,0.1173,0.0576,0.0426,0.099,0.0323,0.0036,0.0348,0.0584,0.0754,0.1338,"Millard County, Utah"
272059,27,2059,0.0516,0.0299,0.0493,0.0568,0.1518,0.0745,0.0551,0.1282,0.0418,0.0046,0.0451,0.0402,0.0233,0.0384,0.0442,0.1182,0.058,0.0429,0.0998,0.0326,0.0036,0.0351,0.0589,0.0756,0.1345,"Millard County, Utah"
272060,27,2060,0.0518,0.03,0.0494,0.057,0.1522,0.0747,0.0553,0.1285,0.0419,0.0046,0.0452,0.0405,0.0235,0.0387,0.0446,0.1192,0.0585,0.0433,0.1006,0.0328,0.0036,0.0354,0.0594,0.0759,0.1353,"Millard County, Utah"
272061,27,2061,0.0519,0.03,0.0495,0.0572,0.1526,0.075,0.0554,0.1289,0.042,0.0047,0.0453,0.0408,0.0236,0.039,0.045,0.1201,0.059,0.0436,0.1014,0.033,0.0037,0.0357,0.0599,0.0761,0.136,"Millard County, Utah"
272062,27,2062,0.052,0.0301,0.0497,0.0574,0.153,0.0752,0.0556,0.1292,0.042,0.0047,0.0455,0.0412,0.0238,0.0393,0.0454,0.121,0.0594,0.0439,0.1022,0.0332,0.0037,0.036,0.0604,0.0763,0.1367,"Millard County, Utah"
272063,27,2063,0.0522,0.0302,0.0498,0.0576,0.1535,0.0754,0.0557,0.1296,0.0421,0.0047,0.0456,0.0415,0.024,0.0396,0.0458,0.122,0.0599,0.0443,0.103,0.0335,0.0037,0.0362,0.0609,0.0766,0.1375,"Millard County, Utah"
272064,27,2064,0.0523,0.0303,0.0499,0.0577,0.1538,0.0756,0.0558,0.1299,0.0422,0.0047,0.0457,0.0418,0.0242,0.0399,0.0461,0.1229,0.0604,0.0446,0.1037,0.0337,0.0037,0.0365,0.0614,0.0768,0.1382,"Millard County, Utah"
272065,27,2065,0.0524,0.0304,0.05,0.0579,0.1542,0.0758,0.056,0.1302,0.0422,0.0047,0.0458,0.0421,0.0244,0.0402,0.0465,0.1238,0.0609,0.0449,0.1045,0.0339,0.0038,0.0368,0.0619,0.0771,0.139,"Millard County, Utah"
292023,29,2023,0.0584,0.0338,0.0557,0.0736,0.1718,0.0815,0.0624,0.1361,0.039,0.0052,0.051,0.0257,0.0149,0.0246,0.0324,0.0757,0.0359,0.0275,0.06,0.0172,0.0023,0.0225,0.0411,0.0934,0.1345,"Morgan County, Utah"
292024,29,2024,0.0576,0.0333,0.055,0.0725,0.1695,0.0795,0.0615,0.129,0.0384,0.0052,0.0503,0.0262,0.0152,0.025,0.033,0.0771,0.0362,0.028,0.0587,0.0175,0.0024,0.0229,0.0403,0.0886,0.1289,"Morgan County, Utah"
292025,29,2025,0.0527,0.0305,0.0503,0.0663,0.1549,0.0727,0.0562,0.1181,0.0352,0.0047,0.046,0.0279,0.0161,0.0266,0.0351,0.082,0.0385,0.0298,0.0625,0.0186,0.0025,0.0244,0.0429,0.0811,0.124,"Morgan County, Utah"
292026,29,2026,0.0502,0.029,0.0479,0.0631,0.1475,0.0693,0.0536,0.1123,0.0335,0.0045,0.0438,0.0281,0.0162,0.0268,0.0353,0.0826,0.0388,0.03,0.0628,0.0188,0.0025,0.0245,0.0431,0.0771,0.1202,"Morgan County, Utah"
292027,29,2027,0.0484,0.028,0.0462,0.061,0.1424,0.0669,0.0517,0.1075,0.0324,0.0043,0.0423,0.0284,0.0164,0.0271,0.0357,0.0834,0.0392,0.0303,0.063,0.019,0.0025,0.0248,0.0434,0.0741,0.1175,"Morgan County, Utah"
292028,29,2028,0.0471,0.0273,0.045,0.0596,0.1386,0.0651,0.0503,0.1037,0.0315,0.0042,0.0412,0.0286,0.0166,0.0273,0.0362,0.0842,0.0396,0.0306,0.063,0.0192,0.0026,0.025,0.0437,0.0718,0.1155,"Morgan County, Utah"
292029,29,2029,0.0461,0.0267,0.044,0.0583,0.1355,0.0637,0.0492,0.1009,0.0309,0.0041,0.0403,0.0289,0.0167,0.0276,0.0366,0.085,0.04,0.0308,0.0633,0.0193,0.0026,0.0252,0.044,0.0702,0.1142,"Morgan County, Utah"
292030,29,2030,0.0453,0.0262,0.0432,0.0574,0.1332,0.0627,0.0484,0.099,0.0304,0.0041,0.0396,0.0292,0.0169,0.0278,0.037,0.0857,0.0404,0.0311,0.0637,0.0195,0.0026,0.0255,0.0444,0.0689,0.1133,"Morgan County, Utah"
292031,29,2031,0.0454,0.0263,0.0434,0.0578,0.1337,0.063,0.0485,0.0992,0.0304,0.0041,0.0397,0.0295,0.0171,0.0281,0.0375,0.0867,0.0409,0.0315,0.0644,0.0197,0.0026,0.0258,0.0449,0.0692,0.1141,"Morgan County, Utah"
292032,29,2032,0.0456,0.0264,0.0435,0.058,0.134,0.0632,0.0487,0.0994,0.0305,0.0041,0.0398,0.0298,0.0173,0.0284,0.038,0.0877,0.0414,0.0318,0.065,0.02,0.0027,0.026,0.0454,0.0694,0.1148,"Morgan County, Utah"
292033,29,2033,0.0457,0.0265,0.0436,0.0584,0.1345,0.0636,0.0488,0.0995,0.0306,0.0041,0.04,0.0302,0.0175,0.0288,0.0385,0.0887,0.0419,0.0322,0.0656,0.0202,0.0027,0.0263,0.0459,0.0696,0.1155,"Morgan County, Utah"
292034,29,2034,0.0459,0.0266,0.0438,0.0588,0.135,0.0639,0.049,0.0995,0.0306,0.0041,0.0401,0.0305,0.0177,0.0291,0.0391,0.0897,0.0425,0.0326,0.0661,0.0204,0.0027,0.0267,0.0464,0.0698,0.1162,"Morgan County, Utah"
292035,29,2035,0.0459,0.0266,0.0438,0.0591,0.1351,0.064,0.049,0.1005,0.0307,0.0041,0.0401,0.0308,0.0178,0.0293,0.0395,0.0904,0.0429,0.0328,0.0673,0.0205,0.0028,0.0269,0.0469,0.0701,0.117,"Morgan County, Utah"
292036,29,2036,0.046,0.0266,0.0439,0.0594,0.1354,0.0643,0.0492,0.1007,0.0307,0.0041,0.0402,0.0311,0.018,0.0296,0.0401,0.0913,0.0434,0.0332,0.0679,0.0207,0.0028,0.0271,0.0474,0.0703,0.1177,"Morgan County, Utah"
292037,29,2037,0.0461,0.0267,0.044,0.0597,0.1357,0.0646,0.0493,0.101,0.0307,0.0041,0.0403,0.0314,0.0182,0.0299,0.0406,0.0922,0.0439,0.0335,0.0686,0.0209,0.0028,0.0274,0.0479,0.0705,0.1184,"Morgan County, Utah"
292038,29,2038,0.0462,0.0267,0.0441,0.0599,0.1358,0.0647,0.0493,0.1011,0.0307,0.0041,0.0404,0.0316,0.0183,0.0302,0.041,0.093,0.0443,0.0338,0.0692,0.021,0.0028,0.0276,0.0484,0.0708,0.1192,"Morgan County, Utah"
292039,29,2039,0.0463,0.0268,0.0442,0.0601,0.1361,0.0649,0.0494,0.1013,0.0307,0.0041,0.0404,0.0319,0.0185,0.0304,0.0414,0.0938,0.0447,0.0341,0.0698,0.0211,0.0029,0.0279,0.0489,0.071,0.1199,"Morgan County, Utah"
292040,29,2040,0.0464,0.0268,0.0442,0.0604,0.1363,0.0651,0.0495,0.1014,0.0307,0.0042,0.0405,0.0322,0.0186,0.0307,0.0419,0.0946,0.0452,0.0344,0.0704,0.0213,0.0029,0.0281,0.0494,0.0712,0.1206,"Morgan County, Utah"
292041,29,2041,0.0465,0.0269,0.0443,0.0606,0.1366,0.0652,0.0496,0.1016,0.0307,0.0042,0.0406,0.0325,0.0188,0.031,0.0424,0.0955,0.0456,0.0347,0.071,0.0215,0.0029,0.0284,0.0499,0.0714,0.1213,"Morgan County, Utah"
292042,29,2042,0.0465,0.0269,0.0444,0.0609,0.1368,0.0654,0.0497,0.1017,0.0308,0.0042,0.0407,0.0328,0.019,0.0313,0.0429,0.0963,0.046,0.035,0.0716,0.0216,0.0029,0.0286,0.0504,0.0717,0.1221,"Morgan County, Utah"
292043,29,2043,0.0466,0.027,0.0445,0.0611,0.1371,0.0656,0.0498,0.1019,0.0308,0.0042,0.0407,0.033,0.0191,0.0315,0.0433,0.0972,0.0465,0.0353,0.0722,0.0218,0.003,0.0289,0.0509,0.0719,0.1228,"Morgan County, Utah"
292044,29,2044,0.0467,0.027,0.0446,0.0613,0.1373,0.0658,0.0499,0.102,0.0308,0.0042,0.0408,0.0333,0.0193,0.0318,0.0437,0.098,0.0469,0.0356,0.0728,0.022,0.003,0.0291,0.0514,0.0721,0.1235,"Morgan County, Utah"
292045,29,2045,0.0468,0.0271,0.0447,0.0616,0.1376,0.0659,0.05,0.1022,0.0308,0.0042,0.0409,0.0336,0.0194,0.0321,0.0442,0.0988,0.0473,0.0359,0.0734,0.0221,0.003,0.0294,0.0519,0.0724,0.1243,"Morgan County, Utah"
292046,29,2046,0.0469,0.0272,0.0448,0.0618,0.1379,0.0661,0.0501,0.1024,0.0309,0.0042,0.041,0.0339,0.0196,0.0323,0.0447,0.0997,0.0477,0.0362,0.074,0.0223,0.003,0.0296,0.0524,0.0726,0.125,"Morgan County, Utah"
292047,29,2047,0.047,0.0272,0.0449,0.0621,0.1383,0.0663,0.0502,0.1027,0.0308,0.0042,0.0411,0.0342,0.0198,0.0326,0.0451,0.1005,0.0482,0.0365,0.0746,0.0224,0.0031,0.0299,0.0529,0.0728,0.1257,"Morgan County, Utah"
292048,29,2048,0.0472,0.0273,0.045,0.0624,0.1387,0.0664,0.0503,0.1029,0.0309,0.0042,0.0412,0.0345,0.02,0.0329,0.0457,0.1014,0.0486,0.0368,0.0753,0.0226,0.0031,0.0301,0.0534,0.0731,0.1265,"Morgan County, Utah"
292049,29,2049,0.0473,0.0274,0.0452,0.0627,0.1391,0.0667,0.0505,0.1032,0.031,0.0042,0.0413,0.0348,0.0202,0.0332,0.0461,0.1024,0.0491,0.0372,0.0759,0.0228,0.0031,0.0304,0.0539,0.0733,0.1272,"Morgan County, Utah"
292050,29,2050,0.0475,0.0275,0.0453,0.063,0.1396,0.0669,0.0507,0.1034,0.0311,0.0043,0.0415,0.0351,0.0203,0.0335,0.0466,0.1033,0.0495,0.0375,0.0766,0.023,0.0032,0.0307,0.0544,0.0735,0.1279,"Morgan County, Utah"
292051,29,2051,0.0477,0.0276,0.0455,0.0634,0.1401,0.0671,0.0509,0.1038,0.0311,0.0043,0.0416,0.0355,0.0205,0.0339,0.0472,0.1044,0.05,0.0379,0.0773,0.0232,0.0032,0.031,0.0549,0.0738,0.1287,"Morgan County, Utah"
292052,29,2052,0.0478,0.0277,0.0456,0.0637,0.1406,0.0673,0.0511,0.1041,0.0312,0.0043,0.0418,0.0358,0.0207,0.0342,0.0478,0.1053,0.0505,0.0383,0.078,0.0234,0.0032,0.0313,0.0554,0.074,0.1294,"Morgan County, Utah"
292053,29,2053,0.048,0.0278,0.0458,0.0641,0.1411,0.0676,0.0513,0.1044,0.0313,0.0043,0.0419,0.0362,0.0209,0.0345,0.0483,0.1064,0.0509,0.0386,0.0787,0.0236,0.0032,0.0316,0.0559,0.0742,0.1301,"Morgan County, Utah"
292054,29,2054,0.0482,0.0279,0.046,0.0645,0.1417,0.0678,0.0514,0.1047,0.0314,0.0043,0.0421,0.0365,0.0211,0.0348,0.0489,0.1074,0.0514,0.039,0.0793,0.0238,0.0033,0.0319,0.0564,0.0745,0.1309,"Morgan County, Utah"
292055,29,2055,0.0484,0.028,0.0462,0.0648,0.1423,0.0681,0.0517,0.105,0.0315,0.0043,0.0423,0.0369,0.0213,0.0352,0.0494,0.1084,0.0519,0.0394,0.0801,0.024,0.0033,0.0322,0.0569,0.0747,0.1316,"Morgan County, Utah"
292056,29,2056,0.0485,0.0281,0.0463,0.0651,0.1427,0.0683,0.0518,0.1053,0.0316,0.0044,0.0424,0.0372,0.0215,0.0355,0.0499,0.1094,0.0523,0.0397,0.0807,0.0242,0.0033,0.0325,0.0574,0.0749,0.1323,"Morgan County, Utah"
292057,29,2057,0.0487,0.0282,0.0465,0.0655,0.1432,0.0685,0.052,0.1055,0.0316,0.0044,0.0425,0.0375,0.0217,0.0358,0.0504,0.1103,0.0528,0.0401,0.0813,0.0244,0.0034,0.0328,0.0579,0.0752,0.1331,"Morgan County, Utah"
292058,29,2058,0.0488,0.0283,0.0466,0.0657,0.1436,0.0687,0.0521,0.1057,0.0317,0.0044,0.0427,0.0378,0.0219,0.0361,0.0509,0.1112,0.0532,0.0404,0.0819,0.0245,0.0034,0.0331,0.0584,0.0754,0.1338,"Morgan County, Utah"
292059,29,2059,0.049,0.0284,0.0468,0.066,0.144,0.0689,0.0523,0.1058,0.0317,0.0044,0.0428,0.0382,0.0221,0.0364,0.0514,0.1122,0.0537,0.0407,0.0824,0.0247,0.0034,0.0333,0.0589,0.0756,0.1345,"Morgan County, Utah"
292060,29,2060,0.0491,0.0284,0.0469,0.0663,0.1445,0.0691,0.0525,0.106,0.0318,0.0044,0.0429,0.0385,0.0223,0.0367,0.0519,0.1131,0.0541,0.0411,0.083,0.0249,0.0034,0.0336,0.0594,0.0759,0.1353,"Morgan County, Utah"
292061,29,2061,0.0493,0.0285,0.0471,0.0667,0.145,0.0694,0.0526,0.1063,0.0319,0.0044,0.0431,0.0388,0.0225,0.037,0.0525,0.1141,0.0546,0.0414,0.0836,0.0251,0.0035,0.0339,0.0599,0.0761,0.136,"Morgan County, Utah"
292062,29,2062,0.0495,0.0286,0.0472,0.067,0.1455,0.0696,0.0528,0.1065,0.0319,0.0044,0.0432,0.0391,0.0227,0.0373,0.053,0.1151,0.0551,0.0418,0.0842,0.0253,0.0035,0.0342,0.0604,0.0763,0.1367,"Morgan County, Utah"
292063,29,2063,0.0496,0.0287,0.0474,0.0673,0.1459,0.0698,0.053,0.1067,0.032,0.0044,0.0434,0.0395,0.0228,0.0377,0.0535,0.116,0.0555,0.0421,0.0848,0.0254,0.0035,0.0345,0.0609,0.0766,0.1375,"Morgan County, Utah"
292064,29,2064,0.0498,0.0288,0.0475,0.0676,0.1464,0.0701,0.0532,0.1069,0.0321,0.0045,0.0435,0.0398,0.023,0.038,0.054,0.117,0.056,0.0425,0.0854,0.0256,0.0036,0.0348,0.0614,0.0768,0.1382,"Morgan County, Utah"
292065,29,2065,0.05,0.0289,0.0477,0.0679,0.1469,0.0703,0.0533,0.1072,0.0321,0.0045,0.0437,0.0401,0.0232,0.0383,0.0545,0.1179,0.0565,0.0428,0.086,0.0258,0.0036,0.035,0.0619,0.0771,0.139,"Morgan County, Utah"
312023,31,2023,0.0684,0.0396,0.0653,0.069,0.2017,0.0982,0.0731,0.16,0.0653,0.0061,0.0598,0.0301,0.0174,0.0288,0.0304,0.0888,0.0433,0.0322,0.0705,0.0288,0.0027,0.0263,0.0411,0.0934,0.1345,"Piute County, Utah"
312024,31,2024,0.065,0.0376,0.062,0.0655,0.1914,0.0933,0.0693,0.1536,0.062,0.0058,0.0568,0.0296,0.0171,0.0282,0.0298,0.0871,0.0425,0.0316,0.0699,0.0282,0.0027,0.0258,0.0403,0.0886,0.1289,"Piute County, Utah"
312025,31,2025,0.0598,0.0346,0.0571,0.0601,0.1763,0.0854,0.0639,0.1409,0.0571,0.0054,0.0523,0.0317,0.0183,0.0302,0.0318,0.0933,0.0452,0.0338,0.0745,0.0302,0.0028,0.0277,0.0429,0.0811,0.124,"Piute County, Utah"
312026,31,2026,0.0572,0.0331,0.0545,0.0574,0.1684,0.0816,0.061,0.1334,0.0546,0.0051,0.0499,0.032,0.0185,0.0305,0.0321,0.0943,0.0457,0.0341,0.0747,0.0305,0.0029,0.0279,0.0431,0.0771,0.1202,"Piute County, Utah"
312027,31,2027,0.0553,0.032,0.0528,0.0555,0.1629,0.0789,0.059,0.128,0.0528,0.005,0.0483,0.0324,0.0187,0.0309,0.0325,0.0954,0.0462,0.0346,0.075,0.0309,0.0029,0.0283,0.0434,0.0741,0.1175,"Piute County, Utah"
312028,31,2028,0.0538,0.0311,0.0513,0.0541,0.1586,0.0767,0.0574,0.1234,0.0514,0.0048,0.047,0.0327,0.0189,0.0312,0.0329,0.0964,0.0466,0.0349,0.075,0.0312,0.0029,0.0286,0.0437,0.0718,0.1155,"Piute County, Utah"
312029,31,2029,0.0526,0.0305,0.0502,0.053,0.1551,0.075,0.0562,0.1204,0.0502,0.0047,0.046,0.033,0.0191,0.0315,0.0333,0.0973,0.047,0.0352,0.0755,0.0315,0.003,0.0288,0.044,0.0702,0.1142,"Piute County, Utah"
312030,31,2030,0.0517,0.0299,0.0493,0.0521,0.1524,0.0736,0.0552,0.1175,0.0494,0.0046,0.0452,0.0333,0.0193,0.0318,0.0335,0.0981,0.0474,0.0355,0.0756,0.0318,0.003,0.0291,0.0444,0.0689,0.1133,"Piute County, Utah"
312031,31,2031,0.0521,0.0301,0.0497,0.0525,0.1534,0.0741,0.0556,0.1179,0.0497,0.0047,0.0455,0.0338,0.0196,0.0322,0.034,0.0996,0.0481,0.0361,0.0765,0.0323,0.003,0.0295,0.0449,0.0692,0.1141,"Piute County, Utah"
312032,31,2032,0.0524,0.0303,0.05,0.0529,0.1543,0.0746,0.0559,0.1182,0.05,0.0047,0.0458,0.0343,0.0198,0.0327,0.0346,0.101,0.0488,0.0366,0.0773,0.0327,0.0031,0.0299,0.0454,0.0694,0.1148,"Piute County, Utah"
312033,31,2033,0.0526,0.0304,0.0502,0.0533,0.155,0.0749,0.0562,0.1179,0.0502,0.0047,0.046,0.0347,0.0201,0.0331,0.0351,0.1022,0.0494,0.037,0.0777,0.0331,0.0031,0.0303,0.0459,0.0696,0.1155,"Piute County, Utah"
312034,31,2034,0.0529,0.0306,0.0505,0.0536,0.156,0.0754,0.0565,0.1184,0.0505,0.0047,0.0462,0.0352,0.0204,0.0336,0.0356,0.1037,0.0501,0.0376,0.0787,0.0336,0.0032,0.0307,0.0464,0.0698,0.1162,"Piute County, Utah"
312035,31,2035,0.0531,0.0308,0.0507,0.0547,0.1566,0.0757,0.0567,0.1192,0.0507,0.0048,0.0464,0.0356,0.0206,0.034,0.0366,0.1048,0.0507,0.038,0.0798,0.034,0.0032,0.0311,0.0469,0.0701,0.117,"Piute County, Utah"
312036,31,2036,0.0531,0.0308,0.0507,0.0548,0.1566,0.0762,0.0567,0.1187,0.0507,0.0048,0.0464,0.0358,0.0207,0.0342,0.037,0.1056,0.0514,0.0383,0.0801,0.0342,0.0032,0.0313,0.0474,0.0703,0.1177,"Piute County, Utah"
312037,31,2037,0.0533,0.0309,0.0509,0.0552,0.1571,0.0765,0.0569,0.1192,0.0509,0.0048,0.0466,0.0362,0.021,0.0346,0.0375,0.1068,0.052,0.0387,0.081,0.0346,0.0032,0.0316,0.0479,0.0705,0.1184,"Piute County, Utah"
312038,31,2038,0.0537,0.0311,0.0512,0.0556,0.1582,0.077,0.0573,0.1196,0.0513,0.0048,0.0469,0.0367,0.0213,0.0351,0.0381,0.1083,0.0527,0.0392,0.0818,0.0351,0.0033,0.0321,0.0484,0.0708,0.1192,"Piute County, Utah"
312039,31,2039,0.0538,0.0311,0.0513,0.0559,0.1586,0.0771,0.0574,0.1195,0.0514,0.0048,0.047,0.0371,0.0215,0.0354,0.0386,0.1093,0.0532,0.0396,0.0824,0.0354,0.0033,0.0324,0.0489,0.071,0.1199,"Piute County, Utah"
312040,31,2040,0.054,0.0312,0.0515,0.0561,0.1591,0.0774,0.0576,0.1194,0.0516,0.0048,0.0472,0.0375,0.0217,0.0358,0.039,0.1105,0.0537,0.04,0.0829,0.0358,0.0034,0.0327,0.0494,0.0712,0.1206,"Piute County, Utah"
312041,31,2041,0.0542,0.0313,0.0517,0.0565,0.1596,0.0776,0.0578,0.1198,0.0517,0.0049,0.0473,0.0379,0.0219,0.0361,0.0395,0.1116,0.0543,0.0404,0.0838,0.0361,0.0034,0.0331,0.0499,0.0714,0.1213,"Piute County, Utah"
312042,31,2042,0.0545,0.0315,0.052,0.0569,0.1606,0.0781,0.0582,0.1197,0.052,0.0049,0.0476,0.0384,0.0222,0.0366,0.04,0.113,0.055,0.041,0.0842,0.0366,0.0034,0.0335,0.0504,0.0717,0.1221,"Piute County, Utah"
312043,31,2043,0.0547,0.0317,0.0522,0.0573,0.1613,0.0784,0.0584,0.12,0.0523,0.0049,0.0478,0.0388,0.0224,0.037,0.0406,0.1143,0.0556,0.0414,0.085,0.037,0.0035,0.0339,0.0509,0.0719,0.1228,"Piute County, Utah"
312044,31,2044,0.055,0.0318,0.0525,0.0576,0.1622,0.0789,0.0587,0.1204,0.0525,0.0049,0.0481,0.0392,0.0227,0.0375,0.0411,0.1157,0.0562,0.0419,0.0859,0.0375,0.0035,0.0343,0.0514,0.0721,0.1235,"Piute County, Utah"
312045,31,2045,0.055,0.0319,0.0525,0.0579,0.1622,0.0788,0.0588,0.1207,0.0525,0.0049,0.0481,0.0395,0.0229,0.0377,0.0416,0.1164,0.0566,0.0422,0.0867,0.0377,0.0035,0.0345,0.0519,0.0724,0.1243,"Piute County, Utah"
312046,31,2046,0.0553,0.032,0.0528,0.0582,0.1629,0.0792,0.059,0.121,0.0528,0.005,0.0483,0.0399,0.0231,0.0381,0.042,0.1177,0.0572,0.0426,0.0874,0.0381,0.0036,0.0349,0.0524,0.0726,0.125,"Piute County, Utah"
312047,31,2047,0.0557,0.0322,0.0532,0.0586,0.1642,0.0798,0.0595,0.1208,0.0532,0.005,0.0487,0.0405,0.0234,0.0387,0.0426,0.1194,0.058,0.0432,0.0878,0.0387,0.0036,0.0354,0.0529,0.0728,0.1257,"Piute County, Utah"
312048,31,2048,0.0558,0.0323,0.0532,0.0589,0.1643,0.0799,0.0595,0.1209,0.0532,0.005,0.0487,0.0408,0.0236,0.0389,0.0431,0.1202,0.0584,0.0435,0.0885,0.0389,0.0037,0.0356,0.0534,0.0731,0.1265,"Piute County, Utah"
312049,31,2049,0.056,0.0324,0.0534,0.0592,0.1651,0.0802,0.0598,0.1215,0.0535,0.005,0.0489,0.0412,0.0239,0.0393,0.0436,0.1215,0.059,0.044,0.0894,0.0394,0.0037,0.036,0.0539,0.0733,0.1272,"Piute County, Utah"
312050,31,2050,0.0561,0.0325,0.0535,0.0596,0.1653,0.0803,0.0599,0.1217,0.0535,0.005,0.049,0.0415,0.024,0.0396,0.0441,0.1224,0.0595,0.0443,0.0901,0.0396,0.0037,0.0363,0.0544,0.0735,0.1279,"Piute County, Utah"
312051,31,2051,0.0564,0.0326,0.0538,0.0599,0.1661,0.0807,0.0602,0.1221,0.0538,0.0051,0.0493,0.042,0.0243,0.0401,0.0446,0.1237,0.0601,0.0448,0.0909,0.0401,0.0038,0.0367,0.0549,0.0738,0.1287,"Piute County, Utah"
312052,31,2052,0.0567,0.0328,0.0541,0.0602,0.1672,0.0814,0.0606,0.1219,0.0542,0.0051,0.0496,0.0425,0.0246,0.0406,0.0451,0.1253,0.061,0.0454,0.0913,0.0406,0.0038,0.0371,0.0554,0.074,0.1294,"Piute County, Utah"
312053,31,2053,0.0568,0.0329,0.0542,0.0607,0.1675,0.0816,0.0607,0.1224,0.0543,0.0051,0.0497,0.0428,0.0248,0.0409,0.0457,0.1262,0.0615,0.0457,0.0922,0.0409,0.0038,0.0374,0.0559,0.0742,0.1301,"Piute County, Utah"
312054,31,2054,0.0571,0.0331,0.0545,0.061,0.1683,0.082,0.061,0.1228,0.0545,0.0051,0.0499,0.0433,0.0251,0.0413,0.0462,0.1276,0.0621,0.0462,0.093,0.0413,0.0039,0.0378,0.0564,0.0745,0.1309,"Piute County, Utah"
312055,31,2055,0.0574,0.0332,0.0548,0.0621,0.1692,0.0824,0.0613,0.1231,0.0548,0.0051,0.0502,0.0438,0.0253,0.0418,0.0473,0.1289,0.0628,0.0467,0.0938,0.0418,0.0039,0.0382,0.0569,0.0747,0.1316,"Piute County, Utah"
312056,31,2056,0.0576,0.0333,0.0549,0.0626,0.1696,0.0826,0.0614,0.1235,0.0549,0.0052,0.0503,0.0441,0.0255,0.0421,0.0479,0.13,0.0633,0.0471,0.0946,0.0421,0.004,0.0385,0.0574,0.0749,0.1323,"Piute County, Utah"
312057,31,2057,0.0578,0.0335,0.0552,0.0629,0.1704,0.083,0.0617,0.1231,0.0552,0.0052,0.0505,0.0446,0.0258,0.0425,0.0484,0.1313,0.0639,0.0476,0.0948,0.0425,0.004,0.0389,0.0579,0.0752,0.1331,"Piute County, Utah"
312058,31,2058,0.0581,0.0336,0.0554,0.0631,0.1711,0.0833,0.062,0.1236,0.0554,0.0052,0.0507,0.045,0.026,0.0429,0.0489,0.1325,0.0645,0.048,0.0957,0.0429,0.004,0.0393,0.0584,0.0754,0.1338,"Piute County, Utah"
312059,31,2059,0.0581,0.0336,0.0555,0.0635,0.1712,0.0834,0.062,0.1237,0.0555,0.0052,0.0508,0.0453,0.0262,0.0432,0.0495,0.1334,0.0649,0.0483,0.0964,0.0432,0.0041,0.0395,0.0589,0.0756,0.1345,"Piute County, Utah"
312060,31,2060,0.0584,0.0338,0.0557,0.0639,0.1721,0.0838,0.0624,0.1234,0.0558,0.0052,0.051,0.0457,0.0265,0.0436,0.05,0.1347,0.0656,0.0488,0.0966,0.0437,0.0041,0.0399,0.0594,0.0759,0.1353,"Piute County, Utah"
312061,31,2061,0.0586,0.0339,0.0559,0.0645,0.1726,0.0841,0.0625,0.1238,0.0559,0.0053,0.0512,0.0461,0.0267,0.044,0.0507,0.1358,0.0662,0.0492,0.0974,0.044,0.0041,0.0403,0.0599,0.0761,0.136,"Piute County, Utah"
312062,31,2062,0.0588,0.034,0.0561,0.0647,0.1732,0.0844,0.0628,0.1239,0.0561,0.0053,0.0514,0.0465,0.0269,0.0444,0.0512,0.137,0.0667,0.0496,0.098,0.0444,0.0042,0.0406,0.0604,0.0763,0.1367,"Piute County, Utah"
312063,31,2063,0.059,0.0342,0.0563,0.0649,0.1739,0.0847,0.063,0.1237,0.0563,0.0053,0.0516,0.0469,0.0271,0.0448,0.0516,0.1382,0.0673,0.0501,0.0983,0.0448,0.0042,0.041,0.0609,0.0766,0.1375,"Piute County, Utah"
312064,31,2064,0.0593,0.0343,0.0566,0.0657,0.1747,0.0851,0.0633,0.124,0.0566,0.0053,0.0518,0.0474,0.0274,0.0452,0.0524,0.1395,0.068,0.0506,0.0991,0.0452,0.0042,0.0414,0.0614,0.0768,0.1382,"Piute County, Utah"
312065,31,2065,0.0596,0.0345,0.0569,0.066,0.1755,0.0855,0.0636,0.1243,0.0569,0.0053,0.0521,0.0478,0.0277,0.0456,0.053,0.1409,0.0687,0.0511,0.0998,0.0457,0.0043,0.0418,0.0619,0.0771,0.139,"Piute County, Utah"
332023,33,2023,0.0619,0.0358,0.059,0.0611,0.1821,0.0877,0.066,0.1475,0.0591,0.0055,0.0541,0.0272,0.0158,0.026,0.0269,0.0802,0.0386,0.0291,0.065,0.026,0.0024,0.0238,0.0411,0.0934,0.1345,"Rich County, Utah"
332024,33,2024,0.0589,0.0341,0.0562,0.0554,0.1734,0.0835,0.0629,0.1419,0.0562,0.0053,0.0515,0.0268,0.0155,0.0256,0.0252,0.0789,0.038,0.0286,0.0646,0.0256,0.0024,0.0234,0.0403,0.0886,0.1289,"Rich County, Utah"
332025,33,2025,0.0537,0.0311,0.0513,0.0506,0.1582,0.0762,0.0574,0.1296,0.0513,0.0048,0.0469,0.0284,0.0165,0.0271,0.0268,0.0837,0.0403,0.0304,0.0686,0.0271,0.0025,0.0248,0.0429,0.0811,0.124,"Rich County, Utah"
332026,33,2026,0.051,0.0295,0.0487,0.048,0.1501,0.0722,0.0544,0.1229,0.0487,0.0046,0.0445,0.0285,0.0165,0.0272,0.0269,0.084,0.0404,0.0305,0.0688,0.0272,0.0026,0.0249,0.0431,0.0771,0.1202,"Rich County, Utah"
332027,33,2027,0.0491,0.0284,0.0468,0.0464,0.1444,0.0696,0.0524,0.1178,0.0468,0.0044,0.0429,0.0287,0.0166,0.0274,0.0272,0.0846,0.0407,0.0307,0.069,0.0274,0.0026,0.0251,0.0434,0.0741,0.1175,"Rich County, Utah"
332028,33,2028,0.0475,0.0275,0.0453,0.045,0.1399,0.0674,0.0507,0.1137,0.0454,0.0043,0.0415,0.0289,0.0167,0.0276,0.0273,0.085,0.041,0.0308,0.0691,0.0276,0.0026,0.0252,0.0437,0.0718,0.1155,"Rich County, Utah"
332029,33,2029,0.0463,0.0268,0.0442,0.0438,0.1362,0.0657,0.0494,0.1106,0.0442,0.0041,0.0404,0.029,0.0168,0.0277,0.0275,0.0854,0.0412,0.031,0.0693,0.0277,0.0026,0.0253,0.044,0.0702,0.1142,"Rich County, Utah"
332030,33,2030,0.0453,0.0262,0.0432,0.0429,0.1333,0.0643,0.0483,0.1082,0.0432,0.0041,0.0395,0.0291,0.0169,0.0278,0.0276,0.0858,0.0414,0.0311,0.0696,0.0278,0.0026,0.0255,0.0444,0.0689,0.1133,"Rich County, Utah"
332031,33,2031,0.0453,0.0262,0.0432,0.043,0.1333,0.0643,0.0483,0.1082,0.0432,0.0041,0.0395,0.0294,0.017,0.028,0.0279,0.0865,0.0417,0.0314,0.0702,0.028,0.0026,0.0257,0.0449,0.0692,0.1141,"Rich County, Utah"
332032,33,2032,0.0453,0.0262,0.0432,0.043,0.1333,0.0644,0.0483,0.1083,0.0432,0.0041,0.0396,0.0296,0.0171,0.0283,0.0281,0.0872,0.0421,0.0316,0.0708,0.0283,0.0027,0.0259,0.0454,0.0694,0.1148,"Rich County, Utah"
332033,33,2033,0.0453,0.0262,0.0433,0.0431,0.1335,0.0645,0.0484,0.1084,0.0433,0.0041,0.0396,0.0299,0.0173,0.0285,0.0284,0.088,0.0425,0.0319,0.0715,0.0285,0.0027,0.0261,0.0459,0.0696,0.1155,"Rich County, Utah"
332034,33,2034,0.0455,0.0263,0.0434,0.0433,0.1338,0.0648,0.0485,0.1083,0.0434,0.0041,0.0397,0.0302,0.0175,0.0288,0.0288,0.0889,0.043,0.0323,0.072,0.0288,0.0027,0.0264,0.0464,0.0698,0.1162,"Rich County, Utah"
332035,33,2035,0.0454,0.0263,0.0433,0.0433,0.1336,0.0647,0.0484,0.109,0.0433,0.0041,0.0396,0.0304,0.0176,0.029,0.029,0.0894,0.0433,0.0324,0.073,0.029,0.0027,0.0265,0.0469,0.0701,0.117,"Rich County, Utah"
332036,33,2036,0.0454,0.0263,0.0433,0.0433,0.1336,0.0648,0.0484,0.1092,0.0433,0.0041,0.0396,0.0306,0.0177,0.0292,0.0292,0.0901,0.0437,0.0327,0.0736,0.0292,0.0027,0.0267,0.0474,0.0703,0.1177,"Rich County, Utah"
332037,33,2037,0.0454,0.0263,0.0434,0.0435,0.1337,0.0649,0.0485,0.1093,0.0434,0.0041,0.0397,0.0309,0.0179,0.0295,0.0296,0.0909,0.0441,0.033,0.0743,0.0295,0.0028,0.027,0.0479,0.0705,0.1184,"Rich County, Utah"
332038,33,2038,0.0454,0.0263,0.0434,0.0435,0.1337,0.0649,0.0485,0.1094,0.0434,0.0041,0.0397,0.0311,0.018,0.0297,0.0298,0.0915,0.0444,0.0332,0.0749,0.0297,0.0028,0.0272,0.0484,0.0708,0.1192,"Rich County, Utah"
332039,33,2039,0.0455,0.0263,0.0434,0.0436,0.1338,0.065,0.0485,0.1095,0.0434,0.0041,0.0397,0.0313,0.0181,0.0299,0.03,0.0922,0.0448,0.0335,0.0755,0.0299,0.0028,0.0274,0.0489,0.071,0.1199,"Rich County, Utah"
332040,33,2040,0.0455,0.0263,0.0434,0.0437,0.134,0.0651,0.0486,0.1097,0.0435,0.0041,0.0398,0.0316,0.0183,0.0302,0.0303,0.093,0.0452,0.0337,0.0761,0.0302,0.0028,0.0276,0.0494,0.0712,0.1206,"Rich County, Utah"
332041,33,2041,0.0456,0.0264,0.0435,0.0438,0.1342,0.0653,0.0487,0.1098,0.0435,0.0041,0.0398,0.0319,0.0184,0.0304,0.0306,0.0938,0.0456,0.034,0.0768,0.0304,0.0029,0.0278,0.0499,0.0714,0.1213,"Rich County, Utah"
332042,33,2042,0.0456,0.0264,0.0435,0.0438,0.1343,0.0653,0.0487,0.11,0.0436,0.0041,0.0399,0.0321,0.0186,0.0306,0.0308,0.0945,0.046,0.0343,0.0774,0.0307,0.0029,0.0281,0.0504,0.0717,0.1221,"Rich County, Utah"
332043,33,2043,0.0457,0.0265,0.0436,0.0439,0.1345,0.0655,0.0488,0.1101,0.0436,0.0041,0.0399,0.0324,0.0187,0.0309,0.0311,0.0953,0.0464,0.0346,0.078,0.0309,0.0029,0.0283,0.0509,0.0719,0.1228,"Rich County, Utah"
332044,33,2044,0.0458,0.0265,0.0437,0.044,0.1347,0.0655,0.0488,0.1103,0.0437,0.0041,0.04,0.0326,0.0189,0.0311,0.0314,0.0961,0.0467,0.0348,0.0787,0.0312,0.0029,0.0285,0.0514,0.0721,0.1235,"Rich County, Utah"
332045,33,2045,0.0458,0.0265,0.0437,0.0442,0.1348,0.0656,0.0489,0.1105,0.0437,0.0041,0.04,0.0329,0.019,0.0314,0.0317,0.0968,0.0471,0.0351,0.0793,0.0314,0.0029,0.0287,0.0519,0.0724,0.1243,"Rich County, Utah"
332046,33,2046,0.0459,0.0265,0.0438,0.0442,0.135,0.0658,0.049,0.1107,0.0438,0.0041,0.0401,0.0331,0.0192,0.0316,0.032,0.0975,0.0475,0.0354,0.08,0.0316,0.003,0.029,0.0524,0.0726,0.125,"Rich County, Utah"
332047,33,2047,0.046,0.0266,0.0439,0.0444,0.1354,0.0659,0.0491,0.111,0.0439,0.0041,0.0402,0.0334,0.0194,0.0319,0.0323,0.0984,0.0479,0.0357,0.0807,0.0319,0.003,0.0292,0.0529,0.0728,0.1257,"Rich County, Utah"
332048,33,2048,0.0461,0.0267,0.044,0.0445,0.1357,0.0661,0.0492,0.1113,0.044,0.0041,0.0403,0.0337,0.0195,0.0322,0.0326,0.0993,0.0483,0.036,0.0814,0.0322,0.003,0.0295,0.0534,0.0731,0.1265,"Rich County, Utah"
332049,33,2049,0.0462,0.0267,0.0441,0.0446,0.136,0.0662,0.0493,0.1116,0.0441,0.0041,0.0404,0.034,0.0197,0.0324,0.0328,0.1001,0.0487,0.0363,0.0821,0.0325,0.003,0.0297,0.0539,0.0733,0.1272,"Rich County, Utah"
332050,33,2050,0.0464,0.0268,0.0442,0.0448,0.1365,0.0666,0.0495,0.1119,0.0443,0.0042,0.0405,0.0343,0.0199,0.0328,0.0332,0.101,0.0493,0.0367,0.0829,0.0328,0.0031,0.03,0.0544,0.0735,0.1279,"Rich County, Utah"
332051,33,2051,0.0465,0.0269,0.0444,0.0449,0.1368,0.0668,0.0496,0.1123,0.0444,0.0042,0.0406,0.0346,0.02,0.0331,0.0335,0.1019,0.0497,0.037,0.0836,0.0331,0.0031,0.0303,0.0549,0.0738,0.1287,"Rich County, Utah"
332052,33,2052,0.0466,0.027,0.0445,0.0451,0.1372,0.067,0.0498,0.1126,0.0445,0.0042,0.0407,0.0349,0.0202,0.0333,0.0338,0.1028,0.0502,0.0373,0.0844,0.0334,0.0031,0.0305,0.0554,0.074,0.1294,"Rich County, Utah"
332053,33,2053,0.0468,0.0271,0.0446,0.0452,0.1377,0.0672,0.0499,0.113,0.0447,0.0042,0.0409,0.0353,0.0204,0.0336,0.0341,0.1037,0.0506,0.0376,0.0851,0.0337,0.0032,0.0308,0.0559,0.0742,0.1301,"Rich County, Utah"
332054,33,2054,0.0469,0.0272,0.0448,0.0454,0.1381,0.0674,0.0501,0.1133,0.0448,0.0042,0.041,0.0356,0.0206,0.0339,0.0344,0.1047,0.0511,0.038,0.0859,0.034,0.0032,0.0311,0.0564,0.0745,0.1309,"Rich County, Utah"
332055,33,2055,0.0471,0.0273,0.0449,0.0456,0.1386,0.0676,0.0503,0.1138,0.045,0.0042,0.0411,0.0359,0.0208,0.0343,0.0347,0.1056,0.0515,0.0383,0.0867,0.0343,0.0032,0.0314,0.0569,0.0747,0.1316,"Rich County, Utah"
332056,33,2056,0.0472,0.0273,0.0451,0.0458,0.139,0.0678,0.0504,0.114,0.0451,0.0042,0.0413,0.0362,0.0209,0.0345,0.0351,0.1065,0.0519,0.0386,0.0874,0.0346,0.0032,0.0316,0.0574,0.0749,0.1323,"Rich County, Utah"
332057,33,2057,0.0473,0.0274,0.0452,0.0459,0.1393,0.0679,0.0505,0.1143,0.0452,0.0042,0.0413,0.0365,0.0211,0.0348,0.0354,0.1073,0.0523,0.0389,0.088,0.0348,0.0033,0.0319,0.0579,0.0752,0.1331,"Rich County, Utah"
332058,33,2058,0.0474,0.0275,0.0453,0.046,0.1396,0.0681,0.0506,0.1145,0.0453,0.0043,0.0414,0.0367,0.0213,0.0351,0.0357,0.1081,0.0527,0.0392,0.0887,0.0351,0.0033,0.0321,0.0584,0.0754,0.1338,"Rich County, Utah"
332059,33,2059,0.0475,0.0275,0.0454,0.0461,0.1399,0.0683,0.0508,0.1148,0.0454,0.0043,0.0415,0.037,0.0214,0.0353,0.0359,0.109,0.0532,0.0395,0.0894,0.0353,0.0033,0.0323,0.0589,0.0756,0.1345,"Rich County, Utah"
332060,33,2060,0.0476,0.0276,0.0454,0.0462,0.1401,0.0684,0.0508,0.1149,0.0455,0.0043,0.0416,0.0373,0.0216,0.0356,0.0362,0.1097,0.0535,0.0398,0.09,0.0356,0.0033,0.0326,0.0594,0.0759,0.1353,"Rich County, Utah"
332061,33,2061,0.0477,0.0276,0.0456,0.0463,0.1405,0.0686,0.051,0.1152,0.0456,0.0043,0.0417,0.0376,0.0217,0.0358,0.0364,0.1105,0.0539,0.0401,0.0906,0.0359,0.0034,0.0328,0.0599,0.0761,0.136,"Rich County, Utah"
332062,33,2062,0.0478,0.0277,0.0456,0.0464,0.1408,0.0687,0.0511,0.1154,0.0457,0.0043,0.0418,0.0378,0.0219,0.0361,0.0367,0.1113,0.0543,0.0404,0.0913,0.0361,0.0034,0.0331,0.0604,0.0763,0.1367,"Rich County, Utah"
332063,33,2063,0.0479,0.0277,0.0457,0.0465,0.141,0.0688,0.0512,0.1157,0.0458,0.0043,0.0419,0.0381,0.022,0.0364,0.037,0.1121,0.0547,0.0407,0.0919,0.0364,0.0034,0.0333,0.0609,0.0766,0.1375,"Rich County, Utah"
332064,33,2064,0.048,0.0278,0.0458,0.0467,0.1414,0.069,0.0513,0.116,0.0459,0.0043,0.042,0.0384,0.0222,0.0366,0.0373,0.1129,0.0551,0.041,0.0926,0.0366,0.0034,0.0335,0.0614,0.0768,0.1382,"Rich County, Utah"
332065,33,2065,0.0482,0.0279,0.046,0.0468,0.1417,0.0691,0.0514,0.1162,0.046,0.0043,0.0421,0.0387,0.0224,0.0369,0.0375,0.1138,0.0555,0.0413,0.0933,0.0369,0.0035,0.0338,0.0619,0.0771,0.139,"Rich County, Utah"
352023,35,2023,0.0847,0.049,0.0808,0.0958,0.2493,0.1163,0.0904,0.2092,0.0524,0.0076,0.074,0.0156,0.009,0.0149,0.0177,0.046,0.0214,0.0167,0.0386,0.0097,0.0014,0.0136,0.0265,0.1437,0.1702,"Salt Lake County, Utah"
352024,35,2024,0.081,0.0469,0.0773,0.0922,0.2385,0.1114,0.0865,0.1994,0.0502,0.0073,0.0708,0.0154,0.0089,0.0147,0.0176,0.0454,0.0212,0.0165,0.038,0.0096,0.0014,0.0135,0.0261,0.1371,0.1632,"Salt Lake County, Utah"
352025,35,2025,0.076,0.044,0.0725,0.0863,0.2237,0.1046,0.0811,0.1871,0.0471,0.0068,0.0664,0.0168,0.0097,0.0161,0.0191,0.0495,0.0232,0.018,0.0414,0.0104,0.0015,0.0147,0.0285,0.1286,0.1571,"Salt Lake County, Utah"
352026,35,2026,0.0729,0.0422,0.0696,0.0827,0.2146,0.1003,0.0778,0.1796,0.0453,0.0065,0.0637,0.0171,0.0099,0.0163,0.0194,0.0503,0.0235,0.0182,0.0421,0.0106,0.0015,0.0149,0.0289,0.1233,0.1522,"Salt Lake County, Utah"
352027,35,2027,0.0708,0.041,0.0676,0.0802,0.2085,0.0975,0.0756,0.1739,0.0441,0.0063,0.0619,0.0174,0.01,0.0166,0.0197,0.0511,0.0239,0.0185,0.0426,0.0108,0.0016,0.0152,0.0293,0.1194,0.1487,"Salt Lake County, Utah"
352028,35,2028,0.0692,0.04,0.066,0.0783,0.2037,0.0952,0.0739,0.1693,0.0431,0.0062,0.0604,0.0176,0.0102,0.0168,0.0199,0.0518,0.0242,0.0188,0.0431,0.011,0.0016,0.0154,0.0297,0.1166,0.1463,"Salt Lake County, Utah"
352029,35,2029,0.0679,0.0393,0.0648,0.0768,0.1998,0.0935,0.0724,0.166,0.0424,0.0061,0.0593,0.0178,0.0103,0.017,0.0202,0.0524,0.0245,0.019,0.0436,0.0111,0.0016,0.0156,0.0301,0.1145,0.1446,"Salt Lake County, Utah"
352030,35,2030,0.0668,0.0387,0.0638,0.0756,0.1967,0.0922,0.0713,0.1636,0.0417,0.006,0.0584,0.018,0.0104,0.0172,0.0204,0.053,0.0248,0.0192,0.0441,0.0112,0.0016,0.0157,0.0304,0.113,0.1434,"Salt Lake County, Utah"
352031,35,2031,0.067,0.0388,0.0639,0.0758,0.1972,0.0925,0.0715,0.1641,0.0418,0.006,0.0585,0.0182,0.0105,0.0174,0.0206,0.0536,0.0251,0.0194,0.0446,0.0114,0.0016,0.0159,0.0308,0.1136,0.1444,"Salt Lake County, Utah"
352032,35,2032,0.0671,0.0388,0.064,0.076,0.1976,0.0929,0.0717,0.1647,0.0419,0.006,0.0586,0.0184,0.0106,0.0175,0.0208,0.0541,0.0254,0.0196,0.0451,0.0115,0.0016,0.0161,0.0312,0.1141,0.1453,"Salt Lake County, Utah"
352033,35,2033,0.0672,0.0389,0.0641,0.0762,0.1978,0.0932,0.0717,0.1649,0.0418,0.006,0.0587,0.0185,0.0107,0.0177,0.021,0.0546,0.0257,0.0198,0.0455,0.0115,0.0017,0.0162,0.0316,0.1146,0.1462,"Salt Lake County, Utah"
352034,35,2034,0.0674,0.039,0.0644,0.0766,0.1985,0.0937,0.072,0.1652,0.0418,0.006,0.0589,0.0188,0.0109,0.0179,0.0213,0.0552,0.0261,0.02,0.0459,0.0116,0.0017,0.0164,0.032,0.1151,0.1471,"Salt Lake County, Utah"
352035,35,2035,0.0674,0.039,0.0643,0.0767,0.1984,0.0938,0.072,0.1664,0.0418,0.006,0.0589,0.0189,0.0109,0.018,0.0215,0.0556,0.0263,0.0202,0.0466,0.0117,0.0017,0.0165,0.0324,0.1157,0.1481,"Salt Lake County, Utah"
352036,35,2036,0.0674,0.039,0.0643,0.0769,0.1985,0.094,0.072,0.1667,0.0417,0.006,0.0589,0.019,0.011,0.0182,0.0217,0.056,0.0265,0.0203,0.0471,0.0118,0.0017,0.0166,0.0328,0.1162,0.149,"Salt Lake County, Utah"
352037,35,2037,0.0676,0.0391,0.0645,0.0773,0.1989,0.0944,0.0721,0.1673,0.0417,0.0061,0.059,0.0192,0.0111,0.0183,0.022,0.0566,0.0268,0.0205,0.0476,0.0119,0.0017,0.0168,0.0332,0.1167,0.1499,"Salt Lake County, Utah"
352038,35,2038,0.0676,0.0391,0.0645,0.0774,0.199,0.0945,0.0722,0.1676,0.0416,0.0061,0.0591,0.0194,0.0112,0.0185,0.0222,0.057,0.0271,0.0207,0.048,0.0119,0.0017,0.0169,0.0336,0.1173,0.1509,"Salt Lake County, Utah"
352039,35,2039,0.0677,0.0392,0.0646,0.0777,0.1993,0.0948,0.0723,0.168,0.0416,0.0061,0.0592,0.0195,0.0113,0.0186,0.0224,0.0575,0.0274,0.0209,0.0485,0.012,0.0018,0.0171,0.034,0.1178,0.1518,"Salt Lake County, Utah"
352040,35,2040,0.0678,0.0393,0.0647,0.0779,0.1997,0.095,0.0724,0.1684,0.0415,0.0061,0.0593,0.0197,0.0114,0.0188,0.0226,0.058,0.0276,0.021,0.0489,0.0121,0.0018,0.0172,0.0344,0.1183,0.1527,"Salt Lake County, Utah"
352041,35,2041,0.068,0.0393,0.0649,0.0782,0.2001,0.0953,0.0726,0.1688,0.0415,0.0061,0.0594,0.0199,0.0115,0.019,0.0229,0.0585,0.0279,0.0212,0.0494,0.0121,0.0018,0.0174,0.0348,0.1189,0.1537,"Salt Lake County, Utah"
352042,35,2042,0.0681,0.0394,0.065,0.0784,0.2004,0.0956,0.0727,0.1693,0.0414,0.0061,0.0595,0.0201,0.0116,0.0191,0.0231,0.059,0.0281,0.0214,0.0499,0.0122,0.0018,0.0175,0.0352,0.1194,0.1546,"Salt Lake County, Utah"
352043,35,2043,0.0682,0.0395,0.0651,0.0786,0.2008,0.0958,0.0728,0.1697,0.0414,0.0061,0.0596,0.0202,0.0117,0.0193,0.0233,0.0596,0.0284,0.0216,0.0503,0.0123,0.0018,0.0177,0.0356,0.1199,0.1555,"Salt Lake County, Utah"
352044,35,2044,0.0684,0.0396,0.0652,0.0789,0.2012,0.0961,0.073,0.1701,0.0413,0.0061,0.0597,0.0204,0.0118,0.0195,0.0236,0.0601,0.0287,0.0218,0.0508,0.0123,0.0018,0.0178,0.036,0.1205,0.1565,"Salt Lake County, Utah"
352045,35,2045,0.0685,0.0397,0.0654,0.0792,0.2017,0.0963,0.0732,0.1707,0.0413,0.0061,0.0599,0.0206,0.0119,0.0197,0.0238,0.0606,0.0289,0.022,0.0513,0.0124,0.0018,0.018,0.0364,0.121,0.1574,"Salt Lake County, Utah"
352046,35,2046,0.0687,0.0398,0.0656,0.0795,0.2023,0.0967,0.0734,0.1712,0.0413,0.0062,0.0601,0.0208,0.012,0.0198,0.024,0.0612,0.0292,0.0222,0.0518,0.0125,0.0019,0.0182,0.0367,0.1215,0.1582,"Salt Lake County, Utah"
352047,35,2047,0.0689,0.0399,0.0658,0.0798,0.2029,0.097,0.0736,0.1718,0.0413,0.0062,0.0602,0.021,0.0121,0.02,0.0243,0.0617,0.0295,0.0224,0.0523,0.0126,0.0019,0.0183,0.0371,0.1221,0.1592,"Salt Lake County, Utah"
352048,35,2048,0.0692,0.04,0.066,0.0802,0.2036,0.0973,0.0738,0.1724,0.0413,0.0062,0.0604,0.0212,0.0123,0.0202,0.0246,0.0623,0.0298,0.0226,0.0528,0.0127,0.0019,0.0185,0.0375,0.1226,0.1601,"Salt Lake County, Utah"
352049,35,2049,0.0694,0.0402,0.0662,0.0806,0.2043,0.0977,0.0741,0.1731,0.0413,0.0062,0.0606,0.0214,0.0124,0.0204,0.0248,0.0629,0.0301,0.0228,0.0533,0.0127,0.0019,0.0187,0.0379,0.1231,0.161,"Salt Lake County, Utah"
352050,35,2050,0.0697,0.0403,0.0665,0.0809,0.205,0.098,0.0744,0.1737,0.0414,0.0062,0.0609,0.0216,0.0125,0.0206,0.0251,0.0635,0.0304,0.023,0.0538,0.0128,0.0019,0.0189,0.0383,0.1237,0.162,"Salt Lake County, Utah"
352051,35,2051,0.07,0.0405,0.0668,0.0814,0.2059,0.0984,0.0747,0.1745,0.0414,0.0063,0.0611,0.0218,0.0126,0.0208,0.0254,0.0642,0.0307,0.0233,0.0544,0.0129,0.002,0.0191,0.0387,0.1242,0.1629,"Salt Lake County, Utah"
352052,35,2052,0.0703,0.0407,0.0671,0.0818,0.2068,0.0989,0.075,0.1753,0.0415,0.0063,0.0614,0.022,0.0128,0.021,0.0257,0.0649,0.031,0.0235,0.055,0.013,0.002,0.0193,0.0391,0.1247,0.1638,"Salt Lake County, Utah"
352053,35,2053,0.0706,0.0409,0.0674,0.0823,0.2078,0.0994,0.0754,0.1762,0.0416,0.0063,0.0617,0.0223,0.0129,0.0212,0.026,0.0655,0.0313,0.0238,0.0556,0.0131,0.002,0.0195,0.0395,0.1253,0.1648,"Salt Lake County, Utah"
352054,35,2054,0.0709,0.0411,0.0677,0.0828,0.2087,0.0998,0.0757,0.177,0.0416,0.0064,0.062,0.0225,0.013,0.0215,0.0263,0.0662,0.0317,0.024,0.0561,0.0132,0.002,0.0197,0.0399,0.1258,0.1657,"Salt Lake County, Utah"
352055,35,2055,0.0713,0.0412,0.068,0.0832,0.2097,0.1003,0.0761,0.1778,0.0417,0.0064,0.0623,0.0227,0.0132,0.0217,0.0266,0.0669,0.032,0.0243,0.0567,0.0133,0.002,0.0199,0.0403,0.1263,0.1666,"Salt Lake County, Utah"
352056,35,2056,0.0716,0.0414,0.0683,0.0837,0.2107,0.1007,0.0764,0.1786,0.0417,0.0064,0.0625,0.023,0.0133,0.0219,0.0268,0.0676,0.0323,0.0245,0.0573,0.0134,0.0021,0.0201,0.0407,0.1268,0.1675,"Salt Lake County, Utah"
352057,35,2057,0.0719,0.0416,0.0686,0.0841,0.2115,0.1012,0.0767,0.1793,0.0417,0.0064,0.0628,0.0232,0.0134,0.0221,0.0271,0.0682,0.0326,0.0247,0.0578,0.0135,0.0021,0.0202,0.0411,0.1274,0.1685,"Salt Lake County, Utah"
352058,35,2058,0.0722,0.0418,0.0689,0.0845,0.2124,0.1016,0.077,0.18,0.0418,0.0065,0.063,0.0234,0.0135,0.0223,0.0274,0.0688,0.0329,0.025,0.0584,0.0135,0.0021,0.0204,0.0415,0.1279,0.1694,"Salt Lake County, Utah"
352059,35,2059,0.0724,0.0419,0.0691,0.0849,0.2132,0.102,0.0773,0.1807,0.0418,0.0065,0.0633,0.0236,0.0137,0.0225,0.0277,0.0695,0.0333,0.0252,0.0589,0.0136,0.0021,0.0206,0.0419,0.1284,0.1703,"Salt Lake County, Utah"
352060,35,2060,0.0727,0.0421,0.0694,0.0853,0.214,0.1025,0.0776,0.1814,0.0418,0.0065,0.0635,0.0238,0.0138,0.0227,0.028,0.0701,0.0336,0.0254,0.0594,0.0137,0.0021,0.0208,0.0423,0.129,0.1713,"Salt Lake County, Utah"
352061,35,2061,0.073,0.0422,0.0697,0.0857,0.2148,0.1029,0.0779,0.1821,0.0418,0.0065,0.0638,0.024,0.0139,0.0229,0.0282,0.0708,0.0339,0.0257,0.06,0.0138,0.0022,0.021,0.0427,0.1295,0.1722,"Salt Lake County, Utah"
352062,35,2062,0.0733,0.0424,0.0699,0.0862,0.2156,0.1034,0.0782,0.1828,0.0418,0.0066,0.064,0.0243,0.014,0.0231,0.0285,0.0714,0.0342,0.0259,0.0605,0.0138,0.0022,0.0212,0.043,0.13,0.173,"Salt Lake County, Utah"
352063,35,2063,0.0736,0.0426,0.0702,0.0866,0.2165,0.1038,0.0785,0.1835,0.0419,0.0066,0.0643,0.0245,0.0142,0.0234,0.0288,0.072,0.0345,0.0261,0.061,0.0139,0.0022,0.0214,0.0434,0.1306,0.174,"Salt Lake County, Utah"
352064,35,2064,0.0739,0.0427,0.0705,0.087,0.2173,0.1043,0.0788,0.1842,0.0419,0.0066,0.0645,0.0247,0.0143,0.0236,0.0291,0.0727,0.0349,0.0264,0.0616,0.014,0.0022,0.0216,0.0438,0.1311,0.1749,"Salt Lake County, Utah"
352065,35,2065,0.0741,0.0429,0.0708,0.0875,0.2182,0.1048,0.0792,0.1849,0.0419,0.0066,0.0648,0.0249,0.0144,0.0238,0.0294,0.0733,0.0352,0.0266,0.0621,0.0141,0.0022,0.0218,0.0442,0.1316,0.1758,"Salt Lake County, Utah"
372023,37,2023,0.0756,0.0438,0.0722,0.0852,0.2225,0.109,0.0807,0.1478,0.065,0.0068,0.0661,0.0333,0.0193,0.0318,0.0375,0.098,0.048,0.0356,0.0651,0.0286,0.003,0.0291,0.0411,0.0934,0.1345,"San Juan County, Utah"
372024,37,2024,0.0731,0.0423,0.0697,0.0826,0.215,0.1053,0.078,0.1423,0.0627,0.0065,0.0638,0.0333,0.0192,0.0317,0.0376,0.0978,0.0479,0.0355,0.0647,0.0286,0.003,0.0291,0.0403,0.0886,0.1289,"San Juan County, Utah"
372025,37,2025,0.0667,0.0386,0.0636,0.0752,0.1962,0.0961,0.0712,0.1299,0.0572,0.006,0.0583,0.0353,0.0204,0.0337,0.0398,0.1038,0.0509,0.0377,0.0687,0.0303,0.0032,0.0308,0.0429,0.0811,0.124,"San Juan County, Utah"
372026,37,2026,0.0634,0.0367,0.0605,0.0718,0.1866,0.0915,0.0677,0.1233,0.0544,0.0057,0.0554,0.0355,0.0205,0.0339,0.0402,0.1045,0.0512,0.0379,0.069,0.0304,0.0032,0.031,0.0431,0.0771,0.1202,"San Juan County, Utah"
372027,37,2027,0.0611,0.0354,0.0583,0.0691,0.1797,0.088,0.0652,0.1178,0.0524,0.0055,0.0534,0.0358,0.0207,0.0341,0.0405,0.1053,0.0516,0.0382,0.069,0.0307,0.0032,0.0313,0.0434,0.0741,0.1175,"San Juan County, Utah"
372028,37,2028,0.0591,0.0342,0.0564,0.0672,0.1739,0.0852,0.0631,0.1129,0.0506,0.0053,0.0516,0.0359,0.0208,0.0343,0.0408,0.1057,0.0518,0.0384,0.0686,0.0308,0.0032,0.0314,0.0437,0.0718,0.1155,"San Juan County, Utah"
372029,37,2029,0.0575,0.0333,0.0548,0.0653,0.1691,0.0829,0.0614,0.1094,0.0492,0.0052,0.0502,0.036,0.0209,0.0344,0.041,0.106,0.052,0.0385,0.0686,0.0308,0.0032,0.0315,0.044,0.0702,0.1142,"San Juan County, Utah"
372030,37,2030,0.0563,0.0326,0.0537,0.0641,0.1656,0.0812,0.0601,0.1071,0.0482,0.005,0.0492,0.0362,0.021,0.0346,0.0413,0.1066,0.0523,0.0387,0.0689,0.031,0.0032,0.0317,0.0444,0.0689,0.1133,"San Juan County, Utah"
372031,37,2031,0.0564,0.0326,0.0538,0.0644,0.1659,0.0814,0.0602,0.1072,0.0482,0.0051,0.0493,0.0366,0.0212,0.0349,0.0418,0.1077,0.0528,0.0391,0.0696,0.0313,0.0033,0.032,0.0449,0.0692,0.1141,"San Juan County, Utah"
372032,37,2032,0.0566,0.0328,0.054,0.0649,0.1666,0.0817,0.0604,0.1077,0.0483,0.0051,0.0495,0.037,0.0214,0.0353,0.0424,0.109,0.0535,0.0395,0.0705,0.0316,0.0033,0.0324,0.0454,0.0694,0.1148,"San Juan County, Utah"
372033,37,2033,0.0569,0.0329,0.0543,0.0652,0.1674,0.0821,0.0607,0.1082,0.0486,0.0051,0.0497,0.0375,0.0217,0.0358,0.043,0.1103,0.0541,0.04,0.0714,0.032,0.0034,0.0328,0.0459,0.0696,0.1155,"San Juan County, Utah"
372034,37,2034,0.0571,0.033,0.0545,0.0657,0.168,0.0824,0.061,0.1086,0.0487,0.0051,0.0499,0.0379,0.022,0.0362,0.0436,0.1116,0.0548,0.0405,0.0722,0.0323,0.0034,0.0331,0.0464,0.0698,0.1162,"San Juan County, Utah"
372035,37,2035,0.0572,0.0331,0.0546,0.0661,0.1684,0.0827,0.0611,0.1092,0.0488,0.0051,0.05,0.0383,0.0222,0.0366,0.0443,0.1127,0.0553,0.0409,0.0731,0.0327,0.0034,0.0335,0.0469,0.0701,0.117,"San Juan County, Utah"
372036,37,2036,0.0573,0.0332,0.0547,0.0663,0.1685,0.0828,0.0612,0.1094,0.0488,0.0051,0.0501,0.0386,0.0224,0.0369,0.0447,0.1137,0.0558,0.0413,0.0738,0.0329,0.0035,0.0338,0.0474,0.0703,0.1177,"San Juan County, Utah"
372037,37,2037,0.0573,0.0332,0.0547,0.0665,0.1686,0.0829,0.0612,0.1095,0.0488,0.0051,0.0501,0.039,0.0225,0.0372,0.0452,0.1146,0.0563,0.0416,0.0744,0.0332,0.0035,0.034,0.0479,0.0705,0.1184,"San Juan County, Utah"
372038,37,2038,0.0574,0.0332,0.0547,0.0667,0.1687,0.0829,0.0612,0.1096,0.0488,0.0051,0.0501,0.0393,0.0227,0.0375,0.0456,0.1155,0.0568,0.0419,0.075,0.0334,0.0035,0.0343,0.0484,0.0708,0.1192,"San Juan County, Utah"
372039,37,2039,0.0574,0.0332,0.0548,0.067,0.1688,0.083,0.0613,0.1097,0.0488,0.0051,0.0501,0.0396,0.0229,0.0377,0.0462,0.1164,0.0572,0.0422,0.0756,0.0336,0.0035,0.0346,0.0489,0.071,0.1199,"San Juan County, Utah"
372040,37,2040,0.0574,0.0332,0.0548,0.0671,0.169,0.0831,0.0613,0.1098,0.0488,0.0051,0.0502,0.0399,0.0231,0.0381,0.0466,0.1173,0.0577,0.0426,0.0762,0.0339,0.0036,0.0348,0.0494,0.0712,0.1206,"San Juan County, Utah"
372041,37,2041,0.0575,0.0333,0.0549,0.0673,0.1692,0.0833,0.0614,0.1099,0.0488,0.0052,0.0502,0.0402,0.0233,0.0384,0.047,0.1183,0.0582,0.0429,0.0768,0.0341,0.0036,0.0351,0.0499,0.0714,0.1213,"San Juan County, Utah"
372042,37,2042,0.0576,0.0333,0.055,0.0676,0.1694,0.0834,0.0615,0.11,0.0489,0.0052,0.0503,0.0405,0.0235,0.0387,0.0476,0.1192,0.0587,0.0433,0.0774,0.0344,0.0036,0.0354,0.0504,0.0717,0.1221,"San Juan County, Utah"
372043,37,2043,0.0576,0.0334,0.055,0.0679,0.1695,0.0835,0.0615,0.1102,0.0489,0.0052,0.0503,0.0408,0.0236,0.039,0.0481,0.1201,0.0592,0.0436,0.0781,0.0346,0.0037,0.0357,0.0509,0.0719,0.1228,"San Juan County, Utah"
372044,37,2044,0.0577,0.0334,0.055,0.068,0.1696,0.0836,0.0616,0.1103,0.0489,0.0052,0.0504,0.0411,0.0238,0.0392,0.0485,0.121,0.0596,0.0439,0.0787,0.0349,0.0037,0.0359,0.0514,0.0721,0.1235,"San Juan County, Utah"
372045,37,2045,0.0577,0.0334,0.0551,0.0682,0.1697,0.0836,0.0616,0.1104,0.0489,0.0052,0.0504,0.0414,0.024,0.0395,0.0489,0.1219,0.06,0.0442,0.0792,0.0351,0.0037,0.0362,0.0519,0.0724,0.1243,"San Juan County, Utah"
372046,37,2046,0.0578,0.0334,0.0551,0.0684,0.1699,0.0838,0.0617,0.1105,0.049,0.0052,0.0505,0.0417,0.0241,0.0398,0.0494,0.1228,0.0605,0.0445,0.0798,0.0354,0.0037,0.0365,0.0524,0.0726,0.125,"San Juan County, Utah"
372047,37,2047,0.0578,0.0335,0.0552,0.0686,0.1702,0.0839,0.0617,0.1107,0.049,0.0052,0.0505,0.0421,0.0243,0.0401,0.0499,0.1237,0.061,0.0449,0.0805,0.0356,0.0038,0.0367,0.0529,0.0728,0.1257,"San Juan County, Utah"
372048,37,2048,0.0579,0.0335,0.0553,0.0688,0.1705,0.0841,0.0619,0.1109,0.0491,0.0052,0.0506,0.0424,0.0245,0.0404,0.0503,0.1247,0.0615,0.0453,0.0812,0.0359,0.0038,0.037,0.0534,0.0731,0.1265,"San Juan County, Utah"
372049,37,2049,0.058,0.0336,0.0554,0.069,0.1708,0.0842,0.062,0.1112,0.0491,0.0052,0.0507,0.0427,0.0247,0.0408,0.0508,0.1257,0.062,0.0456,0.0818,0.0362,0.0038,0.0373,0.0539,0.0733,0.1272,"San Juan County, Utah"
372050,37,2050,0.0582,0.0337,0.0555,0.0693,0.1711,0.0844,0.0621,0.1114,0.0492,0.0052,0.0508,0.0431,0.0249,0.0411,0.0513,0.1267,0.0625,0.046,0.0825,0.0364,0.0039,0.0376,0.0544,0.0735,0.1279,"San Juan County, Utah"
372051,37,2051,0.0583,0.0337,0.0556,0.0695,0.1715,0.0846,0.0622,0.1117,0.0493,0.0052,0.0509,0.0434,0.0251,0.0414,0.0518,0.1277,0.063,0.0464,0.0832,0.0367,0.0039,0.0379,0.0549,0.0738,0.1287,"San Juan County, Utah"
372052,37,2052,0.0584,0.0338,0.0558,0.0697,0.1719,0.0848,0.0624,0.112,0.0494,0.0052,0.0511,0.0438,0.0253,0.0418,0.0522,0.1288,0.0636,0.0467,0.0839,0.037,0.0039,0.0383,0.0554,0.074,0.1294,"San Juan County, Utah"
372053,37,2053,0.0586,0.0339,0.0559,0.0702,0.1724,0.0851,0.0626,0.1123,0.0496,0.0053,0.0512,0.0442,0.0256,0.0421,0.0529,0.1299,0.0641,0.0471,0.0846,0.0373,0.004,0.0386,0.0559,0.0742,0.1301,"San Juan County, Utah"
372054,37,2054,0.0587,0.034,0.056,0.0703,0.1728,0.0852,0.0627,0.1126,0.0497,0.0053,0.0513,0.0445,0.0258,0.0425,0.0533,0.1309,0.0646,0.0475,0.0853,0.0376,0.004,0.0389,0.0564,0.0745,0.1309,"San Juan County, Utah"
372055,37,2055,0.0589,0.0341,0.0562,0.0707,0.1732,0.0855,0.0629,0.1129,0.0497,0.0053,0.0514,0.0449,0.026,0.0428,0.0539,0.132,0.0651,0.0479,0.086,0.0379,0.004,0.0392,0.0569,0.0747,0.1316,"San Juan County, Utah"
372056,37,2056,0.059,0.0341,0.0563,0.0708,0.1735,0.0856,0.063,0.113,0.0498,0.0053,0.0515,0.0452,0.0262,0.0431,0.0543,0.1329,0.0656,0.0483,0.0866,0.0381,0.0041,0.0395,0.0574,0.0749,0.1323,"San Juan County, Utah"
372057,37,2057,0.059,0.0342,0.0563,0.071,0.1736,0.0857,0.063,0.1132,0.0498,0.0053,0.0516,0.0455,0.0263,0.0434,0.0547,0.1338,0.066,0.0486,0.0872,0.0384,0.0041,0.0397,0.0579,0.0752,0.1331,"San Juan County, Utah"
372058,37,2058,0.0591,0.0342,0.0564,0.0713,0.1738,0.0858,0.0631,0.1133,0.0498,0.0053,0.0516,0.0458,0.0265,0.0437,0.0552,0.1347,0.0665,0.0489,0.0878,0.0386,0.0041,0.04,0.0584,0.0754,0.1338,"San Juan County, Utah"
372059,37,2059,0.0592,0.0343,0.0565,0.0714,0.1741,0.0859,0.0632,0.1135,0.0499,0.0053,0.0517,0.0461,0.0267,0.044,0.0556,0.1356,0.0669,0.0492,0.0884,0.0389,0.0041,0.0403,0.0589,0.0756,0.1345,"San Juan County, Utah"
372060,37,2060,0.0593,0.0343,0.0566,0.0715,0.1744,0.0861,0.0633,0.1136,0.05,0.0053,0.0518,0.0464,0.0269,0.0443,0.056,0.1365,0.0674,0.0495,0.089,0.0391,0.0042,0.0405,0.0594,0.0759,0.1353,"San Juan County, Utah"
372061,37,2061,0.0594,0.0344,0.0567,0.0719,0.1747,0.0863,0.0634,0.1139,0.05,0.0053,0.0519,0.0467,0.027,0.0446,0.0566,0.1375,0.0679,0.0499,0.0896,0.0394,0.0042,0.0408,0.0599,0.0761,0.136,"San Juan County, Utah"
372062,37,2062,0.0595,0.0344,0.0568,0.0721,0.1751,0.0865,0.0635,0.1141,0.0501,0.0053,0.052,0.0471,0.0272,0.0449,0.057,0.1385,0.0684,0.0503,0.0903,0.0397,0.0042,0.0411,0.0604,0.0763,0.1367,"San Juan County, Utah"
372063,37,2063,0.0596,0.0345,0.0569,0.0722,0.1754,0.0867,0.0637,0.1143,0.0502,0.0053,0.0521,0.0474,0.0274,0.0452,0.0574,0.1394,0.0689,0.0506,0.0909,0.0399,0.0042,0.0414,0.0609,0.0766,0.1375,"San Juan County, Utah"
372064,37,2064,0.0597,0.0346,0.057,0.0727,0.1758,0.0869,0.0638,0.1146,0.0502,0.0054,0.0522,0.0477,0.0276,0.0455,0.0581,0.1404,0.0694,0.051,0.0915,0.0401,0.0043,0.0417,0.0614,0.0768,0.1382,"San Juan County, Utah"
372065,37,2065,0.0599,0.0346,0.0571,0.0728,0.1761,0.087,0.0639,0.1148,0.0503,0.0054,0.0523,0.0481,0.0278,0.0459,0.0585,0.1414,0.0699,0.0513,0.0922,0.0404,0.0043,0.042,0.0619,0.0771,0.139,"San Juan County, Utah"
392023,39,2023,0.0654,0.0378,0.0624,0.0759,0.1927,0.0929,0.0698,0.1514,0.0523,0.0059,0.0571,0.0288,0.0167,0.0275,0.0334,0.0849,0.0409,0.0307,0.0667,0.023,0.0026,0.0252,0.0411,0.0934,0.1345,"Sanpete County, Utah"
392024,39,2024,0.0634,0.0367,0.0605,0.073,0.1868,0.0902,0.0677,0.143,0.0507,0.0057,0.0554,0.0289,0.0167,0.0275,0.0332,0.085,0.0411,0.0308,0.0651,0.0231,0.0026,0.0252,0.0403,0.0886,0.1289,"Sanpete County, Utah"
392025,39,2025,0.058,0.0336,0.0554,0.0667,0.1709,0.0826,0.062,0.131,0.0464,0.0052,0.0507,0.0307,0.0178,0.0293,0.0353,0.0904,0.0437,0.0328,0.0693,0.0245,0.0028,0.0268,0.0429,0.0811,0.124,"Sanpete County, Utah"
392026,39,2026,0.0552,0.0319,0.0527,0.0636,0.1625,0.0785,0.0589,0.1245,0.0441,0.0049,0.0482,0.0309,0.0179,0.0295,0.0356,0.091,0.0439,0.033,0.0697,0.0247,0.0028,0.027,0.0431,0.0771,0.1202,"Sanpete County, Utah"
392027,39,2027,0.0531,0.0307,0.0507,0.0613,0.1565,0.0756,0.0567,0.1194,0.0424,0.0048,0.0464,0.0311,0.018,0.0297,0.0359,0.0916,0.0443,0.0332,0.07,0.0248,0.0028,0.0272,0.0434,0.0741,0.1175,"Sanpete County, Utah"
392028,39,2028,0.0515,0.0298,0.0492,0.0595,0.1517,0.0733,0.055,0.1155,0.0411,0.0046,0.045,0.0313,0.0181,0.0299,0.0362,0.0922,0.0446,0.0334,0.0702,0.025,0.0028,0.0274,0.0437,0.0718,0.1155,"Sanpete County, Utah"
392029,39,2029,0.0503,0.0291,0.048,0.0581,0.148,0.0716,0.0537,0.1127,0.0401,0.0045,0.0439,0.0315,0.0182,0.0301,0.0365,0.0928,0.0449,0.0336,0.0706,0.0251,0.0028,0.0275,0.044,0.0702,0.1142,"Sanpete County, Utah"
392030,39,2030,0.0493,0.0285,0.047,0.0571,0.1452,0.0702,0.0526,0.1106,0.0393,0.0044,0.0431,0.0317,0.0184,0.0303,0.0368,0.0934,0.0452,0.0339,0.0712,0.0253,0.0028,0.0277,0.0444,0.0689,0.1133,"Sanpete County, Utah"
392031,39,2031,0.0494,0.0286,0.0471,0.0574,0.1455,0.0704,0.0527,0.111,0.0393,0.0044,0.0432,0.0321,0.0186,0.0306,0.0372,0.0944,0.0457,0.0342,0.072,0.0255,0.0029,0.028,0.0449,0.0692,0.1141,"Sanpete County, Utah"
392032,39,2032,0.0495,0.0287,0.0472,0.0576,0.1458,0.0706,0.0529,0.1114,0.0394,0.0044,0.0433,0.0324,0.0187,0.0309,0.0377,0.0954,0.0462,0.0346,0.0729,0.0258,0.0029,0.0283,0.0454,0.0694,0.1148,"Sanpete County, Utah"
392033,39,2033,0.0496,0.0287,0.0473,0.0579,0.1461,0.0708,0.053,0.1119,0.0394,0.0044,0.0433,0.0327,0.0189,0.0312,0.0382,0.0963,0.0467,0.0349,0.0737,0.026,0.0029,0.0286,0.0459,0.0696,0.1155,"Sanpete County, Utah"
392034,39,2034,0.0496,0.0287,0.0474,0.0582,0.1462,0.0709,0.053,0.1122,0.0394,0.0044,0.0434,0.033,0.0191,0.0315,0.0387,0.0971,0.0471,0.0352,0.0745,0.0262,0.003,0.0288,0.0464,0.0698,0.1162,"Sanpete County, Utah"
392035,39,2035,0.0498,0.0288,0.0475,0.0586,0.1466,0.0712,0.0532,0.1127,0.0395,0.0045,0.0435,0.0333,0.0193,0.0318,0.0392,0.0982,0.0477,0.0356,0.0755,0.0264,0.003,0.0291,0.0469,0.0701,0.117,"Sanpete County, Utah"
392036,39,2036,0.0499,0.0289,0.0476,0.0589,0.1468,0.0713,0.0532,0.1131,0.0395,0.0045,0.0436,0.0336,0.0195,0.0321,0.0397,0.099,0.0481,0.0359,0.0763,0.0266,0.003,0.0294,0.0474,0.0703,0.1177,"Sanpete County, Utah"
392037,39,2037,0.0499,0.0289,0.0477,0.0592,0.1471,0.0715,0.0533,0.1134,0.0395,0.0045,0.0436,0.0339,0.0196,0.0324,0.0402,0.0999,0.0486,0.0362,0.077,0.0269,0.003,0.0296,0.0479,0.0705,0.1184,"Sanpete County, Utah"
392038,39,2038,0.05,0.0289,0.0477,0.0594,0.1472,0.0716,0.0534,0.1136,0.0396,0.0045,0.0437,0.0342,0.0198,0.0327,0.0407,0.1008,0.049,0.0365,0.0778,0.0271,0.0031,0.0299,0.0484,0.0708,0.1192,"Sanpete County, Utah"
392039,39,2039,0.0501,0.029,0.0478,0.0597,0.1475,0.0718,0.0535,0.1138,0.0396,0.0045,0.0438,0.0345,0.02,0.0329,0.0412,0.1017,0.0495,0.0369,0.0785,0.0273,0.0031,0.0302,0.0489,0.071,0.1199,"Sanpete County, Utah"
392040,39,2040,0.0502,0.029,0.0479,0.06,0.1477,0.0719,0.0535,0.1141,0.0396,0.0045,0.0438,0.0348,0.0202,0.0332,0.0416,0.1025,0.0499,0.0372,0.0792,0.0275,0.0031,0.0304,0.0494,0.0712,0.1206,"Sanpete County, Utah"
392041,39,2041,0.0502,0.0291,0.0479,0.0602,0.148,0.0721,0.0536,0.1143,0.0397,0.0045,0.0439,0.0351,0.0203,0.0335,0.0421,0.1034,0.0504,0.0375,0.0799,0.0277,0.0031,0.0307,0.0499,0.0714,0.1213,"Sanpete County, Utah"
392042,39,2042,0.0503,0.0291,0.048,0.0605,0.1482,0.0722,0.0537,0.1146,0.0397,0.0045,0.044,0.0354,0.0205,0.0338,0.0426,0.1043,0.0508,0.0378,0.0806,0.0279,0.0032,0.0309,0.0504,0.0717,0.1221,"Sanpete County, Utah"
392043,39,2043,0.0504,0.0292,0.0481,0.0608,0.1484,0.0723,0.0538,0.1148,0.0397,0.0045,0.044,0.0357,0.0207,0.0341,0.043,0.1052,0.0513,0.0381,0.0814,0.0281,0.0032,0.0312,0.0509,0.0719,0.1228,"Sanpete County, Utah"
392044,39,2044,0.0505,0.0292,0.0482,0.061,0.1486,0.0725,0.0539,0.1151,0.0398,0.0045,0.0441,0.036,0.0208,0.0344,0.0435,0.106,0.0517,0.0384,0.0821,0.0284,0.0032,0.0315,0.0514,0.0721,0.1235,"Sanpete County, Utah"
392045,39,2045,0.0506,0.0293,0.0482,0.0612,0.1489,0.0726,0.054,0.1154,0.0398,0.0045,0.0442,0.0363,0.021,0.0346,0.044,0.1069,0.0521,0.0387,0.0829,0.0286,0.0033,0.0317,0.0519,0.0724,0.1243,"Sanpete County, Utah"
392046,39,2046,0.0506,0.0293,0.0483,0.0615,0.1491,0.0727,0.0541,0.1157,0.0398,0.0045,0.0442,0.0366,0.0212,0.0349,0.0444,0.1077,0.0526,0.0391,0.0836,0.0288,0.0033,0.032,0.0524,0.0726,0.125,"Sanpete County, Utah"
392047,39,2047,0.0507,0.0294,0.0484,0.0618,0.1494,0.0729,0.0542,0.1161,0.0399,0.0045,0.0443,0.0369,0.0213,0.0352,0.0449,0.1086,0.053,0.0394,0.0844,0.029,0.0033,0.0322,0.0529,0.0728,0.1257,"Sanpete County, Utah"
392048,39,2048,0.0508,0.0294,0.0485,0.0621,0.1497,0.0731,0.0543,0.1164,0.0399,0.0046,0.0444,0.0372,0.0215,0.0355,0.0454,0.1095,0.0534,0.0397,0.0852,0.0292,0.0033,0.0325,0.0534,0.0731,0.1265,"Sanpete County, Utah"
392049,39,2049,0.0509,0.0295,0.0486,0.0623,0.15,0.0732,0.0544,0.1168,0.04,0.0046,0.0445,0.0375,0.0217,0.0358,0.0459,0.1104,0.0539,0.04,0.0859,0.0294,0.0034,0.0328,0.0539,0.0733,0.1272,"Sanpete County, Utah"
392050,39,2050,0.0511,0.0296,0.0487,0.0626,0.1503,0.0734,0.0545,0.1171,0.04,0.0046,0.0446,0.0378,0.0219,0.0361,0.0464,0.1113,0.0544,0.0404,0.0867,0.0297,0.0034,0.033,0.0544,0.0735,0.1279,"Sanpete County, Utah"
392051,39,2051,0.0512,0.0296,0.0488,0.0629,0.1507,0.0736,0.0546,0.1175,0.0401,0.0046,0.0447,0.0381,0.0221,0.0364,0.0468,0.1122,0.0548,0.0407,0.0876,0.0299,0.0034,0.0333,0.0549,0.0738,0.1287,"Sanpete County, Utah"
392052,39,2052,0.0513,0.0297,0.049,0.0632,0.1511,0.0738,0.0548,0.118,0.0402,0.0046,0.0448,0.0384,0.0222,0.0367,0.0473,0.1132,0.0553,0.041,0.0884,0.0301,0.0034,0.0336,0.0554,0.074,0.1294,"Sanpete County, Utah"
392053,39,2053,0.0515,0.0298,0.0491,0.0635,0.1515,0.074,0.0549,0.1184,0.0403,0.0046,0.045,0.0388,0.0224,0.037,0.0479,0.1141,0.0558,0.0414,0.0892,0.0304,0.0035,0.0339,0.0559,0.0742,0.1301,"Sanpete County, Utah"
392054,39,2054,0.0516,0.0299,0.0492,0.0638,0.1519,0.0742,0.0551,0.1188,0.0403,0.0046,0.0451,0.0391,0.0226,0.0373,0.0484,0.1151,0.0563,0.0417,0.0901,0.0306,0.0035,0.0342,0.0564,0.0745,0.1309,"Sanpete County, Utah"
392055,39,2055,0.0517,0.0299,0.0493,0.0641,0.1522,0.0744,0.0552,0.1192,0.0404,0.0046,0.0452,0.0394,0.0228,0.0376,0.0489,0.116,0.0567,0.0421,0.0909,0.0308,0.0035,0.0344,0.0569,0.0747,0.1316,"Sanpete County, Utah"
392056,39,2056,0.0518,0.03,0.0495,0.0644,0.1526,0.0746,0.0553,0.1196,0.0405,0.0046,0.0453,0.0397,0.023,0.0379,0.0494,0.1169,0.0572,0.0424,0.0917,0.031,0.0036,0.0347,0.0574,0.0749,0.1323,"Sanpete County, Utah"
392057,39,2057,0.0519,0.03,0.0495,0.0646,0.1528,0.0748,0.0554,0.1199,0.0405,0.0047,0.0454,0.04,0.0232,0.0382,0.0498,0.1178,0.0576,0.0427,0.0924,0.0312,0.0036,0.0349,0.0579,0.0752,0.1331,"Sanpete County, Utah"
392058,39,2058,0.052,0.0301,0.0496,0.0649,0.1531,0.0749,0.0555,0.1202,0.0405,0.0047,0.0454,0.0403,0.0233,0.0385,0.0503,0.1186,0.0581,0.043,0.0931,0.0314,0.0036,0.0352,0.0584,0.0754,0.1338,"Sanpete County, Utah"
392059,39,2059,0.0521,0.0302,0.0497,0.0652,0.1534,0.0751,0.0556,0.1206,0.0406,0.0047,0.0455,0.0406,0.0235,0.0387,0.0508,0.1195,0.0585,0.0433,0.0939,0.0316,0.0036,0.0355,0.0589,0.0756,0.1345,"Sanpete County, Utah"
392060,39,2060,0.0522,0.0302,0.0498,0.0654,0.1537,0.0753,0.0557,0.1209,0.0406,0.0047,0.0456,0.0409,0.0237,0.039,0.0512,0.1203,0.0589,0.0436,0.0946,0.0318,0.0037,0.0357,0.0594,0.0759,0.1353,"Sanpete County, Utah"
392061,39,2061,0.0523,0.0303,0.0499,0.0657,0.154,0.0754,0.0558,0.1212,0.0407,0.0047,0.0457,0.0412,0.0238,0.0393,0.0517,0.1212,0.0594,0.0439,0.0954,0.032,0.0037,0.036,0.0599,0.0761,0.136,"Sanpete County, Utah"
392062,39,2062,0.0524,0.0303,0.05,0.066,0.1543,0.0756,0.056,0.1216,0.0407,0.0047,0.0458,0.0415,0.024,0.0396,0.0522,0.122,0.0598,0.0443,0.0962,0.0322,0.0037,0.0362,0.0604,0.0763,0.1367,"Sanpete County, Utah"
392063,39,2063,0.0525,0.0304,0.0501,0.0663,0.1546,0.0758,0.0561,0.1219,0.0408,0.0047,0.0459,0.0417,0.0242,0.0398,0.0527,0.1229,0.0602,0.0446,0.0969,0.0324,0.0037,0.0365,0.0609,0.0766,0.1375,"Sanpete County, Utah"
392064,39,2064,0.0526,0.0305,0.0502,0.0666,0.1549,0.076,0.0562,0.1223,0.0408,0.0047,0.046,0.042,0.0243,0.0401,0.0532,0.1238,0.0607,0.0449,0.0977,0.0326,0.0038,0.0367,0.0614,0.0768,0.1382,"Sanpete County, Utah"
392065,39,2065,0.0528,0.0305,0.0503,0.0668,0.1553,0.0762,0.0563,0.1226,0.0409,0.0047,0.0461,0.0423,0.0245,0.0404,0.0536,0.1247,0.0611,0.0452,0.0984,0.0328,0.0038,0.037,0.0619,0.0771,0.139,"Sanpete County, Utah"
412023,41,2023,0.0732,0.0423,0.0698,0.0756,0.2152,0.1054,0.0781,0.1613,0.0559,0.0066,0.0639,0.0322,0.0187,0.0308,0.0333,0.0948,0.0464,0.0344,0.0711,0.0246,0.0029,0.0282,0.0411,0.0934,0.1345,"Sevier County, Utah"
412024,41,2024,0.0705,0.0408,0.0672,0.0738,0.2073,0.1014,0.0752,0.1536,0.0537,0.0063,0.0616,0.0321,0.0186,0.0306,0.0336,0.0943,0.0462,0.0342,0.0699,0.0244,0.0029,0.028,0.0403,0.0886,0.1289,"Sevier County, Utah"
412025,41,2025,0.0644,0.0372,0.0614,0.0673,0.1893,0.0926,0.0687,0.1404,0.049,0.0058,0.0562,0.0341,0.0197,0.0325,0.0356,0.1002,0.049,0.0364,0.0743,0.0259,0.0031,0.0298,0.0429,0.0811,0.124,"Sevier County, Utah"
412026,41,2026,0.0612,0.0354,0.0584,0.064,0.1799,0.088,0.0653,0.1334,0.0465,0.0055,0.0534,0.0342,0.0198,0.0327,0.0358,0.1007,0.0493,0.0365,0.0746,0.026,0.0031,0.0299,0.0431,0.0771,0.1202,"Sevier County, Utah"
412027,41,2027,0.0589,0.0341,0.0562,0.0616,0.1731,0.0847,0.0628,0.1278,0.0448,0.0053,0.0514,0.0345,0.0199,0.0329,0.0361,0.1014,0.0496,0.0368,0.0748,0.0262,0.0031,0.0301,0.0434,0.0741,0.1175,"Sevier County, Utah"
412028,41,2028,0.0569,0.0329,0.0543,0.0595,0.1674,0.082,0.0608,0.123,0.0432,0.0051,0.0497,0.0346,0.02,0.033,0.0362,0.1018,0.0498,0.0369,0.0748,0.0263,0.0031,0.0302,0.0437,0.0718,0.1155,"Sevier County, Utah"
412029,41,2029,0.0553,0.032,0.0528,0.0579,0.1627,0.0797,0.0591,0.1194,0.042,0.005,0.0483,0.0347,0.0201,0.0331,0.0363,0.102,0.05,0.037,0.0749,0.0263,0.0031,0.0303,0.044,0.0702,0.1142,"Sevier County, Utah"
412030,41,2030,0.0542,0.0314,0.0517,0.0567,0.1594,0.0781,0.0578,0.1169,0.041,0.0049,0.0473,0.0349,0.0202,0.0333,0.0365,0.1026,0.0503,0.0372,0.0753,0.0264,0.0031,0.0305,0.0444,0.0689,0.1133,"Sevier County, Utah"
412031,41,2031,0.0542,0.0314,0.0518,0.0569,0.1596,0.0782,0.0579,0.1171,0.041,0.0049,0.0474,0.0352,0.0204,0.0336,0.0369,0.1035,0.0507,0.0376,0.076,0.0266,0.0032,0.0308,0.0449,0.0692,0.1141,"Sevier County, Utah"
412032,41,2032,0.0544,0.0315,0.0519,0.0571,0.16,0.0785,0.0581,0.1176,0.0411,0.0049,0.0475,0.0356,0.0206,0.034,0.0373,0.1047,0.0513,0.038,0.0769,0.0269,0.0032,0.0311,0.0454,0.0694,0.1148,"Sevier County, Utah"
412033,41,2033,0.0546,0.0316,0.0521,0.0573,0.1605,0.0787,0.0583,0.1181,0.0411,0.0049,0.0477,0.036,0.0208,0.0343,0.0378,0.1058,0.0519,0.0384,0.0779,0.0271,0.0032,0.0314,0.0459,0.0696,0.1155,"Sevier County, Utah"
412034,41,2034,0.0546,0.0316,0.0521,0.0575,0.1605,0.0788,0.0583,0.1185,0.0411,0.0049,0.0477,0.0363,0.021,0.0346,0.0382,0.1067,0.0523,0.0387,0.0787,0.0273,0.0033,0.0317,0.0464,0.0698,0.1162,"Sevier County, Utah"
412035,41,2035,0.0548,0.0317,0.0523,0.0579,0.1613,0.0792,0.0586,0.1189,0.0412,0.0049,0.0479,0.0367,0.0213,0.035,0.0388,0.108,0.053,0.0392,0.0796,0.0276,0.0033,0.0321,0.0469,0.0701,0.117,"Sevier County, Utah"
412036,41,2036,0.0549,0.0318,0.0524,0.0581,0.1615,0.0793,0.0586,0.1192,0.0412,0.0049,0.048,0.037,0.0214,0.0353,0.0392,0.1089,0.0535,0.0395,0.0804,0.0278,0.0033,0.0324,0.0474,0.0703,0.1177,"Sevier County, Utah"
412037,41,2037,0.055,0.0318,0.0525,0.0583,0.1617,0.0794,0.0587,0.1193,0.0412,0.0049,0.048,0.0374,0.0216,0.0356,0.0396,0.1099,0.054,0.0399,0.0811,0.028,0.0033,0.0326,0.0479,0.0705,0.1184,"Sevier County, Utah"
412038,41,2038,0.055,0.0318,0.0525,0.0584,0.1618,0.0795,0.0587,0.1195,0.0412,0.0049,0.0481,0.0377,0.0218,0.0359,0.04,0.1108,0.0544,0.0402,0.0818,0.0282,0.0034,0.0329,0.0484,0.0708,0.1192,"Sevier County, Utah"
412039,41,2039,0.0551,0.0319,0.0526,0.0586,0.1621,0.0797,0.0588,0.1197,0.0411,0.0049,0.0481,0.038,0.022,0.0363,0.0404,0.1117,0.0549,0.0406,0.0825,0.0284,0.0034,0.0332,0.0489,0.071,0.1199,"Sevier County, Utah"
412040,41,2040,0.0552,0.0319,0.0527,0.0588,0.1623,0.0798,0.0589,0.1198,0.0412,0.0049,0.0482,0.0383,0.0222,0.0366,0.0408,0.1127,0.0554,0.0409,0.0832,0.0286,0.0034,0.0335,0.0494,0.0712,0.1206,"Sevier County, Utah"
412041,41,2041,0.0553,0.032,0.0528,0.059,0.1627,0.08,0.0591,0.1201,0.0412,0.005,0.0483,0.0387,0.0224,0.0369,0.0413,0.1137,0.0559,0.0413,0.0839,0.0288,0.0035,0.0338,0.0499,0.0714,0.1213,"Sevier County, Utah"
412042,41,2042,0.0554,0.0321,0.0529,0.0592,0.163,0.0802,0.0592,0.1203,0.0412,0.005,0.0484,0.039,0.0226,0.0372,0.0417,0.1147,0.0565,0.0416,0.0846,0.029,0.0035,0.0341,0.0504,0.0717,0.1221,"Sevier County, Utah"
412043,41,2043,0.0555,0.0321,0.053,0.0595,0.1634,0.0804,0.0593,0.1205,0.0413,0.005,0.0485,0.0394,0.0228,0.0376,0.0421,0.1157,0.057,0.042,0.0854,0.0292,0.0035,0.0344,0.0509,0.0719,0.1228,"Sevier County, Utah"
412044,41,2044,0.0556,0.0322,0.0531,0.0596,0.1636,0.0806,0.0594,0.1207,0.0412,0.005,0.0486,0.0397,0.023,0.0379,0.0425,0.1167,0.0575,0.0424,0.0861,0.0294,0.0036,0.0347,0.0514,0.0721,0.1235,"Sevier County, Utah"
412045,41,2045,0.0557,0.0323,0.0532,0.0598,0.1639,0.0808,0.0595,0.1209,0.0413,0.005,0.0487,0.04,0.0232,0.0382,0.0429,0.1177,0.058,0.0427,0.0868,0.0296,0.0036,0.035,0.0519,0.0724,0.1243,"Sevier County, Utah"
412046,41,2046,0.0558,0.0323,0.0533,0.06,0.1642,0.0809,0.0596,0.1212,0.0413,0.005,0.0488,0.0403,0.0233,0.0385,0.0434,0.1186,0.0585,0.0431,0.0876,0.0298,0.0036,0.0352,0.0524,0.0726,0.125,"Sevier County, Utah"
412047,41,2047,0.056,0.0324,0.0534,0.0602,0.1646,0.0812,0.0597,0.1215,0.0413,0.005,0.0489,0.0407,0.0235,0.0388,0.0438,0.1196,0.059,0.0434,0.0883,0.03,0.0036,0.0355,0.0529,0.0728,0.1257,"Sevier County, Utah"
412048,41,2048,0.0561,0.0325,0.0535,0.0605,0.165,0.0814,0.0599,0.1218,0.0414,0.005,0.049,0.041,0.0238,0.0392,0.0442,0.1207,0.0596,0.0438,0.0891,0.0303,0.0037,0.0359,0.0534,0.0731,0.1265,"Sevier County, Utah"
412049,41,2049,0.0563,0.0326,0.0537,0.0607,0.1654,0.0817,0.0601,0.1221,0.0415,0.005,0.0491,0.0414,0.024,0.0395,0.0447,0.1218,0.0601,0.0442,0.0898,0.0305,0.0037,0.0362,0.0539,0.0733,0.1272,"Sevier County, Utah"
412050,41,2050,0.0564,0.0326,0.0538,0.0609,0.1659,0.0819,0.0602,0.1225,0.0415,0.0051,0.0493,0.0418,0.0242,0.0399,0.0451,0.1228,0.0607,0.0446,0.0907,0.0308,0.0037,0.0365,0.0544,0.0735,0.1279,"Sevier County, Utah"
412051,41,2051,0.0566,0.0327,0.054,0.0612,0.1664,0.0822,0.0604,0.1228,0.0416,0.0051,0.0494,0.0421,0.0244,0.0402,0.0456,0.1239,0.0612,0.045,0.0915,0.031,0.0038,0.0368,0.0549,0.0738,0.1287,"Sevier County, Utah"
412052,41,2052,0.0568,0.0329,0.0542,0.0615,0.1669,0.0825,0.0606,0.1232,0.0417,0.0051,0.0496,0.0425,0.0246,0.0406,0.0461,0.1251,0.0618,0.0454,0.0923,0.0312,0.0038,0.0372,0.0554,0.074,0.1294,"Sevier County, Utah"
412053,41,2053,0.057,0.033,0.0544,0.0618,0.1675,0.0828,0.0608,0.1236,0.0418,0.0051,0.0498,0.0429,0.0248,0.041,0.0465,0.1262,0.0624,0.0458,0.0932,0.0315,0.0038,0.0375,0.0559,0.0742,0.1301,"Sevier County, Utah"
412054,41,2054,0.0571,0.0331,0.0545,0.0621,0.168,0.0831,0.061,0.1241,0.0418,0.0051,0.0499,0.0433,0.0251,0.0413,0.047,0.1273,0.063,0.0462,0.094,0.0317,0.0039,0.0378,0.0564,0.0745,0.1309,"Sevier County, Utah"
412055,41,2055,0.0573,0.0332,0.0547,0.0623,0.1686,0.0834,0.0612,0.1244,0.0419,0.0051,0.0501,0.0437,0.0253,0.0417,0.0475,0.1285,0.0635,0.0466,0.0948,0.032,0.0039,0.0382,0.0569,0.0747,0.1316,"Sevier County, Utah"
412056,41,2056,0.0575,0.0333,0.0548,0.0625,0.169,0.0836,0.0613,0.1247,0.042,0.0052,0.0502,0.044,0.0255,0.042,0.0479,0.1295,0.0641,0.047,0.0956,0.0322,0.0039,0.0385,0.0574,0.0749,0.1323,"Sevier County, Utah"
412057,41,2057,0.0576,0.0333,0.0549,0.0627,0.1692,0.0838,0.0614,0.1249,0.042,0.0052,0.0503,0.0443,0.0257,0.0423,0.0483,0.1304,0.0646,0.0473,0.0962,0.0323,0.004,0.0387,0.0579,0.0752,0.1331,"Sevier County, Utah"
412058,41,2058,0.0577,0.0334,0.055,0.0629,0.1695,0.084,0.0616,0.1251,0.042,0.0052,0.0504,0.0447,0.0259,0.0426,0.0487,0.1313,0.065,0.0477,0.0969,0.0325,0.004,0.039,0.0584,0.0754,0.1338,"Sevier County, Utah"
412059,41,2059,0.0578,0.0334,0.0551,0.0631,0.1699,0.0842,0.0617,0.1253,0.042,0.0052,0.0505,0.045,0.026,0.0429,0.0491,0.1323,0.0655,0.048,0.0976,0.0327,0.004,0.0393,0.0589,0.0756,0.1345,"Sevier County, Utah"
412060,41,2060,0.0579,0.0335,0.0553,0.0633,0.1703,0.0844,0.0618,0.1256,0.0421,0.0052,0.0506,0.0453,0.0262,0.0433,0.0495,0.1333,0.0661,0.0484,0.0983,0.0329,0.0041,0.0396,0.0594,0.0759,0.1353,"Sevier County, Utah"
412061,41,2061,0.058,0.0336,0.0554,0.0635,0.1707,0.0846,0.062,0.1259,0.0421,0.0052,0.0507,0.0457,0.0264,0.0436,0.05,0.1343,0.0666,0.0488,0.0991,0.0331,0.0041,0.0399,0.0599,0.0761,0.136,"Sevier County, Utah"
412062,41,2062,0.0582,0.0337,0.0555,0.0637,0.1711,0.0848,0.0621,0.1261,0.0421,0.0052,0.0508,0.046,0.0266,0.0439,0.0504,0.1353,0.0671,0.0491,0.0998,0.0333,0.0041,0.0402,0.0604,0.0763,0.1367,"Sevier County, Utah"
412063,41,2063,0.0583,0.0337,0.0556,0.064,0.1715,0.085,0.0623,0.1264,0.0421,0.0052,0.0509,0.0464,0.0268,0.0442,0.0508,0.1363,0.0676,0.0495,0.1005,0.0335,0.0042,0.0405,0.0609,0.0766,0.1375,"Sevier County, Utah"
412064,41,2064,0.0584,0.0338,0.0558,0.0642,0.1718,0.0853,0.0624,0.1267,0.0422,0.0052,0.0511,0.0467,0.027,0.0445,0.0513,0.1373,0.0681,0.0498,0.1012,0.0337,0.0042,0.0408,0.0614,0.0768,0.1382,"Sevier County, Utah"
412065,41,2065,0.0586,0.0339,0.0559,0.0644,0.1722,0.0855,0.0625,0.127,0.0422,0.0053,0.0512,0.047,0.0272,0.0449,0.0517,0.1382,0.0686,0.0502,0.1019,0.0339,0.0042,0.0411,0.0619,0.0771,0.139,"Sevier County, Utah"
432023,43,2023,0.1589,0.0919,0.1516,0.1951,0.4675,0.2138,0.1696,0.3349,0.1072,0.0142,0.1388,0.0431,0.0249,0.0411,0.0529,0.1267,0.0579,0.046,0.0908,0.029,0.0039,0.0376,0.0684,0.2525,0.3209,"Summit County, Utah"
432024,43,2024,0.1524,0.0882,0.1454,0.1906,0.4484,0.2064,0.1627,0.3206,0.1027,0.0137,0.1331,0.0427,0.0247,0.0407,0.0534,0.1256,0.0578,0.0456,0.0898,0.0288,0.0038,0.0373,0.0673,0.2404,0.3077,"Summit County, Utah"
432025,43,2025,0.1413,0.0818,0.1349,0.1765,0.4159,0.1917,0.1509,0.2982,0.0952,0.0127,0.1235,0.046,0.0266,0.0439,0.0575,0.1354,0.0624,0.0491,0.0971,0.031,0.0041,0.0402,0.0727,0.2234,0.2961,"Summit County, Utah"
432026,43,2026,0.1353,0.0783,0.1291,0.1691,0.3982,0.1838,0.1445,0.2853,0.091,0.0121,0.1182,0.0466,0.027,0.0445,0.0582,0.1371,0.0633,0.0498,0.0983,0.0313,0.0042,0.0407,0.0735,0.2133,0.2868,"Summit County, Utah"
432027,43,2027,0.1313,0.076,0.1253,0.1641,0.3863,0.1786,0.1402,0.2746,0.0882,0.0118,0.1147,0.0473,0.0274,0.0452,0.0591,0.1392,0.0644,0.0505,0.099,0.0318,0.0042,0.0413,0.0743,0.206,0.2803,"Summit County, Utah"
432028,43,2028,0.1284,0.0743,0.1225,0.1605,0.3777,0.1748,0.137,0.2659,0.0862,0.0115,0.1121,0.048,0.0278,0.0458,0.06,0.1413,0.0654,0.0513,0.0995,0.0322,0.0043,0.042,0.0751,0.2006,0.2757,"Summit County, Utah"
432029,43,2029,0.1258,0.0728,0.1201,0.1576,0.3703,0.1717,0.1344,0.2598,0.0844,0.0113,0.1099,0.0486,0.0281,0.0463,0.0608,0.1429,0.0663,0.0518,0.1003,0.0326,0.0044,0.0424,0.0759,0.1967,0.2726,"Summit County, Utah"
432030,43,2030,0.1239,0.0717,0.1182,0.1552,0.3644,0.1693,0.1322,0.2557,0.0829,0.0111,0.1082,0.0491,0.0284,0.0468,0.0615,0.1444,0.0671,0.0524,0.1013,0.0328,0.0044,0.0429,0.0767,0.1937,0.2704,"Summit County, Utah"
432031,43,2031,0.1242,0.0719,0.1185,0.1559,0.3653,0.1701,0.1326,0.2563,0.0829,0.0111,0.1085,0.0496,0.0287,0.0473,0.0623,0.1459,0.068,0.0529,0.1024,0.0331,0.0044,0.0433,0.0777,0.1945,0.2722,"Summit County, Utah"
432032,43,2032,0.1244,0.072,0.1187,0.1564,0.366,0.1709,0.1328,0.2571,0.0829,0.0112,0.1087,0.0501,0.029,0.0478,0.063,0.1474,0.0688,0.0535,0.1035,0.0334,0.0045,0.0438,0.0786,0.1953,0.2739,"Summit County, Utah"
432033,43,2033,0.1249,0.0723,0.1192,0.1574,0.3675,0.172,0.1333,0.2573,0.083,0.0112,0.1091,0.0507,0.0293,0.0484,0.0639,0.1491,0.0698,0.0541,0.1044,0.0337,0.0045,0.0443,0.0796,0.1961,0.2757,"Summit County, Utah"
432034,43,2034,0.1258,0.0728,0.12,0.1587,0.37,0.1737,0.1343,0.2571,0.0833,0.0113,0.1099,0.0514,0.0298,0.0491,0.0649,0.1513,0.071,0.0549,0.1052,0.0341,0.0046,0.0449,0.0805,0.1969,0.2774,"Summit County, Utah"
432035,43,2035,0.125,0.0723,0.1193,0.1583,0.3678,0.1731,0.1334,0.2605,0.0825,0.0112,0.1092,0.0515,0.0298,0.0492,0.0652,0.1516,0.0713,0.055,0.1073,0.034,0.0046,0.045,0.0815,0.1977,0.2792,"Summit County, Utah"
432036,43,2036,0.1253,0.0725,0.1195,0.159,0.3686,0.1738,0.1337,0.2616,0.0824,0.0112,0.1094,0.052,0.0301,0.0496,0.066,0.153,0.0722,0.0555,0.1086,0.0342,0.0047,0.0454,0.0824,0.1985,0.2809,"Summit County, Utah"
432037,43,2037,0.1256,0.0727,0.1198,0.1597,0.3695,0.1746,0.1341,0.2626,0.0823,0.0113,0.1097,0.0525,0.0304,0.0501,0.0668,0.1545,0.073,0.0561,0.1098,0.0344,0.0047,0.0459,0.0834,0.1993,0.2827,"Summit County, Utah"
432038,43,2038,0.1258,0.0728,0.12,0.1602,0.37,0.1752,0.1343,0.2635,0.0822,0.0113,0.1099,0.053,0.0307,0.0506,0.0675,0.1559,0.0738,0.0566,0.111,0.0346,0.0047,0.0463,0.0843,0.2001,0.2844,"Summit County, Utah"
432039,43,2039,0.126,0.0729,0.1203,0.1609,0.3708,0.1758,0.1345,0.2644,0.0821,0.0113,0.1101,0.0535,0.0309,0.051,0.0682,0.1573,0.0746,0.0571,0.1122,0.0348,0.0048,0.0467,0.0852,0.2009,0.2861,"Summit County, Utah"
432040,43,2040,0.1263,0.0731,0.1205,0.1615,0.3716,0.1764,0.1348,0.2651,0.082,0.0113,0.1103,0.054,0.0312,0.0515,0.069,0.1588,0.0754,0.0576,0.1133,0.035,0.0048,0.0471,0.0862,0.2017,0.2879,"Summit County, Utah"
432041,43,2041,0.1266,0.0733,0.1208,0.1621,0.3725,0.177,0.1352,0.2659,0.0819,0.0114,0.1106,0.0545,0.0315,0.052,0.0697,0.1603,0.0761,0.0582,0.1144,0.0352,0.0049,0.0476,0.0871,0.2025,0.2896,"Summit County, Utah"
432042,43,2042,0.1268,0.0734,0.121,0.1626,0.3732,0.1775,0.1354,0.2666,0.0818,0.0114,0.1108,0.0549,0.0318,0.0524,0.0705,0.1616,0.0769,0.0587,0.1155,0.0354,0.0049,0.048,0.0881,0.2033,0.2914,"Summit County, Utah"
432043,43,2043,0.1271,0.0736,0.1213,0.1632,0.3741,0.1781,0.1357,0.2675,0.0817,0.0114,0.1111,0.0554,0.0321,0.0529,0.0712,0.1631,0.0776,0.0592,0.1166,0.0356,0.005,0.0484,0.089,0.2041,0.2931,"Summit County, Utah"
432044,43,2044,0.1274,0.0737,0.1216,0.1638,0.3748,0.1786,0.136,0.2682,0.0816,0.0114,0.1113,0.0559,0.0324,0.0534,0.0719,0.1645,0.0784,0.0597,0.1177,0.0358,0.005,0.0489,0.09,0.2049,0.2949,"Summit County, Utah"
432045,43,2045,0.1277,0.0739,0.1219,0.1644,0.3757,0.1791,0.1363,0.2691,0.0815,0.0114,0.1116,0.0564,0.0327,0.0538,0.0726,0.166,0.0791,0.0602,0.1189,0.036,0.0051,0.0493,0.0909,0.2057,0.2966,"Summit County, Utah"
432046,43,2046,0.128,0.0741,0.1221,0.1649,0.3766,0.1796,0.1366,0.27,0.0814,0.0115,0.1118,0.0569,0.0329,0.0543,0.0733,0.1674,0.0798,0.0608,0.12,0.0362,0.0051,0.0497,0.0918,0.2066,0.2984,"Summit County, Utah"
432047,43,2047,0.1283,0.0743,0.1225,0.1656,0.3775,0.1801,0.137,0.2709,0.0815,0.0115,0.1121,0.0574,0.0332,0.0548,0.0741,0.1689,0.0806,0.0613,0.1212,0.0364,0.0051,0.0502,0.0928,0.2074,0.3002,"Summit County, Utah"
432048,43,2048,0.1287,0.0745,0.1228,0.1662,0.3786,0.1806,0.1374,0.2718,0.0814,0.0115,0.1124,0.0579,0.0335,0.0553,0.0748,0.1705,0.0813,0.0619,0.1224,0.0367,0.0052,0.0506,0.0937,0.2082,0.3019,"Summit County, Utah"
432049,43,2049,0.1291,0.0747,0.1232,0.167,0.3798,0.1812,0.1378,0.2728,0.0814,0.0116,0.1128,0.0585,0.0338,0.0558,0.0756,0.172,0.0821,0.0624,0.1236,0.0369,0.0052,0.0511,0.0947,0.209,0.3037,"Summit County, Utah"
432050,43,2050,0.1295,0.075,0.1236,0.1677,0.381,0.1818,0.1383,0.2739,0.0815,0.0116,0.1132,0.059,0.0342,0.0563,0.0764,0.1736,0.0829,0.063,0.1248,0.0371,0.0053,0.0516,0.0956,0.2098,0.3054,"Summit County, Utah"
432051,43,2051,0.13,0.0752,0.124,0.1685,0.3824,0.1825,0.1388,0.275,0.0815,0.0117,0.1136,0.0596,0.0345,0.0569,0.0772,0.1753,0.0837,0.0636,0.1261,0.0374,0.0053,0.0521,0.0965,0.2106,0.3071,"Summit County, Utah"
432052,43,2052,0.1305,0.0755,0.1245,0.1693,0.3838,0.1832,0.1393,0.2762,0.0816,0.0117,0.114,0.0602,0.0348,0.0574,0.0781,0.177,0.0845,0.0642,0.1273,0.0376,0.0054,0.0526,0.0975,0.2114,0.3089,"Summit County, Utah"
432053,43,2053,0.131,0.0758,0.125,0.1702,0.3853,0.1839,0.1398,0.2773,0.0816,0.0117,0.1144,0.0607,0.0352,0.058,0.0789,0.1787,0.0853,0.0648,0.1286,0.0379,0.0054,0.0531,0.0984,0.2122,0.3106,"Summit County, Utah"
432054,43,2054,0.1315,0.0761,0.1255,0.171,0.3868,0.1846,0.1404,0.2785,0.0818,0.0118,0.1149,0.0613,0.0355,0.0585,0.0798,0.1804,0.0861,0.0655,0.1299,0.0381,0.0055,0.0536,0.0993,0.213,0.3123,"Summit County, Utah"
432055,43,2055,0.132,0.0764,0.126,0.1719,0.3883,0.1854,0.1409,0.2797,0.0819,0.0118,0.1153,0.0619,0.0358,0.0591,0.0806,0.1821,0.0869,0.0661,0.1312,0.0384,0.0056,0.0541,0.1003,0.2138,0.3141,"Summit County, Utah"
432056,43,2056,0.1325,0.0767,0.1264,0.1726,0.3897,0.186,0.1414,0.2808,0.0819,0.0119,0.1157,0.0625,0.0362,0.0596,0.0814,0.1838,0.0877,0.0667,0.1324,0.0386,0.0056,0.0546,0.1012,0.2146,0.3158,"Summit County, Utah"
432057,43,2057,0.1329,0.0769,0.1269,0.1734,0.3911,0.1867,0.1419,0.2817,0.0819,0.0119,0.1161,0.063,0.0365,0.0602,0.0822,0.1854,0.0885,0.0673,0.1336,0.0389,0.0057,0.0551,0.1022,0.2154,0.3176,"Summit County, Utah"
432058,43,2058,0.1334,0.0772,0.1273,0.1741,0.3924,0.1874,0.1424,0.2826,0.0819,0.012,0.1165,0.0636,0.0368,0.0607,0.083,0.1871,0.0894,0.0679,0.1347,0.039,0.0057,0.0556,0.1031,0.2162,0.3193,"Summit County, Utah"
432059,43,2059,0.1339,0.0775,0.1277,0.1748,0.3937,0.1882,0.1429,0.2835,0.0819,0.012,0.1169,0.0642,0.0371,0.0612,0.0838,0.1887,0.0902,0.0685,0.1359,0.0393,0.0058,0.056,0.104,0.217,0.321,"Summit County, Utah"
432060,43,2060,0.1343,0.0777,0.1282,0.1756,0.3951,0.1889,0.1434,0.2844,0.0819,0.012,0.1173,0.0647,0.0374,0.0617,0.0846,0.1903,0.091,0.0691,0.137,0.0395,0.0058,0.0565,0.105,0.2179,0.3229,"Summit County, Utah"
432061,43,2061,0.1348,0.078,0.1286,0.1764,0.3964,0.1897,0.1439,0.2853,0.0819,0.0121,0.1177,0.0653,0.0378,0.0623,0.0854,0.192,0.0918,0.0697,0.1382,0.0396,0.0059,0.057,0.1059,0.2187,0.3246,"Summit County, Utah"
432062,43,2062,0.1352,0.0783,0.129,0.1772,0.3978,0.1904,0.1444,0.2862,0.0819,0.0121,0.1181,0.0658,0.0381,0.0628,0.0862,0.1936,0.0927,0.0703,0.1393,0.0399,0.0059,0.0575,0.1068,0.2195,0.3263,"Summit County, Utah"
432063,43,2063,0.1357,0.0785,0.1295,0.178,0.3991,0.1912,0.1449,0.2872,0.0819,0.0122,0.1185,0.0664,0.0384,0.0633,0.0871,0.1953,0.0935,0.0709,0.1405,0.0401,0.006,0.058,0.1078,0.2203,0.3281,"Summit County, Utah"
432064,43,2064,0.1362,0.0788,0.1299,0.1788,0.4005,0.1919,0.1454,0.2881,0.082,0.0122,0.119,0.0669,0.0387,0.0639,0.0879,0.1969,0.0944,0.0715,0.1417,0.0403,0.006,0.0585,0.1087,0.2211,0.3298,"Summit County, Utah"
432065,43,2065,0.1366,0.0791,0.1304,0.1796,0.4019,0.1927,0.1459,0.2891,0.0819,0.0122,0.1194,0.0675,0.0391,0.0644,0.0887,0.1986,0.0952,0.0721,0.1428,0.0405,0.0061,0.059,0.1096,0.2219,0.3315,"Summit County, Utah"
452023,45,2023,0.0801,0.0464,0.0764,0.0766,0.2357,0.1104,0.0855,0.1834,0.0764,0.0072,0.07,0.0155,0.009,0.0148,0.0148,0.0456,0.0214,0.0166,0.0355,0.0148,0.0014,0.0136,0.022,0.1138,0.1358,"Tooele County, Utah"
452024,45,2024,0.0756,0.0438,0.0721,0.0705,0.2224,0.1042,0.0807,0.1752,0.0719,0.0068,0.066,0.0151,0.0088,0.0144,0.0141,0.0445,0.0209,0.0162,0.0351,0.0144,0.0014,0.0132,0.0217,0.1086,0.1303,"Tooele County, Utah"
452025,45,2025,0.0708,0.041,0.0676,0.066,0.2083,0.0977,0.0756,0.1642,0.0674,0.0063,0.0619,0.0165,0.0095,0.0157,0.0154,0.0485,0.0227,0.0176,0.0382,0.0157,0.0015,0.0144,0.0237,0.1017,0.1254,"Tooele County, Utah"
452026,45,2026,0.0679,0.0393,0.0648,0.0633,0.1998,0.0937,0.0725,0.1574,0.0646,0.0061,0.0593,0.0167,0.0097,0.016,0.0156,0.0492,0.0231,0.0178,0.0387,0.0159,0.0015,0.0146,0.024,0.0974,0.1214,"Tooele County, Utah"
452027,45,2027,0.066,0.0382,0.0629,0.0615,0.194,0.0911,0.0704,0.1522,0.0628,0.0059,0.0576,0.017,0.0098,0.0162,0.0158,0.05,0.0235,0.0181,0.0392,0.0162,0.0015,0.0148,0.0243,0.0943,0.1186,"Tooele County, Utah"
452028,45,2028,0.0644,0.0373,0.0614,0.0601,0.1894,0.089,0.0687,0.1481,0.0613,0.0058,0.0563,0.0172,0.01,0.0164,0.0161,0.0506,0.0238,0.0184,0.0396,0.0164,0.0015,0.015,0.0246,0.0921,0.1167,"Tooele County, Utah"
452029,45,2029,0.0631,0.0365,0.0602,0.0589,0.1857,0.0873,0.0674,0.1451,0.06,0.0057,0.0552,0.0174,0.0101,0.0166,0.0163,0.0512,0.0241,0.0186,0.04,0.0165,0.0016,0.0152,0.0249,0.0904,0.1153,"Tooele County, Utah"
452030,45,2030,0.0622,0.036,0.0593,0.0581,0.1829,0.0861,0.0664,0.143,0.059,0.0056,0.0543,0.0176,0.0102,0.0168,0.0164,0.0518,0.0244,0.0188,0.0405,0.0167,0.0016,0.0154,0.0253,0.0892,0.1145,"Tooele County, Utah"
452031,45,2031,0.0623,0.0361,0.0595,0.0583,0.1834,0.0864,0.0665,0.1435,0.0592,0.0056,0.0545,0.0178,0.0103,0.017,0.0166,0.0523,0.0247,0.019,0.041,0.0169,0.0016,0.0155,0.0256,0.0897,0.1153,"Tooele County, Utah"
452032,45,2032,0.0625,0.0362,0.0597,0.0585,0.1839,0.0868,0.0667,0.1441,0.0594,0.0056,0.0546,0.018,0.0104,0.0172,0.0168,0.0529,0.025,0.0192,0.0415,0.0171,0.0016,0.0157,0.0259,0.0901,0.116,"Tooele County, Utah"
452033,45,2033,0.0627,0.0363,0.0598,0.0587,0.1845,0.0872,0.0669,0.1445,0.0594,0.0056,0.0548,0.0182,0.0105,0.0173,0.017,0.0535,0.0253,0.0194,0.0419,0.0172,0.0016,0.0159,0.0262,0.0905,0.1167,"Tooele County, Utah"
452034,45,2034,0.0629,0.0364,0.06,0.059,0.1851,0.0877,0.0672,0.1447,0.0595,0.0056,0.055,0.0184,0.0106,0.0175,0.0172,0.0541,0.0256,0.0196,0.0423,0.0174,0.0016,0.0161,0.0266,0.0909,0.1175,"Tooele County, Utah"
452035,45,2035,0.0629,0.0364,0.0601,0.059,0.1852,0.0879,0.0672,0.1457,0.0596,0.0056,0.055,0.0185,0.0107,0.0177,0.0174,0.0545,0.0259,0.0198,0.0429,0.0175,0.0017,0.0162,0.0269,0.0913,0.1182,"Tooele County, Utah"
452036,45,2036,0.0631,0.0365,0.0602,0.0592,0.1855,0.0882,0.0673,0.1462,0.0596,0.0057,0.0551,0.0187,0.0108,0.0179,0.0176,0.055,0.0262,0.02,0.0434,0.0177,0.0017,0.0163,0.0272,0.0917,0.1189,"Tooele County, Utah"
452037,45,2037,0.0632,0.0366,0.0603,0.0594,0.186,0.0885,0.0675,0.1466,0.0596,0.0057,0.0552,0.0189,0.0109,0.018,0.0178,0.0556,0.0264,0.0202,0.0438,0.0178,0.0017,0.0165,0.0275,0.0921,0.1196,"Tooele County, Utah"
452038,45,2038,0.0633,0.0367,0.0604,0.0596,0.1863,0.0888,0.0676,0.147,0.0597,0.0057,0.0553,0.0191,0.011,0.0182,0.0179,0.0561,0.0267,0.0204,0.0442,0.018,0.0017,0.0167,0.0279,0.0926,0.1205,"Tooele County, Utah"
452039,45,2039,0.0635,0.0368,0.0606,0.0598,0.1868,0.0891,0.0678,0.1473,0.0598,0.0057,0.0555,0.0193,0.0111,0.0184,0.0181,0.0566,0.027,0.0206,0.0447,0.0181,0.0017,0.0168,0.0282,0.093,0.1212,"Tooele County, Utah"
452040,45,2040,0.0637,0.0368,0.0608,0.06,0.1873,0.0894,0.068,0.1477,0.0599,0.0057,0.0556,0.0194,0.0112,0.0185,0.0183,0.0572,0.0273,0.0208,0.0451,0.0183,0.0017,0.017,0.0285,0.0934,0.1219,"Tooele County, Utah"
452041,45,2041,0.0638,0.037,0.0609,0.0602,0.1878,0.0897,0.0682,0.1481,0.06,0.0057,0.0558,0.0196,0.0114,0.0187,0.0185,0.0577,0.0276,0.021,0.0455,0.0184,0.0018,0.0171,0.0288,0.0938,0.1226,"Tooele County, Utah"
452042,45,2042,0.064,0.037,0.0611,0.0604,0.1883,0.09,0.0683,0.1485,0.0601,0.0057,0.0559,0.0198,0.0115,0.0189,0.0187,0.0583,0.0279,0.0211,0.046,0.0186,0.0018,0.0173,0.0292,0.0942,0.1234,"Tooele County, Utah"
452043,45,2043,0.0642,0.0371,0.0612,0.0606,0.1888,0.0903,0.0685,0.1489,0.0602,0.0058,0.0561,0.02,0.0116,0.0191,0.0189,0.0588,0.0281,0.0213,0.0464,0.0188,0.0018,0.0175,0.0295,0.0946,0.1241,"Tooele County, Utah"
452044,45,2044,0.0643,0.0372,0.0614,0.0608,0.1893,0.0906,0.0687,0.1494,0.0603,0.0058,0.0562,0.0202,0.0117,0.0193,0.0191,0.0594,0.0284,0.0215,0.0468,0.0189,0.0018,0.0176,0.0298,0.095,0.1248,"Tooele County, Utah"
452045,45,2045,0.0645,0.0373,0.0616,0.061,0.1898,0.0909,0.0689,0.1499,0.0603,0.0058,0.0564,0.0204,0.0118,0.0194,0.0193,0.0599,0.0287,0.0217,0.0473,0.019,0.0018,0.0178,0.0301,0.0955,0.1256,"Tooele County, Utah"
452046,45,2046,0.0647,0.0375,0.0618,0.0612,0.1903,0.0912,0.0691,0.1504,0.0605,0.0058,0.0565,0.0206,0.0119,0.0196,0.0194,0.0605,0.029,0.0219,0.0478,0.0192,0.0018,0.018,0.0305,0.0959,0.1264,"Tooele County, Utah"
452047,45,2047,0.0649,0.0376,0.062,0.0614,0.191,0.0915,0.0693,0.1509,0.0606,0.0058,0.0567,0.0208,0.012,0.0198,0.0196,0.0611,0.0293,0.0222,0.0482,0.0194,0.0019,0.0181,0.0308,0.0963,0.1271,"Tooele County, Utah"
452048,45,2048,0.0652,0.0377,0.0622,0.0617,0.1917,0.0919,0.0696,0.1515,0.0608,0.0058,0.0569,0.021,0.0121,0.02,0.0199,0.0617,0.0296,0.0224,0.0487,0.0196,0.0019,0.0183,0.0311,0.0967,0.1278,"Tooele County, Utah"
452049,45,2049,0.0654,0.0379,0.0624,0.062,0.1924,0.0922,0.0698,0.1521,0.061,0.0059,0.0571,0.0212,0.0123,0.0202,0.0201,0.0623,0.0299,0.0226,0.0492,0.0197,0.0019,0.0185,0.0314,0.0971,0.1285,"Tooele County, Utah"
452050,45,2050,0.0657,0.038,0.0627,0.0623,0.1931,0.0926,0.0701,0.1527,0.0612,0.0059,0.0574,0.0214,0.0124,0.0204,0.0203,0.0629,0.0302,0.0228,0.0497,0.0199,0.0019,0.0187,0.0318,0.0975,0.1293,"Tooele County, Utah"
452051,45,2051,0.0659,0.0381,0.0629,0.0625,0.1939,0.093,0.0704,0.1533,0.0613,0.0059,0.0576,0.0216,0.0125,0.0206,0.0205,0.0635,0.0305,0.023,0.0502,0.0201,0.0019,0.0189,0.0321,0.0979,0.13,"Tooele County, Utah"
452052,45,2052,0.0662,0.0383,0.0632,0.0628,0.1947,0.0934,0.0707,0.154,0.0616,0.0059,0.0578,0.0218,0.0126,0.0208,0.0207,0.0641,0.0308,0.0233,0.0507,0.0203,0.002,0.019,0.0324,0.0984,0.1308,"Tooele County, Utah"
452053,45,2053,0.0665,0.0385,0.0634,0.0631,0.1955,0.0938,0.0709,0.1547,0.0617,0.006,0.0581,0.022,0.0127,0.021,0.0209,0.0648,0.0311,0.0235,0.0513,0.0204,0.002,0.0192,0.0327,0.0988,0.1315,"Tooele County, Utah"
452054,45,2054,0.0667,0.0386,0.0637,0.0634,0.1963,0.0942,0.0712,0.1554,0.062,0.006,0.0583,0.0222,0.0129,0.0212,0.0211,0.0654,0.0314,0.0237,0.0518,0.0206,0.002,0.0194,0.0331,0.0992,0.1323,"Tooele County, Utah"
452055,45,2055,0.067,0.0388,0.064,0.0637,0.1971,0.0946,0.0715,0.1561,0.0622,0.006,0.0586,0.0225,0.013,0.0214,0.0214,0.0661,0.0317,0.024,0.0523,0.0209,0.002,0.0196,0.0334,0.0996,0.133,"Tooele County, Utah"
452056,45,2056,0.0673,0.0389,0.0642,0.064,0.1979,0.095,0.0718,0.1567,0.0624,0.006,0.0588,0.0227,0.0131,0.0216,0.0216,0.0667,0.032,0.0242,0.0528,0.021,0.002,0.0198,0.0337,0.1,0.1337,"Tooele County, Utah"
452057,45,2057,0.0675,0.0391,0.0644,0.0643,0.1986,0.0953,0.0721,0.1573,0.0626,0.0061,0.059,0.0229,0.0132,0.0218,0.0218,0.0673,0.0323,0.0244,0.0533,0.0212,0.0021,0.02,0.034,0.1004,0.1344,"Tooele County, Utah"
452058,45,2058,0.0678,0.0392,0.0647,0.0645,0.1993,0.0957,0.0723,0.1578,0.0627,0.0061,0.0592,0.0231,0.0134,0.022,0.022,0.0679,0.0326,0.0246,0.0538,0.0213,0.0021,0.0202,0.0343,0.1008,0.1351,"Tooele County, Utah"
452059,45,2059,0.068,0.0393,0.0649,0.0648,0.1999,0.096,0.0726,0.1584,0.0629,0.0061,0.0594,0.0233,0.0135,0.0222,0.0222,0.0685,0.0329,0.0249,0.0542,0.0215,0.0021,0.0203,0.0347,0.1013,0.136,"Tooele County, Utah"
452060,45,2060,0.0682,0.0395,0.0651,0.065,0.2006,0.0964,0.0728,0.159,0.063,0.0061,0.0596,0.0235,0.0136,0.0224,0.0224,0.0691,0.0332,0.0251,0.0547,0.0217,0.0021,0.0205,0.035,0.1017,0.1367,"Tooele County, Utah"
452061,45,2061,0.0684,0.0396,0.0653,0.0653,0.2013,0.0968,0.0731,0.1595,0.0632,0.0061,0.0598,0.0237,0.0137,0.0226,0.0226,0.0697,0.0335,0.0253,0.0552,0.0219,0.0021,0.0207,0.0353,0.1021,0.1374,"Tooele County, Utah"
452062,45,2062,0.0687,0.0398,0.0655,0.0655,0.202,0.0971,0.0733,0.1601,0.0633,0.0062,0.06,0.0239,0.0138,0.0228,0.0228,0.0703,0.0338,0.0255,0.0557,0.022,0.0021,0.0209,0.0356,0.1025,0.1381,"Tooele County, Utah"
452063,45,2063,0.0689,0.0399,0.0658,0.0658,0.2027,0.0975,0.0736,0.1607,0.0635,0.0062,0.0602,0.0241,0.0139,0.023,0.023,0.0709,0.0341,0.0257,0.0562,0.0222,0.0022,0.021,0.036,0.1029,0.1389,"Tooele County, Utah"
452064,45,2064,0.0692,0.04,0.066,0.0661,0.2034,0.0979,0.0738,0.1612,0.0636,0.0062,0.0604,0.0243,0.0141,0.0232,0.0232,0.0715,0.0344,0.0259,0.0566,0.0224,0.0022,0.0212,0.0363,0.1033,0.1396,"Tooele County, Utah"
452065,45,2065,0.0694,0.0402,0.0662,0.0663,0.2041,0.0983,0.0741,0.1618,0.0639,0.0062,0.0606,0.0245,0.0142,0.0234,0.0234,0.0721,0.0347,0.0262,0.0571,0.0225,0.0022,0.0214,0.0366,0.1037,0.1403,"Tooele County, Utah"
472023,47,2023,0.0736,0.0426,0.0702,0.0775,0.2167,0.1046,0.0786,0.1681,0.0651,0.0066,0.0643,0.0324,0.0188,0.0309,0.0341,0.0954,0.0461,0.0346,0.074,0.0287,0.0029,0.0283,0.0411,0.0934,0.1345,"Uintah County, Utah"
472024,47,2024,0.0706,0.0409,0.0674,0.0738,0.208,0.1001,0.0754,0.1624,0.0624,0.0063,0.0617,0.0321,0.0186,0.0307,0.0336,0.0947,0.0456,0.0343,0.0739,0.0284,0.0029,0.0281,0.0403,0.0886,0.1289,"Uintah County, Utah"
472025,47,2025,0.0644,0.0373,0.0615,0.0672,0.1896,0.0914,0.0688,0.1482,0.0569,0.0058,0.0563,0.0341,0.0197,0.0325,0.0356,0.1003,0.0484,0.0364,0.0784,0.0301,0.0031,0.0298,0.0429,0.0811,0.124,"Uintah County, Utah"
472026,47,2026,0.0614,0.0355,0.0585,0.064,0.1806,0.087,0.0655,0.1411,0.0542,0.0055,0.0536,0.0343,0.0199,0.0328,0.0358,0.1011,0.0487,0.0367,0.0789,0.0303,0.0031,0.03,0.0431,0.0771,0.1202,"Uintah County, Utah"
472027,47,2027,0.0591,0.0342,0.0564,0.0617,0.1741,0.0839,0.0631,0.1356,0.0522,0.0053,0.0517,0.0346,0.02,0.033,0.0362,0.102,0.0491,0.037,0.0794,0.0305,0.0031,0.0303,0.0434,0.0741,0.1175,"Uintah County, Utah"
472028,47,2028,0.0571,0.033,0.0545,0.0596,0.168,0.081,0.0609,0.1304,0.0503,0.0051,0.0499,0.0347,0.0201,0.0331,0.0362,0.1022,0.0492,0.037,0.0793,0.0306,0.0031,0.0303,0.0437,0.0718,0.1155,"Uintah County, Utah"
472029,47,2029,0.0553,0.032,0.0528,0.0578,0.1628,0.0785,0.059,0.1262,0.0487,0.005,0.0483,0.0347,0.0201,0.0331,0.0362,0.1021,0.0492,0.037,0.0791,0.0305,0.0031,0.0303,0.044,0.0702,0.1142,"Uintah County, Utah"
472030,47,2030,0.0541,0.0313,0.0516,0.0566,0.1593,0.0768,0.0578,0.1234,0.0476,0.0049,0.0473,0.0348,0.0202,0.0332,0.0364,0.1025,0.0495,0.0372,0.0795,0.0307,0.0031,0.0304,0.0444,0.0689,0.1133,"Uintah County, Utah"
472031,47,2031,0.0542,0.0314,0.0518,0.0568,0.1597,0.0771,0.0579,0.1237,0.0477,0.0049,0.0474,0.0352,0.0204,0.0336,0.0368,0.1036,0.05,0.0376,0.0803,0.031,0.0032,0.0308,0.0449,0.0692,0.1141,"Uintah County, Utah"
472032,47,2032,0.0545,0.0316,0.0521,0.0572,0.1606,0.0776,0.0582,0.1245,0.048,0.0049,0.0477,0.0357,0.0207,0.0341,0.0374,0.1051,0.0507,0.0381,0.0814,0.0314,0.0032,0.0312,0.0454,0.0694,0.1148,"Uintah County, Utah"
472033,47,2033,0.0549,0.0318,0.0524,0.0576,0.1616,0.0781,0.0586,0.1253,0.0482,0.0049,0.048,0.0362,0.0209,0.0345,0.038,0.1065,0.0515,0.0386,0.0826,0.0318,0.0032,0.0316,0.0459,0.0696,0.1155,"Uintah County, Utah"
472034,47,2034,0.0551,0.0319,0.0526,0.058,0.1623,0.0785,0.0588,0.1258,0.0484,0.0049,0.0482,0.0366,0.0212,0.035,0.0385,0.1078,0.0522,0.0391,0.0836,0.0322,0.0033,0.032,0.0464,0.0698,0.1162,"Uintah County, Utah"
472035,47,2035,0.0554,0.0321,0.0529,0.0584,0.163,0.079,0.0591,0.1266,0.0486,0.005,0.0484,0.0371,0.0215,0.0354,0.0391,0.1092,0.0529,0.0396,0.0848,0.0325,0.0033,0.0324,0.0469,0.0701,0.117,"Uintah County, Utah"
472036,47,2036,0.0554,0.0321,0.0529,0.0586,0.1632,0.0791,0.0592,0.1267,0.0486,0.005,0.0484,0.0374,0.0216,0.0357,0.0395,0.1101,0.0534,0.0399,0.0855,0.0328,0.0034,0.0327,0.0474,0.0703,0.1177,"Uintah County, Utah"
472037,47,2037,0.0554,0.0321,0.0529,0.0587,0.1632,0.0792,0.0592,0.1267,0.0486,0.005,0.0484,0.0377,0.0218,0.0359,0.0399,0.1109,0.0538,0.0402,0.0861,0.033,0.0034,0.0329,0.0479,0.0705,0.1184,"Uintah County, Utah"
472038,47,2038,0.0554,0.0321,0.0529,0.0588,0.1631,0.0792,0.0592,0.1267,0.0485,0.005,0.0484,0.0379,0.022,0.0362,0.0403,0.1117,0.0542,0.0405,0.0867,0.0332,0.0034,0.0331,0.0484,0.0708,0.1192,"Uintah County, Utah"
472039,47,2039,0.0554,0.0321,0.0529,0.0589,0.1632,0.0793,0.0592,0.1267,0.0485,0.005,0.0484,0.0382,0.0221,0.0365,0.0406,0.1125,0.0547,0.0408,0.0873,0.0334,0.0034,0.0334,0.0489,0.071,0.1199,"Uintah County, Utah"
472040,47,2040,0.0555,0.0321,0.0529,0.0591,0.1633,0.0794,0.0592,0.1267,0.0485,0.005,0.0485,0.0385,0.0223,0.0367,0.041,0.1133,0.0551,0.0411,0.088,0.0337,0.0035,0.0336,0.0494,0.0712,0.1206,"Uintah County, Utah"
472041,47,2041,0.0555,0.0321,0.053,0.0592,0.1635,0.0796,0.0593,0.1268,0.0486,0.005,0.0485,0.0388,0.0225,0.037,0.0414,0.1143,0.0556,0.0414,0.0887,0.0339,0.0035,0.0339,0.0499,0.0714,0.1213,"Uintah County, Utah"
472042,47,2042,0.0556,0.0322,0.0531,0.0595,0.1638,0.0798,0.0594,0.127,0.0486,0.005,0.0486,0.0392,0.0227,0.0374,0.0418,0.1153,0.0561,0.0418,0.0894,0.0342,0.0035,0.0342,0.0504,0.0717,0.1221,"Uintah County, Utah"
472043,47,2043,0.0558,0.0323,0.0532,0.0597,0.1641,0.08,0.0595,0.1272,0.0487,0.005,0.0487,0.0395,0.0229,0.0377,0.0423,0.1163,0.0567,0.0422,0.0902,0.0345,0.0035,0.0345,0.0509,0.0719,0.1228,"Uintah County, Utah"
472044,47,2044,0.0558,0.0323,0.0533,0.0598,0.1643,0.0801,0.0596,0.1273,0.0487,0.005,0.0488,0.0398,0.023,0.038,0.0427,0.1172,0.0571,0.0425,0.0908,0.0347,0.0036,0.0348,0.0514,0.0721,0.1235,"Uintah County, Utah"
472045,47,2045,0.0559,0.0323,0.0533,0.06,0.1645,0.0802,0.0596,0.1275,0.0487,0.005,0.0488,0.0401,0.0232,0.0383,0.043,0.1181,0.0576,0.0428,0.0915,0.035,0.0036,0.035,0.0519,0.0724,0.1243,"Uintah County, Utah"
472046,47,2046,0.056,0.0324,0.0534,0.0601,0.1647,0.0804,0.0597,0.1277,0.0488,0.005,0.0489,0.0404,0.0234,0.0386,0.0435,0.119,0.0581,0.0432,0.0922,0.0353,0.0036,0.0353,0.0524,0.0726,0.125,"Uintah County, Utah"
472047,47,2047,0.0561,0.0325,0.0535,0.0604,0.1652,0.0806,0.0599,0.128,0.0489,0.005,0.049,0.0408,0.0236,0.0389,0.0439,0.1201,0.0586,0.0435,0.093,0.0355,0.0037,0.0356,0.0529,0.0728,0.1257,"Uintah County, Utah"
472048,47,2048,0.0563,0.0326,0.0537,0.0607,0.1657,0.0809,0.0601,0.1284,0.049,0.005,0.0492,0.0412,0.0238,0.0393,0.0444,0.1212,0.0592,0.044,0.0939,0.0359,0.0037,0.036,0.0534,0.0731,0.1265,"Uintah County, Utah"
472049,47,2049,0.0565,0.0327,0.0539,0.061,0.1663,0.0812,0.0603,0.1288,0.0492,0.0051,0.0494,0.0416,0.0241,0.0397,0.0449,0.1224,0.0598,0.0444,0.0948,0.0362,0.0037,0.0363,0.0539,0.0733,0.1272,"Uintah County, Utah"
472050,47,2050,0.0567,0.0328,0.0541,0.0613,0.1669,0.0815,0.0605,0.1292,0.0494,0.0051,0.0495,0.042,0.0243,0.0401,0.0454,0.1236,0.0604,0.0448,0.0957,0.0365,0.0038,0.0367,0.0544,0.0735,0.1279,"Uintah County, Utah"
472051,47,2051,0.0569,0.033,0.0543,0.0616,0.1676,0.0819,0.0608,0.1297,0.0495,0.0051,0.0497,0.0424,0.0245,0.0405,0.0459,0.1248,0.061,0.0453,0.0966,0.0369,0.0038,0.0371,0.0549,0.0738,0.1287,"Uintah County, Utah"
472052,47,2052,0.0572,0.0331,0.0546,0.0619,0.1683,0.0822,0.061,0.1302,0.0497,0.0051,0.05,0.0428,0.0248,0.0409,0.0464,0.1261,0.0616,0.0457,0.0975,0.0372,0.0038,0.0374,0.0554,0.074,0.1294,"Uintah County, Utah"
472053,47,2053,0.0574,0.0332,0.0548,0.0623,0.169,0.0826,0.0613,0.1307,0.0499,0.0051,0.0502,0.0433,0.025,0.0413,0.047,0.1274,0.0622,0.0462,0.0985,0.0376,0.0039,0.0378,0.0559,0.0742,0.1301,"Uintah County, Utah"
472054,47,2054,0.0577,0.0334,0.055,0.0626,0.1697,0.0829,0.0616,0.1312,0.0501,0.0052,0.0504,0.0437,0.0253,0.0417,0.0475,0.1286,0.0628,0.0466,0.0995,0.0379,0.0039,0.0382,0.0564,0.0745,0.1309,"Uintah County, Utah"
472055,47,2055,0.0579,0.0335,0.0552,0.0629,0.1703,0.0832,0.0618,0.1317,0.0503,0.0052,0.0506,0.0441,0.0255,0.0421,0.048,0.1298,0.0634,0.0471,0.1004,0.0383,0.004,0.0385,0.0569,0.0747,0.1316,"Uintah County, Utah"
472056,47,2056,0.058,0.0336,0.0553,0.0632,0.1707,0.0834,0.0619,0.1319,0.0503,0.0052,0.0507,0.0444,0.0257,0.0424,0.0484,0.1308,0.0639,0.0475,0.1011,0.0386,0.004,0.0388,0.0574,0.0749,0.1323,"Uintah County, Utah"
472057,47,2057,0.0581,0.0336,0.0554,0.0633,0.1708,0.0835,0.062,0.132,0.0504,0.0052,0.0507,0.0447,0.0259,0.0427,0.0487,0.1316,0.0643,0.0478,0.1017,0.0388,0.004,0.0391,0.0579,0.0752,0.1331,"Uintah County, Utah"
472058,47,2058,0.0581,0.0336,0.0554,0.0634,0.171,0.0836,0.062,0.1321,0.0504,0.0052,0.0508,0.045,0.026,0.0429,0.0491,0.1324,0.0648,0.048,0.1023,0.039,0.004,0.0393,0.0584,0.0754,0.1338,"Uintah County, Utah"
472059,47,2059,0.0582,0.0337,0.0555,0.0636,0.1712,0.0838,0.0621,0.1322,0.0504,0.0052,0.0508,0.0453,0.0262,0.0432,0.0495,0.1333,0.0652,0.0484,0.103,0.0393,0.0041,0.0396,0.0589,0.0756,0.1345,"Uintah County, Utah"
472060,47,2060,0.0583,0.0337,0.0556,0.0637,0.1716,0.084,0.0622,0.1324,0.0505,0.0052,0.0509,0.0456,0.0264,0.0436,0.0499,0.1343,0.0657,0.0487,0.1037,0.0395,0.0041,0.0399,0.0594,0.0759,0.1353,"Uintah County, Utah"
472061,47,2061,0.0584,0.0338,0.0558,0.064,0.172,0.0842,0.0624,0.1327,0.0506,0.0052,0.0511,0.046,0.0266,0.0439,0.0503,0.1353,0.0663,0.0491,0.1044,0.0398,0.0041,0.0402,0.0599,0.0761,0.136,"Uintah County, Utah"
472062,47,2062,0.0586,0.0339,0.0559,0.0642,0.1724,0.0844,0.0625,0.1329,0.0507,0.0053,0.0512,0.0463,0.0268,0.0442,0.0508,0.1363,0.0668,0.0495,0.1051,0.0401,0.0042,0.0405,0.0604,0.0763,0.1367,"Uintah County, Utah"
472063,47,2063,0.0587,0.034,0.056,0.0644,0.1727,0.0846,0.0627,0.1332,0.0508,0.0053,0.0513,0.0467,0.027,0.0445,0.0512,0.1373,0.0673,0.0498,0.1059,0.0404,0.0042,0.0408,0.0609,0.0766,0.1375,"Uintah County, Utah"
472064,47,2064,0.0588,0.0341,0.0561,0.0646,0.1731,0.0849,0.0628,0.1335,0.0508,0.0053,0.0514,0.047,0.0272,0.0449,0.0516,0.1383,0.0678,0.0502,0.1066,0.0406,0.0042,0.0411,0.0614,0.0768,0.1382,"Uintah County, Utah"
472065,47,2065,0.059,0.0341,0.0563,0.0648,0.1735,0.0851,0.063,0.1337,0.0509,0.0053,0.0515,0.0473,0.0274,0.0452,0.052,0.1393,0.0683,0.0505,0.1073,0.0409,0.0042,0.0414,0.0619,0.0771,0.139,"Uintah County, Utah"
492023,49,2023,0.0998,0.0578,0.0952,0.1145,0.294,0.1267,0.1065,0.238,0.0779,0.0089,0.0872,0.0189,0.011,0.0181,0.0217,0.0558,0.0241,0.0202,0.0452,0.0148,0.0017,0.0166,0.0312,0.1645,0.1957,"Utah County, Utah"
492024,49,2024,0.0962,0.0557,0.0918,0.1088,0.2834,0.1223,0.1027,0.2269,0.075,0.0086,0.084,0.0189,0.0109,0.018,0.0213,0.0556,0.024,0.0201,0.0445,0.0147,0.0017,0.0165,0.0308,0.1569,0.1877,"Utah County, Utah"
492025,49,2025,0.0902,0.0522,0.0861,0.1017,0.2658,0.115,0.0963,0.2129,0.0703,0.0081,0.0788,0.0206,0.0119,0.0196,0.0232,0.0606,0.0262,0.022,0.0486,0.016,0.0018,0.018,0.0335,0.1471,0.1806,"Utah County, Utah"
492026,49,2026,0.0867,0.0502,0.0827,0.0977,0.2555,0.1106,0.0926,0.2044,0.0675,0.0078,0.0758,0.0209,0.0121,0.02,0.0236,0.0616,0.0267,0.0223,0.0493,0.0163,0.0019,0.0183,0.034,0.1409,0.1749,"Utah County, Utah"
492027,49,2027,0.0843,0.0488,0.0805,0.095,0.2485,0.1078,0.09,0.1979,0.0656,0.0076,0.0737,0.0213,0.0123,0.0203,0.024,0.0627,0.0272,0.0227,0.05,0.0166,0.0019,0.0186,0.0345,0.1365,0.171,"Utah County, Utah"
492028,49,2028,0.0825,0.0478,0.0788,0.093,0.2432,0.1057,0.0881,0.1927,0.0641,0.0074,0.0721,0.0216,0.0125,0.0206,0.0244,0.0637,0.0277,0.0231,0.0505,0.0168,0.0019,0.0189,0.0349,0.1332,0.1681,"Utah County, Utah"
492029,49,2029,0.0811,0.0469,0.0774,0.0913,0.2389,0.1041,0.0866,0.189,0.0629,0.0073,0.0708,0.0219,0.0127,0.0209,0.0247,0.0646,0.0281,0.0234,0.0511,0.017,0.002,0.0191,0.0354,0.1309,0.1663,"Utah County, Utah"
492030,49,2030,0.08,0.0463,0.0763,0.0901,0.2356,0.1029,0.0854,0.1864,0.062,0.0072,0.0699,0.0222,0.0128,0.0212,0.025,0.0654,0.0286,0.0237,0.0517,0.0172,0.002,0.0194,0.0358,0.1291,0.1649,"Utah County, Utah"
492031,49,2031,0.0803,0.0465,0.0766,0.0905,0.2365,0.1036,0.0857,0.1871,0.0621,0.0072,0.0701,0.0225,0.013,0.0214,0.0253,0.0662,0.029,0.024,0.0523,0.0174,0.002,0.0196,0.0363,0.1297,0.166,"Utah County, Utah"
492032,49,2032,0.0805,0.0466,0.0768,0.0909,0.2372,0.1043,0.086,0.1878,0.0622,0.0072,0.0703,0.0227,0.0131,0.0217,0.0256,0.0669,0.0294,0.0242,0.053,0.0176,0.002,0.0198,0.0368,0.1303,0.1671,"Utah County, Utah"
492033,49,2033,0.0808,0.0468,0.0771,0.0913,0.2381,0.105,0.0863,0.1883,0.0623,0.0072,0.0706,0.023,0.0133,0.0219,0.0259,0.0677,0.0299,0.0245,0.0535,0.0177,0.0021,0.0201,0.0372,0.1309,0.1681,"Utah County, Utah"
492034,49,2034,0.0811,0.047,0.0774,0.0918,0.239,0.1059,0.0866,0.1885,0.0624,0.0073,0.0709,0.0232,0.0135,0.0222,0.0263,0.0685,0.0303,0.0248,0.054,0.0179,0.0021,0.0203,0.0377,0.1316,0.1693,"Utah County, Utah"
492035,49,2035,0.0812,0.047,0.0775,0.0921,0.2391,0.1063,0.0867,0.19,0.0624,0.0073,0.0709,0.0234,0.0136,0.0224,0.0266,0.069,0.0307,0.025,0.0548,0.018,0.0021,0.0205,0.0381,0.1322,0.1703,"Utah County, Utah"
492036,49,2036,0.0814,0.0471,0.0777,0.0925,0.2397,0.1069,0.0869,0.1906,0.0624,0.0073,0.0711,0.0237,0.0137,0.0226,0.0269,0.0697,0.0311,0.0253,0.0554,0.0181,0.0021,0.0207,0.0386,0.1328,0.1714,"Utah County, Utah"
492037,49,2037,0.0816,0.0472,0.0779,0.0929,0.2404,0.1075,0.0871,0.1913,0.0624,0.0073,0.0713,0.0239,0.0138,0.0228,0.0272,0.0704,0.0315,0.0255,0.056,0.0183,0.0021,0.0209,0.0391,0.1334,0.1725,"Utah County, Utah"
492038,49,2038,0.0818,0.0473,0.0781,0.0933,0.241,0.108,0.0873,0.1918,0.0625,0.0073,0.0715,0.0241,0.014,0.023,0.0275,0.0711,0.0319,0.0258,0.0566,0.0184,0.0022,0.0211,0.0395,0.134,0.1735,"Utah County, Utah"
492039,49,2039,0.082,0.0475,0.0783,0.0937,0.2417,0.1085,0.0876,0.1924,0.0625,0.0074,0.0717,0.0244,0.0141,0.0233,0.0279,0.0718,0.0322,0.026,0.0572,0.0186,0.0022,0.0213,0.04,0.1346,0.1746,"Utah County, Utah"
492040,49,2040,0.0823,0.0476,0.0785,0.0941,0.2424,0.109,0.0878,0.193,0.0626,0.0074,0.0719,0.0246,0.0143,0.0235,0.0282,0.0725,0.0326,0.0263,0.0578,0.0187,0.0022,0.0215,0.0405,0.1352,0.1757,"Utah County, Utah"
492041,49,2041,0.0825,0.0478,0.0788,0.0945,0.2432,0.1095,0.0881,0.1936,0.0627,0.0074,0.0721,0.0249,0.0144,0.0237,0.0285,0.0733,0.033,0.0266,0.0583,0.0189,0.0022,0.0217,0.0409,0.1358,0.1767,"Utah County, Utah"
492042,49,2042,0.0828,0.0479,0.079,0.0949,0.2438,0.1099,0.0884,0.1942,0.0628,0.0074,0.0723,0.0251,0.0145,0.024,0.0288,0.074,0.0333,0.0268,0.0589,0.019,0.0023,0.0219,0.0414,0.1364,0.1778,"Utah County, Utah"
492043,49,2043,0.083,0.0481,0.0792,0.0952,0.2446,0.1104,0.0886,0.1948,0.0629,0.0074,0.0725,0.0254,0.0147,0.0242,0.0291,0.0747,0.0337,0.0271,0.0595,0.0192,0.0023,0.0222,0.0418,0.137,0.1788,"Utah County, Utah"
492044,49,2044,0.0833,0.0482,0.0795,0.0956,0.2453,0.1108,0.0889,0.1954,0.0629,0.0075,0.0728,0.0256,0.0148,0.0244,0.0294,0.0754,0.0341,0.0273,0.0601,0.0194,0.0023,0.0224,0.0423,0.1376,0.1799,"Utah County, Utah"
492045,49,2045,0.0836,0.0484,0.0797,0.096,0.2461,0.1112,0.0892,0.1962,0.0631,0.0075,0.073,0.0259,0.015,0.0247,0.0297,0.0762,0.0344,0.0276,0.0607,0.0195,0.0023,0.0226,0.0428,0.1382,0.181,"Utah County, Utah"
492046,49,2046,0.0838,0.0485,0.08,0.0964,0.247,0.1116,0.0895,0.1969,0.0632,0.0075,0.0732,0.0261,0.0151,0.0249,0.03,0.0769,0.0348,0.0279,0.0613,0.0197,0.0023,0.0228,0.0432,0.1388,0.182,"Utah County, Utah"
492047,49,2047,0.0841,0.0487,0.0803,0.0968,0.2478,0.112,0.0898,0.1976,0.0633,0.0075,0.0735,0.0264,0.0153,0.0252,0.0304,0.0777,0.0351,0.0281,0.0619,0.0198,0.0024,0.023,0.0437,0.1394,0.1831,"Utah County, Utah"
492048,49,2048,0.0844,0.0489,0.0806,0.0973,0.2487,0.1124,0.0902,0.1984,0.0635,0.0076,0.0738,0.0266,0.0154,0.0254,0.0307,0.0784,0.0354,0.0284,0.0626,0.02,0.0024,0.0233,0.0441,0.14,0.1841,"Utah County, Utah"
492049,49,2049,0.0848,0.0491,0.0809,0.0978,0.2497,0.1128,0.0905,0.1992,0.0637,0.0076,0.0741,0.0269,0.0156,0.0257,0.031,0.0792,0.0358,0.0287,0.0632,0.0202,0.0024,0.0235,0.0446,0.1406,0.1852,"Utah County, Utah"
492050,49,2050,0.0851,0.0493,0.0812,0.0982,0.2507,0.1132,0.0909,0.2,0.0639,0.0076,0.0744,0.0272,0.0157,0.0259,0.0314,0.08,0.0361,0.029,0.0638,0.0204,0.0024,0.0237,0.0451,0.1412,0.1863,"Utah County, Utah"
492051,49,2051,0.0855,0.0495,0.0816,0.0987,0.2518,0.1137,0.0913,0.2009,0.0641,0.0077,0.0747,0.0274,0.0159,0.0262,0.0317,0.0808,0.0365,0.0293,0.0645,0.0206,0.0025,0.024,0.0455,0.1418,0.1873,"Utah County, Utah"
492052,49,2052,0.0859,0.0497,0.0819,0.0993,0.2529,0.1142,0.0917,0.2018,0.0643,0.0077,0.075,0.0277,0.016,0.0265,0.0321,0.0817,0.0369,0.0296,0.0652,0.0208,0.0025,0.0242,0.046,0.1424,0.1884,"Utah County, Utah"
492053,49,2053,0.0863,0.0499,0.0823,0.0998,0.2541,0.1147,0.0921,0.2028,0.0645,0.0077,0.0754,0.028,0.0162,0.0267,0.0324,0.0825,0.0373,0.0299,0.0659,0.021,0.0025,0.0245,0.0465,0.143,0.1895,"Utah County, Utah"
492054,49,2054,0.0867,0.0502,0.0827,0.1004,0.2553,0.1152,0.0925,0.2038,0.0648,0.0078,0.0757,0.0283,0.0164,0.027,0.0328,0.0834,0.0376,0.0302,0.0666,0.0212,0.0025,0.0247,0.0469,0.1436,0.1905,"Utah County, Utah"
492055,49,2055,0.0871,0.0504,0.0831,0.1009,0.2565,0.1157,0.093,0.2048,0.065,0.0078,0.0761,0.0286,0.0166,0.0273,0.0332,0.0843,0.038,0.0305,0.0673,0.0214,0.0026,0.025,0.0474,0.1442,0.1916,"Utah County, Utah"
492056,49,2056,0.0875,0.0506,0.0835,0.1015,0.2576,0.1162,0.0934,0.2057,0.0653,0.0078,0.0764,0.0289,0.0167,0.0276,0.0335,0.0851,0.0384,0.0309,0.0679,0.0216,0.0026,0.0252,0.0478,0.1448,0.1926,"Utah County, Utah"
492057,49,2057,0.0878,0.0508,0.0838,0.102,0.2587,0.1167,0.0938,0.2065,0.0654,0.0079,0.0767,0.0292,0.0169,0.0278,0.0339,0.0859,0.0388,0.0311,0.0686,0.0217,0.0026,0.0255,0.0483,0.1454,0.1937,"Utah County, Utah"
492058,49,2058,0.0882,0.051,0.0842,0.1024,0.2597,0.1172,0.0941,0.2073,0.0656,0.0079,0.077,0.0295,0.017,0.0281,0.0342,0.0867,0.0391,0.0314,0.0692,0.0219,0.0026,0.0257,0.0488,0.146,0.1948,"Utah County, Utah"
492059,49,2059,0.0885,0.0512,0.0845,0.1029,0.2607,0.1177,0.0945,0.208,0.0658,0.0079,0.0773,0.0297,0.0172,0.0284,0.0345,0.0875,0.0395,0.0317,0.0698,0.0221,0.0027,0.026,0.0492,0.1466,0.1958,"Utah County, Utah"
492060,49,2060,0.0889,0.0514,0.0848,0.1033,0.2617,0.1183,0.0949,0.2087,0.0659,0.008,0.0776,0.03,0.0174,0.0286,0.0349,0.0883,0.0399,0.032,0.0704,0.0223,0.0027,0.0262,0.0497,0.1472,0.1969,"Utah County, Utah"
492061,49,2061,0.0892,0.0516,0.0851,0.1038,0.2627,0.1188,0.0952,0.2095,0.0661,0.008,0.0779,0.0303,0.0175,0.0289,0.0352,0.0891,0.0403,0.0323,0.0711,0.0224,0.0027,0.0264,0.0501,0.1478,0.1979,"Utah County, Utah"
492062,49,2062,0.0896,0.0518,0.0855,0.1043,0.2637,0.1193,0.0956,0.2103,0.0663,0.008,0.0782,0.0305,0.0177,0.0291,0.0356,0.0899,0.0407,0.0326,0.0717,0.0226,0.0027,0.0267,0.0506,0.1484,0.199,"Utah County, Utah"
492063,49,2063,0.0899,0.052,0.0858,0.1048,0.2647,0.1199,0.096,0.211,0.0664,0.0081,0.0785,0.0308,0.0178,0.0294,0.0359,0.0907,0.0411,0.0329,0.0723,0.0228,0.0028,0.0269,0.0511,0.149,0.2001,"Utah County, Utah"
492064,49,2064,0.0902,0.0522,0.0861,0.1053,0.2657,0.1204,0.0963,0.2118,0.0666,0.0081,0.0788,0.0311,0.018,0.0297,0.0363,0.0915,0.0415,0.0332,0.073,0.0229,0.0028,0.0272,0.0515,0.1496,0.2011,"Utah County, Utah"
492065,49,2065,0.0906,0.0524,0.0865,0.1058,0.2668,0.121,0.0967,0.2127,0.0667,0.0081,0.0792,0.0314,0.0181,0.0299,0.0366,0.0923,0.0419,0.0335,0.0736,0.0231,0.0028,0.0274,0.052,0.1502,0.2022,"Utah County, Utah"
512023,51,2023,0.096,0.0556,0.0916,0.1102,0.2824,0.1309,0.1025,0.2254,0.0831,0.0086,0.0839,0.0291,0.0169,0.0278,0.0334,0.0857,0.0397,0.0311,0.0684,0.0252,0.0026,0.0254,0.0494,0.1628,0.2122,"Wasatch County, Utah"
512024,51,2024,0.0916,0.053,0.0874,0.1066,0.2693,0.1265,0.0978,0.2157,0.0792,0.0082,0.08,0.0287,0.0166,0.0274,0.0334,0.0844,0.0396,0.0306,0.0676,0.0248,0.0026,0.0251,0.0486,0.1549,0.2035,"Wasatch County, Utah"
512025,51,2025,0.0849,0.0491,0.081,0.0987,0.2497,0.1174,0.0906,0.2001,0.0734,0.0076,0.0742,0.0309,0.0179,0.0295,0.036,0.091,0.0428,0.033,0.0729,0.0268,0.0028,0.027,0.0523,0.1435,0.1958,"Wasatch County, Utah"
512026,51,2026,0.0813,0.0471,0.0776,0.0945,0.2391,0.1126,0.0868,0.1914,0.0703,0.0073,0.071,0.0313,0.0181,0.0299,0.0364,0.0921,0.0434,0.0335,0.0738,0.0271,0.0028,0.0274,0.0527,0.1369,0.1896,"Wasatch County, Utah"
512027,51,2027,0.0788,0.0456,0.0752,0.0917,0.2318,0.1093,0.0842,0.1846,0.0682,0.0071,0.0689,0.0318,0.0184,0.0303,0.037,0.0935,0.0441,0.0339,0.0745,0.0275,0.0029,0.0278,0.0533,0.132,0.1853,"Wasatch County, Utah"
512028,51,2028,0.077,0.0446,0.0735,0.0897,0.2264,0.1069,0.0822,0.1792,0.0666,0.0069,0.0673,0.0322,0.0187,0.0308,0.0376,0.0948,0.0447,0.0344,0.075,0.0279,0.0029,0.0282,0.0538,0.1285,0.1823,"Wasatch County, Utah"
512029,51,2029,0.0755,0.0437,0.072,0.0881,0.222,0.1049,0.0806,0.1753,0.0653,0.0068,0.0659,0.0326,0.0189,0.0311,0.038,0.0959,0.0453,0.0348,0.0757,0.0282,0.0029,0.0285,0.0543,0.1258,0.1801,"Wasatch County, Utah"
512030,51,2030,0.0743,0.043,0.0709,0.0869,0.2186,0.1035,0.0794,0.1724,0.0643,0.0067,0.0649,0.033,0.0191,0.0314,0.0385,0.0969,0.0459,0.0352,0.0764,0.0285,0.003,0.0288,0.0549,0.1239,0.1788,"Wasatch County, Utah"
512031,51,2031,0.0746,0.0432,0.0712,0.0874,0.2195,0.1041,0.0797,0.173,0.0646,0.0067,0.0652,0.0334,0.0193,0.0318,0.0391,0.0981,0.0465,0.0356,0.0773,0.0289,0.003,0.0291,0.0556,0.1244,0.18,"Wasatch County, Utah"
512032,51,2032,0.0749,0.0433,0.0715,0.0879,0.2202,0.1046,0.0799,0.1734,0.0648,0.0067,0.0654,0.0337,0.0195,0.0322,0.0396,0.0992,0.0471,0.036,0.0781,0.0292,0.003,0.0295,0.0563,0.1249,0.1812,"Wasatch County, Utah"
512033,51,2033,0.0753,0.0436,0.0718,0.0885,0.2213,0.1054,0.0803,0.1735,0.0651,0.0067,0.0658,0.0342,0.0198,0.0326,0.0402,0.1005,0.0478,0.0365,0.0788,0.0296,0.0031,0.0299,0.0569,0.1253,0.1822,"Wasatch County, Utah"
512034,51,2034,0.076,0.044,0.0725,0.0896,0.2234,0.1066,0.0811,0.1733,0.0655,0.0068,0.0664,0.0348,0.0201,0.0332,0.041,0.1022,0.0488,0.0371,0.0793,0.03,0.0031,0.0304,0.0576,0.1258,0.1834,"Wasatch County, Utah"
512035,51,2035,0.0755,0.0437,0.072,0.0894,0.222,0.1061,0.0806,0.1755,0.0652,0.0068,0.066,0.0348,0.0201,0.0332,0.0412,0.1024,0.0489,0.0372,0.0809,0.0301,0.0031,0.0304,0.0582,0.1263,0.1845,"Wasatch County, Utah"
512036,51,2036,0.0757,0.0438,0.0722,0.09,0.2226,0.1065,0.0808,0.176,0.0653,0.0068,0.0661,0.0352,0.0204,0.0336,0.0418,0.1034,0.0495,0.0375,0.0817,0.0304,0.0032,0.0307,0.0589,0.1268,0.1857,"Wasatch County, Utah"
512037,51,2037,0.0759,0.0439,0.0724,0.0905,0.2232,0.107,0.081,0.1764,0.0655,0.0068,0.0663,0.0355,0.0206,0.0339,0.0423,0.1044,0.0501,0.0379,0.0826,0.0307,0.0032,0.031,0.0596,0.1273,0.1869,"Wasatch County, Utah"
512038,51,2038,0.076,0.044,0.0726,0.0909,0.2236,0.1073,0.0812,0.1767,0.0656,0.0068,0.0664,0.0358,0.0207,0.0342,0.0429,0.1054,0.0506,0.0383,0.0833,0.0309,0.0032,0.0313,0.0602,0.1278,0.188,"Wasatch County, Utah"
512039,51,2039,0.0762,0.0441,0.0727,0.0914,0.2241,0.1077,0.0814,0.1771,0.0658,0.0068,0.0666,0.0362,0.0209,0.0345,0.0434,0.1064,0.0511,0.0386,0.0841,0.0312,0.0032,0.0316,0.0609,0.1283,0.1892,"Wasatch County, Utah"
512040,51,2040,0.0764,0.0442,0.0729,0.0918,0.2247,0.1081,0.0816,0.1775,0.0659,0.0069,0.0668,0.0365,0.0211,0.0349,0.0439,0.1074,0.0517,0.039,0.0849,0.0315,0.0033,0.0319,0.0616,0.1288,0.1904,"Wasatch County, Utah"
512041,51,2041,0.0766,0.0444,0.0731,0.0923,0.2254,0.1084,0.0818,0.1779,0.0661,0.0069,0.067,0.0369,0.0214,0.0352,0.0444,0.1085,0.0522,0.0394,0.0856,0.0318,0.0033,0.0322,0.0622,0.1293,0.1915,"Wasatch County, Utah"
512042,51,2042,0.0768,0.0445,0.0733,0.0927,0.2259,0.1088,0.082,0.1782,0.0663,0.0069,0.0671,0.0372,0.0216,0.0355,0.0449,0.1095,0.0527,0.0398,0.0864,0.0321,0.0033,0.0325,0.0629,0.1298,0.1927,"Wasatch County, Utah"
512043,51,2043,0.077,0.0446,0.0735,0.0931,0.2265,0.1092,0.0822,0.1786,0.0664,0.0069,0.0673,0.0376,0.0218,0.0359,0.0454,0.1105,0.0533,0.0401,0.0872,0.0324,0.0034,0.0328,0.0636,0.1302,0.1938,"Wasatch County, Utah"
512044,51,2044,0.0772,0.0447,0.0737,0.0936,0.2271,0.1095,0.0824,0.179,0.0666,0.0069,0.0675,0.0379,0.022,0.0362,0.046,0.1115,0.0538,0.0405,0.0879,0.0327,0.0034,0.0331,0.0642,0.1307,0.1949,"Wasatch County, Utah"
512045,51,2045,0.0774,0.0448,0.0739,0.094,0.2277,0.1099,0.0827,0.1795,0.0667,0.0069,0.0677,0.0383,0.0222,0.0365,0.0465,0.1126,0.0543,0.0409,0.0887,0.033,0.0034,0.0334,0.0649,0.1312,0.1961,"Wasatch County, Utah"
512046,51,2046,0.0777,0.045,0.0741,0.0945,0.2284,0.1103,0.0829,0.18,0.0669,0.007,0.0679,0.0387,0.0224,0.0369,0.047,0.1136,0.0549,0.0413,0.0896,0.0333,0.0035,0.0338,0.0655,0.1317,0.1972,"Wasatch County, Utah"
512047,51,2047,0.0779,0.0451,0.0744,0.095,0.2292,0.1107,0.0832,0.1806,0.0672,0.007,0.0681,0.039,0.0226,0.0372,0.0476,0.1147,0.0554,0.0417,0.0904,0.0336,0.0035,0.0341,0.0662,0.1322,0.1984,"Wasatch County, Utah"
512048,51,2048,0.0782,0.0453,0.0747,0.0955,0.23,0.1111,0.0835,0.1812,0.0674,0.007,0.0683,0.0394,0.0228,0.0376,0.0481,0.1159,0.056,0.0421,0.0913,0.0339,0.0035,0.0344,0.0669,0.1327,0.1996,"Wasatch County, Utah"
512049,51,2049,0.0785,0.0455,0.0749,0.0961,0.2309,0.1116,0.0838,0.1818,0.0676,0.007,0.0686,0.0398,0.023,0.038,0.0487,0.117,0.0565,0.0425,0.0921,0.0343,0.0036,0.0348,0.0675,0.1332,0.2007,"Wasatch County, Utah"
512050,51,2050,0.0789,0.0456,0.0753,0.0967,0.2319,0.112,0.0842,0.1824,0.068,0.0071,0.0689,0.0402,0.0233,0.0384,0.0493,0.1182,0.0571,0.0429,0.093,0.0347,0.0036,0.0351,0.0682,0.1337,0.2019,"Wasatch County, Utah"
512051,51,2051,0.0792,0.0458,0.0756,0.0973,0.2328,0.1125,0.0845,0.1831,0.0683,0.0071,0.0692,0.0406,0.0235,0.0388,0.0499,0.1194,0.0577,0.0434,0.0939,0.035,0.0036,0.0355,0.0688,0.1342,0.203,"Wasatch County, Utah"
512052,51,2052,0.0795,0.046,0.0759,0.0979,0.2338,0.113,0.0849,0.1839,0.0686,0.0071,0.0695,0.041,0.0237,0.0392,0.0505,0.1206,0.0583,0.0438,0.0949,0.0354,0.0037,0.0358,0.0695,0.1347,0.2042,"Wasatch County, Utah"
512053,51,2053,0.0799,0.0462,0.0762,0.0985,0.2349,0.1135,0.0853,0.1846,0.0689,0.0072,0.0698,0.0415,0.024,0.0396,0.0511,0.1219,0.0589,0.0443,0.0958,0.0357,0.0037,0.0362,0.0702,0.1352,0.2054,"Wasatch County, Utah"
512054,51,2054,0.0802,0.0464,0.0766,0.0991,0.2359,0.114,0.0857,0.1853,0.0693,0.0072,0.0701,0.0419,0.0242,0.04,0.0517,0.1231,0.0595,0.0447,0.0967,0.0362,0.0038,0.0366,0.0708,0.1357,0.2065,"Wasatch County, Utah"
512055,51,2055,0.0806,0.0466,0.0769,0.0997,0.2369,0.1144,0.086,0.1861,0.0696,0.0072,0.0704,0.0423,0.0245,0.0404,0.0523,0.1244,0.0601,0.0452,0.0977,0.0365,0.0038,0.037,0.0715,0.1362,0.2077,"Wasatch County, Utah"
512056,51,2056,0.0809,0.0468,0.0772,0.1003,0.2378,0.1149,0.0864,0.1867,0.0698,0.0073,0.0707,0.0427,0.0247,0.0407,0.0529,0.1255,0.0606,0.0456,0.0985,0.0368,0.0038,0.0373,0.0721,0.1367,0.2088,"Wasatch County, Utah"
512057,51,2057,0.0812,0.047,0.0775,0.1008,0.2387,0.1153,0.0867,0.1873,0.0701,0.0073,0.0709,0.0431,0.0249,0.0411,0.0535,0.1267,0.0612,0.046,0.0994,0.0372,0.0039,0.0376,0.0728,0.1372,0.21,"Wasatch County, Utah"
512058,51,2058,0.0815,0.0472,0.0778,0.1013,0.2396,0.1157,0.087,0.1878,0.0704,0.0073,0.0712,0.0435,0.0252,0.0415,0.0541,0.1278,0.0617,0.0464,0.1002,0.0376,0.0039,0.038,0.0734,0.1377,0.2111,"Wasatch County, Utah"
512059,51,2059,0.0818,0.0473,0.078,0.1018,0.2404,0.1162,0.0873,0.1883,0.0706,0.0073,0.0714,0.0439,0.0254,0.0419,0.0546,0.1289,0.0623,0.0468,0.101,0.0379,0.0039,0.0383,0.0741,0.1382,0.2123,"Wasatch County, Utah"
512060,51,2060,0.0821,0.0475,0.0783,0.1023,0.2413,0.1166,0.0876,0.1889,0.0709,0.0074,0.0717,0.0442,0.0256,0.0422,0.0552,0.1301,0.0629,0.0472,0.1018,0.0382,0.004,0.0387,0.0748,0.1387,0.2135,"Wasatch County, Utah"
512061,51,2061,0.0824,0.0477,0.0786,0.1029,0.2421,0.1171,0.0879,0.1894,0.0711,0.0074,0.072,0.0446,0.0258,0.0426,0.0558,0.1312,0.0634,0.0476,0.1026,0.0385,0.004,0.039,0.0754,0.1392,0.2146,"Wasatch County, Utah"
512062,51,2062,0.0827,0.0478,0.0789,0.1034,0.243,0.1175,0.0882,0.19,0.0714,0.0074,0.0722,0.045,0.0261,0.043,0.0563,0.1324,0.064,0.0481,0.1035,0.0389,0.004,0.0393,0.0761,0.1397,0.2158,"Wasatch County, Utah"
512063,51,2063,0.083,0.048,0.0792,0.104,0.2439,0.1179,0.0886,0.1905,0.0716,0.0074,0.0725,0.0454,0.0263,0.0433,0.0569,0.1335,0.0646,0.0485,0.1043,0.0392,0.0041,0.0397,0.0767,0.1402,0.2169,"Wasatch County, Utah"
512064,51,2064,0.0832,0.0482,0.0794,0.1045,0.2447,0.1184,0.0889,0.1911,0.072,0.0075,0.0727,0.0458,0.0265,0.0437,0.0575,0.1346,0.0651,0.0489,0.1051,0.0396,0.0041,0.04,0.0774,0.1406,0.218,"Wasatch County, Utah"
512065,51,2065,0.0835,0.0483,0.0797,0.1051,0.2456,0.1188,0.0892,0.1916,0.0722,0.0075,0.073,0.0462,0.0267,0.0441,0.0581,0.1358,0.0657,0.0493,0.1059,0.0399,0.0041,0.0403,0.078,0.1411,0.2191,"Wasatch County, Utah"
532023,53,2023,0.0887,0.0513,0.0846,0.0945,0.261,0.1216,0.0947,0.2109,0.0655,0.008,0.0775,0.0253,0.0147,0.0242,0.027,0.0746,0.0347,0.027,0.0602,0.0187,0.0023,0.0221,0.0392,0.1374,0.1766,"Washington County, Utah"
532024,53,2024,0.0844,0.0488,0.0805,0.09,0.2483,0.1155,0.0901,0.2013,0.0622,0.0076,0.0737,0.0249,0.0144,0.0238,0.0266,0.0733,0.0341,0.0266,0.0594,0.0183,0.0022,0.0218,0.0386,0.1308,0.1694,"Washington County, Utah"
532025,53,2025,0.0783,0.0453,0.0747,0.0834,0.2304,0.1071,0.0836,0.187,0.0575,0.007,0.0684,0.0269,0.0155,0.0256,0.0286,0.0791,0.0368,0.0287,0.0642,0.0197,0.0024,0.0235,0.0416,0.1213,0.1629,"Washington County, Utah"
532026,53,2026,0.0749,0.0434,0.0715,0.0798,0.2205,0.1025,0.08,0.1789,0.0549,0.0067,0.0654,0.0272,0.0157,0.0259,0.029,0.08,0.0372,0.029,0.0649,0.0199,0.0024,0.0238,0.042,0.1158,0.1578,"Washington County, Utah"
532027,53,2027,0.0725,0.042,0.0692,0.0773,0.2135,0.0993,0.0774,0.1725,0.053,0.0065,0.0634,0.0276,0.0159,0.0263,0.0293,0.0811,0.0377,0.0294,0.0655,0.0201,0.0025,0.0241,0.0425,0.1118,0.1543,"Washington County, Utah"
532028,53,2028,0.0708,0.0409,0.0675,0.0754,0.2082,0.0969,0.0755,0.1676,0.0516,0.0063,0.0618,0.0279,0.0161,0.0266,0.0297,0.0821,0.0382,0.0298,0.0661,0.0203,0.0025,0.0244,0.0429,0.1088,0.1517,"Washington County, Utah"
532029,53,2029,0.0693,0.0401,0.0661,0.0739,0.204,0.0949,0.074,0.164,0.0504,0.0062,0.0606,0.0282,0.0163,0.0269,0.0301,0.083,0.0386,0.0301,0.0667,0.0205,0.0025,0.0246,0.0434,0.1066,0.15,"Washington County, Utah"
532030,53,2030,0.0682,0.0395,0.0651,0.0728,0.2007,0.0935,0.0728,0.1615,0.0495,0.0061,0.0596,0.0285,0.0165,0.0272,0.0304,0.0838,0.039,0.0304,0.0674,0.0207,0.0026,0.0249,0.0438,0.105,0.1488,"Washington County, Utah"
532031,53,2031,0.0684,0.0396,0.0653,0.0731,0.2014,0.0938,0.073,0.1621,0.0495,0.0061,0.0598,0.0288,0.0167,0.0275,0.0308,0.0847,0.0395,0.0307,0.0682,0.0208,0.0026,0.0252,0.0444,0.1054,0.1498,"Washington County, Utah"
532032,53,2032,0.0686,0.0397,0.0655,0.0734,0.2019,0.0942,0.0732,0.1627,0.0495,0.0061,0.0599,0.0291,0.0168,0.0278,0.0311,0.0856,0.04,0.0311,0.069,0.021,0.0026,0.0254,0.0449,0.1058,0.1507,"Washington County, Utah"
532033,53,2033,0.0688,0.0398,0.0657,0.0737,0.2025,0.0947,0.0735,0.1633,0.0496,0.0062,0.0601,0.0294,0.017,0.0281,0.0315,0.0866,0.0405,0.0314,0.0698,0.0212,0.0026,0.0257,0.0454,0.1063,0.1517,"Washington County, Utah"
532034,53,2034,0.069,0.0399,0.0658,0.074,0.203,0.0951,0.0736,0.1636,0.0495,0.0062,0.0603,0.0297,0.0172,0.0284,0.0319,0.0875,0.041,0.0317,0.0705,0.0213,0.0027,0.026,0.046,0.1067,0.1527,"Washington County, Utah"
532035,53,2035,0.0691,0.04,0.066,0.0744,0.2035,0.0954,0.0738,0.1647,0.0495,0.0062,0.0604,0.03,0.0174,0.0287,0.0323,0.0884,0.0414,0.0321,0.0715,0.0215,0.0027,0.0262,0.0465,0.1071,0.1536,"Washington County, Utah"
532036,53,2036,0.0693,0.0401,0.0661,0.0748,0.2039,0.0958,0.074,0.1653,0.0495,0.0062,0.0606,0.0303,0.0175,0.0289,0.0327,0.0892,0.0419,0.0324,0.0723,0.0217,0.0027,0.0265,0.0471,0.1075,0.1546,"Washington County, Utah"
532037,53,2037,0.0695,0.0402,0.0663,0.0752,0.2044,0.0962,0.0742,0.1658,0.0495,0.0062,0.0607,0.0306,0.0177,0.0292,0.0331,0.0901,0.0424,0.0327,0.0731,0.0218,0.0027,0.0268,0.0476,0.108,0.1556,"Washington County, Utah"
532038,53,2038,0.0696,0.0403,0.0664,0.0754,0.2048,0.0965,0.0743,0.1662,0.0494,0.0062,0.0608,0.0309,0.0179,0.0295,0.0335,0.0909,0.0429,0.033,0.0738,0.022,0.0028,0.027,0.0481,0.1084,0.1565,"Washington County, Utah"
532039,53,2039,0.0698,0.0404,0.0666,0.0757,0.2053,0.0969,0.0745,0.1667,0.0494,0.0063,0.0609,0.0312,0.0181,0.0298,0.0339,0.0918,0.0433,0.0333,0.0745,0.0221,0.0028,0.0272,0.0487,0.1088,0.1575,"Washington County, Utah"
532040,53,2040,0.0699,0.0405,0.0667,0.076,0.2057,0.0972,0.0746,0.1671,0.0495,0.0063,0.0611,0.0315,0.0182,0.03,0.0342,0.0926,0.0438,0.0336,0.0752,0.0223,0.0028,0.0275,0.0492,0.1092,0.1584,"Washington County, Utah"
532041,53,2041,0.0701,0.0406,0.0669,0.0764,0.2063,0.0975,0.0748,0.1676,0.0495,0.0063,0.0612,0.0318,0.0184,0.0303,0.0346,0.0935,0.0442,0.0339,0.076,0.0224,0.0028,0.0278,0.0497,0.1097,0.1594,"Washington County, Utah"
532042,53,2042,0.0703,0.0407,0.067,0.0766,0.2067,0.0978,0.075,0.168,0.0495,0.0063,0.0614,0.0321,0.0186,0.0306,0.035,0.0944,0.0447,0.0342,0.0767,0.0226,0.0029,0.028,0.0503,0.1101,0.1604,"Washington County, Utah"
532043,53,2043,0.0704,0.0408,0.0672,0.077,0.2073,0.0982,0.0752,0.1685,0.0495,0.0063,0.0615,0.0324,0.0187,0.0309,0.0354,0.0952,0.0451,0.0346,0.0774,0.0228,0.0029,0.0283,0.0508,0.1105,0.1613,"Washington County, Utah"
532044,53,2044,0.0706,0.0409,0.0674,0.0772,0.2077,0.0985,0.0754,0.169,0.0495,0.0063,0.0617,0.0327,0.0189,0.0312,0.0357,0.0961,0.0456,0.0349,0.0782,0.0229,0.0029,0.0285,0.0513,0.111,0.1623,"Washington County, Utah"
532045,53,2045,0.0708,0.041,0.0676,0.0776,0.2084,0.0989,0.0756,0.1696,0.0496,0.0063,0.0619,0.033,0.0191,0.0315,0.0361,0.097,0.046,0.0352,0.079,0.0231,0.003,0.0288,0.0519,0.1114,0.1633,"Washington County, Utah"
532046,53,2046,0.0711,0.0411,0.0678,0.078,0.2091,0.0993,0.0759,0.1703,0.0497,0.0064,0.0621,0.0333,0.0193,0.0318,0.0365,0.098,0.0465,0.0355,0.0798,0.0233,0.003,0.0291,0.0524,0.1118,0.1642,"Washington County, Utah"
532047,53,2047,0.0713,0.0413,0.0681,0.0784,0.2099,0.0997,0.0761,0.171,0.0498,0.0064,0.0623,0.0336,0.0195,0.0321,0.0369,0.099,0.047,0.0359,0.0806,0.0235,0.003,0.0294,0.0529,0.1122,0.1651,"Washington County, Utah"
532048,53,2048,0.0716,0.0415,0.0684,0.0788,0.2108,0.1002,0.0765,0.1718,0.0499,0.0064,0.0626,0.034,0.0197,0.0324,0.0374,0.1,0.0475,0.0363,0.0815,0.0237,0.003,0.0297,0.0535,0.1127,0.1662,"Washington County, Utah"
532049,53,2049,0.072,0.0417,0.0687,0.0793,0.2118,0.1007,0.0769,0.1727,0.0501,0.0065,0.0629,0.0344,0.0199,0.0328,0.0378,0.1011,0.0481,0.0367,0.0824,0.0239,0.0031,0.03,0.054,0.1131,0.1671,"Washington County, Utah"
532050,53,2050,0.0723,0.0419,0.069,0.0798,0.2128,0.1012,0.0772,0.1736,0.0502,0.0065,0.0632,0.0347,0.0201,0.0331,0.0383,0.1022,0.0486,0.0371,0.0833,0.0241,0.0031,0.0303,0.0545,0.1135,0.168,"Washington County, Utah"
532051,53,2051,0.0727,0.0421,0.0694,0.0803,0.2139,0.1018,0.0776,0.1745,0.0505,0.0065,0.0635,0.0351,0.0203,0.0335,0.0388,0.1033,0.0492,0.0375,0.0843,0.0244,0.0031,0.0307,0.055,0.1139,0.1689,"Washington County, Utah"
532052,53,2052,0.0731,0.0423,0.0697,0.0808,0.215,0.1024,0.078,0.1755,0.0507,0.0066,0.0639,0.0355,0.0206,0.0339,0.0393,0.1045,0.0497,0.0379,0.0853,0.0246,0.0032,0.031,0.0556,0.1144,0.17,"Washington County, Utah"
532053,53,2053,0.0735,0.0425,0.0701,0.0814,0.2162,0.103,0.0785,0.1765,0.0509,0.0066,0.0642,0.0359,0.0208,0.0343,0.0398,0.1057,0.0503,0.0383,0.0862,0.0249,0.0032,0.0314,0.0561,0.1148,0.1709,"Washington County, Utah"
532054,53,2054,0.0739,0.0428,0.0705,0.0819,0.2174,0.1035,0.0789,0.1775,0.0511,0.0066,0.0645,0.0363,0.021,0.0347,0.0403,0.1068,0.0509,0.0388,0.0872,0.0251,0.0033,0.0317,0.0566,0.1152,0.1718,"Washington County, Utah"
532055,53,2055,0.0743,0.043,0.0709,0.0824,0.2185,0.1041,0.0793,0.1785,0.0513,0.0067,0.0649,0.0367,0.0212,0.035,0.0407,0.108,0.0515,0.0392,0.0882,0.0254,0.0033,0.0321,0.0572,0.1157,0.1729,"Washington County, Utah"
532056,53,2056,0.0746,0.0432,0.0712,0.0829,0.2195,0.1046,0.0797,0.1793,0.0515,0.0067,0.0652,0.0371,0.0215,0.0354,0.0412,0.1091,0.052,0.0396,0.0891,0.0256,0.0033,0.0324,0.0577,0.1161,0.1738,"Washington County, Utah"
532057,53,2057,0.0749,0.0434,0.0715,0.0833,0.2204,0.1051,0.08,0.1801,0.0516,0.0067,0.0655,0.0374,0.0217,0.0357,0.0416,0.1101,0.0525,0.04,0.09,0.0258,0.0034,0.0327,0.0582,0.1165,0.1747,"Washington County, Utah"
532058,53,2058,0.0752,0.0435,0.0718,0.0837,0.2213,0.1056,0.0803,0.1808,0.0518,0.0067,0.0657,0.0378,0.0219,0.0361,0.0421,0.1112,0.053,0.0403,0.0908,0.026,0.0034,0.033,0.0588,0.117,0.1758,"Washington County, Utah"
532059,53,2059,0.0755,0.0437,0.072,0.0841,0.2221,0.106,0.0806,0.1814,0.0519,0.0068,0.066,0.0381,0.0221,0.0364,0.0425,0.1122,0.0535,0.0407,0.0916,0.0262,0.0034,0.0333,0.0593,0.1174,0.1767,"Washington County, Utah"
532060,53,2060,0.0758,0.0438,0.0723,0.0845,0.2229,0.1065,0.0809,0.1821,0.052,0.0068,0.0662,0.0385,0.0223,0.0367,0.0429,0.1132,0.0541,0.0411,0.0925,0.0264,0.0034,0.0336,0.0598,0.1178,0.1776,"Washington County, Utah"
532061,53,2061,0.076,0.044,0.0726,0.0849,0.2237,0.1069,0.0812,0.1827,0.0521,0.0068,0.0664,0.0388,0.0225,0.037,0.0433,0.1141,0.0546,0.0414,0.0933,0.0266,0.0035,0.0339,0.0603,0.1182,0.1785,"Washington County, Utah"
532062,53,2062,0.0763,0.0442,0.0728,0.0853,0.2244,0.1074,0.0814,0.1834,0.0522,0.0068,0.0667,0.0391,0.0226,0.0373,0.0438,0.1151,0.0551,0.0418,0.0941,0.0268,0.0035,0.0342,0.0609,0.1187,0.1796,"Washington County, Utah"
532063,53,2063,0.0766,0.0443,0.0731,0.0857,0.2252,0.1078,0.0817,0.184,0.0524,0.0069,0.0669,0.0395,0.0228,0.0377,0.0442,0.1161,0.0556,0.0421,0.0949,0.027,0.0035,0.0345,0.0614,0.1191,0.1805,"Washington County, Utah"
532064,53,2064,0.0768,0.0445,0.0733,0.0861,0.226,0.1083,0.082,0.1847,0.0524,0.0069,0.0671,0.0398,0.023,0.038,0.0446,0.1171,0.0561,0.0425,0.0957,0.0272,0.0036,0.0348,0.0619,0.1195,0.1814,"Washington County, Utah"
532065,53,2065,0.0771,0.0446,0.0736,0.0865,0.2268,0.1087,0.0823,0.1853,0.0525,0.0069,0.0673,0.0401,0.0232,0.0383,0.045,0.1181,0.0566,0.0428,0.0965,0.0273,0.0036,0.0351,0.0625,0.12,0.1825,"Washington County, Utah"
552023,55,2023,0.0697,0.0403,0.0665,0.0771,0.2051,0.1012,0.0744,0.1578,0.0665,0.0062,0.0609,0.0307,0.0178,0.0293,0.034,0.0903,0.0446,0.0328,0.0695,0.0293,0.0028,0.0268,0.0411,0.0934,0.1345,"Wayne County, Utah"
552024,55,2024,0.0596,0.0345,0.0569,0.0657,0.1754,0.0862,0.0636,0.1461,0.0569,0.0053,0.0521,0.0271,0.0157,0.0259,0.0299,0.0798,0.0392,0.029,0.0665,0.0259,0.0024,0.0237,0.0403,0.0886,0.1289,"Wayne County, Utah"
552025,55,2025,0.0547,0.0316,0.0522,0.0601,0.1608,0.0791,0.0584,0.134,0.0522,0.0049,0.0478,0.0289,0.0167,0.0276,0.0318,0.0851,0.0419,0.0309,0.0709,0.0276,0.0026,0.0253,0.0429,0.0811,0.124,"Wayne County, Utah"
552026,55,2026,0.0523,0.0302,0.0499,0.0578,0.1538,0.0756,0.0558,0.1277,0.0499,0.0047,0.0457,0.0292,0.0169,0.0279,0.0324,0.086,0.0423,0.0312,0.0714,0.0279,0.0026,0.0255,0.0431,0.0771,0.1202,"Wayne County, Utah"
552027,55,2027,0.0505,0.0292,0.0482,0.0558,0.1487,0.0731,0.0539,0.1229,0.0482,0.0045,0.0441,0.0296,0.0171,0.0282,0.0327,0.0871,0.0428,0.0316,0.072,0.0282,0.0027,0.0259,0.0434,0.0741,0.1175,"Wayne County, Utah"
552028,55,2028,0.0492,0.0285,0.0469,0.0543,0.1447,0.0711,0.0525,0.119,0.0469,0.0044,0.0429,0.0299,0.0173,0.0285,0.033,0.0879,0.0433,0.0319,0.0723,0.0285,0.0027,0.0261,0.0437,0.0718,0.1155,"Wayne County, Utah"
552029,55,2029,0.0481,0.0278,0.0459,0.0532,0.1416,0.0696,0.0514,0.116,0.0459,0.0043,0.042,0.0302,0.0175,0.0288,0.0334,0.0888,0.0437,0.0322,0.0727,0.0288,0.0027,0.0264,0.044,0.0702,0.1142,"Wayne County, Utah"
552030,55,2030,0.0473,0.0274,0.0451,0.0525,0.1392,0.0685,0.0505,0.1139,0.0452,0.0042,0.0413,0.0304,0.0176,0.0291,0.0338,0.0896,0.0441,0.0325,0.0733,0.0291,0.0027,0.0266,0.0444,0.0689,0.1133,"Wayne County, Utah"
552031,55,2031,0.0474,0.0274,0.0453,0.0529,0.1395,0.0687,0.0506,0.114,0.0453,0.0043,0.0414,0.0308,0.0178,0.0294,0.0343,0.0906,0.0446,0.0329,0.074,0.0294,0.0028,0.0269,0.0449,0.0692,0.1141,"Wayne County, Utah"
552032,55,2032,0.0477,0.0276,0.0455,0.0532,0.1403,0.0691,0.0509,0.1144,0.0455,0.0043,0.0416,0.0312,0.018,0.0298,0.0348,0.0918,0.0452,0.0333,0.0749,0.0298,0.0028,0.0272,0.0454,0.0694,0.1148,"Wayne County, Utah"
552033,55,2033,0.0479,0.0277,0.0457,0.0534,0.1409,0.0694,0.0511,0.1148,0.0457,0.0043,0.0418,0.0316,0.0183,0.0301,0.0352,0.0929,0.0457,0.0337,0.0757,0.0301,0.0028,0.0276,0.0459,0.0696,0.1155,"Wayne County, Utah"
552034,55,2034,0.0481,0.0278,0.0459,0.0541,0.1415,0.0697,0.0513,0.1151,0.0459,0.0043,0.042,0.032,0.0185,0.0305,0.036,0.094,0.0463,0.0341,0.0765,0.0305,0.0029,0.0279,0.0464,0.0698,0.1162,"Wayne County, Utah"
552035,55,2035,0.0483,0.028,0.0461,0.0545,0.1422,0.07,0.0516,0.1158,0.0461,0.0043,0.0422,0.0324,0.0187,0.0309,0.0365,0.0952,0.0469,0.0345,0.0775,0.0309,0.0029,0.0283,0.0469,0.0701,0.117,"Wayne County, Utah"
552036,55,2036,0.0485,0.0281,0.0463,0.0549,0.1428,0.0703,0.0518,0.1162,0.0463,0.0044,0.0424,0.0327,0.019,0.0312,0.037,0.0964,0.0475,0.035,0.0784,0.0313,0.0029,0.0286,0.0474,0.0703,0.1177,"Wayne County, Utah"
552037,55,2037,0.0487,0.0282,0.0465,0.0552,0.1434,0.0707,0.052,0.1165,0.0465,0.0044,0.0426,0.0331,0.0192,0.0316,0.0375,0.0975,0.048,0.0354,0.0792,0.0316,0.003,0.0289,0.0479,0.0705,0.1184,"Wayne County, Utah"
552038,55,2038,0.0489,0.0283,0.0467,0.0554,0.144,0.071,0.0522,0.1168,0.0467,0.0044,0.0428,0.0335,0.0194,0.032,0.0379,0.0986,0.0486,0.0358,0.0799,0.032,0.003,0.0293,0.0484,0.0708,0.1192,"Wayne County, Utah"
552039,55,2039,0.0491,0.0284,0.0468,0.0559,0.1444,0.0712,0.0524,0.1169,0.0468,0.0044,0.0429,0.0338,0.0196,0.0323,0.0385,0.0995,0.0491,0.0361,0.0806,0.0323,0.003,0.0296,0.0489,0.071,0.1199,"Wayne County, Utah"
552040,55,2040,0.0493,0.0285,0.047,0.0563,0.145,0.0715,0.0526,0.1172,0.047,0.0044,0.043,0.0342,0.0198,0.0326,0.0391,0.1006,0.0496,0.0365,0.0813,0.0327,0.0031,0.0299,0.0494,0.0712,0.1206,"Wayne County, Utah"
552041,55,2041,0.0495,0.0286,0.0472,0.0565,0.1456,0.0718,0.0528,0.1175,0.0472,0.0044,0.0432,0.0346,0.02,0.033,0.0395,0.1018,0.0502,0.0369,0.0822,0.033,0.0031,0.0302,0.0499,0.0714,0.1213,"Wayne County, Utah"
552042,55,2042,0.0497,0.0287,0.0474,0.0569,0.1462,0.0721,0.053,0.1179,0.0474,0.0045,0.0434,0.035,0.0202,0.0334,0.04,0.1029,0.0507,0.0373,0.083,0.0334,0.0031,0.0305,0.0504,0.0717,0.1221,"Wayne County, Utah"
552043,55,2043,0.0499,0.0289,0.0476,0.0573,0.1468,0.0724,0.0532,0.1182,0.0476,0.0045,0.0436,0.0353,0.0205,0.0337,0.0406,0.104,0.0513,0.0377,0.0837,0.0337,0.0032,0.0309,0.0509,0.0719,0.1228,"Wayne County, Utah"
552044,55,2044,0.0501,0.029,0.0478,0.0576,0.1474,0.0727,0.0535,0.1185,0.0478,0.0045,0.0438,0.0357,0.0207,0.0341,0.0411,0.1052,0.0519,0.0382,0.0845,0.0341,0.0032,0.0312,0.0514,0.0721,0.1235,"Wayne County, Utah"
552045,55,2045,0.0503,0.0291,0.048,0.058,0.1481,0.073,0.0537,0.1189,0.048,0.0045,0.044,0.0361,0.0209,0.0345,0.0416,0.1063,0.0524,0.0386,0.0853,0.0345,0.0032,0.0316,0.0519,0.0724,0.1243,"Wayne County, Utah"
552046,55,2046,0.0505,0.0292,0.0482,0.0582,0.1487,0.0733,0.0539,0.1192,0.0482,0.0045,0.0441,0.0365,0.0211,0.0348,0.0421,0.1074,0.053,0.039,0.0861,0.0348,0.0033,0.0319,0.0524,0.0726,0.125,"Wayne County, Utah"
552047,55,2047,0.0508,0.0294,0.0484,0.0587,0.1494,0.0737,0.0542,0.1197,0.0485,0.0046,0.0443,0.0369,0.0214,0.0352,0.0427,0.1086,0.0536,0.0394,0.087,0.0352,0.0033,0.0322,0.0529,0.0728,0.1257,"Wayne County, Utah"
552048,55,2048,0.051,0.0295,0.0487,0.0592,0.1502,0.0741,0.0545,0.1202,0.0487,0.0046,0.0446,0.0373,0.0216,0.0356,0.0433,0.1098,0.0542,0.0398,0.0879,0.0356,0.0033,0.0326,0.0534,0.0731,0.1265,"Wayne County, Utah"
552049,55,2049,0.0513,0.0297,0.049,0.0595,0.1511,0.0746,0.0548,0.1207,0.049,0.0046,0.0449,0.0378,0.0219,0.0361,0.0438,0.1112,0.0549,0.0403,0.0888,0.0361,0.0034,0.033,0.0539,0.0733,0.1272,"Wayne County, Utah"
552050,55,2050,0.0516,0.0299,0.0492,0.0598,0.1519,0.0751,0.0551,0.1211,0.0493,0.0046,0.0451,0.0382,0.0221,0.0365,0.0443,0.1124,0.0556,0.0408,0.0897,0.0365,0.0034,0.0334,0.0544,0.0735,0.1279,"Wayne County, Utah"
552051,55,2051,0.052,0.0301,0.0496,0.0606,0.1529,0.0756,0.0555,0.1217,0.0496,0.0047,0.0454,0.0387,0.0224,0.0369,0.0451,0.1139,0.0563,0.0413,0.0907,0.0369,0.0035,0.0338,0.0549,0.0738,0.1287,"Wayne County, Utah"
552052,55,2052,0.0522,0.0302,0.0498,0.0611,0.1536,0.076,0.0557,0.1222,0.0498,0.0047,0.0456,0.0391,0.0226,0.0373,0.0457,0.1151,0.0569,0.0418,0.0916,0.0373,0.0035,0.0342,0.0554,0.074,0.1294,"Wayne County, Utah"
552053,55,2053,0.0525,0.0304,0.0501,0.0614,0.1545,0.0764,0.056,0.1228,0.0501,0.0047,0.0459,0.0396,0.0229,0.0378,0.0463,0.1164,0.0576,0.0422,0.0925,0.0378,0.0035,0.0346,0.0559,0.0742,0.1301,"Wayne County, Utah"
552054,55,2054,0.0528,0.0306,0.0504,0.0618,0.1554,0.0769,0.0564,0.1232,0.0504,0.0047,0.0461,0.04,0.0232,0.0382,0.0468,0.1178,0.0583,0.0427,0.0934,0.0382,0.0036,0.035,0.0564,0.0745,0.1309,"Wayne County, Utah"
552055,55,2055,0.0531,0.0307,0.0507,0.0623,0.1563,0.0774,0.0567,0.1238,0.0507,0.0048,0.0464,0.0405,0.0234,0.0386,0.0475,0.1191,0.0589,0.0432,0.0944,0.0386,0.0036,0.0354,0.0569,0.0747,0.1316,"Wayne County, Utah"
552056,55,2056,0.0534,0.0309,0.0509,0.0628,0.157,0.0777,0.057,0.1242,0.051,0.0048,0.0466,0.0409,0.0237,0.039,0.0481,0.1203,0.0596,0.0437,0.0952,0.039,0.0037,0.0357,0.0574,0.0749,0.1323,"Wayne County, Utah"
552057,55,2057,0.0536,0.031,0.0511,0.0631,0.1577,0.078,0.0572,0.1246,0.0512,0.0048,0.0468,0.0413,0.0239,0.0394,0.0486,0.1215,0.0601,0.0441,0.096,0.0394,0.0037,0.0361,0.0579,0.0752,0.1331,"Wayne County, Utah"
552058,55,2058,0.0538,0.0311,0.0513,0.0633,0.1583,0.0784,0.0574,0.1248,0.0514,0.0048,0.047,0.0417,0.0241,0.0398,0.049,0.1226,0.0607,0.0445,0.0967,0.0398,0.0037,0.0364,0.0584,0.0754,0.1338,"Wayne County, Utah"
552059,55,2059,0.054,0.0313,0.0516,0.0638,0.159,0.0787,0.0577,0.1252,0.0516,0.0048,0.0472,0.0421,0.0244,0.0401,0.0497,0.1238,0.0613,0.0449,0.0975,0.0402,0.0038,0.0368,0.0589,0.0756,0.1345,"Wayne County, Utah"
552060,55,2060,0.0543,0.0314,0.0518,0.0639,0.1597,0.0791,0.0579,0.1256,0.0518,0.0049,0.0474,0.0425,0.0246,0.0405,0.05,0.125,0.0619,0.0454,0.0983,0.0406,0.0038,0.0371,0.0594,0.0759,0.1353,"Wayne County, Utah"
552061,55,2061,0.0545,0.0316,0.052,0.0644,0.1605,0.0794,0.0582,0.126,0.0521,0.0049,0.0476,0.0429,0.0248,0.0409,0.0507,0.1263,0.0625,0.0458,0.0992,0.041,0.0038,0.0375,0.0599,0.0761,0.136,"Wayne County, Utah"
552062,55,2062,0.0548,0.0317,0.0523,0.0646,0.1611,0.0798,0.0585,0.1264,0.0523,0.0049,0.0478,0.0433,0.0251,0.0413,0.0511,0.1274,0.0631,0.0462,0.0999,0.0413,0.0039,0.0378,0.0604,0.0763,0.1367,"Wayne County, Utah"
552063,55,2063,0.055,0.0318,0.0525,0.0651,0.1618,0.0801,0.0587,0.1267,0.0525,0.0049,0.048,0.0437,0.0253,0.0417,0.0518,0.1286,0.0637,0.0467,0.1007,0.0417,0.0039,0.0382,0.0609,0.0766,0.1375,"Wayne County, Utah"
552064,55,2064,0.0553,0.032,0.0527,0.0654,0.1626,0.0805,0.059,0.127,0.0528,0.005,0.0483,0.0441,0.0255,0.0421,0.0523,0.1299,0.0643,0.0471,0.1015,0.0421,0.004,0.0386,0.0614,0.0768,0.1382,"Wayne County, Utah"
552065,55,2065,0.0555,0.0321,0.053,0.0659,0.1633,0.0809,0.0593,0.1274,0.053,0.005,0.0485,0.0446,0.0258,0.0425,0.0529,0.1311,0.0649,0.0476,0.1023,0.0425,0.004,0.0389,0.0619,0.0771,0.139,"Wayne County, Utah"
572023,57,2023,0.0769,0.0445,0.0734,0.0898,0.2263,0.1086,0.0821,0.1796,0.055,0.0069,0.0672,0.0154,0.0089,0.0147,0.018,0.0453,0.0217,0.0165,0.036,0.011,0.0014,0.0135,0.0231,0.1155,0.1386,"Weber County, Utah"
572024,57,2024,0.0742,0.0429,0.0708,0.0866,0.2183,0.1049,0.0792,0.1723,0.0531,0.0067,0.0648,0.0154,0.0089,0.0147,0.0179,0.0452,0.0217,0.0164,0.0357,0.011,0.0014,0.0134,0.0228,0.1102,0.133,"Weber County, Utah"
572025,57,2025,0.0694,0.0402,0.0663,0.0809,0.2043,0.0981,0.0741,0.1613,0.0498,0.0062,0.0607,0.0167,0.0097,0.0159,0.0195,0.0492,0.0236,0.0178,0.0388,0.012,0.0015,0.0146,0.0248,0.1031,0.1279,"Weber County, Utah"
572026,57,2026,0.0666,0.0385,0.0635,0.0775,0.1959,0.0941,0.0711,0.1545,0.0479,0.006,0.0582,0.0169,0.0098,0.0162,0.0197,0.0499,0.024,0.0181,0.0393,0.0122,0.0015,0.0148,0.0251,0.0988,0.1239,"Weber County, Utah"
572027,57,2027,0.0646,0.0374,0.0617,0.0752,0.1901,0.0913,0.069,0.1493,0.0466,0.0058,0.0564,0.0172,0.01,0.0164,0.02,0.0507,0.0243,0.0184,0.0398,0.0124,0.0015,0.015,0.0255,0.0956,0.1211,"Weber County, Utah"
572028,57,2028,0.0631,0.0365,0.0603,0.0735,0.1858,0.0893,0.0674,0.1451,0.0456,0.0057,0.0552,0.0175,0.0101,0.0167,0.0203,0.0514,0.0247,0.0186,0.0401,0.0126,0.0016,0.0153,0.0258,0.0933,0.1191,"Weber County, Utah"
572029,57,2029,0.062,0.0359,0.0591,0.0722,0.1824,0.0877,0.0662,0.1422,0.0449,0.0056,0.0542,0.0177,0.0102,0.0169,0.0206,0.052,0.025,0.0189,0.0406,0.0128,0.0016,0.0154,0.0261,0.0916,0.1177,"Weber County, Utah"
572030,57,2030,0.0611,0.0354,0.0583,0.0712,0.1798,0.0865,0.0652,0.1402,0.0443,0.0055,0.0534,0.0179,0.0104,0.0171,0.0209,0.0526,0.0253,0.0191,0.0411,0.013,0.0016,0.0156,0.0265,0.0904,0.1169,"Weber County, Utah"
572031,57,2031,0.0613,0.0355,0.0585,0.0716,0.1805,0.0869,0.0655,0.1408,0.0446,0.0055,0.0536,0.0181,0.0105,0.0173,0.0211,0.0533,0.0256,0.0193,0.0416,0.0132,0.0016,0.0158,0.0268,0.0908,0.1176,"Weber County, Utah"
572032,57,2032,0.0616,0.0356,0.0587,0.0719,0.1811,0.0873,0.0657,0.1414,0.0448,0.0055,0.0538,0.0183,0.0106,0.0175,0.0214,0.0539,0.026,0.0196,0.0421,0.0133,0.0016,0.016,0.0271,0.0912,0.1183,"Weber County, Utah"
572033,57,2033,0.0618,0.0358,0.059,0.0722,0.1818,0.0877,0.066,0.1418,0.045,0.0055,0.054,0.0185,0.0107,0.0177,0.0217,0.0545,0.0263,0.0198,0.0425,0.0135,0.0017,0.0162,0.0275,0.0917,0.1192,"Weber County, Utah"
572034,57,2034,0.062,0.0359,0.0592,0.0726,0.1826,0.0881,0.0662,0.142,0.0452,0.0056,0.0542,0.0188,0.0109,0.0179,0.022,0.0552,0.0266,0.02,0.0429,0.0137,0.0017,0.0164,0.0278,0.0921,0.1199,"Weber County, Utah"
572035,57,2035,0.0621,0.036,0.0593,0.0729,0.1829,0.0883,0.0663,0.1433,0.0453,0.0056,0.0543,0.0189,0.011,0.0181,0.0222,0.0557,0.0269,0.0202,0.0436,0.0138,0.0017,0.0165,0.0282,0.0925,0.1207,"Weber County, Utah"
572036,57,2036,0.0623,0.0361,0.0595,0.0734,0.1835,0.0887,0.0666,0.1439,0.0455,0.0056,0.0545,0.0191,0.0111,0.0183,0.0225,0.0563,0.0272,0.0204,0.0442,0.014,0.0017,0.0167,0.0285,0.0929,0.1214,"Weber County, Utah"
572037,57,2037,0.0626,0.0362,0.0597,0.0738,0.1841,0.0891,0.0668,0.1445,0.0457,0.0056,0.0546,0.0193,0.0112,0.0184,0.0228,0.0569,0.0275,0.0206,0.0447,0.0141,0.0017,0.0169,0.0288,0.0933,0.1221,"Weber County, Utah"
572038,57,2038,0.0627,0.0363,0.0599,0.0741,0.1846,0.0894,0.067,0.145,0.0459,0.0056,0.0548,0.0195,0.0113,0.0186,0.0231,0.0575,0.0278,0.0208,0.0451,0.0143,0.0018,0.0171,0.0292,0.0937,0.1229,"Weber County, Utah"
572039,57,2039,0.0629,0.0364,0.06,0.0745,0.1852,0.0897,0.0672,0.1455,0.0461,0.0056,0.055,0.0197,0.0114,0.0188,0.0233,0.0581,0.0281,0.0211,0.0456,0.0144,0.0018,0.0172,0.0295,0.0941,0.1236,"Weber County, Utah"
572040,57,2040,0.0631,0.0365,0.0602,0.0748,0.1858,0.0901,0.0674,0.1459,0.0462,0.0057,0.0552,0.0199,0.0115,0.019,0.0236,0.0587,0.0284,0.0213,0.0461,0.0146,0.0018,0.0174,0.0299,0.0946,0.1245,"Weber County, Utah"
572041,57,2041,0.0633,0.0367,0.0604,0.0752,0.1864,0.0904,0.0676,0.1464,0.0464,0.0057,0.0553,0.0201,0.0117,0.0192,0.0239,0.0593,0.0287,0.0215,0.0465,0.0148,0.0018,0.0176,0.0302,0.095,0.1252,"Weber County, Utah"
572042,57,2042,0.0635,0.0368,0.0606,0.0755,0.187,0.0907,0.0678,0.1469,0.0466,0.0057,0.0555,0.0203,0.0118,0.0194,0.0242,0.0599,0.029,0.0217,0.047,0.0149,0.0018,0.0178,0.0305,0.0954,0.1259,"Weber County, Utah"
572043,57,2043,0.0637,0.0369,0.0608,0.0758,0.1876,0.0911,0.0681,0.1473,0.0468,0.0057,0.0557,0.0205,0.0119,0.0196,0.0244,0.0605,0.0293,0.0219,0.0475,0.0151,0.0018,0.0179,0.0309,0.0958,0.1267,"Weber County, Utah"
572044,57,2044,0.0639,0.037,0.061,0.0761,0.1882,0.0914,0.0683,0.1478,0.047,0.0057,0.0559,0.0207,0.012,0.0198,0.0247,0.061,0.0296,0.0221,0.0479,0.0152,0.0019,0.0181,0.0312,0.0962,0.1274,"Weber County, Utah"
572045,57,2045,0.0642,0.0371,0.0612,0.0765,0.1888,0.0917,0.0685,0.1484,0.0472,0.0058,0.0561,0.0209,0.0121,0.02,0.025,0.0617,0.0299,0.0224,0.0484,0.0154,0.0019,0.0183,0.0316,0.0966,0.1282,"Weber County, Utah"
572046,57,2046,0.0644,0.0373,0.0614,0.0769,0.1895,0.092,0.0687,0.1489,0.0474,0.0058,0.0563,0.0212,0.0122,0.0202,0.0253,0.0623,0.0302,0.0226,0.0489,0.0156,0.0019,0.0185,0.0319,0.0971,0.129,"Weber County, Utah"
572047,57,2047,0.0646,0.0374,0.0617,0.0772,0.1902,0.0924,0.069,0.1495,0.0476,0.0058,0.0565,0.0214,0.0124,0.0204,0.0255,0.0629,0.0305,0.0228,0.0494,0.0157,0.0019,0.0187,0.0322,0.0975,0.1297,"Weber County, Utah"
572048,57,2048,0.0649,0.0376,0.0619,0.0776,0.191,0.0928,0.0693,0.15,0.0478,0.0058,0.0567,0.0216,0.0125,0.0206,0.0258,0.0635,0.0309,0.0231,0.0499,0.0159,0.0019,0.0189,0.0326,0.0979,0.1305,"Weber County, Utah"
572049,57,2049,0.0652,0.0377,0.0622,0.0781,0.1918,0.0932,0.0696,0.1506,0.0481,0.0058,0.0569,0.0218,0.0126,0.0208,0.0261,0.0642,0.0312,0.0233,0.0504,0.0161,0.002,0.0191,0.0329,0.0983,0.1312,"Weber County, Utah"
572050,57,2050,0.0655,0.0379,0.0625,0.0785,0.1926,0.0936,0.0699,0.1513,0.0484,0.0059,0.0572,0.022,0.0128,0.021,0.0264,0.0649,0.0315,0.0235,0.0509,0.0163,0.002,0.0193,0.0332,0.0987,0.1319,"Weber County, Utah"
572051,57,2051,0.0658,0.0381,0.0627,0.0789,0.1935,0.094,0.0702,0.152,0.0486,0.0059,0.0574,0.0223,0.0129,0.0213,0.0267,0.0656,0.0318,0.0238,0.0515,0.0165,0.002,0.0195,0.0336,0.0991,0.1327,"Weber County, Utah"
572052,57,2052,0.0661,0.0382,0.063,0.0794,0.1944,0.0944,0.0705,0.1526,0.0489,0.0059,0.0577,0.0225,0.013,0.0215,0.027,0.0662,0.0322,0.024,0.052,0.0167,0.002,0.0197,0.0339,0.0995,0.1334,"Weber County, Utah"
572053,57,2053,0.0664,0.0384,0.0633,0.0798,0.1953,0.0949,0.0708,0.1533,0.0492,0.0059,0.058,0.0227,0.0132,0.0217,0.0274,0.0669,0.0325,0.0243,0.0525,0.0169,0.002,0.0199,0.0343,0.1,0.1343,"Weber County, Utah"
572054,57,2054,0.0667,0.0386,0.0636,0.0803,0.1962,0.0953,0.0712,0.154,0.0495,0.006,0.0582,0.023,0.0133,0.0219,0.0277,0.0676,0.0328,0.0245,0.0531,0.0171,0.0021,0.0201,0.0346,0.1004,0.135,"Weber County, Utah"
572055,57,2055,0.067,0.0388,0.0639,0.0807,0.1971,0.0957,0.0715,0.1547,0.0498,0.006,0.0585,0.0232,0.0134,0.0222,0.028,0.0683,0.0332,0.0248,0.0536,0.0173,0.0021,0.0203,0.0349,0.1008,0.1357,"Weber County, Utah"
572056,57,2056,0.0673,0.0389,0.0642,0.0812,0.1979,0.0961,0.0718,0.1553,0.0501,0.006,0.0588,0.0234,0.0136,0.0224,0.0283,0.069,0.0335,0.025,0.0541,0.0175,0.0021,0.0205,0.0353,0.1012,0.1365,"Weber County, Utah"
572057,57,2057,0.0675,0.0391,0.0644,0.0816,0.1987,0.0965,0.0721,0.1559,0.0503,0.0061,0.059,0.0237,0.0137,0.0226,0.0286,0.0696,0.0338,0.0253,0.0546,0.0176,0.0021,0.0207,0.0356,0.1016,0.1372,"Weber County, Utah"
572058,57,2058,0.0678,0.0392,0.0647,0.082,0.1996,0.0969,0.0724,0.1565,0.0506,0.0061,0.0592,0.0239,0.0138,0.0228,0.0289,0.0703,0.0342,0.0255,0.0551,0.0178,0.0021,0.0209,0.036,0.102,0.138,"Weber County, Utah"
572059,57,2059,0.0681,0.0394,0.065,0.0824,0.2004,0.0973,0.0727,0.157,0.0509,0.0061,0.0595,0.0241,0.014,0.023,0.0292,0.071,0.0345,0.0257,0.0556,0.018,0.0022,0.0211,0.0363,0.1025,0.1388,"Weber County, Utah"
572060,57,2060,0.0684,0.0396,0.0652,0.0828,0.2012,0.0978,0.073,0.1576,0.0512,0.0061,0.0597,0.0243,0.0141,0.0232,0.0295,0.0716,0.0348,0.026,0.0561,0.0182,0.0022,0.0213,0.0366,0.1029,0.1395,"Weber County, Utah"
572061,57,2061,0.0686,0.0397,0.0655,0.0832,0.2019,0.0982,0.0733,0.1581,0.0514,0.0062,0.06,0.0246,0.0142,0.0234,0.0298,0.0723,0.0351,0.0262,0.0566,0.0184,0.0022,0.0215,0.037,0.1033,0.1403,"Weber County, Utah"
572062,57,2062,0.0689,0.0399,0.0657,0.0836,0.2027,0.0986,0.0735,0.1587,0.0517,0.0062,0.0602,0.0248,0.0143,0.0236,0.0301,0.0729,0.0355,0.0265,0.0571,0.0186,0.0022,0.0216,0.0373,0.1037,0.141,"Weber County, Utah"
572063,57,2063,0.0691,0.04,0.066,0.084,0.2035,0.099,0.0738,0.1593,0.0519,0.0062,0.0604,0.025,0.0145,0.0239,0.0304,0.0736,0.0358,0.0267,0.0576,0.0188,0.0022,0.0218,0.0376,0.1041,0.1417,"Weber County, Utah"
572064,57,2064,0.0694,0.0402,0.0662,0.0844,0.2043,0.0994,0.0741,0.1598,0.0522,0.0062,0.0606,0.0252,0.0146,0.0241,0.0306,0.0742,0.0361,0.0269,0.0581,0.019,0.0023,0.022,0.038,0.1045,0.1425,"Weber County, Utah"
572065,57,2065,0.0697,0.0403,0.0665,0.0847,0.205,0.0998,0.0744,0.1604,0.0524,0.0062,0.0609,0.0254,0.0147,0.0243,0.0309,0.0749,0.0364,0.0272,0.0586,0.0191,0.0023,0.0222,0.0383,0.105,0.1433,"Weber County, Utah"
10492023,1049,2023,0.0852,0.0493,0.0813,0.0954,0.2508,0.1152,0.0909,0.204,0.0677,0.0076,0.0744,0.0177,0.0102,0.0168,0.0198,0.052,0.0239,0.0188,0.0423,0.014,0.0016,0.0154,0.0285,0.1375,0.166,Utah
10492024,1049,2024,0.0817,0.0473,0.0779,0.0915,0.2404,0.1106,0.0872,0.1947,0.0649,0.0073,0.0713,0.0175,0.0101,0.0167,0.0196,0.0515,0.0237,0.0187,0.0417,0.0139,0.0016,0.0153,0.0281,0.1312,0.1593,Utah
10492025,1049,2025,0.0766,0.0443,0.0731,0.0856,0.2254,0.1037,0.0817,0.1827,0.0608,0.0069,0.0669,0.0191,0.011,0.0182,0.0213,0.0561,0.0258,0.0204,0.0455,0.0151,0.0017,0.0167,0.0306,0.123,0.1536,Utah
10492026,1049,2026,0.0735,0.0425,0.0702,0.0822,0.2165,0.0996,0.0785,0.1754,0.0584,0.0066,0.0642,0.0194,0.0112,0.0185,0.0216,0.057,0.0262,0.0207,0.0462,0.0154,0.0017,0.0169,0.031,0.1179,0.1489,Utah
10492027,1049,2027,0.0714,0.0413,0.0682,0.0798,0.2103,0.0969,0.0763,0.1697,0.0567,0.0064,0.0624,0.0197,0.0114,0.0188,0.022,0.058,0.0267,0.021,0.0468,0.0156,0.0018,0.0172,0.0315,0.1142,0.1457,Utah
10492028,1049,2028,0.0698,0.0404,0.0666,0.0779,0.2056,0.0947,0.0745,0.1651,0.0554,0.0063,0.061,0.02,0.0116,0.0191,0.0223,0.0588,0.0271,0.0213,0.0472,0.0159,0.0018,0.0175,0.0319,0.1115,0.1434,Utah
10492029,1049,2029,0.0685,0.0397,0.0654,0.0765,0.2017,0.0931,0.0732,0.1618,0.0544,0.0061,0.0599,0.0202,0.0117,0.0193,0.0226,0.0595,0.0275,0.0216,0.0478,0.016,0.0018,0.0177,0.0323,0.1095,0.1418,Utah
10492030,1049,2030,0.0675,0.0391,0.0644,0.0754,0.1987,0.0918,0.0721,0.1595,0.0535,0.0061,0.059,0.0205,0.0118,0.0195,0.0228,0.0602,0.0278,0.0218,0.0483,0.0162,0.0018,0.0179,0.0327,0.1081,0.1408,Utah
10492031,1049,2031,0.0677,0.0392,0.0646,0.0757,0.1994,0.0922,0.0723,0.1601,0.0537,0.0061,0.0592,0.0207,0.012,0.0197,0.0231,0.0609,0.0282,0.0221,0.0489,0.0164,0.0019,0.0181,0.0332,0.1086,0.1418,Utah
10492032,1049,2032,0.0679,0.0393,0.0648,0.0759,0.1999,0.0926,0.0725,0.1607,0.0538,0.0061,0.0593,0.0209,0.0121,0.02,0.0234,0.0616,0.0285,0.0223,0.0495,0.0166,0.0019,0.0183,0.0336,0.1091,0.1427,Utah
10492033,1049,2033,0.0681,0.0394,0.065,0.0762,0.2004,0.0931,0.0727,0.161,0.0539,0.0061,0.0595,0.0211,0.0122,0.0202,0.0236,0.0622,0.0289,0.0226,0.05,0.0167,0.0019,0.0185,0.034,0.1096,0.1436,Utah
10492034,1049,2034,0.0684,0.0396,0.0652,0.0766,0.2012,0.0936,0.073,0.1613,0.054,0.0061,0.0597,0.0214,0.0124,0.0204,0.024,0.0629,0.0293,0.0228,0.0504,0.0169,0.0019,0.0187,0.0344,0.1101,0.1445,Utah
10492035,1049,2035,0.0684,0.0396,0.0652,0.0768,0.2013,0.0938,0.073,0.1626,0.054,0.0061,0.0597,0.0215,0.0125,0.0206,0.0242,0.0634,0.0296,0.023,0.0512,0.017,0.0019,0.0188,0.0349,0.1106,0.1455,Utah
10492036,1049,2036,0.0685,0.0396,0.0653,0.0771,0.2016,0.0942,0.0731,0.1631,0.054,0.0061,0.0598,0.0217,0.0126,0.0207,0.0245,0.064,0.0299,0.0232,0.0518,0.0171,0.0019,0.019,0.0353,0.1111,0.1464,Utah
10492037,1049,2037,0.0687,0.0397,0.0655,0.0775,0.2021,0.0945,0.0733,0.1636,0.054,0.0062,0.06,0.022,0.0127,0.021,0.0248,0.0646,0.0302,0.0234,0.0523,0.0173,0.002,0.0192,0.0357,0.1116,0.1473,Utah
10492038,1049,2038,0.0688,0.0398,0.0656,0.0778,0.2024,0.0948,0.0734,0.164,0.0541,0.0062,0.0601,0.0221,0.0128,0.0211,0.025,0.0652,0.0305,0.0236,0.0528,0.0174,0.002,0.0194,0.0361,0.1121,0.1482,Utah
10492039,1049,2039,0.0689,0.0399,0.0658,0.078,0.2028,0.0951,0.0736,0.1645,0.0541,0.0062,0.0602,0.0224,0.0129,0.0213,0.0253,0.0658,0.0309,0.0239,0.0534,0.0176,0.002,0.0195,0.0365,0.1126,0.1491,Utah
10492040,1049,2040,0.0691,0.04,0.0659,0.0783,0.2033,0.0955,0.0737,0.1649,0.0542,0.0062,0.0603,0.0226,0.0131,0.0215,0.0256,0.0664,0.0312,0.0241,0.0539,0.0177,0.002,0.0197,0.037,0.1131,0.1501,Utah
10492041,1049,2041,0.0692,0.0401,0.0661,0.0787,0.2038,0.0958,0.0739,0.1654,0.0543,0.0062,0.0605,0.0228,0.0132,0.0217,0.0259,0.0671,0.0315,0.0243,0.0544,0.0179,0.002,0.0199,0.0374,0.1136,0.151,Utah
10492042,1049,2042,0.0694,0.0402,0.0662,0.0789,0.2043,0.0961,0.0741,0.1659,0.0543,0.0062,0.0606,0.023,0.0133,0.0219,0.0261,0.0677,0.0318,0.0245,0.0549,0.018,0.0021,0.0201,0.0378,0.1142,0.152,Utah
10492043,1049,2043,0.0696,0.0403,0.0664,0.0792,0.2048,0.0964,0.0743,0.1663,0.0544,0.0062,0.0608,0.0232,0.0134,0.0221,0.0264,0.0683,0.0321,0.0248,0.0555,0.0181,0.0021,0.0203,0.0382,0.1147,0.1529,Utah
10492044,1049,2044,0.0697,0.0404,0.0665,0.0795,0.2053,0.0967,0.0744,0.1668,0.0545,0.0063,0.0609,0.0234,0.0135,0.0223,0.0267,0.0689,0.0325,0.025,0.056,0.0183,0.0021,0.0204,0.0387,0.1152,0.1539,Utah
10492045,1049,2045,0.0699,0.0405,0.0667,0.0798,0.2058,0.097,0.0747,0.1674,0.0546,0.0063,0.0611,0.0236,0.0137,0.0225,0.027,0.0695,0.0328,0.0252,0.0566,0.0184,0.0021,0.0206,0.0391,0.1157,0.1548,Utah
10492046,1049,2046,0.0701,0.0406,0.0669,0.0802,0.2065,0.0973,0.0749,0.168,0.0547,0.0063,0.0613,0.0238,0.0138,0.0228,0.0273,0.0702,0.0331,0.0255,0.0571,0.0186,0.0021,0.0208,0.0395,0.1162,0.1557,Utah
10492047,1049,2047,0.0704,0.0407,0.0671,0.0805,0.2071,0.0977,0.0751,0.1686,0.0548,0.0063,0.0615,0.0241,0.0139,0.023,0.0276,0.0709,0.0334,0.0257,0.0577,0.0188,0.0022,0.021,0.0399,0.1167,0.1566,Utah
10492048,1049,2048,0.0706,0.0409,0.0674,0.0809,0.2078,0.098,0.0754,0.1692,0.0549,0.0063,0.0617,0.0243,0.0141,0.0232,0.0279,0.0716,0.0338,0.026,0.0582,0.0189,0.0022,0.0212,0.0404,0.1172,0.1576,Utah
10492049,1049,2049,0.0709,0.041,0.0676,0.0813,0.2086,0.0984,0.0757,0.1698,0.0551,0.0064,0.0619,0.0245,0.0142,0.0234,0.0282,0.0723,0.0341,0.0262,0.0588,0.0191,0.0022,0.0214,0.0408,0.1177,0.1585,Utah
10492050,1049,2050,0.0711,0.0412,0.0679,0.0817,0.2094,0.0988,0.0759,0.1705,0.0553,0.0064,0.0621,0.0248,0.0143,0.0237,0.0285,0.073,0.0344,0.0265,0.0594,0.0193,0.0022,0.0217,0.0412,0.1182,0.1594,Utah
10492051,1049,2051,0.0714,0.0413,0.0682,0.0821,0.2103,0.0992,0.0763,0.1713,0.0555,0.0064,0.0624,0.025,0.0145,0.0239,0.0288,0.0737,0.0348,0.0267,0.06,0.0194,0.0022,0.0219,0.0416,0.1187,0.1603,Utah
10492052,1049,2052,0.0718,0.0415,0.0685,0.0826,0.2112,0.0997,0.0766,0.1721,0.0557,0.0064,0.0627,0.0253,0.0146,0.0241,0.0291,0.0745,0.0351,0.027,0.0607,0.0196,0.0023,0.0221,0.042,0.1192,0.1612,Utah
10492053,1049,2053,0.0721,0.0417,0.0688,0.0831,0.2122,0.1001,0.077,0.1729,0.0559,0.0065,0.063,0.0256,0.0148,0.0244,0.0295,0.0752,0.0355,0.0273,0.0613,0.0198,0.0023,0.0223,0.0425,0.1197,0.1622,Utah
10492054,1049,2054,0.0724,0.0419,0.0691,0.0835,0.2131,0.1006,0.0773,0.1737,0.0561,0.0065,0.0633,0.0258,0.0149,0.0246,0.0298,0.076,0.0359,0.0276,0.062,0.02,0.0023,0.0226,0.0429,0.1202,0.1631,Utah
10492055,1049,2055,0.0728,0.0421,0.0694,0.084,0.2141,0.101,0.0777,0.1745,0.0563,0.0065,0.0636,0.0261,0.0151,0.0249,0.0301,0.0768,0.0362,0.0279,0.0626,0.0202,0.0023,0.0228,0.0433,0.1208,0.1641,Utah
10492056,1049,2056,0.0731,0.0423,0.0697,0.0845,0.215,0.1015,0.078,0.1753,0.0565,0.0065,0.0638,0.0263,0.0152,0.0251,0.0305,0.0775,0.0366,0.0281,0.0632,0.0204,0.0024,0.023,0.0437,0.1213,0.165,Utah
10492057,1049,2057,0.0733,0.0424,0.07,0.0849,0.2158,0.1019,0.0783,0.1759,0.0566,0.0066,0.0641,0.0266,0.0154,0.0254,0.0308,0.0783,0.0369,0.0284,0.0638,0.0205,0.0024,0.0232,0.0442,0.1218,0.166,Utah
10492058,1049,2058,0.0736,0.0426,0.0702,0.0853,0.2167,0.1023,0.0786,0.1766,0.0568,0.0066,0.0643,0.0268,0.0155,0.0256,0.0311,0.079,0.0373,0.0287,0.0644,0.0207,0.0024,0.0234,0.0446,0.1223,0.1669,Utah
10492059,1049,2059,0.0739,0.0428,0.0705,0.0857,0.2175,0.1027,0.0789,0.1772,0.057,0.0066,0.0646,0.0271,0.0157,0.0258,0.0314,0.0797,0.0376,0.0289,0.065,0.0209,0.0024,0.0237,0.045,0.1228,0.1678,Utah
10492060,1049,2060,0.0742,0.0429,0.0708,0.0861,0.2183,0.1032,0.0792,0.1779,0.0571,0.0066,0.0648,0.0273,0.0158,0.0261,0.0317,0.0804,0.038,0.0292,0.0655,0.021,0.0024,0.0239,0.0454,0.1233,0.1687,Utah
10492061,1049,2061,0.0744,0.0431,0.071,0.0865,0.2191,0.1036,0.0795,0.1785,0.0573,0.0067,0.065,0.0276,0.016,0.0263,0.032,0.0811,0.0384,0.0294,0.0661,0.0212,0.0025,0.0241,0.0458,0.1238,0.1696,Utah
10492062,1049,2062,0.0747,0.0432,0.0713,0.0869,0.2199,0.104,0.0798,0.1791,0.0574,0.0067,0.0653,0.0278,0.0161,0.0265,0.0323,0.0818,0.0387,0.0297,0.0667,0.0214,0.0025,0.0243,0.0463,0.1243,0.1706,Utah
10492063,1049,2063,0.075,0.0434,0.0716,0.0873,0.2207,0.1045,0.08,0.1798,0.0576,0.0067,0.0655,0.0281,0.0162,0.0268,0.0327,0.0826,0.0391,0.0299,0.0673,0.0215,0.0025,0.0245,0.0467,0.1248,0.1715,Utah
10492064,1049,2064,0.0753,0.0436,0.0718,0.0877,0.2215,0.1049,0.0803,0.1804,0.0577,0.0067,0.0658,0.0283,0.0164,0.027,0.033,0.0833,0.0394,0.0302,0.0678,0.0217,0.0025,0.0247,0.0471,0.1253,0.1724,Utah
10492065,1049,2065,0.0755,0.0437,0.0721,0.0881,0.2223,0.1054,0.0806,0.1811,0.0579,0.0068,0.066,0.0285,0.0165,0.0272,0.0333,0.084,0.0398,0.0305,0.0684,0.0219,0.0026,0.0249,0.0475,0.1258,0.1733,Utah
