Geography,Year,Population,Births,Deaths,Natural Change,Net Migration,Population Ages 0-4,Population Ages 5-17,Population Ages 18-24,Population Ages 25-64,Population Ages 65-84,Population Ages 85+,Households,Persons Per Household,Household Population,Group Quarters Population,Median Age
Beaver County,2025,"7,533",92,59,33,161,513,"1,558",855,"3,455","1,075",77,"2,472",2.9,"7,163",369,34.65
Beaver County,2026,"7,577",93,60,32,12,514,"1,516",907,"3,446","1,112",82,"2,516",2.87,"7,226",351,34.82
Beaver County,2027,"7,582",92,61,31,-26,494,"1,502",870,"3,493","1,136",87,"2,561",2.85,"7,287",295,34.92
Beaver County,2028,"7,634",92,62,30,22,483,"1,488",870,"3,516","1,182",95,"2,600",2.82,"7,331",303,35.1
Beaver County,2029,"7,674",91,62,29,10,474,"1,472",847,"3,552","1,228",101,"2,636",2.79,"7,363",311,35.24
Beaver County,2030,"7,702",91,62,29,-1,470,"1,454",822,"3,578","1,273",106,"2,675",2.77,"7,398",304,35.67
Beaver County,2031,"7,723",90,62,28,-7,465,"1,431",812,"3,624","1,285",106,"2,706",2.74,"7,414",308,36.22
Beaver County,2032,"7,739",89,62,27,-10,460,"1,405",806,"3,648","1,305",116,"2,738",2.71,"7,432",307,36.64
Beaver County,2033,"7,754",88,62,26,-11,455,"1,378",774,"3,714","1,307",125,"2,769",2.69,"7,448",306,36.96
Beaver County,2034,"7,769",88,63,24,-10,450,"1,359",747,"3,764","1,308",140,"2,796",2.67,"7,459",310,37.23
Beaver County,2035,"7,784",87,64,23,-8,446,"1,343",727,"3,798","1,310",158,"2,823",2.65,"7,473",311,37.47
Beaver County,2036,"7,800",87,66,21,-5,443,"1,334",704,"3,833","1,315",171,"2,848",2.63,"7,482",318,37.72
Beaver County,2037,"7,818",87,68,19,-2,442,"1,310",703,"3,867","1,315",182,"2,878",2.61,"7,506",312,37.99
Beaver County,2038,"7,839",86,69,17,4,441,"1,287",697,"3,910","1,312",192,"2,906",2.59,"7,526",312,38.5
Beaver County,2039,"7,860",86,71,15,7,439,"1,279",675,"3,949","1,313",205,"2,936",2.57,"7,551",309,38.99
Beaver County,2040,"7,882",85,73,12,10,437,"1,251",677,"3,979","1,322",216,"2,969",2.55,"7,585",298,39.18
Beaver County,2041,"7,904",83,74,9,13,434,"1,233",676,"4,004","1,327",229,"2,998",2.54,"7,608",296,39.67
Beaver County,2042,"7,926",81,75,6,16,429,"1,220",674,"4,021","1,335",246,"3,020",2.52,"7,623",303,40.24
Beaver County,2043,"7,948",79,77,2,20,422,"1,214",674,"4,031","1,346",261,"3,046",2.51,"7,644",304,40.73
Beaver County,2044,"7,969",78,78,0,22,415,"1,209",658,"4,023","1,396",268,"3,068",2.5,"7,660",309,41.12
Beaver County,2045,"7,992",76,79,-4,27,406,"1,204",644,"4,003","1,458",277,"3,097",2.48,"7,688",304,41.58
Beaver County,2046,"8,015",74,81,-7,31,398,"1,200",643,"4,005","1,480",290,"3,121",2.47,"7,709",306,42.05
Beaver County,2047,"8,039",71,81,-10,34,388,"1,194",622,"4,043","1,496",296,"3,153",2.46,"7,744",296,42.49
Beaver County,2048,"8,064",69,83,-13,38,379,"1,189",612,"4,073","1,496",316,"3,180",2.44,"7,770",293,42.93
Beaver County,2049,"8,088",68,83,-16,40,369,"1,182",604,"4,098","1,502",332,"3,208",2.43,"7,797",292,43.31
Beaver County,2050,"8,112",66,84,-18,41,360,"1,174",604,"4,111","1,518",346,"3,232",2.42,"7,818",294,43.7
Beaver County,2051,"8,135",65,85,-20,43,351,"1,165",602,"4,141","1,538",338,"3,259",2.41,"7,841",293,44.07
Beaver County,2052,"8,157",64,85,-21,43,343,"1,153",601,"4,162","1,556",342,"3,283",2.39,"7,860",297,44.55
Beaver County,2053,"8,178",63,86,-23,44,336,"1,139",600,"4,180","1,588",334,"3,309",2.38,"7,880",298,45.05
Beaver County,2054,"8,198",62,86,-24,44,331,"1,123",599,"4,215","1,600",330,"3,336",2.37,"7,901",297,45.52
Beaver County,2055,"8,217",62,86,-24,44,326,"1,105",599,"4,250","1,609",329,"3,364",2.36,"7,925",293,45.99
Beaver County,2056,"8,236",61,86,-25,44,322,"1,085",600,"4,278","1,623",328,"3,390",2.34,"7,943",293,46.41
Beaver County,2057,"8,254",61,87,-26,44,320,"1,063",600,"4,308","1,638",325,"3,413",2.33,"7,956",298,46.84
Beaver County,2058,"8,272",61,88,-26,44,319,"1,042",600,"4,343","1,647",321,"3,439",2.32,"7,974",298,47.25
Beaver County,2059,"8,289",62,88,-26,44,318,"1,021",599,"4,383","1,646",323,"3,462",2.31,"7,987",302,47.65
Beaver County,2060,"8,307",62,88,-26,43,318,"1,000",596,"4,373","1,689",331,"3,489",2.3,"8,007",300,48.03
Beaver County,2061,"8,324",62,88,-26,43,319,981,591,"4,384","1,710",338,"3,513",2.28,"8,023",301,48.42
Beaver County,2062,"8,340",62,89,-26,43,320,963,585,"4,408","1,714",350,"3,540",2.27,"8,044",296,48.82
Beaver County,2063,"8,357",63,89,-26,43,321,947,576,"4,434","1,715",364,"3,563",2.26,"8,060",297,49.22
Beaver County,2064,"8,373",63,90,-27,43,322,933,566,"4,455","1,700",397,"3,587",2.25,"8,077",296,49.61
Beaver County,2065,"8,389",63,91,-28,43,323,922,554,"4,433","1,718",438,"3,610",2.24,"8,095",293,50.01
Box Elder County,2025,"62,339",769,442,327,258,"4,050","13,611","6,318","29,473","8,036",851,"21,329",2.91,"62,172",167,34.52
Box Elder County,2026,"62,901",766,454,312,250,"4,009","13,350","6,622","29,664","8,385",871,"21,741",2.89,"62,735",166,35
Box Elder County,2027,"63,465",763,461,302,262,"3,887","13,165","6,834","29,968","8,708",902,"22,167",2.86,"63,300",165,35.47
Box Elder County,2028,"64,036",762,466,296,275,"3,858","12,936","6,861","30,461","8,961",959,"22,605",2.83,"63,872",165,35.95
Box Elder County,2029,"64,621",762,468,294,291,"3,770","12,826","6,804","31,016","9,197","1,008","23,053",2.8,"64,456",165,36.42
Box Elder County,2030,"65,222",763,469,294,307,"3,770","12,644","6,760","31,612","9,381","1,055","23,506",2.77,"65,055",167,36.88
Box Elder County,2031,"65,844",766,470,296,326,"3,775","12,431","6,748","32,247","9,557","1,085","23,968",2.74,"65,676",168,37.32
Box Elder County,2032,"66,488",770,471,299,346,"3,788","12,210","6,695","32,953","9,670","1,173","24,438",2.71,"66,320",168,37.72
Box Elder County,2033,"67,155",775,474,301,366,"3,809","11,955","6,685","33,640","9,815","1,251","24,916",2.69,"66,989",167,38.11
Box Elder County,2034,"67,841",783,479,304,382,"3,836","11,714","6,661","34,355","9,949","1,326","25,401",2.66,"67,677",165,38.47
Box Elder County,2035,"68,543",792,488,304,398,"3,869","11,559","6,601","35,011","10,088","1,416","25,888",2.64,"68,380",164,38.82
Box Elder County,2036,"69,264",803,501,302,419,"3,909","11,451","6,552","35,612","10,209","1,531","26,374",2.62,"69,102",163,39.14
Box Elder County,2037,"70,023",813,516,296,462,"3,954","11,334","6,525","36,258","10,298","1,653","26,869",2.6,"69,860",162,39.44
Box Elder County,2038,"70,824",821,532,289,513,"4,002","11,244","6,441","36,951","10,395","1,791","27,376",2.58,"70,663",162,39.73
Box Elder County,2039,"71,660",827,546,281,554,"4,048","11,243","6,277","37,629","10,527","1,936","27,889",2.56,"71,499",161,40.01
Box Elder County,2040,"72,512",831,563,268,584,"4,088","11,177","6,160","38,286","10,730","2,070","28,399",2.55,"72,351",161,40.29
Box Elder County,2041,"73,364",833,577,256,596,"4,118","11,206","5,967","38,910","10,958","2,205","28,906",2.53,"73,204",160,40.53
Box Elder County,2042,"74,216",832,591,240,612,"4,137","11,190","5,911","39,397","11,208","2,373","29,408",2.52,"74,058",159,40.77
Box Elder County,2043,"75,075",828,609,219,640,"4,144","11,264","5,811","39,835","11,483","2,537","29,909",2.5,"74,917",158,41.03
Box Elder County,2044,"75,952",821,623,198,679,"4,139","11,356","5,683","40,308","11,766","2,699","30,414",2.49,"75,794",158,41.38
Box Elder County,2045,"76,852",813,640,172,728,"4,123","11,456","5,581","40,744","12,086","2,862","30,924",2.48,"76,695",158,41.74
Box Elder County,2046,"77,778",802,657,145,781,"4,096","11,563","5,558","41,101","12,435","3,025","31,446",2.47,"77,621",158,42.14
Box Elder County,2047,"78,727",791,671,120,829,"4,060","11,671","5,463","41,507","12,850","3,176","31,977",2.46,"78,569",158,42.53
Box Elder County,2048,"79,693",779,689,91,875,"4,017","11,776","5,468","41,843","13,293","3,296","32,517",2.45,"79,535",158,42.93
Box Elder County,2049,"80,665",767,706,61,911,"3,968","11,873","5,421","42,239","13,768","3,397","33,061",2.44,"80,506",159,43.33
Box Elder County,2050,"81,633",755,719,36,932,"3,914","11,957","5,465","42,582","14,253","3,462","33,608",2.42,"81,474",159,43.74
Box Elder County,2051,"82,580",744,736,8,939,"3,858","12,024","5,518","42,969","14,703","3,508","34,151",2.41,"82,420",160,44.17
Box Elder County,2052,"83,501",733,752,-18,939,"3,803","12,070","5,577","43,367","15,135","3,549","34,687",2.4,"83,340",161,44.59
Box Elder County,2053,"84,400",724,767,-43,943,"3,749","12,092","5,644","43,752","15,557","3,607","35,220",2.39,"84,239",161,45.02
Box Elder County,2054,"85,287",716,782,-66,953,"3,700","12,091","5,720","44,101","16,016","3,659","35,753",2.38,"85,125",162,45.45
Box Elder County,2055,"86,166",710,792,-83,962,"3,657","12,065","5,803","44,397","16,509","3,735","36,291",2.37,"86,003",163,45.88
Box Elder County,2056,"87,038",706,807,-101,973,"3,622","12,018","5,891","44,646","17,037","3,824","36,831",2.36,"86,875",163,46.3
Box Elder County,2057,"87,903",704,825,-122,986,"3,595","11,952","5,982","44,884","17,586","3,902","37,373",2.35,"87,739",164,46.69
Box Elder County,2058,"88,759",704,840,-136,992,"3,578","11,869","6,073","45,101","18,143","3,994","37,917",2.34,"88,594",164,47.08
Box Elder County,2059,"89,610",706,855,-149,"1,000","3,571","11,773","6,158","45,348","18,647","4,113","38,464",2.33,"89,445",165,47.45
Box Elder County,2060,"90,462",710,866,-156,"1,008","3,573","11,669","6,234","45,647","19,060","4,280","39,015",2.31,"90,298",165,47.83
Box Elder County,2061,"91,316",715,882,-167,"1,020","3,584","11,561","6,295","45,966","19,439","4,469","39,569",2.3,"91,151",165,48.21
Box Elder County,2062,"92,169",722,899,-177,"1,031","3,605","11,455","6,339","46,303","19,766","4,701","40,125",2.29,"92,004",165,48.6
Box Elder County,2063,"93,023",730,917,-187,"1,041","3,633","11,354","6,365","46,650","20,068","4,953","40,679",2.28,"92,858",165,48.98
Box Elder County,2064,"93,878",739,936,-197,"1,053","3,667","11,263","6,372","47,009","20,360","5,207","41,233",2.27,"93,714",164,49.37
Box Elder County,2065,"94,736",748,956,-208,"1,066","3,706","11,186","6,361","47,361","20,642","5,480","41,785",2.26,"94,572",164,49.76
Cache County,2025,"145,171","1,852",720,"1,132",557,"10,172","27,601","31,326","60,665","13,616","1,792","48,016",2.93,"140,573","4,598",25.78
Cache County,2026,"146,735","1,801",776,"1,025",539,"9,819","26,936","32,316","61,760","14,045","1,859","49,091",2.89,"142,091","4,644",25.99
Cache County,2027,"148,252","1,838",812,"1,025",491,"9,509","26,298","33,023","63,095","14,391","1,936","50,169",2.86,"143,570","4,682",26.17
Cache County,2028,"149,749","1,946",833,"1,113",384,"9,371","25,583","33,317","64,769","14,671","2,038","51,238",2.83,"145,052","4,697",26.36
Cache County,2029,"151,249","2,107",842,"1,266",235,"9,528","24,822","33,222","66,627","14,933","2,117","52,271",2.8,"146,546","4,703",26.58
Cache County,2030,"152,770","2,304",841,"1,463",58,"9,952","24,023","32,930","68,518","15,164","2,184","53,252",2.78,"148,072","4,698",26.81
Cache County,2031,"154,331","2,519",835,"1,684",-124,"10,631","23,195","32,518","70,368","15,361","2,258","54,177",2.76,"149,642","4,689",27.04
Cache County,2032,"155,939","2,734",827,"1,907",-299,"11,475","22,469","31,970","72,138","15,429","2,458","55,029",2.75,"151,256","4,683",27.28
Cache County,2033,"157,600","2,931",819,"2,112",-451,"12,400","21,908","31,358","73,787","15,526","2,620","55,812",2.74,"152,929","4,671",27.49
Cache County,2034,"159,305","3,091",816,"2,275",-570,"13,326","21,664","30,644","75,209","15,663","2,800","56,527",2.74,"154,655","4,651",27.69
Cache County,2035,"161,047","3,198",821,"2,377",-635,"14,170","21,699","29,892","76,490","15,808","2,988","57,183",2.74,"156,421","4,627",27.88
Cache County,2036,"162,831","3,232",837,"2,395",-611,"14,854","22,037","29,186","77,589","15,969","3,196","57,807",2.74,"158,222","4,609",28.06
Cache County,2037,"164,702","3,247",857,"2,391",-520,"15,368","22,637","28,554","78,634","16,103","3,406","58,426",2.74,"160,104","4,597",28.23
Cache County,2038,"166,675","3,248",876,"2,372",-398,"15,714","23,392","28,045","79,669","16,230","3,624","59,048",2.74,"162,069","4,606",28.39
Cache County,2039,"168,726","3,236",892,"2,345",-293,"15,909","24,325","27,601","80,640","16,392","3,859","59,675",2.75,"164,099","4,626",28.53
Cache County,2040,"170,813","3,215",911,"2,304",-216,"15,987","25,399","27,205","81,500","16,635","4,088","60,290",2.76,"166,162","4,651",28.66
Cache County,2041,"172,894","3,185",927,"2,258",-177,"15,997","26,583","26,913","82,175","16,930","4,297","60,883",2.76,"168,224","4,671",28.78
Cache County,2042,"174,973","3,148",942,"2,206",-128,"15,947","27,924","26,645","82,662","17,273","4,522","61,464",2.77,"170,297","4,675",28.89
Cache County,2043,"177,062","3,105",961,"2,144",-55,"15,846","29,345","26,450","83,076","17,594","4,750","62,039",2.78,"172,385","4,676",28.99
Cache County,2044,"179,191","3,060",975,"2,085",44,"15,712","30,819","26,284","83,501","17,909","4,966","62,623",2.79,"174,500","4,691",29.09
Cache County,2045,"181,374","3,017",993,"2,023",160,"15,556","32,258","26,105","83,998","18,266","5,191","63,230",2.79,"176,650","4,724",29.16
Cache County,2046,"183,615","2,977","1,011","1,966",275,"15,390","33,599","25,974","84,617","18,611","5,424","63,873",2.8,"178,837","4,778",29.21
Cache County,2047,"185,907","2,944","1,024","1,920",372,"15,225","34,785","25,969","85,340","18,963","5,625","64,558",2.8,"181,052","4,855",29.23
Cache County,2048,"188,236","2,919","1,043","1,876",453,"15,070","35,772","26,187","86,132","19,270","5,805","65,283",2.81,"183,278","4,958",29.24
Cache County,2049,"190,577","2,903","1,060","1,842",498,"14,933","36,525","26,761","86,905","19,493","5,959","66,046",2.81,"185,496","5,081",29.26
Cache County,2050,"192,904","2,896","1,072","1,824",503,"14,818","37,024","27,697","87,582","19,699","6,084","66,846",2.81,"187,685","5,219",29.29
Cache County,2051,"195,177","2,901","1,089","1,813",461,"14,731","37,262","28,973","88,239","19,787","6,185","67,671",2.8,"189,812","5,365",29.32
Cache County,2052,"197,385","2,917","1,104","1,813",395,"14,677","37,258","30,478","88,878","19,815","6,279","68,519",2.8,"191,874","5,511",29.33
Cache County,2053,"199,539","2,945","1,119","1,826",329,"14,663","37,056","32,075","89,491","19,889","6,365","69,396",2.79,"193,891","5,649",29.28
Cache County,2054,"201,661","2,984","1,133","1,851",270,"14,696","36,730","33,610","90,255","19,879","6,491","70,305",2.79,"195,889","5,772",29.16
Cache County,2055,"203,761","3,033","1,141","1,893",208,"14,779","36,303","34,996","91,433","19,612","6,638","71,247",2.78,"197,879","5,882",28.97
Cache County,2056,"205,842","3,093","1,153","1,940",141,"14,913","35,810","36,155","92,671","19,472","6,822","72,218",2.77,"199,864","5,978",28.76
Cache County,2057,"207,903","3,162","1,171","1,992",69,"15,097","35,283","37,030","94,292","19,207","6,993","73,216",2.76,"201,848","6,055",28.59
Cache County,2058,"209,941","3,238","1,182","2,056",-18,"15,330","34,754","37,598","96,181","18,916","7,162","74,228",2.75,"203,823","6,118",28.48
Cache County,2059,"211,967","3,318","1,193","2,125",-99,"15,606","34,258","37,866","98,220","18,653","7,363","75,249",2.73,"205,801","6,167",28.45
Cache County,2060,"213,994","3,400","1,199","2,201",-175,"15,918","33,827","37,880","100,283","18,462","7,624","76,273",2.72,"207,788","6,205",28.47
Cache County,2061,"216,020","3,480","1,210","2,270",-244,"16,257","33,489","37,718","102,140","18,502","7,914","77,290",2.71,"209,786","6,235",28.55
Cache County,2062,"218,046","3,556","1,222","2,335",-309,"16,611","33,264","37,428","103,575","18,912","8,255","78,290",2.71,"211,790","6,256",28.66
Cache County,2063,"220,071","3,626","1,233","2,393",-368,"16,967","33,166","37,044","105,051","19,247","8,594","79,269",2.7,"213,802","6,269",28.81
Cache County,2064,"222,097","3,688","1,244","2,444",-417,"17,315","33,205","36,595","106,546","19,513","8,922","80,216",2.69,"215,814","6,283",28.97
Cache County,2065,"224,129","3,741","1,256","2,486",-454,"17,644","33,383","36,110","107,607","20,106","9,279","81,131",2.68,"217,831","6,297",29.14
Carbon County,2025,"20,428",196,232,-36,22,"1,143","3,791","2,277","9,182","3,668",367,"7,933",2.56,"20,310",118,39.25
Carbon County,2026,"20,443",193,235,-42,57,"1,098","3,702","2,490","9,059","3,724",370,"7,970",2.54,"20,274",169,39.55
Carbon County,2027,"20,480",193,237,-44,81,"1,060","3,628","2,642","8,999","3,773",378,"8,018",2.53,"20,260",220,39.83
Carbon County,2028,"20,493",197,239,-42,55,"1,044","3,574","2,604","9,084","3,789",399,"8,076",2.51,"20,273",220,40.06
Carbon County,2029,"20,442",203,240,-38,-13,"1,048","3,499","2,569","9,113","3,796",417,"8,128",2.49,"20,274",168,40.27
Carbon County,2030,"20,416",210,241,-31,6,"1,063","3,417","2,545","9,171","3,788",432,"8,186",2.48,"20,300",116,40.5
Carbon County,2031,"20,469",218,242,-24,77,"1,091","3,331","2,542","9,296","3,760",450,"8,250",2.47,"20,353",117,40.74
Carbon County,2032,"20,547",226,242,-16,94,"1,128","3,270","2,506","9,440","3,706",498,"8,318",2.46,"20,430",117,40.96
Carbon County,2033,"20,647",234,243,-10,109,"1,170","3,237","2,446","9,599","3,659",536,"8,388",2.45,"20,530",117,41.13
Carbon County,2034,"20,763",241,245,-4,121,"1,213","3,210","2,406","9,727","3,634",573,"8,460",2.44,"20,646",117,41.16
Carbon County,2035,"20,887",246,247,-1,126,"1,254","3,204","2,380","9,821","3,618",611,"8,530",2.44,"20,771",117,41.09
Carbon County,2036,"21,009",249,250,-2,124,"1,290","3,192","2,364","9,907","3,614",644,"8,596",2.43,"20,893",117,41
Carbon County,2037,"21,149",250,254,-4,144,"1,319","3,183","2,348","10,022","3,603",673,"8,665",2.43,"21,032",117,40.88
Carbon County,2038,"21,296",250,258,-8,155,"1,340","3,189","2,321","10,131","3,615",700,"8,735",2.42,"21,178",118,40.75
Carbon County,2039,"21,464",252,261,-10,178,"1,356","3,218","2,308","10,229","3,613",740,"8,811",2.42,"21,346",118,40.5
Carbon County,2040,"21,643",253,265,-12,191,"1,367","3,261","2,315","10,296","3,626",778,"8,889",2.42,"21,525",118,40.25
Carbon County,2041,"21,828",253,267,-14,200,"1,375","3,324","2,302","10,370","3,646",811,"8,967",2.42,"21,711",117,39.44
Carbon County,2042,"22,019",252,269,-17,207,"1,379","3,408","2,286","10,418","3,680",848,"9,045",2.42,"21,902",117,39.42
Carbon County,2043,"22,215",251,272,-21,217,"1,383","3,497","2,253","10,474","3,737",871,"9,122",2.42,"22,099",116,39.61
Carbon County,2044,"22,402",250,274,-24,212,"1,382","3,589","2,204","10,532","3,815",880,"9,195",2.42,"22,287",116,39.8
Carbon County,2045,"22,593",249,277,-28,218,"1,379","3,683","2,159","10,571","3,924",876,"9,266",2.43,"22,477",115,39.99
Carbon County,2046,"22,799",248,279,-31,237,"1,376","3,777","2,133","10,606","4,029",878,"9,340",2.43,"22,683",115,40.15
Carbon County,2047,"23,017",247,280,-34,252,"1,372","3,865","2,120","10,635","4,143",882,"9,419",2.43,"22,901",116,40.34
Carbon County,2048,"23,244",245,283,-38,265,"1,367","3,945","2,134","10,649","4,270",878,"9,501",2.43,"23,127",116,40.55
Carbon County,2049,"23,482",243,285,-42,281,"1,362","4,015","2,176","10,683","4,375",870,"9,588",2.44,"23,365",117,40.76
Carbon County,2050,"23,708",242,286,-44,270,"1,356","4,070","2,231","10,719","4,477",855,"9,675",2.44,"23,590",118,40.95
Carbon County,2051,"23,926",241,287,-47,265,"1,347","4,110","2,300","10,765","4,572",832,"9,763",2.44,"23,806",120,41.09
Carbon County,2052,"24,138",241,289,-48,261,"1,340","4,136","2,377","10,814","4,659",813,"9,853",2.44,"24,017",121,41.23
Carbon County,2053,"24,345",241,291,-50,257,"1,334","4,149","2,457","10,872","4,736",797,"9,946",2.44,"24,223",122,41.4
Carbon County,2054,"24,537",242,293,-51,244,"1,330","4,149","2,532","10,934","4,798",794,"10,039",2.43,"24,414",123,41.6
Carbon County,2055,"24,713",242,294,-51,227,"1,328","4,139","2,599","10,979","4,871",798,"10,131",2.43,"24,588",125,41.81
Carbon County,2056,"24,858",244,296,-52,198,"1,326","4,118","2,651","11,008","4,946",808,"10,217",2.42,"24,732",126,42
Carbon County,2057,"24,986",245,299,-54,182,"1,326","4,091","2,692","11,042","5,021",815,"10,298",2.41,"24,860",126,42.13
Carbon County,2058,"25,103",247,301,-54,171,"1,328","4,059","2,721","11,112","5,050",834,"10,378",2.41,"24,976",127,42.27
Carbon County,2059,"25,218",248,303,-55,169,"1,333","4,025","2,739","11,215","5,052",853,"10,458",2.4,"25,090",128,42.39
Carbon County,2060,"25,331",250,304,-54,168,"1,340","3,992","2,747","11,334","5,037",881,"10,538",2.39,"25,203",128,42.52
Carbon County,2061,"25,452",252,307,-55,175,"1,348","3,963","2,750","11,466","5,015",910,"10,621",2.38,"25,323",129,42.68
Carbon County,2062,"25,566",254,310,-55,170,"1,358","3,937","2,746","11,594","4,985",948,"10,701",2.38,"25,437",129,42.85
Carbon County,2063,"25,687",256,313,-56,178,"1,368","3,916","2,740","11,732","4,943",989,"10,783",2.37,"25,559",129,43.01
Carbon County,2064,"25,806",258,316,-58,176,"1,379","3,898","2,730","11,890","4,877","1,032","10,862",2.36,"25,677",129,43.13
Carbon County,2065,"25,926",260,319,-59,180,"1,389","3,886","2,716","12,040","4,814","1,082","10,941",2.36,"25,798",129,43.24
Daggett County,2025,984,4,8,-4,5,35,145,94,429,257,23,424,2.32,984,0,48.37
Daggett County,2026,984,4,8,-4,5,25,144,102,421,263,29,430,2.29,984,0,49.01
Daggett County,2027,985,4,9,-5,5,21,138,103,423,268,31,435,2.26,985,0,49.58
Daggett County,2028,985,5,9,-5,5,20,132,95,435,267,35,440,2.24,985,0,50.11
Daggett County,2029,986,5,10,-5,5,22,125,90,443,264,41,445,2.22,986,0,50.52
Daggett County,2030,986,6,11,-5,6,24,118,90,444,263,47,449,2.2,986,0,50.87
Daggett County,2031,987,7,12,-5,6,28,111,86,446,268,49,452,2.18,987,0,51.25
Daggett County,2032,987,8,13,-5,6,32,105,82,449,266,54,455,2.17,987,0,51.55
Daggett County,2033,989,9,14,-5,8,36,99,79,457,260,59,457,2.17,989,0,51.7
Daggett County,2034,992,9,15,-6,8,41,94,77,465,255,62,459,2.16,992,0,51.68
Daggett County,2035,995,10,16,-6,8,45,90,75,474,251,61,461,2.16,995,0,51.71
Daggett County,2036,996,10,16,-6,7,48,89,72,480,244,63,462,2.16,996,0,51.82
Daggett County,2037,998,10,16,-6,7,50,88,70,481,240,68,463,2.16,998,0,51.83
Daggett County,2038,999,10,16,-6,8,52,91,66,484,235,72,464,2.15,999,0,51.46
Daggett County,2039,"1,002",10,16,-6,8,52,87,71,487,229,76,465,2.16,"1,002",0,51.22
Daggett County,2040,"1,004",10,17,-6,9,53,88,68,493,226,76,466,2.16,"1,004",0,51.11
Daggett County,2041,"1,007",10,17,-7,10,53,93,62,498,226,75,466,2.16,"1,007",0,50.83
Daggett County,2042,"1,010",10,17,-7,10,53,100,58,496,229,74,467,2.16,"1,010",0,49.81
Daggett County,2043,"1,014",10,17,-7,10,52,108,54,495,234,71,467,2.17,"1,014",0,48.9
Daggett County,2044,"1,017",9,17,-7,10,51,115,49,497,234,71,467,2.18,"1,017",0,47.85
Daggett County,2045,"1,020",9,17,-8,11,50,123,46,494,233,74,467,2.19,"1,020",0,47.01
Daggett County,2046,"1,024",9,17,-8,11,49,130,37,499,234,76,467,2.19,"1,024",0,46.64
Daggett County,2047,"1,027",9,17,-8,12,48,136,34,501,234,75,467,2.2,"1,027",0,46.19
Daggett County,2048,"1,031",9,17,-8,12,47,141,34,501,237,72,467,2.21,"1,031",0,46.17
Daggett County,2049,"1,035",8,17,-8,12,46,145,37,497,241,70,467,2.22,"1,035",0,46.49
Daggett County,2050,"1,039",8,17,-8,12,45,147,42,493,243,69,467,2.22,"1,039",0,46.87
Daggett County,2051,"1,043",8,17,-8,12,44,148,48,492,241,69,468,2.23,"1,043",0,47.24
Daggett County,2052,"1,047",8,16,-8,12,43,148,55,495,237,69,468,2.24,"1,047",0,47.51
Daggett County,2053,"1,050",8,16,-9,12,43,148,61,494,239,66,469,2.24,"1,050",0,47.76
Daggett County,2054,"1,054",8,16,-8,12,42,146,67,494,241,64,470,2.24,"1,054",0,48.09
Daggett County,2055,"1,057",8,16,-8,11,42,144,72,495,244,60,471,2.24,"1,057",0,48.41
Daggett County,2056,"1,059",8,16,-8,11,42,142,77,499,243,57,472,2.24,"1,059",0,48.75
Daggett County,2057,"1,061",8,16,-8,10,42,139,80,507,236,57,473,2.24,"1,061",0,49.13
Daggett County,2058,"1,062",8,16,-8,9,42,136,82,514,230,58,475,2.24,"1,062",0,49.5
Daggett County,2059,"1,063",8,16,-8,9,43,133,83,522,226,56,476,2.23,"1,063",0,49.86
Daggett County,2060,"1,065",9,16,-8,9,43,130,83,531,222,55,477,2.23,"1,065",0,50.18
Daggett County,2061,"1,066",9,16,-7,9,44,128,83,541,216,55,479,2.23,"1,066",0,50.45
Daggett County,2062,"1,068",9,16,-7,9,44,126,82,552,207,57,481,2.22,"1,068",0,50.7
Daggett County,2063,"1,070",9,16,-7,9,45,125,81,560,202,59,483,2.22,"1,070",0,50.94
Daggett County,2064,"1,072",9,16,-7,9,45,123,79,566,200,59,484,2.21,"1,072",0,51.19
Daggett County,2065,"1,075",9,16,-7,9,45,123,77,571,197,61,486,2.21,"1,075",0,51.39
Davis County,2025,"381,508","4,377","2,202","2,175",761,"23,135","82,516","40,725","188,975","41,916","4,241","126,419",3,"379,020","2,488",34.26
Davis County,2026,"384,071","4,287","2,265","2,022",541,"22,578","80,551","42,638","190,370","43,605","4,329","128,741",2.96,"381,539","2,533",34.76
Davis County,2027,"386,523","4,254","2,314","1,941",511,"21,948","78,785","43,773","192,404","45,153","4,460","131,092",2.93,"383,946","2,577",35.26
Davis County,2028,"389,016","4,271","2,354","1,918",576,"21,593","76,896","43,899","195,483","46,437","4,708","133,496",2.89,"386,394","2,622",35.75
Davis County,2029,"391,675","4,328","2,387","1,941",717,"21,417","75,099","43,794","198,862","47,590","4,913","135,972",2.86,"389,004","2,670",36.21
Davis County,2030,"394,587","4,415","2,417","1,999",914,"21,485","73,219","43,674","202,484","48,630","5,095","138,533",2.83,"391,870","2,717",36.64
Davis County,2031,"397,818","4,524","2,446","2,078","1,152","21,767","71,245","43,482","206,489","49,571","5,264","141,183",2.8,"395,047","2,771",37.05
Davis County,2032,"401,390","4,646","2,478","2,168","1,404","22,211","69,275","43,243","210,640","50,231","5,790","143,923",2.77,"398,566","2,825",37.42
Davis County,2033,"405,288","4,770","2,515","2,255","1,643","22,766","67,411","42,946","214,918","51,033","6,214","146,743",2.74,"402,410","2,879",37.76
Davis County,2034,"409,448","4,888","2,560","2,328","1,832","23,380","65,741","42,733","218,930","52,010","6,655","149,619",2.72,"406,514","2,934",38.06
Davis County,2035,"413,783","4,991","2,616","2,374","1,960","24,000","64,542","42,263","222,675","53,242","7,062","152,517",2.69,"410,793","2,990",38.34
Davis County,2036,"418,218","5,067","2,687","2,381","2,054","24,572","63,735","41,692","226,140","54,590","7,488","155,403",2.67,"415,165","3,053",38.6
Davis County,2037,"422,864","5,131","2,771","2,360","2,286","25,085","63,261","40,972","229,896","55,695","7,955","158,315",2.65,"419,751","3,113",38.83
Davis County,2038,"427,761","5,184","2,857","2,327","2,570","25,529","63,029","40,127","233,888","56,732","8,456","161,269",2.63,"424,591","3,170",39.04
Davis County,2039,"432,847","5,225","2,930","2,296","2,790","25,895","63,334","38,889","237,834","57,875","9,020","164,237",2.62,"429,616","3,231",39.24
Davis County,2040,"438,019","5,253","3,017","2,236","2,936","26,180","63,727","37,744","241,479","59,312","9,578","167,172",2.6,"434,724","3,295",39.41
Davis County,2041,"443,172","5,266","3,090","2,176","2,977","26,392","64,432","36,451","244,803","60,957","10,137","170,053",2.59,"439,811","3,361",39.6
Davis County,2042,"448,313","5,261","3,162","2,099","3,042","26,529","65,325","35,378","247,420","62,933","10,728","172,885",2.57,"444,887","3,427",39.84
Davis County,2043,"453,479","5,237","3,249","1,988","3,177","26,589","66,431","34,433","249,651","65,051","11,324","175,673",2.56,"449,985","3,494",40.16
Davis County,2044,"458,740","5,199","3,319","1,880","3,381","26,577","67,697","33,562","251,674","67,349","11,880","178,456",2.55,"455,176","3,564",40.5
Davis County,2045,"464,130","5,147","3,404","1,743","3,647","26,498","69,056","32,747","253,552","69,880","12,396","181,246",2.54,"460,493","3,636",40.84
Davis County,2046,"469,659","5,087","3,489","1,598","3,932","26,355","70,439","32,383","255,188","72,323","12,972","184,048",2.53,"465,938","3,721",41.18
Davis County,2047,"475,312","5,019","3,555","1,464","4,189","26,154","71,780","32,089","256,968","74,844","13,477","186,886",2.52,"471,513","3,798",41.53
Davis County,2048,"481,052","4,945","3,640","1,305","4,434","25,904","73,025","32,150","258,648","77,454","13,871","189,744",2.51,"477,168","3,884",41.89
Davis County,2049,"486,817","4,868","3,722","1,146","4,619","25,611","74,125","32,466","260,449","80,020","14,146","192,614",2.51,"482,842","3,974",42.26
Davis County,2050,"492,545","4,790","3,785","1,005","4,724","25,283","75,039","33,063","262,225","82,598","14,338","195,491",2.5,"488,473","4,072",42.64
Davis County,2051,"498,140","4,714","3,868",847,"4,748","24,928","75,737","33,889","264,012","85,118","14,455","198,348",2.49,"493,966","4,174",43.03
Davis County,2052,"503,569","4,641","3,950",692,"4,737","24,560","76,211","34,864","265,816","87,497","14,621","201,184",2.48,"499,294","4,275",43.4
Davis County,2053,"508,865","4,575","4,031",544,"4,752","24,194","76,476","35,919","267,600","89,857","14,819","204,014",2.47,"504,489","4,376",43.78
Davis County,2054,"514,077","4,517","4,114",404,"4,808","23,850","76,562","36,991","269,367","92,166","15,141","206,859",2.46,"509,596","4,481",44.16
Davis County,2055,"519,234","4,471","4,176",295,"4,863","23,539","76,481","38,035","271,054","94,509","15,617","209,735",2.45,"514,648","4,586",44.52
Davis County,2056,"524,343","4,437","4,262",176,"4,933","23,274","76,249","39,019","272,743","96,868","16,188","212,640",2.44,"519,649","4,694",44.89
Davis County,2057,"529,399","4,418","4,370",48,"5,007","23,066","75,883","39,923","274,558","99,328","16,641","215,563",2.43,"524,598","4,801",45.25
Davis County,2058,"534,398","4,414","4,458",-44,"5,044","22,918","75,394","40,727","276,685","101,584","17,091","218,504",2.42,"529,492","4,906",45.61
Davis County,2059,"539,365","4,424","4,549",-125,"5,092","22,838","74,806","41,422","279,025","103,614","17,659","221,468",2.41,"534,354","5,011",45.97
Davis County,2060,"544,331","4,448","4,620",-172,"5,137","22,828","74,148","42,006","281,525","105,393","18,431","224,461",2.4,"539,210","5,120",46.33
Davis County,2061,"549,295","4,485","4,719",-234,"5,198","22,887","73,451","42,484","284,318","106,824","19,330","227,476",2.39,"544,072","5,223",46.68
Davis County,2062,"554,256","4,532","4,822",-290,"5,250","23,012","72,747","42,848","287,152","108,054","20,443","230,496",2.38,"548,925","5,331",47.03
Davis County,2063,"559,212","4,588","4,927",-339,"5,296","23,196","72,064","43,089","290,105","109,133","21,626","233,509",2.37,"553,766","5,447",47.36
Davis County,2064,"564,172","4,651","5,035",-384,"5,344","23,431","71,432","43,206","293,177","110,061","22,865","236,513",2.36,"558,604","5,568",47.68
Davis County,2065,"569,141","4,720","5,146",-426,"5,396","23,710","70,878","43,200","296,220","110,937","24,196","239,507",2.35,"563,450","5,692",47.96
Duchesne County,2025,"20,186",225,165,60,-45,"1,298","4,726","2,119","9,208","2,579",256,"6,921",2.9,"20,097",89,34.34
Duchesne County,2026,"20,770",216,170,46,537,"1,263","4,564","2,330","9,690","2,655",267,"7,012",2.87,"20,139",631,35.09
Duchesne County,2027,"21,386",213,173,41,576,"1,187","4,481","2,466","10,247","2,732",273,"7,118",2.84,"20,213","1,173",35.75
Duchesne County,2028,"21,494",216,175,41,67,"1,134","4,387","2,490","10,414","2,784",284,"7,235",2.81,"20,320","1,174",36.1
Duchesne County,2029,"21,090",223,176,47,-451,"1,106","4,289","2,448","10,143","2,810",294,"7,364",2.78,"20,457",634,36.16
Duchesne County,2030,"20,712",233,177,56,-435,"1,120","4,164","2,412","9,901","2,811",304,"7,501",2.75,"20,618",93,36.17
Duchesne County,2031,"20,894",245,178,68,114,"1,153","4,024","2,443","10,131","2,830",312,"7,646",2.72,"20,799",94,36.39
Duchesne County,2032,"21,085",258,178,80,112,"1,200","3,878","2,452","10,381","2,838",336,"7,793",2.69,"20,990",95,36.53
Duchesne County,2033,"21,273",270,179,91,97,"1,254","3,735","2,430","10,649","2,856",349,"7,938",2.67,"21,177",96,36.61
Duchesne County,2034,"21,441",281,181,100,67,"1,310","3,616","2,403","10,868","2,875",368,"8,074",2.64,"21,345",96,36.66
Duchesne County,2035,"21,568",290,183,106,21,"1,361","3,510","2,359","11,056","2,895",387,"8,193",2.62,"21,472",96,36.71
Duchesne County,2036,"21,632",294,187,107,-43,"1,401","3,404","2,313","11,179","2,931",403,"8,288",2.6,"21,536",96,36.84
Duchesne County,2037,"21,689",297,191,106,-50,"1,432","3,317","2,258","11,293","2,962",427,"8,376",2.58,"21,592",96,37.03
Duchesne County,2038,"21,767",297,194,102,-23,"1,455","3,241","2,203","11,438","2,981",449,"8,467",2.56,"21,671",96,37.16
Duchesne County,2039,"21,871",294,197,97,7,"1,469","3,258","2,077","11,570","3,025",472,"8,561",2.54,"21,775",96,37.39
Duchesne County,2040,"21,990",289,201,88,31,"1,471","3,249","2,006","11,693","3,084",487,"8,656",2.53,"21,894",96,37.69
Duchesne County,2041,"22,136",283,204,79,67,"1,466","3,267","1,945","11,823","3,124",512,"8,759",2.52,"22,041",96,38.04
Duchesne County,2042,"22,304",277,207,70,98,"1,453","3,312","1,877","11,941","3,174",548,"8,867",2.5,"22,209",95,38.41
Duchesne County,2043,"22,483",270,211,60,119,"1,433","3,393","1,784","12,039","3,252",582,"8,975",2.49,"22,388",95,38.76
Duchesne County,2044,"22,649",261,213,47,118,"1,403","3,481","1,692","12,104","3,358",610,"9,076",2.48,"22,553",95,39.11
Duchesne County,2045,"22,812",251,217,34,129,"1,368","3,570","1,592","12,168","3,486",629,"9,174",2.48,"22,717",95,39.47
Duchesne County,2046,"22,981",241,220,21,149,"1,328","3,656","1,572","12,167","3,619",639,"9,274",2.47,"22,886",95,39.84
Duchesne County,2047,"23,169",231,222,9,179,"1,286","3,735","1,518","12,242","3,741",647,"9,381",2.46,"23,074",95,40.24
Duchesne County,2048,"23,372",224,226,-1,204,"1,243","3,804","1,494","12,328","3,846",656,"9,492",2.45,"23,276",95,40.66
Duchesne County,2049,"23,578",218,229,-11,217,"1,203","3,854","1,497","12,435","3,926",662,"9,607",2.44,"23,482",96,41.09
Duchesne County,2050,"23,778",212,231,-19,219,"1,166","3,881","1,543","12,511","4,021",655,"9,722",2.44,"23,682",96,41.51
Duchesne County,2051,"23,969",207,234,-27,218,"1,132","3,885","1,608","12,568","4,132",645,"9,837",2.43,"23,872",97,41.94
Duchesne County,2052,"24,155",204,236,-32,218,"1,104","3,866","1,685","12,627","4,236",637,"9,955",2.42,"24,057",98,42.36
Duchesne County,2053,"24,340",202,239,-37,222,"1,080","3,830","1,768","12,693","4,340",628,"10,075",2.41,"24,241",98,42.79
Duchesne County,2054,"24,509",202,242,-41,210,"1,063","3,776","1,849","12,765","4,431",624,"10,194",2.39,"24,410",99,43.22
Duchesne County,2055,"24,659",202,244,-42,193,"1,051","3,706","1,925","12,840","4,515",622,"10,309",2.38,"24,560",100,43.65
Duchesne County,2056,"24,780",204,247,-43,164,"1,045","3,619","1,989","12,895","4,604",629,"10,416",2.37,"24,680",100,44.09
Duchesne County,2057,"24,855",205,251,-46,121,"1,042","3,519","2,036","12,935","4,684",638,"10,509",2.36,"24,754",101,44.56
Duchesne County,2058,"24,918",207,254,-47,110,"1,044","3,418","2,066","12,997","4,750",643,"10,598",2.34,"24,817",101,45.03
Duchesne County,2059,"24,988",210,257,-48,117,"1,050","3,321","2,081","13,085","4,787",664,"10,689",2.33,"24,886",101,45.49
Duchesne County,2060,"25,066",212,260,-48,126,"1,059","3,231","2,084","13,208","4,794",690,"10,784",2.31,"24,965",101,45.95
Duchesne County,2061,"25,155",214,263,-49,138,"1,070","3,150","2,074","13,364","4,786",711,"10,882",2.3,"25,054",101,46.39
Duchesne County,2062,"25,252",217,267,-50,147,"1,084","3,081","2,051","13,539","4,755",742,"10,981",2.29,"25,151",102,46.82
Duchesne County,2063,"25,355",219,270,-52,154,"1,096","3,026","2,015","13,728","4,703",787,"11,081",2.28,"25,253",102,47.21
Duchesne County,2064,"25,462",220,274,-54,161,"1,108","2,985","1,969","13,907","4,652",841,"11,180",2.27,"25,360",101,47.58
Duchesne County,2065,"25,571",221,278,-57,167,"1,119","2,957","1,916","14,057","4,621",901,"11,277",2.26,"25,470",101,47.93
Emery County,2025,"10,193",103,109,-7,287,604,"1,921","1,121","4,582","1,784",180,"3,805",2.59,"9,849",344,38.8
Emery County,2026,"10,023",102,113,-11,-159,599,"1,852","1,162","4,421","1,800",190,"3,830",2.57,"9,840",184,38.8
Emery County,2027,"10,092",102,115,-13,81,578,"1,812","1,200","4,500","1,806",197,"3,859",2.55,"9,839",253,38.89
Emery County,2028,"9,913",104,116,-12,-166,552,"1,790","1,182","4,396","1,789",205,"3,888",2.53,"9,839",75,38.81
Emery County,2029,"9,937",106,116,-10,34,548,"1,774","1,154","4,469","1,785",207,"3,929",2.51,"9,879",58,38.83
Emery County,2030,"9,979",108,116,-8,50,556,"1,746","1,130","4,565","1,775",207,"3,969",2.5,"9,921",58,38.91
Emery County,2031,"10,024",111,115,-4,49,567,"1,719","1,103","4,660","1,769",205,"4,009",2.49,"9,966",58,38.96
Emery County,2032,"10,074",114,115,0,50,581,"1,699","1,067","4,757","1,745",225,"4,048",2.47,"10,016",58,38.86
Emery County,2033,"10,128",117,114,3,51,596,"1,685","1,026","4,858","1,724",239,"4,087",2.46,"10,070",58,38.73
Emery County,2034,"10,186",120,114,6,52,611,"1,682",986,"4,945","1,711",252,"4,124",2.46,"10,128",58,38.66
Emery County,2035,"10,245",121,114,7,52,624,"1,685",953,"5,018","1,700",266,"4,160",2.45,"10,187",58,38.63
Emery County,2036,"10,303",122,115,7,51,635,"1,679",945,"5,069","1,691",283,"4,194",2.44,"10,245",58,38.66
Emery County,2037,"10,369",122,117,5,61,644,"1,689",922,"5,128","1,695",292,"4,229",2.44,"10,311",58,38.65
Emery County,2038,"10,439",121,118,2,67,650,"1,704",902,"5,191","1,688",305,"4,263",2.44,"10,381",58,38.56
Emery County,2039,"10,519",121,119,1,78,653,"1,728",888,"5,247","1,684",320,"4,299",2.43,"10,461",58,38.45
Emery County,2040,"10,603",120,120,0,85,654,"1,738",894,"5,301","1,682",334,"4,336",2.43,"10,545",58,38.47
Emery County,2041,"10,691",119,121,-2,90,653,"1,742",916,"5,342","1,694",344,"4,376",2.43,"10,633",58,38.65
Emery County,2042,"10,782",118,122,-4,94,650,"1,764",924,"5,372","1,717",354,"4,417",2.43,"10,724",58,38.9
Emery County,2043,"10,875",116,122,-6,99,646,"1,796",913,"5,415","1,736",369,"4,459",2.43,"10,817",58,39.19
Emery County,2044,"10,963",115,123,-8,97,641,"1,829",912,"5,430","1,774",378,"4,500",2.42,"10,905",58,39.49
Emery County,2045,"11,054",113,124,-10,101,634,"1,862",911,"5,447","1,817",383,"4,540",2.42,"10,996",58,39.8
Emery County,2046,"11,152",112,124,-12,110,627,"1,894",916,"5,475","1,852",387,"4,583",2.42,"11,094",58,40.09
Emery County,2047,"11,255",111,124,-13,116,621,"1,923",907,"5,528","1,894",381,"4,627",2.42,"11,197",58,40.4
Emery County,2048,"11,362",110,124,-15,122,616,"1,949",895,"5,598","1,935",370,"4,673",2.42,"11,304",58,40.7
Emery County,2049,"11,476",109,125,-16,129,611,"1,969",904,"5,664","1,968",359,"4,722",2.42,"11,418",58,41.02
Emery County,2050,"11,583",108,124,-16,123,606,"1,982",927,"5,723","1,999",344,"4,770",2.42,"11,525",58,41.31
Emery County,2051,"11,686",108,124,-16,119,602,"1,988",956,"5,783","2,026",331,"4,819",2.41,"11,628",58,41.59
Emery County,2052,"11,787",109,124,-15,116,599,"1,988",987,"5,849","2,044",320,"4,870",2.41,"11,729",58,41.86
Emery County,2053,"11,885",109,124,-15,113,597,"1,981","1,018","5,919","2,061",309,"4,921",2.4,"11,827",58,42.09
Emery County,2054,"11,976",110,124,-14,105,597,"1,968","1,047","5,991","2,072",302,"4,973",2.4,"11,918",58,42.34
Emery County,2055,"12,059",111,124,-13,96,598,"1,951","1,071","6,057","2,086",297,"5,024",2.39,"12,001",58,42.6
Emery County,2056,"12,128",112,124,-12,81,600,"1,930","1,088","6,108","2,106",296,"5,072",2.38,"12,070",58,42.87
Emery County,2057,"12,189",114,125,-11,72,603,"1,907","1,100","6,157","2,124",297,"5,117",2.37,"12,131",58,43.12
Emery County,2058,"12,244",115,125,-10,66,607,"1,883","1,107","6,218","2,130",299,"5,161",2.36,"12,186",58,43.36
Emery County,2059,"12,299",116,125,-9,64,612,"1,860","1,108","6,292","2,123",304,"5,205",2.35,"12,241",58,43.57
Emery County,2060,"12,352",117,125,-8,62,617,"1,840","1,104","6,365","2,117",310,"5,249",2.34,"12,294",58,43.75
Emery County,2061,"12,410",118,126,-8,65,623,"1,823","1,096","6,437","2,110",321,"5,294",2.33,"12,352",58,43.92
Emery County,2062,"12,464",119,126,-7,62,628,"1,810","1,085","6,496","2,108",337,"5,337",2.32,"12,406",58,44.14
Emery County,2063,"12,521",120,127,-7,65,634,"1,801","1,072","6,550","2,113",352,"5,380",2.32,"12,463",58,44.32
Emery County,2064,"12,577",120,128,-8,64,638,"1,795","1,058","6,611","2,101",374,"5,422",2.31,"12,519",58,44.48
Emery County,2065,"12,635",121,129,-8,65,642,"1,793","1,042","6,674","2,089",394,"5,463",2.3,"12,577",58,44.61
Garfield County,2025,"5,119",52,44,8,-3,276,806,440,"2,267","1,178",153,"1,970",2.5,"4,915",204,43.96
Garfield County,2026,"5,127",52,44,8,0,269,800,457,"2,226","1,206",168,"1,985",2.48,"4,922",204,44.49
Garfield County,2027,"5,136",52,46,6,3,266,796,461,"2,192","1,237",183,"2,000",2.47,"4,932",204,44.99
Garfield County,2028,"5,147",52,48,3,7,265,790,453,"2,180","1,260",198,"2,014",2.45,"4,943",204,45.43
Garfield County,2029,"5,159",51,51,0,12,262,790,433,"2,187","1,278",209,"2,027",2.44,"4,954",205,45.84
Garfield County,2030,"5,171",51,55,-4,16,262,789,426,"2,188","1,288",219,"2,040",2.43,"4,966",205,46.2
Garfield County,2031,"5,184",51,59,-8,21,262,784,413,"2,213","1,274",238,"2,051",2.43,"4,979",205,46.46
Garfield County,2032,"5,198",51,62,-12,25,262,784,400,"2,246","1,229",276,"2,062",2.42,"4,992",206,46.62
Garfield County,2033,"5,211",50,66,-15,29,261,778,405,"2,271","1,196",300,"2,072",2.42,"5,005",205,46.66
Garfield County,2034,"5,224",50,69,-18,31,261,778,407,"2,291","1,167",320,"2,081",2.41,"5,019",205,46.64
Garfield County,2035,"5,236",50,71,-20,33,261,774,412,"2,313","1,138",339,"2,088",2.41,"5,031",205,46.63
Garfield County,2036,"5,248",50,72,-21,34,261,778,409,"2,328","1,112",360,"2,096",2.41,"5,043",205,46.68
Garfield County,2037,"5,261",51,73,-22,35,261,781,409,"2,335","1,092",383,"2,105",2.4,"5,057",204,46.67
Garfield County,2038,"5,275",51,74,-23,37,262,771,417,"2,347","1,084",394,"2,114",2.4,"5,071",204,46.64
Garfield County,2039,"5,290",51,75,-24,38,262,768,420,"2,353","1,082",404,"2,123",2.39,"5,085",205,46.72
Garfield County,2040,"5,304",51,76,-25,39,262,768,414,"2,374","1,074",411,"2,132",2.39,"5,098",205,46.7
Garfield County,2041,"5,318",50,76,-26,40,262,768,414,"2,392","1,067",414,"2,141",2.39,"5,112",205,46.55
Garfield County,2042,"5,331",50,77,-27,41,261,766,413,"2,404","1,065",422,"2,150",2.38,"5,126",206,46.51
Garfield County,2043,"5,345",49,78,-28,42,260,768,415,"2,412","1,065",426,"2,159",2.38,"5,139",206,46.47
Garfield County,2044,"5,359",49,78,-29,43,258,769,416,"2,410","1,074",431,"2,168",2.38,"5,153",206,46.42
Garfield County,2045,"5,373",48,79,-30,45,256,770,405,"2,406","1,096",440,"2,178",2.37,"5,168",205,46.43
Garfield County,2046,"5,388",48,79,-32,47,254,770,403,"2,401","1,113",447,"2,189",2.37,"5,182",206,46.4
Garfield County,2047,"5,403",47,80,-33,48,251,769,403,"2,395","1,129",457,"2,200",2.36,"5,198",205,46.22
Garfield County,2048,"5,419",46,80,-34,50,247,768,404,"2,389","1,148",463,"2,211",2.36,"5,214",206,46.15
Garfield County,2049,"5,435",45,81,-35,51,244,767,403,"2,387","1,172",463,"2,223",2.35,"5,229",206,46.32
Garfield County,2050,"5,451",45,81,-36,52,240,765,405,"2,386","1,194",461,"2,235",2.35,"5,244",206,46.6
Garfield County,2051,"5,466",44,81,-37,52,236,762,406,"2,395","1,214",452,"2,248",2.34,"5,259",207,46.92
Garfield County,2052,"5,480",43,82,-38,53,232,759,407,"2,407","1,236",439,"2,260",2.33,"5,273",207,47.13
Garfield County,2053,"5,494",43,82,-39,53,229,755,407,"2,422","1,254",427,"2,272",2.33,"5,286",208,47.43
Garfield County,2054,"5,507",42,82,-40,53,226,750,407,"2,431","1,275",419,"2,284",2.32,"5,299",208,47.74
Garfield County,2055,"5,520",42,82,-40,53,223,744,407,"2,439","1,294",412,"2,296",2.31,"5,311",209,48.06
Garfield County,2056,"5,532",42,83,-41,53,221,737,408,"2,455","1,302",411,"2,308",2.31,"5,323",209,48.29
Garfield County,2057,"5,544",41,83,-42,54,219,729,408,"2,462","1,311",415,"2,320",2.3,"5,334",210,48.49
Garfield County,2058,"5,556",41,84,-42,54,217,721,408,"2,471","1,319",419,"2,333",2.29,"5,345",210,48.67
Garfield County,2059,"5,567",41,84,-43,55,216,712,408,"2,490","1,314",426,"2,345",2.28,"5,357",210,48.86
Garfield County,2060,"5,579",41,84,-43,55,215,704,408,"2,507","1,316",429,"2,358",2.28,"5,368",211,49.05
Garfield County,2061,"5,590",41,85,-44,55,214,695,407,"2,519","1,325",430,"2,371",2.27,"5,379",211,49.23
Garfield County,2062,"5,601",41,85,-45,56,213,687,406,"2,535","1,321",439,"2,384",2.26,"5,390",211,49.45
Garfield County,2063,"5,612",41,86,-45,56,213,678,403,"2,549","1,321",447,"2,397",2.25,"5,401",211,49.67
Garfield County,2064,"5,622",41,87,-46,57,212,671,400,"2,560","1,316",463,"2,409",2.25,"5,411",211,49.9
Garfield County,2065,"5,633",41,87,-47,57,212,664,396,"2,576","1,297",488,"2,422",2.24,"5,422",211,50.18
Grand County,2025,"9,903",69,74,-4,9,430,"1,506",728,"4,943","2,043",253,"4,272",2.28,"9,747",156,43.12
Grand County,2026,"9,904",67,74,-7,8,395,"1,490",747,"4,910","2,098",264,"4,312",2.26,"9,748",156,43.69
Grand County,2027,"9,911",68,77,-9,16,364,"1,470",753,"4,892","2,158",275,"4,353",2.24,"9,755",156,44.23
Grand County,2028,"9,930",72,82,-10,29,342,"1,448",755,"4,894","2,200",292,"4,396",2.22,"9,774",156,44.7
Grand County,2029,"9,966",77,88,-11,47,349,"1,408",749,"4,928","2,225",307,"4,442",2.21,"9,810",156,45.08
Grand County,2030,"10,020",83,95,-11,66,365,"1,375",752,"4,979","2,224",325,"4,491",2.2,"9,864",156,45.39
Grand County,2031,"10,093",91,102,-12,85,391,"1,336",764,"5,041","2,220",342,"4,542",2.19,"9,937",156,45.62
Grand County,2032,"10,182",98,110,-12,101,424,"1,289",788,"5,114","2,189",378,"4,596",2.18,"10,026",156,45.8
Grand County,2033,"10,282",105,117,-12,111,460,"1,246",811,"5,198","2,164",403,"4,650",2.18,"10,126",156,45.95
Grand County,2034,"10,384",111,123,-12,114,496,"1,208",829,"5,282","2,142",427,"4,704",2.17,"10,228",156,46.07
Grand County,2035,"10,480",114,127,-13,108,528,"1,181",840,"5,358","2,120",452,"4,753",2.17,"10,324",156,46.18
Grand County,2036,"10,557",116,129,-13,91,553,"1,170",840,"5,410","2,110",474,"4,794",2.17,"10,401",156,46.34
Grand County,2037,"10,641",117,132,-15,98,572,"1,185",829,"5,463","2,092",499,"4,836",2.17,"10,485",156,46.57
Grand County,2038,"10,717",119,135,-16,92,585,"1,202",814,"5,518","2,073",525,"4,873",2.17,"10,561",156,46.84
Grand County,2039,"10,803",120,137,-17,103,595,"1,219",794,"5,602","2,042",552,"4,913",2.17,"10,647",156,47.1
Grand County,2040,"10,888",121,139,-18,103,602,"1,241",769,"5,685","2,026",564,"4,952",2.17,"10,732",156,47.28
Grand County,2041,"10,980",122,141,-19,111,609,"1,270",742,"5,775","2,003",582,"4,991",2.17,"10,824",156,47.39
Grand County,2042,"11,070",123,143,-20,110,616,"1,321",700,"5,847","1,986",600,"5,027",2.17,"10,914",156,47.45
Grand County,2043,"11,158",123,145,-22,109,620,"1,380",667,"5,903","1,983",605,"5,059",2.17,"11,002",156,47.46
Grand County,2044,"11,238",122,146,-24,104,621,"1,441",648,"5,933","1,984",611,"5,087",2.18,"11,082",156,47.42
Grand County,2045,"11,326",122,148,-26,114,622,"1,504",624,"5,960","2,001",614,"5,116",2.18,"11,170",156,47.27
Grand County,2046,"11,413",121,149,-28,115,621,"1,566",597,"5,987","2,031",611,"5,144",2.19,"11,257",156,47.03
Grand County,2047,"11,517",121,150,-29,134,621,"1,625",579,"6,006","2,078",609,"5,177",2.19,"11,361",156,46.82
Grand County,2048,"11,625",120,151,-31,139,620,"1,677",572,"6,017","2,137",602,"5,210",2.2,"11,469",156,46.62
Grand County,2049,"11,742",119,152,-34,150,618,"1,723",597,"6,033","2,183",587,"5,247",2.21,"11,586",156,46.52
Grand County,2050,"11,860",118,153,-35,153,616,"1,760",636,"6,048","2,237",563,"5,286",2.21,"11,704",156,46.51
Grand County,2051,"11,969",117,153,-37,145,611,"1,787",684,"6,057","2,287",541,"5,322",2.22,"11,813",156,46.52
Grand County,2052,"12,080",116,154,-38,150,607,"1,808",739,"6,065","2,342",519,"5,362",2.22,"11,924",156,46.52
Grand County,2053,"12,195",115,155,-40,155,602,"1,823",796,"6,077","2,399",498,"5,405",2.23,"12,039",156,46.52
Grand County,2054,"12,306",114,156,-42,153,597,"1,834",848,"6,092","2,454",482,"5,450",2.23,"12,150",156,46.54
Grand County,2055,"12,417",113,156,-43,154,592,"1,842",895,"6,104","2,515",470,"5,497",2.23,"12,261",156,46.59
Grand County,2056,"12,515",113,157,-44,142,587,"1,844",933,"6,088","2,597",466,"5,542",2.23,"12,359",156,46.67
Grand County,2057,"12,602",112,158,-47,134,582,"1,841",964,"6,064","2,691",460,"5,584",2.23,"12,446",156,46.78
Grand County,2058,"12,691",112,159,-48,137,579,"1,837",987,"6,069","2,762",457,"5,630",2.23,"12,535",156,46.88
Grand County,2059,"12,781",111,161,-49,139,576,"1,830","1,006","6,097","2,823",449,"5,677",2.22,"12,625",156,46.95
Grand County,2060,"12,871",112,161,-50,140,574,"1,821","1,020","6,144","2,867",445,"5,727",2.22,"12,715",156,47.06
Grand County,2061,"12,965",112,163,-51,145,574,"1,812","1,033","6,201","2,906",440,"5,780",2.22,"12,809",156,47.22
Grand County,2062,"13,064",112,164,-52,150,575,"1,803","1,044","6,275","2,926",440,"5,835",2.21,"12,908",156,47.39
Grand County,2063,"13,168",113,166,-53,158,577,"1,795","1,053","6,369","2,933",442,"5,893",2.21,"13,012",156,47.57
Grand County,2064,"13,273",114,168,-54,158,581,"1,787","1,060","6,475","2,924",446,"5,952",2.2,"13,117",156,47.74
Grand County,2065,"13,376",115,170,-55,159,584,"1,778","1,064","6,580","2,911",458,"6,011",2.2,"13,220",156,47.89
Iron County,2025,"69,982",796,388,408,"1,676","4,420","13,286","12,011","30,659","8,732",875,"24,037",2.84,"68,310","1,672",29.58
Iron County,2026,"72,226",800,402,398,"1,846","4,427","13,229","12,501","31,876","9,232",960,"25,069",2.81,"70,522","1,705",29.81
Iron County,2027,"74,496",825,421,404,"1,865","4,429","13,224","13,038","33,031","9,707","1,068","26,125",2.79,"72,768","1,728",30.1
Iron County,2028,"76,703",867,443,424,"1,783","4,428","13,216","13,467","34,248","10,136","1,208","27,165",2.76,"74,960","1,743",30.39
Iron County,2029,"78,879",920,468,453,"1,723","4,433","13,234","13,710","35,597","10,566","1,339","28,163",2.74,"77,030","1,850",30.69
Iron County,2030,"80,780",981,494,487,"1,414","4,582","13,144","13,758","36,876","10,968","1,453","29,096",2.71,"78,931","1,849",30.95
Iron County,2031,"82,483","1,045",522,523,"1,179","4,789","12,964","13,732","38,144","11,295","1,559","29,948",2.69,"80,631","1,852",31.2
Iron County,2032,"83,983","1,106",549,557,944,"5,028","12,755","13,586","39,353","11,524","1,737","30,713",2.67,"82,124","1,859",31.52
Iron County,2033,"85,304","1,160",576,584,736,"5,277","12,559","13,352","40,469","11,760","1,886","31,396",2.66,"83,441","1,863",31.84
Iron County,2034,"86,481","1,202",601,601,576,"5,516","12,437","13,081","41,415","11,987","2,044","32,011",2.64,"84,625","1,856",32.11
Iron County,2035,"87,577","1,227",623,604,492,"5,727","12,370","12,811","42,222","12,246","2,201","32,585",2.63,"85,736","1,842",32.43
Iron County,2036,"88,675","1,231",642,589,509,"5,893","12,404","12,551","42,929","12,545","2,354","33,157",2.62,"86,847","1,828",32.79
Iron County,2037,"89,822","1,233",663,570,577,"6,014","12,512","12,351","43,583","12,846","2,516","33,740",2.61,"88,003","1,820",33.19
Iron County,2038,"91,036","1,232",685,547,667,"6,091","12,639","12,197","44,283","13,129","2,697","34,345",2.6,"89,216","1,820",33.63
Iron County,2039,"92,266","1,227",705,522,708,"6,125","12,871","11,984","44,978","13,417","2,890","34,959",2.59,"90,451","1,815",34.08
Iron County,2040,"93,456","1,217",728,489,701,"6,121","13,123","11,790","45,580","13,775","3,067","35,562",2.58,"91,649","1,807",34.56
Iron County,2041,"94,628","1,203",749,454,718,"6,097","13,361","11,681","46,080","14,187","3,222","36,155",2.57,"92,823","1,806",35.05
Iron County,2042,"95,772","1,188",768,420,724,"6,054","13,578","11,619","46,483","14,615","3,423","36,737",2.56,"93,966","1,806",35.57
Iron County,2043,"96,912","1,175",791,383,757,"5,998","13,905","11,494","46,764","15,103","3,648","37,319",2.55,"95,120","1,793",36.1
Iron County,2044,"98,063","1,164",811,353,798,"5,936","14,259","11,373","46,982","15,630","3,883","37,907",2.54,"96,287","1,776",36.63
Iron County,2045,"99,265","1,153",834,319,883,"5,877","14,609","11,228","47,213","16,225","4,112","38,515",2.53,"97,497","1,768",37.16
Iron County,2046,"100,540","1,143",858,286,989,"5,827","14,936","11,156","47,452","16,828","4,342","39,158",2.52,"98,768","1,772",37.69
Iron County,2047,"101,883","1,135",878,257,"1,086","5,785","15,223","11,133","47,737","17,434","4,570","39,836",2.51,"100,099","1,784",38.22
Iron County,2048,"103,277","1,130",904,226,"1,169","5,751","15,458","11,142","48,111","18,020","4,795","40,543",2.5,"101,474","1,803",38.73
Iron County,2049,"104,694","1,129",929,200,"1,216","5,726","15,631","11,183","48,584","18,553","5,017","41,268",2.49,"102,867","1,827",39.25
Iron County,2050,"106,073","1,133",951,181,"1,198","5,707","15,729","11,383","48,981","19,050","5,223","41,987",2.48,"104,220","1,853",39.75
Iron County,2051,"107,432","1,139",977,162,"1,198","5,700","15,758","11,708","49,336","19,545","5,383","42,705",2.47,"105,554","1,878",40.22
Iron County,2052,"108,754","1,146","1,002",144,"1,178","5,706","15,725","12,097","49,738","19,949","5,539","43,413",2.46,"106,852","1,902",40.67
Iron County,2053,"110,030","1,155","1,027",129,"1,147","5,723","15,641","12,500","50,191","20,279","5,696","44,107",2.45,"108,108","1,922",41.1
Iron County,2054,"111,263","1,166","1,051",115,"1,118","5,749","15,533","12,873","50,642","20,599","5,867","44,789",2.44,"109,326","1,937",41.52
Iron County,2055,"112,444","1,178","1,070",108,"1,073","5,782","15,406","13,192","51,073","20,914","6,076","45,454",2.43,"110,495","1,949",41.93
Iron County,2056,"113,581","1,192","1,094",98,"1,039","5,822","15,269","13,443","51,516","21,213","6,318","46,104",2.42,"111,623","1,958",42.33
Iron County,2057,"114,686","1,205","1,121",84,"1,021","5,870","15,134","13,616","52,028","21,471","6,568","46,739",2.41,"112,720","1,966",42.71
Iron County,2058,"115,772","1,219","1,144",75,"1,011","5,924","15,012","13,707","52,633","21,695","6,800","47,366",2.4,"113,800","1,972",43.07
Iron County,2059,"116,860","1,232","1,167",65,"1,023","5,983","14,913","13,722","53,348","21,860","7,033","47,990",2.39,"114,884","1,975",43.39
Iron County,2060,"117,938","1,244","1,185",59,"1,019","6,044","14,840","13,675","54,075","21,998","7,306","48,609",2.39,"115,961","1,977",43.7
Iron County,2061,"119,005","1,255","1,208",47,"1,020","6,103","14,792","13,591","54,752","22,153","7,613","49,222",2.38,"117,028","1,976",44
Iron County,2062,"120,059","1,264","1,231",33,"1,021","6,158","14,770","13,483","55,316","22,360","7,971","49,828",2.37,"118,084","1,975",44.27
Iron County,2063,"121,097","1,271","1,255",17,"1,022","6,208","14,775","13,355","55,810","22,552","8,398","50,425",2.36,"119,125","1,972",44.54
Iron County,2064,"122,126","1,276","1,279",-2,"1,031","6,251","14,807","13,216","56,251","22,742","8,859","51,014",2.36,"120,157","1,969",44.8
Iron County,2065,"123,138","1,279","1,303",-24,"1,037","6,285","14,866","13,073","56,661","22,902","9,351","51,593",2.35,"121,174","1,964",45.09
Juab County,2025,"13,386",199,71,128,142,"1,062","3,134","1,443","6,147","1,449",151,"4,356",3.05,"13,285",101,31.63
Juab County,2026,"13,665",202,72,130,148,"1,049","3,130","1,542","6,276","1,508",160,"4,491",3.02,"13,564",101,32.05
Juab County,2027,"13,947",203,73,130,152,"1,045","3,121","1,610","6,434","1,565",171,"4,631",2.99,"13,846",101,32.45
Juab County,2028,"14,222",202,75,127,148,"1,044","3,114","1,639","6,619","1,621",184,"4,773",2.96,"14,121",101,32.86
Juab County,2029,"14,484",200,77,123,138,"1,018","3,141","1,644","6,802","1,680",199,"4,913",2.93,"14,383",101,33.27
Juab County,2030,"14,725",196,79,118,124,"1,012","3,139","1,644","6,987","1,733",210,"5,049",2.9,"14,624",101,33.71
Juab County,2031,"14,944",193,81,112,108,"1,000","3,127","1,630","7,194","1,772",221,"5,182",2.86,"14,843",101,34.17
Juab County,2032,"15,141",190,84,106,91,984,"3,098","1,635","7,386","1,788",252,"5,309",2.83,"15,040",101,34.61
Juab County,2033,"15,319",187,87,100,77,965,"3,086","1,599","7,572","1,818",278,"5,431",2.8,"15,218",101,35.04
Juab County,2034,"15,481",185,89,96,66,948,"3,050","1,588","7,741","1,853",301,"5,548",2.77,"15,380",101,35.42
Juab County,2035,"15,635",185,92,94,61,935,"3,020","1,572","7,893","1,895",321,"5,663",2.74,"15,534",101,35.81
Juab County,2036,"15,793",187,94,93,64,928,"2,996","1,561","8,021","1,941",346,"5,778",2.72,"15,692",101,36.23
Juab County,2037,"15,959",189,97,92,74,926,"2,980","1,540","8,152","1,989",371,"5,894",2.69,"15,858",101,36.59
Juab County,2038,"16,133",190,100,90,84,929,"2,963","1,512","8,296","2,038",396,"6,014",2.67,"16,032",101,36.92
Juab County,2039,"16,315",191,102,89,93,936,"2,917","1,500","8,473","2,079",410,"6,136",2.64,"16,214",101,37.29
Juab County,2040,"16,500",191,105,86,99,942,"2,880","1,502","8,624","2,126",426,"6,261",2.62,"16,399",101,37.69
Juab County,2041,"16,685",191,107,84,101,947,"2,851","1,478","8,773","2,197",440,"6,386",2.6,"16,584",101,38.13
Juab County,2042,"16,870",191,110,81,104,948,"2,802","1,492","8,886","2,284",458,"6,511",2.58,"16,769",101,38.57
Juab County,2043,"17,056",189,112,77,109,948,"2,780","1,486","8,985","2,383",473,"6,637",2.55,"16,955",101,39.02
Juab County,2044,"17,245",188,115,73,116,944,"2,761","1,491","9,075","2,478",495,"6,765",2.53,"17,144",101,39.47
Juab County,2045,"17,439",185,117,68,126,939,"2,745","1,496","9,171","2,570",519,"6,896",2.51,"17,338",101,39.93
Juab County,2046,"17,639",183,120,63,136,932,"2,732","1,472","9,299","2,657",547,"7,029",2.5,"17,538",101,40.42
Juab County,2047,"17,843",181,122,59,145,923,"2,723","1,458","9,425","2,739",575,"7,164",2.48,"17,742",101,40.91
Juab County,2048,"18,050",179,125,53,154,914,"2,718","1,447","9,533","2,835",603,"7,300",2.46,"17,949",101,41.38
Juab County,2049,"18,259",176,128,48,160,904,"2,717","1,412","9,671","2,921",634,"7,437",2.44,"18,158",101,41.86
Juab County,2050,"18,467",174,130,44,163,893,"2,719","1,401","9,788","3,006",660,"7,573",2.43,"18,366",101,42.36
Juab County,2051,"18,670",172,133,39,164,883,"2,721","1,385","9,926","3,077",678,"7,706",2.41,"18,569",101,42.85
Juab County,2052,"18,867",171,136,35,162,873,"2,723","1,367","10,062","3,148",693,"7,837",2.39,"18,766",101,43.33
Juab County,2053,"19,059",169,139,31,162,864,"2,722","1,352","10,175","3,230",716,"7,966",2.38,"18,958",101,43.81
Juab County,2054,"19,249",169,142,27,163,856,"2,717","1,342","10,270","3,323",741,"8,094",2.37,"19,148",101,44.28
Juab County,2055,"19,436",168,144,24,164,850,"2,707","1,337","10,348","3,423",771,"8,221",2.35,"19,335",101,44.73
Juab County,2056,"19,622",168,147,21,166,846,"2,693","1,338","10,412","3,524",809,"8,347",2.34,"19,521",101,45.16
Juab County,2057,"19,807",168,151,17,167,844,"2,676","1,345","10,459","3,636",847,"8,472",2.33,"19,706",101,45.57
Juab County,2058,"19,989",169,154,14,168,844,"2,657","1,355","10,512","3,737",884,"8,596",2.31,"19,888",101,45.98
Juab County,2059,"20,170",170,158,12,169,845,"2,637","1,367","10,567","3,847",908,"8,719",2.3,"20,069",101,46.39
Juab County,2060,"20,352",171,160,11,171,849,"2,616","1,378","10,625","3,947",937,"8,842",2.29,"20,251",101,46.8
Juab County,2061,"20,533",172,164,9,173,854,"2,596","1,386","10,689","4,027",983,"8,965",2.28,"20,432",101,47.23
Juab County,2062,"20,714",174,168,7,175,860,"2,577","1,390","10,739","4,106","1,042","9,086",2.27,"20,613",101,47.62
Juab County,2063,"20,896",176,171,5,177,868,"2,561","1,391","10,797","4,171","1,108","9,207",2.26,"20,795",101,48
Juab County,2064,"21,077",178,175,3,179,876,"2,549","1,388","10,869","4,220","1,175","9,326",2.25,"20,976",101,48.39
Juab County,2065,"21,259",180,179,0,182,885,"2,540","1,383","10,926","4,287","1,239","9,444",2.24,"21,158",101,48.77
Kane County,2025,"8,398",82,78,4,30,435,"1,436",715,"3,723","1,894",196,"3,242",2.54,"8,229",169,42.75
Kane County,2026,"8,438",82,79,3,36,425,"1,410",767,"3,703","1,913",220,"3,275",2.52,"8,267",171,43.1
Kane County,2027,"8,480",83,81,2,40,408,"1,395",792,"3,712","1,926",245,"3,308",2.51,"8,308",172,43.44
Kane County,2028,"8,523",83,84,-1,44,411,"1,361",813,"3,739","1,922",276,"3,343",2.5,"8,350",173,43.74
Kane County,2029,"8,565",83,87,-4,46,405,"1,342",827,"3,772","1,912",307,"3,376",2.49,"8,390",175,43.99
Kane County,2030,"8,606",83,90,-7,48,407,"1,327",811,"3,817","1,911",333,"3,409",2.47,"8,429",177,44.21
Kane County,2031,"8,645",83,94,-11,50,409,"1,313",794,"3,862","1,916",352,"3,439",2.46,"8,466",179,44.45
Kane County,2032,"8,681",83,97,-14,50,410,"1,292",788,"3,922","1,879",391,"3,468",2.45,"8,501",180,44.65
Kane County,2033,"8,715",83,101,-17,51,410,"1,279",770,"3,996","1,837",423,"3,497",2.44,"8,534",181,44.78
Kane County,2034,"8,745",84,103,-19,50,411,"1,257",764,"4,063","1,800",451,"3,522",2.43,"8,563",183,44.88
Kane County,2035,"8,774",85,106,-21,49,413,"1,239",751,"4,135","1,767",469,"3,546",2.42,"8,589",185,44.93
Kane County,2036,"8,802",86,107,-21,49,416,"1,228",736,"4,200","1,738",484,"3,569",2.41,"8,615",187,44.98
Kane County,2037,"8,832",87,109,-22,51,419,"1,228",723,"4,252","1,706",503,"3,591",2.41,"8,643",188,45.1
Kane County,2038,"8,863",88,110,-22,54,423,"1,216",722,"4,309","1,663",530,"3,613",2.4,"8,674",189,45.24
Kane County,2039,"8,896",88,111,-23,56,427,"1,208",708,"4,373","1,626",554,"3,636",2.39,"8,706",190,45.24
Kane County,2040,"8,928",88,112,-24,56,431,"1,193",710,"4,423","1,598",575,"3,658",2.39,"8,738",191,45.17
Kane County,2041,"8,960",87,112,-25,57,432,"1,197",685,"4,476","1,578",593,"3,681",2.38,"8,770",190,44.99
Kane County,2042,"8,992",86,113,-27,58,431,"1,194",675,"4,519","1,563",611,"3,703",2.38,"8,803",189,44.84
Kane County,2043,"9,024",85,113,-28,60,428,"1,200",664,"4,555","1,544",632,"3,725",2.37,"8,835",189,44.71
Kane County,2044,"9,055",84,113,-30,61,424,"1,207",662,"4,574","1,549",640,"3,746",2.37,"8,867",188,44.55
Kane County,2045,"9,088",82,114,-31,64,418,"1,212",649,"4,594","1,566",649,"3,768",2.36,"8,900",188,44.33
Kane County,2046,"9,122",80,114,-33,68,412,"1,217",641,"4,624","1,578",650,"3,792",2.36,"8,935",187,44.29
Kane County,2047,"9,158",78,113,-35,70,404,"1,222",625,"4,668","1,588",651,"3,816",2.35,"8,971",187,44.39
Kane County,2048,"9,194",76,113,-37,73,396,"1,225",628,"4,671","1,628",646,"3,842",2.34,"9,008",186,44.54
Kane County,2049,"9,231",75,113,-38,75,388,"1,227",624,"4,680","1,673",639,"3,867",2.34,"9,045",186,44.74
Kane County,2050,"9,266",73,112,-39,75,379,"1,227",628,"4,691","1,703",639,"3,893",2.33,"9,080",186,45.03
Kane County,2051,"9,301",72,112,-40,75,371,"1,225",630,"4,706","1,729",640,"3,919",2.33,"9,114",187,45.36
Kane County,2052,"9,335",71,112,-41,75,363,"1,221",633,"4,714","1,774",631,"3,945",2.32,"9,147",187,45.71
Kane County,2053,"9,367",70,111,-42,74,356,"1,213",635,"4,734","1,812",616,"3,971",2.31,"9,178",188,46.06
Kane County,2054,"9,397",69,111,-42,73,350,"1,202",638,"4,756","1,846",605,"3,998",2.3,"9,209",189,46.42
Kane County,2055,"9,427",68,110,-42,72,345,"1,189",642,"4,782","1,877",593,"4,025",2.29,"9,238",189,46.8
Kane County,2056,"9,455",68,110,-42,71,341,"1,172",646,"4,806","1,906",584,"4,053",2.29,"9,266",189,47.18
Kane County,2057,"9,482",67,110,-43,70,338,"1,154",651,"4,819","1,943",578,"4,081",2.28,"9,293",189,47.57
Kane County,2058,"9,509",67,110,-43,69,336,"1,134",655,"4,827","1,986",572,"4,109",2.27,"9,320",189,47.96
Kane County,2059,"9,536",68,110,-42,69,335,"1,114",659,"4,853","2,008",568,"4,137",2.26,"9,347",189,48.34
Kane County,2060,"9,562",68,110,-42,68,334,"1,094",660,"4,884","2,021",569,"4,165",2.25,"9,373",189,48.69
Kane County,2061,"9,588",68,110,-42,68,335,"1,075",659,"4,923","2,021",576,"4,193",2.24,"9,399",189,49.02
Kane County,2062,"9,614",68,110,-42,67,336,"1,056",656,"4,960","2,020",586,"4,221",2.23,"9,425",189,49.34
Kane County,2063,"9,639",69,110,-42,67,337,"1,039",650,"4,994","2,021",597,"4,248",2.22,"9,450",189,49.66
Kane County,2064,"9,664",69,111,-42,67,339,"1,025",642,"5,030","2,012",616,"4,275",2.22,"9,474",190,50
Kane County,2065,"9,688",70,112,-42,67,340,"1,012",632,"5,068","1,992",643,"4,300",2.21,"9,498",190,50.31
Millard County,2025,"13,704",165,104,62,32,912,"2,999","1,484","5,724","2,275",310,"4,610",2.96,"13,654",49,36.07
Millard County,2026,"13,807",163,105,59,45,883,"2,953","1,581","5,742","2,321",326,"4,685",2.94,"13,757",50,36.36
Millard County,2027,"13,916",163,108,55,54,878,"2,880","1,632","5,824","2,354",348,"4,764",2.91,"13,865",51,36.66
Millard County,2028,"14,026",163,112,51,59,865,"2,825","1,633","5,956","2,370",377,"4,845",2.88,"13,975",52,36.95
Millard County,2029,"14,136",164,117,47,62,848,"2,818","1,589","6,093","2,391",398,"4,925",2.86,"14,084",52,37.23
Millard County,2030,"14,242",165,122,43,63,848,"2,802","1,549","6,224","2,405",414,"5,000",2.84,"14,190",52,37.5
Millard County,2031,"14,344",167,128,39,63,853,"2,771","1,538","6,343","2,417",423,"5,073",2.82,"14,292",52,37.74
Millard County,2032,"14,441",169,134,35,62,861,"2,735","1,520","6,473","2,403",450,"5,144",2.8,"14,389",52,37.96
Millard County,2033,"14,534",171,139,32,60,870,"2,697","1,494","6,620","2,374",479,"5,212",2.78,"14,481",53,38.12
Millard County,2034,"14,622",172,144,29,59,879,"2,646","1,473","6,762","2,361",502,"5,277",2.76,"14,569",53,38.26
Millard County,2035,"14,707",173,147,27,59,887,"2,604","1,450","6,895","2,351",521,"5,340",2.74,"14,654",53,38.38
Millard County,2036,"14,792",173,148,25,60,893,"2,579","1,448","6,978","2,359",536,"5,403",2.73,"14,739",53,38.49
Millard County,2037,"14,885",174,151,24,69,898,"2,569","1,445","7,059","2,361",554,"5,468",2.71,"14,832",53,38.58
Millard County,2038,"14,979",175,153,22,73,902,"2,552","1,437","7,146","2,363",580,"5,532",2.7,"14,927",52,38.7
Millard County,2039,"15,078",173,154,19,79,903,"2,534","1,426","7,249","2,360",607,"5,597",2.68,"15,026",52,38.87
Millard County,2040,"15,174",172,156,16,80,902,"2,539","1,388","7,361","2,363",621,"5,662",2.67,"15,122",51,38.96
Millard County,2041,"15,270",170,157,12,84,898,"2,536","1,351","7,481","2,367",637,"5,726",2.66,"15,219",51,39.22
Millard County,2042,"15,362",167,159,8,84,890,"2,527","1,329","7,572","2,382",663,"5,789",2.64,"15,312",51,39.57
Millard County,2043,"15,457",164,160,4,90,880,"2,536","1,303","7,642","2,404",692,"5,853",2.63,"15,407",50,39.96
Millard County,2044,"15,546",161,161,0,89,867,"2,547","1,284","7,696","2,440",711,"5,915",2.62,"15,496",50,40.39
Millard County,2045,"15,629",158,163,-5,88,852,"2,557","1,257","7,753","2,492",717,"5,974",2.61,"15,579",50,40.83
Millard County,2046,"15,715",154,164,-10,97,836,"2,566","1,228","7,811","2,550",724,"6,035",2.6,"15,666",50,41.26
Millard County,2047,"15,803",150,165,-15,102,820,"2,572","1,222","7,836","2,625",729,"6,096",2.58,"15,753",50,41.68
Millard County,2048,"15,892",147,166,-19,108,803,"2,574","1,214","7,864","2,709",729,"6,158",2.57,"15,842",50,42.08
Millard County,2049,"15,981",145,168,-23,112,786,"2,572","1,202","7,906","2,786",729,"6,220",2.56,"15,931",50,42.5
Millard County,2050,"16,063",142,168,-26,108,771,"2,562","1,208","7,926","2,871",725,"6,281",2.55,"16,013",51,42.93
Millard County,2051,"16,142",140,170,-29,108,757,"2,546","1,220","7,957","2,943",720,"6,341",2.54,"16,091",51,43.39
Millard County,2052,"16,217",139,171,-32,108,745,"2,524","1,233","7,999","3,003",713,"6,401",2.53,"16,166",52,43.84
Millard County,2053,"16,290",138,172,-34,107,735,"2,497","1,247","8,042","3,068",702,"6,460",2.51,"16,238",52,44.32
Millard County,2054,"16,356",137,174,-36,103,727,"2,466","1,258","8,082","3,125",699,"6,518",2.5,"16,304",53,44.79
Millard County,2055,"16,417",137,175,-37,98,721,"2,430","1,268","8,121","3,180",698,"6,575",2.49,"16,364",53,45.26
Millard County,2056,"16,473",137,176,-39,94,718,"2,390","1,275","8,161","3,222",706,"6,631",2.48,"16,419",54,45.69
Millard County,2057,"16,523",137,178,-41,91,715,"2,350","1,279","8,201","3,264",714,"6,684",2.46,"16,468",54,46.08
Millard County,2058,"16,571",137,180,-42,91,715,"2,309","1,279","8,237","3,304",727,"6,738",2.45,"16,517",54,46.44
Millard County,2059,"16,622",138,182,-44,95,715,"2,271","1,276","8,284","3,339",737,"6,792",2.44,"16,568",54,46.8
Millard County,2060,"16,676",138,183,-45,99,716,"2,237","1,269","8,342","3,367",745,"6,846",2.43,"16,622",55,47.18
Millard County,2061,"16,728",138,185,-46,98,717,"2,205","1,260","8,402","3,388",756,"6,900",2.42,"16,674",54,47.57
Millard County,2062,"16,780",138,187,-48,100,719,"2,177","1,246","8,467","3,392",779,"6,953",2.41,"16,726",54,47.95
Millard County,2063,"16,835",138,189,-50,105,721,"2,153","1,228","8,532","3,391",809,"7,006",2.4,"16,781",54,48.34
Millard County,2064,"16,888",138,191,-53,106,722,"2,135","1,208","8,594","3,389",840,"7,057",2.39,"16,834",54,48.74
Millard County,2065,"16,940",138,194,-55,107,722,"2,120","1,186","8,637","3,402",872,"7,107",2.38,"16,887",53,49.15
Morgan County,2025,"13,117",120,68,52,-28,662,"3,052","1,639","5,930","1,646",188,"4,500",2.92,"13,117",0,34.37
Morgan County,2026,"13,120",118,70,48,-45,632,"2,884","1,739","5,946","1,715",202,"4,584",2.86,"13,120",0,34.88
Morgan County,2027,"13,120",120,72,48,-47,595,"2,743","1,775","6,014","1,771",223,"4,669",2.81,"13,120",0,35.38
Morgan County,2028,"13,134",127,75,52,-38,601,"2,571","1,782","6,131","1,797",253,"4,757",2.76,"13,134",0,35.82
Morgan County,2029,"13,174",138,79,59,-19,607,"2,440","1,773","6,249","1,839",266,"4,850",2.72,"13,174",0,36.19
Morgan County,2030,"13,248",150,82,68,6,640,"2,306","1,750","6,390","1,894",268,"4,949",2.68,"13,248",0,36.48
Morgan County,2031,"13,361",164,86,78,35,690,"2,185","1,717","6,554","1,945",269,"5,055",2.64,"13,361",0,36.7
Morgan County,2032,"13,515",178,90,88,65,752,"2,088","1,663","6,739","1,982",290,"5,170",2.61,"13,515",0,36.87
Morgan County,2033,"13,705",192,94,98,93,821,"2,002","1,614","6,937","2,021",311,"5,290",2.59,"13,705",0,37.01
Morgan County,2034,"13,926",203,98,106,115,892,"1,954","1,556","7,129","2,064",331,"5,414",2.57,"13,926",0,37.07
Morgan County,2035,"14,166",212,101,111,128,958,"1,941","1,478","7,339","2,098",353,"5,539",2.56,"14,166",0,37.16
Morgan County,2036,"14,413",217,104,113,134,"1,013","1,953","1,412","7,531","2,136",367,"5,663",2.55,"14,413",0,37.28
Morgan County,2037,"14,674",220,107,114,147,"1,057","2,001","1,328","7,725","2,183",381,"5,786",2.54,"14,674",0,37.42
Morgan County,2038,"14,951",222,110,112,165,"1,089","2,075","1,243","7,919","2,227",399,"5,912",2.53,"14,951",0,37.53
Morgan County,2039,"15,241",223,113,110,180,"1,110","2,157","1,178","8,107","2,265",424,"6,039",2.52,"15,241",0,37.68
Morgan County,2040,"15,538",222,116,106,191,"1,121","2,238","1,122","8,292","2,320",445,"6,166",2.52,"15,538",0,37.93
Morgan County,2041,"15,836",220,119,101,197,"1,125","2,358","1,057","8,443","2,389",465,"6,291",2.52,"15,836",0,38.28
Morgan County,2042,"16,136",217,122,95,204,"1,121","2,475","1,021","8,561","2,474",484,"6,414",2.52,"16,136",0,38.62
Morgan County,2043,"16,439",213,126,87,216,"1,111","2,607",984,"8,678","2,557",501,"6,537",2.51,"16,439",0,38.97
Morgan County,2044,"16,749",208,128,79,231,"1,097","2,747",961,"8,776","2,648",520,"6,661",2.51,"16,749",0,39.35
Morgan County,2045,"17,069",202,132,71,249,"1,078","2,886",952,"8,892","2,721",540,"6,789",2.51,"17,069",0,39.74
Morgan County,2046,"17,399",197,135,62,269,"1,057","3,019",945,"9,037","2,777",564,"6,920",2.51,"17,399",0,40.14
Morgan County,2047,"17,739",192,138,54,286,"1,035","3,140",940,"9,186","2,854",583,"7,057",2.51,"17,739",0,40.56
Morgan County,2048,"18,086",187,142,45,302,"1,012","3,245",985,"9,311","2,943",590,"7,199",2.51,"18,086",0,41
Morgan County,2049,"18,436",183,146,37,313,990,"3,329","1,038","9,459","3,023",597,"7,346",2.51,"18,436",0,41.45
Morgan County,2050,"18,786",180,149,31,319,968,"3,390","1,121","9,597","3,103",606,"7,497",2.51,"18,786",0,41.9
Morgan County,2051,"19,129",177,152,25,319,949,"3,427","1,225","9,744","3,171",613,"7,650",2.5,"19,129",0,42.35
Morgan County,2052,"19,465",175,156,19,316,932,"3,442","1,340","9,913","3,212",624,"7,806",2.49,"19,465",0,42.81
Morgan County,2053,"19,793",174,159,15,314,920,"3,437","1,459","10,103","3,236",638,"7,964",2.49,"19,793",0,43.27
Morgan County,2054,"20,118",175,163,12,313,911,"3,419","1,573","10,310","3,251",654,"8,127",2.48,"20,118",0,43.73
Morgan County,2055,"20,441",176,166,10,313,907,"3,389","1,677","10,527","3,274",667,"8,294",2.46,"20,441",0,44.17
Morgan County,2056,"20,763",178,170,8,313,909,"3,352","1,767","10,762","3,294",679,"8,465",2.45,"20,763",0,44.61
Morgan County,2057,"21,083",181,174,7,313,916,"3,308","1,840","11,012","3,311",695,"8,639",2.44,"21,083",0,45.05
Morgan County,2058,"21,400",185,178,7,310,927,"3,262","1,897","11,273","3,330",712,"8,815",2.43,"21,400",0,45.48
Morgan County,2059,"21,717",190,182,8,309,943,"3,214","1,936","11,538","3,356",730,"8,993",2.41,"21,717",0,45.9
Morgan County,2060,"22,035",195,185,10,308,962,"3,168","1,959","11,802","3,385",758,"9,174",2.4,"22,035",0,46.3
Morgan County,2061,"22,354",201,189,12,308,985,"3,127","1,971","12,056","3,424",792,"9,356",2.39,"22,354",0,46.7
Morgan County,2062,"22,675",206,193,13,307,"1,010","3,092","1,970","12,307","3,460",836,"9,538",2.38,"22,675",0,47.08
Morgan County,2063,"22,996",212,197,15,307,"1,036","3,066","1,959","12,541","3,518",876,"9,721",2.37,"22,996",0,47.41
Morgan County,2064,"23,319",217,201,16,307,"1,063","3,049","1,938","12,755","3,593",920,"9,903",2.35,"23,319",0,47.71
Morgan County,2065,"23,643",222,205,17,308,"1,090","3,043","1,910","12,954","3,694",952,"10,084",2.34,"23,643",0,47.95
Piute County,2025,"1,701",14,15,-1,54,93,249,173,714,403,69,666,2.55,"1,701",0,45.73
Piute County,2026,"1,764",14,15,-1,63,88,264,179,739,417,76,694,2.54,"1,764",0,45.76
Piute County,2027,"1,830",15,16,-1,67,82,283,179,771,432,83,723,2.53,"1,830",0,45.8
Piute County,2028,"1,894",15,17,-2,66,83,294,174,810,444,89,752,2.52,"1,894",0,45.73
Piute County,2029,"1,953",16,18,-3,62,85,300,170,845,457,96,778,2.51,"1,953",0,45.66
Piute County,2030,"2,005",16,20,-4,55,87,308,160,882,466,102,802,2.5,"2,005",0,45.74
Piute County,2031,"2,047",17,22,-5,47,89,313,154,912,472,107,822,2.49,"2,047",0,45.88
Piute County,2032,"2,079",17,23,-6,38,91,316,151,936,470,115,838,2.48,"2,079",0,46.01
Piute County,2033,"2,102",18,25,-7,30,92,316,151,954,465,123,850,2.47,"2,102",0,46.18
Piute County,2034,"2,118",18,26,-8,24,93,317,151,966,460,131,860,2.46,"2,118",0,46.36
Piute County,2035,"2,129",18,27,-9,20,94,323,145,973,455,140,867,2.45,"2,129",0,46.53
Piute County,2036,"2,141",18,27,-9,21,93,326,139,982,450,151,875,2.45,"2,141",0,46.7
Piute County,2037,"2,153",17,27,-10,22,93,326,139,987,450,158,883,2.44,"2,153",0,46.94
Piute County,2038,"2,165",17,28,-11,23,92,321,143,990,458,162,893,2.43,"2,165",0,47.27
Piute County,2039,"2,178",17,28,-11,24,91,311,151,991,468,166,903,2.41,"2,178",0,47.62
Piute County,2040,"2,190",16,28,-12,24,89,299,160,994,477,172,914,2.4,"2,190",0,47.98
Piute County,2041,"2,203",16,28,-13,25,87,293,163,994,487,179,925,2.38,"2,203",0,48.39
Piute County,2042,"2,215",16,29,-13,25,85,291,169,984,503,183,935,2.37,"2,215",0,48.81
Piute County,2043,"2,227",15,29,-14,26,83,289,171,978,517,188,946,2.35,"2,227",0,49.26
Piute County,2044,"2,238",15,29,-14,25,81,288,169,974,533,192,957,2.34,"2,238",0,49.74
Piute County,2045,"2,248",15,30,-15,25,80,286,163,977,544,199,968,2.32,"2,248",0,50.24
Piute County,2046,"2,259",15,30,-15,26,78,283,152,983,555,208,979,2.31,"2,259",0,50.78
Piute County,2047,"2,270",15,30,-16,27,77,280,140,991,564,218,991,2.29,"2,270",0,51.36
Piute County,2048,"2,281",14,31,-16,27,76,277,136,994,572,227,"1,002",2.28,"2,281",0,51.96
Piute County,2049,"2,292",14,31,-17,28,75,272,134,992,581,237,"1,014",2.26,"2,292",0,52.58
Piute County,2050,"2,302",14,32,-17,27,75,268,134,986,594,245,"1,025",2.25,"2,302",0,53.2
Piute County,2051,"2,311",14,32,-18,27,74,263,134,981,608,252,"1,035",2.23,"2,311",0,53.81
Piute County,2052,"2,320",14,33,-19,28,74,258,134,976,622,256,"1,045",2.22,"2,320",0,54.38
Piute County,2053,"2,329",15,34,-19,28,74,253,134,972,637,259,"1,055",2.21,"2,329",0,54.94
Piute County,2054,"2,336",15,34,-19,27,74,248,133,968,649,264,"1,065",2.19,"2,336",0,55.49
Piute County,2055,"2,344",15,34,-20,27,74,243,132,963,659,271,"1,074",2.18,"2,344",0,56.03
Piute County,2056,"2,350",15,35,-20,27,75,239,130,957,669,279,"1,082",2.17,"2,350",0,56.65
Piute County,2057,"2,356",15,36,-21,27,75,236,128,951,678,288,"1,090",2.16,"2,356",0,57.26
Piute County,2058,"2,361",15,36,-21,27,75,233,126,944,684,299,"1,097",2.15,"2,361",0,57.86
Piute County,2059,"2,367",15,37,-22,28,75,231,123,935,691,312,"1,105",2.14,"2,367",0,58.47
Piute County,2060,"2,373",15,37,-22,29,75,229,120,928,696,325,"1,113",2.13,"2,373",0,59.06
Piute County,2061,"2,379",14,38,-23,29,75,228,117,921,699,340,"1,120",2.12,"2,379",0,59.66
Piute County,2062,"2,385",14,38,-24,30,74,228,114,913,700,356,"1,127",2.12,"2,385",0,60.26
Piute County,2063,"2,391",14,39,-25,31,74,227,111,907,698,373,"1,134",2.11,"2,391",0,60.87
Piute County,2064,"2,397",14,39,-26,32,73,227,108,901,697,391,"1,141",2.1,"2,397",0,61.52
Piute County,2065,"2,402",14,40,-27,32,72,227,106,889,702,406,"1,148",2.09,"2,402",0,62.16
Rich County,2025,"2,859",19,14,5,50,147,586,268,"1,258",534,67,"1,054",2.66,"2,805",54,39.72
Rich County,2026,"2,919",18,14,4,56,129,593,294,"1,274",554,76,"1,089",2.63,"2,865",54,40.33
Rich County,2027,"2,982",18,15,3,59,125,585,315,"1,306",564,86,"1,125",2.6,"2,928",54,40.9
Rich County,2028,"3,043",19,16,3,58,104,594,320,"1,350",579,96,"1,162",2.57,"2,989",54,41.43
Rich County,2029,"3,100",21,18,3,54,104,583,319,"1,394",596,103,"1,197",2.54,"3,046",54,41.96
Rich County,2030,"3,151",23,20,3,48,108,558,337,"1,426",613,109,"1,231",2.52,"3,097",54,42.48
Rich County,2031,"3,194",25,22,3,40,114,531,342,"1,467",626,114,"1,262",2.49,"3,140",54,43
Rich County,2032,"3,229",27,24,3,32,123,504,347,"1,502",629,126,"1,290",2.46,"3,175",54,43.52
Rich County,2033,"3,258",29,25,4,25,132,476,351,"1,532",633,135,"1,315",2.44,"3,204",54,44.02
Rich County,2034,"3,282",31,27,4,20,141,449,352,"1,565",632,143,"1,338",2.41,"3,228",54,44.47
Rich County,2035,"3,302",32,28,4,17,150,426,350,"1,591",636,150,"1,359",2.39,"3,248",54,44.9
Rich County,2036,"3,323",32,29,4,17,157,410,346,"1,609",643,158,"1,379",2.37,"3,269",54,45.28
Rich County,2037,"3,345",33,30,3,19,162,399,329,"1,636",646,172,"1,400",2.35,"3,291",54,45.6
Rich County,2038,"3,368",33,30,2,21,166,392,314,"1,658",656,181,"1,420",2.33,"3,314",54,45.86
Rich County,2039,"3,392",33,31,2,22,168,379,307,"1,682",666,190,"1,441",2.32,"3,338",54,46.02
Rich County,2040,"3,417",33,32,1,24,169,382,287,"1,706",674,199,"1,462",2.3,"3,363",54,46.14
Rich County,2041,"3,442",32,32,0,25,169,370,283,"1,734",676,209,"1,482",2.29,"3,388",54,46.26
Rich County,2042,"3,466",32,33,-1,26,169,378,263,"1,755",680,222,"1,501",2.27,"3,412",54,46.44
Rich County,2043,"3,491",31,34,-2,27,167,390,244,"1,763",697,229,"1,519",2.26,"3,437",54,46.62
Rich County,2044,"3,516",31,34,-3,28,165,404,228,"1,763",722,233,"1,537",2.25,"3,462",54,46.76
Rich County,2045,"3,542",30,35,-4,30,163,419,212,"1,764",746,239,"1,554",2.24,"3,488",54,46.92
Rich County,2046,"3,568",30,35,-5,32,161,432,189,"1,774",763,248,"1,571",2.24,"3,514",54,47.3
Rich County,2047,"3,595",29,36,-6,33,158,445,182,"1,775",782,253,"1,589",2.23,"3,541",54,47.65
Rich County,2048,"3,623",29,36,-7,35,155,455,161,"1,786",804,262,"1,606",2.22,"3,569",54,47.99
Rich County,2049,"3,651",28,37,-8,36,152,462,163,"1,775",828,270,"1,623",2.22,"3,597",54,48.11
Rich County,2050,"3,678",28,37,-9,37,150,466,170,"1,756",858,279,"1,640",2.21,"3,624",54,48.34
Rich County,2051,"3,705",27,37,-10,37,147,468,180,"1,737",888,286,"1,658",2.2,"3,651",54,48.71
Rich County,2052,"3,731",27,38,-11,37,145,467,191,"1,724",913,291,"1,675",2.2,"3,677",54,49.18
Rich County,2053,"3,757",27,38,-11,37,143,465,204,"1,711",937,297,"1,692",2.19,"3,703",54,49.68
Rich County,2054,"3,782",27,39,-12,37,142,461,216,"1,697",967,299,"1,709",2.18,"3,728",54,50.19
Rich County,2055,"3,807",27,39,-12,37,141,456,227,"1,687",991,305,"1,727",2.17,"3,753",54,50.66
Rich County,2056,"3,832",27,39,-13,37,140,451,236,"1,683","1,007",315,"1,744",2.17,"3,778",54,51.09
Rich County,2057,"3,856",27,40,-13,38,140,445,242,"1,686","1,015",327,"1,762",2.16,"3,802",54,51.58
Rich County,2058,"3,880",27,40,-13,38,140,439,247,"1,697","1,016",341,"1,780",2.15,"3,826",54,52.08
Rich County,2059,"3,904",27,41,-14,38,141,434,249,"1,713","1,014",353,"1,798",2.14,"3,850",54,52.57
Rich County,2060,"3,928",28,41,-14,38,141,428,250,"1,729","1,014",365,"1,816",2.13,"3,874",54,53.05
Rich County,2061,"3,953",28,42,-14,38,143,423,250,"1,744","1,019",374,"1,834",2.13,"3,899",54,53.53
Rich County,2062,"3,977",28,42,-14,38,144,419,249,"1,758","1,020",386,"1,853",2.12,"3,923",54,54.01
Rich County,2063,"4,001",29,43,-15,39,146,415,247,"1,774","1,013",405,"1,871",2.11,"3,947",54,54.5
Rich County,2064,"4,025",29,44,-15,39,147,412,245,"1,779","1,014",427,"1,888",2.1,"3,971",54,54.98
Rich County,2065,"4,049",29,45,-16,40,149,411,241,"1,784","1,015",449,"1,906",2.1,"3,995",54,55.45
Salt Lake County,2025,"1,241,601","13,733","7,382","6,351","2,584","71,903","216,173","128,297","663,087","145,914","16,227","453,682",2.69,"1,222,597","19,004",35.3
Salt Lake County,2026,"1,249,759","13,439","7,518","5,921","2,237","70,334","211,171","130,076","670,129","151,027","17,022","461,381",2.67,"1,230,552","19,207",35.76
Salt Lake County,2027,"1,257,582","13,289","7,687","5,602","2,221","68,540","206,990","130,988","677,256","155,885","17,923","469,026",2.64,"1,238,209","19,373",36.22
Salt Lake County,2028,"1,265,241","13,259","7,885","5,374","2,286","67,222","202,764","130,400","685,587","160,135","19,133","476,581",2.61,"1,245,740","19,501",36.67
Salt Lake County,2029,"1,272,881","13,324","8,105","5,219","2,421","66,218","199,063","128,941","694,331","164,131","20,196","484,050",2.59,"1,253,265","19,617",37.12
Salt Lake County,2030,"1,280,611","13,459","8,342","5,117","2,612","65,985","195,226","127,196","703,251","167,786","21,167","491,417",2.57,"1,260,889","19,722",37.56
Salt Lake County,2031,"1,288,529","13,638","8,589","5,049","2,869","66,228","190,989","125,496","712,550","171,220","22,045","498,700",2.54,"1,268,679","19,850",37.97
Salt Lake County,2032,"1,296,689","13,836","8,841","4,995","3,165","66,827","186,677","123,444","722,206","173,413","24,121","505,905",2.52,"1,276,684","20,005",38.36
Salt Lake County,2033,"1,305,101","14,028","9,092","4,936","3,476","67,653","182,683","121,122","731,718","176,110","25,816","513,023",2.5,"1,284,934","20,167",38.73
Salt Lake County,2034,"1,313,714","14,188","9,335","4,853","3,760","68,568","179,086","119,286","740,025","179,290","27,460","520,043",2.49,"1,293,399","20,315",39.07
Salt Lake County,2035,"1,322,469","14,290","9,564","4,726","4,029","69,445","176,165","117,438","747,395","182,909","29,115","526,960",2.47,"1,302,020","20,449",39.39
Salt Lake County,2036,"1,331,361","14,308","9,773","4,535","4,358","70,159","174,101","115,677","753,860","186,689","30,876","533,824",2.46,"1,310,799","20,562",39.7
Salt Lake County,2037,"1,340,612","14,302","10,022","4,280","4,971","70,683","172,451","114,307","760,666","189,722","32,783","540,682",2.44,"1,319,933","20,679",39.99
Salt Lake County,2038,"1,350,297","14,279","10,269","4,010","5,675","71,015","171,135","112,795","768,275","192,336","34,741","547,571",2.43,"1,329,479","20,819",40.25
Salt Lake County,2039,"1,360,291","14,241","10,469","3,772","6,222","71,158","170,945","110,424","776,136","194,906","36,722","554,444",2.42,"1,339,338","20,953",40.48
Salt Lake County,2040,"1,370,390","14,186","10,712","3,474","6,626","71,136","170,789","108,515","783,470","197,820","38,659","561,210",2.4,"1,349,309","21,081",40.73
Salt Lake County,2041,"1,380,391","14,111","10,905","3,206","6,795","71,010","171,171","106,367","790,250","201,059","40,535","567,835",2.39,"1,359,165","21,226",41
Salt Lake County,2042,"1,390,312","14,015","11,095","2,919","7,002","70,788","171,791","104,440","795,681","205,152","42,460","574,336",2.38,"1,368,953","21,360",41.3
Salt Lake County,2043,"1,400,223","13,894","11,328","2,567","7,345","70,470","173,054","102,547","800,211","209,680","44,260","580,716",2.37,"1,378,736","21,487",41.61
Salt Lake County,2044,"1,410,263","13,758","11,507","2,251","7,789","70,068","174,579","100,581","804,635","214,428","45,972","587,040",2.37,"1,388,647","21,617",41.92
Salt Lake County,2045,"1,420,497","13,610","11,729","1,882","8,351","69,594","176,257","98,549","809,036","219,462","47,598","593,335",2.36,"1,398,727","21,770",42.26
Salt Lake County,2046,"1,430,942","13,456","11,942","1,513","8,932","69,055","177,948","97,432","813,062","224,252","49,193","599,638",2.35,"1,409,000","21,942",42.6
Salt Lake County,2047,"1,441,569","13,297","12,099","1,198","9,429","68,456","179,522","96,440","817,378","229,092","50,681","605,976",2.34,"1,419,449","22,120",42.95
Salt Lake County,2048,"1,452,309","13,135","12,312",823,"9,917","67,814","180,884","96,088","821,726","233,838","51,960","612,319",2.34,"1,429,991","22,319",43.3
Salt Lake County,2049,"1,463,049","12,973","12,510",462,"10,278","67,133","181,949","96,199","826,544","238,219","53,004","618,658",2.33,"1,440,516","22,533",43.65
Salt Lake County,2050,"1,473,675","12,812","12,650",162,"10,464","66,418","182,654","97,113","830,832","242,814","53,844","624,995",2.32,"1,450,915","22,760",44.01
Salt Lake County,2051,"1,484,009","12,658","12,841",-183,"10,517","65,680","182,967","98,523","834,820","247,476","54,543","631,270",2.31,"1,461,015","22,994",44.38
Salt Lake County,2052,"1,493,998","12,510","13,029",-520,"10,508","64,931","182,900","100,221","838,397","252,271","55,277","637,477",2.31,"1,470,770","23,228",44.76
Salt Lake County,2053,"1,503,705","12,373","13,216",-843,"10,550","64,197","182,508","102,040","841,056","257,765","56,138","643,647",2.3,"1,480,246","23,459",45.15
Salt Lake County,2054,"1,513,222","12,249","13,401","-1,153","10,670","63,501","181,882","103,814","842,829","263,879","57,318","649,815",2.29,"1,489,538","23,684",45.52
Salt Lake County,2055,"1,522,607","12,141","13,529","-1,388","10,773","62,857","181,045","105,449","843,834","270,592","58,831","656,012",2.28,"1,498,704","23,903",45.88
Salt Lake County,2056,"1,531,872","12,051","13,716","-1,665","10,929","62,283","180,025","106,889","844,450","277,696","60,529","662,227",2.28,"1,507,755","24,117",46.24
Salt Lake County,2057,"1,541,010","11,983","13,962","-1,978","11,117","61,791","178,852","108,097","844,935","285,447","61,888","668,439",2.27,"1,516,689","24,321",46.58
Salt Lake County,2058,"1,550,019","11,938","14,151","-2,213","11,222","61,387","177,542","109,051","845,496","293,420","63,123","674,643",2.26,"1,525,498","24,521",46.9
Salt Lake County,2059,"1,558,942","11,913","14,342","-2,428","11,352","61,079","176,128","109,758","846,659","300,895","64,423","680,844",2.25,"1,534,225","24,717",47.2
Salt Lake County,2060,"1,567,836","11,909","14,475","-2,566","11,460","60,869","174,644","110,241","848,335","307,740","66,007","687,066",2.25,"1,542,925","24,912",47.51
Salt Lake County,2061,"1,576,704","11,923","14,677","-2,753","11,621","60,760","173,141","110,556","850,332","314,141","67,775","693,285",2.24,"1,551,604","25,100",47.81
Salt Lake County,2062,"1,585,541","11,953","14,883","-2,930","11,767","60,745","171,656","110,702","852,807","319,518","70,113","699,483",2.23,"1,560,259","25,282",48.1
Salt Lake County,2063,"1,594,349","11,997","15,094","-3,097","11,905","60,816","170,228","110,675","856,106","323,876","72,647","705,640",2.22,"1,568,883","25,465",48.38
Salt Lake County,2064,"1,603,140","12,053","15,309","-3,256","12,047","60,965","168,893","110,481","859,977","327,569","75,255","711,753",2.22,"1,577,489","25,652",48.65
Salt Lake County,2065,"1,611,928","12,121","15,529","-3,407","12,194","61,185","167,685","110,126","862,706","332,219","78,007","717,815",2.21,"1,586,083","25,844",48.91
San Juan County,2025,"15,037",141,106,34,-2,845,"2,940","1,768","7,001","2,238",245,"5,580",2.62,"14,627",410,35.59
San Juan County,2026,"15,093",139,110,30,26,801,"2,857","1,755","7,091","2,330",259,"5,681",2.58,"14,681",412,36.11
San Juan County,2027,"15,167",142,114,28,47,767,"2,790","1,742","7,173","2,419",276,"5,787",2.55,"14,754",414,36.6
San Juan County,2028,"15,259",148,119,29,62,758,"2,715","1,736","7,263","2,494",293,"5,895",2.52,"14,845",414,37.04
San Juan County,2029,"15,363",157,124,33,72,758,"2,661","1,697","7,360","2,584",303,"6,004",2.49,"14,950",413,37.47
San Juan County,2030,"15,477",167,130,37,77,786,"2,585","1,664","7,453","2,673",317,"6,111",2.47,"15,064",412,37.85
San Juan County,2031,"15,596",177,135,42,77,826,"2,507","1,646","7,560","2,728",330,"6,215",2.44,"15,184",412,38.16
San Juan County,2032,"15,716",187,141,47,74,873,"2,435","1,606","7,704","2,736",362,"6,314",2.42,"15,304",412,38.41
San Juan County,2033,"15,834",196,146,50,67,922,"2,359","1,574","7,838","2,760",380,"6,407",2.41,"15,421",412,38.59
San Juan County,2034,"15,943",203,150,52,57,969,"2,292","1,556","7,943","2,789",393,"6,494",2.39,"15,531",412,38.75
San Juan County,2035,"16,039",206,154,51,44,"1,008","2,255","1,519","8,033","2,811",412,"6,573",2.38,"15,629",410,38.94
San Juan County,2036,"16,117",205,157,47,31,"1,034","2,249","1,480","8,058","2,869",427,"6,642",2.37,"15,711",406,39.09
San Juan County,2037,"16,201",203,161,42,42,"1,049","2,263","1,428","8,081","2,930",450,"6,711",2.35,"15,800",401,39.3
San Juan County,2038,"16,277",201,165,36,40,"1,054","2,285","1,375","8,125","2,962",476,"6,773",2.34,"15,880",397,39.53
San Juan County,2039,"16,363",198,168,31,56,"1,051","2,306","1,340","8,182","2,990",495,"6,837",2.34,"15,969",394,39.79
San Juan County,2040,"16,448",195,171,24,61,"1,042","2,337","1,290","8,255","3,011",513,"6,898",2.33,"16,055",393,40.17
San Juan County,2041,"16,541",192,174,18,74,"1,031","2,388","1,227","8,332","3,024",539,"6,960",2.32,"16,150",391,40.56
San Juan County,2042,"16,630",188,176,12,78,"1,017","2,439","1,190","8,377","3,042",566,"7,018",2.31,"16,242",388,40.97
San Juan County,2043,"16,718",183,180,4,84,"1,001","2,504","1,157","8,408","3,060",587,"7,073",2.31,"16,333",385,41.35
San Juan County,2044,"16,798",178,182,-4,84,982,"2,570","1,129","8,443","3,057",617,"7,125",2.3,"16,416",381,41.72
San Juan County,2045,"16,885",174,185,-11,99,961,"2,633","1,104","8,472","3,068",647,"7,178",2.3,"16,506",379,42.08
San Juan County,2046,"16,972",170,188,-18,105,941,"2,688","1,072","8,515","3,083",673,"7,230",2.3,"16,594",378,42.46
San Juan County,2047,"17,077",167,190,-23,128,922,"2,735","1,059","8,579","3,083",699,"7,288",2.29,"16,698",379,42.83
San Juan County,2048,"17,185",164,193,-29,136,905,"2,768","1,073","8,643","3,079",716,"7,346",2.29,"16,804",380,43.21
San Juan County,2049,"17,301",162,196,-34,151,891,"2,788","1,101","8,711","3,073",738,"7,409",2.28,"16,919",383,43.56
San Juan County,2050,"17,420",160,198,-38,157,877,"2,794","1,155","8,768","3,064",761,"7,474",2.28,"17,034",386,43.91
San Juan County,2051,"17,528",158,200,-42,151,865,"2,784","1,221","8,810","3,083",765,"7,538",2.27,"17,139",390,44.3
San Juan County,2052,"17,640",158,203,-45,156,855,"2,763","1,291","8,855","3,119",755,"7,605",2.27,"17,247",393,44.69
San Juan County,2053,"17,755",158,205,-47,162,848,"2,735","1,361","8,882","3,182",747,"7,675",2.26,"17,358",397,45.08
San Juan County,2054,"17,866",158,207,-49,161,844,"2,703","1,421","8,908","3,250",740,"7,747",2.25,"17,466",400,45.44
San Juan County,2055,"17,977",158,208,-50,161,842,"2,668","1,471","8,952","3,310",735,"7,822",2.25,"17,575",402,45.8
San Juan County,2056,"18,075",159,210,-51,149,842,"2,628","1,507","9,001","3,347",750,"7,893",2.24,"17,670",404,46.15
San Juan County,2057,"18,162",160,213,-53,141,843,"2,588","1,529","9,049","3,383",771,"7,963",2.23,"17,756",406,46.46
San Juan County,2058,"18,251",161,215,-54,143,845,"2,549","1,539","9,112","3,428",778,"8,035",2.22,"17,844",407,46.77
San Juan County,2059,"18,340",162,216,-54,144,849,"2,513","1,538","9,191","3,469",781,"8,108",2.21,"17,932",408,47.08
San Juan County,2060,"18,431",163,217,-54,145,854,"2,480","1,529","9,286","3,501",781,"8,183",2.2,"18,022",408,47.4
San Juan County,2061,"18,525",164,219,-55,149,859,"2,453","1,515","9,376","3,541",782,"8,261",2.19,"18,117",408,47.71
San Juan County,2062,"18,624",165,220,-56,154,864,"2,431","1,497","9,466","3,577",787,"8,340",2.18,"18,216",408,48.01
San Juan County,2063,"18,728",165,222,-56,161,870,"2,416","1,476","9,544","3,633",791,"8,422",2.18,"18,321",407,48.32
San Juan County,2064,"18,832",166,223,-58,162,874,"2,406","1,452","9,609","3,703",789,"8,503",2.17,"18,427",406,48.64
San Juan County,2065,"18,936",166,225,-59,162,878,"2,400","1,427","9,623","3,812",797,"8,584",2.16,"18,531",405,48.94
Sanpete County,2025,"31,444",386,277,109,436,"2,046","5,302","5,295","14,148","4,204",449,"9,586",2.98,"28,556","2,888",33.41
Sanpete County,2026,"32,021",388,305,83,494,"2,064","5,310","5,754","14,107","4,327",459,"9,776",2.98,"29,109","2,912",33.29
Sanpete County,2027,"32,614",393,323,70,522,"2,055","5,377","6,259","14,036","4,416",471,"9,977",2.97,"29,680","2,934",33.04
Sanpete County,2028,"33,204",401,331,69,521,"2,060","5,445","6,409","14,325","4,476",489,"10,182",2.97,"30,244","2,960",32.71
Sanpete County,2029,"33,777",410,333,77,497,"2,077","5,474","6,467","14,715","4,544",501,"10,390",2.96,"30,788","2,989",32.44
Sanpete County,2030,"34,325",421,330,91,456,"2,108","5,501","6,483","15,113","4,610",509,"10,598",2.95,"31,311","3,013",32.36
Sanpete County,2031,"34,840",433,324,109,406,"2,147","5,548","6,412","15,542","4,673",518,"10,802",2.94,"31,809","3,031",32.17
Sanpete County,2032,"35,321",445,317,128,353,"2,190","5,601","6,325","15,940","4,702",564,"10,999",2.93,"32,277","3,044",32.08
Sanpete County,2033,"35,771",456,309,146,303,"2,235","5,637","6,251","16,304","4,744",600,"11,189",2.92,"32,717","3,054",30.94
Sanpete County,2034,"36,195",466,305,161,263,"2,281","5,682","6,185","16,589","4,821",637,"11,372",2.91,"33,134","3,062",31.13
Sanpete County,2035,"36,605",474,304,169,240,"2,326","5,739","6,129","16,834","4,891",686,"11,549",2.9,"33,537","3,068",31.41
Sanpete County,2036,"37,017",479,309,169,243,"2,368","5,814","6,047","17,074","4,976",738,"11,722",2.9,"33,941","3,076",31.7
Sanpete County,2037,"37,463",486,316,170,276,"2,410","5,909","5,985","17,281","5,089",788,"11,900",2.89,"34,377","3,087",31.98
Sanpete County,2038,"37,923",491,323,168,291,"2,448","6,019","5,956","17,465","5,198",837,"12,080",2.88,"34,824","3,099",32.3
Sanpete County,2039,"38,401",492,328,164,315,"2,478","6,101","5,989","17,646","5,302",885,"12,264",2.88,"35,284","3,117",32.62
Sanpete County,2040,"38,870",492,334,158,310,"2,500","6,153","6,042","17,821","5,423",929,"12,449",2.87,"35,736","3,134",32.93
Sanpete County,2041,"39,342",491,340,152,321,"2,515","6,218","6,094","17,965","5,586",966,"12,639",2.86,"36,196","3,146",33.24
Sanpete County,2042,"39,795",490,345,145,307,"2,518","6,294","6,146","18,059","5,773","1,006","12,824",2.86,"36,637","3,158",33.52
Sanpete County,2043,"40,257",489,351,138,325,"2,515","6,384","6,206","18,158","5,952","1,042","13,014",2.85,"37,092","3,165",33.78
Sanpete County,2044,"40,693",488,356,132,304,"2,508","6,473","6,264","18,234","6,128","1,086","13,198",2.84,"37,521","3,172",34.03
Sanpete County,2045,"41,101",485,362,123,285,"2,496","6,557","6,320","18,283","6,309","1,136","13,375",2.84,"37,919","3,181",34.32
Sanpete County,2046,"41,527",482,368,114,312,"2,485","6,640","6,340","18,396","6,473","1,194","13,559",2.83,"38,334","3,193",34.58
Sanpete County,2047,"41,960",480,372,107,325,"2,474","6,716","6,326","18,534","6,669","1,241","13,746",2.82,"38,751","3,209",34.84
Sanpete County,2048,"42,401",479,379,100,341,"2,466","6,785","6,323","18,680","6,869","1,278","13,936",2.81,"39,175","3,226",35.05
Sanpete County,2049,"42,843",480,385,95,347,"2,459","6,843","6,340","18,845","7,041","1,315","14,127",2.8,"39,597","3,246",35.24
Sanpete County,2050,"43,252",481,389,92,317,"2,455","6,881","6,377","18,986","7,207","1,346","14,309",2.79,"39,987","3,265",35.45
Sanpete County,2051,"43,646",483,395,88,305,"2,453","6,902","6,435","19,137","7,345","1,374","14,488",2.79,"40,363","3,283",35.64
Sanpete County,2052,"44,025",485,400,85,294,"2,456","6,907","6,505","19,306","7,452","1,399","14,662",2.78,"40,724","3,301",35.83
Sanpete County,2053,"44,392",489,406,83,284,"2,463","6,900","6,580","19,474","7,553","1,423","14,833",2.77,"41,072","3,321",35.99
Sanpete County,2054,"44,728",494,411,83,253,"2,472","6,879","6,650","19,641","7,621","1,465","14,996",2.76,"41,390","3,338",36.14
Sanpete County,2055,"45,037",499,415,84,226,"2,484","6,845","6,715","19,796","7,687","1,509","15,151",2.75,"41,682","3,356",36.27
Sanpete County,2056,"45,319",503,420,84,198,"2,499","6,802","6,770","19,928","7,754","1,565","15,299",2.74,"41,948","3,371",36.4
Sanpete County,2057,"45,574",508,426,81,174,"2,516","6,756","6,810","20,059","7,797","1,636","15,439",2.73,"42,191","3,382",36.56
Sanpete County,2058,"45,823",512,431,81,169,"2,534","6,714","6,835","20,226","7,812","1,702","15,579",2.72,"42,433","3,390",36.75
Sanpete County,2059,"46,085",517,436,80,182,"2,555","6,683","6,847","20,442","7,795","1,763","15,723",2.72,"42,690","3,395",36.97
Sanpete County,2060,"46,363",521,439,82,196,"2,579","6,663","6,848","20,694","7,745","1,835","15,871",2.71,"42,963","3,400",37.16
Sanpete County,2061,"46,633",525,444,81,189,"2,601","6,651","6,837","20,963","7,656","1,926","16,016",2.7,"43,229","3,404",37.35
Sanpete County,2062,"46,904",529,449,80,192,"2,623","6,648","6,814","21,196","7,590","2,033","16,161",2.69,"43,499","3,406",37.51
Sanpete County,2063,"47,189",532,454,78,206,"2,645","6,658","6,783","21,394","7,576","2,133","16,309",2.68,"43,781","3,408",37.65
Sanpete County,2064,"47,466",535,459,76,201,"2,665","6,677","6,746","21,643","7,501","2,234","16,451",2.68,"44,057","3,409",37.79
Sanpete County,2065,"47,738",538,464,74,199,"2,681","6,705","6,706","21,856","7,452","2,338","16,592",2.67,"44,329","3,409",37.93
Sevier County,2025,"21,943",261,211,51,-80,"1,419","4,283","2,393","9,818","3,599",431,"7,640",2.84,"21,667",276,37.64
Sevier County,2026,"21,907",259,213,45,-81,"1,386","4,187","2,442","9,746","3,693",453,"7,698",2.81,"21,634",273,38.05
Sevier County,2027,"21,877",258,217,41,-71,"1,354","4,098","2,418","9,760","3,774",473,"7,758",2.79,"21,607",270,38.48
Sevier County,2028,"21,863",258,221,37,-51,"1,333","4,017","2,286","9,878","3,842",506,"7,819",2.76,"21,595",268,38.9
Sevier County,2029,"21,871",259,225,33,-25,"1,297","3,981","2,206","9,956","3,900",530,"7,884",2.74,"21,604",267,39.29
Sevier County,2030,"21,907",260,230,30,5,"1,303","3,945","2,135","10,041","3,934",548,"7,951",2.72,"21,639",267,39.65
Sevier County,2031,"21,971",262,235,27,37,"1,314","3,900","2,071","10,183","3,934",571,"8,023",2.71,"21,703",268,39.96
Sevier County,2032,"22,064",264,240,24,68,"1,329","3,868","2,033","10,328","3,879",627,"8,099",2.69,"21,796",268,40.29
Sevier County,2033,"22,181",266,245,21,96,"1,345","3,836","2,012","10,487","3,845",655,"8,180",2.68,"21,913",267,40.57
Sevier County,2034,"22,315",267,250,18,117,"1,360","3,809","1,995","10,646","3,819",687,"8,264",2.67,"22,049",267,40.78
Sevier County,2035,"22,458",267,254,13,130,"1,372","3,804","1,966","10,780","3,816",721,"8,349",2.66,"22,193",265,40.92
Sevier County,2036,"22,600",266,258,8,133,"1,379","3,794","1,958","10,889","3,820",760,"8,433",2.65,"22,335",264,40.98
Sevier County,2037,"22,751",267,263,4,147,"1,383","3,808","1,959","10,981","3,819",800,"8,520",2.64,"22,487",264,41.04
Sevier County,2038,"22,904",267,269,-2,155,"1,385","3,828","1,937","11,098","3,817",839,"8,607",2.63,"22,639",265,41.12
Sevier County,2039,"23,061",265,273,-8,165,"1,382","3,839","1,929","11,210","3,820",880,"8,695",2.62,"22,796",265,41.19
Sevier County,2040,"23,212",262,278,-16,167,"1,377","3,847","1,910","11,302","3,853",923,"8,784",2.61,"22,947",264,41.29
Sevier County,2041,"23,362",259,282,-23,173,"1,370","3,860","1,883","11,371","3,918",961,"8,873",2.6,"23,099",263,41.43
Sevier County,2042,"23,504",256,286,-30,172,"1,358","3,850","1,894","11,392","4,020",991,"8,959",2.59,"23,242",262,41.59
Sevier County,2043,"23,648",253,291,-39,182,"1,344","3,874","1,863","11,417","4,137","1,013","9,047",2.58,"23,386",262,41.8
Sevier County,2044,"23,781",249,295,-46,179,"1,328","3,897","1,850","11,423","4,239","1,045","9,131",2.58,"23,519",262,42.1
Sevier County,2045,"23,905",245,300,-56,179,"1,309","3,915","1,843","11,427","4,337","1,075","9,212",2.57,"23,642",263,42.54
Sevier County,2046,"24,031",240,305,-65,192,"1,289","3,927","1,826","11,437","4,448","1,105","9,296",2.56,"23,768",263,43.01
Sevier County,2047,"24,158",236,309,-74,201,"1,268","3,932","1,814","11,444","4,572","1,127","9,382",2.55,"23,894",264,43.44
Sevier County,2048,"24,286",232,315,-83,210,"1,247","3,931","1,816","11,464","4,677","1,150","9,469",2.54,"24,021",265,43.86
Sevier County,2049,"24,411",228,320,-92,217,"1,226","3,921","1,804","11,504","4,791","1,165","9,557",2.53,"24,145",266,44.26
Sevier County,2050,"24,526",225,324,-99,213,"1,206","3,902","1,827","11,512","4,913","1,166","9,642",2.52,"24,260",266,44.67
Sevier County,2051,"24,634",222,329,-107,215,"1,188","3,875","1,854","11,537","5,028","1,153","9,726",2.51,"24,368",266,45.09
Sevier County,2052,"24,737",220,334,-114,217,"1,172","3,842","1,879","11,569","5,142","1,133","9,808",2.49,"24,470",266,45.48
Sevier County,2053,"24,834",218,339,-121,219,"1,159","3,804","1,902","11,600","5,257","1,113","9,889",2.48,"24,568",266,45.85
Sevier County,2054,"24,922",217,344,-127,215,"1,147","3,763","1,918","11,618","5,373","1,103","9,967",2.47,"24,656",266,46.22
Sevier County,2055,"25,002",216,348,-132,212,"1,138","3,717","1,930","11,637","5,468","1,112","10,043",2.46,"24,736",266,46.58
Sevier County,2056,"25,074",216,353,-137,209,"1,131","3,668","1,937","11,664","5,544","1,130","10,116",2.45,"24,808",265,46.94
Sevier County,2057,"25,138",215,359,-145,209,"1,126","3,618","1,938","11,675","5,633","1,147","10,187",2.44,"24,873",264,47.29
Sevier County,2058,"25,199",214,364,-150,212,"1,122","3,569","1,934","11,703","5,710","1,161","10,256",2.43,"24,936",263,47.62
Sevier County,2059,"25,263",214,369,-156,219,"1,119","3,524","1,926","11,757","5,758","1,179","10,325",2.42,"25,001",262,47.93
Sevier County,2060,"25,329",213,373,-160,226,"1,117","3,482","1,915","11,839","5,761","1,215","10,395",2.41,"25,068",261,48.17
Sevier County,2061,"25,393",213,379,-166,229,"1,115","3,443","1,901","11,924","5,743","1,267","10,463",2.4,"25,133",260,48.44
Sevier County,2062,"25,455",212,384,-172,235,"1,113","3,407","1,884","12,005","5,713","1,334","10,531",2.39,"25,197",259,48.72
Sevier County,2063,"25,520",211,390,-178,243,"1,110","3,376","1,863","12,089","5,677","1,405","10,598",2.38,"25,263",257,48.98
Sevier County,2064,"25,582",211,396,-185,247,"1,108","3,350","1,839","12,165","5,650","1,471","10,662",2.38,"25,326",256,49.26
Sevier County,2065,"25,643",210,401,-192,252,"1,104","3,328","1,813","12,224","5,642","1,531","10,725",2.37,"25,387",255,49.54
Summit County,2025,"43,374",389,155,235,-164,"1,957","6,643","4,034","22,416","7,762",563,"15,637",2.77,"43,245",129,43.28
Summit County,2026,"43,414",388,157,231,-191,"1,924","6,398","4,098","22,216","8,144",634,"15,841",2.73,"43,285",129,43.82
Summit County,2027,"43,454",387,170,218,-178,"1,892","6,183","4,083","22,082","8,492",721,"16,041",2.7,"43,325",129,44.35
Summit County,2028,"43,493",388,191,198,-159,"1,896","5,947","3,979","22,064","8,764",843,"16,234",2.67,"43,364",129,44.84
Summit County,2029,"43,524",390,218,173,-141,"1,858","5,783","3,864","22,043","9,032",944,"16,417",2.64,"43,395",129,45.31
Summit County,2030,"43,620",393,249,144,-49,"1,872","5,628","3,757","22,056","9,264","1,044","16,609",2.62,"43,491",129,45.71
Summit County,2031,"43,792",397,282,115,58,"1,892","5,520","3,635","22,163","9,463","1,120","16,813",2.6,"43,663",129,46.05
Summit County,2032,"44,044",401,315,86,166,"1,920","5,441","3,510","22,326","9,603","1,245","17,028",2.58,"43,915",129,46.31
Summit County,2033,"44,370",406,347,59,266,"1,953","5,362","3,451","22,524","9,735","1,345","17,256",2.56,"44,241",129,46.5
Summit County,2034,"44,751",412,374,37,344,"1,990","5,348","3,365","22,726","9,882","1,440","17,493",2.55,"44,622",129,46.63
Summit County,2035,"45,164",418,396,22,391,"2,028","5,381","3,252","22,933","10,034","1,536","17,731",2.54,"45,035",129,46.72
Summit County,2036,"45,579",425,410,14,401,"2,064","5,414","3,165","23,122","10,173","1,640","17,963",2.53,"45,450",129,46.84
Summit County,2037,"46,006",431,426,4,424,"2,100","5,480","3,081","23,354","10,254","1,738","18,191",2.52,"45,877",129,46.97
Summit County,2038,"46,450",436,442,-7,450,"2,134","5,557","3,021","23,623","10,264","1,851","18,416",2.52,"46,321",129,47.03
Summit County,2039,"46,903",440,455,-15,468,"2,165","5,633","2,978","23,914","10,242","1,969","18,637",2.51,"46,774",129,47.06
Summit County,2040,"47,355",443,470,-27,480,"2,193","5,713","2,918","24,245","10,188","2,098","18,853",2.51,"47,226",129,47.11
Summit County,2041,"47,799",444,482,-37,481,"2,214","5,827","2,875","24,520","10,136","2,228","19,060",2.5,"47,670",129,47.13
Summit County,2042,"48,234",444,493,-49,484,"2,228","5,900","2,913","24,731","10,085","2,377","19,259",2.5,"48,105",129,47.12
Summit County,2043,"48,664",442,506,-64,494,"2,236","6,012","2,907","24,957","10,050","2,501","19,453",2.49,"48,535",129,47.13
Summit County,2044,"49,094",439,516,-77,508,"2,236","6,132","2,922","25,163","10,053","2,588","19,643",2.49,"48,965",129,47.12
Summit County,2045,"49,528",434,528,-94,527,"2,230","6,253","2,948","25,378","10,062","2,656","19,827",2.49,"49,399",129,47.1
Summit County,2046,"49,965",429,538,-110,547,"2,218","6,373","2,972","25,639","10,049","2,712","20,009",2.49,"49,836",129,47.04
Summit County,2047,"50,404",422,545,-123,562,"2,200","6,488","3,004","25,947","10,012","2,753","20,189",2.49,"50,275",129,47.03
Summit County,2048,"50,843",415,554,-139,577,"2,177","6,595","3,075","26,230","10,001","2,765","20,367",2.49,"50,714",129,47.01
Summit County,2049,"51,276",408,561,-153,586,"2,149","6,690","3,111","26,562","9,996","2,767","20,542",2.49,"51,147",129,47.06
Summit County,2050,"51,698",401,565,-165,587,"2,117","6,769","3,189","26,861","10,007","2,756","20,717",2.49,"51,569",129,47.22
Summit County,2051,"52,104",393,571,-178,584,"2,082","6,831","3,275","27,154","10,041","2,721","20,888",2.49,"51,975",129,47.44
Summit County,2052,"52,492",386,576,-190,577,"2,044","6,873","3,363","27,449","10,067","2,695","21,058",2.49,"52,363",129,47.66
Summit County,2053,"52,863",379,580,-201,573,"2,006","6,896","3,451","27,756","10,095","2,659","21,227",2.48,"52,734",129,47.9
Summit County,2054,"53,222",373,584,-211,571,"1,970","6,900","3,537","28,023","10,151","2,641","21,396",2.48,"53,093",129,48.14
Summit County,2055,"53,571",367,584,-217,566,"1,935","6,884","3,620","28,251","10,246","2,636","21,568",2.48,"53,442",129,48.41
Summit County,2056,"53,911",362,587,-225,565,"1,903","6,851","3,699","28,505","10,324","2,631","21,742",2.47,"53,782",129,48.68
Summit County,2057,"54,242",358,592,-233,564,"1,875","6,801","3,773","28,764","10,438","2,591","21,916",2.47,"54,113",129,48.95
Summit County,2058,"54,564",356,594,-238,559,"1,852","6,737","3,841","29,008","10,594","2,532","22,091",2.46,"54,435",129,49.2
Summit County,2059,"54,878",354,595,-240,554,"1,833","6,660","3,902","29,261","10,750","2,472","22,268",2.46,"54,749",129,49.45
Summit County,2060,"55,186",354,592,-238,547,"1,819","6,572","3,954","29,526","10,903","2,411","22,448",2.45,"55,057",129,49.7
Summit County,2061,"55,489",355,593,-239,542,"1,811","6,478","3,995","29,782","11,063","2,359","22,629",2.45,"55,360",129,49.94
Summit County,2062,"55,787",356,594,-238,535,"1,809","6,380","4,023","30,038","11,208","2,329","22,812",2.44,"55,658",129,50.16
Summit County,2063,"56,079",359,595,-236,528,"1,812","6,282","4,037","30,292","11,359","2,299","22,994",2.43,"55,950",129,50.35
Summit County,2064,"56,367",363,596,-233,521,"1,819","6,186","4,036","30,562","11,487","2,277","23,178",2.43,"56,238",129,50.53
Summit County,2065,"56,650",367,596,-230,513,"1,831","6,094","4,021","30,800","11,643","2,261","23,361",2.42,"56,521",129,50.69
Tooele County,2025,"83,733","1,092",464,628,"1,249","5,598","18,468","8,749","42,514","7,675",729,"27,666",3.02,"83,424",309,34.1
Tooele County,2026,"85,620","1,111",494,616,"1,271","5,633","18,389","9,212","43,571","8,049",766,"28,566",2.99,"85,307",313,34.57
Tooele County,2027,"87,522","1,119",519,600,"1,302","5,692","18,292","9,587","44,710","8,452",789,"29,491",2.96,"87,205",317,35.03
Tooele County,2028,"89,399","1,119",538,581,"1,296","5,707","18,225","9,766","46,033","8,831",836,"30,432",2.93,"89,078",321,35.46
Tooele County,2029,"91,222","1,114",554,561,"1,262","5,689","18,215","9,850","47,392","9,206",870,"31,381",2.9,"90,896",326,35.89
Tooele County,2030,"92,969","1,106",566,540,"1,207","5,696","18,138","9,939","48,723","9,575",898,"32,327",2.87,"92,639",330,36.3
Tooele County,2031,"94,634","1,097",577,520,"1,145","5,676","18,005","10,024","50,087","9,914",929,"33,267",2.83,"94,301",333,36.7
Tooele County,2032,"96,220","1,090",588,502,"1,084","5,636","17,850","10,057","51,437","10,205","1,034","34,200",2.8,"95,885",335,37.09
Tooele County,2033,"97,738","1,085",599,487,"1,031","5,591","17,690","10,063","52,753","10,509","1,132","35,125",2.77,"97,402",336,37.47
Tooele County,2034,"99,205","1,087",611,476,991,"5,552","17,541","10,039","54,016","10,834","1,224","36,041",2.74,"98,868",338,37.84
Tooele County,2035,"100,653","1,097",626,471,977,"5,533","17,416","9,969","55,190","11,240","1,304","36,956",2.71,"100,315",339,38.2
Tooele County,2036,"102,138","1,117",645,472,"1,012","5,548","17,313","9,913","56,225","11,754","1,385","37,882",2.69,"101,798",340,38.52
Tooele County,2037,"103,695","1,134",667,467,"1,090","5,592","17,303","9,756","57,326","12,239","1,479","38,829",2.66,"103,354",341,38.81
Tooele County,2038,"105,339","1,149",690,459,"1,185","5,659","17,346","9,519","58,551","12,687","1,578","39,799",2.64,"104,997",342,39.06
Tooele County,2039,"107,050","1,161",710,451,"1,259","5,738","17,336","9,348","59,792","13,161","1,676","40,786",2.62,"106,706",344,39.32
Tooele County,2040,"108,792","1,170",734,436,"1,306","5,817","17,350","9,166","60,973","13,710","1,776","41,786",2.6,"108,447",345,39.59
Tooele County,2041,"110,529","1,175",755,420,"1,318","5,878","17,343","9,048","62,085","14,283","1,892","42,784",2.58,"110,183",346,39.85
Tooele County,2042,"112,266","1,176",777,399,"1,337","5,921","17,322","8,997","63,110","14,881","2,034","43,781",2.56,"111,919",347,40.14
Tooele County,2043,"114,013","1,172",802,371,"1,376","5,946","17,357","8,934","64,078","15,539","2,159","44,783",2.54,"113,664",348,40.48
Tooele County,2044,"115,794","1,166",824,342,"1,440","5,953","17,406","8,973","64,940","16,247","2,275","45,800",2.52,"115,444",349,40.85
Tooele County,2045,"117,621","1,156",850,306,"1,521","5,944","17,467","9,061","65,761","16,978","2,409","46,837",2.5,"117,270",351,41.23
Tooele County,2046,"119,497","1,144",876,268,"1,609","5,921","17,547","9,097","66,653","17,720","2,559","47,897",2.49,"119,145",352,41.62
Tooele County,2047,"121,418","1,132",900,232,"1,689","5,885","17,647","9,153","67,522","18,491","2,719","48,977",2.47,"121,064",354,42
Tooele County,2048,"123,370","1,118",928,190,"1,762","5,839","17,766","9,167","68,457","19,264","2,877","50,072",2.46,"123,014",356,42.39
Tooele County,2049,"125,333","1,104",956,148,"1,815","5,785","17,899","9,152","69,471","20,003","3,023","51,175",2.44,"124,975",358,42.78
Tooele County,2050,"127,285","1,091",981,110,"1,842","5,725","18,038","9,167","70,427","20,769","3,160","52,280",2.43,"126,925",360,43.19
Tooele County,2051,"129,194","1,078","1,010",69,"1,840","5,660","18,169","9,166","71,327","21,594","3,277","53,372",2.41,"128,831",363,43.6
Tooele County,2052,"131,047","1,067","1,039",28,"1,825","5,595","18,283","9,155","72,183","22,425","3,406","54,447",2.4,"130,681",366,44.01
Tooele County,2053,"132,857","1,058","1,069",-11,"1,820","5,534","18,369","9,153","73,004","23,262","3,534","55,508",2.39,"132,488",369,44.42
Tooele County,2054,"134,639","1,051","1,099",-48,"1,830","5,481","18,415","9,181","73,807","24,086","3,671","56,563",2.37,"134,268",372,44.83
Tooele County,2055,"136,405","1,047","1,124",-77,"1,843","5,438","18,421","9,242","74,573","24,885","3,847","57,614",2.36,"136,030",375,45.23
Tooele County,2056,"138,155","1,046","1,155",-109,"1,859","5,407","18,391","9,335","75,286","25,653","4,083","58,663",2.35,"137,777",378,45.63
Tooele County,2057,"139,888","1,048","1,191",-143,"1,876","5,390","18,329","9,458","75,968","26,436","4,307","59,707",2.34,"139,507",381,46.01
Tooele County,2058,"141,603","1,054","1,223",-170,"1,885","5,389","18,240","9,602","76,675","27,193","4,505","60,745",2.32,"141,219",384,46.39
Tooele County,2059,"143,308","1,062","1,255",-193,"1,898","5,402","18,131","9,753","77,445","27,862","4,715","61,781",2.31,"142,922",386,46.76
Tooele County,2060,"145,014","1,073","1,282",-209,"1,915","5,430","18,010","9,899","78,290","28,415","4,970","62,820",2.3,"144,625",389,47.14
Tooele County,2061,"146,720","1,086","1,316",-229,"1,936","5,473","17,885","10,019","79,164","28,934","5,245","63,861",2.29,"146,329",391,47.51
Tooele County,2062,"148,426","1,101","1,349",-248,"1,954","5,528","17,765","10,110","80,059","29,417","5,547","64,901",2.28,"148,033",393,47.88
Tooele County,2063,"150,132","1,118","1,384",-266,"1,972","5,595","17,656","10,170","80,990","29,851","5,869","65,938",2.27,"149,737",394,48.24
Tooele County,2064,"151,839","1,135","1,418",-283,"1,991","5,671","17,566","10,199","82,005","30,189","6,210","66,973",2.26,"151,444",396,48.59
Tooele County,2065,"153,551","1,153","1,453",-300,"2,012","5,753","17,500","10,198","82,988","30,544","6,568","68,006",2.25,"153,155",397,48.92
Uintah County,2025,"36,428",415,285,130,84,"2,339","7,987","3,982","17,233","4,477",411,"12,762",2.85,"36,313",115,34.37
Uintah County,2026,"36,709",402,295,107,174,"2,219","7,805","4,226","17,425","4,615",420,"13,009",2.81,"36,538",172,34.9
Uintah County,2027,"37,046",401,303,98,239,"2,153","7,626","4,361","17,717","4,755",434,"13,280",2.77,"36,818",228,35.39
Uintah County,2028,"37,393",409,309,100,247,"2,134","7,453","4,377","18,102","4,867",460,"13,575",2.74,"37,165",228,35.82
Uintah County,2029,"37,752",425,314,111,248,"2,096","7,342","4,380","18,491","4,968",476,"13,891",2.71,"37,580",172,36.18
Uintah County,2030,"38,174",446,318,128,294,"2,136","7,187","4,403","18,913","5,046",489,"14,223",2.68,"38,059",115,36.5
Uintah County,2031,"38,705",470,322,148,383,"2,213","7,031","4,349","19,500","5,104",507,"14,566",2.65,"38,590",115,36.8
Uintah County,2032,"39,264",494,326,168,391,"2,314","6,855","4,311","20,077","5,140",566,"14,911",2.63,"39,149",115,37.05
Uintah County,2033,"39,814",517,330,186,364,"2,425","6,701","4,244","20,658","5,171",615,"15,249",2.6,"39,699",115,37.23
Uintah County,2034,"40,307",535,336,200,293,"2,532","6,561","4,186","21,145","5,218",664,"15,561",2.58,"40,192",115,37.4
Uintah County,2035,"40,683",548,342,205,171,"2,622","6,430","4,126","21,494","5,309",704,"15,827",2.56,"40,568",115,37.57
Uintah County,2036,"40,874",551,351,201,-10,"2,680","6,330","4,006","21,683","5,429",746,"16,022",2.54,"40,759",115,37.78
Uintah County,2037,"41,040",551,360,191,-25,"2,716","6,258","3,883","21,872","5,513",798,"16,200",2.53,"40,925",115,38.01
Uintah County,2038,"41,273",546,369,177,56,"2,737","6,207","3,789","22,115","5,579",846,"16,394",2.51,"41,158",115,38.21
Uintah County,2039,"41,580",539,377,162,144,"2,743","6,194","3,683","22,394","5,665",900,"16,609",2.5,"41,465",115,38.39
Uintah County,2040,"41,930",528,387,141,209,"2,734","6,251","3,560","22,650","5,783",953,"16,836",2.48,"41,815",115,38.63
Uintah County,2041,"42,363",518,395,123,309,"2,717","6,366","3,433","22,914","5,935",998,"17,086",2.47,"42,248",115,38.91
Uintah County,2042,"42,859",509,403,106,390,"2,692","6,461","3,366","23,157","6,134","1,048","17,355",2.46,"42,744",115,39.28
Uintah County,2043,"43,388",500,413,87,443,"2,661","6,622","3,282","23,380","6,326","1,116","17,635",2.45,"43,273",115,39.66
Uintah County,2044,"43,877",486,422,64,425,"2,615","6,791","3,187","23,573","6,543","1,168","17,898",2.45,"43,762",115,40.05
Uintah County,2045,"44,360",472,432,40,442,"2,563","6,956","3,082","23,754","6,809","1,196","18,156",2.44,"44,245",115,40.43
Uintah County,2046,"44,861",459,442,17,485,"2,507","7,111","2,992","23,946","7,083","1,223","18,421",2.43,"44,746",115,40.83
Uintah County,2047,"45,415",446,450,-4,559,"2,450","7,256","2,970","24,109","7,377","1,254","18,708",2.42,"45,300",115,41.26
Uintah County,2048,"46,015",438,461,-23,622,"2,395","7,382","3,008","24,265","7,688","1,278","19,012",2.41,"45,900",115,41.7
Uintah County,2049,"46,623",431,471,-40,649,"2,345","7,473","3,032","24,505","7,975","1,293","19,326",2.41,"46,508",115,42.13
Uintah County,2050,"47,215",424,480,-55,646,"2,300","7,524","3,136","24,696","8,265","1,294","19,640",2.4,"47,100",115,42.58
Uintah County,2051,"47,779",419,490,-71,636,"2,259","7,532","3,275","24,885","8,540","1,288","19,954",2.39,"47,664",115,43.03
Uintah County,2052,"48,329",417,501,-83,633,"2,228","7,503","3,435","25,088","8,784","1,291","20,272",2.38,"48,214",115,43.46
Uintah County,2053,"48,874",416,511,-95,641,"2,204","7,449","3,601","25,289","9,043","1,288","20,598",2.37,"48,759",115,43.89
Uintah County,2054,"49,374",418,522,-103,603,"2,188","7,366","3,756","25,462","9,307","1,296","20,915",2.36,"49,259",115,44.3
Uintah County,2055,"49,820",421,530,-109,555,"2,179","7,256","3,890","25,634","9,536","1,324","21,221",2.34,"49,705",115,44.72
Uintah County,2056,"50,175",425,541,-116,471,"2,177","7,118","3,994","25,743","9,772","1,372","21,499",2.33,"50,060",115,45.14
Uintah County,2057,"50,398",428,554,-126,348,"2,175","6,954","4,057","25,792","10,012","1,407","21,732",2.31,"50,283",115,45.58
Uintah County,2058,"50,584",431,565,-133,320,"2,178","6,790","4,086","25,883","10,215","1,432","21,951",2.3,"50,469",115,46.02
Uintah County,2059,"50,790",434,575,-142,347,"2,188","6,640","4,090","26,035","10,366","1,472","22,176",2.29,"50,675",115,46.43
Uintah County,2060,"51,022",436,584,-148,380,"2,202","6,506","4,073","26,242","10,469","1,531","22,408",2.27,"50,907",115,46.84
Uintah County,2061,"51,285",439,595,-156,419,"2,219","6,390","4,043","26,513","10,517","1,603","22,649",2.26,"51,170",115,47.24
Uintah County,2062,"51,572",442,607,-166,453,"2,237","6,298","3,995","26,819","10,522","1,702","22,895",2.25,"51,457",115,47.62
Uintah County,2063,"51,875",443,619,-176,479,"2,255","6,229","3,930","27,143","10,515","1,804","23,141",2.24,"51,760",115,47.99
Uintah County,2064,"52,191",444,632,-188,504,"2,270","6,183","3,853","27,458","10,521","1,906","23,387",2.23,"52,076",115,48.32
Uintah County,2065,"52,515",444,645,-200,524,"2,282","6,159","3,770","27,766","10,520","2,018","23,630",2.22,"52,400",115,48.65
Utah County,2025,"772,019","12,242","3,152","9,090","13,325","63,052","163,550","134,633","348,297","56,825","5,663","238,269",3.17,"754,369","17,650",26.36
Utah County,2026,"794,841","12,244","3,259","8,985","13,837","63,402","163,971","138,309","363,822","59,457","5,881","247,986",3.13,"776,763","18,078",26.62
Utah County,2027,"817,865","12,481","3,350","9,131","13,893","63,799","164,626","143,351","377,770","62,135","6,185","258,004",3.1,"799,467","18,397",26.91
Utah County,2028,"840,392","12,908","3,429","9,479","13,048","64,444","165,291","146,746","392,532","64,710","6,668","268,050",3.07,"821,875","18,517",27.24
Utah County,2029,"861,945","13,474","3,500","9,974","11,579","65,348","166,059","148,365","407,843","67,229","7,100","277,885",3.04,"843,460","18,485",27.52
Utah County,2030,"882,276","14,127","3,567","10,559","9,772","66,898","166,417","148,883","422,835","69,770","7,473","287,328",3.01,"863,863","18,413",27.78
Utah County,2031,"901,359","14,813","3,633","11,180","7,903","69,065","166,045","148,565","437,499","72,356","7,829","296,281",2.98,"882,914","18,445",28.05
Utah County,2032,"919,130","15,481","3,701","11,780","5,991","71,628","165,378","147,265","451,504","74,730","8,625","304,696",2.96,"900,632","18,498",28.36
Utah County,2033,"935,760","16,079","3,775","12,304","4,326","74,362","164,693","145,320","464,784","77,297","9,303","312,598",2.93,"917,232","18,528",28.66
Utah County,2034,"951,535","16,553","3,858","12,695","3,080","77,049","164,457","143,185","476,804","80,066","9,974","320,068",2.92,"933,016","18,519",28.96
Utah County,2035,"966,949","16,851","3,954","12,897","2,517","79,476","165,143","140,976","487,600","83,123","10,631","327,278",2.9,"948,493","18,457",29.28
Utah County,2036,"982,785","16,921","4,067","12,854","2,981","81,450","166,831","139,143","497,550","86,493","11,319","334,540",2.88,"964,405","18,380",29.6
Utah County,2037,"999,439","16,939","4,203","12,737","3,917","82,945","169,361","137,838","507,508","89,728","12,058","342,001",2.87,"981,089","18,349",29.94
Utah County,2038,"1,017,059","16,929","4,343","12,585","5,036","83,973","172,408","136,896","517,940","92,976","12,866","349,738",2.86,"998,655","18,405",30.29
Utah County,2039,"1,035,425","16,902","4,467","12,435","5,930","84,571","175,911","136,200","528,522","96,465","13,756","357,703",2.84,"1,016,905","18,520",30.63
Utah County,2040,"1,054,164","16,868","4,619","12,249","6,491","84,839","179,886","135,473","538,874","100,413","14,679","365,789",2.83,"1,035,545","18,620",30.97
Utah County,2041,"1,072,894","16,828","4,749","12,079","6,651","84,934","184,067","134,910","548,619","104,754","15,611","373,865",2.82,"1,054,184","18,710",31.3
Utah County,2042,"1,091,642","16,785","4,882","11,903","6,845","84,908","188,309","134,885","557,311","109,561","16,668","381,956",2.81,"1,072,839","18,802",31.62
Utah County,2043,"1,110,531","16,742","5,042","11,700","7,190","84,820","192,895","135,030","565,322","114,669","17,796","390,106",2.8,"1,091,654","18,877",31.93
Utah County,2044,"1,129,825","16,712","5,178","11,534","7,759","84,731","197,728","135,207","573,387","119,797","18,976","398,411",2.79,"1,110,894","18,931",32.23
Utah County,2045,"1,149,646","16,708","5,343","11,365","8,455","84,686","202,570","135,282","581,871","125,055","20,182","406,904",2.78,"1,130,613","19,033",32.54
Utah County,2046,"1,170,032","16,738","5,512","11,227","9,160","84,723","207,196","135,448","591,027","130,201","21,437","415,618",2.77,"1,150,826","19,207",32.84
Utah County,2047,"1,190,924","16,807","5,656","11,152","9,741","84,870","211,420","136,079","600,635","135,152","22,768","424,561",2.76,"1,171,475","19,449",33.15
Utah County,2048,"1,212,188","16,915","5,835","11,080","10,184","85,148","215,091","137,328","610,703","139,794","24,124","433,697",2.75,"1,192,430","19,758",33.45
Utah County,2049,"1,233,594","17,060","6,015","11,045","10,361","85,562","218,086","139,235","621,400","143,920","25,391","442,961",2.74,"1,213,470","20,123",33.75
Utah County,2050,"1,254,910","17,241","6,166","11,075","10,241","86,107","220,337","142,040","632,236","147,569","26,620","452,295",2.73,"1,234,380","20,530",34.04
Utah County,2051,"1,275,769","17,456","6,350","11,106","9,753","86,771","221,819","145,749","642,995","150,602","27,834","461,577",2.72,"1,254,815","20,955",34.31
Utah County,2052,"1,296,052","17,694","6,533","11,161","9,122","87,546","222,615","150,009","653,798","152,915","29,169","470,771",2.71,"1,274,679","21,373",34.56
Utah County,2053,"1,315,875","17,951","6,714","11,236","8,586","88,440","222,927","154,414","664,408","155,140","30,546","479,918",2.7,"1,294,116","21,759",34.79
Utah County,2054,"1,335,418","18,220","6,895","11,325","8,219","89,454","223,048","158,533","675,005","157,321","32,058","489,069",2.69,"1,313,327","22,091",35
Utah County,2055,"1,354,791","18,497","7,040","11,457","7,916","90,576","223,104","162,128","685,653","159,550","33,781","498,253",2.67,"1,332,420","22,371",35.21
Utah County,2056,"1,374,012","18,777","7,224","11,553","7,667","91,779","223,199","165,030","696,270","161,998","35,736","507,456",2.66,"1,351,399","22,613",35.42
Utah County,2057,"1,393,062","19,054","7,444","11,609","7,442","93,038","223,418","167,135","707,160","164,709","37,603","516,651",2.65,"1,370,243","22,820",35.61
Utah County,2058,"1,411,931","19,321","7,628","11,693","7,175","94,315","223,817","168,414","718,482","167,446","39,456","525,824",2.64,"1,388,936","22,995",35.8
Utah County,2059,"1,430,704","19,573","7,813","11,759","7,014","95,586","224,462","168,937","730,472","169,784","41,463","534,988",2.63,"1,407,556","23,148",35.97
Utah County,2060,"1,449,495","19,804","7,961","11,843","6,948","96,827","225,402","168,867","741,511","173,085","43,803","544,178",2.62,"1,426,207","23,288",36.14
Utah County,2061,"1,468,308","20,011","8,154","11,857","6,956","98,016","226,668","168,459","751,047","177,705","46,413","553,373",2.61,"1,444,892","23,416",36.28
Utah County,2062,"1,487,130","20,192","8,351","11,841","6,981","99,125","228,269","167,842","758,036","184,451","49,407","562,559",2.6,"1,463,596","23,534",36.4
Utah County,2063,"1,505,960","20,346","8,552","11,794","7,036","100,138","230,195","167,111","764,647","191,217","52,652","571,718",2.59,"1,482,308","23,652",36.51
Utah County,2064,"1,524,823","20,475","8,755","11,720","7,143","101,043","232,425","166,350","772,229","196,894","55,882","580,855",2.58,"1,501,044","23,779",36.62
Utah County,2065,"1,543,744","20,587","8,961","11,625","7,295","101,840","234,922","165,634","778,811","203,401","59,135","589,975",2.58,"1,519,820","23,924",36.74
Wasatch County,2025,"39,428",356,175,181,445,"1,990","8,212","4,138","18,955","5,675",457,"14,068",2.79,"39,183",245,37.61
Wasatch County,2026,"39,990",350,183,168,395,"1,930","7,959","4,370","19,167","6,046",519,"14,482",2.74,"39,710",280,38.25
Wasatch County,2027,"40,539",357,195,161,387,"1,887","7,716","4,511","19,436","6,401",589,"14,905",2.7,"40,232",307,38.87
Wasatch County,2028,"41,102",372,211,162,401,"1,882","7,488","4,520","19,812","6,715",685,"15,332",2.66,"40,773",329,39.43
Wasatch County,2029,"41,701",396,230,166,433,"1,838","7,358","4,493","20,240","6,990",782,"15,758",2.62,"41,341",360,39.93
Wasatch County,2030,"42,353",425,250,175,477,"1,909","7,155","4,457","20,727","7,241",863,"16,186",2.59,"41,957",396,40.37
Wasatch County,2031,"43,069",457,272,185,532,"2,023","6,948","4,417","21,235","7,511",935,"16,624",2.56,"42,637",432,40.75
Wasatch County,2032,"43,855",490,294,196,591,"2,167","6,769","4,360","21,796","7,719","1,045","17,075",2.54,"43,390",465,41.06
Wasatch County,2033,"44,709",521,316,205,648,"2,328","6,591","4,317","22,408","7,902","1,163","17,530",2.52,"44,203",506,41.26
Wasatch County,2034,"45,618",550,337,213,696,"2,495","6,428","4,315","23,033","8,080","1,267","17,987",2.51,"45,062",556,41.4
Wasatch County,2035,"46,568",572,355,217,733,"2,654","6,333","4,306","23,625","8,285","1,365","18,466",2.49,"45,980",588,41.52
Wasatch County,2036,"47,548",586,370,215,764,"2,792","6,313","4,279","24,186","8,507","1,471","18,948",2.48,"46,921",626,41.66
Wasatch County,2037,"48,582",598,388,210,825,"2,907","6,359","4,231","24,779","8,706","1,600","19,440",2.46,"47,904",678,41.82
Wasatch County,2038,"49,680",608,407,201,898,"2,999","6,479","4,140","25,434","8,887","1,742","19,944",2.45,"48,932",749,41.99
Wasatch County,2039,"50,830",615,425,191,959,"3,069","6,670","4,023","26,075","9,110","1,882","20,476",2.44,"50,022",808,42.16
Wasatch County,2040,"52,007",621,445,176,"1,001","3,120","6,906","3,866","26,693","9,391","2,031","21,025",2.43,"51,152",855,42.34
Wasatch County,2041,"53,188",625,464,160,"1,021","3,159","7,179","3,673","27,326","9,647","2,204","21,567",2.42,"52,276",912,42.53
Wasatch County,2042,"54,375",625,484,142,"1,045","3,185","7,405","3,574","27,867","9,959","2,384","22,098",2.42,"53,389",985,42.73
Wasatch County,2043,"55,575",624,506,118,"1,082","3,200","7,716","3,437","28,341","10,318","2,562","22,630",2.41,"54,510","1,065",42.94
Wasatch County,2044,"56,804",620,525,95,"1,135","3,203","8,065","3,310","28,764","10,716","2,747","23,182",2.4,"55,673","1,132",43.13
Wasatch County,2045,"58,072",615,548,66,"1,202","3,196","8,420","3,230","29,183","11,114","2,930","23,749",2.39,"56,872","1,201",43.37
Wasatch County,2046,"59,381",609,572,37,"1,272","3,181","8,768","3,202","29,604","11,528","3,099","24,328",2.39,"58,098","1,283",43.68
Wasatch County,2047,"60,727",602,593,9,"1,337","3,160","9,093","3,219","29,998","11,993","3,265","24,927",2.38,"59,358","1,369",44.04
Wasatch County,2048,"62,101",595,619,-24,"1,398","3,134","9,383","3,294","30,369","12,498","3,422","25,546",2.37,"60,648","1,453",44.45
Wasatch County,2049,"63,490",589,645,-56,"1,444","3,105","9,631","3,352","30,839","13,004","3,559","26,180",2.37,"61,955","1,535",44.87
Wasatch County,2050,"64,877",583,667,-84,"1,471","3,076","9,830","3,527","31,273","13,494","3,676","26,821",2.36,"63,262","1,614",45.3
Wasatch County,2051,"66,238",578,693,-115,"1,477","3,046","9,979","3,767","31,681","13,959","3,805","27,455",2.35,"64,542","1,696",45.74
Wasatch County,2052,"67,566",574,718,-144,"1,472","3,019","10,080","4,038","32,094","14,411","3,924","28,087",2.34,"65,797","1,770",46.18
Wasatch County,2053,"68,869",572,743,-171,"1,473","2,996","10,141","4,322","32,541","14,826","4,044","28,712",2.33,"67,022","1,846",46.62
Wasatch County,2054,"70,157",571,767,-196,"1,484","2,979","10,174","4,596","33,045","15,201","4,162","29,342",2.33,"68,241","1,916",47.06
Wasatch County,2055,"71,437",573,787,-214,"1,495","2,970","10,185","4,848","33,581","15,540","4,311","29,984",2.32,"69,462","1,975",47.52
Wasatch County,2056,"72,712",576,811,-235,"1,509","2,971","10,178","5,073","34,139","15,866","4,485","30,628",2.31,"70,675","2,037",47.97
Wasatch County,2057,"73,978",582,839,-257,"1,524","2,981","10,156","5,264","34,752","16,168","4,657","31,264",2.3,"71,867","2,111",48.41
Wasatch County,2058,"75,237",589,862,-273,"1,531","3,000","10,122","5,421","35,411","16,475","4,807","31,907",2.29,"73,057","2,179",48.85
Wasatch County,2059,"76,492",598,885,-287,"1,543","3,030","10,080","5,545","36,076","16,792","4,971","32,552",2.28,"74,242","2,251",49.27
Wasatch County,2060,"77,753",609,905,-296,"1,556","3,068","10,034","5,640","36,724","17,103","5,183","33,198",2.27,"75,422","2,331",49.68
Wasatch County,2061,"79,018",621,929,-308,"1,573","3,114","9,990","5,714","37,364","17,431","5,405","33,841",2.26,"76,595","2,423",50.07
Wasatch County,2062,"80,288",634,954,-320,"1,589","3,168","9,952","5,767","38,002","17,722","5,677","34,481",2.26,"77,763","2,524",50.45
Wasatch County,2063,"81,561",647,979,-332,"1,605","3,227","9,924","5,799","38,619","18,004","5,988","35,136",2.25,"78,953","2,608",50.82
Wasatch County,2064,"82,840",661,"1,005",-344,"1,623","3,290","9,910","5,812","39,225","18,276","6,326","35,787",2.24,"80,137","2,703",51.18
Wasatch County,2065,"84,126",674,"1,032",-357,"1,644","3,356","9,912","5,807","39,825","18,578","6,648","36,420",2.23,"81,303","2,824",51.52
Washington County,2025,"209,084","2,292","1,835",457,"4,240","12,007","34,976","20,794","93,007","41,904","6,396","78,388",2.63,"205,846","3,238",41.27
Washington County,2026,"213,769","2,311","1,964",347,"4,338","11,926","34,461","21,711","94,596","44,112","6,963","81,084",2.6,"210,449","3,319",42.06
Washington County,2027,"218,390","2,351","2,079",272,"4,349","11,873","34,033","22,458","96,179","46,272","7,577","83,763",2.57,"214,987","3,403",42.83
Washington County,2028,"222,900","2,408","2,183",225,"4,285","11,820","33,721","22,637","98,177","48,193","8,352","86,405",2.54,"219,441","3,460",43.55
Washington County,2029,"227,268","2,477","2,278",199,"4,169","11,872","33,400","22,645","100,264","50,021","9,067","88,956",2.52,"223,742","3,526",44.24
Washington County,2030,"231,481","2,553","2,366",187,"4,026","12,115","33,070","22,516","102,373","51,723","9,685","91,413",2.49,"227,899","3,583",44.86
Washington County,2031,"235,538","2,630","2,449",181,"3,876","12,416","32,797","22,161","104,638","53,298","10,227","93,756",2.47,"231,896","3,643",45.43
Washington County,2032,"239,451","2,704","2,529",175,"3,738","12,750","32,499","21,795","106,896","54,292","11,218","95,990",2.46,"235,741","3,710",45.95
Washington County,2033,"243,241","2,770","2,610",160,"3,630","13,095","32,244","21,386","109,093","55,230","12,193","98,132",2.44,"239,460","3,780",46.42
Washington County,2034,"246,940","2,823","2,692",131,"3,569","13,427","32,132","20,988","111,091","56,201","13,102","100,195",2.43,"243,089","3,851",46.84
Washington County,2035,"250,602","2,857","2,778",79,"3,582","13,723","32,145","20,632","112,861","57,299","13,941","102,208",2.41,"246,688","3,913",47.23
Washington County,2036,"254,301","2,868","2,870",-2,"3,702","13,957","32,330","20,236","114,447","58,547","14,784","104,228",2.4,"250,323","3,979",47.61
Washington County,2037,"258,229","2,881","2,977",-96,"4,023","14,139","32,639","19,936","115,951","59,872","15,691","106,348",2.39,"254,181","4,048",48
Washington County,2038,"262,480","2,888","3,090",-202,"4,453","14,272","33,077","19,678","117,504","61,350","16,599","108,615",2.38,"258,350","4,130",48.44
Washington County,2039,"266,878","2,887","3,197",-310,"4,708","14,348","33,472","19,484","119,048","62,986","17,540","110,965",2.37,"262,659","4,219",48.89
Washington County,2040,"271,225","2,874","3,323",-449,"4,796","14,369","33,880","19,269","120,428","64,770","18,510","113,307",2.36,"266,902","4,323",49.37
Washington County,2041,"275,589","2,849","3,439",-589,"4,954","14,356","34,267","19,179","121,606","66,772","19,409","115,662",2.34,"271,164","4,425",49.85
Washington County,2042,"279,922","2,820","3,555",-735,"5,068","14,298","34,715","19,105","122,494","68,924","20,387","118,006",2.33,"275,388","4,535",50.33
Washington County,2043,"284,275","2,793","3,690",-897,"5,250","14,205","35,303","19,007","123,085","71,153","21,522","120,375",2.32,"279,648","4,627",50.81
Washington County,2044,"288,685","2,767","3,813","-1,046","5,456","14,088","35,883","18,974","123,493","73,466","22,779","122,777",2.31,"283,957","4,728",51.28
Washington County,2045,"293,296","2,736","3,955","-1,219","5,831","13,963","36,441","19,022","123,760","76,035","24,075","125,288",2.3,"288,460","4,836",51.76
Washington County,2046,"298,179","2,701","4,103","-1,401","6,284","13,839","36,955","19,037","124,026","78,952","25,371","127,926",2.29,"293,191","4,988",52.23
Washington County,2047,"303,315","2,665","4,239","-1,573","6,709","13,713","37,406","19,111","124,331","82,054","26,699","130,715",2.28,"298,178","5,136",52.71
Washington County,2048,"308,636","2,632","4,406","-1,773","7,095","13,585","37,782","19,227","124,772","85,266","28,003","133,616",2.27,"303,353","5,283",53.18
Washington County,2049,"314,033","2,608","4,577","-1,970","7,367","13,456","38,074","19,479","125,382","88,405","29,236","136,569",2.26,"308,598","5,435",53.63
Washington County,2050,"319,285","2,589","4,730","-2,142","7,394","13,326","38,252","19,943","125,943","91,463","30,359","139,474",2.25,"313,691","5,594",54.07
Washington County,2051,"324,456","2,573","4,905","-2,331","7,502","13,214","38,343","20,486","126,682","94,369","31,362","142,331",2.24,"318,695","5,760",54.48
Washington County,2052,"329,484","2,562","5,078","-2,516","7,545","13,126","38,351","21,056","127,626","97,025","32,301","145,115",2.23,"323,560","5,924",54.84
Washington County,2053,"334,337","2,556","5,250","-2,694","7,548","13,061","38,283","21,614","128,759","99,357","33,263","147,821",2.22,"328,252","6,085",55.18
Washington County,2054,"339,025","2,554","5,420","-2,866","7,553","13,016","38,162","22,124","130,015","101,433","34,275","150,453",2.21,"332,778","6,247",55.49
Washington County,2055,"343,511","2,559","5,565","-3,006","7,492","12,988","37,981","22,570","131,222","103,318","35,433","153,008",2.2,"337,106","6,405",55.79
Washington County,2056,"347,837","2,567","5,733","-3,165","7,491","12,980","37,759","22,946","132,408","104,988","36,756","155,487",2.19,"341,266","6,570",56.07
Washington County,2057,"352,042","2,580","5,924","-3,345","7,549","12,998","37,517","23,248","133,615","106,537","38,128","157,901",2.19,"345,301","6,740",56.31
Washington County,2058,"356,175","2,595","6,086","-3,491","7,625","13,040","37,274","23,473","134,940","108,033","39,416","160,276",2.18,"349,272","6,904",56.52
Washington County,2059,"360,321","2,613","6,249","-3,636","7,782","13,107","37,053","23,625","136,529","109,314","40,692","162,650",2.17,"353,264","7,057",56.75
Washington County,2060,"364,437","2,634","6,384","-3,750","7,865","13,191","36,853","23,710","138,272","110,321","42,090","165,015",2.16,"357,238","7,199",57.03
Washington County,2061,"368,512","2,656","6,547","-3,891","7,967","13,286","36,675","23,749","140,060","111,070","43,672","167,358",2.16,"361,170","7,342",57.34
Washington County,2062,"372,542","2,678","6,709","-4,031","8,061","13,388","36,523","23,740","141,819","111,602","45,470","169,681",2.15,"365,064","7,479",57.65
Washington County,2063,"376,516","2,700","6,872","-4,171","8,146","13,493","36,399","23,680","143,481","111,926","47,536","171,978",2.15,"368,910","7,606",57.97
Washington County,2064,"380,455","2,722","7,035","-4,314","8,252","13,600","36,318","23,577","145,151","112,074","49,736","174,252",2.14,"372,726","7,729",58.3
Washington County,2065,"384,339","2,742","7,199","-4,457","8,341","13,705","36,281","23,436","146,754","112,116","52,047","176,492",2.13,"376,484","7,855",58.64
Wayne County,2025,"2,555",29,23,6,6,169,421,217,"1,115",582,51,969,2.64,"2,555",0,43.05
Wayne County,2026,"2,572",30,24,6,11,158,431,226,"1,101",599,57,979,2.63,"2,572",0,43.38
Wayne County,2027,"2,594",30,24,6,16,160,430,222,"1,105",614,62,991,2.62,"2,594",0,43.69
Wayne County,2028,"2,619",30,26,5,21,158,436,214,"1,118",623,70,"1,003",2.61,"2,619",0,43.98
Wayne County,2029,"2,648",31,27,3,25,157,449,204,"1,130",632,77,"1,015",2.61,"2,648",0,44.26
Wayne County,2030,"2,679",31,29,2,29,159,457,203,"1,141",634,85,"1,028",2.61,"2,679",0,44.38
Wayne County,2031,"2,712",32,31,0,33,163,465,207,"1,155",630,93,"1,040",2.61,"2,712",0,44.3
Wayne County,2032,"2,747",32,34,-2,37,166,470,210,"1,175",622,105,"1,053",2.61,"2,747",0,44.14
Wayne County,2033,"2,783",32,35,-3,39,168,477,213,"1,198",616,111,"1,065",2.61,"2,783",0,43.99
Wayne County,2034,"2,820",32,37,-5,42,171,483,219,"1,227",604,118,"1,078",2.62,"2,820",0,43.74
Wayne County,2035,"2,858",32,38,-6,43,173,492,221,"1,254",592,125,"1,090",2.62,"2,858",0,43.5
Wayne County,2036,"2,895",33,39,-6,44,174,502,230,"1,272",584,134,"1,103",2.62,"2,895",0,43.24
Wayne County,2037,"2,936",33,40,-7,48,175,514,234,"1,289",578,145,"1,117",2.63,"2,936",0,43.13
Wayne County,2038,"2,978",33,41,-7,49,177,525,240,"1,313",574,150,"1,132",2.63,"2,978",0,43.09
Wayne County,2039,"3,021",33,41,-8,52,178,524,253,"1,346",568,153,"1,148",2.63,"3,021",0,43.08
Wayne County,2040,"3,064",33,42,-9,51,179,533,254,"1,377",564,157,"1,164",2.63,"3,064",0,42.97
Wayne County,2041,"3,107",33,42,-9,52,180,538,259,"1,407",563,160,"1,181",2.63,"3,107",0,42.71
Wayne County,2042,"3,148",33,43,-9,50,180,541,268,"1,433",561,165,"1,197",2.63,"3,148",0,42.68
Wayne County,2043,"3,189",33,44,-10,52,181,548,272,"1,461",560,168,"1,214",2.63,"3,189",0,42.58
Wayne County,2044,"3,229",34,44,-10,50,180,554,278,"1,488",558,170,"1,231",2.62,"3,229",0,42.53
Wayne County,2045,"3,266",33,44,-11,48,180,560,281,"1,509",565,172,"1,247",2.62,"3,266",0,42.68
Wayne County,2046,"3,305",33,45,-12,50,180,564,275,"1,539",573,174,"1,264",2.61,"3,305",0,42.91
Wayne County,2047,"3,344",33,45,-12,52,179,568,278,"1,557",587,175,"1,282",2.61,"3,344",0,43.17
Wayne County,2048,"3,384",33,46,-13,53,179,571,280,"1,577",604,175,"1,301",2.6,"3,384",0,43.35
Wayne County,2049,"3,424",33,46,-13,53,178,573,281,"1,595",622,175,"1,320",2.59,"3,424",0,43.45
Wayne County,2050,"3,461",33,47,-14,51,177,573,285,"1,606",646,173,"1,338",2.59,"3,461",0,43.55
Wayne County,2051,"3,496",33,47,-14,50,177,573,291,"1,620",668,169,"1,356",2.58,"3,496",0,43.7
Wayne County,2052,"3,530",33,48,-15,49,176,572,295,"1,640",681,166,"1,373",2.57,"3,530",0,43.87
Wayne County,2053,"3,563",33,48,-15,48,176,570,299,"1,663",694,162,"1,391",2.56,"3,563",0,44.06
Wayne County,2054,"3,593",33,49,-15,45,176,568,301,"1,684",709,156,"1,407",2.55,"3,593",0,44.25
Wayne County,2055,"3,621",33,49,-16,43,176,565,302,"1,705",721,153,"1,424",2.54,"3,621",0,44.38
Wayne County,2056,"3,646",33,49,-16,41,176,561,302,"1,725",730,153,"1,439",2.53,"3,646",0,44.48
Wayne County,2057,"3,669",33,50,-17,39,176,557,301,"1,744",736,155,"1,454",2.52,"3,669",0,44.61
Wayne County,2058,"3,691",33,50,-17,39,176,553,300,"1,764",743,156,"1,469",2.51,"3,691",0,44.77
Wayne County,2059,"3,715",33,51,-17,41,176,549,299,"1,780",756,155,"1,484",2.5,"3,715",0,44.99
Wayne County,2060,"3,740",33,51,-18,43,176,546,298,"1,793",771,155,"1,500",2.49,"3,740",0,45.21
Wayne County,2061,"3,763",33,52,-18,42,176,543,296,"1,804",786,158,"1,515",2.48,"3,763",0,45.47
Wayne County,2062,"3,787",33,52,-19,43,176,541,294,"1,819",797,160,"1,531",2.47,"3,787",0,45.71
Wayne County,2063,"3,813",33,53,-20,45,176,539,293,"1,842",800,163,"1,546",2.47,"3,813",0,45.92
Wayne County,2064,"3,837",33,54,-20,45,176,537,290,"1,859",809,165,"1,562",2.46,"3,837",0,46.12
Wayne County,2065,"3,861",33,54,-21,45,176,536,288,"1,875",816,171,"1,577",2.45,"3,861",0,46.29
Weber County,2025,"273,234","3,313","1,968","1,345",507,"17,119","50,769","28,922","139,196","33,689","3,538","100,184",2.69,"269,381","3,853",35.02
Weber County,2026,"274,843","3,280","2,010","1,269",340,"16,881","49,787","29,686","139,875","34,964","3,650","101,653",2.67,"270,949","3,894",35.46
Weber County,2027,"276,370","3,260","2,052","1,208",319,"16,586","48,946","30,377","140,480","36,191","3,791","103,117",2.64,"272,436","3,934",35.88
Weber County,2028,"277,908","3,254","2,094","1,159",378,"16,426","48,128","30,244","141,935","37,142","4,032","104,595",2.62,"273,941","3,967",36.31
Weber County,2029,"279,532","3,258","2,137","1,121",503,"16,313","47,442","29,955","143,539","38,061","4,222","106,097",2.6,"275,536","3,996",36.72
Weber County,2030,"281,298","3,271","2,180","1,091",675,"16,290","46,749","29,747","145,198","38,934","4,380","107,632",2.58,"277,271","4,027",37.11
Weber County,2031,"283,246","3,290","2,224","1,066",882,"16,333","46,054","29,493","147,126","39,695","4,544","109,211",2.56,"279,185","4,061",37.46
Weber County,2032,"285,392","3,315","2,269","1,046","1,101","16,429","45,480","29,101","149,312","40,083","4,989","110,836",2.54,"281,295","4,097",37.8
Weber County,2033,"287,729","3,342","2,316","1,026","1,310","16,561","44,870","28,771","151,694","40,507","5,326","112,503",2.52,"283,594","4,135",38.11
Weber County,2034,"290,219","3,370","2,364","1,006","1,484","16,717","44,277","28,575","153,963","41,039","5,649","114,206",2.5,"286,044","4,175",38.41
Weber County,2035,"292,813","3,397","2,414",982,"1,611","16,881","43,934","28,301","156,016","41,748","5,932","115,925",2.49,"288,599","4,213",38.69
Weber County,2036,"295,466","3,420","2,466",954,"1,700","17,038","43,734","28,063","157,848","42,569","6,214","117,640",2.48,"291,217","4,249",38.96
Weber County,2037,"298,245","3,435","2,529",906,"1,873","17,182","43,640","27,809","159,820","43,238","6,556","119,376",2.46,"293,963","4,283",39.19
Weber County,2038,"301,175","3,445","2,592",853,"2,077","17,310","43,633","27,517","161,983","43,804","6,929","121,145",2.45,"296,857","4,318",39.39
Weber County,2039,"304,218","3,449","2,644",805,"2,238","17,413","43,744","27,253","164,031","44,467","7,309","122,933",2.44,"299,862","4,357",39.61
Weber County,2040,"307,313","3,448","2,708",739,"2,355","17,486","43,855","26,962","166,037","45,272","7,701","124,719",2.43,"302,917","4,396",39.83
Weber County,2041,"310,396","3,440","2,761",679,"2,403","17,524","44,115","26,503","167,945","46,210","8,098","126,486",2.42,"305,958","4,438",40.04
Weber County,2042,"313,472","3,426","2,813",613,"2,464","17,527","44,419","26,216","169,474","47,309","8,526","128,237",2.41,"308,994","4,478",40.24
Weber County,2043,"316,562","3,404","2,877",528,"2,563","17,500","44,801","25,991","170,843","48,480","8,948","129,980",2.4,"312,044","4,518",40.52
Weber County,2044,"319,710","3,378","2,928",451,"2,697","17,445","45,226","25,792","172,163","49,764","9,319","131,741",2.39,"315,149","4,561",40.84
Weber County,2045,"322,935","3,348","2,990",358,"2,867","17,367","45,677","25,621","173,488","51,090","9,691","133,523",2.38,"318,327","4,608",41.18
Weber County,2046,"326,243","3,316","3,052",264,"3,045","17,267","46,130","25,555","174,824","52,366","10,101","135,337",2.38,"321,586","4,657",41.5
Weber County,2047,"329,625","3,282","3,101",181,"3,201","17,149","46,561","25,501","176,251","53,667","10,496","137,186",2.37,"324,917","4,708",41.84
Weber County,2048,"333,059","3,247","3,164",83,"3,351","17,015","46,955","25,604","177,669","55,027","10,789","139,060",2.36,"328,297","4,762",42.17
Weber County,2049,"336,508","3,213","3,226",-13,"3,462","16,870","47,293","25,785","179,181","56,343","11,035","140,951",2.35,"331,689","4,820",42.52
Weber County,2050,"339,936","3,179","3,273",-94,"3,521","16,716","47,559","26,060","180,568","57,788","11,245","142,853",2.35,"335,054","4,882",42.88
Weber County,2051,"343,283","3,148","3,334",-186,"3,533","16,555","47,740","26,400","182,003","59,183","11,401","144,744",2.34,"338,337","4,946",43.24
Weber County,2052,"346,531","3,119","3,394",-275,"3,524","16,394","47,833","26,774","183,498","60,518","11,513","146,619",2.33,"341,520","5,011",43.6
Weber County,2053,"349,700","3,094","3,455",-361,"3,529","16,240","47,840","27,165","184,969","61,883","11,603","148,488",2.32,"344,623","5,077",43.96
Weber County,2054,"352,818","3,073","3,514",-441,"3,559","16,101","47,770","27,558","186,281","63,345","11,763","150,360",2.31,"347,675","5,143",44.3
Weber County,2055,"355,904","3,058","3,559",-500,"3,586","15,981","47,631","27,938","187,407","64,926","12,021","152,247",2.3,"350,694","5,210",44.62
Weber County,2056,"358,960","3,049","3,619",-570,"3,627","15,885","47,435","28,295","188,438","66,555","12,353","154,142",2.29,"353,683","5,277",44.94
Weber County,2057,"361,985","3,046","3,695",-649,"3,674","15,817","47,191","28,624","189,463","68,255","12,636","156,040",2.29,"356,643","5,341",45.25
Weber County,2058,"364,976","3,050","3,756",-706,"3,698","15,777","46,906","28,914","190,529","69,964","12,887","157,938",2.28,"359,571","5,405",45.55
Weber County,2059,"367,948","3,059","3,817",-758,"3,730","15,766","46,594","29,159","191,736","71,492","13,202","159,840",2.27,"362,479","5,469",45.84
Weber County,2060,"370,919","3,073","3,863",-790,"3,761","15,783","46,266","29,355","192,995","72,901","13,618","161,752",2.26,"365,386","5,532",46.13
Weber County,2061,"373,889","3,091","3,927",-836,"3,807","15,828","45,940","29,498","194,304","74,198","14,121","163,670",2.25,"368,298","5,591",46.41
Weber County,2062,"376,857","3,112","3,994",-881,"3,849","15,898","45,627","29,586","195,648","75,365","14,733","165,585",2.24,"371,211","5,646",46.69
Weber County,2063,"379,822","3,136","4,061",-925,"3,890","15,988","45,339","29,619","197,111","76,383","15,382","167,492",2.23,"374,122","5,701",46.97
Weber County,2064,"382,790","3,162","4,129",-967,"3,934","16,095","45,089","29,599","198,790","77,161","16,056","169,387",2.23,"377,033","5,757",47.22
Weber County,2065,"385,763","3,190","4,198","-1,009","3,982","16,215","44,885","29,530","200,345","78,043","16,743","171,271",2.22,"379,949","5,814",47.44
Utah State,2025,"3,556,394","43,784","20,826","22,958","26,598","229,829","682,644","446,959","1,744,121","407,629","45,211","1,230,455",2.84,"3,497,698","58,696",32.82
Utah State,2026,"3,605,013","43,318","21,489","21,828","26,791","226,861","672,094","460,238","1,774,369","423,917","47,534","1,259,650",2.81,"3,544,906","60,107",33.15
Utah State,2027,"3,653,601","43,475","22,123","21,351","27,237","223,637","663,411","471,821","1,805,007","439,487","50,238","1,289,257",2.79,"3,592,065","61,537",33.46
Utah State,2028,"3,700,717","44,147","22,742","21,405","25,710","222,042","654,632","475,669","1,841,310","453,001","54,062","1,318,888",2.76,"3,638,884","61,833",33.76
Utah State,2029,"3,746,573","45,211","23,349","21,861","23,995","221,542","647,187","475,212","1,879,396","465,845","57,390","1,348,194",2.73,"3,684,993","61,580",34.05
Utah State,2030,"3,791,491","46,540","23,950","22,590","22,328","224,008","638,591","472,932","1,917,864","477,777","60,318","1,376,960",2.71,"3,730,336","61,155",34.35
Utah State,2031,"3,836,375","48,012","24,550","23,462","21,422","228,370","628,617","469,293","1,958,231","488,863","63,001","1,405,062",2.69,"3,774,852","61,523",34.65
Utah State,2032,"3,880,593","49,503","25,155","24,348","19,870","234,033","618,493","463,717","1,998,777","496,407","69,166","1,432,437",2.67,"3,818,654","61,939",34.95
Utah State,2033,"3,924,292","50,888","25,770","25,119","18,581","240,411","608,992","457,013","2,038,632","504,875","74,369","1,459,079",2.65,"3,861,957","62,336",35.22
Utah State,2034,"3,967,571","52,043","26,400","25,643","17,636","246,914","601,271","450,752","2,074,684","514,513","79,437","1,485,017",2.63,"3,904,896","62,675",35.46
Utah State,2035,"4,010,720","52,840","27,051","25,789","17,359","252,961","596,748","443,894","2,107,075","525,674","84,367","1,510,408",2.61,"3,947,815","62,904",35.7
Utah State,2036,"4,054,481","53,153","27,726","25,427","18,334","258,001","595,490","437,469","2,136,012","538,005","89,504","1,535,633",2.6,"3,991,356","63,124",35.97
Utah State,2037,"4,100,379","53,337","28,530","24,807","21,091","261,978","596,786","431,893","2,165,679","548,965","95,078","1,561,241",2.59,"4,036,974","63,405",36.24
Utah State,2038,"4,148,924","53,414","29,345","24,068","24,476","264,882","599,806","426,464","2,197,552","559,312","100,910","1,587,459",2.57,"4,085,059","63,865",36.51
Utah State,2039,"4,199,428","53,395","30,040","23,355","27,149","266,732","605,511","420,158","2,229,690","570,344","106,992","1,614,119",2.56,"4,135,035","64,393",36.8
Utah State,2040,"4,250,633","53,287","30,884","22,403","28,802","267,669","612,054","414,435","2,260,192","583,248","113,036","1,640,764",2.55,"4,185,737","64,897",37.13
Utah State,2041,"4,301,823","53,090","31,587","21,503","29,686","268,001","620,223","408,538","2,288,412","597,697","118,953","1,667,181",2.54,"4,236,400","65,423",37.49
Utah State,2042,"4,352,916","52,814","32,289","20,525","30,569","267,773","629,022","404,424","2,311,823","614,503","125,371","1,693,366",2.53,"4,286,961","65,955",37.85
Utah State,2043,"4,404,301","52,472","33,135","19,337","32,048","267,089","639,973","400,433","2,332,360","632,613","131,832","1,719,472",2.52,"4,337,872","66,428",38.21
Utah State,2044,"4,456,446","52,088","33,828","18,260","33,885","266,052","651,825","396,742","2,351,957","651,659","138,211","1,745,718",2.51,"4,389,548","66,898",38.59
Utah State,2045,"4,509,916","51,688","34,669","17,019","36,451","264,790","663,906","393,112","2,371,629","671,996","144,483","1,772,334",2.51,"4,442,437","67,479",38.97
Utah State,2046,"4,565,002","51,298","35,507","15,791","39,294","263,403","675,627","391,245","2,391,694","692,162","150,872","1,799,494",2.5,"4,496,739","68,263",39.37
Utah State,2047,"4,621,601","50,941","36,187","14,754","41,846","261,956","686,432","390,359","2,413,068","712,706","157,080","1,827,330",2.49,"4,552,456","69,146",39.76
Utah State,2048,"4,679,278","50,633","37,063","13,570","44,107","260,521","695,889","391,946","2,435,005","733,201","162,716","1,855,671",2.48,"4,609,112","70,166",40.16
Utah State,2049,"4,737,323","50,385","37,921","12,465","45,580","259,145","703,609","395,493","2,458,997","752,407","167,672","1,884,333",2.48,"4,666,024","71,299",40.56
Utah State,2050,"4,794,787","50,203","38,600","11,603","45,861","257,845","709,272","402,478","2,481,813","771,423","171,956","1,913,065",2.47,"4,722,262","72,526",40.94
Utah State,2051,"4,850,917","50,089","39,451","10,638","45,492","256,673","712,792","411,907","2,504,459","789,465","175,621","1,941,597",2.46,"4,777,121","73,797",41.32
Utah State,2052,"4,905,418","50,044","40,293","9,751","44,750","255,689","714,278","422,788","2,527,110","806,188","179,365","1,969,855",2.45,"4,830,363","75,055",41.68
Utah State,2053,"4,958,539","50,069","41,128","8,941","44,180","254,967","714,099","434,174","2,548,829","823,176","183,293","1,997,950",2.44,"4,882,273","76,266",42.03
Utah State,2054,"5,010,598","50,165","41,956","8,210","43,850","254,568","712,803","445,093","2,569,687","840,366","188,081","2,025,994",2.43,"4,933,208","77,390",42.36
Utah State,2055,"5,061,804","50,333","42,589","7,744","43,462","254,519","710,601","454,979","2,589,792","857,859","194,054","2,054,082",2.43,"4,983,381","78,423",42.69
Utah State,2056,"5,112,153","50,569","43,420","7,149","43,200","254,835","707,732","463,422","2,609,245","875,857","201,063","2,082,122",2.42,"5,032,743","79,410",43.01
Utah State,2057,"5,161,634","50,868","44,448","6,420","43,061","255,515","704,448","470,150","2,629,340","894,694","207,487","2,110,028",2.41,"5,081,290","80,344",43.33
Utah State,2058,"5,210,480","51,220","45,275","5,945","42,901","256,536","700,972","475,042","2,651,045","913,316","213,568","2,137,875",2.4,"5,129,280","81,200",43.64
Utah State,2059,"5,259,110","51,616","46,111","5,505","43,125","257,887","697,570","478,181","2,675,300","930,034","220,138","2,165,766",2.39,"5,177,101","82,010",43.94
Utah State,2060,"5,307,746","52,041","46,750","5,291","43,344","259,521","694,431","479,801","2,699,810","946,103","228,080","2,193,771",2.38,"5,224,963","82,783",44.23
Utah State,2061,"5,356,374","52,483","47,623","4,860","43,768","261,390","691,755","480,346","2,723,454","962,348","237,080","2,221,787",2.37,"5,272,842","83,532",44.49
Utah State,2062,"5,404,943","52,926","48,515","4,411","44,159","263,426","689,687","479,974","2,744,606","979,288","247,963","2,249,734",2.37,"5,320,693","84,250",44.73
Utah State,2063,"5,453,475","53,361","49,423","3,938","44,594","265,564","688,351","478,814","2,766,338","994,559","259,850","2,277,558",2.36,"5,368,530","84,945",44.95
Utah State,2064,"5,501,991","53,782","50,345","3,437","45,078","267,743","687,837","477,013","2,790,049","1,007,206","272,142","2,305,212",2.35,"5,416,327","85,664",45.15
Utah State,2065,"5,550,525","54,194","51,283","2,912","45,623","269,925","688,198","474,724","2,810,612","1,022,111","284,954","2,332,663",2.34,"5,464,090","86,435",45.33
