Geography,Year,Population,Births,Deaths,Natural Change,Net Migration,Population Ages 0-4,Population Ages 5-17,Population Ages 18-24,Population Ages 25-64,Population Ages 65-84,Population Ages 85+,Households,Persons Per Household,Household Population,Group Quarters Population,Median Age
Beaver County,2025,7533,92,59,33,161,513,1558,855,3455,1075,77,2472,2.9,7163,369,34.65
Beaver County,2026,7577,93,60,32,12,514,1516,907,3446,1112,82,2516,2.87,7226,351,34.82
Beaver County,2027,7582,92,61,31,-26,494,1502,870,3493,1136,87,2561,2.85,7287,295,34.92
Beaver County,2028,7634,92,62,30,22,483,1488,870,3516,1182,95,2600,2.82,7331,303,35.1
Beaver County,2029,7674,91,62,29,10,474,1472,847,3552,1228,101,2636,2.79,7363,311,35.24
Beaver County,2030,7702,91,62,29,-1,470,1454,822,3578,1273,106,2675,2.77,7398,304,35.67
Beaver County,2031,7723,90,62,28,-7,465,1431,812,3624,1285,106,2706,2.74,7414,308,36.22
Beaver County,2032,7739,89,62,27,-10,460,1405,806,3648,1305,116,2738,2.71,7432,307,36.64
Beaver County,2033,7754,88,62,26,-11,455,1378,774,3714,1307,125,2769,2.69,7448,306,36.96
Beaver County,2034,7769,88,63,24,-10,450,1359,747,3764,1308,140,2796,2.67,7459,310,37.23
Beaver County,2035,7784,87,64,23,-8,446,1343,727,3798,1310,158,2823,2.65,7473,311,37.47
Beaver County,2036,7800,87,66,21,-5,443,1334,704,3833,1315,171,2848,2.63,7482,318,37.72
Beaver County,2037,7818,87,68,19,-2,442,1310,703,3867,1315,182,2878,2.61,7506,312,37.99
Beaver County,2038,7839,86,69,17,4,441,1287,697,3910,1312,192,2906,2.59,7526,312,38.5
Beaver County,2039,7860,86,71,15,7,439,1279,675,3949,1313,205,2936,2.57,7551,309,38.99
Beaver County,2040,7882,85,73,12,10,437,1251,677,3979,1322,216,2969,2.55,7585,298,39.18
Beaver County,2041,7904,83,74,9,13,434,1233,676,4004,1327,229,2998,2.54,7608,296,39.67
Beaver County,2042,7926,81,75,6,16,429,1220,674,4021,1335,246,3020,2.52,7623,303,40.24
Beaver County,2043,7948,79,77,2,20,422,1214,674,4031,1346,261,3046,2.51,7644,304,40.73
Beaver County,2044,7969,78,78,0,22,415,1209,658,4023,1396,268,3068,2.5,7660,309,41.12
Beaver County,2045,7992,76,79,-4,27,406,1204,644,4003,1458,277,3097,2.48,7688,304,41.58
Beaver County,2046,8015,74,81,-7,31,398,1200,643,4005,1480,290,3121,2.47,7709,306,42.05
Beaver County,2047,8039,71,81,-10,34,388,1194,622,4043,1496,296,3153,2.46,7744,296,42.49
Beaver County,2048,8064,69,83,-13,38,379,1189,612,4073,1496,316,3180,2.44,7770,293,42.93
Beaver County,2049,8088,68,83,-16,40,369,1182,604,4098,1502,332,3208,2.43,7797,292,43.31
Beaver County,2050,8112,66,84,-18,41,360,1174,604,4111,1518,346,3232,2.42,7818,294,43.7
Beaver County,2051,8135,65,85,-20,43,351,1165,602,4141,1538,338,3259,2.41,7841,293,44.07
Beaver County,2052,8157,64,85,-21,43,343,1153,601,4162,1556,342,3283,2.39,7860,297,44.55
Beaver County,2053,8178,63,86,-23,44,336,1139,600,4180,1588,334,3309,2.38,7880,298,45.05
Beaver County,2054,8198,62,86,-24,44,331,1123,599,4215,1600,330,3336,2.37,7901,297,45.52
Beaver County,2055,8217,62,86,-24,44,326,1105,599,4250,1609,329,3364,2.36,7925,293,45.99
Beaver County,2056,8236,61,86,-25,44,322,1085,600,4278,1623,328,3390,2.34,7943,293,46.41
Beaver County,2057,8254,61,87,-26,44,320,1063,600,4308,1638,325,3413,2.33,7956,298,46.84
Beaver County,2058,8272,61,88,-26,44,319,1042,600,4343,1647,321,3439,2.32,7974,298,47.25
Beaver County,2059,8289,62,88,-26,44,318,1021,599,4383,1646,323,3462,2.31,7987,302,47.65
Beaver County,2060,8307,62,88,-26,43,318,1000,596,4373,1689,331,3489,2.3,8007,300,48.03
Beaver County,2061,8324,62,88,-26,43,319,981,591,4384,1710,338,3513,2.28,8023,301,48.42
Beaver County,2062,8340,62,89,-26,43,320,963,585,4408,1714,350,3540,2.27,8044,296,48.82
Beaver County,2063,8357,63,89,-26,43,321,947,576,4434,1715,364,3563,2.26,8060,297,49.22
Beaver County,2064,8373,63,90,-27,43,322,933,566,4455,1700,397,3587,2.25,8077,296,49.61
Beaver County,2065,8389,63,91,-28,43,323,922,554,4433,1718,438,3610,2.24,8095,293,50.01
Box Elder County,2025,62339,769,442,327,258,4050,13611,6318,29473,8036,851,21329,2.91,62172,167,34.52
Box Elder County,2026,62901,766,454,312,250,4009,13350,6622,29664,8385,871,21741,2.89,62735,166,35
Box Elder County,2027,63465,763,461,302,262,3887,13165,6834,29968,8708,902,22167,2.86,63300,165,35.47
Box Elder County,2028,64036,762,466,296,275,3858,12936,6861,30461,8961,959,22605,2.83,63872,165,35.95
Box Elder County,2029,64621,762,468,294,291,3770,12826,6804,31016,9197,1008,23053,2.8,64456,165,36.42
Box Elder County,2030,65222,763,469,294,307,3770,12644,6760,31612,9381,1055,23506,2.77,65055,167,36.88
Box Elder County,2031,65844,766,470,296,326,3775,12431,6748,32247,9557,1085,23968,2.74,65676,168,37.32
Box Elder County,2032,66488,770,471,299,346,3788,12210,6695,32953,9670,1173,24438,2.71,66320,168,37.72
Box Elder County,2033,67155,775,474,301,366,3809,11955,6685,33640,9815,1251,24916,2.69,66989,167,38.11
Box Elder County,2034,67841,783,479,304,382,3836,11714,6661,34355,9949,1326,25401,2.66,67677,165,38.47
Box Elder County,2035,68543,792,488,304,398,3869,11559,6601,35011,10088,1416,25888,2.64,68380,164,38.82
Box Elder County,2036,69264,803,501,302,419,3909,11451,6552,35612,10209,1531,26374,2.62,69102,163,39.14
Box Elder County,2037,70023,813,516,296,462,3954,11334,6525,36258,10298,1653,26869,2.6,69860,162,39.44
Box Elder County,2038,70824,821,532,289,513,4002,11244,6441,36951,10395,1791,27376,2.58,70663,162,39.73
Box Elder County,2039,71660,827,546,281,554,4048,11243,6277,37629,10527,1936,27889,2.56,71499,161,40.01
Box Elder County,2040,72512,831,563,268,584,4088,11177,6160,38286,10730,2070,28399,2.55,72351,161,40.29
Box Elder County,2041,73364,833,577,256,596,4118,11206,5967,38910,10958,2205,28906,2.53,73204,160,40.53
Box Elder County,2042,74216,832,591,240,612,4137,11190,5911,39397,11208,2373,29408,2.52,74058,159,40.77
Box Elder County,2043,75075,828,609,219,640,4144,11264,5811,39835,11483,2537,29909,2.5,74917,158,41.03
Box Elder County,2044,75952,821,623,198,679,4139,11356,5683,40308,11766,2699,30414,2.49,75794,158,41.38
Box Elder County,2045,76852,813,640,172,728,4123,11456,5581,40744,12086,2862,30924,2.48,76695,158,41.74
Box Elder County,2046,77778,802,657,145,781,4096,11563,5558,41101,12435,3025,31446,2.47,77621,158,42.14
Box Elder County,2047,78727,791,671,120,829,4060,11671,5463,41507,12850,3176,31977,2.46,78569,158,42.53
Box Elder County,2048,79693,779,689,91,875,4017,11776,5468,41843,13293,3296,32517,2.45,79535,158,42.93
Box Elder County,2049,80665,767,706,61,911,3968,11873,5421,42239,13768,3397,33061,2.44,80506,159,43.33
Box Elder County,2050,81633,755,719,36,932,3914,11957,5465,42582,14253,3462,33608,2.42,81474,159,43.74
Box Elder County,2051,82580,744,736,8,939,3858,12024,5518,42969,14703,3508,34151,2.41,82420,160,44.17
Box Elder County,2052,83501,733,752,-18,939,3803,12070,5577,43367,15135,3549,34687,2.4,83340,161,44.59
Box Elder County,2053,84400,724,767,-43,943,3749,12092,5644,43752,15557,3607,35220,2.39,84239,161,45.02
Box Elder County,2054,85287,716,782,-66,953,3700,12091,5720,44101,16016,3659,35753,2.38,85125,162,45.45
Box Elder County,2055,86166,710,792,-83,962,3657,12065,5803,44397,16509,3735,36291,2.37,86003,163,45.88
Box Elder County,2056,87038,706,807,-101,973,3622,12018,5891,44646,17037,3824,36831,2.36,86875,163,46.3
Box Elder County,2057,87903,704,825,-122,986,3595,11952,5982,44884,17586,3902,37373,2.35,87739,164,46.69
Box Elder County,2058,88759,704,840,-136,992,3578,11869,6073,45101,18143,3994,37917,2.34,88594,164,47.08
Box Elder County,2059,89610,706,855,-149,1000,3571,11773,6158,45348,18647,4113,38464,2.33,89445,165,47.45
Box Elder County,2060,90462,710,866,-156,1008,3573,11669,6234,45647,19060,4280,39015,2.31,90298,165,47.83
Box Elder County,2061,91316,715,882,-167,1020,3584,11561,6295,45966,19439,4469,39569,2.3,91151,165,48.21
Box Elder County,2062,92169,722,899,-177,1031,3605,11455,6339,46303,19766,4701,40125,2.29,92004,165,48.6
Box Elder County,2063,93023,730,917,-187,1041,3633,11354,6365,46650,20068,4953,40679,2.28,92858,165,48.98
Box Elder County,2064,93878,739,936,-197,1053,3667,11263,6372,47009,20360,5207,41233,2.27,93714,164,49.37
Box Elder County,2065,94736,748,956,-208,1066,3706,11186,6361,47361,20642,5480,41785,2.26,94572,164,49.76
Cache County,2025,145171,1852,720,1132,557,10172,27601,31326,60665,13616,1792,48016,2.93,140573,4598,25.78
Cache County,2026,146735,1801,776,1025,539,9819,26936,32316,61760,14045,1859,49091,2.89,142091,4644,25.99
Cache County,2027,148252,1838,812,1025,491,9509,26298,33023,63095,14391,1936,50169,2.86,143570,4682,26.17
Cache County,2028,149749,1946,833,1113,384,9371,25583,33317,64769,14671,2038,51238,2.83,145052,4697,26.36
Cache County,2029,151249,2107,842,1266,235,9528,24822,33222,66627,14933,2117,52271,2.8,146546,4703,26.58
Cache County,2030,152770,2304,841,1463,58,9952,24023,32930,68518,15164,2184,53252,2.78,148072,4698,26.81
Cache County,2031,154331,2519,835,1684,-124,10631,23195,32518,70368,15361,2258,54177,2.76,149642,4689,27.04
Cache County,2032,155939,2734,827,1907,-299,11475,22469,31970,72138,15429,2458,55029,2.75,151256,4683,27.28
Cache County,2033,157600,2931,819,2112,-451,12400,21908,31358,73787,15526,2620,55812,2.74,152929,4671,27.49
Cache County,2034,159305,3091,816,2275,-570,13326,21664,30644,75209,15663,2800,56527,2.74,154655,4651,27.69
Cache County,2035,161047,3198,821,2377,-635,14170,21699,29892,76490,15808,2988,57183,2.74,156421,4627,27.88
Cache County,2036,162831,3232,837,2395,-611,14854,22037,29186,77589,15969,3196,57807,2.74,158222,4609,28.06
Cache County,2037,164702,3247,857,2391,-520,15368,22637,28554,78634,16103,3406,58426,2.74,160104,4597,28.23
Cache County,2038,166675,3248,876,2372,-398,15714,23392,28045,79669,16230,3624,59048,2.74,162069,4606,28.39
Cache County,2039,168726,3236,892,2345,-293,15909,24325,27601,80640,16392,3859,59675,2.75,164099,4626,28.53
Cache County,2040,170813,3215,911,2304,-216,15987,25399,27205,81500,16635,4088,60290,2.76,166162,4651,28.66
Cache County,2041,172894,3185,927,2258,-177,15997,26583,26913,82175,16930,4297,60883,2.76,168224,4671,28.78
Cache County,2042,174973,3148,942,2206,-128,15947,27924,26645,82662,17273,4522,61464,2.77,170297,4675,28.89
Cache County,2043,177062,3105,961,2144,-55,15846,29345,26450,83076,17594,4750,62039,2.78,172385,4676,28.99
Cache County,2044,179191,3060,975,2085,44,15712,30819,26284,83501,17909,4966,62623,2.79,174500,4691,29.09
Cache County,2045,181374,3017,993,2023,160,15556,32258,26105,83998,18266,5191,63230,2.79,176650,4724,29.16
Cache County,2046,183615,2977,1011,1966,275,15390,33599,25974,84617,18611,5424,63873,2.8,178837,4778,29.21
Cache County,2047,185907,2944,1024,1920,372,15225,34785,25969,85340,18963,5625,64558,2.8,181052,4855,29.23
Cache County,2048,188236,2919,1043,1876,453,15070,35772,26187,86132,19270,5805,65283,2.81,183278,4958,29.24
Cache County,2049,190577,2903,1060,1842,498,14933,36525,26761,86905,19493,5959,66046,2.81,185496,5081,29.26
Cache County,2050,192904,2896,1072,1824,503,14818,37024,27697,87582,19699,6084,66846,2.81,187685,5219,29.29
Cache County,2051,195177,2901,1089,1813,461,14731,37262,28973,88239,19787,6185,67671,2.8,189812,5365,29.32
Cache County,2052,197385,2917,1104,1813,395,14677,37258,30478,88878,19815,6279,68519,2.8,191874,5511,29.33
Cache County,2053,199539,2945,1119,1826,329,14663,37056,32075,89491,19889,6365,69396,2.79,193891,5649,29.28
Cache County,2054,201661,2984,1133,1851,270,14696,36730,33610,90255,19879,6491,70305,2.79,195889,5772,29.16
Cache County,2055,203761,3033,1141,1893,208,14779,36303,34996,91433,19612,6638,71247,2.78,197879,5882,28.97
Cache County,2056,205842,3093,1153,1940,141,14913,35810,36155,92671,19472,6822,72218,2.77,199864,5978,28.76
Cache County,2057,207903,3162,1171,1992,69,15097,35283,37030,94292,19207,6993,73216,2.76,201848,6055,28.59
Cache County,2058,209941,3238,1182,2056,-18,15330,34754,37598,96181,18916,7162,74228,2.75,203823,6118,28.48
Cache County,2059,211967,3318,1193,2125,-99,15606,34258,37866,98220,18653,7363,75249,2.73,205801,6167,28.45
Cache County,2060,213994,3400,1199,2201,-175,15918,33827,37880,100283,18462,7624,76273,2.72,207788,6205,28.47
Cache County,2061,216020,3480,1210,2270,-244,16257,33489,37718,102140,18502,7914,77290,2.71,209786,6235,28.55
Cache County,2062,218046,3556,1222,2335,-309,16611,33264,37428,103575,18912,8255,78290,2.71,211790,6256,28.66
Cache County,2063,220071,3626,1233,2393,-368,16967,33166,37044,105051,19247,8594,79269,2.7,213802,6269,28.81
Cache County,2064,222097,3688,1244,2444,-417,17315,33205,36595,106546,19513,8922,80216,2.69,215814,6283,28.97
Cache County,2065,224129,3741,1256,2486,-454,17644,33383,36110,107607,20106,9279,81131,2.68,217831,6297,29.14
Carbon County,2025,20428,196,232,-36,22,1143,3791,2277,9182,3668,367,7933,2.56,20310,118,39.25
Carbon County,2026,20443,193,235,-42,57,1098,3702,2490,9059,3724,370,7970,2.54,20274,169,39.55
Carbon County,2027,20480,193,237,-44,81,1060,3628,2642,8999,3773,378,8018,2.53,20260,220,39.83
Carbon County,2028,20493,197,239,-42,55,1044,3574,2604,9084,3789,399,8076,2.51,20273,220,40.06
Carbon County,2029,20442,203,240,-38,-13,1048,3499,2569,9113,3796,417,8128,2.49,20274,168,40.27
Carbon County,2030,20416,210,241,-31,6,1063,3417,2545,9171,3788,432,8186,2.48,20300,116,40.5
Carbon County,2031,20469,218,242,-24,77,1091,3331,2542,9296,3760,450,8250,2.47,20353,117,40.74
Carbon County,2032,20547,226,242,-16,94,1128,3270,2506,9440,3706,498,8318,2.46,20430,117,40.96
Carbon County,2033,20647,234,243,-10,109,1170,3237,2446,9599,3659,536,8388,2.45,20530,117,41.13
Carbon County,2034,20763,241,245,-4,121,1213,3210,2406,9727,3634,573,8460,2.44,20646,117,41.16
Carbon County,2035,20887,246,247,-1,126,1254,3204,2380,9821,3618,611,8530,2.44,20771,117,41.09
Carbon County,2036,21009,249,250,-2,124,1290,3192,2364,9907,3614,644,8596,2.43,20893,117,41
Carbon County,2037,21149,250,254,-4,144,1319,3183,2348,10022,3603,673,8665,2.43,21032,117,40.88
Carbon County,2038,21296,250,258,-8,155,1340,3189,2321,10131,3615,700,8735,2.42,21178,118,40.75
Carbon County,2039,21464,252,261,-10,178,1356,3218,2308,10229,3613,740,8811,2.42,21346,118,40.5
Carbon County,2040,21643,253,265,-12,191,1367,3261,2315,10296,3626,778,8889,2.42,21525,118,40.25
Carbon County,2041,21828,253,267,-14,200,1375,3324,2302,10370,3646,811,8967,2.42,21711,117,39.44
Carbon County,2042,22019,252,269,-17,207,1379,3408,2286,10418,3680,848,9045,2.42,21902,117,39.42
Carbon County,2043,22215,251,272,-21,217,1383,3497,2253,10474,3737,871,9122,2.42,22099,116,39.61
Carbon County,2044,22402,250,274,-24,212,1382,3589,2204,10532,3815,880,9195,2.42,22287,116,39.8
Carbon County,2045,22593,249,277,-28,218,1379,3683,2159,10571,3924,876,9266,2.43,22477,115,39.99
Carbon County,2046,22799,248,279,-31,237,1376,3777,2133,10606,4029,878,9340,2.43,22683,115,40.15
Carbon County,2047,23017,247,280,-34,252,1372,3865,2120,10635,4143,882,9419,2.43,22901,116,40.34
Carbon County,2048,23244,245,283,-38,265,1367,3945,2134,10649,4270,878,9501,2.43,23127,116,40.55
Carbon County,2049,23482,243,285,-42,281,1362,4015,2176,10683,4375,870,9588,2.44,23365,117,40.76
Carbon County,2050,23708,242,286,-44,270,1356,4070,2231,10719,4477,855,9675,2.44,23590,118,40.95
Carbon County,2051,23926,241,287,-47,265,1347,4110,2300,10765,4572,832,9763,2.44,23806,120,41.09
Carbon County,2052,24138,241,289,-48,261,1340,4136,2377,10814,4659,813,9853,2.44,24017,121,41.23
Carbon County,2053,24345,241,291,-50,257,1334,4149,2457,10872,4736,797,9946,2.44,24223,122,41.4
Carbon County,2054,24537,242,293,-51,244,1330,4149,2532,10934,4798,794,10039,2.43,24414,123,41.6
Carbon County,2055,24713,242,294,-51,227,1328,4139,2599,10979,4871,798,10131,2.43,24588,125,41.81
Carbon County,2056,24858,244,296,-52,198,1326,4118,2651,11008,4946,808,10217,2.42,24732,126,42
Carbon County,2057,24986,245,299,-54,182,1326,4091,2692,11042,5021,815,10298,2.41,24860,126,42.13
Carbon County,2058,25103,247,301,-54,171,1328,4059,2721,11112,5050,834,10378,2.41,24976,127,42.27
Carbon County,2059,25218,248,303,-55,169,1333,4025,2739,11215,5052,853,10458,2.4,25090,128,42.39
Carbon County,2060,25331,250,304,-54,168,1340,3992,2747,11334,5037,881,10538,2.39,25203,128,42.52
Carbon County,2061,25452,252,307,-55,175,1348,3963,2750,11466,5015,910,10621,2.38,25323,129,42.68
Carbon County,2062,25566,254,310,-55,170,1358,3937,2746,11594,4985,948,10701,2.38,25437,129,42.85
Carbon County,2063,25687,256,313,-56,178,1368,3916,2740,11732,4943,989,10783,2.37,25559,129,43.01
Carbon County,2064,25806,258,316,-58,176,1379,3898,2730,11890,4877,1032,10862,2.36,25677,129,43.13
Carbon County,2065,25926,260,319,-59,180,1389,3886,2716,12040,4814,1082,10941,2.36,25798,129,43.24
Daggett County,2025,984,4,8,-4,5,35,145,94,429,257,23,424,2.32,984,0,48.37
Daggett County,2026,984,4,8,-4,5,25,144,102,421,263,29,430,2.29,984,0,49.01
Daggett County,2027,985,4,9,-5,5,21,138,103,423,268,31,435,2.26,985,0,49.58
Daggett County,2028,985,5,9,-5,5,20,132,95,435,267,35,440,2.24,985,0,50.11
Daggett County,2029,986,5,10,-5,5,22,125,90,443,264,41,445,2.22,986,0,50.52
Daggett County,2030,986,6,11,-5,6,24,118,90,444,263,47,449,2.2,986,0,50.87
Daggett County,2031,987,7,12,-5,6,28,111,86,446,268,49,452,2.18,987,0,51.25
Daggett County,2032,987,8,13,-5,6,32,105,82,449,266,54,455,2.17,987,0,51.55
Daggett County,2033,989,9,14,-5,8,36,99,79,457,260,59,457,2.17,989,0,51.7
Daggett County,2034,992,9,15,-6,8,41,94,77,465,255,62,459,2.16,992,0,51.68
Daggett County,2035,995,10,16,-6,8,45,90,75,474,251,61,461,2.16,995,0,51.71
Daggett County,2036,996,10,16,-6,7,48,89,72,480,244,63,462,2.16,996,0,51.82
Daggett County,2037,998,10,16,-6,7,50,88,70,481,240,68,463,2.16,998,0,51.83
Daggett County,2038,999,10,16,-6,8,52,91,66,484,235,72,464,2.15,999,0,51.46
Daggett County,2039,1002,10,16,-6,8,52,87,71,487,229,76,465,2.16,1002,0,51.22
Daggett County,2040,1004,10,17,-6,9,53,88,68,493,226,76,466,2.16,1004,0,51.11
Daggett County,2041,1007,10,17,-7,10,53,93,62,498,226,75,466,2.16,1007,0,50.83
Daggett County,2042,1010,10,17,-7,10,53,100,58,496,229,74,467,2.16,1010,0,49.81
Daggett County,2043,1014,10,17,-7,10,52,108,54,495,234,71,467,2.17,1014,0,48.9
Daggett County,2044,1017,9,17,-7,10,51,115,49,497,234,71,467,2.18,1017,0,47.85
Daggett County,2045,1020,9,17,-8,11,50,123,46,494,233,74,467,2.19,1020,0,47.01
Daggett County,2046,1024,9,17,-8,11,49,130,37,499,234,76,467,2.19,1024,0,46.64
Daggett County,2047,1027,9,17,-8,12,48,136,34,501,234,75,467,2.2,1027,0,46.19
Daggett County,2048,1031,9,17,-8,12,47,141,34,501,237,72,467,2.21,1031,0,46.17
Daggett County,2049,1035,8,17,-8,12,46,145,37,497,241,70,467,2.22,1035,0,46.49
Daggett County,2050,1039,8,17,-8,12,45,147,42,493,243,69,467,2.22,1039,0,46.87
Daggett County,2051,1043,8,17,-8,12,44,148,48,492,241,69,468,2.23,1043,0,47.24
Daggett County,2052,1047,8,16,-8,12,43,148,55,495,237,69,468,2.24,1047,0,47.51
Daggett County,2053,1050,8,16,-9,12,43,148,61,494,239,66,469,2.24,1050,0,47.76
Daggett County,2054,1054,8,16,-8,12,42,146,67,494,241,64,470,2.24,1054,0,48.09
Daggett County,2055,1057,8,16,-8,11,42,144,72,495,244,60,471,2.24,1057,0,48.41
Daggett County,2056,1059,8,16,-8,11,42,142,77,499,243,57,472,2.24,1059,0,48.75
Daggett County,2057,1061,8,16,-8,10,42,139,80,507,236,57,473,2.24,1061,0,49.13
Daggett County,2058,1062,8,16,-8,9,42,136,82,514,230,58,475,2.24,1062,0,49.5
Daggett County,2059,1063,8,16,-8,9,43,133,83,522,226,56,476,2.23,1063,0,49.86
Daggett County,2060,1065,9,16,-8,9,43,130,83,531,222,55,477,2.23,1065,0,50.18
Daggett County,2061,1066,9,16,-7,9,44,128,83,541,216,55,479,2.23,1066,0,50.45
Daggett County,2062,1068,9,16,-7,9,44,126,82,552,207,57,481,2.22,1068,0,50.7
Daggett County,2063,1070,9,16,-7,9,45,125,81,560,202,59,483,2.22,1070,0,50.94
Daggett County,2064,1072,9,16,-7,9,45,123,79,566,200,59,484,2.21,1072,0,51.19
Daggett County,2065,1075,9,16,-7,9,45,123,77,571,197,61,486,2.21,1075,0,51.39
Davis County,2025,381508,4377,2202,2175,761,23135,82516,40725,188975,41916,4241,126419,3,379020,2488,34.26
Davis County,2026,384071,4287,2265,2022,541,22578,80551,42638,190370,43605,4329,128741,2.96,381539,2533,34.76
Davis County,2027,386523,4254,2314,1941,511,21948,78785,43773,192404,45153,4460,131092,2.93,383946,2577,35.26
Davis County,2028,389016,4271,2354,1918,576,21593,76896,43899,195483,46437,4708,133496,2.89,386394,2622,35.75
Davis County,2029,391675,4328,2387,1941,717,21417,75099,43794,198862,47590,4913,135972,2.86,389004,2670,36.21
Davis County,2030,394587,4415,2417,1999,914,21485,73219,43674,202484,48630,5095,138533,2.83,391870,2717,36.64
Davis County,2031,397818,4524,2446,2078,1152,21767,71245,43482,206489,49571,5264,141183,2.8,395047,2771,37.05
Davis County,2032,401390,4646,2478,2168,1404,22211,69275,43243,210640,50231,5790,143923,2.77,398566,2825,37.42
Davis County,2033,405288,4770,2515,2255,1643,22766,67411,42946,214918,51033,6214,146743,2.74,402410,2879,37.76
Davis County,2034,409448,4888,2560,2328,1832,23380,65741,42733,218930,52010,6655,149619,2.72,406514,2934,38.06
Davis County,2035,413783,4991,2616,2374,1960,24000,64542,42263,222675,53242,7062,152517,2.69,410793,2990,38.34
Davis County,2036,418218,5067,2687,2381,2054,24572,63735,41692,226140,54590,7488,155403,2.67,415165,3053,38.6
Davis County,2037,422864,5131,2771,2360,2286,25085,63261,40972,229896,55695,7955,158315,2.65,419751,3113,38.83
Davis County,2038,427761,5184,2857,2327,2570,25529,63029,40127,233888,56732,8456,161269,2.63,424591,3170,39.04
Davis County,2039,432847,5225,2930,2296,2790,25895,63334,38889,237834,57875,9020,164237,2.62,429616,3231,39.24
Davis County,2040,438019,5253,3017,2236,2936,26180,63727,37744,241479,59312,9578,167172,2.6,434724,3295,39.41
Davis County,2041,443172,5266,3090,2176,2977,26392,64432,36451,244803,60957,10137,170053,2.59,439811,3361,39.6
Davis County,2042,448313,5261,3162,2099,3042,26529,65325,35378,247420,62933,10728,172885,2.57,444887,3427,39.84
Davis County,2043,453479,5237,3249,1988,3177,26589,66431,34433,249651,65051,11324,175673,2.56,449985,3494,40.16
Davis County,2044,458740,5199,3319,1880,3381,26577,67697,33562,251674,67349,11880,178456,2.55,455176,3564,40.5
Davis County,2045,464130,5147,3404,1743,3647,26498,69056,32747,253552,69880,12396,181246,2.54,460493,3636,40.84
Davis County,2046,469659,5087,3489,1598,3932,26355,70439,32383,255188,72323,12972,184048,2.53,465938,3721,41.18
Davis County,2047,475312,5019,3555,1464,4189,26154,71780,32089,256968,74844,13477,186886,2.52,471513,3798,41.53
Davis County,2048,481052,4945,3640,1305,4434,25904,73025,32150,258648,77454,13871,189744,2.51,477168,3884,41.89
Davis County,2049,486817,4868,3722,1146,4619,25611,74125,32466,260449,80020,14146,192614,2.51,482842,3974,42.26
Davis County,2050,492545,4790,3785,1005,4724,25283,75039,33063,262225,82598,14338,195491,2.5,488473,4072,42.64
Davis County,2051,498140,4714,3868,847,4748,24928,75737,33889,264012,85118,14455,198348,2.49,493966,4174,43.03
Davis County,2052,503569,4641,3950,692,4737,24560,76211,34864,265816,87497,14621,201184,2.48,499294,4275,43.4
Davis County,2053,508865,4575,4031,544,4752,24194,76476,35919,267600,89857,14819,204014,2.47,504489,4376,43.78
Davis County,2054,514077,4517,4114,404,4808,23850,76562,36991,269367,92166,15141,206859,2.46,509596,4481,44.16
Davis County,2055,519234,4471,4176,295,4863,23539,76481,38035,271054,94509,15617,209735,2.45,514648,4586,44.52
Davis County,2056,524343,4437,4262,176,4933,23274,76249,39019,272743,96868,16188,212640,2.44,519649,4694,44.89
Davis County,2057,529399,4418,4370,48,5007,23066,75883,39923,274558,99328,16641,215563,2.43,524598,4801,45.25
Davis County,2058,534398,4414,4458,-44,5044,22918,75394,40727,276685,101584,17091,218504,2.42,529492,4906,45.61
Davis County,2059,539365,4424,4549,-125,5092,22838,74806,41422,279025,103614,17659,221468,2.41,534354,5011,45.97
Davis County,2060,544331,4448,4620,-172,5137,22828,74148,42006,281525,105393,18431,224461,2.4,539210,5120,46.33
Davis County,2061,549295,4485,4719,-234,5198,22887,73451,42484,284318,106824,19330,227476,2.39,544072,5223,46.68
Davis County,2062,554256,4532,4822,-290,5250,23012,72747,42848,287152,108054,20443,230496,2.38,548925,5331,47.03
Davis County,2063,559212,4588,4927,-339,5296,23196,72064,43089,290105,109133,21626,233509,2.37,553766,5447,47.36
Davis County,2064,564172,4651,5035,-384,5344,23431,71432,43206,293177,110061,22865,236513,2.36,558604,5568,47.68
Davis County,2065,569141,4720,5146,-426,5396,23710,70878,43200,296220,110937,24196,239507,2.35,563450,5692,47.96
Duchesne County,2025,20186,225,165,60,-45,1298,4726,2119,9208,2579,256,6921,2.9,20097,89,34.34
Duchesne County,2026,20770,216,170,46,537,1263,4564,2330,9690,2655,267,7012,2.87,20139,631,35.09
Duchesne County,2027,21386,213,173,41,576,1187,4481,2466,10247,2732,273,7118,2.84,20213,1173,35.75
Duchesne County,2028,21494,216,175,41,67,1134,4387,2490,10414,2784,284,7235,2.81,20320,1174,36.1
Duchesne County,2029,21090,223,176,47,-451,1106,4289,2448,10143,2810,294,7364,2.78,20457,634,36.16
Duchesne County,2030,20712,233,177,56,-435,1120,4164,2412,9901,2811,304,7501,2.75,20618,93,36.17
Duchesne County,2031,20894,245,178,68,114,1153,4024,2443,10131,2830,312,7646,2.72,20799,94,36.39
Duchesne County,2032,21085,258,178,80,112,1200,3878,2452,10381,2838,336,7793,2.69,20990,95,36.53
Duchesne County,2033,21273,270,179,91,97,1254,3735,2430,10649,2856,349,7938,2.67,21177,96,36.61
Duchesne County,2034,21441,281,181,100,67,1310,3616,2403,10868,2875,368,8074,2.64,21345,96,36.66
Duchesne County,2035,21568,290,183,106,21,1361,3510,2359,11056,2895,387,8193,2.62,21472,96,36.71
Duchesne County,2036,21632,294,187,107,-43,1401,3404,2313,11179,2931,403,8288,2.6,21536,96,36.84
Duchesne County,2037,21689,297,191,106,-50,1432,3317,2258,11293,2962,427,8376,2.58,21592,96,37.03
Duchesne County,2038,21767,297,194,102,-23,1455,3241,2203,11438,2981,449,8467,2.56,21671,96,37.16
Duchesne County,2039,21871,294,197,97,7,1469,3258,2077,11570,3025,472,8561,2.54,21775,96,37.39
Duchesne County,2040,21990,289,201,88,31,1471,3249,2006,11693,3084,487,8656,2.53,21894,96,37.69
Duchesne County,2041,22136,283,204,79,67,1466,3267,1945,11823,3124,512,8759,2.52,22041,96,38.04
Duchesne County,2042,22304,277,207,70,98,1453,3312,1877,11941,3174,548,8867,2.5,22209,95,38.41
Duchesne County,2043,22483,270,211,60,119,1433,3393,1784,12039,3252,582,8975,2.49,22388,95,38.76
Duchesne County,2044,22649,261,213,47,118,1403,3481,1692,12104,3358,610,9076,2.48,22553,95,39.11
Duchesne County,2045,22812,251,217,34,129,1368,3570,1592,12168,3486,629,9174,2.48,22717,95,39.47
Duchesne County,2046,22981,241,220,21,149,1328,3656,1572,12167,3619,639,9274,2.47,22886,95,39.84
Duchesne County,2047,23169,231,222,9,179,1286,3735,1518,12242,3741,647,9381,2.46,23074,95,40.24
Duchesne County,2048,23372,224,226,-1,204,1243,3804,1494,12328,3846,656,9492,2.45,23276,95,40.66
Duchesne County,2049,23578,218,229,-11,217,1203,3854,1497,12435,3926,662,9607,2.44,23482,96,41.09
Duchesne County,2050,23778,212,231,-19,219,1166,3881,1543,12511,4021,655,9722,2.44,23682,96,41.51
Duchesne County,2051,23969,207,234,-27,218,1132,3885,1608,12568,4132,645,9837,2.43,23872,97,41.94
Duchesne County,2052,24155,204,236,-32,218,1104,3866,1685,12627,4236,637,9955,2.42,24057,98,42.36
Duchesne County,2053,24340,202,239,-37,222,1080,3830,1768,12693,4340,628,10075,2.41,24241,98,42.79
Duchesne County,2054,24509,202,242,-41,210,1063,3776,1849,12765,4431,624,10194,2.39,24410,99,43.22
Duchesne County,2055,24659,202,244,-42,193,1051,3706,1925,12840,4515,622,10309,2.38,24560,100,43.65
Duchesne County,2056,24780,204,247,-43,164,1045,3619,1989,12895,4604,629,10416,2.37,24680,100,44.09
Duchesne County,2057,24855,205,251,-46,121,1042,3519,2036,12935,4684,638,10509,2.36,24754,101,44.56
Duchesne County,2058,24918,207,254,-47,110,1044,3418,2066,12997,4750,643,10598,2.34,24817,101,45.03
Duchesne County,2059,24988,210,257,-48,117,1050,3321,2081,13085,4787,664,10689,2.33,24886,101,45.49
Duchesne County,2060,25066,212,260,-48,126,1059,3231,2084,13208,4794,690,10784,2.31,24965,101,45.95
Duchesne County,2061,25155,214,263,-49,138,1070,3150,2074,13364,4786,711,10882,2.3,25054,101,46.39
Duchesne County,2062,25252,217,267,-50,147,1084,3081,2051,13539,4755,742,10981,2.29,25151,102,46.82
Duchesne County,2063,25355,219,270,-52,154,1096,3026,2015,13728,4703,787,11081,2.28,25253,102,47.21
Duchesne County,2064,25462,220,274,-54,161,1108,2985,1969,13907,4652,841,11180,2.27,25360,101,47.58
Duchesne County,2065,25571,221,278,-57,167,1119,2957,1916,14057,4621,901,11277,2.26,25470,101,47.93
Emery County,2025,10193,103,109,-7,287,604,1921,1121,4582,1784,180,3805,2.59,9849,344,38.8
Emery County,2026,10023,102,113,-11,-159,599,1852,1162,4421,1800,190,3830,2.57,9840,184,38.8
Emery County,2027,10092,102,115,-13,81,578,1812,1200,4500,1806,197,3859,2.55,9839,253,38.89
Emery County,2028,9913,104,116,-12,-166,552,1790,1182,4396,1789,205,3888,2.53,9839,75,38.81
Emery County,2029,9937,106,116,-10,34,548,1774,1154,4469,1785,207,3929,2.51,9879,58,38.83
Emery County,2030,9979,108,116,-8,50,556,1746,1130,4565,1775,207,3969,2.5,9921,58,38.91
Emery County,2031,10024,111,115,-4,49,567,1719,1103,4660,1769,205,4009,2.49,9966,58,38.96
Emery County,2032,10074,114,115,0,50,581,1699,1067,4757,1745,225,4048,2.47,10016,58,38.86
Emery County,2033,10128,117,114,3,51,596,1685,1026,4858,1724,239,4087,2.46,10070,58,38.73
Emery County,2034,10186,120,114,6,52,611,1682,986,4945,1711,252,4124,2.46,10128,58,38.66
Emery County,2035,10245,121,114,7,52,624,1685,953,5018,1700,266,4160,2.45,10187,58,38.63
Emery County,2036,10303,122,115,7,51,635,1679,945,5069,1691,283,4194,2.44,10245,58,38.66
Emery County,2037,10369,122,117,5,61,644,1689,922,5128,1695,292,4229,2.44,10311,58,38.65
Emery County,2038,10439,121,118,2,67,650,1704,902,5191,1688,305,4263,2.44,10381,58,38.56
Emery County,2039,10519,121,119,1,78,653,1728,888,5247,1684,320,4299,2.43,10461,58,38.45
Emery County,2040,10603,120,120,0,85,654,1738,894,5301,1682,334,4336,2.43,10545,58,38.47
Emery County,2041,10691,119,121,-2,90,653,1742,916,5342,1694,344,4376,2.43,10633,58,38.65
Emery County,2042,10782,118,122,-4,94,650,1764,924,5372,1717,354,4417,2.43,10724,58,38.9
Emery County,2043,10875,116,122,-6,99,646,1796,913,5415,1736,369,4459,2.43,10817,58,39.19
Emery County,2044,10963,115,123,-8,97,641,1829,912,5430,1774,378,4500,2.42,10905,58,39.49
Emery County,2045,11054,113,124,-10,101,634,1862,911,5447,1817,383,4540,2.42,10996,58,39.8
Emery County,2046,11152,112,124,-12,110,627,1894,916,5475,1852,387,4583,2.42,11094,58,40.09
Emery County,2047,11255,111,124,-13,116,621,1923,907,5528,1894,381,4627,2.42,11197,58,40.4
Emery County,2048,11362,110,124,-15,122,616,1949,895,5598,1935,370,4673,2.42,11304,58,40.7
Emery County,2049,11476,109,125,-16,129,611,1969,904,5664,1968,359,4722,2.42,11418,58,41.02
Emery County,2050,11583,108,124,-16,123,606,1982,927,5723,1999,344,4770,2.42,11525,58,41.31
Emery County,2051,11686,108,124,-16,119,602,1988,956,5783,2026,331,4819,2.41,11628,58,41.59
Emery County,2052,11787,109,124,-15,116,599,1988,987,5849,2044,320,4870,2.41,11729,58,41.86
Emery County,2053,11885,109,124,-15,113,597,1981,1018,5919,2061,309,4921,2.4,11827,58,42.09
Emery County,2054,11976,110,124,-14,105,597,1968,1047,5991,2072,302,4973,2.4,11918,58,42.34
Emery County,2055,12059,111,124,-13,96,598,1951,1071,6057,2086,297,5024,2.39,12001,58,42.6
Emery County,2056,12128,112,124,-12,81,600,1930,1088,6108,2106,296,5072,2.38,12070,58,42.87
Emery County,2057,12189,114,125,-11,72,603,1907,1100,6157,2124,297,5117,2.37,12131,58,43.12
Emery County,2058,12244,115,125,-10,66,607,1883,1107,6218,2130,299,5161,2.36,12186,58,43.36
Emery County,2059,12299,116,125,-9,64,612,1860,1108,6292,2123,304,5205,2.35,12241,58,43.57
Emery County,2060,12352,117,125,-8,62,617,1840,1104,6365,2117,310,5249,2.34,12294,58,43.75
Emery County,2061,12410,118,126,-8,65,623,1823,1096,6437,2110,321,5294,2.33,12352,58,43.92
Emery County,2062,12464,119,126,-7,62,628,1810,1085,6496,2108,337,5337,2.32,12406,58,44.14
Emery County,2063,12521,120,127,-7,65,634,1801,1072,6550,2113,352,5380,2.32,12463,58,44.32
Emery County,2064,12577,120,128,-8,64,638,1795,1058,6611,2101,374,5422,2.31,12519,58,44.48
Emery County,2065,12635,121,129,-8,65,642,1793,1042,6674,2089,394,5463,2.3,12577,58,44.61
Garfield County,2025,5119,52,44,8,-3,276,806,440,2267,1178,153,1970,2.5,4915,204,43.96
Garfield County,2026,5127,52,44,8,0,269,800,457,2226,1206,168,1985,2.48,4922,204,44.49
Garfield County,2027,5136,52,46,6,3,266,796,461,2192,1237,183,2000,2.47,4932,204,44.99
Garfield County,2028,5147,52,48,3,7,265,790,453,2180,1260,198,2014,2.45,4943,204,45.43
Garfield County,2029,5159,51,51,0,12,262,790,433,2187,1278,209,2027,2.44,4954,205,45.84
Garfield County,2030,5171,51,55,-4,16,262,789,426,2188,1288,219,2040,2.43,4966,205,46.2
Garfield County,2031,5184,51,59,-8,21,262,784,413,2213,1274,238,2051,2.43,4979,205,46.46
Garfield County,2032,5198,51,62,-12,25,262,784,400,2246,1229,276,2062,2.42,4992,206,46.62
Garfield County,2033,5211,50,66,-15,29,261,778,405,2271,1196,300,2072,2.42,5005,205,46.66
Garfield County,2034,5224,50,69,-18,31,261,778,407,2291,1167,320,2081,2.41,5019,205,46.64
Garfield County,2035,5236,50,71,-20,33,261,774,412,2313,1138,339,2088,2.41,5031,205,46.63
Garfield County,2036,5248,50,72,-21,34,261,778,409,2328,1112,360,2096,2.41,5043,205,46.68
Garfield County,2037,5261,51,73,-22,35,261,781,409,2335,1092,383,2105,2.4,5057,204,46.67
Garfield County,2038,5275,51,74,-23,37,262,771,417,2347,1084,394,2114,2.4,5071,204,46.64
Garfield County,2039,5290,51,75,-24,38,262,768,420,2353,1082,404,2123,2.39,5085,205,46.72
Garfield County,2040,5304,51,76,-25,39,262,768,414,2374,1074,411,2132,2.39,5098,205,46.7
Garfield County,2041,5318,50,76,-26,40,262,768,414,2392,1067,414,2141,2.39,5112,205,46.55
Garfield County,2042,5331,50,77,-27,41,261,766,413,2404,1065,422,2150,2.38,5126,206,46.51
Garfield County,2043,5345,49,78,-28,42,260,768,415,2412,1065,426,2159,2.38,5139,206,46.47
Garfield County,2044,5359,49,78,-29,43,258,769,416,2410,1074,431,2168,2.38,5153,206,46.42
Garfield County,2045,5373,48,79,-30,45,256,770,405,2406,1096,440,2178,2.37,5168,205,46.43
Garfield County,2046,5388,48,79,-32,47,254,770,403,2401,1113,447,2189,2.37,5182,206,46.4
Garfield County,2047,5403,47,80,-33,48,251,769,403,2395,1129,457,2200,2.36,5198,205,46.22
Garfield County,2048,5419,46,80,-34,50,247,768,404,2389,1148,463,2211,2.36,5214,206,46.15
Garfield County,2049,5435,45,81,-35,51,244,767,403,2387,1172,463,2223,2.35,5229,206,46.32
Garfield County,2050,5451,45,81,-36,52,240,765,405,2386,1194,461,2235,2.35,5244,206,46.6
Garfield County,2051,5466,44,81,-37,52,236,762,406,2395,1214,452,2248,2.34,5259,207,46.92
Garfield County,2052,5480,43,82,-38,53,232,759,407,2407,1236,439,2260,2.33,5273,207,47.13
Garfield County,2053,5494,43,82,-39,53,229,755,407,2422,1254,427,2272,2.33,5286,208,47.43
Garfield County,2054,5507,42,82,-40,53,226,750,407,2431,1275,419,2284,2.32,5299,208,47.74
Garfield County,2055,5520,42,82,-40,53,223,744,407,2439,1294,412,2296,2.31,5311,209,48.06
Garfield County,2056,5532,42,83,-41,53,221,737,408,2455,1302,411,2308,2.31,5323,209,48.29
Garfield County,2057,5544,41,83,-42,54,219,729,408,2462,1311,415,2320,2.3,5334,210,48.49
Garfield County,2058,5556,41,84,-42,54,217,721,408,2471,1319,419,2333,2.29,5345,210,48.67
Garfield County,2059,5567,41,84,-43,55,216,712,408,2490,1314,426,2345,2.28,5357,210,48.86
Garfield County,2060,5579,41,84,-43,55,215,704,408,2507,1316,429,2358,2.28,5368,211,49.05
Garfield County,2061,5590,41,85,-44,55,214,695,407,2519,1325,430,2371,2.27,5379,211,49.23
Garfield County,2062,5601,41,85,-45,56,213,687,406,2535,1321,439,2384,2.26,5390,211,49.45
Garfield County,2063,5612,41,86,-45,56,213,678,403,2549,1321,447,2397,2.25,5401,211,49.67
Garfield County,2064,5622,41,87,-46,57,212,671,400,2560,1316,463,2409,2.25,5411,211,49.9
Garfield County,2065,5633,41,87,-47,57,212,664,396,2576,1297,488,2422,2.24,5422,211,50.18
Grand County,2025,9903,69,74,-4,9,430,1506,728,4943,2043,253,4272,2.28,9747,156,43.12
Grand County,2026,9904,67,74,-7,8,395,1490,747,4910,2098,264,4312,2.26,9748,156,43.69
Grand County,2027,9911,68,77,-9,16,364,1470,753,4892,2158,275,4353,2.24,9755,156,44.23
Grand County,2028,9930,72,82,-10,29,342,1448,755,4894,2200,292,4396,2.22,9774,156,44.7
Grand County,2029,9966,77,88,-11,47,349,1408,749,4928,2225,307,4442,2.21,9810,156,45.08
Grand County,2030,10020,83,95,-11,66,365,1375,752,4979,2224,325,4491,2.2,9864,156,45.39
Grand County,2031,10093,91,102,-12,85,391,1336,764,5041,2220,342,4542,2.19,9937,156,45.62
Grand County,2032,10182,98,110,-12,101,424,1289,788,5114,2189,378,4596,2.18,10026,156,45.8
Grand County,2033,10282,105,117,-12,111,460,1246,811,5198,2164,403,4650,2.18,10126,156,45.95
Grand County,2034,10384,111,123,-12,114,496,1208,829,5282,2142,427,4704,2.17,10228,156,46.07
Grand County,2035,10480,114,127,-13,108,528,1181,840,5358,2120,452,4753,2.17,10324,156,46.18
Grand County,2036,10557,116,129,-13,91,553,1170,840,5410,2110,474,4794,2.17,10401,156,46.34
Grand County,2037,10641,117,132,-15,98,572,1185,829,5463,2092,499,4836,2.17,10485,156,46.57
Grand County,2038,10717,119,135,-16,92,585,1202,814,5518,2073,525,4873,2.17,10561,156,46.84
Grand County,2039,10803,120,137,-17,103,595,1219,794,5602,2042,552,4913,2.17,10647,156,47.1
Grand County,2040,10888,121,139,-18,103,602,1241,769,5685,2026,564,4952,2.17,10732,156,47.28
Grand County,2041,10980,122,141,-19,111,609,1270,742,5775,2003,582,4991,2.17,10824,156,47.39
Grand County,2042,11070,123,143,-20,110,616,1321,700,5847,1986,600,5027,2.17,10914,156,47.45
Grand County,2043,11158,123,145,-22,109,620,1380,667,5903,1983,605,5059,2.17,11002,156,47.46
Grand County,2044,11238,122,146,-24,104,621,1441,648,5933,1984,611,5087,2.18,11082,156,47.42
Grand County,2045,11326,122,148,-26,114,622,1504,624,5960,2001,614,5116,2.18,11170,156,47.27
Grand County,2046,11413,121,149,-28,115,621,1566,597,5987,2031,611,5144,2.19,11257,156,47.03
Grand County,2047,11517,121,150,-29,134,621,1625,579,6006,2078,609,5177,2.19,11361,156,46.82
Grand County,2048,11625,120,151,-31,139,620,1677,572,6017,2137,602,5210,2.2,11469,156,46.62
Grand County,2049,11742,119,152,-34,150,618,1723,597,6033,2183,587,5247,2.21,11586,156,46.52
Grand County,2050,11860,118,153,-35,153,616,1760,636,6048,2237,563,5286,2.21,11704,156,46.51
Grand County,2051,11969,117,153,-37,145,611,1787,684,6057,2287,541,5322,2.22,11813,156,46.52
Grand County,2052,12080,116,154,-38,150,607,1808,739,6065,2342,519,5362,2.22,11924,156,46.52
Grand County,2053,12195,115,155,-40,155,602,1823,796,6077,2399,498,5405,2.23,12039,156,46.52
Grand County,2054,12306,114,156,-42,153,597,1834,848,6092,2454,482,5450,2.23,12150,156,46.54
Grand County,2055,12417,113,156,-43,154,592,1842,895,6104,2515,470,5497,2.23,12261,156,46.59
Grand County,2056,12515,113,157,-44,142,587,1844,933,6088,2597,466,5542,2.23,12359,156,46.67
Grand County,2057,12602,112,158,-47,134,582,1841,964,6064,2691,460,5584,2.23,12446,156,46.78
Grand County,2058,12691,112,159,-48,137,579,1837,987,6069,2762,457,5630,2.23,12535,156,46.88
Grand County,2059,12781,111,161,-49,139,576,1830,1006,6097,2823,449,5677,2.22,12625,156,46.95
Grand County,2060,12871,112,161,-50,140,574,1821,1020,6144,2867,445,5727,2.22,12715,156,47.06
Grand County,2061,12965,112,163,-51,145,574,1812,1033,6201,2906,440,5780,2.22,12809,156,47.22
Grand County,2062,13064,112,164,-52,150,575,1803,1044,6275,2926,440,5835,2.21,12908,156,47.39
Grand County,2063,13168,113,166,-53,158,577,1795,1053,6369,2933,442,5893,2.21,13012,156,47.57
Grand County,2064,13273,114,168,-54,158,581,1787,1060,6475,2924,446,5952,2.2,13117,156,47.74
Grand County,2065,13376,115,170,-55,159,584,1778,1064,6580,2911,458,6011,2.2,13220,156,47.89
Iron County,2025,69982,796,388,408,1676,4420,13286,12011,30659,8732,875,24037,2.84,68310,1672,29.58
Iron County,2026,72226,800,402,398,1846,4427,13229,12501,31876,9232,960,25069,2.81,70522,1705,29.81
Iron County,2027,74496,825,421,404,1865,4429,13224,13038,33031,9707,1068,26125,2.79,72768,1728,30.1
Iron County,2028,76703,867,443,424,1783,4428,13216,13467,34248,10136,1208,27165,2.76,74960,1743,30.39
Iron County,2029,78879,920,468,453,1723,4433,13234,13710,35597,10566,1339,28163,2.74,77030,1850,30.69
Iron County,2030,80780,981,494,487,1414,4582,13144,13758,36876,10968,1453,29096,2.71,78931,1849,30.95
Iron County,2031,82483,1045,522,523,1179,4789,12964,13732,38144,11295,1559,29948,2.69,80631,1852,31.2
Iron County,2032,83983,1106,549,557,944,5028,12755,13586,39353,11524,1737,30713,2.67,82124,1859,31.52
Iron County,2033,85304,1160,576,584,736,5277,12559,13352,40469,11760,1886,31396,2.66,83441,1863,31.84
Iron County,2034,86481,1202,601,601,576,5516,12437,13081,41415,11987,2044,32011,2.64,84625,1856,32.11
Iron County,2035,87577,1227,623,604,492,5727,12370,12811,42222,12246,2201,32585,2.63,85736,1842,32.43
Iron County,2036,88675,1231,642,589,509,5893,12404,12551,42929,12545,2354,33157,2.62,86847,1828,32.79
Iron County,2037,89822,1233,663,570,577,6014,12512,12351,43583,12846,2516,33740,2.61,88003,1820,33.19
Iron County,2038,91036,1232,685,547,667,6091,12639,12197,44283,13129,2697,34345,2.6,89216,1820,33.63
Iron County,2039,92266,1227,705,522,708,6125,12871,11984,44978,13417,2890,34959,2.59,90451,1815,34.08
Iron County,2040,93456,1217,728,489,701,6121,13123,11790,45580,13775,3067,35562,2.58,91649,1807,34.56
Iron County,2041,94628,1203,749,454,718,6097,13361,11681,46080,14187,3222,36155,2.57,92823,1806,35.05
Iron County,2042,95772,1188,768,420,724,6054,13578,11619,46483,14615,3423,36737,2.56,93966,1806,35.57
Iron County,2043,96912,1175,791,383,757,5998,13905,11494,46764,15103,3648,37319,2.55,95120,1793,36.1
Iron County,2044,98063,1164,811,353,798,5936,14259,11373,46982,15630,3883,37907,2.54,96287,1776,36.63
Iron County,2045,99265,1153,834,319,883,5877,14609,11228,47213,16225,4112,38515,2.53,97497,1768,37.16
Iron County,2046,100540,1143,858,286,989,5827,14936,11156,47452,16828,4342,39158,2.52,98768,1772,37.69
Iron County,2047,101883,1135,878,257,1086,5785,15223,11133,47737,17434,4570,39836,2.51,100099,1784,38.22
Iron County,2048,103277,1130,904,226,1169,5751,15458,11142,48111,18020,4795,40543,2.5,101474,1803,38.73
Iron County,2049,104694,1129,929,200,1216,5726,15631,11183,48584,18553,5017,41268,2.49,102867,1827,39.25
Iron County,2050,106073,1133,951,181,1198,5707,15729,11383,48981,19050,5223,41987,2.48,104220,1853,39.75
Iron County,2051,107432,1139,977,162,1198,5700,15758,11708,49336,19545,5383,42705,2.47,105554,1878,40.22
Iron County,2052,108754,1146,1002,144,1178,5706,15725,12097,49738,19949,5539,43413,2.46,106852,1902,40.67
Iron County,2053,110030,1155,1027,129,1147,5723,15641,12500,50191,20279,5696,44107,2.45,108108,1922,41.1
Iron County,2054,111263,1166,1051,115,1118,5749,15533,12873,50642,20599,5867,44789,2.44,109326,1937,41.52
Iron County,2055,112444,1178,1070,108,1073,5782,15406,13192,51073,20914,6076,45454,2.43,110495,1949,41.93
Iron County,2056,113581,1192,1094,98,1039,5822,15269,13443,51516,21213,6318,46104,2.42,111623,1958,42.33
Iron County,2057,114686,1205,1121,84,1021,5870,15134,13616,52028,21471,6568,46739,2.41,112720,1966,42.71
Iron County,2058,115772,1219,1144,75,1011,5924,15012,13707,52633,21695,6800,47366,2.4,113800,1972,43.07
Iron County,2059,116860,1232,1167,65,1023,5983,14913,13722,53348,21860,7033,47990,2.39,114884,1975,43.39
Iron County,2060,117938,1244,1185,59,1019,6044,14840,13675,54075,21998,7306,48609,2.39,115961,1977,43.7
Iron County,2061,119005,1255,1208,47,1020,6103,14792,13591,54752,22153,7613,49222,2.38,117028,1976,44
Iron County,2062,120059,1264,1231,33,1021,6158,14770,13483,55316,22360,7971,49828,2.37,118084,1975,44.27
Iron County,2063,121097,1271,1255,17,1022,6208,14775,13355,55810,22552,8398,50425,2.36,119125,1972,44.54
Iron County,2064,122126,1276,1279,-2,1031,6251,14807,13216,56251,22742,8859,51014,2.36,120157,1969,44.8
Iron County,2065,123138,1279,1303,-24,1037,6285,14866,13073,56661,22902,9351,51593,2.35,121174,1964,45.09
Juab County,2025,13386,199,71,128,142,1062,3134,1443,6147,1449,151,4356,3.05,13285,101,31.63
Juab County,2026,13665,202,72,130,148,1049,3130,1542,6276,1508,160,4491,3.02,13564,101,32.05
Juab County,2027,13947,203,73,130,152,1045,3121,1610,6434,1565,171,4631,2.99,13846,101,32.45
Juab County,2028,14222,202,75,127,148,1044,3114,1639,6619,1621,184,4773,2.96,14121,101,32.86
Juab County,2029,14484,200,77,123,138,1018,3141,1644,6802,1680,199,4913,2.93,14383,101,33.27
Juab County,2030,14725,196,79,118,124,1012,3139,1644,6987,1733,210,5049,2.9,14624,101,33.71
Juab County,2031,14944,193,81,112,108,1000,3127,1630,7194,1772,221,5182,2.86,14843,101,34.17
Juab County,2032,15141,190,84,106,91,984,3098,1635,7386,1788,252,5309,2.83,15040,101,34.61
Juab County,2033,15319,187,87,100,77,965,3086,1599,7572,1818,278,5431,2.8,15218,101,35.04
Juab County,2034,15481,185,89,96,66,948,3050,1588,7741,1853,301,5548,2.77,15380,101,35.42
Juab County,2035,15635,185,92,94,61,935,3020,1572,7893,1895,321,5663,2.74,15534,101,35.81
Juab County,2036,15793,187,94,93,64,928,2996,1561,8021,1941,346,5778,2.72,15692,101,36.23
Juab County,2037,15959,189,97,92,74,926,2980,1540,8152,1989,371,5894,2.69,15858,101,36.59
Juab County,2038,16133,190,100,90,84,929,2963,1512,8296,2038,396,6014,2.67,16032,101,36.92
Juab County,2039,16315,191,102,89,93,936,2917,1500,8473,2079,410,6136,2.64,16214,101,37.29
Juab County,2040,16500,191,105,86,99,942,2880,1502,8624,2126,426,6261,2.62,16399,101,37.69
Juab County,2041,16685,191,107,84,101,947,2851,1478,8773,2197,440,6386,2.6,16584,101,38.13
Juab County,2042,16870,191,110,81,104,948,2802,1492,8886,2284,458,6511,2.58,16769,101,38.57
Juab County,2043,17056,189,112,77,109,948,2780,1486,8985,2383,473,6637,2.55,16955,101,39.02
Juab County,2044,17245,188,115,73,116,944,2761,1491,9075,2478,495,6765,2.53,17144,101,39.47
Juab County,2045,17439,185,117,68,126,939,2745,1496,9171,2570,519,6896,2.51,17338,101,39.93
Juab County,2046,17639,183,120,63,136,932,2732,1472,9299,2657,547,7029,2.5,17538,101,40.42
Juab County,2047,17843,181,122,59,145,923,2723,1458,9425,2739,575,7164,2.48,17742,101,40.91
Juab County,2048,18050,179,125,53,154,914,2718,1447,9533,2835,603,7300,2.46,17949,101,41.38
Juab County,2049,18259,176,128,48,160,904,2717,1412,9671,2921,634,7437,2.44,18158,101,41.86
Juab County,2050,18467,174,130,44,163,893,2719,1401,9788,3006,660,7573,2.43,18366,101,42.36
Juab County,2051,18670,172,133,39,164,883,2721,1385,9926,3077,678,7706,2.41,18569,101,42.85
Juab County,2052,18867,171,136,35,162,873,2723,1367,10062,3148,693,7837,2.39,18766,101,43.33
Juab County,2053,19059,169,139,31,162,864,2722,1352,10175,3230,716,7966,2.38,18958,101,43.81
Juab County,2054,19249,169,142,27,163,856,2717,1342,10270,3323,741,8094,2.37,19148,101,44.28
Juab County,2055,19436,168,144,24,164,850,2707,1337,10348,3423,771,8221,2.35,19335,101,44.73
Juab County,2056,19622,168,147,21,166,846,2693,1338,10412,3524,809,8347,2.34,19521,101,45.16
Juab County,2057,19807,168,151,17,167,844,2676,1345,10459,3636,847,8472,2.33,19706,101,45.57
Juab County,2058,19989,169,154,14,168,844,2657,1355,10512,3737,884,8596,2.31,19888,101,45.98
Juab County,2059,20170,170,158,12,169,845,2637,1367,10567,3847,908,8719,2.3,20069,101,46.39
Juab County,2060,20352,171,160,11,171,849,2616,1378,10625,3947,937,8842,2.29,20251,101,46.8
Juab County,2061,20533,172,164,9,173,854,2596,1386,10689,4027,983,8965,2.28,20432,101,47.23
Juab County,2062,20714,174,168,7,175,860,2577,1390,10739,4106,1042,9086,2.27,20613,101,47.62
Juab County,2063,20896,176,171,5,177,868,2561,1391,10797,4171,1108,9207,2.26,20795,101,48
Juab County,2064,21077,178,175,3,179,876,2549,1388,10869,4220,1175,9326,2.25,20976,101,48.39
Juab County,2065,21259,180,179,0,182,885,2540,1383,10926,4287,1239,9444,2.24,21158,101,48.77
Kane County,2025,8398,82,78,4,30,435,1436,715,3723,1894,196,3242,2.54,8229,169,42.75
Kane County,2026,8438,82,79,3,36,425,1410,767,3703,1913,220,3275,2.52,8267,171,43.1
Kane County,2027,8480,83,81,2,40,408,1395,792,3712,1926,245,3308,2.51,8308,172,43.44
Kane County,2028,8523,83,84,-1,44,411,1361,813,3739,1922,276,3343,2.5,8350,173,43.74
Kane County,2029,8565,83,87,-4,46,405,1342,827,3772,1912,307,3376,2.49,8390,175,43.99
Kane County,2030,8606,83,90,-7,48,407,1327,811,3817,1911,333,3409,2.47,8429,177,44.21
Kane County,2031,8645,83,94,-11,50,409,1313,794,3862,1916,352,3439,2.46,8466,179,44.45
Kane County,2032,8681,83,97,-14,50,410,1292,788,3922,1879,391,3468,2.45,8501,180,44.65
Kane County,2033,8715,83,101,-17,51,410,1279,770,3996,1837,423,3497,2.44,8534,181,44.78
Kane County,2034,8745,84,103,-19,50,411,1257,764,4063,1800,451,3522,2.43,8563,183,44.88
Kane County,2035,8774,85,106,-21,49,413,1239,751,4135,1767,469,3546,2.42,8589,185,44.93
Kane County,2036,8802,86,107,-21,49,416,1228,736,4200,1738,484,3569,2.41,8615,187,44.98
Kane County,2037,8832,87,109,-22,51,419,1228,723,4252,1706,503,3591,2.41,8643,188,45.1
Kane County,2038,8863,88,110,-22,54,423,1216,722,4309,1663,530,3613,2.4,8674,189,45.24
Kane County,2039,8896,88,111,-23,56,427,1208,708,4373,1626,554,3636,2.39,8706,190,45.24
Kane County,2040,8928,88,112,-24,56,431,1193,710,4423,1598,575,3658,2.39,8738,191,45.17
Kane County,2041,8960,87,112,-25,57,432,1197,685,4476,1578,593,3681,2.38,8770,190,44.99
Kane County,2042,8992,86,113,-27,58,431,1194,675,4519,1563,611,3703,2.38,8803,189,44.84
Kane County,2043,9024,85,113,-28,60,428,1200,664,4555,1544,632,3725,2.37,8835,189,44.71
Kane County,2044,9055,84,113,-30,61,424,1207,662,4574,1549,640,3746,2.37,8867,188,44.55
Kane County,2045,9088,82,114,-31,64,418,1212,649,4594,1566,649,3768,2.36,8900,188,44.33
Kane County,2046,9122,80,114,-33,68,412,1217,641,4624,1578,650,3792,2.36,8935,187,44.29
Kane County,2047,9158,78,113,-35,70,404,1222,625,4668,1588,651,3816,2.35,8971,187,44.39
Kane County,2048,9194,76,113,-37,73,396,1225,628,4671,1628,646,3842,2.34,9008,186,44.54
Kane County,2049,9231,75,113,-38,75,388,1227,624,4680,1673,639,3867,2.34,9045,186,44.74
Kane County,2050,9266,73,112,-39,75,379,1227,628,4691,1703,639,3893,2.33,9080,186,45.03
Kane County,2051,9301,72,112,-40,75,371,1225,630,4706,1729,640,3919,2.33,9114,187,45.36
Kane County,2052,9335,71,112,-41,75,363,1221,633,4714,1774,631,3945,2.32,9147,187,45.71
Kane County,2053,9367,70,111,-42,74,356,1213,635,4734,1812,616,3971,2.31,9178,188,46.06
Kane County,2054,9397,69,111,-42,73,350,1202,638,4756,1846,605,3998,2.3,9209,189,46.42
Kane County,2055,9427,68,110,-42,72,345,1189,642,4782,1877,593,4025,2.29,9238,189,46.8
Kane County,2056,9455,68,110,-42,71,341,1172,646,4806,1906,584,4053,2.29,9266,189,47.18
Kane County,2057,9482,67,110,-43,70,338,1154,651,4819,1943,578,4081,2.28,9293,189,47.57
Kane County,2058,9509,67,110,-43,69,336,1134,655,4827,1986,572,4109,2.27,9320,189,47.96
Kane County,2059,9536,68,110,-42,69,335,1114,659,4853,2008,568,4137,2.26,9347,189,48.34
Kane County,2060,9562,68,110,-42,68,334,1094,660,4884,2021,569,4165,2.25,9373,189,48.69
Kane County,2061,9588,68,110,-42,68,335,1075,659,4923,2021,576,4193,2.24,9399,189,49.02
Kane County,2062,9614,68,110,-42,67,336,1056,656,4960,2020,586,4221,2.23,9425,189,49.34
Kane County,2063,9639,69,110,-42,67,337,1039,650,4994,2021,597,4248,2.22,9450,189,49.66
Kane County,2064,9664,69,111,-42,67,339,1025,642,5030,2012,616,4275,2.22,9474,190,50
Kane County,2065,9688,70,112,-42,67,340,1012,632,5068,1992,643,4300,2.21,9498,190,50.31
Millard County,2025,13704,165,104,62,32,912,2999,1484,5724,2275,310,4610,2.96,13654,49,36.07
Millard County,2026,13807,163,105,59,45,883,2953,1581,5742,2321,326,4685,2.94,13757,50,36.36
Millard County,2027,13916,163,108,55,54,878,2880,1632,5824,2354,348,4764,2.91,13865,51,36.66
Millard County,2028,14026,163,112,51,59,865,2825,1633,5956,2370,377,4845,2.88,13975,52,36.95
Millard County,2029,14136,164,117,47,62,848,2818,1589,6093,2391,398,4925,2.86,14084,52,37.23
Millard County,2030,14242,165,122,43,63,848,2802,1549,6224,2405,414,5000,2.84,14190,52,37.5
Millard County,2031,14344,167,128,39,63,853,2771,1538,6343,2417,423,5073,2.82,14292,52,37.74
Millard County,2032,14441,169,134,35,62,861,2735,1520,6473,2403,450,5144,2.8,14389,52,37.96
Millard County,2033,14534,171,139,32,60,870,2697,1494,6620,2374,479,5212,2.78,14481,53,38.12
Millard County,2034,14622,172,144,29,59,879,2646,1473,6762,2361,502,5277,2.76,14569,53,38.26
Millard County,2035,14707,173,147,27,59,887,2604,1450,6895,2351,521,5340,2.74,14654,53,38.38
Millard County,2036,14792,173,148,25,60,893,2579,1448,6978,2359,536,5403,2.73,14739,53,38.49
Millard County,2037,14885,174,151,24,69,898,2569,1445,7059,2361,554,5468,2.71,14832,53,38.58
Millard County,2038,14979,175,153,22,73,902,2552,1437,7146,2363,580,5532,2.7,14927,52,38.7
Millard County,2039,15078,173,154,19,79,903,2534,1426,7249,2360,607,5597,2.68,15026,52,38.87
Millard County,2040,15174,172,156,16,80,902,2539,1388,7361,2363,621,5662,2.67,15122,51,38.96
Millard County,2041,15270,170,157,12,84,898,2536,1351,7481,2367,637,5726,2.66,15219,51,39.22
Millard County,2042,15362,167,159,8,84,890,2527,1329,7572,2382,663,5789,2.64,15312,51,39.57
Millard County,2043,15457,164,160,4,90,880,2536,1303,7642,2404,692,5853,2.63,15407,50,39.96
Millard County,2044,15546,161,161,0,89,867,2547,1284,7696,2440,711,5915,2.62,15496,50,40.39
Millard County,2045,15629,158,163,-5,88,852,2557,1257,7753,2492,717,5974,2.61,15579,50,40.83
Millard County,2046,15715,154,164,-10,97,836,2566,1228,7811,2550,724,6035,2.6,15666,50,41.26
Millard County,2047,15803,150,165,-15,102,820,2572,1222,7836,2625,729,6096,2.58,15753,50,41.68
Millard County,2048,15892,147,166,-19,108,803,2574,1214,7864,2709,729,6158,2.57,15842,50,42.08
Millard County,2049,15981,145,168,-23,112,786,2572,1202,7906,2786,729,6220,2.56,15931,50,42.5
Millard County,2050,16063,142,168,-26,108,771,2562,1208,7926,2871,725,6281,2.55,16013,51,42.93
Millard County,2051,16142,140,170,-29,108,757,2546,1220,7957,2943,720,6341,2.54,16091,51,43.39
Millard County,2052,16217,139,171,-32,108,745,2524,1233,7999,3003,713,6401,2.53,16166,52,43.84
Millard County,2053,16290,138,172,-34,107,735,2497,1247,8042,3068,702,6460,2.51,16238,52,44.32
Millard County,2054,16356,137,174,-36,103,727,2466,1258,8082,3125,699,6518,2.5,16304,53,44.79
Millard County,2055,16417,137,175,-37,98,721,2430,1268,8121,3180,698,6575,2.49,16364,53,45.26
Millard County,2056,16473,137,176,-39,94,718,2390,1275,8161,3222,706,6631,2.48,16419,54,45.69
Millard County,2057,16523,137,178,-41,91,715,2350,1279,8201,3264,714,6684,2.46,16468,54,46.08
Millard County,2058,16571,137,180,-42,91,715,2309,1279,8237,3304,727,6738,2.45,16517,54,46.44
Millard County,2059,16622,138,182,-44,95,715,2271,1276,8284,3339,737,6792,2.44,16568,54,46.8
Millard County,2060,16676,138,183,-45,99,716,2237,1269,8342,3367,745,6846,2.43,16622,55,47.18
Millard County,2061,16728,138,185,-46,98,717,2205,1260,8402,3388,756,6900,2.42,16674,54,47.57
Millard County,2062,16780,138,187,-48,100,719,2177,1246,8467,3392,779,6953,2.41,16726,54,47.95
Millard County,2063,16835,138,189,-50,105,721,2153,1228,8532,3391,809,7006,2.4,16781,54,48.34
Millard County,2064,16888,138,191,-53,106,722,2135,1208,8594,3389,840,7057,2.39,16834,54,48.74
Millard County,2065,16940,138,194,-55,107,722,2120,1186,8637,3402,872,7107,2.38,16887,53,49.15
Morgan County,2025,13117,120,68,52,-28,662,3052,1639,5930,1646,188,4500,2.92,13117,0,34.37
Morgan County,2026,13120,118,70,48,-45,632,2884,1739,5946,1715,202,4584,2.86,13120,0,34.88
Morgan County,2027,13120,120,72,48,-47,595,2743,1775,6014,1771,223,4669,2.81,13120,0,35.38
Morgan County,2028,13134,127,75,52,-38,601,2571,1782,6131,1797,253,4757,2.76,13134,0,35.82
Morgan County,2029,13174,138,79,59,-19,607,2440,1773,6249,1839,266,4850,2.72,13174,0,36.19
Morgan County,2030,13248,150,82,68,6,640,2306,1750,6390,1894,268,4949,2.68,13248,0,36.48
Morgan County,2031,13361,164,86,78,35,690,2185,1717,6554,1945,269,5055,2.64,13361,0,36.7
Morgan County,2032,13515,178,90,88,65,752,2088,1663,6739,1982,290,5170,2.61,13515,0,36.87
Morgan County,2033,13705,192,94,98,93,821,2002,1614,6937,2021,311,5290,2.59,13705,0,37.01
Morgan County,2034,13926,203,98,106,115,892,1954,1556,7129,2064,331,5414,2.57,13926,0,37.07
Morgan County,2035,14166,212,101,111,128,958,1941,1478,7339,2098,353,5539,2.56,14166,0,37.16
Morgan County,2036,14413,217,104,113,134,1013,1953,1412,7531,2136,367,5663,2.55,14413,0,37.28
Morgan County,2037,14674,220,107,114,147,1057,2001,1328,7725,2183,381,5786,2.54,14674,0,37.42
Morgan County,2038,14951,222,110,112,165,1089,2075,1243,7919,2227,399,5912,2.53,14951,0,37.53
Morgan County,2039,15241,223,113,110,180,1110,2157,1178,8107,2265,424,6039,2.52,15241,0,37.68
Morgan County,2040,15538,222,116,106,191,1121,2238,1122,8292,2320,445,6166,2.52,15538,0,37.93
Morgan County,2041,15836,220,119,101,197,1125,2358,1057,8443,2389,465,6291,2.52,15836,0,38.28
Morgan County,2042,16136,217,122,95,204,1121,2475,1021,8561,2474,484,6414,2.52,16136,0,38.62
Morgan County,2043,16439,213,126,87,216,1111,2607,984,8678,2557,501,6537,2.51,16439,0,38.97
Morgan County,2044,16749,208,128,79,231,1097,2747,961,8776,2648,520,6661,2.51,16749,0,39.35
Morgan County,2045,17069,202,132,71,249,1078,2886,952,8892,2721,540,6789,2.51,17069,0,39.74
Morgan County,2046,17399,197,135,62,269,1057,3019,945,9037,2777,564,6920,2.51,17399,0,40.14
Morgan County,2047,17739,192,138,54,286,1035,3140,940,9186,2854,583,7057,2.51,17739,0,40.56
Morgan County,2048,18086,187,142,45,302,1012,3245,985,9311,2943,590,7199,2.51,18086,0,41
Morgan County,2049,18436,183,146,37,313,990,3329,1038,9459,3023,597,7346,2.51,18436,0,41.45
Morgan County,2050,18786,180,149,31,319,968,3390,1121,9597,3103,606,7497,2.51,18786,0,41.9
Morgan County,2051,19129,177,152,25,319,949,3427,1225,9744,3171,613,7650,2.5,19129,0,42.35
Morgan County,2052,19465,175,156,19,316,932,3442,1340,9913,3212,624,7806,2.49,19465,0,42.81
Morgan County,2053,19793,174,159,15,314,920,3437,1459,10103,3236,638,7964,2.49,19793,0,43.27
Morgan County,2054,20118,175,163,12,313,911,3419,1573,10310,3251,654,8127,2.48,20118,0,43.73
Morgan County,2055,20441,176,166,10,313,907,3389,1677,10527,3274,667,8294,2.46,20441,0,44.17
Morgan County,2056,20763,178,170,8,313,909,3352,1767,10762,3294,679,8465,2.45,20763,0,44.61
Morgan County,2057,21083,181,174,7,313,916,3308,1840,11012,3311,695,8639,2.44,21083,0,45.05
Morgan County,2058,21400,185,178,7,310,927,3262,1897,11273,3330,712,8815,2.43,21400,0,45.48
Morgan County,2059,21717,190,182,8,309,943,3214,1936,11538,3356,730,8993,2.41,21717,0,45.9
Morgan County,2060,22035,195,185,10,308,962,3168,1959,11802,3385,758,9174,2.4,22035,0,46.3
Morgan County,2061,22354,201,189,12,308,985,3127,1971,12056,3424,792,9356,2.39,22354,0,46.7
Morgan County,2062,22675,206,193,13,307,1010,3092,1970,12307,3460,836,9538,2.38,22675,0,47.08
Morgan County,2063,22996,212,197,15,307,1036,3066,1959,12541,3518,876,9721,2.37,22996,0,47.41
Morgan County,2064,23319,217,201,16,307,1063,3049,1938,12755,3593,920,9903,2.35,23319,0,47.71
Morgan County,2065,23643,222,205,17,308,1090,3043,1910,12954,3694,952,10084,2.34,23643,0,47.95
Piute County,2025,1701,14,15,-1,54,93,249,173,714,403,69,666,2.55,1701,0,45.73
Piute County,2026,1764,14,15,-1,63,88,264,179,739,417,76,694,2.54,1764,0,45.76
Piute County,2027,1830,15,16,-1,67,82,283,179,771,432,83,723,2.53,1830,0,45.8
Piute County,2028,1894,15,17,-2,66,83,294,174,810,444,89,752,2.52,1894,0,45.73
Piute County,2029,1953,16,18,-3,62,85,300,170,845,457,96,778,2.51,1953,0,45.66
Piute County,2030,2005,16,20,-4,55,87,308,160,882,466,102,802,2.5,2005,0,45.74
Piute County,2031,2047,17,22,-5,47,89,313,154,912,472,107,822,2.49,2047,0,45.88
Piute County,2032,2079,17,23,-6,38,91,316,151,936,470,115,838,2.48,2079,0,46.01
Piute County,2033,2102,18,25,-7,30,92,316,151,954,465,123,850,2.47,2102,0,46.18
Piute County,2034,2118,18,26,-8,24,93,317,151,966,460,131,860,2.46,2118,0,46.36
Piute County,2035,2129,18,27,-9,20,94,323,145,973,455,140,867,2.45,2129,0,46.53
Piute County,2036,2141,18,27,-9,21,93,326,139,982,450,151,875,2.45,2141,0,46.7
Piute County,2037,2153,17,27,-10,22,93,326,139,987,450,158,883,2.44,2153,0,46.94
Piute County,2038,2165,17,28,-11,23,92,321,143,990,458,162,893,2.43,2165,0,47.27
Piute County,2039,2178,17,28,-11,24,91,311,151,991,468,166,903,2.41,2178,0,47.62
Piute County,2040,2190,16,28,-12,24,89,299,160,994,477,172,914,2.4,2190,0,47.98
Piute County,2041,2203,16,28,-13,25,87,293,163,994,487,179,925,2.38,2203,0,48.39
Piute County,2042,2215,16,29,-13,25,85,291,169,984,503,183,935,2.37,2215,0,48.81
Piute County,2043,2227,15,29,-14,26,83,289,171,978,517,188,946,2.35,2227,0,49.26
Piute County,2044,2238,15,29,-14,25,81,288,169,974,533,192,957,2.34,2238,0,49.74
Piute County,2045,2248,15,30,-15,25,80,286,163,977,544,199,968,2.32,2248,0,50.24
Piute County,2046,2259,15,30,-15,26,78,283,152,983,555,208,979,2.31,2259,0,50.78
Piute County,2047,2270,15,30,-16,27,77,280,140,991,564,218,991,2.29,2270,0,51.36
Piute County,2048,2281,14,31,-16,27,76,277,136,994,572,227,1002,2.28,2281,0,51.96
Piute County,2049,2292,14,31,-17,28,75,272,134,992,581,237,1014,2.26,2292,0,52.58
Piute County,2050,2302,14,32,-17,27,75,268,134,986,594,245,1025,2.25,2302,0,53.2
Piute County,2051,2311,14,32,-18,27,74,263,134,981,608,252,1035,2.23,2311,0,53.81
Piute County,2052,2320,14,33,-19,28,74,258,134,976,622,256,1045,2.22,2320,0,54.38
Piute County,2053,2329,15,34,-19,28,74,253,134,972,637,259,1055,2.21,2329,0,54.94
Piute County,2054,2336,15,34,-19,27,74,248,133,968,649,264,1065,2.19,2336,0,55.49
Piute County,2055,2344,15,34,-20,27,74,243,132,963,659,271,1074,2.18,2344,0,56.03
Piute County,2056,2350,15,35,-20,27,75,239,130,957,669,279,1082,2.17,2350,0,56.65
Piute County,2057,2356,15,36,-21,27,75,236,128,951,678,288,1090,2.16,2356,0,57.26
Piute County,2058,2361,15,36,-21,27,75,233,126,944,684,299,1097,2.15,2361,0,57.86
Piute County,2059,2367,15,37,-22,28,75,231,123,935,691,312,1105,2.14,2367,0,58.47
Piute County,2060,2373,15,37,-22,29,75,229,120,928,696,325,1113,2.13,2373,0,59.06
Piute County,2061,2379,14,38,-23,29,75,228,117,921,699,340,1120,2.12,2379,0,59.66
Piute County,2062,2385,14,38,-24,30,74,228,114,913,700,356,1127,2.12,2385,0,60.26
Piute County,2063,2391,14,39,-25,31,74,227,111,907,698,373,1134,2.11,2391,0,60.87
Piute County,2064,2397,14,39,-26,32,73,227,108,901,697,391,1141,2.1,2397,0,61.52
Piute County,2065,2402,14,40,-27,32,72,227,106,889,702,406,1148,2.09,2402,0,62.16
Rich County,2025,2859,19,14,5,50,147,586,268,1258,534,67,1054,2.66,2805,54,39.72
Rich County,2026,2919,18,14,4,56,129,593,294,1274,554,76,1089,2.63,2865,54,40.33
Rich County,2027,2982,18,15,3,59,125,585,315,1306,564,86,1125,2.6,2928,54,40.9
Rich County,2028,3043,19,16,3,58,104,594,320,1350,579,96,1162,2.57,2989,54,41.43
Rich County,2029,3100,21,18,3,54,104,583,319,1394,596,103,1197,2.54,3046,54,41.96
Rich County,2030,3151,23,20,3,48,108,558,337,1426,613,109,1231,2.52,3097,54,42.48
Rich County,2031,3194,25,22,3,40,114,531,342,1467,626,114,1262,2.49,3140,54,43
Rich County,2032,3229,27,24,3,32,123,504,347,1502,629,126,1290,2.46,3175,54,43.52
Rich County,2033,3258,29,25,4,25,132,476,351,1532,633,135,1315,2.44,3204,54,44.02
Rich County,2034,3282,31,27,4,20,141,449,352,1565,632,143,1338,2.41,3228,54,44.47
Rich County,2035,3302,32,28,4,17,150,426,350,1591,636,150,1359,2.39,3248,54,44.9
Rich County,2036,3323,32,29,4,17,157,410,346,1609,643,158,1379,2.37,3269,54,45.28
Rich County,2037,3345,33,30,3,19,162,399,329,1636,646,172,1400,2.35,3291,54,45.6
Rich County,2038,3368,33,30,2,21,166,392,314,1658,656,181,1420,2.33,3314,54,45.86
Rich County,2039,3392,33,31,2,22,168,379,307,1682,666,190,1441,2.32,3338,54,46.02
Rich County,2040,3417,33,32,1,24,169,382,287,1706,674,199,1462,2.3,3363,54,46.14
Rich County,2041,3442,32,32,0,25,169,370,283,1734,676,209,1482,2.29,3388,54,46.26
Rich County,2042,3466,32,33,-1,26,169,378,263,1755,680,222,1501,2.27,3412,54,46.44
Rich County,2043,3491,31,34,-2,27,167,390,244,1763,697,229,1519,2.26,3437,54,46.62
Rich County,2044,3516,31,34,-3,28,165,404,228,1763,722,233,1537,2.25,3462,54,46.76
Rich County,2045,3542,30,35,-4,30,163,419,212,1764,746,239,1554,2.24,3488,54,46.92
Rich County,2046,3568,30,35,-5,32,161,432,189,1774,763,248,1571,2.24,3514,54,47.3
Rich County,2047,3595,29,36,-6,33,158,445,182,1775,782,253,1589,2.23,3541,54,47.65
Rich County,2048,3623,29,36,-7,35,155,455,161,1786,804,262,1606,2.22,3569,54,47.99
Rich County,2049,3651,28,37,-8,36,152,462,163,1775,828,270,1623,2.22,3597,54,48.11
Rich County,2050,3678,28,37,-9,37,150,466,170,1756,858,279,1640,2.21,3624,54,48.34
Rich County,2051,3705,27,37,-10,37,147,468,180,1737,888,286,1658,2.2,3651,54,48.71
Rich County,2052,3731,27,38,-11,37,145,467,191,1724,913,291,1675,2.2,3677,54,49.18
Rich County,2053,3757,27,38,-11,37,143,465,204,1711,937,297,1692,2.19,3703,54,49.68
Rich County,2054,3782,27,39,-12,37,142,461,216,1697,967,299,1709,2.18,3728,54,50.19
Rich County,2055,3807,27,39,-12,37,141,456,227,1687,991,305,1727,2.17,3753,54,50.66
Rich County,2056,3832,27,39,-13,37,140,451,236,1683,1007,315,1744,2.17,3778,54,51.09
Rich County,2057,3856,27,40,-13,38,140,445,242,1686,1015,327,1762,2.16,3802,54,51.58
Rich County,2058,3880,27,40,-13,38,140,439,247,1697,1016,341,1780,2.15,3826,54,52.08
Rich County,2059,3904,27,41,-14,38,141,434,249,1713,1014,353,1798,2.14,3850,54,52.57
Rich County,2060,3928,28,41,-14,38,141,428,250,1729,1014,365,1816,2.13,3874,54,53.05
Rich County,2061,3953,28,42,-14,38,143,423,250,1744,1019,374,1834,2.13,3899,54,53.53
Rich County,2062,3977,28,42,-14,38,144,419,249,1758,1020,386,1853,2.12,3923,54,54.01
Rich County,2063,4001,29,43,-15,39,146,415,247,1774,1013,405,1871,2.11,3947,54,54.5
Rich County,2064,4025,29,44,-15,39,147,412,245,1779,1014,427,1888,2.1,3971,54,54.98
Rich County,2065,4049,29,45,-16,40,149,411,241,1784,1015,449,1906,2.1,3995,54,55.45
Salt Lake County,2025,1241601,13733,7382,6351,2584,71903,216173,128297,663087,145914,16227,453682,2.69,1222597,19004,35.3
Salt Lake County,2026,1249759,13439,7518,5921,2237,70334,211171,130076,670129,151027,17022,461381,2.67,1230552,19207,35.76
Salt Lake County,2027,1257582,13289,7687,5602,2221,68540,206990,130988,677256,155885,17923,469026,2.64,1238209,19373,36.22
Salt Lake County,2028,1265241,13259,7885,5374,2286,67222,202764,130400,685587,160135,19133,476581,2.61,1245740,19501,36.67
Salt Lake County,2029,1272881,13324,8105,5219,2421,66218,199063,128941,694331,164131,20196,484050,2.59,1253265,19617,37.12
Salt Lake County,2030,1280611,13459,8342,5117,2612,65985,195226,127196,703251,167786,21167,491417,2.57,1260889,19722,37.56
Salt Lake County,2031,1288529,13638,8589,5049,2869,66228,190989,125496,712550,171220,22045,498700,2.54,1268679,19850,37.97
Salt Lake County,2032,1296689,13836,8841,4995,3165,66827,186677,123444,722206,173413,24121,505905,2.52,1276684,20005,38.36
Salt Lake County,2033,1305101,14028,9092,4936,3476,67653,182683,121122,731718,176110,25816,513023,2.5,1284934,20167,38.73
Salt Lake County,2034,1313714,14188,9335,4853,3760,68568,179086,119286,740025,179290,27460,520043,2.49,1293399,20315,39.07
Salt Lake County,2035,1322469,14290,9564,4726,4029,69445,176165,117438,747395,182909,29115,526960,2.47,1302020,20449,39.39
Salt Lake County,2036,1331361,14308,9773,4535,4358,70159,174101,115677,753860,186689,30876,533824,2.46,1310799,20562,39.7
Salt Lake County,2037,1340612,14302,10022,4280,4971,70683,172451,114307,760666,189722,32783,540682,2.44,1319933,20679,39.99
Salt Lake County,2038,1350297,14279,10269,4010,5675,71015,171135,112795,768275,192336,34741,547571,2.43,1329479,20819,40.25
Salt Lake County,2039,1360291,14241,10469,3772,6222,71158,170945,110424,776136,194906,36722,554444,2.42,1339338,20953,40.48
Salt Lake County,2040,1370390,14186,10712,3474,6626,71136,170789,108515,783470,197820,38659,561210,2.4,1349309,21081,40.73
Salt Lake County,2041,1380391,14111,10905,3206,6795,71010,171171,106367,790250,201059,40535,567835,2.39,1359165,21226,41
Salt Lake County,2042,1390312,14015,11095,2919,7002,70788,171791,104440,795681,205152,42460,574336,2.38,1368953,21360,41.3
Salt Lake County,2043,1400223,13894,11328,2567,7345,70470,173054,102547,800211,209680,44260,580716,2.37,1378736,21487,41.61
Salt Lake County,2044,1410263,13758,11507,2251,7789,70068,174579,100581,804635,214428,45972,587040,2.37,1388647,21617,41.92
Salt Lake County,2045,1420497,13610,11729,1882,8351,69594,176257,98549,809036,219462,47598,593335,2.36,1398727,21770,42.26
Salt Lake County,2046,1430942,13456,11942,1513,8932,69055,177948,97432,813062,224252,49193,599638,2.35,1409000,21942,42.6
Salt Lake County,2047,1441569,13297,12099,1198,9429,68456,179522,96440,817378,229092,50681,605976,2.34,1419449,22120,42.95
Salt Lake County,2048,1452309,13135,12312,823,9917,67814,180884,96088,821726,233838,51960,612319,2.34,1429991,22319,43.3
Salt Lake County,2049,1463049,12973,12510,462,10278,67133,181949,96199,826544,238219,53004,618658,2.33,1440516,22533,43.65
Salt Lake County,2050,1473675,12812,12650,162,10464,66418,182654,97113,830832,242814,53844,624995,2.32,1450915,22760,44.01
Salt Lake County,2051,1484009,12658,12841,-183,10517,65680,182967,98523,834820,247476,54543,631270,2.31,1461015,22994,44.38
Salt Lake County,2052,1493998,12510,13029,-520,10508,64931,182900,100221,838397,252271,55277,637477,2.31,1470770,23228,44.76
Salt Lake County,2053,1503705,12373,13216,-843,10550,64197,182508,102040,841056,257765,56138,643647,2.3,1480246,23459,45.15
Salt Lake County,2054,1513222,12249,13401,-1153,10670,63501,181882,103814,842829,263879,57318,649815,2.29,1489538,23684,45.52
Salt Lake County,2055,1522607,12141,13529,-1388,10773,62857,181045,105449,843834,270592,58831,656012,2.28,1498704,23903,45.88
Salt Lake County,2056,1531872,12051,13716,-1665,10929,62283,180025,106889,844450,277696,60529,662227,2.28,1507755,24117,46.24
Salt Lake County,2057,1541010,11983,13962,-1978,11117,61791,178852,108097,844935,285447,61888,668439,2.27,1516689,24321,46.58
Salt Lake County,2058,1550019,11938,14151,-2213,11222,61387,177542,109051,845496,293420,63123,674643,2.26,1525498,24521,46.9
Salt Lake County,2059,1558942,11913,14342,-2428,11352,61079,176128,109758,846659,300895,64423,680844,2.25,1534225,24717,47.2
Salt Lake County,2060,1567836,11909,14475,-2566,11460,60869,174644,110241,848335,307740,66007,687066,2.25,1542925,24912,47.51
Salt Lake County,2061,1576704,11923,14677,-2753,11621,60760,173141,110556,850332,314141,67775,693285,2.24,1551604,25100,47.81
Salt Lake County,2062,1585541,11953,14883,-2930,11767,60745,171656,110702,852807,319518,70113,699483,2.23,1560259,25282,48.1
Salt Lake County,2063,1594349,11997,15094,-3097,11905,60816,170228,110675,856106,323876,72647,705640,2.22,1568883,25465,48.38
Salt Lake County,2064,1603140,12053,15309,-3256,12047,60965,168893,110481,859977,327569,75255,711753,2.22,1577489,25652,48.65
Salt Lake County,2065,1611928,12121,15529,-3407,12194,61185,167685,110126,862706,332219,78007,717815,2.21,1586083,25844,48.91
San Juan County,2025,15037,141,106,34,-2,845,2940,1768,7001,2238,245,5580,2.62,14627,410,35.59
San Juan County,2026,15093,139,110,30,26,801,2857,1755,7091,2330,259,5681,2.58,14681,412,36.11
San Juan County,2027,15167,142,114,28,47,767,2790,1742,7173,2419,276,5787,2.55,14754,414,36.6
San Juan County,2028,15259,148,119,29,62,758,2715,1736,7263,2494,293,5895,2.52,14845,414,37.04
San Juan County,2029,15363,157,124,33,72,758,2661,1697,7360,2584,303,6004,2.49,14950,413,37.47
San Juan County,2030,15477,167,130,37,77,786,2585,1664,7453,2673,317,6111,2.47,15064,412,37.85
San Juan County,2031,15596,177,135,42,77,826,2507,1646,7560,2728,330,6215,2.44,15184,412,38.16
San Juan County,2032,15716,187,141,47,74,873,2435,1606,7704,2736,362,6314,2.42,15304,412,38.41
San Juan County,2033,15834,196,146,50,67,922,2359,1574,7838,2760,380,6407,2.41,15421,412,38.59
San Juan County,2034,15943,203,150,52,57,969,2292,1556,7943,2789,393,6494,2.39,15531,412,38.75
San Juan County,2035,16039,206,154,51,44,1008,2255,1519,8033,2811,412,6573,2.38,15629,410,38.94
San Juan County,2036,16117,205,157,47,31,1034,2249,1480,8058,2869,427,6642,2.37,15711,406,39.09
San Juan County,2037,16201,203,161,42,42,1049,2263,1428,8081,2930,450,6711,2.35,15800,401,39.3
San Juan County,2038,16277,201,165,36,40,1054,2285,1375,8125,2962,476,6773,2.34,15880,397,39.53
San Juan County,2039,16363,198,168,31,56,1051,2306,1340,8182,2990,495,6837,2.34,15969,394,39.79
San Juan County,2040,16448,195,171,24,61,1042,2337,1290,8255,3011,513,6898,2.33,16055,393,40.17
San Juan County,2041,16541,192,174,18,74,1031,2388,1227,8332,3024,539,6960,2.32,16150,391,40.56
San Juan County,2042,16630,188,176,12,78,1017,2439,1190,8377,3042,566,7018,2.31,16242,388,40.97
San Juan County,2043,16718,183,180,4,84,1001,2504,1157,8408,3060,587,7073,2.31,16333,385,41.35
San Juan County,2044,16798,178,182,-4,84,982,2570,1129,8443,3057,617,7125,2.3,16416,381,41.72
San Juan County,2045,16885,174,185,-11,99,961,2633,1104,8472,3068,647,7178,2.3,16506,379,42.08
San Juan County,2046,16972,170,188,-18,105,941,2688,1072,8515,3083,673,7230,2.3,16594,378,42.46
San Juan County,2047,17077,167,190,-23,128,922,2735,1059,8579,3083,699,7288,2.29,16698,379,42.83
San Juan County,2048,17185,164,193,-29,136,905,2768,1073,8643,3079,716,7346,2.29,16804,380,43.21
San Juan County,2049,17301,162,196,-34,151,891,2788,1101,8711,3073,738,7409,2.28,16919,383,43.56
San Juan County,2050,17420,160,198,-38,157,877,2794,1155,8768,3064,761,7474,2.28,17034,386,43.91
San Juan County,2051,17528,158,200,-42,151,865,2784,1221,8810,3083,765,7538,2.27,17139,390,44.3
San Juan County,2052,17640,158,203,-45,156,855,2763,1291,8855,3119,755,7605,2.27,17247,393,44.69
San Juan County,2053,17755,158,205,-47,162,848,2735,1361,8882,3182,747,7675,2.26,17358,397,45.08
San Juan County,2054,17866,158,207,-49,161,844,2703,1421,8908,3250,740,7747,2.25,17466,400,45.44
San Juan County,2055,17977,158,208,-50,161,842,2668,1471,8952,3310,735,7822,2.25,17575,402,45.8
San Juan County,2056,18075,159,210,-51,149,842,2628,1507,9001,3347,750,7893,2.24,17670,404,46.15
San Juan County,2057,18162,160,213,-53,141,843,2588,1529,9049,3383,771,7963,2.23,17756,406,46.46
San Juan County,2058,18251,161,215,-54,143,845,2549,1539,9112,3428,778,8035,2.22,17844,407,46.77
San Juan County,2059,18340,162,216,-54,144,849,2513,1538,9191,3469,781,8108,2.21,17932,408,47.08
San Juan County,2060,18431,163,217,-54,145,854,2480,1529,9286,3501,781,8183,2.2,18022,408,47.4
San Juan County,2061,18525,164,219,-55,149,859,2453,1515,9376,3541,782,8261,2.19,18117,408,47.71
San Juan County,2062,18624,165,220,-56,154,864,2431,1497,9466,3577,787,8340,2.18,18216,408,48.01
San Juan County,2063,18728,165,222,-56,161,870,2416,1476,9544,3633,791,8422,2.18,18321,407,48.32
San Juan County,2064,18832,166,223,-58,162,874,2406,1452,9609,3703,789,8503,2.17,18427,406,48.64
San Juan County,2065,18936,166,225,-59,162,878,2400,1427,9623,3812,797,8584,2.16,18531,405,48.94
Sanpete County,2025,31444,386,277,109,436,2046,5302,5295,14148,4204,449,9586,2.98,28556,2888,33.41
Sanpete County,2026,32021,388,305,83,494,2064,5310,5754,14107,4327,459,9776,2.98,29109,2912,33.29
Sanpete County,2027,32614,393,323,70,522,2055,5377,6259,14036,4416,471,9977,2.97,29680,2934,33.04
Sanpete County,2028,33204,401,331,69,521,2060,5445,6409,14325,4476,489,10182,2.97,30244,2960,32.71
Sanpete County,2029,33777,410,333,77,497,2077,5474,6467,14715,4544,501,10390,2.96,30788,2989,32.44
Sanpete County,2030,34325,421,330,91,456,2108,5501,6483,15113,4610,509,10598,2.95,31311,3013,32.36
Sanpete County,2031,34840,433,324,109,406,2147,5548,6412,15542,4673,518,10802,2.94,31809,3031,32.17
Sanpete County,2032,35321,445,317,128,353,2190,5601,6325,15940,4702,564,10999,2.93,32277,3044,32.08
Sanpete County,2033,35771,456,309,146,303,2235,5637,6251,16304,4744,600,11189,2.92,32717,3054,30.94
Sanpete County,2034,36195,466,305,161,263,2281,5682,6185,16589,4821,637,11372,2.91,33134,3062,31.13
Sanpete County,2035,36605,474,304,169,240,2326,5739,6129,16834,4891,686,11549,2.9,33537,3068,31.41
Sanpete County,2036,37017,479,309,169,243,2368,5814,6047,17074,4976,738,11722,2.9,33941,3076,31.7
Sanpete County,2037,37463,486,316,170,276,2410,5909,5985,17281,5089,788,11900,2.89,34377,3087,31.98
Sanpete County,2038,37923,491,323,168,291,2448,6019,5956,17465,5198,837,12080,2.88,34824,3099,32.3
Sanpete County,2039,38401,492,328,164,315,2478,6101,5989,17646,5302,885,12264,2.88,35284,3117,32.62
Sanpete County,2040,38870,492,334,158,310,2500,6153,6042,17821,5423,929,12449,2.87,35736,3134,32.93
Sanpete County,2041,39342,491,340,152,321,2515,6218,6094,17965,5586,966,12639,2.86,36196,3146,33.24
Sanpete County,2042,39795,490,345,145,307,2518,6294,6146,18059,5773,1006,12824,2.86,36637,3158,33.52
Sanpete County,2043,40257,489,351,138,325,2515,6384,6206,18158,5952,1042,13014,2.85,37092,3165,33.78
Sanpete County,2044,40693,488,356,132,304,2508,6473,6264,18234,6128,1086,13198,2.84,37521,3172,34.03
Sanpete County,2045,41101,485,362,123,285,2496,6557,6320,18283,6309,1136,13375,2.84,37919,3181,34.32
Sanpete County,2046,41527,482,368,114,312,2485,6640,6340,18396,6473,1194,13559,2.83,38334,3193,34.58
Sanpete County,2047,41960,480,372,107,325,2474,6716,6326,18534,6669,1241,13746,2.82,38751,3209,34.84
Sanpete County,2048,42401,479,379,100,341,2466,6785,6323,18680,6869,1278,13936,2.81,39175,3226,35.05
Sanpete County,2049,42843,480,385,95,347,2459,6843,6340,18845,7041,1315,14127,2.8,39597,3246,35.24
Sanpete County,2050,43252,481,389,92,317,2455,6881,6377,18986,7207,1346,14309,2.79,39987,3265,35.45
Sanpete County,2051,43646,483,395,88,305,2453,6902,6435,19137,7345,1374,14488,2.79,40363,3283,35.64
Sanpete County,2052,44025,485,400,85,294,2456,6907,6505,19306,7452,1399,14662,2.78,40724,3301,35.83
Sanpete County,2053,44392,489,406,83,284,2463,6900,6580,19474,7553,1423,14833,2.77,41072,3321,35.99
Sanpete County,2054,44728,494,411,83,253,2472,6879,6650,19641,7621,1465,14996,2.76,41390,3338,36.14
Sanpete County,2055,45037,499,415,84,226,2484,6845,6715,19796,7687,1509,15151,2.75,41682,3356,36.27
Sanpete County,2056,45319,503,420,84,198,2499,6802,6770,19928,7754,1565,15299,2.74,41948,3371,36.4
Sanpete County,2057,45574,508,426,81,174,2516,6756,6810,20059,7797,1636,15439,2.73,42191,3382,36.56
Sanpete County,2058,45823,512,431,81,169,2534,6714,6835,20226,7812,1702,15579,2.72,42433,3390,36.75
Sanpete County,2059,46085,517,436,80,182,2555,6683,6847,20442,7795,1763,15723,2.72,42690,3395,36.97
Sanpete County,2060,46363,521,439,82,196,2579,6663,6848,20694,7745,1835,15871,2.71,42963,3400,37.16
Sanpete County,2061,46633,525,444,81,189,2601,6651,6837,20963,7656,1926,16016,2.7,43229,3404,37.35
Sanpete County,2062,46904,529,449,80,192,2623,6648,6814,21196,7590,2033,16161,2.69,43499,3406,37.51
Sanpete County,2063,47189,532,454,78,206,2645,6658,6783,21394,7576,2133,16309,2.68,43781,3408,37.65
Sanpete County,2064,47466,535,459,76,201,2665,6677,6746,21643,7501,2234,16451,2.68,44057,3409,37.79
Sanpete County,2065,47738,538,464,74,199,2681,6705,6706,21856,7452,2338,16592,2.67,44329,3409,37.93
Sevier County,2025,21943,261,211,51,-80,1419,4283,2393,9818,3599,431,7640,2.84,21667,276,37.64
Sevier County,2026,21907,259,213,45,-81,1386,4187,2442,9746,3693,453,7698,2.81,21634,273,38.05
Sevier County,2027,21877,258,217,41,-71,1354,4098,2418,9760,3774,473,7758,2.79,21607,270,38.48
Sevier County,2028,21863,258,221,37,-51,1333,4017,2286,9878,3842,506,7819,2.76,21595,268,38.9
Sevier County,2029,21871,259,225,33,-25,1297,3981,2206,9956,3900,530,7884,2.74,21604,267,39.29
Sevier County,2030,21907,260,230,30,5,1303,3945,2135,10041,3934,548,7951,2.72,21639,267,39.65
Sevier County,2031,21971,262,235,27,37,1314,3900,2071,10183,3934,571,8023,2.71,21703,268,39.96
Sevier County,2032,22064,264,240,24,68,1329,3868,2033,10328,3879,627,8099,2.69,21796,268,40.29
Sevier County,2033,22181,266,245,21,96,1345,3836,2012,10487,3845,655,8180,2.68,21913,267,40.57
Sevier County,2034,22315,267,250,18,117,1360,3809,1995,10646,3819,687,8264,2.67,22049,267,40.78
Sevier County,2035,22458,267,254,13,130,1372,3804,1966,10780,3816,721,8349,2.66,22193,265,40.92
Sevier County,2036,22600,266,258,8,133,1379,3794,1958,10889,3820,760,8433,2.65,22335,264,40.98
Sevier County,2037,22751,267,263,4,147,1383,3808,1959,10981,3819,800,8520,2.64,22487,264,41.04
Sevier County,2038,22904,267,269,-2,155,1385,3828,1937,11098,3817,839,8607,2.63,22639,265,41.12
Sevier County,2039,23061,265,273,-8,165,1382,3839,1929,11210,3820,880,8695,2.62,22796,265,41.19
Sevier County,2040,23212,262,278,-16,167,1377,3847,1910,11302,3853,923,8784,2.61,22947,264,41.29
Sevier County,2041,23362,259,282,-23,173,1370,3860,1883,11371,3918,961,8873,2.6,23099,263,41.43
Sevier County,2042,23504,256,286,-30,172,1358,3850,1894,11392,4020,991,8959,2.59,23242,262,41.59
Sevier County,2043,23648,253,291,-39,182,1344,3874,1863,11417,4137,1013,9047,2.58,23386,262,41.8
Sevier County,2044,23781,249,295,-46,179,1328,3897,1850,11423,4239,1045,9131,2.58,23519,262,42.1
Sevier County,2045,23905,245,300,-56,179,1309,3915,1843,11427,4337,1075,9212,2.57,23642,263,42.54
Sevier County,2046,24031,240,305,-65,192,1289,3927,1826,11437,4448,1105,9296,2.56,23768,263,43.01
Sevier County,2047,24158,236,309,-74,201,1268,3932,1814,11444,4572,1127,9382,2.55,23894,264,43.44
Sevier County,2048,24286,232,315,-83,210,1247,3931,1816,11464,4677,1150,9469,2.54,24021,265,43.86
Sevier County,2049,24411,228,320,-92,217,1226,3921,1804,11504,4791,1165,9557,2.53,24145,266,44.26
Sevier County,2050,24526,225,324,-99,213,1206,3902,1827,11512,4913,1166,9642,2.52,24260,266,44.67
Sevier County,2051,24634,222,329,-107,215,1188,3875,1854,11537,5028,1153,9726,2.51,24368,266,45.09
Sevier County,2052,24737,220,334,-114,217,1172,3842,1879,11569,5142,1133,9808,2.49,24470,266,45.48
Sevier County,2053,24834,218,339,-121,219,1159,3804,1902,11600,5257,1113,9889,2.48,24568,266,45.85
Sevier County,2054,24922,217,344,-127,215,1147,3763,1918,11618,5373,1103,9967,2.47,24656,266,46.22
Sevier County,2055,25002,216,348,-132,212,1138,3717,1930,11637,5468,1112,10043,2.46,24736,266,46.58
Sevier County,2056,25074,216,353,-137,209,1131,3668,1937,11664,5544,1130,10116,2.45,24808,265,46.94
Sevier County,2057,25138,215,359,-145,209,1126,3618,1938,11675,5633,1147,10187,2.44,24873,264,47.29
Sevier County,2058,25199,214,364,-150,212,1122,3569,1934,11703,5710,1161,10256,2.43,24936,263,47.62
Sevier County,2059,25263,214,369,-156,219,1119,3524,1926,11757,5758,1179,10325,2.42,25001,262,47.93
Sevier County,2060,25329,213,373,-160,226,1117,3482,1915,11839,5761,1215,10395,2.41,25068,261,48.17
Sevier County,2061,25393,213,379,-166,229,1115,3443,1901,11924,5743,1267,10463,2.4,25133,260,48.44
Sevier County,2062,25455,212,384,-172,235,1113,3407,1884,12005,5713,1334,10531,2.39,25197,259,48.72
Sevier County,2063,25520,211,390,-178,243,1110,3376,1863,12089,5677,1405,10598,2.38,25263,257,48.98
Sevier County,2064,25582,211,396,-185,247,1108,3350,1839,12165,5650,1471,10662,2.38,25326,256,49.26
Sevier County,2065,25643,210,401,-192,252,1104,3328,1813,12224,5642,1531,10725,2.37,25387,255,49.54
Summit County,2025,43374,389,155,235,-164,1957,6643,4034,22416,7762,563,15637,2.77,43245,129,43.28
Summit County,2026,43414,388,157,231,-191,1924,6398,4098,22216,8144,634,15841,2.73,43285,129,43.82
Summit County,2027,43454,387,170,218,-178,1892,6183,4083,22082,8492,721,16041,2.7,43325,129,44.35
Summit County,2028,43493,388,191,198,-159,1896,5947,3979,22064,8764,843,16234,2.67,43364,129,44.84
Summit County,2029,43524,390,218,173,-141,1858,5783,3864,22043,9032,944,16417,2.64,43395,129,45.31
Summit County,2030,43620,393,249,144,-49,1872,5628,3757,22056,9264,1044,16609,2.62,43491,129,45.71
Summit County,2031,43792,397,282,115,58,1892,5520,3635,22163,9463,1120,16813,2.6,43663,129,46.05
Summit County,2032,44044,401,315,86,166,1920,5441,3510,22326,9603,1245,17028,2.58,43915,129,46.31
Summit County,2033,44370,406,347,59,266,1953,5362,3451,22524,9735,1345,17256,2.56,44241,129,46.5
Summit County,2034,44751,412,374,37,344,1990,5348,3365,22726,9882,1440,17493,2.55,44622,129,46.63
Summit County,2035,45164,418,396,22,391,2028,5381,3252,22933,10034,1536,17731,2.54,45035,129,46.72
Summit County,2036,45579,425,410,14,401,2064,5414,3165,23122,10173,1640,17963,2.53,45450,129,46.84
Summit County,2037,46006,431,426,4,424,2100,5480,3081,23354,10254,1738,18191,2.52,45877,129,46.97
Summit County,2038,46450,436,442,-7,450,2134,5557,3021,23623,10264,1851,18416,2.52,46321,129,47.03
Summit County,2039,46903,440,455,-15,468,2165,5633,2978,23914,10242,1969,18637,2.51,46774,129,47.06
Summit County,2040,47355,443,470,-27,480,2193,5713,2918,24245,10188,2098,18853,2.51,47226,129,47.11
Summit County,2041,47799,444,482,-37,481,2214,5827,2875,24520,10136,2228,19060,2.5,47670,129,47.13
Summit County,2042,48234,444,493,-49,484,2228,5900,2913,24731,10085,2377,19259,2.5,48105,129,47.12
Summit County,2043,48664,442,506,-64,494,2236,6012,2907,24957,10050,2501,19453,2.49,48535,129,47.13
Summit County,2044,49094,439,516,-77,508,2236,6132,2922,25163,10053,2588,19643,2.49,48965,129,47.12
Summit County,2045,49528,434,528,-94,527,2230,6253,2948,25378,10062,2656,19827,2.49,49399,129,47.1
Summit County,2046,49965,429,538,-110,547,2218,6373,2972,25639,10049,2712,20009,2.49,49836,129,47.04
Summit County,2047,50404,422,545,-123,562,2200,6488,3004,25947,10012,2753,20189,2.49,50275,129,47.03
Summit County,2048,50843,415,554,-139,577,2177,6595,3075,26230,10001,2765,20367,2.49,50714,129,47.01
Summit County,2049,51276,408,561,-153,586,2149,6690,3111,26562,9996,2767,20542,2.49,51147,129,47.06
Summit County,2050,51698,401,565,-165,587,2117,6769,3189,26861,10007,2756,20717,2.49,51569,129,47.22
Summit County,2051,52104,393,571,-178,584,2082,6831,3275,27154,10041,2721,20888,2.49,51975,129,47.44
Summit County,2052,52492,386,576,-190,577,2044,6873,3363,27449,10067,2695,21058,2.49,52363,129,47.66
Summit County,2053,52863,379,580,-201,573,2006,6896,3451,27756,10095,2659,21227,2.48,52734,129,47.9
Summit County,2054,53222,373,584,-211,571,1970,6900,3537,28023,10151,2641,21396,2.48,53093,129,48.14
Summit County,2055,53571,367,584,-217,566,1935,6884,3620,28251,10246,2636,21568,2.48,53442,129,48.41
Summit County,2056,53911,362,587,-225,565,1903,6851,3699,28505,10324,2631,21742,2.47,53782,129,48.68
Summit County,2057,54242,358,592,-233,564,1875,6801,3773,28764,10438,2591,21916,2.47,54113,129,48.95
Summit County,2058,54564,356,594,-238,559,1852,6737,3841,29008,10594,2532,22091,2.46,54435,129,49.2
Summit County,2059,54878,354,595,-240,554,1833,6660,3902,29261,10750,2472,22268,2.46,54749,129,49.45
Summit County,2060,55186,354,592,-238,547,1819,6572,3954,29526,10903,2411,22448,2.45,55057,129,49.7
Summit County,2061,55489,355,593,-239,542,1811,6478,3995,29782,11063,2359,22629,2.45,55360,129,49.94
Summit County,2062,55787,356,594,-238,535,1809,6380,4023,30038,11208,2329,22812,2.44,55658,129,50.16
Summit County,2063,56079,359,595,-236,528,1812,6282,4037,30292,11359,2299,22994,2.43,55950,129,50.35
Summit County,2064,56367,363,596,-233,521,1819,6186,4036,30562,11487,2277,23178,2.43,56238,129,50.53
Summit County,2065,56650,367,596,-230,513,1831,6094,4021,30800,11643,2261,23361,2.42,56521,129,50.69
Tooele County,2025,83733,1092,464,628,1249,5598,18468,8749,42514,7675,729,27666,3.02,83424,309,34.1
Tooele County,2026,85620,1111,494,616,1271,5633,18389,9212,43571,8049,766,28566,2.99,85307,313,34.57
Tooele County,2027,87522,1119,519,600,1302,5692,18292,9587,44710,8452,789,29491,2.96,87205,317,35.03
Tooele County,2028,89399,1119,538,581,1296,5707,18225,9766,46033,8831,836,30432,2.93,89078,321,35.46
Tooele County,2029,91222,1114,554,561,1262,5689,18215,9850,47392,9206,870,31381,2.9,90896,326,35.89
Tooele County,2030,92969,1106,566,540,1207,5696,18138,9939,48723,9575,898,32327,2.87,92639,330,36.3
Tooele County,2031,94634,1097,577,520,1145,5676,18005,10024,50087,9914,929,33267,2.83,94301,333,36.7
Tooele County,2032,96220,1090,588,502,1084,5636,17850,10057,51437,10205,1034,34200,2.8,95885,335,37.09
Tooele County,2033,97738,1085,599,487,1031,5591,17690,10063,52753,10509,1132,35125,2.77,97402,336,37.47
Tooele County,2034,99205,1087,611,476,991,5552,17541,10039,54016,10834,1224,36041,2.74,98868,338,37.84
Tooele County,2035,100653,1097,626,471,977,5533,17416,9969,55190,11240,1304,36956,2.71,100315,339,38.2
Tooele County,2036,102138,1117,645,472,1012,5548,17313,9913,56225,11754,1385,37882,2.69,101798,340,38.52
Tooele County,2037,103695,1134,667,467,1090,5592,17303,9756,57326,12239,1479,38829,2.66,103354,341,38.81
Tooele County,2038,105339,1149,690,459,1185,5659,17346,9519,58551,12687,1578,39799,2.64,104997,342,39.06
Tooele County,2039,107050,1161,710,451,1259,5738,17336,9348,59792,13161,1676,40786,2.62,106706,344,39.32
Tooele County,2040,108792,1170,734,436,1306,5817,17350,9166,60973,13710,1776,41786,2.6,108447,345,39.59
Tooele County,2041,110529,1175,755,420,1318,5878,17343,9048,62085,14283,1892,42784,2.58,110183,346,39.85
Tooele County,2042,112266,1176,777,399,1337,5921,17322,8997,63110,14881,2034,43781,2.56,111919,347,40.14
Tooele County,2043,114013,1172,802,371,1376,5946,17357,8934,64078,15539,2159,44783,2.54,113664,348,40.48
Tooele County,2044,115794,1166,824,342,1440,5953,17406,8973,64940,16247,2275,45800,2.52,115444,349,40.85
Tooele County,2045,117621,1156,850,306,1521,5944,17467,9061,65761,16978,2409,46837,2.5,117270,351,41.23
Tooele County,2046,119497,1144,876,268,1609,5921,17547,9097,66653,17720,2559,47897,2.49,119145,352,41.62
Tooele County,2047,121418,1132,900,232,1689,5885,17647,9153,67522,18491,2719,48977,2.47,121064,354,42
Tooele County,2048,123370,1118,928,190,1762,5839,17766,9167,68457,19264,2877,50072,2.46,123014,356,42.39
Tooele County,2049,125333,1104,956,148,1815,5785,17899,9152,69471,20003,3023,51175,2.44,124975,358,42.78
Tooele County,2050,127285,1091,981,110,1842,5725,18038,9167,70427,20769,3160,52280,2.43,126925,360,43.19
Tooele County,2051,129194,1078,1010,69,1840,5660,18169,9166,71327,21594,3277,53372,2.41,128831,363,43.6
Tooele County,2052,131047,1067,1039,28,1825,5595,18283,9155,72183,22425,3406,54447,2.4,130681,366,44.01
Tooele County,2053,132857,1058,1069,-11,1820,5534,18369,9153,73004,23262,3534,55508,2.39,132488,369,44.42
Tooele County,2054,134639,1051,1099,-48,1830,5481,18415,9181,73807,24086,3671,56563,2.37,134268,372,44.83
Tooele County,2055,136405,1047,1124,-77,1843,5438,18421,9242,74573,24885,3847,57614,2.36,136030,375,45.23
Tooele County,2056,138155,1046,1155,-109,1859,5407,18391,9335,75286,25653,4083,58663,2.35,137777,378,45.63
Tooele County,2057,139888,1048,1191,-143,1876,5390,18329,9458,75968,26436,4307,59707,2.34,139507,381,46.01
Tooele County,2058,141603,1054,1223,-170,1885,5389,18240,9602,76675,27193,4505,60745,2.32,141219,384,46.39
Tooele County,2059,143308,1062,1255,-193,1898,5402,18131,9753,77445,27862,4715,61781,2.31,142922,386,46.76
Tooele County,2060,145014,1073,1282,-209,1915,5430,18010,9899,78290,28415,4970,62820,2.3,144625,389,47.14
Tooele County,2061,146720,1086,1316,-229,1936,5473,17885,10019,79164,28934,5245,63861,2.29,146329,391,47.51
Tooele County,2062,148426,1101,1349,-248,1954,5528,17765,10110,80059,29417,5547,64901,2.28,148033,393,47.88
Tooele County,2063,150132,1118,1384,-266,1972,5595,17656,10170,80990,29851,5869,65938,2.27,149737,394,48.24
Tooele County,2064,151839,1135,1418,-283,1991,5671,17566,10199,82005,30189,6210,66973,2.26,151444,396,48.59
Tooele County,2065,153551,1153,1453,-300,2012,5753,17500,10198,82988,30544,6568,68006,2.25,153155,397,48.92
Uintah County,2025,36428,415,285,130,84,2339,7987,3982,17233,4477,411,12762,2.85,36313,115,34.37
Uintah County,2026,36709,402,295,107,174,2219,7805,4226,17425,4615,420,13009,2.81,36538,172,34.9
Uintah County,2027,37046,401,303,98,239,2153,7626,4361,17717,4755,434,13280,2.77,36818,228,35.39
Uintah County,2028,37393,409,309,100,247,2134,7453,4377,18102,4867,460,13575,2.74,37165,228,35.82
Uintah County,2029,37752,425,314,111,248,2096,7342,4380,18491,4968,476,13891,2.71,37580,172,36.18
Uintah County,2030,38174,446,318,128,294,2136,7187,4403,18913,5046,489,14223,2.68,38059,115,36.5
Uintah County,2031,38705,470,322,148,383,2213,7031,4349,19500,5104,507,14566,2.65,38590,115,36.8
Uintah County,2032,39264,494,326,168,391,2314,6855,4311,20077,5140,566,14911,2.63,39149,115,37.05
Uintah County,2033,39814,517,330,186,364,2425,6701,4244,20658,5171,615,15249,2.6,39699,115,37.23
Uintah County,2034,40307,535,336,200,293,2532,6561,4186,21145,5218,664,15561,2.58,40192,115,37.4
Uintah County,2035,40683,548,342,205,171,2622,6430,4126,21494,5309,704,15827,2.56,40568,115,37.57
Uintah County,2036,40874,551,351,201,-10,2680,6330,4006,21683,5429,746,16022,2.54,40759,115,37.78
Uintah County,2037,41040,551,360,191,-25,2716,6258,3883,21872,5513,798,16200,2.53,40925,115,38.01
Uintah County,2038,41273,546,369,177,56,2737,6207,3789,22115,5579,846,16394,2.51,41158,115,38.21
Uintah County,2039,41580,539,377,162,144,2743,6194,3683,22394,5665,900,16609,2.5,41465,115,38.39
Uintah County,2040,41930,528,387,141,209,2734,6251,3560,22650,5783,953,16836,2.48,41815,115,38.63
Uintah County,2041,42363,518,395,123,309,2717,6366,3433,22914,5935,998,17086,2.47,42248,115,38.91
Uintah County,2042,42859,509,403,106,390,2692,6461,3366,23157,6134,1048,17355,2.46,42744,115,39.28
Uintah County,2043,43388,500,413,87,443,2661,6622,3282,23380,6326,1116,17635,2.45,43273,115,39.66
Uintah County,2044,43877,486,422,64,425,2615,6791,3187,23573,6543,1168,17898,2.45,43762,115,40.05
Uintah County,2045,44360,472,432,40,442,2563,6956,3082,23754,6809,1196,18156,2.44,44245,115,40.43
Uintah County,2046,44861,459,442,17,485,2507,7111,2992,23946,7083,1223,18421,2.43,44746,115,40.83
Uintah County,2047,45415,446,450,-4,559,2450,7256,2970,24109,7377,1254,18708,2.42,45300,115,41.26
Uintah County,2048,46015,438,461,-23,622,2395,7382,3008,24265,7688,1278,19012,2.41,45900,115,41.7
Uintah County,2049,46623,431,471,-40,649,2345,7473,3032,24505,7975,1293,19326,2.41,46508,115,42.13
Uintah County,2050,47215,424,480,-55,646,2300,7524,3136,24696,8265,1294,19640,2.4,47100,115,42.58
Uintah County,2051,47779,419,490,-71,636,2259,7532,3275,24885,8540,1288,19954,2.39,47664,115,43.03
Uintah County,2052,48329,417,501,-83,633,2228,7503,3435,25088,8784,1291,20272,2.38,48214,115,43.46
Uintah County,2053,48874,416,511,-95,641,2204,7449,3601,25289,9043,1288,20598,2.37,48759,115,43.89
Uintah County,2054,49374,418,522,-103,603,2188,7366,3756,25462,9307,1296,20915,2.36,49259,115,44.3
Uintah County,2055,49820,421,530,-109,555,2179,7256,3890,25634,9536,1324,21221,2.34,49705,115,44.72
Uintah County,2056,50175,425,541,-116,471,2177,7118,3994,25743,9772,1372,21499,2.33,50060,115,45.14
Uintah County,2057,50398,428,554,-126,348,2175,6954,4057,25792,10012,1407,21732,2.31,50283,115,45.58
Uintah County,2058,50584,431,565,-133,320,2178,6790,4086,25883,10215,1432,21951,2.3,50469,115,46.02
Uintah County,2059,50790,434,575,-142,347,2188,6640,4090,26035,10366,1472,22176,2.29,50675,115,46.43
Uintah County,2060,51022,436,584,-148,380,2202,6506,4073,26242,10469,1531,22408,2.27,50907,115,46.84
Uintah County,2061,51285,439,595,-156,419,2219,6390,4043,26513,10517,1603,22649,2.26,51170,115,47.24
Uintah County,2062,51572,442,607,-166,453,2237,6298,3995,26819,10522,1702,22895,2.25,51457,115,47.62
Uintah County,2063,51875,443,619,-176,479,2255,6229,3930,27143,10515,1804,23141,2.24,51760,115,47.99
Uintah County,2064,52191,444,632,-188,504,2270,6183,3853,27458,10521,1906,23387,2.23,52076,115,48.32
Uintah County,2065,52515,444,645,-200,524,2282,6159,3770,27766,10520,2018,23630,2.22,52400,115,48.65
Utah County,2025,772019,12242,3152,9090,13325,63052,163550,134633,348297,56825,5663,238269,3.17,754369,17650,26.36
Utah County,2026,794841,12244,3259,8985,13837,63402,163971,138309,363822,59457,5881,247986,3.13,776763,18078,26.62
Utah County,2027,817865,12481,3350,9131,13893,63799,164626,143351,377770,62135,6185,258004,3.1,799467,18397,26.91
Utah County,2028,840392,12908,3429,9479,13048,64444,165291,146746,392532,64710,6668,268050,3.07,821875,18517,27.24
Utah County,2029,861945,13474,3500,9974,11579,65348,166059,148365,407843,67229,7100,277885,3.04,843460,18485,27.52
Utah County,2030,882276,14127,3567,10559,9772,66898,166417,148883,422835,69770,7473,287328,3.01,863863,18413,27.78
Utah County,2031,901359,14813,3633,11180,7903,69065,166045,148565,437499,72356,7829,296281,2.98,882914,18445,28.05
Utah County,2032,919130,15481,3701,11780,5991,71628,165378,147265,451504,74730,8625,304696,2.96,900632,18498,28.36
Utah County,2033,935760,16079,3775,12304,4326,74362,164693,145320,464784,77297,9303,312598,2.93,917232,18528,28.66
Utah County,2034,951535,16553,3858,12695,3080,77049,164457,143185,476804,80066,9974,320068,2.92,933016,18519,28.96
Utah County,2035,966949,16851,3954,12897,2517,79476,165143,140976,487600,83123,10631,327278,2.9,948493,18457,29.28
Utah County,2036,982785,16921,4067,12854,2981,81450,166831,139143,497550,86493,11319,334540,2.88,964405,18380,29.6
Utah County,2037,999439,16939,4203,12737,3917,82945,169361,137838,507508,89728,12058,342001,2.87,981089,18349,29.94
Utah County,2038,1017059,16929,4343,12585,5036,83973,172408,136896,517940,92976,12866,349738,2.86,998655,18405,30.29
Utah County,2039,1035425,16902,4467,12435,5930,84571,175911,136200,528522,96465,13756,357703,2.84,1016905,18520,30.63
Utah County,2040,1054164,16868,4619,12249,6491,84839,179886,135473,538874,100413,14679,365789,2.83,1035545,18620,30.97
Utah County,2041,1072894,16828,4749,12079,6651,84934,184067,134910,548619,104754,15611,373865,2.82,1054184,18710,31.3
Utah County,2042,1091642,16785,4882,11903,6845,84908,188309,134885,557311,109561,16668,381956,2.81,1072839,18802,31.62
Utah County,2043,1110531,16742,5042,11700,7190,84820,192895,135030,565322,114669,17796,390106,2.8,1091654,18877,31.93
Utah County,2044,1129825,16712,5178,11534,7759,84731,197728,135207,573387,119797,18976,398411,2.79,1110894,18931,32.23
Utah County,2045,1149646,16708,5343,11365,8455,84686,202570,135282,581871,125055,20182,406904,2.78,1130613,19033,32.54
Utah County,2046,1170032,16738,5512,11227,9160,84723,207196,135448,591027,130201,21437,415618,2.77,1150826,19207,32.84
Utah County,2047,1190924,16807,5656,11152,9741,84870,211420,136079,600635,135152,22768,424561,2.76,1171475,19449,33.15
Utah County,2048,1212188,16915,5835,11080,10184,85148,215091,137328,610703,139794,24124,433697,2.75,1192430,19758,33.45
Utah County,2049,1233594,17060,6015,11045,10361,85562,218086,139235,621400,143920,25391,442961,2.74,1213470,20123,33.75
Utah County,2050,1254910,17241,6166,11075,10241,86107,220337,142040,632236,147569,26620,452295,2.73,1234380,20530,34.04
Utah County,2051,1275769,17456,6350,11106,9753,86771,221819,145749,642995,150602,27834,461577,2.72,1254815,20955,34.31
Utah County,2052,1296052,17694,6533,11161,9122,87546,222615,150009,653798,152915,29169,470771,2.71,1274679,21373,34.56
Utah County,2053,1315875,17951,6714,11236,8586,88440,222927,154414,664408,155140,30546,479918,2.7,1294116,21759,34.79
Utah County,2054,1335418,18220,6895,11325,8219,89454,223048,158533,675005,157321,32058,489069,2.69,1313327,22091,35
Utah County,2055,1354791,18497,7040,11457,7916,90576,223104,162128,685653,159550,33781,498253,2.67,1332420,22371,35.21
Utah County,2056,1374012,18777,7224,11553,7667,91779,223199,165030,696270,161998,35736,507456,2.66,1351399,22613,35.42
Utah County,2057,1393062,19054,7444,11609,7442,93038,223418,167135,707160,164709,37603,516651,2.65,1370243,22820,35.61
Utah County,2058,1411931,19321,7628,11693,7175,94315,223817,168414,718482,167446,39456,525824,2.64,1388936,22995,35.8
Utah County,2059,1430704,19573,7813,11759,7014,95586,224462,168937,730472,169784,41463,534988,2.63,1407556,23148,35.97
Utah County,2060,1449495,19804,7961,11843,6948,96827,225402,168867,741511,173085,43803,544178,2.62,1426207,23288,36.14
Utah County,2061,1468308,20011,8154,11857,6956,98016,226668,168459,751047,177705,46413,553373,2.61,1444892,23416,36.28
Utah County,2062,1487130,20192,8351,11841,6981,99125,228269,167842,758036,184451,49407,562559,2.6,1463596,23534,36.4
Utah County,2063,1505960,20346,8552,11794,7036,100138,230195,167111,764647,191217,52652,571718,2.59,1482308,23652,36.51
Utah County,2064,1524823,20475,8755,11720,7143,101043,232425,166350,772229,196894,55882,580855,2.58,1501044,23779,36.62
Utah County,2065,1543744,20587,8961,11625,7295,101840,234922,165634,778811,203401,59135,589975,2.58,1519820,23924,36.74
Wasatch County,2025,39428,356,175,181,445,1990,8212,4138,18955,5675,457,14068,2.79,39183,245,37.61
Wasatch County,2026,39990,350,183,168,395,1930,7959,4370,19167,6046,519,14482,2.74,39710,280,38.25
Wasatch County,2027,40539,357,195,161,387,1887,7716,4511,19436,6401,589,14905,2.7,40232,307,38.87
Wasatch County,2028,41102,372,211,162,401,1882,7488,4520,19812,6715,685,15332,2.66,40773,329,39.43
Wasatch County,2029,41701,396,230,166,433,1838,7358,4493,20240,6990,782,15758,2.62,41341,360,39.93
Wasatch County,2030,42353,425,250,175,477,1909,7155,4457,20727,7241,863,16186,2.59,41957,396,40.37
Wasatch County,2031,43069,457,272,185,532,2023,6948,4417,21235,7511,935,16624,2.56,42637,432,40.75
Wasatch County,2032,43855,490,294,196,591,2167,6769,4360,21796,7719,1045,17075,2.54,43390,465,41.06
Wasatch County,2033,44709,521,316,205,648,2328,6591,4317,22408,7902,1163,17530,2.52,44203,506,41.26
Wasatch County,2034,45618,550,337,213,696,2495,6428,4315,23033,8080,1267,17987,2.51,45062,556,41.4
Wasatch County,2035,46568,572,355,217,733,2654,6333,4306,23625,8285,1365,18466,2.49,45980,588,41.52
Wasatch County,2036,47548,586,370,215,764,2792,6313,4279,24186,8507,1471,18948,2.48,46921,626,41.66
Wasatch County,2037,48582,598,388,210,825,2907,6359,4231,24779,8706,1600,19440,2.46,47904,678,41.82
Wasatch County,2038,49680,608,407,201,898,2999,6479,4140,25434,8887,1742,19944,2.45,48932,749,41.99
Wasatch County,2039,50830,615,425,191,959,3069,6670,4023,26075,9110,1882,20476,2.44,50022,808,42.16
Wasatch County,2040,52007,621,445,176,1001,3120,6906,3866,26693,9391,2031,21025,2.43,51152,855,42.34
Wasatch County,2041,53188,625,464,160,1021,3159,7179,3673,27326,9647,2204,21567,2.42,52276,912,42.53
Wasatch County,2042,54375,625,484,142,1045,3185,7405,3574,27867,9959,2384,22098,2.42,53389,985,42.73
Wasatch County,2043,55575,624,506,118,1082,3200,7716,3437,28341,10318,2562,22630,2.41,54510,1065,42.94
Wasatch County,2044,56804,620,525,95,1135,3203,8065,3310,28764,10716,2747,23182,2.4,55673,1132,43.13
Wasatch County,2045,58072,615,548,66,1202,3196,8420,3230,29183,11114,2930,23749,2.39,56872,1201,43.37
Wasatch County,2046,59381,609,572,37,1272,3181,8768,3202,29604,11528,3099,24328,2.39,58098,1283,43.68
Wasatch County,2047,60727,602,593,9,1337,3160,9093,3219,29998,11993,3265,24927,2.38,59358,1369,44.04
Wasatch County,2048,62101,595,619,-24,1398,3134,9383,3294,30369,12498,3422,25546,2.37,60648,1453,44.45
Wasatch County,2049,63490,589,645,-56,1444,3105,9631,3352,30839,13004,3559,26180,2.37,61955,1535,44.87
Wasatch County,2050,64877,583,667,-84,1471,3076,9830,3527,31273,13494,3676,26821,2.36,63262,1614,45.3
Wasatch County,2051,66238,578,693,-115,1477,3046,9979,3767,31681,13959,3805,27455,2.35,64542,1696,45.74
Wasatch County,2052,67566,574,718,-144,1472,3019,10080,4038,32094,14411,3924,28087,2.34,65797,1770,46.18
Wasatch County,2053,68869,572,743,-171,1473,2996,10141,4322,32541,14826,4044,28712,2.33,67022,1846,46.62
Wasatch County,2054,70157,571,767,-196,1484,2979,10174,4596,33045,15201,4162,29342,2.33,68241,1916,47.06
Wasatch County,2055,71437,573,787,-214,1495,2970,10185,4848,33581,15540,4311,29984,2.32,69462,1975,47.52
Wasatch County,2056,72712,576,811,-235,1509,2971,10178,5073,34139,15866,4485,30628,2.31,70675,2037,47.97
Wasatch County,2057,73978,582,839,-257,1524,2981,10156,5264,34752,16168,4657,31264,2.3,71867,2111,48.41
Wasatch County,2058,75237,589,862,-273,1531,3000,10122,5421,35411,16475,4807,31907,2.29,73057,2179,48.85
Wasatch County,2059,76492,598,885,-287,1543,3030,10080,5545,36076,16792,4971,32552,2.28,74242,2251,49.27
Wasatch County,2060,77753,609,905,-296,1556,3068,10034,5640,36724,17103,5183,33198,2.27,75422,2331,49.68
Wasatch County,2061,79018,621,929,-308,1573,3114,9990,5714,37364,17431,5405,33841,2.26,76595,2423,50.07
Wasatch County,2062,80288,634,954,-320,1589,3168,9952,5767,38002,17722,5677,34481,2.26,77763,2524,50.45
Wasatch County,2063,81561,647,979,-332,1605,3227,9924,5799,38619,18004,5988,35136,2.25,78953,2608,50.82
Wasatch County,2064,82840,661,1005,-344,1623,3290,9910,5812,39225,18276,6326,35787,2.24,80137,2703,51.18
Wasatch County,2065,84126,674,1032,-357,1644,3356,9912,5807,39825,18578,6648,36420,2.23,81303,2824,51.52
Washington County,2025,209084,2292,1835,457,4240,12007,34976,20794,93007,41904,6396,78388,2.63,205846,3238,41.27
Washington County,2026,213769,2311,1964,347,4338,11926,34461,21711,94596,44112,6963,81084,2.6,210449,3319,42.06
Washington County,2027,218390,2351,2079,272,4349,11873,34033,22458,96179,46272,7577,83763,2.57,214987,3403,42.83
Washington County,2028,222900,2408,2183,225,4285,11820,33721,22637,98177,48193,8352,86405,2.54,219441,3460,43.55
Washington County,2029,227268,2477,2278,199,4169,11872,33400,22645,100264,50021,9067,88956,2.52,223742,3526,44.24
Washington County,2030,231481,2553,2366,187,4026,12115,33070,22516,102373,51723,9685,91413,2.49,227899,3583,44.86
Washington County,2031,235538,2630,2449,181,3876,12416,32797,22161,104638,53298,10227,93756,2.47,231896,3643,45.43
Washington County,2032,239451,2704,2529,175,3738,12750,32499,21795,106896,54292,11218,95990,2.46,235741,3710,45.95
Washington County,2033,243241,2770,2610,160,3630,13095,32244,21386,109093,55230,12193,98132,2.44,239460,3780,46.42
Washington County,2034,246940,2823,2692,131,3569,13427,32132,20988,111091,56201,13102,100195,2.43,243089,3851,46.84
Washington County,2035,250602,2857,2778,79,3582,13723,32145,20632,112861,57299,13941,102208,2.41,246688,3913,47.23
Washington County,2036,254301,2868,2870,-2,3702,13957,32330,20236,114447,58547,14784,104228,2.4,250323,3979,47.61
Washington County,2037,258229,2881,2977,-96,4023,14139,32639,19936,115951,59872,15691,106348,2.39,254181,4048,48
Washington County,2038,262480,2888,3090,-202,4453,14272,33077,19678,117504,61350,16599,108615,2.38,258350,4130,48.44
Washington County,2039,266878,2887,3197,-310,4708,14348,33472,19484,119048,62986,17540,110965,2.37,262659,4219,48.89
Washington County,2040,271225,2874,3323,-449,4796,14369,33880,19269,120428,64770,18510,113307,2.36,266902,4323,49.37
Washington County,2041,275589,2849,3439,-589,4954,14356,34267,19179,121606,66772,19409,115662,2.34,271164,4425,49.85
Washington County,2042,279922,2820,3555,-735,5068,14298,34715,19105,122494,68924,20387,118006,2.33,275388,4535,50.33
Washington County,2043,284275,2793,3690,-897,5250,14205,35303,19007,123085,71153,21522,120375,2.32,279648,4627,50.81
Washington County,2044,288685,2767,3813,-1046,5456,14088,35883,18974,123493,73466,22779,122777,2.31,283957,4728,51.28
Washington County,2045,293296,2736,3955,-1219,5831,13963,36441,19022,123760,76035,24075,125288,2.3,288460,4836,51.76
Washington County,2046,298179,2701,4103,-1401,6284,13839,36955,19037,124026,78952,25371,127926,2.29,293191,4988,52.23
Washington County,2047,303315,2665,4239,-1573,6709,13713,37406,19111,124331,82054,26699,130715,2.28,298178,5136,52.71
Washington County,2048,308636,2632,4406,-1773,7095,13585,37782,19227,124772,85266,28003,133616,2.27,303353,5283,53.18
Washington County,2049,314033,2608,4577,-1970,7367,13456,38074,19479,125382,88405,29236,136569,2.26,308598,5435,53.63
Washington County,2050,319285,2589,4730,-2142,7394,13326,38252,19943,125943,91463,30359,139474,2.25,313691,5594,54.07
Washington County,2051,324456,2573,4905,-2331,7502,13214,38343,20486,126682,94369,31362,142331,2.24,318695,5760,54.48
Washington County,2052,329484,2562,5078,-2516,7545,13126,38351,21056,127626,97025,32301,145115,2.23,323560,5924,54.84
Washington County,2053,334337,2556,5250,-2694,7548,13061,38283,21614,128759,99357,33263,147821,2.22,328252,6085,55.18
Washington County,2054,339025,2554,5420,-2866,7553,13016,38162,22124,130015,101433,34275,150453,2.21,332778,6247,55.49
Washington County,2055,343511,2559,5565,-3006,7492,12988,37981,22570,131222,103318,35433,153008,2.2,337106,6405,55.79
Washington County,2056,347837,2567,5733,-3165,7491,12980,37759,22946,132408,104988,36756,155487,2.19,341266,6570,56.07
Washington County,2057,352042,2580,5924,-3345,7549,12998,37517,23248,133615,106537,38128,157901,2.19,345301,6740,56.31
Washington County,2058,356175,2595,6086,-3491,7625,13040,37274,23473,134940,108033,39416,160276,2.18,349272,6904,56.52
Washington County,2059,360321,2613,6249,-3636,7782,13107,37053,23625,136529,109314,40692,162650,2.17,353264,7057,56.75
Washington County,2060,364437,2634,6384,-3750,7865,13191,36853,23710,138272,110321,42090,165015,2.16,357238,7199,57.03
Washington County,2061,368512,2656,6547,-3891,7967,13286,36675,23749,140060,111070,43672,167358,2.16,361170,7342,57.34
Washington County,2062,372542,2678,6709,-4031,8061,13388,36523,23740,141819,111602,45470,169681,2.15,365064,7479,57.65
Washington County,2063,376516,2700,6872,-4171,8146,13493,36399,23680,143481,111926,47536,171978,2.15,368910,7606,57.97
Washington County,2064,380455,2722,7035,-4314,8252,13600,36318,23577,145151,112074,49736,174252,2.14,372726,7729,58.3
Washington County,2065,384339,2742,7199,-4457,8341,13705,36281,23436,146754,112116,52047,176492,2.13,376484,7855,58.64
Wayne County,2025,2555,29,23,6,6,169,421,217,1115,582,51,969,2.64,2555,0,43.05
Wayne County,2026,2572,30,24,6,11,158,431,226,1101,599,57,979,2.63,2572,0,43.38
Wayne County,2027,2594,30,24,6,16,160,430,222,1105,614,62,991,2.62,2594,0,43.69
Wayne County,2028,2619,30,26,5,21,158,436,214,1118,623,70,1003,2.61,2619,0,43.98
Wayne County,2029,2648,31,27,3,25,157,449,204,1130,632,77,1015,2.61,2648,0,44.26
Wayne County,2030,2679,31,29,2,29,159,457,203,1141,634,85,1028,2.61,2679,0,44.38
Wayne County,2031,2712,32,31,0,33,163,465,207,1155,630,93,1040,2.61,2712,0,44.3
Wayne County,2032,2747,32,34,-2,37,166,470,210,1175,622,105,1053,2.61,2747,0,44.14
Wayne County,2033,2783,32,35,-3,39,168,477,213,1198,616,111,1065,2.61,2783,0,43.99
Wayne County,2034,2820,32,37,-5,42,171,483,219,1227,604,118,1078,2.62,2820,0,43.74
Wayne County,2035,2858,32,38,-6,43,173,492,221,1254,592,125,1090,2.62,2858,0,43.5
Wayne County,2036,2895,33,39,-6,44,174,502,230,1272,584,134,1103,2.62,2895,0,43.24
Wayne County,2037,2936,33,40,-7,48,175,514,234,1289,578,145,1117,2.63,2936,0,43.13
Wayne County,2038,2978,33,41,-7,49,177,525,240,1313,574,150,1132,2.63,2978,0,43.09
Wayne County,2039,3021,33,41,-8,52,178,524,253,1346,568,153,1148,2.63,3021,0,43.08
Wayne County,2040,3064,33,42,-9,51,179,533,254,1377,564,157,1164,2.63,3064,0,42.97
Wayne County,2041,3107,33,42,-9,52,180,538,259,1407,563,160,1181,2.63,3107,0,42.71
Wayne County,2042,3148,33,43,-9,50,180,541,268,1433,561,165,1197,2.63,3148,0,42.68
Wayne County,2043,3189,33,44,-10,52,181,548,272,1461,560,168,1214,2.63,3189,0,42.58
Wayne County,2044,3229,34,44,-10,50,180,554,278,1488,558,170,1231,2.62,3229,0,42.53
Wayne County,2045,3266,33,44,-11,48,180,560,281,1509,565,172,1247,2.62,3266,0,42.68
Wayne County,2046,3305,33,45,-12,50,180,564,275,1539,573,174,1264,2.61,3305,0,42.91
Wayne County,2047,3344,33,45,-12,52,179,568,278,1557,587,175,1282,2.61,3344,0,43.17
Wayne County,2048,3384,33,46,-13,53,179,571,280,1577,604,175,1301,2.6,3384,0,43.35
Wayne County,2049,3424,33,46,-13,53,178,573,281,1595,622,175,1320,2.59,3424,0,43.45
Wayne County,2050,3461,33,47,-14,51,177,573,285,1606,646,173,1338,2.59,3461,0,43.55
Wayne County,2051,3496,33,47,-14,50,177,573,291,1620,668,169,1356,2.58,3496,0,43.7
Wayne County,2052,3530,33,48,-15,49,176,572,295,1640,681,166,1373,2.57,3530,0,43.87
Wayne County,2053,3563,33,48,-15,48,176,570,299,1663,694,162,1391,2.56,3563,0,44.06
Wayne County,2054,3593,33,49,-15,45,176,568,301,1684,709,156,1407,2.55,3593,0,44.25
Wayne County,2055,3621,33,49,-16,43,176,565,302,1705,721,153,1424,2.54,3621,0,44.38
Wayne County,2056,3646,33,49,-16,41,176,561,302,1725,730,153,1439,2.53,3646,0,44.48
Wayne County,2057,3669,33,50,-17,39,176,557,301,1744,736,155,1454,2.52,3669,0,44.61
Wayne County,2058,3691,33,50,-17,39,176,553,300,1764,743,156,1469,2.51,3691,0,44.77
Wayne County,2059,3715,33,51,-17,41,176,549,299,1780,756,155,1484,2.5,3715,0,44.99
Wayne County,2060,3740,33,51,-18,43,176,546,298,1793,771,155,1500,2.49,3740,0,45.21
Wayne County,2061,3763,33,52,-18,42,176,543,296,1804,786,158,1515,2.48,3763,0,45.47
Wayne County,2062,3787,33,52,-19,43,176,541,294,1819,797,160,1531,2.47,3787,0,45.71
Wayne County,2063,3813,33,53,-20,45,176,539,293,1842,800,163,1546,2.47,3813,0,45.92
Wayne County,2064,3837,33,54,-20,45,176,537,290,1859,809,165,1562,2.46,3837,0,46.12
Wayne County,2065,3861,33,54,-21,45,176,536,288,1875,816,171,1577,2.45,3861,0,46.29
Weber County,2025,273234,3313,1968,1345,507,17119,50769,28922,139196,33689,3538,100184,2.69,269381,3853,35.02
Weber County,2026,274843,3280,2010,1269,340,16881,49787,29686,139875,34964,3650,101653,2.67,270949,3894,35.46
Weber County,2027,276370,3260,2052,1208,319,16586,48946,30377,140480,36191,3791,103117,2.64,272436,3934,35.88
Weber County,2028,277908,3254,2094,1159,378,16426,48128,30244,141935,37142,4032,104595,2.62,273941,3967,36.31
Weber County,2029,279532,3258,2137,1121,503,16313,47442,29955,143539,38061,4222,106097,2.6,275536,3996,36.72
Weber County,2030,281298,3271,2180,1091,675,16290,46749,29747,145198,38934,4380,107632,2.58,277271,4027,37.11
Weber County,2031,283246,3290,2224,1066,882,16333,46054,29493,147126,39695,4544,109211,2.56,279185,4061,37.46
Weber County,2032,285392,3315,2269,1046,1101,16429,45480,29101,149312,40083,4989,110836,2.54,281295,4097,37.8
Weber County,2033,287729,3342,2316,1026,1310,16561,44870,28771,151694,40507,5326,112503,2.52,283594,4135,38.11
Weber County,2034,290219,3370,2364,1006,1484,16717,44277,28575,153963,41039,5649,114206,2.5,286044,4175,38.41
Weber County,2035,292813,3397,2414,982,1611,16881,43934,28301,156016,41748,5932,115925,2.49,288599,4213,38.69
Weber County,2036,295466,3420,2466,954,1700,17038,43734,28063,157848,42569,6214,117640,2.48,291217,4249,38.96
Weber County,2037,298245,3435,2529,906,1873,17182,43640,27809,159820,43238,6556,119376,2.46,293963,4283,39.19
Weber County,2038,301175,3445,2592,853,2077,17310,43633,27517,161983,43804,6929,121145,2.45,296857,4318,39.39
Weber County,2039,304218,3449,2644,805,2238,17413,43744,27253,164031,44467,7309,122933,2.44,299862,4357,39.61
Weber County,2040,307313,3448,2708,739,2355,17486,43855,26962,166037,45272,7701,124719,2.43,302917,4396,39.83
Weber County,2041,310396,3440,2761,679,2403,17524,44115,26503,167945,46210,8098,126486,2.42,305958,4438,40.04
Weber County,2042,313472,3426,2813,613,2464,17527,44419,26216,169474,47309,8526,128237,2.41,308994,4478,40.24
Weber County,2043,316562,3404,2877,528,2563,17500,44801,25991,170843,48480,8948,129980,2.4,312044,4518,40.52
Weber County,2044,319710,3378,2928,451,2697,17445,45226,25792,172163,49764,9319,131741,2.39,315149,4561,40.84
Weber County,2045,322935,3348,2990,358,2867,17367,45677,25621,173488,51090,9691,133523,2.38,318327,4608,41.18
Weber County,2046,326243,3316,3052,264,3045,17267,46130,25555,174824,52366,10101,135337,2.38,321586,4657,41.5
Weber County,2047,329625,3282,3101,181,3201,17149,46561,25501,176251,53667,10496,137186,2.37,324917,4708,41.84
Weber County,2048,333059,3247,3164,83,3351,17015,46955,25604,177669,55027,10789,139060,2.36,328297,4762,42.17
Weber County,2049,336508,3213,3226,-13,3462,16870,47293,25785,179181,56343,11035,140951,2.35,331689,4820,42.52
Weber County,2050,339936,3179,3273,-94,3521,16716,47559,26060,180568,57788,11245,142853,2.35,335054,4882,42.88
Weber County,2051,343283,3148,3334,-186,3533,16555,47740,26400,182003,59183,11401,144744,2.34,338337,4946,43.24
Weber County,2052,346531,3119,3394,-275,3524,16394,47833,26774,183498,60518,11513,146619,2.33,341520,5011,43.6
Weber County,2053,349700,3094,3455,-361,3529,16240,47840,27165,184969,61883,11603,148488,2.32,344623,5077,43.96
Weber County,2054,352818,3073,3514,-441,3559,16101,47770,27558,186281,63345,11763,150360,2.31,347675,5143,44.3
Weber County,2055,355904,3058,3559,-500,3586,15981,47631,27938,187407,64926,12021,152247,2.3,350694,5210,44.62
Weber County,2056,358960,3049,3619,-570,3627,15885,47435,28295,188438,66555,12353,154142,2.29,353683,5277,44.94
Weber County,2057,361985,3046,3695,-649,3674,15817,47191,28624,189463,68255,12636,156040,2.29,356643,5341,45.25
Weber County,2058,364976,3050,3756,-706,3698,15777,46906,28914,190529,69964,12887,157938,2.28,359571,5405,45.55
Weber County,2059,367948,3059,3817,-758,3730,15766,46594,29159,191736,71492,13202,159840,2.27,362479,5469,45.84
Weber County,2060,370919,3073,3863,-790,3761,15783,46266,29355,192995,72901,13618,161752,2.26,365386,5532,46.13
Weber County,2061,373889,3091,3927,-836,3807,15828,45940,29498,194304,74198,14121,163670,2.25,368298,5591,46.41
Weber County,2062,376857,3112,3994,-881,3849,15898,45627,29586,195648,75365,14733,165585,2.24,371211,5646,46.69
Weber County,2063,379822,3136,4061,-925,3890,15988,45339,29619,197111,76383,15382,167492,2.23,374122,5701,46.97
Weber County,2064,382790,3162,4129,-967,3934,16095,45089,29599,198790,77161,16056,169387,2.23,377033,5757,47.22
Weber County,2065,385763,3190,4198,-1009,3982,16215,44885,29530,200345,78043,16743,171271,2.22,379949,5814,47.44
Utah State,2025,3556394,43784,20826,22958,26598,229829,682644,446959,1744121,407629,45211,1230455,2.84,3497698,58696,32.82
Utah State,2026,3605013,43318,21489,21828,26791,226861,672094,460238,1774369,423917,47534,1259650,2.81,3544906,60107,33.15
Utah State,2027,3653601,43475,22123,21351,27237,223637,663411,471821,1805007,439487,50238,1289257,2.79,3592065,61537,33.46
Utah State,2028,3700717,44147,22742,21405,25710,222042,654632,475669,1841310,453001,54062,1318888,2.76,3638884,61833,33.76
Utah State,2029,3746573,45211,23349,21861,23995,221542,647187,475212,1879396,465845,57390,1348194,2.73,3684993,61580,34.05
Utah State,2030,3791491,46540,23950,22590,22328,224008,638591,472932,1917864,477777,60318,1376960,2.71,3730336,61155,34.35
Utah State,2031,3836375,48012,24550,23462,21422,228370,628617,469293,1958231,488863,63001,1405062,2.69,3774852,61523,34.65
Utah State,2032,3880593,49503,25155,24348,19870,234033,618493,463717,1998777,496407,69166,1432437,2.67,3818654,61939,34.95
Utah State,2033,3924292,50888,25770,25119,18581,240411,608992,457013,2038632,504875,74369,1459079,2.65,3861957,62336,35.22
Utah State,2034,3967571,52043,26400,25643,17636,246914,601271,450752,2074684,514513,79437,1485017,2.63,3904896,62675,35.46
Utah State,2035,4010720,52840,27051,25789,17359,252961,596748,443894,2107075,525674,84367,1510408,2.61,3947815,62904,35.7
Utah State,2036,4054481,53153,27726,25427,18334,258001,595490,437469,2136012,538005,89504,1535633,2.6,3991356,63124,35.97
Utah State,2037,4100379,53337,28530,24807,21091,261978,596786,431893,2165679,548965,95078,1561241,2.59,4036974,63405,36.24
Utah State,2038,4148924,53414,29345,24068,24476,264882,599806,426464,2197552,559312,100910,1587459,2.57,4085059,63865,36.51
Utah State,2039,4199428,53395,30040,23355,27149,266732,605511,420158,2229690,570344,106992,1614119,2.56,4135035,64393,36.8
Utah State,2040,4250633,53287,30884,22403,28802,267669,612054,414435,2260192,583248,113036,1640764,2.55,4185737,64897,37.13
Utah State,2041,4301823,53090,31587,21503,29686,268001,620223,408538,2288412,597697,118953,1667181,2.54,4236400,65423,37.49
Utah State,2042,4352916,52814,32289,20525,30569,267773,629022,404424,2311823,614503,125371,1693366,2.53,4286961,65955,37.85
Utah State,2043,4404301,52472,33135,19337,32048,267089,639973,400433,2332360,632613,131832,1719472,2.52,4337872,66428,38.21
Utah State,2044,4456446,52088,33828,18260,33885,266052,651825,396742,2351957,651659,138211,1745718,2.51,4389548,66898,38.59
Utah State,2045,4509916,51688,34669,17019,36451,264790,663906,393112,2371629,671996,144483,1772334,2.51,4442437,67479,38.97
Utah State,2046,4565002,51298,35507,15791,39294,263403,675627,391245,2391694,692162,150872,1799494,2.5,4496739,68263,39.37
Utah State,2047,4621601,50941,36187,14754,41846,261956,686432,390359,2413068,712706,157080,1827330,2.49,4552456,69146,39.76
Utah State,2048,4679278,50633,37063,13570,44107,260521,695889,391946,2435005,733201,162716,1855671,2.48,4609112,70166,40.16
Utah State,2049,4737323,50385,37921,12465,45580,259145,703609,395493,2458997,752407,167672,1884333,2.48,4666024,71299,40.56
Utah State,2050,4794787,50203,38600,11603,45861,257845,709272,402478,2481813,771423,171956,1913065,2.47,4722262,72526,40.94
Utah State,2051,4850917,50089,39451,10638,45492,256673,712792,411907,2504459,789465,175621,1941597,2.46,4777121,73797,41.32
Utah State,2052,4905418,50044,40293,9751,44750,255689,714278,422788,2527110,806188,179365,1969855,2.45,4830363,75055,41.68
Utah State,2053,4958539,50069,41128,8941,44180,254967,714099,434174,2548829,823176,183293,1997950,2.44,4882273,76266,42.03
Utah State,2054,5010598,50165,41956,8210,43850,254568,712803,445093,2569687,840366,188081,2025994,2.43,4933208,77390,42.36
Utah State,2055,5061804,50333,42589,7744,43462,254519,710601,454979,2589792,857859,194054,2054082,2.43,4983381,78423,42.69
Utah State,2056,5112153,50569,43420,7149,43200,254835,707732,463422,2609245,875857,201063,2082122,2.42,5032743,79410,43.01
Utah State,2057,5161634,50868,44448,6420,43061,255515,704448,470150,2629340,894694,207487,2110028,2.41,5081290,80344,43.33
Utah State,2058,5210480,51220,45275,5945,42901,256536,700972,475042,2651045,913316,213568,2137875,2.4,5129280,81200,43.64
Utah State,2059,5259110,51616,46111,5505,43125,257887,697570,478181,2675300,930034,220138,2165766,2.39,5177101,82010,43.94
Utah State,2060,5307746,52041,46750,5291,43344,259521,694431,479801,2699810,946103,228080,2193771,2.38,5224963,82783,44.23
Utah State,2061,5356374,52483,47623,4860,43768,261390,691755,480346,2723454,962348,237080,2221787,2.37,5272842,83532,44.49
Utah State,2062,5404943,52926,48515,4411,44159,263426,689687,479974,2744606,979288,247963,2249734,2.37,5320693,84250,44.73
Utah State,2063,5453475,53361,49423,3938,44594,265564,688351,478814,2766338,994559,259850,2277558,2.36,5368530,84945,44.95
Utah State,2064,5501991,53782,50345,3437,45078,267743,687837,477013,2790049,1007206,272142,2305212,2.35,5416327,85664,45.15
Utah State,2065,5550525,54194,51283,2912,45623,269925,688198,474724,2810612,1022111,284954,2332663,2.34,5464090,86435,45.33
