CO_FIPS_split,YEAR,VARIABLE,VALUE,CO_FIPS
1,2023,AGRI,717,1
1,2023,CONS,270,1
1,2023,FOOD,508,1
1,2023,GVED,773,1
1,2023,HBJ,194,1
1,2023,HLTH,155,1
1,2023,MANU,216,1
1,2023,MING,102,1
1,2023,OFFI,133,1
1,2023,OTHR,869,1
1,2023,RETL,525,1
1,2023,WSLE,266,1
1,2024,AGRI,719,1
1,2024,CONS,294,1
1,2024,FOOD,473,1
1,2024,GVED,766,1
1,2024,HBJ,195,1
1,2024,HLTH,160,1
1,2024,MANU,226,1
1,2024,MING,152,1
1,2024,OFFI,134,1
1,2024,OTHR,982,1
1,2024,RETL,482,1
1,2024,WSLE,286,1
1,2025,AGRI,714,1
1,2025,CONS,377,1
1,2025,FOOD,474,1
1,2025,GVED,781,1
1,2025,HBJ,217,1
1,2025,HLTH,167,1
1,2025,MANU,230,1
1,2025,MING,179,1
1,2025,OFFI,135,1
1,2025,OTHR,979,1
1,2025,RETL,489,1
1,2025,WSLE,289,1
1,2026,AGRI,714,1
1,2026,CONS,382,1
1,2026,FOOD,486,1
1,2026,GVED,871,1
1,2026,HBJ,228,1
1,2026,HLTH,177,1
1,2026,MANU,232,1
1,2026,MING,214,1
1,2026,OFFI,134,1
1,2026,OTHR,1000,1
1,2026,RETL,522,1
1,2026,WSLE,313,1
1,2027,AGRI,711,1
1,2027,CONS,333,1
1,2027,FOOD,487,1
1,2027,GVED,912,1
1,2027,HBJ,231,1
1,2027,HLTH,180,1
1,2027,MANU,234,1
1,2027,MING,246,1
1,2027,OFFI,133,1
1,2027,OTHR,995,1
1,2027,RETL,524,1
1,2027,WSLE,313,1
1,2028,AGRI,705,1
1,2028,CONS,339,1
1,2028,FOOD,487,1
1,2028,GVED,934,1
1,2028,HBJ,233,1
1,2028,HLTH,183,1
1,2028,MANU,236,1
1,2028,MING,237,1
1,2028,OFFI,135,1
1,2028,OTHR,997,1
1,2028,RETL,526,1
1,2028,WSLE,313,1
1,2029,AGRI,701,1
1,2029,CONS,342,1
1,2029,FOOD,485,1
1,2029,GVED,943,1
1,2029,HBJ,234,1
1,2029,HLTH,186,1
1,2029,MANU,239,1
1,2029,MING,227,1
1,2029,OFFI,136,1
1,2029,OTHR,1002,1
1,2029,RETL,528,1
1,2029,WSLE,310,1
1,2030,AGRI,697,1
1,2030,CONS,342,1
1,2030,FOOD,482,1
1,2030,GVED,946,1
1,2030,HBJ,237,1
1,2030,HLTH,188,1
1,2030,MANU,243,1
1,2030,MING,223,1
1,2030,OFFI,137,1
1,2030,OTHR,1005,1
1,2030,RETL,529,1
1,2030,WSLE,309,1
1,2031,AGRI,693,1
1,2031,CONS,338,1
1,2031,FOOD,476,1
1,2031,GVED,945,1
1,2031,HBJ,238,1
1,2031,HLTH,190,1
1,2031,MANU,248,1
1,2031,MING,222,1
1,2031,OFFI,137,1
1,2031,OTHR,1006,1
1,2031,RETL,533,1
1,2031,WSLE,306,1
1,2032,AGRI,689,1
1,2032,CONS,335,1
1,2032,FOOD,471,1
1,2032,GVED,941,1
1,2032,HBJ,242,1
1,2032,HLTH,192,1
1,2032,MANU,250,1
1,2032,MING,227,1
1,2032,OFFI,137,1
1,2032,OTHR,1005,1
1,2032,RETL,534,1
1,2032,WSLE,304,1
1,2033,AGRI,687,1
1,2033,CONS,336,1
1,2033,FOOD,470,1
1,2033,GVED,938,1
1,2033,HBJ,248,1
1,2033,HLTH,193,1
1,2033,MANU,254,1
1,2033,MING,231,1
1,2033,OFFI,137,1
1,2033,OTHR,1011,1
1,2033,RETL,535,1
1,2033,WSLE,301,1
1,2034,AGRI,687,1
1,2034,CONS,340,1
1,2034,FOOD,472,1
1,2034,GVED,939,1
1,2034,HBJ,250,1
1,2034,HLTH,195,1
1,2034,MANU,256,1
1,2034,MING,236,1
1,2034,OFFI,138,1
1,2034,OTHR,1026,1
1,2034,RETL,536,1
1,2034,WSLE,298,1
1,2035,AGRI,685,1
1,2035,CONS,344,1
1,2035,FOOD,468,1
1,2035,GVED,935,1
1,2035,HBJ,251,1
1,2035,HLTH,195,1
1,2035,MANU,259,1
1,2035,MING,237,1
1,2035,OFFI,140,1
1,2035,OTHR,1003,1
1,2035,RETL,535,1
1,2035,WSLE,294,1
1,2036,AGRI,684,1
1,2036,CONS,350,1
1,2036,FOOD,469,1
1,2036,GVED,936,1
1,2036,HBJ,253,1
1,2036,HLTH,197,1
1,2036,MANU,263,1
1,2036,MING,236,1
1,2036,OFFI,141,1
1,2036,OTHR,1008,1
1,2036,RETL,536,1
1,2036,WSLE,289,1
1,2037,AGRI,683,1
1,2037,CONS,352,1
1,2037,FOOD,473,1
1,2037,GVED,938,1
1,2037,HBJ,258,1
1,2037,HLTH,199,1
1,2037,MANU,266,1
1,2037,MING,236,1
1,2037,OFFI,142,1
1,2037,OTHR,1011,1
1,2037,RETL,538,1
1,2037,WSLE,287,1
1,2038,AGRI,681,1
1,2038,CONS,354,1
1,2038,FOOD,475,1
1,2038,GVED,942,1
1,2038,HBJ,262,1
1,2038,HLTH,201,1
1,2038,MANU,271,1
1,2038,MING,236,1
1,2038,OFFI,143,1
1,2038,OTHR,1020,1
1,2038,RETL,542,1
1,2038,WSLE,285,1
1,2039,AGRI,679,1
1,2039,CONS,357,1
1,2039,FOOD,476,1
1,2039,GVED,946,1
1,2039,HBJ,266,1
1,2039,HLTH,204,1
1,2039,MANU,275,1
1,2039,MING,235,1
1,2039,OFFI,144,1
1,2039,OTHR,1025,1
1,2039,RETL,545,1
1,2039,WSLE,283,1
1,2040,AGRI,678,1
1,2040,CONS,357,1
1,2040,FOOD,476,1
1,2040,GVED,953,1
1,2040,HBJ,270,1
1,2040,HLTH,205,1
1,2040,MANU,278,1
1,2040,MING,236,1
1,2040,OFFI,144,1
1,2040,OTHR,1030,1
1,2040,RETL,549,1
1,2040,WSLE,282,1
1,2041,AGRI,677,1
1,2041,CONS,355,1
1,2041,FOOD,478,1
1,2041,GVED,957,1
1,2041,HBJ,273,1
1,2041,HLTH,207,1
1,2041,MANU,280,1
1,2041,MING,237,1
1,2041,OFFI,145,1
1,2041,OTHR,1033,1
1,2041,RETL,552,1
1,2041,WSLE,281,1
1,2042,AGRI,675,1
1,2042,CONS,355,1
1,2042,FOOD,479,1
1,2042,GVED,963,1
1,2042,HBJ,277,1
1,2042,HLTH,208,1
1,2042,MANU,282,1
1,2042,MING,239,1
1,2042,OFFI,146,1
1,2042,OTHR,1037,1
1,2042,RETL,556,1
1,2042,WSLE,280,1
1,2043,AGRI,672,1
1,2043,CONS,353,1
1,2043,FOOD,480,1
1,2043,GVED,969,1
1,2043,HBJ,280,1
1,2043,HLTH,210,1
1,2043,MANU,285,1
1,2043,MING,239,1
1,2043,OFFI,147,1
1,2043,OTHR,1038,1
1,2043,RETL,558,1
1,2043,WSLE,277,1
1,2044,AGRI,669,1
1,2044,CONS,352,1
1,2044,FOOD,480,1
1,2044,GVED,974,1
1,2044,HBJ,284,1
1,2044,HLTH,211,1
1,2044,MANU,288,1
1,2044,MING,240,1
1,2044,OFFI,149,1
1,2044,OTHR,1040,1
1,2044,RETL,560,1
1,2044,WSLE,276,1
1,2045,AGRI,668,1
1,2045,CONS,352,1
1,2045,FOOD,479,1
1,2045,GVED,980,1
1,2045,HBJ,288,1
1,2045,HLTH,213,1
1,2045,MANU,291,1
1,2045,MING,240,1
1,2045,OFFI,148,1
1,2045,OTHR,1043,1
1,2045,RETL,563,1
1,2045,WSLE,276,1
1,2046,AGRI,666,1
1,2046,CONS,357,1
1,2046,FOOD,479,1
1,2046,GVED,985,1
1,2046,HBJ,292,1
1,2046,HLTH,214,1
1,2046,MANU,293,1
1,2046,MING,240,1
1,2046,OFFI,151,1
1,2046,OTHR,1044,1
1,2046,RETL,565,1
1,2046,WSLE,275,1
1,2047,AGRI,664,1
1,2047,CONS,365,1
1,2047,FOOD,480,1
1,2047,GVED,990,1
1,2047,HBJ,295,1
1,2047,HLTH,216,1
1,2047,MANU,297,1
1,2047,MING,242,1
1,2047,OFFI,152,1
1,2047,OTHR,1044,1
1,2047,RETL,570,1
1,2047,WSLE,274,1
1,2048,AGRI,663,1
1,2048,CONS,372,1
1,2048,FOOD,479,1
1,2048,GVED,995,1
1,2048,HBJ,300,1
1,2048,HLTH,217,1
1,2048,MANU,300,1
1,2048,MING,245,1
1,2048,OFFI,153,1
1,2048,OTHR,1042,1
1,2048,RETL,573,1
1,2048,WSLE,274,1
1,2049,AGRI,659,1
1,2049,CONS,383,1
1,2049,FOOD,479,1
1,2049,GVED,998,1
1,2049,HBJ,304,1
1,2049,HLTH,219,1
1,2049,MANU,304,1
1,2049,MING,248,1
1,2049,OFFI,155,1
1,2049,OTHR,1042,1
1,2049,RETL,575,1
1,2049,WSLE,274,1
1,2050,AGRI,658,1
1,2050,CONS,394,1
1,2050,FOOD,479,1
1,2050,GVED,1002,1
1,2050,HBJ,309,1
1,2050,HLTH,221,1
1,2050,MANU,306,1
1,2050,MING,251,1
1,2050,OFFI,157,1
1,2050,OTHR,1042,1
1,2050,RETL,579,1
1,2050,WSLE,273,1
1,2051,AGRI,655,1
1,2051,CONS,407,1
1,2051,FOOD,479,1
1,2051,GVED,1002,1
1,2051,HBJ,313,1
1,2051,HLTH,222,1
1,2051,MANU,310,1
1,2051,MING,254,1
1,2051,OFFI,158,1
1,2051,OTHR,1041,1
1,2051,RETL,582,1
1,2051,WSLE,272,1
1,2052,AGRI,654,1
1,2052,CONS,420,1
1,2052,FOOD,479,1
1,2052,GVED,1005,1
1,2052,HBJ,317,1
1,2052,HLTH,222,1
1,2052,MANU,314,1
1,2052,MING,257,1
1,2052,OFFI,158,1
1,2052,OTHR,1041,1
1,2052,RETL,586,1
1,2052,WSLE,272,1
1,2053,AGRI,651,1
1,2053,CONS,434,1
1,2053,FOOD,480,1
1,2053,GVED,1007,1
1,2053,HBJ,321,1
1,2053,HLTH,223,1
1,2053,MANU,316,1
1,2053,MING,260,1
1,2053,OFFI,158,1
1,2053,OTHR,1040,1
1,2053,RETL,591,1
1,2053,WSLE,270,1
1,2054,AGRI,650,1
1,2054,CONS,449,1
1,2054,FOOD,479,1
1,2054,GVED,1008,1
1,2054,HBJ,326,1
1,2054,HLTH,224,1
1,2054,MANU,318,1
1,2054,MING,262,1
1,2054,OFFI,159,1
1,2054,OTHR,1040,1
1,2054,RETL,594,1
1,2054,WSLE,270,1
1,2055,AGRI,645,1
1,2055,CONS,466,1
1,2055,FOOD,479,1
1,2055,GVED,1008,1
1,2055,HBJ,330,1
1,2055,HLTH,225,1
1,2055,MANU,321,1
1,2055,MING,265,1
1,2055,OFFI,159,1
1,2055,OTHR,1040,1
1,2055,RETL,598,1
1,2055,WSLE,270,1
1,2056,AGRI,643,1
1,2056,CONS,478,1
1,2056,FOOD,478,1
1,2056,GVED,1008,1
1,2056,HBJ,334,1
1,2056,HLTH,227,1
1,2056,MANU,323,1
1,2056,MING,265,1
1,2056,OFFI,160,1
1,2056,OTHR,1039,1
1,2056,RETL,601,1
1,2056,WSLE,271,1
1,2057,AGRI,640,1
1,2057,CONS,488,1
1,2057,FOOD,476,1
1,2057,GVED,1006,1
1,2057,HBJ,338,1
1,2057,HLTH,227,1
1,2057,MANU,325,1
1,2057,MING,264,1
1,2057,OFFI,161,1
1,2057,OTHR,1039,1
1,2057,RETL,602,1
1,2057,WSLE,270,1
1,2058,AGRI,638,1
1,2058,CONS,497,1
1,2058,FOOD,475,1
1,2058,GVED,1004,1
1,2058,HBJ,341,1
1,2058,HLTH,228,1
1,2058,MANU,327,1
1,2058,MING,262,1
1,2058,OFFI,161,1
1,2058,OTHR,1041,1
1,2058,RETL,605,1
1,2058,WSLE,271,1
1,2059,AGRI,635,1
1,2059,CONS,504,1
1,2059,FOOD,474,1
1,2059,GVED,1004,1
1,2059,HBJ,346,1
1,2059,HLTH,227,1
1,2059,MANU,329,1
1,2059,MING,262,1
1,2059,OFFI,162,1
1,2059,OTHR,1041,1
1,2059,RETL,607,1
1,2059,WSLE,271,1
1,2060,AGRI,632,1
1,2060,CONS,511,1
1,2060,FOOD,473,1
1,2060,GVED,1005,1
1,2060,HBJ,349,1
1,2060,HLTH,228,1
1,2060,MANU,332,1
1,2060,MING,262,1
1,2060,OFFI,162,1
1,2060,OTHR,1041,1
1,2060,RETL,609,1
1,2060,WSLE,270,1
1,2061,AGRI,629,1
1,2061,CONS,516,1
1,2061,FOOD,472,1
1,2061,GVED,1005,1
1,2061,HBJ,353,1
1,2061,HLTH,228,1
1,2061,MANU,334,1
1,2061,MING,261,1
1,2061,OFFI,163,1
1,2061,OTHR,1040,1
1,2061,RETL,612,1
1,2061,WSLE,269,1
1,2062,AGRI,627,1
1,2062,CONS,522,1
1,2062,FOOD,471,1
1,2062,GVED,1008,1
1,2062,HBJ,357,1
1,2062,HLTH,230,1
1,2062,MANU,336,1
1,2062,MING,261,1
1,2062,OFFI,163,1
1,2062,OTHR,1041,1
1,2062,RETL,615,1
1,2062,WSLE,270,1
1,2063,AGRI,624,1
1,2063,CONS,528,1
1,2063,FOOD,471,1
1,2063,GVED,1009,1
1,2063,HBJ,359,1
1,2063,HLTH,231,1
1,2063,MANU,339,1
1,2063,MING,261,1
1,2063,OFFI,164,1
1,2063,OTHR,1043,1
1,2063,RETL,619,1
1,2063,WSLE,268,1
1,2064,AGRI,622,1
1,2064,CONS,532,1
1,2064,FOOD,470,1
1,2064,GVED,1009,1
1,2064,HBJ,364,1
1,2064,HLTH,233,1
1,2064,MANU,342,1
1,2064,MING,261,1
1,2064,OFFI,165,1
1,2064,OTHR,1043,1
1,2064,RETL,621,1
1,2064,WSLE,269,1
1,2065,AGRI,620,1
1,2065,CONS,537,1
1,2065,FOOD,469,1
1,2065,GVED,1012,1
1,2065,HBJ,367,1
1,2065,HLTH,233,1
1,2065,MANU,345,1
1,2065,MING,261,1
1,2065,OFFI,166,1
1,2065,OTHR,1044,1
1,2065,RETL,625,1
1,2065,WSLE,268,1
3,2023,AGRI,1657,3
3,2023,CONS,2686,3
3,2023,FOOD,1971,3
3,2023,GVED,3652,3
3,2023,HBJ,1143,3
3,2023,HLTH,2090,3
3,2023,MANU,7817,3
3,2023,MING,88,3
3,2023,OFFI,1263,3
3,2023,OTHR,5944,3
3,2023,RETL,2984,3
3,2023,WSLE,3075,3
3,2024,AGRI,1661,3
3,2024,CONS,3167,3
3,2024,FOOD,1811,3
3,2024,GVED,3923,3
3,2024,HBJ,1119,3
3,2024,HLTH,2206,3
3,2024,MANU,7227,3
3,2024,MING,98,3
3,2024,OFFI,1322,3
3,2024,OTHR,5611,3
3,2024,RETL,3005,3
3,2024,WSLE,3103,3
3,2025,AGRI,1654,3
3,2025,CONS,3225,3
3,2025,FOOD,1808,3
3,2025,GVED,3976,3
3,2025,HBJ,1218,3
3,2025,HLTH,2285,3
3,2025,MANU,7304,3
3,2025,MING,98,3
3,2025,OFFI,1329,3
3,2025,OTHR,5667,3
3,2025,RETL,3007,3
3,2025,WSLE,3205,3
3,2026,AGRI,1653,3
3,2026,CONS,3291,3
3,2026,FOOD,1820,3
3,2026,GVED,4003,3
3,2026,HBJ,1236,3
3,2026,HLTH,2348,3
3,2026,MANU,7323,3
3,2026,MING,101,3
3,2026,OFFI,1315,3
3,2026,OTHR,5717,3
3,2026,RETL,2996,3
3,2026,WSLE,3270,3
3,2027,AGRI,1646,3
3,2027,CONS,3363,3
3,2027,FOOD,1823,3
3,2027,GVED,4041,3
3,2027,HBJ,1257,3
3,2027,HLTH,2402,3
3,2027,MANU,7341,3
3,2027,MING,104,3
3,2027,OFFI,1304,3
3,2027,OTHR,5776,3
3,2027,RETL,3018,3
3,2027,WSLE,3339,3
3,2028,AGRI,1635,3
3,2028,CONS,3455,3
3,2028,FOOD,1824,3
3,2028,GVED,4072,3
3,2028,HBJ,1280,3
3,2028,HLTH,2441,3
3,2028,MANU,7363,3
3,2028,MING,100,3
3,2028,OFFI,1303,3
3,2028,OTHR,5851,3
3,2028,RETL,3027,3
3,2028,WSLE,3386,3
3,2029,AGRI,1625,3
3,2029,CONS,3549,3
3,2029,FOOD,1819,3
3,2029,GVED,4102,3
3,2029,HBJ,1306,3
3,2029,HLTH,2476,3
3,2029,MANU,7429,3
3,2029,MING,94,3
3,2029,OFFI,1309,3
3,2029,OTHR,5933,3
3,2029,RETL,3041,3
3,2029,WSLE,3432,3
3,2030,AGRI,1617,3
3,2030,CONS,3611,3
3,2030,FOOD,1807,3
3,2030,GVED,4126,3
3,2030,HBJ,1333,3
3,2030,HLTH,2516,3
3,2030,MANU,7525,3
3,2030,MING,93,3
3,2030,OFFI,1318,3
3,2030,OTHR,6000,3
3,2030,RETL,3072,3
3,2030,WSLE,3468,3
3,2031,AGRI,1610,3
3,2031,CONS,3647,3
3,2031,FOOD,1784,3
3,2031,GVED,4130,3
3,2031,HBJ,1358,3
3,2031,HLTH,2551,3
3,2031,MANU,7614,3
3,2031,MING,93,3
3,2031,OFFI,1323,3
3,2031,OTHR,6051,3
3,2031,RETL,3105,3
3,2031,WSLE,3506,3
3,2032,AGRI,1602,3
3,2032,CONS,3680,3
3,2032,FOOD,1768,3
3,2032,GVED,4142,3
3,2032,HBJ,1385,3
3,2032,HLTH,2584,3
3,2032,MANU,7693,3
3,2032,MING,98,3
3,2032,OFFI,1327,3
3,2032,OTHR,6110,3
3,2032,RETL,3127,3
3,2032,WSLE,3536,3
3,2033,AGRI,1602,3
3,2033,CONS,3719,3
3,2033,FOOD,1763,3
3,2033,GVED,4149,3
3,2033,HBJ,1411,3
3,2033,HLTH,2611,3
3,2033,MANU,7749,3
3,2033,MING,103,3
3,2033,OFFI,1340,3
3,2033,OTHR,6171,3
3,2033,RETL,3143,3
3,2033,WSLE,3564,3
3,2034,AGRI,1601,3
3,2034,CONS,3764,3
3,2034,FOOD,1820,3
3,2034,GVED,4170,3
3,2034,HBJ,1442,3
3,2034,HLTH,2646,3
3,2034,MANU,7796,3
3,2034,MING,108,3
3,2034,OFFI,1359,3
3,2034,OTHR,6316,3
3,2034,RETL,3163,3
3,2034,WSLE,3537,3
3,2035,AGRI,1600,3
3,2035,CONS,3780,3
3,2035,FOOD,1743,3
3,2035,GVED,4167,3
3,2035,HBJ,1451,3
3,2035,HLTH,2649,3
3,2035,MANU,7846,3
3,2035,MING,110,3
3,2035,OFFI,1372,3
3,2035,OTHR,6183,3
3,2035,RETL,3148,3
3,2035,WSLE,3471,3
3,2036,AGRI,1598,3
3,2036,CONS,3796,3
3,2036,FOOD,1746,3
3,2036,GVED,4179,3
3,2036,HBJ,1474,3
3,2036,HLTH,2665,3
3,2036,MANU,7937,3
3,2036,MING,109,3
3,2036,OFFI,1387,3
3,2036,OTHR,6215,3
3,2036,RETL,3152,3
3,2036,WSLE,3422,3
3,2037,AGRI,1597,3
3,2037,CONS,3794,3
3,2037,FOOD,1754,3
3,2037,GVED,4194,3
3,2037,HBJ,1497,3
3,2037,HLTH,2683,3
3,2037,MANU,8031,3
3,2037,MING,108,3
3,2037,OFFI,1399,3
3,2037,OTHR,6265,3
3,2037,RETL,3167,3
3,2037,WSLE,3384,3
3,2038,AGRI,1596,3
3,2038,CONS,3789,3
3,2038,FOOD,1755,3
3,2038,GVED,4215,3
3,2038,HBJ,1522,3
3,2038,HLTH,2709,3
3,2038,MANU,8115,3
3,2038,MING,109,3
3,2038,OFFI,1412,3
3,2038,OTHR,6336,3
3,2038,RETL,3187,3
3,2038,WSLE,3361,3
3,2039,AGRI,1593,3
3,2039,CONS,3782,3
3,2039,FOOD,1759,3
3,2039,GVED,4241,3
3,2039,HBJ,1549,3
3,2039,HLTH,2732,3
3,2039,MANU,8190,3
3,2039,MING,109,3
3,2039,OFFI,1423,3
3,2039,OTHR,6408,3
3,2039,RETL,3210,3
3,2039,WSLE,3340,3
3,2040,AGRI,1591,3
3,2040,CONS,3772,3
3,2040,FOOD,1763,3
3,2040,GVED,4268,3
3,2040,HBJ,1573,3
3,2040,HLTH,2757,3
3,2040,MANU,8258,3
3,2040,MING,109,3
3,2040,OFFI,1434,3
3,2040,OTHR,6474,3
3,2040,RETL,3233,3
3,2040,WSLE,3320,3
3,2041,AGRI,1590,3
3,2041,CONS,3752,3
3,2041,FOOD,1767,3
3,2041,GVED,4292,3
3,2041,HBJ,1598,3
3,2041,HLTH,2777,3
3,2041,MANU,8318,3
3,2041,MING,110,3
3,2041,OFFI,1442,3
3,2041,OTHR,6529,3
3,2041,RETL,3256,3
3,2041,WSLE,3303,3
3,2042,AGRI,1587,3
3,2042,CONS,3742,3
3,2042,FOOD,1770,3
3,2042,GVED,4314,3
3,2042,HBJ,1624,3
3,2042,HLTH,2795,3
3,2042,MANU,8372,3
3,2042,MING,112,3
3,2042,OFFI,1458,3
3,2042,OTHR,6590,3
3,2042,RETL,3280,3
3,2042,WSLE,3290,3
3,2043,AGRI,1584,3
3,2043,CONS,3732,3
3,2043,FOOD,1772,3
3,2043,GVED,4340,3
3,2043,HBJ,1646,3
3,2043,HLTH,2807,3
3,2043,MANU,8408,3
3,2043,MING,112,3
3,2043,OFFI,1470,3
3,2043,OTHR,6637,3
3,2043,RETL,3301,3
3,2043,WSLE,3276,3
3,2044,AGRI,1580,3
3,2044,CONS,3716,3
3,2044,FOOD,1771,3
3,2044,GVED,4364,3
3,2044,HBJ,1667,3
3,2044,HLTH,2820,3
3,2044,MANU,8445,3
3,2044,MING,112,3
3,2044,OFFI,1486,3
3,2044,OTHR,6686,3
3,2044,RETL,3318,3
3,2044,WSLE,3263,3
3,2045,AGRI,1578,3
3,2045,CONS,3719,3
3,2045,FOOD,1771,3
3,2045,GVED,4387,3
3,2045,HBJ,1693,3
3,2045,HLTH,2834,3
3,2045,MANU,8498,3
3,2045,MING,112,3
3,2045,OFFI,1499,3
3,2045,OTHR,6728,3
3,2045,RETL,3339,3
3,2045,WSLE,3251,3
3,2046,AGRI,1574,3
3,2046,CONS,3745,3
3,2046,FOOD,1770,3
3,2046,GVED,4412,3
3,2046,HBJ,1718,3
3,2046,HLTH,2848,3
3,2046,MANU,8555,3
3,2046,MING,113,3
3,2046,OFFI,1520,3
3,2046,OTHR,6768,3
3,2046,RETL,3358,3
3,2046,WSLE,3236,3
3,2047,AGRI,1571,3
3,2047,CONS,3790,3
3,2047,FOOD,1768,3
3,2047,GVED,4434,3
3,2047,HBJ,1746,3
3,2047,HLTH,2861,3
3,2047,MANU,8607,3
3,2047,MING,114,3
3,2047,OFFI,1543,3
3,2047,OTHR,6796,3
3,2047,RETL,3377,3
3,2047,WSLE,3222,3
3,2048,AGRI,1569,3
3,2048,CONS,3849,3
3,2048,FOOD,1767,3
3,2048,GVED,4455,3
3,2048,HBJ,1771,3
3,2048,HLTH,2872,3
3,2048,MANU,8664,3
3,2048,MING,115,3
3,2048,OFFI,1565,3
3,2048,OTHR,6821,3
3,2048,RETL,3398,3
3,2048,WSLE,3210,3
3,2049,AGRI,1565,3
3,2049,CONS,3923,3
3,2049,FOOD,1767,3
3,2049,GVED,4480,3
3,2049,HBJ,1799,3
3,2049,HLTH,2882,3
3,2049,MANU,8725,3
3,2049,MING,117,3
3,2049,OFFI,1591,3
3,2049,OTHR,6842,3
3,2049,RETL,3418,3
3,2049,WSLE,3194,3
3,2050,AGRI,1562,3
3,2050,CONS,4001,3
3,2050,FOOD,1766,3
3,2050,GVED,4502,3
3,2050,HBJ,1827,3
3,2050,HLTH,2891,3
3,2050,MANU,8784,3
3,2050,MING,119,3
3,2050,OFFI,1612,3
3,2050,OTHR,6862,3
3,2050,RETL,3436,3
3,2050,WSLE,3180,3
3,2051,AGRI,1559,3
3,2051,CONS,4084,3
3,2051,FOOD,1763,3
3,2051,GVED,4519,3
3,2051,HBJ,1854,3
3,2051,HLTH,2898,3
3,2051,MANU,8850,3
3,2051,MING,119,3
3,2051,OFFI,1629,3
3,2051,OTHR,6878,3
3,2051,RETL,3454,3
3,2051,WSLE,3164,3
3,2052,AGRI,1554,3
3,2052,CONS,4165,3
3,2052,FOOD,1760,3
3,2052,GVED,4537,3
3,2052,HBJ,1883,3
3,2052,HLTH,2902,3
3,2052,MANU,8908,3
3,2052,MING,121,3
3,2052,OFFI,1641,3
3,2052,OTHR,6890,3
3,2052,RETL,3468,3
3,2052,WSLE,3148,3
3,2053,AGRI,1551,3
3,2053,CONS,4246,3
3,2053,FOOD,1756,3
3,2053,GVED,4557,3
3,2053,HBJ,1906,3
3,2053,HLTH,2906,3
3,2053,MANU,8953,3
3,2053,MING,122,3
3,2053,OFFI,1650,3
3,2053,OTHR,6908,3
3,2053,RETL,3481,3
3,2053,WSLE,3135,3
3,2054,AGRI,1546,3
3,2054,CONS,4331,3
3,2054,FOOD,1751,3
3,2054,GVED,4574,3
3,2054,HBJ,1933,3
3,2054,HLTH,2907,3
3,2054,MANU,8990,3
3,2054,MING,123,3
3,2054,OFFI,1658,3
3,2054,OTHR,6918,3
3,2054,RETL,3493,3
3,2054,WSLE,3121,3
3,2055,AGRI,1541,3
3,2055,CONS,4416,3
3,2055,FOOD,1745,3
3,2055,GVED,4592,3
3,2055,HBJ,1958,3
3,2055,HLTH,2906,3
3,2055,MANU,9019,3
3,2055,MING,124,3
3,2055,OFFI,1664,3
3,2055,OTHR,6928,3
3,2055,RETL,3503,3
3,2055,WSLE,3107,3
3,2056,AGRI,1536,3
3,2056,CONS,4474,3
3,2056,FOOD,1738,3
3,2056,GVED,4609,3
3,2056,HBJ,1984,3
3,2056,HLTH,2911,3
3,2056,MANU,9037,3
3,2056,MING,124,3
3,2056,OFFI,1669,3
3,2056,OTHR,6942,3
3,2056,RETL,3507,3
3,2056,WSLE,3096,3
3,2057,AGRI,1532,3
3,2057,CONS,4513,3
3,2057,FOOD,1728,3
3,2057,GVED,4624,3
3,2057,HBJ,2006,3
3,2057,HLTH,2915,3
3,2057,MANU,9061,3
3,2057,MING,122,3
3,2057,OFFI,1675,3
3,2057,OTHR,6951,3
3,2057,RETL,3506,3
3,2057,WSLE,3083,3
3,2058,AGRI,1527,3
3,2058,CONS,4545,3
3,2058,FOOD,1718,3
3,2058,GVED,4636,3
3,2058,HBJ,2026,3
3,2058,HLTH,2919,3
3,2058,MANU,9088,3
3,2058,MING,120,3
3,2058,OFFI,1681,3
3,2058,OTHR,6960,3
3,2058,RETL,3506,3
3,2058,WSLE,3072,3
3,2059,AGRI,1522,3
3,2059,CONS,4567,3
3,2059,FOOD,1707,3
3,2059,GVED,4648,3
3,2059,HBJ,2046,3
3,2059,HLTH,2921,3
3,2059,MANU,9114,3
3,2059,MING,119,3
3,2059,OFFI,1686,3
3,2059,OTHR,6962,3
3,2059,RETL,3503,3
3,2059,WSLE,3058,3
3,2060,AGRI,1515,3
3,2060,CONS,4589,3
3,2060,FOOD,1698,3
3,2060,GVED,4661,3
3,2060,HBJ,2067,3
3,2060,HLTH,2924,3
3,2060,MANU,9141,3
3,2060,MING,118,3
3,2060,OFFI,1692,3
3,2060,OTHR,6969,3
3,2060,RETL,3503,3
3,2060,WSLE,3046,3
3,2061,AGRI,1509,3
3,2061,CONS,4614,3
3,2061,FOOD,1688,3
3,2061,GVED,4668,3
3,2061,HBJ,2088,3
3,2061,HLTH,2927,3
3,2061,MANU,9169,3
3,2061,MING,117,3
3,2061,OFFI,1697,3
3,2061,OTHR,6976,3
3,2061,RETL,3505,3
3,2061,WSLE,3034,3
3,2062,AGRI,1505,3
3,2062,CONS,4636,3
3,2062,FOOD,1680,3
3,2062,GVED,4679,3
3,2062,HBJ,2110,3
3,2062,HLTH,2929,3
3,2062,MANU,9199,3
3,2062,MING,117,3
3,2062,OFFI,1702,3
3,2062,OTHR,6985,3
3,2062,RETL,3506,3
3,2062,WSLE,3021,3
3,2063,AGRI,1500,3
3,2063,CONS,4657,3
3,2063,FOOD,1672,3
3,2063,GVED,4688,3
3,2063,HBJ,2132,3
3,2063,HLTH,2931,3
3,2063,MANU,9231,3
3,2063,MING,115,3
3,2063,OFFI,1707,3
3,2063,OTHR,6996,3
3,2063,RETL,3507,3
3,2063,WSLE,3009,3
3,2064,AGRI,1495,3
3,2064,CONS,4677,3
3,2064,FOOD,1665,3
3,2064,GVED,4699,3
3,2064,HBJ,2153,3
3,2064,HLTH,2935,3
3,2064,MANU,9265,3
3,2064,MING,115,3
3,2064,OFFI,1711,3
3,2064,OTHR,7005,3
3,2064,RETL,3509,3
3,2064,WSLE,2998,3
3,2065,AGRI,1490,3
3,2065,CONS,4695,3
3,2065,FOOD,1657,3
3,2065,GVED,4710,3
3,2065,HBJ,2175,3
3,2065,HLTH,2937,3
3,2065,MANU,9301,3
3,2065,MING,114,3
3,2065,OFFI,1715,3
3,2065,OTHR,7018,3
3,2065,RETL,3509,3
3,2065,WSLE,2984,3
5,2023,AGRI,1830,5
5,2023,CONS,4580,5
5,2023,FOOD,4738,5
5,2023,GVED,14286,5
5,2023,HBJ,2553,5
5,2023,HLTH,7961,5
5,2023,MANU,12812,5
5,2023,MING,155,5
5,2023,OFFI,9967,5
5,2023,OTHR,19547,5
5,2023,RETL,9649,5
5,2023,WSLE,4011,5
5,2024,AGRI,1836,5
5,2024,CONS,4855,5
5,2024,FOOD,4788,5
5,2024,GVED,14514,5
5,2024,HBJ,2508,5
5,2024,HLTH,8049,5
5,2024,MANU,12221,5
5,2024,MING,146,5
5,2024,OFFI,10220,5
5,2024,OTHR,19802,5
5,2024,RETL,9203,5
5,2024,WSLE,3898,5
5,2025,AGRI,1826,5
5,2025,CONS,4940,5
5,2025,FOOD,4799,5
5,2025,GVED,14799,5
5,2025,HBJ,2767,5
5,2025,HLTH,8372,5
5,2025,MANU,12411,5
5,2025,MING,145,5
5,2025,OFFI,10310,5
5,2025,OTHR,20072,5
5,2025,RETL,9256,5
5,2025,WSLE,3967,5
5,2026,AGRI,1827,5
5,2026,CONS,4985,5
5,2026,FOOD,4824,5
5,2026,GVED,14972,5
5,2026,HBJ,2820,5
5,2026,HLTH,8619,5
5,2026,MANU,12492,5
5,2026,MING,151,5
5,2026,OFFI,10210,5
5,2026,OTHR,20237,5
5,2026,RETL,9214,5
5,2026,WSLE,3993,5
5,2027,AGRI,1820,5
5,2027,CONS,5041,5
5,2027,FOOD,4812,5
5,2027,GVED,15149,5
5,2027,HBJ,2869,5
5,2027,HLTH,8816,5
5,2027,MANU,12570,5
5,2027,MING,154,5
5,2027,OFFI,10116,5
5,2027,OTHR,20376,5
5,2027,RETL,9238,5
5,2027,WSLE,4022,5
5,2028,AGRI,1808,5
5,2028,CONS,5139,5
5,2028,FOOD,4789,5
5,2028,GVED,15296,5
5,2028,HBJ,2924,5
5,2028,HLTH,8956,5
5,2028,MANU,12651,5
5,2028,MING,148,5
5,2028,OFFI,10101,5
5,2028,OTHR,20560,5
5,2028,RETL,9220,5
5,2028,WSLE,4021,5
5,2029,AGRI,1797,5
5,2029,CONS,5246,5
5,2029,FOOD,4747,5
5,2029,GVED,15444,5
5,2029,HBJ,2982,5
5,2029,HLTH,9078,5
5,2029,MANU,12808,5
5,2029,MING,139,5
5,2029,OFFI,10136,5
5,2029,OTHR,20760,5
5,2029,RETL,9214,5
5,2029,WSLE,4023,5
5,2030,AGRI,1788,5
5,2030,CONS,5315,5
5,2030,FOOD,4696,5
5,2030,GVED,15546,5
5,2030,HBJ,3044,5
5,2030,HLTH,9230,5
5,2030,MANU,13025,5
5,2030,MING,137,5
5,2030,OFFI,10192,5
5,2030,OTHR,20919,5
5,2030,RETL,9280,5
5,2030,WSLE,4019,5
5,2031,AGRI,1779,5
5,2031,CONS,5355,5
5,2031,FOOD,4623,5
5,2031,GVED,15613,5
5,2031,HBJ,3104,5
5,2031,HLTH,9373,5
5,2031,MANU,13233,5
5,2031,MING,138,5
5,2031,OFFI,10232,5
5,2031,OTHR,21055,5
5,2031,RETL,9361,5
5,2031,WSLE,4022,5
5,2032,AGRI,1772,5
5,2032,CONS,5401,5
5,2032,FOOD,4566,5
5,2032,GVED,15683,5
5,2032,HBJ,3168,5
5,2032,HLTH,9507,5
5,2032,MANU,13411,5
5,2032,MING,146,5
5,2032,OFFI,10279,5
5,2032,OTHR,21234,5
5,2032,RETL,9407,5
5,2032,WSLE,4016,5
5,2033,AGRI,1771,5
5,2033,CONS,5462,5
5,2033,FOOD,4549,5
5,2033,GVED,15755,5
5,2033,HBJ,3233,5
5,2033,HLTH,9638,5
5,2033,MANU,13567,5
5,2033,MING,153,5
5,2033,OFFI,10362,5
5,2033,OTHR,21431,5
5,2033,RETL,9444,5
5,2033,WSLE,4010,5
5,2034,AGRI,1772,5
5,2034,CONS,5546,5
5,2034,FOOD,4703,5
5,2034,GVED,15872,5
5,2034,HBJ,3317,5
5,2034,HLTH,9799,5
5,2034,MANU,13709,5
5,2034,MING,160,5
5,2034,OFFI,10515,5
5,2034,OTHR,21869,5
5,2034,RETL,9503,5
5,2034,WSLE,4007,5
5,2035,AGRI,1771,5
5,2035,CONS,5569,5
5,2035,FOOD,4503,5
5,2035,GVED,15910,5
5,2035,HBJ,3348,5
5,2035,HLTH,9845,5
5,2035,MANU,13838,5
5,2035,MING,162,5
5,2035,OFFI,10621,5
5,2035,OTHR,21514,5
5,2035,RETL,9452,5
5,2035,WSLE,3954,5
5,2036,AGRI,1768,5
5,2036,CONS,5605,5
5,2036,FOOD,4508,5
5,2036,GVED,16001,5
5,2036,HBJ,3406,5
5,2036,HLTH,9923,5
5,2036,MANU,14048,5
5,2036,MING,162,5
5,2036,OFFI,10731,5
5,2036,OTHR,21609,5
5,2036,RETL,9465,5
5,2036,WSLE,3922,5
5,2037,AGRI,1768,5
5,2037,CONS,5612,5
5,2037,FOOD,4522,5
5,2037,GVED,16105,5
5,2037,HBJ,3471,5
5,2037,HLTH,10009,5
5,2037,MANU,14258,5
5,2037,MING,161,5
5,2037,OFFI,10821,5
5,2037,OTHR,21757,5
5,2037,RETL,9512,5
5,2037,WSLE,3905,5
5,2038,AGRI,1766,5
5,2038,CONS,5610,5
5,2038,FOOD,4521,5
5,2038,GVED,16233,5
5,2038,HBJ,3545,5
5,2038,HLTH,10117,5
5,2038,MANU,14445,5
5,2038,MING,160,5
5,2038,OFFI,10915,5
5,2038,OTHR,21986,5
5,2038,RETL,9564,5
5,2038,WSLE,3903,5
5,2039,AGRI,1765,5
5,2039,CONS,5610,5
5,2039,FOOD,4529,5
5,2039,GVED,16382,5
5,2039,HBJ,3612,5
5,2039,HLTH,10223,5
5,2039,MANU,14621,5
5,2039,MING,160,5
5,2039,OFFI,11001,5
5,2039,OTHR,22215,5
5,2039,RETL,9635,5
5,2039,WSLE,3903,5
5,2040,AGRI,1763,5
5,2040,CONS,5606,5
5,2040,FOOD,4534,5
5,2040,GVED,16529,5
5,2040,HBJ,3685,5
5,2040,HLTH,10343,5
5,2040,MANU,14787,5
5,2040,MING,161,5
5,2040,OFFI,11083,5
5,2040,OTHR,22433,5
5,2040,RETL,9699,5
5,2040,WSLE,3905,5
5,2041,AGRI,1761,5
5,2041,CONS,5589,5
5,2041,FOOD,4546,5
5,2041,GVED,16673,5
5,2041,HBJ,3751,5
5,2041,HLTH,10444,5
5,2041,MANU,14938,5
5,2041,MING,162,5
5,2041,OFFI,11157,5
5,2041,OTHR,22623,5
5,2041,RETL,9772,5
5,2041,WSLE,3909,5
5,2042,AGRI,1758,5
5,2042,CONS,5582,5
5,2042,FOOD,4552,5
5,2042,GVED,16814,5
5,2042,HBJ,3826,5
5,2042,HLTH,10540,5
5,2042,MANU,15078,5
5,2042,MING,164,5
5,2042,OFFI,11277,5
5,2042,OTHR,22815,5
5,2042,RETL,9835,5
5,2042,WSLE,3919,5
5,2043,AGRI,1756,5
5,2043,CONS,5579,5
5,2043,FOOD,4565,5
5,2043,GVED,16974,5
5,2043,HBJ,3894,5
5,2043,HLTH,10632,5
5,2043,MANU,15199,5
5,2043,MING,165,5
5,2043,OFFI,11378,5
5,2043,OTHR,22991,5
5,2043,RETL,9902,5
5,2043,WSLE,3925,5
5,2044,AGRI,1752,5
5,2044,CONS,5571,5
5,2044,FOOD,4575,5
5,2044,GVED,17136,5
5,2044,HBJ,3972,5
5,2044,HLTH,10732,5
5,2044,MANU,15322,5
5,2044,MING,165,5
5,2044,OFFI,11500,5
5,2044,OTHR,23175,5
5,2044,RETL,9968,5
5,2044,WSLE,3936,5
5,2045,AGRI,1749,5
5,2045,CONS,5588,5
5,2045,FOOD,4587,5
5,2045,GVED,17308,5
5,2045,HBJ,4043,5
5,2045,HLTH,10839,5
5,2045,MANU,15473,5
5,2045,MING,165,5
5,2045,OFFI,11614,5
5,2045,OTHR,23343,5
5,2045,RETL,10043,5
5,2045,WSLE,3941,5
5,2046,AGRI,1747,5
5,2046,CONS,5635,5
5,2046,FOOD,4589,5
5,2046,GVED,17476,5
5,2046,HBJ,4123,5
5,2046,HLTH,10936,5
5,2046,MANU,15626,5
5,2046,MING,165,5
5,2046,OFFI,11768,5
5,2046,OTHR,23486,5
5,2046,RETL,10107,5
5,2046,WSLE,3949,5
5,2047,AGRI,1744,5
5,2047,CONS,5709,5
5,2047,FOOD,4593,5
5,2047,GVED,17646,5
5,2047,HBJ,4200,5
5,2047,HLTH,11028,5
5,2047,MANU,15777,5
5,2047,MING,167,5
5,2047,OFFI,11951,5
5,2047,OTHR,23622,5
5,2047,RETL,10186,5
5,2047,WSLE,3952,5
5,2048,AGRI,1740,5
5,2048,CONS,5805,5
5,2048,FOOD,4599,5
5,2048,GVED,17819,5
5,2048,HBJ,4279,5
5,2048,HLTH,11111,5
5,2048,MANU,15931,5
5,2048,MING,168,5
5,2048,OFFI,12145,5
5,2048,OTHR,23733,5
5,2048,RETL,10259,5
5,2048,WSLE,3957,5
5,2049,AGRI,1738,5
5,2049,CONS,5919,5
5,2049,FOOD,4605,5
5,2049,GVED,17987,5
5,2049,HBJ,4361,5
5,2049,HLTH,11193,5
5,2049,MANU,16092,5
5,2049,MING,170,5
5,2049,OFFI,12337,5
5,2049,OTHR,23833,5
5,2049,RETL,10331,5
5,2049,WSLE,3959,5
5,2050,AGRI,1734,5
5,2050,CONS,6037,5
5,2050,FOOD,4615,5
5,2050,GVED,18162,5
5,2050,HBJ,4444,5
5,2050,HLTH,11275,5
5,2050,MANU,16249,5
5,2050,MING,172,5
5,2050,OFFI,12508,5
5,2050,OTHR,23929,5
5,2050,RETL,10406,5
5,2050,WSLE,3961,5
5,2051,AGRI,1731,5
5,2051,CONS,6158,5
5,2051,FOOD,4617,5
5,2051,GVED,18317,5
5,2051,HBJ,4525,5
5,2051,HLTH,11348,5
5,2051,MANU,16418,5
5,2051,MING,174,5
5,2051,OFFI,12645,5
5,2051,OTHR,24004,5
5,2051,RETL,10469,5
5,2051,WSLE,3960,5
5,2052,AGRI,1725,5
5,2052,CONS,6277,5
5,2052,FOOD,4620,5
5,2052,GVED,18475,5
5,2052,HBJ,4603,5
5,2052,HLTH,11422,5
5,2052,MANU,16573,5
5,2052,MING,176,5
5,2052,OFFI,12754,5
5,2052,OTHR,24073,5
5,2052,RETL,10533,5
5,2052,WSLE,3958,5
5,2053,AGRI,1721,5
5,2053,CONS,6395,5
5,2053,FOOD,4621,5
5,2053,GVED,18637,5
5,2053,HBJ,4678,5
5,2053,HLTH,11502,5
5,2053,MANU,16701,5
5,2053,MING,177,5
5,2053,OFFI,12828,5
5,2053,OTHR,24153,5
5,2053,RETL,10589,5
5,2053,WSLE,3961,5
5,2054,AGRI,1718,5
5,2054,CONS,6515,5
5,2054,FOOD,4619,5
5,2054,GVED,18791,5
5,2054,HBJ,4748,5
5,2054,HLTH,11578,5
5,2054,MANU,16815,5
5,2054,MING,179,5
5,2054,OFFI,12898,5
5,2054,OTHR,24212,5
5,2054,RETL,10639,5
5,2054,WSLE,3959,5
5,2055,AGRI,1712,5
5,2055,CONS,6641,5
5,2055,FOOD,4617,5
5,2055,GVED,18938,5
5,2055,HBJ,4826,5
5,2055,HLTH,11648,5
5,2055,MANU,16914,5
5,2055,MING,179,5
5,2055,OFFI,12957,5
5,2055,OTHR,24274,5
5,2055,RETL,10690,5
5,2055,WSLE,3962,5
5,2056,AGRI,1706,5
5,2056,CONS,6722,5
5,2056,FOOD,4609,5
5,2056,GVED,19074,5
5,2056,HBJ,4894,5
5,2056,HLTH,11724,5
5,2056,MANU,16993,5
5,2056,MING,179,5
5,2056,OFFI,13010,5
5,2056,OTHR,24349,5
5,2056,RETL,10717,5
5,2056,WSLE,3966,5
5,2057,AGRI,1701,5
5,2057,CONS,6776,5
5,2057,FOOD,4598,5
5,2057,GVED,19201,5
5,2057,HBJ,4965,5
5,2057,HLTH,11785,5
5,2057,MANU,17082,5
5,2057,MING,175,5
5,2057,OFFI,13063,5
5,2057,OTHR,24412,5
5,2057,RETL,10734,5
5,2057,WSLE,3969,5
5,2058,AGRI,1697,5
5,2058,CONS,6816,5
5,2058,FOOD,4586,5
5,2058,GVED,19318,5
5,2058,HBJ,5030,5
5,2058,HLTH,11848,5
5,2058,MANU,17178,5
5,2058,MING,172,5
5,2058,OFFI,13120,5
5,2058,OTHR,24469,5
5,2058,RETL,10750,5
5,2058,WSLE,3968,5
5,2059,AGRI,1690,5
5,2059,CONS,6851,5
5,2059,FOOD,4576,5
5,2059,GVED,19430,5
5,2059,HBJ,5095,5
5,2059,HLTH,11906,5
5,2059,MANU,17275,5
5,2059,MING,171,5
5,2059,OFFI,13174,5
5,2059,OTHR,24523,5
5,2059,RETL,10767,5
5,2059,WSLE,3970,5
5,2060,AGRI,1685,5
5,2060,CONS,6885,5
5,2060,FOOD,4565,5
5,2060,GVED,19544,5
5,2060,HBJ,5164,5
5,2060,HLTH,11973,5
5,2060,MANU,17369,5
5,2060,MING,169,5
5,2060,OFFI,13226,5
5,2060,OTHR,24578,5
5,2060,RETL,10786,5
5,2060,WSLE,3973,5
5,2061,AGRI,1679,5
5,2061,CONS,6916,5
5,2061,FOOD,4555,5
5,2061,GVED,19643,5
5,2061,HBJ,5232,5
5,2061,HLTH,12039,5
5,2061,MANU,17465,5
5,2061,MING,168,5
5,2061,OFFI,13277,5
5,2061,OTHR,24636,5
5,2061,RETL,10808,5
5,2061,WSLE,3974,5
5,2062,AGRI,1675,5
5,2062,CONS,6947,5
5,2062,FOOD,4544,5
5,2062,GVED,19751,5
5,2062,HBJ,5299,5
5,2062,HLTH,12108,5
5,2062,MANU,17565,5
5,2062,MING,166,5
5,2062,OFFI,13327,5
5,2062,OTHR,24692,5
5,2062,RETL,10831,5
5,2062,WSLE,3975,5
5,2063,AGRI,1671,5
5,2063,CONS,6975,5
5,2063,FOOD,4535,5
5,2063,GVED,19856,5
5,2063,HBJ,5367,5
5,2063,HLTH,12175,5
5,2063,MANU,17668,5
5,2063,MING,165,5
5,2063,OFFI,13373,5
5,2063,OTHR,24753,5
5,2063,RETL,10856,5
5,2063,WSLE,3977,5
5,2064,AGRI,1666,5
5,2064,CONS,7001,5
5,2064,FOOD,4526,5
5,2064,GVED,19959,5
5,2064,HBJ,5437,5
5,2064,HLTH,12243,5
5,2064,MANU,17772,5
5,2064,MING,164,5
5,2064,OFFI,13418,5
5,2064,OTHR,24811,5
5,2064,RETL,10883,5
5,2064,WSLE,3978,5
5,2065,AGRI,1662,5
5,2065,CONS,7024,5
5,2065,FOOD,4518,5
5,2065,GVED,20063,5
5,2065,HBJ,5506,5
5,2065,HLTH,12312,5
5,2065,MANU,17876,5
5,2065,MING,164,5
5,2065,OFFI,13462,5
5,2065,OTHR,24871,5
5,2065,RETL,10910,5
5,2065,WSLE,3979,5
7,2023,AGRI,419,7
7,2023,CONS,504,7
7,2023,FOOD,784,7
7,2023,GVED,2344,7
7,2023,HBJ,486,7
7,2023,HLTH,1218,7
7,2023,MANU,523,7
7,2023,MING,635,7
7,2023,OFFI,392,7
7,2023,OTHR,2324,7
7,2023,RETL,1280,7
7,2023,WSLE,898,7
7,2024,AGRI,421,7
7,2024,CONS,509,7
7,2024,FOOD,766,7
7,2024,GVED,2370,7
7,2024,HBJ,486,7
7,2024,HLTH,1224,7
7,2024,MANU,675,7
7,2024,MING,548,7
7,2024,OFFI,445,7
7,2024,OTHR,2472,7
7,2024,RETL,1246,7
7,2024,WSLE,922,7
7,2025,AGRI,419,7
7,2025,CONS,504,7
7,2025,FOOD,760,7
7,2025,GVED,2375,7
7,2025,HBJ,522,7
7,2025,HLTH,1254,7
7,2025,MANU,685,7
7,2025,MING,536,7
7,2025,OFFI,446,7
7,2025,OTHR,2493,7
7,2025,RETL,1231,7
7,2025,WSLE,933,7
7,2026,AGRI,419,7
7,2026,CONS,557,7
7,2026,FOOD,761,7
7,2026,GVED,2366,7
7,2026,HBJ,527,7
7,2026,HLTH,1272,7
7,2026,MANU,693,7
7,2026,MING,543,7
7,2026,OFFI,442,7
7,2026,OTHR,2511,7
7,2026,RETL,1210,7
7,2026,WSLE,936,7
7,2027,AGRI,417,7
7,2027,CONS,611,7
7,2027,FOOD,763,7
7,2027,GVED,2365,7
7,2027,HBJ,535,7
7,2027,HLTH,1286,7
7,2027,MANU,701,7
7,2027,MING,545,7
7,2027,OFFI,438,7
7,2027,OTHR,2537,7
7,2027,RETL,1203,7
7,2027,WSLE,941,7
7,2028,AGRI,416,7
7,2028,CONS,609,7
7,2028,FOOD,757,7
7,2028,GVED,2372,7
7,2028,HBJ,537,7
7,2028,HLTH,1287,7
7,2028,MANU,706,7
7,2028,MING,516,7
7,2028,OFFI,437,7
7,2028,OTHR,2570,7
7,2028,RETL,1186,7
7,2028,WSLE,938,7
7,2029,AGRI,414,7
7,2029,CONS,557,7
7,2029,FOOD,744,7
7,2029,GVED,2365,7
7,2029,HBJ,539,7
7,2029,HLTH,1286,7
7,2029,MANU,713,7
7,2029,MING,480,7
7,2029,OFFI,440,7
7,2029,OTHR,2604,7
7,2029,RETL,1173,7
7,2029,WSLE,940,7
7,2030,AGRI,412,7
7,2030,CONS,506,7
7,2030,FOOD,729,7
7,2030,GVED,2351,7
7,2030,HBJ,543,7
7,2030,HLTH,1287,7
7,2030,MANU,723,7
7,2030,MING,466,7
7,2030,OFFI,443,7
7,2030,OTHR,2631,7
7,2030,RETL,1168,7
7,2030,WSLE,938,7
7,2031,AGRI,411,7
7,2031,CONS,505,7
7,2031,FOOD,713,7
7,2031,GVED,2340,7
7,2031,HBJ,549,7
7,2031,HLTH,1291,7
7,2031,MANU,736,7
7,2031,MING,464,7
7,2031,OFFI,443,7
7,2031,OTHR,2652,7
7,2031,RETL,1169,7
7,2031,WSLE,937,7
7,2032,AGRI,409,7
7,2032,CONS,506,7
7,2032,FOOD,703,7
7,2032,GVED,2338,7
7,2032,HBJ,557,7
7,2032,HLTH,1297,7
7,2032,MANU,746,7
7,2032,MING,482,7
7,2032,OFFI,444,7
7,2032,OTHR,2678,7
7,2032,RETL,1170,7
7,2032,WSLE,934,7
7,2033,AGRI,411,7
7,2033,CONS,508,7
7,2033,FOOD,696,7
7,2033,GVED,2341,7
7,2033,HBJ,566,7
7,2033,HLTH,1298,7
7,2033,MANU,755,7
7,2033,MING,500,7
7,2033,OFFI,445,7
7,2033,OTHR,2699,7
7,2033,RETL,1167,7
7,2033,WSLE,927,7
7,2034,AGRI,412,7
7,2034,CONS,512,7
7,2034,FOOD,695,7
7,2034,GVED,2349,7
7,2034,HBJ,577,7
7,2034,HLTH,1306,7
7,2034,MANU,763,7
7,2034,MING,516,7
7,2034,OFFI,450,7
7,2034,OTHR,2739,7
7,2034,RETL,1169,7
7,2034,WSLE,922,7
7,2035,AGRI,412,7
7,2035,CONS,514,7
7,2035,FOOD,683,7
7,2035,GVED,2354,7
7,2035,HBJ,581,7
7,2035,HLTH,1303,7
7,2035,MANU,772,7
7,2035,MING,522,7
7,2035,OFFI,453,7
7,2035,OTHR,2719,7
7,2035,RETL,1165,7
7,2035,WSLE,910,7
7,2036,AGRI,413,7
7,2036,CONS,515,7
7,2036,FOOD,682,7
7,2036,GVED,2362,7
7,2036,HBJ,591,7
7,2036,HLTH,1304,7
7,2036,MANU,786,7
7,2036,MING,517,7
7,2036,OFFI,458,7
7,2036,OTHR,2741,7
7,2036,RETL,1164,7
7,2036,WSLE,900,7
7,2037,AGRI,412,7
7,2037,CONS,519,7
7,2037,FOOD,685,7
7,2037,GVED,2376,7
7,2037,HBJ,600,7
7,2037,HLTH,1309,7
7,2037,MANU,798,7
7,2037,MING,512,7
7,2037,OFFI,461,7
7,2037,OTHR,2768,7
7,2037,RETL,1168,7
7,2037,WSLE,895,7
7,2038,AGRI,413,7
7,2038,CONS,523,7
7,2038,FOOD,684,7
7,2038,GVED,2392,7
7,2038,HBJ,609,7
7,2038,HLTH,1316,7
7,2038,MANU,810,7
7,2038,MING,511,7
7,2038,OFFI,465,7
7,2038,OTHR,2806,7
7,2038,RETL,1173,7
7,2038,WSLE,892,7
7,2039,AGRI,413,7
7,2039,CONS,526,7
7,2039,FOOD,686,7
7,2039,GVED,2414,7
7,2039,HBJ,619,7
7,2039,HLTH,1323,7
7,2039,MANU,821,7
7,2039,MING,510,7
7,2039,OFFI,468,7
7,2039,OTHR,2840,7
7,2039,RETL,1180,7
7,2039,WSLE,890,7
7,2040,AGRI,413,7
7,2040,CONS,530,7
7,2040,FOOD,686,7
7,2040,GVED,2435,7
7,2040,HBJ,634,7
7,2040,HLTH,1331,7
7,2040,MANU,832,7
7,2040,MING,511,7
7,2040,OFFI,472,7
7,2040,OTHR,2872,7
7,2040,RETL,1186,7
7,2040,WSLE,888,7
7,2041,AGRI,412,7
7,2041,CONS,533,7
7,2041,FOOD,686,7
7,2041,GVED,2458,7
7,2041,HBJ,643,7
7,2041,HLTH,1339,7
7,2041,MANU,841,7
7,2041,MING,513,7
7,2041,OFFI,473,7
7,2041,OTHR,2897,7
7,2041,RETL,1193,7
7,2041,WSLE,887,7
7,2042,AGRI,413,7
7,2042,CONS,539,7
7,2042,FOOD,686,7
7,2042,GVED,2489,7
7,2042,HBJ,655,7
7,2042,HLTH,1349,7
7,2042,MANU,851,7
7,2042,MING,517,7
7,2042,OFFI,477,7
7,2042,OTHR,2924,7
7,2042,RETL,1202,7
7,2042,WSLE,885,7
7,2043,AGRI,413,7
7,2043,CONS,542,7
7,2043,FOOD,686,7
7,2043,GVED,2522,7
7,2043,HBJ,668,7
7,2043,HLTH,1357,7
7,2043,MANU,859,7
7,2043,MING,522,7
7,2043,OFFI,482,7
7,2043,OTHR,2950,7
7,2043,RETL,1210,7
7,2043,WSLE,885,7
7,2044,AGRI,412,7
7,2044,CONS,547,7
7,2044,FOOD,687,7
7,2044,GVED,2554,7
7,2044,HBJ,680,7
7,2044,HLTH,1368,7
7,2044,MANU,867,7
7,2044,MING,521,7
7,2044,OFFI,486,7
7,2044,OTHR,2979,7
7,2044,RETL,1219,7
7,2044,WSLE,885,7
7,2045,AGRI,412,7
7,2045,CONS,551,7
7,2045,FOOD,688,7
7,2045,GVED,2586,7
7,2045,HBJ,693,7
7,2045,HLTH,1382,7
7,2045,MANU,877,7
7,2045,MING,521,7
7,2045,OFFI,489,7
7,2045,OTHR,3004,7
7,2045,RETL,1229,7
7,2045,WSLE,885,7
7,2046,AGRI,412,7
7,2046,CONS,558,7
7,2046,FOOD,690,7
7,2046,GVED,2620,7
7,2046,HBJ,706,7
7,2046,HLTH,1398,7
7,2046,MANU,888,7
7,2046,MING,521,7
7,2046,OFFI,497,7
7,2046,OTHR,3029,7
7,2046,RETL,1241,7
7,2046,WSLE,885,7
7,2047,AGRI,413,7
7,2047,CONS,564,7
7,2047,FOOD,691,7
7,2047,GVED,2654,7
7,2047,HBJ,718,7
7,2047,HLTH,1415,7
7,2047,MANU,898,7
7,2047,MING,527,7
7,2047,OFFI,503,7
7,2047,OTHR,3052,7
7,2047,RETL,1254,7
7,2047,WSLE,884,7
7,2048,AGRI,412,7
7,2048,CONS,571,7
7,2048,FOOD,693,7
7,2048,GVED,2690,7
7,2048,HBJ,731,7
7,2048,HLTH,1430,7
7,2048,MANU,909,7
7,2048,MING,535,7
7,2048,OFFI,510,7
7,2048,OTHR,3070,7
7,2048,RETL,1267,7
7,2048,WSLE,885,7
7,2049,AGRI,412,7
7,2049,CONS,578,7
7,2049,FOOD,695,7
7,2049,GVED,2724,7
7,2049,HBJ,747,7
7,2049,HLTH,1446,7
7,2049,MANU,920,7
7,2049,MING,544,7
7,2049,OFFI,517,7
7,2049,OTHR,3089,7
7,2049,RETL,1281,7
7,2049,WSLE,886,7
7,2050,AGRI,411,7
7,2050,CONS,585,7
7,2050,FOOD,698,7
7,2050,GVED,2757,7
7,2050,HBJ,759,7
7,2050,HLTH,1461,7
7,2050,MANU,932,7
7,2050,MING,552,7
7,2050,OFFI,524,7
7,2050,OTHR,3110,7
7,2050,RETL,1295,7
7,2050,WSLE,886,7
7,2051,AGRI,412,7
7,2051,CONS,591,7
7,2051,FOOD,700,7
7,2051,GVED,2784,7
7,2051,HBJ,774,7
7,2051,HLTH,1475,7
7,2051,MANU,943,7
7,2051,MING,562,7
7,2051,OFFI,530,7
7,2051,OTHR,3127,7
7,2051,RETL,1308,7
7,2051,WSLE,886,7
7,2052,AGRI,412,7
7,2052,CONS,598,7
7,2052,FOOD,702,7
7,2052,GVED,2812,7
7,2052,HBJ,788,7
7,2052,HLTH,1488,7
7,2052,MANU,954,7
7,2052,MING,570,7
7,2052,OFFI,535,7
7,2052,OTHR,3143,7
7,2052,RETL,1322,7
7,2052,WSLE,886,7
7,2053,AGRI,410,7
7,2053,CONS,603,7
7,2053,FOOD,705,7
7,2053,GVED,2839,7
7,2053,HBJ,800,7
7,2053,HLTH,1500,7
7,2053,MANU,963,7
7,2053,MING,580,7
7,2053,OFFI,539,7
7,2053,OTHR,3160,7
7,2053,RETL,1334,7
7,2053,WSLE,887,7
7,2054,AGRI,410,7
7,2054,CONS,608,7
7,2054,FOOD,705,7
7,2054,GVED,2861,7
7,2054,HBJ,815,7
7,2054,HLTH,1512,7
7,2054,MANU,973,7
7,2054,MING,588,7
7,2054,OFFI,542,7
7,2054,OTHR,3176,7
7,2054,RETL,1347,7
7,2054,WSLE,887,7
7,2055,AGRI,410,7
7,2055,CONS,613,7
7,2055,FOOD,707,7
7,2055,GVED,2881,7
7,2055,HBJ,827,7
7,2055,HLTH,1522,7
7,2055,MANU,980,7
7,2055,MING,594,7
7,2055,OFFI,545,7
7,2055,OTHR,3193,7
7,2055,RETL,1357,7
7,2055,WSLE,888,7
7,2056,AGRI,408,7
7,2056,CONS,616,7
7,2056,FOOD,708,7
7,2056,GVED,2894,7
7,2056,HBJ,839,7
7,2056,HLTH,1534,7
7,2056,MANU,986,7
7,2056,MING,595,7
7,2056,OFFI,547,7
7,2056,OTHR,3210,7
7,2056,RETL,1366,7
7,2056,WSLE,889,7
7,2057,AGRI,408,7
7,2057,CONS,619,7
7,2057,FOOD,708,7
7,2057,GVED,2907,7
7,2057,HBJ,850,7
7,2057,HLTH,1542,7
7,2057,MANU,994,7
7,2057,MING,588,7
7,2057,OFFI,549,7
7,2057,OTHR,3226,7
7,2057,RETL,1372,7
7,2057,WSLE,892,7
7,2058,AGRI,408,7
7,2058,CONS,621,7
7,2058,FOOD,708,7
7,2058,GVED,2919,7
7,2058,HBJ,861,7
7,2058,HLTH,1547,7
7,2058,MANU,1002,7
7,2058,MING,582,7
7,2058,OFFI,552,7
7,2058,OTHR,3242,7
7,2058,RETL,1377,7
7,2058,WSLE,892,7
7,2059,AGRI,406,7
7,2059,CONS,623,7
7,2059,FOOD,707,7
7,2059,GVED,2927,7
7,2059,HBJ,868,7
7,2059,HLTH,1549,7
7,2059,MANU,1010,7
7,2059,MING,579,7
7,2059,OFFI,555,7
7,2059,OTHR,3258,7
7,2059,RETL,1382,7
7,2059,WSLE,893,7
7,2060,AGRI,406,7
7,2060,CONS,624,7
7,2060,FOOD,707,7
7,2060,GVED,2940,7
7,2060,HBJ,880,7
7,2060,HLTH,1550,7
7,2060,MANU,1017,7
7,2060,MING,580,7
7,2060,OFFI,558,7
7,2060,OTHR,3269,7
7,2060,RETL,1385,7
7,2060,WSLE,893,7
7,2061,AGRI,406,7
7,2061,CONS,626,7
7,2061,FOOD,706,7
7,2061,GVED,2948,7
7,2061,HBJ,892,7
7,2061,HLTH,1550,7
7,2061,MANU,1023,7
7,2061,MING,581,7
7,2061,OFFI,562,7
7,2061,OTHR,3282,7
7,2061,RETL,1387,7
7,2061,WSLE,894,7
7,2062,AGRI,406,7
7,2062,CONS,629,7
7,2062,FOOD,705,7
7,2062,GVED,2958,7
7,2062,HBJ,900,7
7,2062,HLTH,1552,7
7,2062,MANU,1031,7
7,2062,MING,583,7
7,2062,OFFI,564,7
7,2062,OTHR,3297,7
7,2062,RETL,1390,7
7,2062,WSLE,895,7
7,2063,AGRI,405,7
7,2063,CONS,631,7
7,2063,FOOD,704,7
7,2063,GVED,2968,7
7,2063,HBJ,912,7
7,2063,HLTH,1552,7
7,2063,MANU,1039,7
7,2063,MING,583,7
7,2063,OFFI,566,7
7,2063,OTHR,3312,7
7,2063,RETL,1393,7
7,2063,WSLE,895,7
7,2064,AGRI,405,7
7,2064,CONS,633,7
7,2064,FOOD,704,7
7,2064,GVED,2980,7
7,2064,HBJ,921,7
7,2064,HLTH,1554,7
7,2064,MANU,1046,7
7,2064,MING,584,7
7,2064,OFFI,569,7
7,2064,OTHR,3328,7
7,2064,RETL,1395,7
7,2064,WSLE,896,7
7,2065,AGRI,405,7
7,2065,CONS,636,7
7,2065,FOOD,703,7
7,2065,GVED,2991,7
7,2065,HBJ,932,7
7,2065,HLTH,1554,7
7,2065,MANU,1054,7
7,2065,MING,584,7
7,2065,OFFI,570,7
7,2065,OTHR,3342,7
7,2065,RETL,1398,7
7,2065,WSLE,896,7
9,2023,AGRI,66,9
9,2023,CONS,14,9
9,2023,FOOD,115,9
9,2023,GVED,172,9
9,2023,HBJ,25,9
9,2023,HLTH,7,9
9,2023,MANU,15,9
9,2023,MING,2,9
9,2023,OFFI,28,9
9,2023,OTHR,94,9
9,2023,RETL,66,9
9,2023,WSLE,41,9
9,2024,AGRI,66,9
9,2024,CONS,13,9
9,2024,FOOD,116,9
9,2024,GVED,182,9
9,2024,HBJ,26,9
9,2024,HLTH,6,9
9,2024,MANU,15,9
9,2024,MING,15,9
9,2024,OFFI,29,9
9,2024,OTHR,104,9
9,2024,RETL,68,9
9,2024,WSLE,30,9
9,2025,AGRI,65,9
9,2025,CONS,13,9
9,2025,FOOD,115,9
9,2025,GVED,185,9
9,2025,HBJ,27,9
9,2025,HLTH,7,9
9,2025,MANU,14,9
9,2025,MING,14,9
9,2025,OFFI,28,9
9,2025,OTHR,104,9
9,2025,RETL,68,9
9,2025,WSLE,30,9
9,2026,AGRI,65,9
9,2026,CONS,12,9
9,2026,FOOD,117,9
9,2026,GVED,183,9
9,2026,HBJ,27,9
9,2026,HLTH,7,9
9,2026,MANU,14,9
9,2026,MING,14,9
9,2026,OFFI,29,9
9,2026,OTHR,105,9
9,2026,RETL,70,9
9,2026,WSLE,30,9
9,2027,AGRI,65,9
9,2027,CONS,12,9
9,2027,FOOD,118,9
9,2027,GVED,182,9
9,2027,HBJ,27,9
9,2027,HLTH,7,9
9,2027,MANU,15,9
9,2027,MING,14,9
9,2027,OFFI,29,9
9,2027,OTHR,108,9
9,2027,RETL,71,9
9,2027,WSLE,30,9
9,2028,AGRI,65,9
9,2028,CONS,13,9
9,2028,FOOD,118,9
9,2028,GVED,182,9
9,2028,HBJ,27,9
9,2028,HLTH,6,9
9,2028,MANU,15,9
9,2028,MING,14,9
9,2028,OFFI,29,9
9,2028,OTHR,111,9
9,2028,RETL,72,9
9,2028,WSLE,30,9
9,2029,AGRI,65,9
9,2029,CONS,13,9
9,2029,FOOD,117,9
9,2029,GVED,182,9
9,2029,HBJ,28,9
9,2029,HLTH,7,9
9,2029,MANU,15,9
9,2029,MING,13,9
9,2029,OFFI,29,9
9,2029,OTHR,114,9
9,2029,RETL,71,9
9,2029,WSLE,31,9
9,2030,AGRI,64,9
9,2030,CONS,13,9
9,2030,FOOD,115,9
9,2030,GVED,183,9
9,2030,HBJ,29,9
9,2030,HLTH,7,9
9,2030,MANU,15,9
9,2030,MING,12,9
9,2030,OFFI,30,9
9,2030,OTHR,117,9
9,2030,RETL,72,9
9,2030,WSLE,30,9
9,2031,AGRI,64,9
9,2031,CONS,14,9
9,2031,FOOD,113,9
9,2031,GVED,182,9
9,2031,HBJ,30,9
9,2031,HLTH,7,9
9,2031,MANU,15,9
9,2031,MING,12,9
9,2031,OFFI,30,9
9,2031,OTHR,117,9
9,2031,RETL,73,9
9,2031,WSLE,30,9
9,2032,AGRI,64,9
9,2032,CONS,14,9
9,2032,FOOD,112,9
9,2032,GVED,182,9
9,2032,HBJ,31,9
9,2032,HLTH,8,9
9,2032,MANU,15,9
9,2032,MING,13,9
9,2032,OFFI,30,9
9,2032,OTHR,120,9
9,2032,RETL,74,9
9,2032,WSLE,30,9
9,2033,AGRI,64,9
9,2033,CONS,14,9
9,2033,FOOD,111,9
9,2033,GVED,182,9
9,2033,HBJ,31,9
9,2033,HLTH,8,9
9,2033,MANU,15,9
9,2033,MING,14,9
9,2033,OFFI,30,9
9,2033,OTHR,122,9
9,2033,RETL,76,9
9,2033,WSLE,30,9
9,2034,AGRI,64,9
9,2034,CONS,15,9
9,2034,FOOD,111,9
9,2034,GVED,182,9
9,2034,HBJ,31,9
9,2034,HLTH,8,9
9,2034,MANU,15,9
9,2034,MING,14,9
9,2034,OFFI,30,9
9,2034,OTHR,124,9
9,2034,RETL,76,9
9,2034,WSLE,30,9
9,2035,AGRI,63,9
9,2035,CONS,15,9
9,2035,FOOD,109,9
9,2035,GVED,181,9
9,2035,HBJ,31,9
9,2035,HLTH,8,9
9,2035,MANU,15,9
9,2035,MING,14,9
9,2035,OFFI,30,9
9,2035,OTHR,123,9
9,2035,RETL,77,9
9,2035,WSLE,29,9
9,2036,AGRI,63,9
9,2036,CONS,15,9
9,2036,FOOD,109,9
9,2036,GVED,180,9
9,2036,HBJ,32,9
9,2036,HLTH,9,9
9,2036,MANU,16,9
9,2036,MING,14,9
9,2036,OFFI,30,9
9,2036,OTHR,124,9
9,2036,RETL,76,9
9,2036,WSLE,30,9
9,2037,AGRI,63,9
9,2037,CONS,15,9
9,2037,FOOD,109,9
9,2037,GVED,180,9
9,2037,HBJ,33,9
9,2037,HLTH,9,9
9,2037,MANU,16,9
9,2037,MING,14,9
9,2037,OFFI,30,9
9,2037,OTHR,125,9
9,2037,RETL,76,9
9,2037,WSLE,29,9
9,2038,AGRI,63,9
9,2038,CONS,14,9
9,2038,FOOD,108,9
9,2038,GVED,180,9
9,2038,HBJ,33,9
9,2038,HLTH,9,9
9,2038,MANU,16,9
9,2038,MING,14,9
9,2038,OFFI,31,9
9,2038,OTHR,127,9
9,2038,RETL,76,9
9,2038,WSLE,29,9
9,2039,AGRI,63,9
9,2039,CONS,14,9
9,2039,FOOD,108,9
9,2039,GVED,180,9
9,2039,HBJ,33,9
9,2039,HLTH,9,9
9,2039,MANU,16,9
9,2039,MING,14,9
9,2039,OFFI,31,9
9,2039,OTHR,130,9
9,2039,RETL,76,9
9,2039,WSLE,29,9
9,2040,AGRI,63,9
9,2040,CONS,14,9
9,2040,FOOD,107,9
9,2040,GVED,180,9
9,2040,HBJ,34,9
9,2040,HLTH,10,9
9,2040,MANU,16,9
9,2040,MING,14,9
9,2040,OFFI,31,9
9,2040,OTHR,130,9
9,2040,RETL,76,9
9,2040,WSLE,29,9
9,2041,AGRI,63,9
9,2041,CONS,13,9
9,2041,FOOD,107,9
9,2041,GVED,181,9
9,2041,HBJ,34,9
9,2041,HLTH,10,9
9,2041,MANU,17,9
9,2041,MING,14,9
9,2041,OFFI,32,9
9,2041,OTHR,130,9
9,2041,RETL,75,9
9,2041,WSLE,29,9
9,2042,AGRI,63,9
9,2042,CONS,12,9
9,2042,FOOD,107,9
9,2042,GVED,181,9
9,2042,HBJ,35,9
9,2042,HLTH,10,9
9,2042,MANU,17,9
9,2042,MING,14,9
9,2042,OFFI,32,9
9,2042,OTHR,132,9
9,2042,RETL,75,9
9,2042,WSLE,29,9
9,2043,AGRI,62,9
9,2043,CONS,12,9
9,2043,FOOD,106,9
9,2043,GVED,181,9
9,2043,HBJ,35,9
9,2043,HLTH,10,9
9,2043,MANU,17,9
9,2043,MING,14,9
9,2043,OFFI,32,9
9,2043,OTHR,134,9
9,2043,RETL,75,9
9,2043,WSLE,28,9
9,2044,AGRI,62,9
9,2044,CONS,12,9
9,2044,FOOD,106,9
9,2044,GVED,182,9
9,2044,HBJ,35,9
9,2044,HLTH,11,9
9,2044,MANU,17,9
9,2044,MING,14,9
9,2044,OFFI,32,9
9,2044,OTHR,136,9
9,2044,RETL,76,9
9,2044,WSLE,28,9
9,2045,AGRI,62,9
9,2045,CONS,12,9
9,2045,FOOD,105,9
9,2045,GVED,184,9
9,2045,HBJ,35,9
9,2045,HLTH,11,9
9,2045,MANU,17,9
9,2045,MING,14,9
9,2045,OFFI,32,9
9,2045,OTHR,136,9
9,2045,RETL,76,9
9,2045,WSLE,28,9
9,2046,AGRI,62,9
9,2046,CONS,12,9
9,2046,FOOD,105,9
9,2046,GVED,184,9
9,2046,HBJ,36,9
9,2046,HLTH,11,9
9,2046,MANU,18,9
9,2046,MING,14,9
9,2046,OFFI,32,9
9,2046,OTHR,136,9
9,2046,RETL,76,9
9,2046,WSLE,28,9
9,2047,AGRI,62,9
9,2047,CONS,12,9
9,2047,FOOD,104,9
9,2047,GVED,185,9
9,2047,HBJ,37,9
9,2047,HLTH,11,9
9,2047,MANU,18,9
9,2047,MING,14,9
9,2047,OFFI,32,9
9,2047,OTHR,137,9
9,2047,RETL,76,9
9,2047,WSLE,28,9
9,2048,AGRI,61,9
9,2048,CONS,12,9
9,2048,FOOD,104,9
9,2048,GVED,186,9
9,2048,HBJ,37,9
9,2048,HLTH,12,9
9,2048,MANU,18,9
9,2048,MING,15,9
9,2048,OFFI,33,9
9,2048,OTHR,139,9
9,2048,RETL,77,9
9,2048,WSLE,28,9
9,2049,AGRI,61,9
9,2049,CONS,12,9
9,2049,FOOD,104,9
9,2049,GVED,186,9
9,2049,HBJ,37,9
9,2049,HLTH,12,9
9,2049,MANU,18,9
9,2049,MING,15,9
9,2049,OFFI,34,9
9,2049,OTHR,139,9
9,2049,RETL,77,9
9,2049,WSLE,28,9
9,2050,AGRI,61,9
9,2050,CONS,12,9
9,2050,FOOD,103,9
9,2050,GVED,187,9
9,2050,HBJ,38,9
9,2050,HLTH,12,9
9,2050,MANU,18,9
9,2050,MING,15,9
9,2050,OFFI,34,9
9,2050,OTHR,142,9
9,2050,RETL,78,9
9,2050,WSLE,28,9
9,2051,AGRI,61,9
9,2051,CONS,12,9
9,2051,FOOD,103,9
9,2051,GVED,186,9
9,2051,HBJ,40,9
9,2051,HLTH,13,9
9,2051,MANU,19,9
9,2051,MING,15,9
9,2051,OFFI,33,9
9,2051,OTHR,142,9
9,2051,RETL,78,9
9,2051,WSLE,28,9
9,2052,AGRI,60,9
9,2052,CONS,12,9
9,2052,FOOD,101,9
9,2052,GVED,187,9
9,2052,HBJ,40,9
9,2052,HLTH,13,9
9,2052,MANU,19,9
9,2052,MING,15,9
9,2052,OFFI,34,9
9,2052,OTHR,142,9
9,2052,RETL,79,9
9,2052,WSLE,27,9
9,2053,AGRI,60,9
9,2053,CONS,12,9
9,2053,FOOD,101,9
9,2053,GVED,186,9
9,2053,HBJ,40,9
9,2053,HLTH,13,9
9,2053,MANU,19,9
9,2053,MING,16,9
9,2053,OFFI,34,9
9,2053,OTHR,144,9
9,2053,RETL,79,9
9,2053,WSLE,27,9
9,2054,AGRI,60,9
9,2054,CONS,12,9
9,2054,FOOD,100,9
9,2054,GVED,188,9
9,2054,HBJ,40,9
9,2054,HLTH,14,9
9,2054,MANU,19,9
9,2054,MING,16,9
9,2054,OFFI,34,9
9,2054,OTHR,146,9
9,2054,RETL,78,9
9,2054,WSLE,27,9
9,2055,AGRI,60,9
9,2055,CONS,13,9
9,2055,FOOD,100,9
9,2055,GVED,187,9
9,2055,HBJ,40,9
9,2055,HLTH,14,9
9,2055,MANU,19,9
9,2055,MING,16,9
9,2055,OFFI,35,9
9,2055,OTHR,147,9
9,2055,RETL,80,9
9,2055,WSLE,27,9
9,2056,AGRI,60,9
9,2056,CONS,13,9
9,2056,FOOD,99,9
9,2056,GVED,186,9
9,2056,HBJ,41,9
9,2056,HLTH,14,9
9,2056,MANU,19,9
9,2056,MING,16,9
9,2056,OFFI,35,9
9,2056,OTHR,147,9
9,2056,RETL,79,9
9,2056,WSLE,27,9
9,2057,AGRI,59,9
9,2057,CONS,13,9
9,2057,FOOD,98,9
9,2057,GVED,185,9
9,2057,HBJ,42,9
9,2057,HLTH,15,9
9,2057,MANU,20,9
9,2057,MING,16,9
9,2057,OFFI,35,9
9,2057,OTHR,149,9
9,2057,RETL,79,9
9,2057,WSLE,27,9
9,2058,AGRI,59,9
9,2058,CONS,13,9
9,2058,FOOD,98,9
9,2058,GVED,184,9
9,2058,HBJ,41,9
9,2058,HLTH,15,9
9,2058,MANU,20,9
9,2058,MING,15,9
9,2058,OFFI,35,9
9,2058,OTHR,149,9
9,2058,RETL,79,9
9,2058,WSLE,27,9
9,2059,AGRI,58,9
9,2059,CONS,13,9
9,2059,FOOD,97,9
9,2059,GVED,184,9
9,2059,HBJ,43,9
9,2059,HLTH,15,9
9,2059,MANU,20,9
9,2059,MING,15,9
9,2059,OFFI,35,9
9,2059,OTHR,151,9
9,2059,RETL,78,9
9,2059,WSLE,27,9
9,2060,AGRI,58,9
9,2060,CONS,13,9
9,2060,FOOD,96,9
9,2060,GVED,184,9
9,2060,HBJ,42,9
9,2060,HLTH,16,9
9,2060,MANU,20,9
9,2060,MING,15,9
9,2060,OFFI,36,9
9,2060,OTHR,153,9
9,2060,RETL,78,9
9,2060,WSLE,27,9
9,2061,AGRI,58,9
9,2061,CONS,12,9
9,2061,FOOD,96,9
9,2061,GVED,183,9
9,2061,HBJ,44,9
9,2061,HLTH,17,9
9,2061,MANU,20,9
9,2061,MING,15,9
9,2061,OFFI,36,9
9,2061,OTHR,153,9
9,2061,RETL,77,9
9,2061,WSLE,27,9
9,2062,AGRI,58,9
9,2062,CONS,12,9
9,2062,FOOD,95,9
9,2062,GVED,182,9
9,2062,HBJ,44,9
9,2062,HLTH,17,9
9,2062,MANU,20,9
9,2062,MING,15,9
9,2062,OFFI,37,9
9,2062,OTHR,154,9
9,2062,RETL,78,9
9,2062,WSLE,27,9
9,2063,AGRI,58,9
9,2063,CONS,12,9
9,2063,FOOD,95,9
9,2063,GVED,181,9
9,2063,HBJ,45,9
9,2063,HLTH,18,9
9,2063,MANU,21,9
9,2063,MING,15,9
9,2063,OFFI,37,9
9,2063,OTHR,156,9
9,2063,RETL,78,9
9,2063,WSLE,27,9
9,2064,AGRI,57,9
9,2064,CONS,12,9
9,2064,FOOD,94,9
9,2064,GVED,181,9
9,2064,HBJ,45,9
9,2064,HLTH,18,9
9,2064,MANU,21,9
9,2064,MING,15,9
9,2064,OFFI,37,9
9,2064,OTHR,157,9
9,2064,RETL,78,9
9,2064,WSLE,27,9
9,2065,AGRI,57,9
9,2065,CONS,12,9
9,2065,FOOD,94,9
9,2065,GVED,181,9
9,2065,HBJ,46,9
9,2065,HLTH,18,9
9,2065,MANU,21,9
9,2065,MING,15,9
9,2065,OFFI,36,9
9,2065,OTHR,158,9
9,2065,RETL,78,9
9,2065,WSLE,27,9
11,2023,AGRI,872,11
11,2023,CONS,14990,11
11,2023,FOOD,12151,11
11,2023,GVED,43109,11
11,2023,HBJ,5365,11
11,2023,HLTH,18350,11
11,2023,MANU,14214,11
11,2023,MING,339,11
11,2023,OFFI,19518,11
11,2023,OTHR,57164,11
11,2023,RETL,21699,11
11,2023,WSLE,13705,11
11,2024,AGRI,873,11
11,2024,CONS,15105,11
11,2024,FOOD,12175,11
11,2024,GVED,44678,11
11,2024,HBJ,5319,11
11,2024,HLTH,18681,11
11,2024,MANU,14638,11
11,2024,MING,408,11
11,2024,OFFI,19203,11
11,2024,OTHR,56582,11
11,2024,RETL,21538,11
11,2024,WSLE,13391,11
11,2025,AGRI,869,11
11,2025,CONS,15351,11
11,2025,FOOD,12101,11
11,2025,GVED,45213,11
11,2025,HBJ,5886,11
11,2025,HLTH,19393,11
11,2025,MANU,14808,11
11,2025,MING,404,11
11,2025,OFFI,19361,11
11,2025,OTHR,57152,11
11,2025,RETL,21494,11
11,2025,WSLE,13620,11
11,2026,AGRI,868,11
11,2026,CONS,15481,11
11,2026,FOOD,12095,11
11,2026,GVED,45310,11
11,2026,HBJ,6000,11
11,2026,HLTH,19934,11
11,2026,MANU,14833,11
11,2026,MING,414,11
11,2026,OFFI,19155,11
11,2026,OTHR,57595,11
11,2026,RETL,21294,11
11,2026,WSLE,13674,11
11,2027,AGRI,864,11
11,2027,CONS,15658,11
11,2027,FOOD,12041,11
11,2027,GVED,45388,11
11,2027,HBJ,6117,11
11,2027,HLTH,20419,11
11,2027,MANU,14872,11
11,2027,MING,419,11
11,2027,OFFI,18971,11
11,2027,OTHR,58092,11
11,2027,RETL,21362,11
11,2027,WSLE,13766,11
11,2028,AGRI,857,11
11,2028,CONS,15892,11
11,2028,FOOD,11955,11
11,2028,GVED,45348,11
11,2028,HBJ,6229,11
11,2028,HLTH,20743,11
11,2028,MANU,14906,11
11,2028,MING,400,11
11,2028,OFFI,18928,11
11,2028,OTHR,58670,11
11,2028,RETL,21298,11
11,2028,WSLE,13741,11
11,2029,AGRI,851,11
11,2029,CONS,16186,11
11,2029,FOOD,11849,11
11,2029,GVED,45340,11
11,2029,HBJ,6356,11
11,2029,HLTH,21058,11
11,2029,MANU,15046,11
11,2029,MING,375,11
11,2029,OFFI,19008,11
11,2029,OTHR,59365,11
11,2029,RETL,21330,11
11,2029,WSLE,13736,11
11,2030,AGRI,846,11
11,2030,CONS,16386,11
11,2030,FOOD,11709,11
11,2030,GVED,45525,11
11,2030,HBJ,6485,11
11,2030,HLTH,21414,11
11,2030,MANU,15250,11
11,2030,MING,367,11
11,2030,OFFI,19114,11
11,2030,OTHR,59883,11
11,2030,RETL,21506,11
11,2030,WSLE,13699,11
11,2031,AGRI,842,11
11,2031,CONS,16504,11
11,2031,FOOD,11507,11
11,2031,GVED,45137,11
11,2031,HBJ,6593,11
11,2031,HLTH,21738,11
11,2031,MANU,15442,11
11,2031,MING,369,11
11,2031,OFFI,19182,11
11,2031,OTHR,60282,11
11,2031,RETL,21702,11
11,2031,WSLE,13674,11
11,2032,AGRI,837,11
11,2032,CONS,16648,11
11,2032,FOOD,11352,11
11,2032,GVED,44955,11
11,2032,HBJ,6709,11
11,2032,HLTH,22054,11
11,2032,MANU,15594,11
11,2032,MING,384,11
11,2032,OFFI,19253,11
11,2032,OTHR,60880,11
11,2032,RETL,21837,11
11,2032,WSLE,13623,11
11,2033,AGRI,839,11
11,2033,CONS,16895,11
11,2033,FOOD,11288,11
11,2033,GVED,44829,11
11,2033,HBJ,6841,11
11,2033,HLTH,22365,11
11,2033,MANU,15745,11
11,2033,MING,403,11
11,2033,OFFI,19407,11
11,2033,OTHR,61520,11
11,2033,RETL,21968,11
11,2033,WSLE,13570,11
11,2034,AGRI,841,11
11,2034,CONS,17258,11
11,2034,FOOD,11649,11
11,2034,GVED,44806,11
11,2034,HBJ,7021,11
11,2034,HLTH,22757,11
11,2034,MANU,15883,11
11,2034,MING,418,11
11,2034,OFFI,19706,11
11,2034,OTHR,62863,11
11,2034,RETL,22159,11
11,2034,WSLE,13523,11
11,2035,AGRI,840,11
11,2035,CONS,17367,11
11,2035,FOOD,11128,11
11,2035,GVED,44608,11
11,2035,HBJ,7060,11
11,2035,HLTH,22837,11
11,2035,MANU,15993,11
11,2035,MING,423,11
11,2035,OFFI,19887,11
11,2035,OTHR,61742,11
11,2035,RETL,22048,11
11,2035,WSLE,13265,11
11,2036,AGRI,839,11
11,2036,CONS,17560,11
11,2036,FOOD,11136,11
11,2036,GVED,44547,11
11,2036,HBJ,7180,11
11,2036,HLTH,23064,11
11,2036,MANU,16207,11
11,2036,MING,418,11
11,2036,OFFI,20115,11
11,2036,OTHR,62096,11
11,2036,RETL,22136,11
11,2036,WSLE,13106,11
11,2037,AGRI,840,11
11,2037,CONS,17689,11
11,2037,FOOD,11190,11
11,2037,GVED,44568,11
11,2037,HBJ,7320,11
11,2037,HLTH,23339,11
11,2037,MANU,16431,11
11,2037,MING,414,11
11,2037,OFFI,20322,11
11,2037,OTHR,62708,11
11,2037,RETL,22323,11
11,2037,WSLE,13002,11
11,2038,AGRI,839,11
11,2038,CONS,17794,11
11,2038,FOOD,11210,11
11,2038,GVED,44656,11
11,2038,HBJ,7478,11
11,2038,HLTH,23659,11
11,2038,MANU,16629,11
11,2038,MING,413,11
11,2038,OFFI,20531,11
11,2038,OTHR,63607,11
11,2038,RETL,22533,11
11,2038,WSLE,12967,11
11,2039,AGRI,839,11
11,2039,CONS,17891,11
11,2039,FOOD,11256,11
11,2039,GVED,44819,11
11,2039,HBJ,7641,11
11,2039,HLTH,23974,11
11,2039,MANU,16816,11
11,2039,MING,411,11
11,2039,OFFI,20727,11
11,2039,OTHR,64527,11
11,2039,RETL,22780,11
11,2039,WSLE,12937,11
11,2040,AGRI,839,11
11,2040,CONS,17968,11
11,2040,FOOD,11296,11
11,2040,GVED,45178,11
11,2040,HBJ,7799,11
11,2040,HLTH,24313,11
11,2040,MANU,16992,11
11,2040,MING,410,11
11,2040,OFFI,20930,11
11,2040,OTHR,65389,11
11,2040,RETL,23025,11
11,2040,WSLE,12917,11
11,2041,AGRI,838,11
11,2041,CONS,18005,11
11,2041,FOOD,11361,11
11,2041,GVED,45158,11
11,2041,HBJ,7954,11
11,2041,HLTH,24618,11
11,2041,MANU,17155,11
11,2041,MING,410,11
11,2041,OFFI,21113,11
11,2041,OTHR,66203,11
11,2041,RETL,23296,11
11,2041,WSLE,12907,11
11,2042,AGRI,837,11
11,2042,CONS,18067,11
11,2042,FOOD,11402,11
11,2042,GVED,45346,11
11,2042,HBJ,8120,11
11,2042,HLTH,24904,11
11,2042,MANU,17308,11
11,2042,MING,413,11
11,2042,OFFI,21373,11
11,2042,OTHR,67018,11
11,2042,RETL,23535,11
11,2042,WSLE,12913,11
11,2043,AGRI,838,11
11,2043,CONS,18133,11
11,2043,FOOD,11460,11
11,2043,GVED,45569,11
11,2043,HBJ,8282,11
11,2043,HLTH,25165,11
11,2043,MANU,17425,11
11,2043,MING,416,11
11,2043,OFFI,21596,11
11,2043,OTHR,67784,11
11,2043,RETL,23788,11
11,2043,WSLE,12916,11
11,2044,AGRI,837,11
11,2044,CONS,18181,11
11,2044,FOOD,11503,11
11,2044,GVED,45804,11
11,2044,HBJ,8436,11
11,2044,HLTH,25453,11
11,2044,MANU,17543,11
11,2044,MING,413,11
11,2044,OFFI,21850,11
11,2044,OTHR,68570,11
11,2044,RETL,24029,11
11,2044,WSLE,12921,11
11,2045,AGRI,836,11
11,2045,CONS,18307,11
11,2045,FOOD,11558,11
11,2045,GVED,46066,11
11,2045,HBJ,8606,11
11,2045,HLTH,25758,11
11,2045,MANU,17696,11
11,2045,MING,411,11
11,2045,OFFI,22099,11
11,2045,OTHR,69321,11
11,2045,RETL,24302,11
11,2045,WSLE,12924,11
11,2046,AGRI,836,11
11,2046,CONS,18531,11
11,2046,FOOD,11599,11
11,2046,GVED,46343,11
11,2046,HBJ,8780,11
11,2046,HLTH,26061,11
11,2046,MANU,17851,11
11,2046,MING,411,11
11,2046,OFFI,22411,11
11,2046,OTHR,69996,11
11,2046,RETL,24555,11
11,2046,WSLE,12924,11
11,2047,AGRI,835,11
11,2047,CONS,18832,11
11,2047,FOOD,11641,11
11,2047,GVED,46625,11
11,2047,HBJ,8964,11
11,2047,HLTH,26355,11
11,2047,MANU,18001,11
11,2047,MING,411,11
11,2047,OFFI,22778,11
11,2047,OTHR,70611,11
11,2047,RETL,24831,11
11,2047,WSLE,12919,11
11,2048,AGRI,834,11
11,2048,CONS,19186,11
11,2048,FOOD,11692,11
11,2048,GVED,46913,11
11,2048,HBJ,9145,11
11,2048,HLTH,26625,11
11,2048,MANU,18157,11
11,2048,MING,415,11
11,2048,OFFI,23159,11
11,2048,OTHR,71134,11
11,2048,RETL,25091,11
11,2048,WSLE,12909,11
11,2049,AGRI,832,11
11,2049,CONS,19590,11
11,2049,FOOD,11750,11
11,2049,GVED,47193,11
11,2049,HBJ,9330,11
11,2049,HLTH,26898,11
11,2049,MANU,18317,11
11,2049,MING,417,11
11,2049,OFFI,23536,11
11,2049,OTHR,71627,11
11,2049,RETL,25352,11
11,2049,WSLE,12897,11
11,2050,AGRI,830,11
11,2050,CONS,20016,11
11,2050,FOOD,11811,11
11,2050,GVED,47682,11
11,2050,HBJ,9526,11
11,2050,HLTH,27163,11
11,2050,MANU,18478,11
11,2050,MING,420,11
11,2050,OFFI,23884,11
11,2050,OTHR,72133,11
11,2050,RETL,25623,11
11,2050,WSLE,12886,11
11,2051,AGRI,829,11
11,2051,CONS,20427,11
11,2051,FOOD,11850,11
11,2051,GVED,47726,11
11,2051,HBJ,9692,11
11,2051,HLTH,27389,11
11,2051,MANU,18647,11
11,2051,MING,421,11
11,2051,OFFI,24164,11
11,2051,OTHR,72544,11
11,2051,RETL,25855,11
11,2051,WSLE,12856,11
11,2052,AGRI,828,11
11,2052,CONS,20818,11
11,2052,FOOD,11887,11
11,2052,GVED,47979,11
11,2052,HBJ,9868,11
11,2052,HLTH,27596,11
11,2052,MANU,18800,11
11,2052,MING,424,11
11,2052,OFFI,24395,11
11,2052,OTHR,72921,11
11,2052,RETL,26075,11
11,2052,WSLE,12828,11
11,2053,AGRI,825,11
11,2053,CONS,21206,11
11,2053,FOOD,11922,11
11,2053,GVED,48235,11
11,2053,HBJ,10032,11
11,2053,HLTH,27787,11
11,2053,MANU,18927,11
11,2053,MING,426,11
11,2053,OFFI,24571,11
11,2053,OTHR,73337,11
11,2053,RETL,26280,11
11,2053,WSLE,12808,11
11,2054,AGRI,825,11
11,2054,CONS,21613,11
11,2054,FOOD,11946,11
11,2054,GVED,48484,11
11,2054,HBJ,10207,11
11,2054,HLTH,27967,11
11,2054,MANU,19043,11
11,2054,MING,428,11
11,2054,OFFI,24736,11
11,2054,OTHR,73702,11
11,2054,RETL,26485,11
11,2054,WSLE,12782,11
11,2055,AGRI,822,11
11,2055,CONS,22032,11
11,2055,FOOD,11968,11
11,2055,GVED,48722,11
11,2055,HBJ,10372,11
11,2055,HLTH,28126,11
11,2055,MANU,19141,11
11,2055,MING,428,11
11,2055,OFFI,24881,11
11,2055,OTHR,74071,11
11,2055,RETL,26678,11
11,2055,WSLE,12766,11
11,2056,AGRI,819,11
11,2056,CONS,22304,11
11,2056,FOOD,11970,11
11,2056,GVED,48951,11
11,2056,HBJ,10530,11
11,2056,HLTH,28336,11
11,2056,MANU,19217,11
11,2056,MING,423,11
11,2056,OFFI,25018,11
11,2056,OTHR,74473,11
11,2056,RETL,26813,11
11,2056,WSLE,12760,11
11,2057,AGRI,818,11
11,2057,CONS,22475,11
11,2057,FOOD,11951,11
11,2057,GVED,49151,11
11,2057,HBJ,10685,11
11,2057,HLTH,28523,11
11,2057,MANU,19307,11
11,2057,MING,414,11
11,2057,OFFI,25159,11
11,2057,OTHR,74792,11
11,2057,RETL,26909,11
11,2057,WSLE,12742,11
11,2058,AGRI,814,11
11,2058,CONS,22592,11
11,2058,FOOD,11932,11
11,2058,GVED,49323,11
11,2058,HBJ,10837,11
11,2058,HLTH,28708,11
11,2058,MANU,19401,11
11,2058,MING,405,11
11,2058,OFFI,25304,11
11,2058,OTHR,75062,11
11,2058,RETL,27001,11
11,2058,WSLE,12721,11
11,2059,AGRI,812,11
11,2059,CONS,22672,11
11,2059,FOOD,11907,11
11,2059,GVED,49462,11
11,2059,HBJ,10983,11
11,2059,HLTH,28899,11
11,2059,MANU,19497,11
11,2059,MING,398,11
11,2059,OFFI,25444,11
11,2059,OTHR,75307,11
11,2059,RETL,27087,11
11,2059,WSLE,12699,11
11,2060,AGRI,809,11
11,2060,CONS,22723,11
11,2060,FOOD,11878,11
11,2060,GVED,49792,11
11,2060,HBJ,11129,11
11,2060,HLTH,29069,11
11,2060,MANU,19591,11
11,2060,MING,393,11
11,2060,OFFI,25580,11
11,2060,OTHR,75520,11
11,2060,RETL,27156,11
11,2060,WSLE,12677,11
11,2061,AGRI,808,11
11,2061,CONS,22760,11
11,2061,FOOD,11849,11
11,2061,GVED,49643,11
11,2061,HBJ,11263,11
11,2061,HLTH,29245,11
11,2061,MANU,19686,11
11,2061,MING,391,11
11,2061,OFFI,25708,11
11,2061,OTHR,75762,11
11,2061,RETL,27233,11
11,2061,WSLE,12654,11
11,2062,AGRI,806,11
11,2062,CONS,22794,11
11,2062,FOOD,11822,11
11,2062,GVED,49736,11
11,2062,HBJ,11397,11
11,2062,HLTH,29424,11
11,2062,MANU,19786,11
11,2062,MING,389,11
11,2062,OFFI,25833,11
11,2062,OTHR,76043,11
11,2062,RETL,27315,11
11,2062,WSLE,12631,11
11,2063,AGRI,805,11
11,2063,CONS,22826,11
11,2063,FOOD,11797,11
11,2063,GVED,49826,11
11,2063,HBJ,11544,11
11,2063,HLTH,29603,11
11,2063,MANU,19887,11
11,2063,MING,388,11
11,2063,OFFI,25953,11
11,2063,OTHR,76321,11
11,2063,RETL,27400,11
11,2063,WSLE,12610,11
11,2064,AGRI,804,11
11,2064,CONS,22855,11
11,2064,FOOD,11772,11
11,2064,GVED,49919,11
11,2064,HBJ,11689,11
11,2064,HLTH,29785,11
11,2064,MANU,19988,11
11,2064,MING,386,11
11,2064,OFFI,26068,11
11,2064,OTHR,76600,11
11,2064,RETL,27491,11
11,2064,WSLE,12587,11
11,2065,AGRI,802,11
11,2065,CONS,22881,11
11,2065,FOOD,11746,11
11,2065,GVED,50010,11
11,2065,HBJ,11833,11
11,2065,HLTH,29969,11
11,2065,MANU,20091,11
11,2065,MING,386,11
11,2065,OFFI,26181,11
11,2065,OTHR,76879,11
11,2065,RETL,27585,11
11,2065,WSLE,12566,11
13,2023,AGRI,1271,13
13,2023,CONS,678,13
13,2023,FOOD,522,13
13,2023,GVED,2596,13
13,2023,HBJ,542,13
13,2023,HLTH,338,13
13,2023,MANU,248,13
13,2023,MING,1922,13
13,2023,OFFI,701,13
13,2023,OTHR,2071,13
13,2023,RETL,1234,13
13,2023,WSLE,1054,13
13,2024,AGRI,1276,13
13,2024,CONS,802,13
13,2024,FOOD,524,13
13,2024,GVED,2655,13
13,2024,HBJ,549,13
13,2024,HLTH,320,13
13,2024,MANU,281,13
13,2024,MING,1952,13
13,2024,OFFI,710,13
13,2024,OTHR,2299,13
13,2024,RETL,1197,13
13,2024,WSLE,1031,13
13,2025,AGRI,1271,13
13,2025,CONS,803,13
13,2025,FOOD,525,13
13,2025,GVED,2756,13
13,2025,HBJ,590,13
13,2025,HLTH,331,13
13,2025,MANU,285,13
13,2025,MING,1926,13
13,2025,OFFI,712,13
13,2025,OTHR,2333,13
13,2025,RETL,1190,13
13,2025,WSLE,1045,13
13,2026,AGRI,1274,13
13,2026,CONS,1349,13
13,2026,FOOD,566,13
13,2026,GVED,2809,13
13,2026,HBJ,630,13
13,2026,HLTH,345,13
13,2026,MANU,316,13
13,2026,MING,1968,13
13,2026,OFFI,712,13
13,2026,OTHR,2383,13
13,2026,RETL,1211,13
13,2026,WSLE,1054,13
13,2027,AGRI,1269,13
13,2027,CONS,1898,13
13,2027,FOOD,605,13
13,2027,GVED,2891,13
13,2027,HBJ,671,13
13,2027,HLTH,357,13
13,2027,MANU,348,13
13,2027,MING,1991,13
13,2027,OFFI,704,13
13,2027,OTHR,2437,13
13,2027,RETL,1242,13
13,2027,WSLE,1062,13
13,2028,AGRI,1263,13
13,2028,CONS,1911,13
13,2028,FOOD,607,13
13,2028,GVED,2938,13
13,2028,HBJ,677,13
13,2028,HLTH,362,13
13,2028,MANU,350,13
13,2028,MING,1894,13
13,2028,OFFI,703,13
13,2028,OTHR,2470,13
13,2028,RETL,1242,13
13,2028,WSLE,1056,13
13,2029,AGRI,1256,13
13,2029,CONS,1404,13
13,2029,FOOD,572,13
13,2029,GVED,2935,13
13,2029,HBJ,652,13
13,2029,HLTH,361,13
13,2029,MANU,325,13
13,2029,MING,1771,13
13,2029,OFFI,717,13
13,2029,OTHR,2492,13
13,2029,RETL,1221,13
13,2029,WSLE,1083,13
13,2030,AGRI,1250,13
13,2030,CONS,890,13
13,2030,FOOD,535,13
13,2030,GVED,2893,13
13,2030,HBJ,628,13
13,2030,HLTH,362,13
13,2030,MANU,301,13
13,2030,MING,1730,13
13,2030,OFFI,730,13
13,2030,OTHR,2499,13
13,2030,RETL,1205,13
13,2030,WSLE,1107,13
13,2031,AGRI,1246,13
13,2031,CONS,888,13
13,2031,FOOD,528,13
13,2031,GVED,2877,13
13,2031,HBJ,634,13
13,2031,HLTH,369,13
13,2031,MANU,307,13
13,2031,MING,1732,13
13,2031,OFFI,731,13
13,2031,OTHR,2529,13
13,2031,RETL,1218,13
13,2031,WSLE,1099,13
13,2032,AGRI,1242,13
13,2032,CONS,892,13
13,2032,FOOD,523,13
13,2032,GVED,2874,13
13,2032,HBJ,649,13
13,2032,HLTH,375,13
13,2032,MANU,311,13
13,2032,MING,1807,13
13,2032,OFFI,731,13
13,2032,OTHR,2554,13
13,2032,RETL,1228,13
13,2032,WSLE,1090,13
13,2033,AGRI,1243,13
13,2033,CONS,901,13
13,2033,FOOD,522,13
13,2033,GVED,2877,13
13,2033,HBJ,661,13
13,2033,HLTH,380,13
13,2033,MANU,314,13
13,2033,MING,1882,13
13,2033,OFFI,732,13
13,2033,OTHR,2576,13
13,2033,RETL,1237,13
13,2033,WSLE,1079,13
13,2034,AGRI,1245,13
13,2034,CONS,913,13
13,2034,FOOD,520,13
13,2034,GVED,2889,13
13,2034,HBJ,673,13
13,2034,HLTH,387,13
13,2034,MANU,318,13
13,2034,MING,1942,13
13,2034,OFFI,733,13
13,2034,OTHR,2613,13
13,2034,RETL,1244,13
13,2034,WSLE,1065,13
13,2035,AGRI,1243,13
13,2035,CONS,921,13
13,2035,FOOD,517,13
13,2035,GVED,2888,13
13,2035,HBJ,683,13
13,2035,HLTH,388,13
13,2035,MANU,321,13
13,2035,MING,1958,13
13,2035,OFFI,738,13
13,2035,OTHR,2598,13
13,2035,RETL,1244,13
13,2035,WSLE,1044,13
13,2036,AGRI,1245,13
13,2036,CONS,926,13
13,2036,FOOD,519,13
13,2036,GVED,2887,13
13,2036,HBJ,690,13
13,2036,HLTH,391,13
13,2036,MANU,327,13
13,2036,MING,1929,13
13,2036,OFFI,743,13
13,2036,OTHR,2619,13
13,2036,RETL,1242,13
13,2036,WSLE,1025,13
13,2037,AGRI,1245,13
13,2037,CONS,923,13
13,2037,FOOD,521,13
13,2037,GVED,2888,13
13,2037,HBJ,696,13
13,2037,HLTH,394,13
13,2037,MANU,333,13
13,2037,MING,1895,13
13,2037,OFFI,749,13
13,2037,OTHR,2649,13
13,2037,RETL,1243,13
13,2037,WSLE,1011,13
13,2038,AGRI,1245,13
13,2038,CONS,918,13
13,2038,FOOD,523,13
13,2038,GVED,2893,13
13,2038,HBJ,704,13
13,2038,HLTH,398,13
13,2038,MANU,338,13
13,2038,MING,1873,13
13,2038,OFFI,753,13
13,2038,OTHR,2686,13
13,2038,RETL,1245,13
13,2038,WSLE,1001,13
13,2039,AGRI,1245,13
13,2039,CONS,916,13
13,2039,FOOD,525,13
13,2039,GVED,2910,13
13,2039,HBJ,716,13
13,2039,HLTH,403,13
13,2039,MANU,342,13
13,2039,MING,1856,13
13,2039,OFFI,758,13
13,2039,OTHR,2725,13
13,2039,RETL,1251,13
13,2039,WSLE,990,13
13,2040,AGRI,1243,13
13,2040,CONS,911,13
13,2040,FOOD,525,13
13,2040,GVED,2928,13
13,2040,HBJ,727,13
13,2040,HLTH,408,13
13,2040,MANU,346,13
13,2040,MING,1839,13
13,2040,OFFI,762,13
13,2040,OTHR,2757,13
13,2040,RETL,1256,13
13,2040,WSLE,981,13
13,2041,AGRI,1243,13
13,2041,CONS,907,13
13,2041,FOOD,528,13
13,2041,GVED,2954,13
13,2041,HBJ,737,13
13,2041,HLTH,413,13
13,2041,MANU,351,13
13,2041,MING,1831,13
13,2041,OFFI,765,13
13,2041,OTHR,2789,13
13,2041,RETL,1265,13
13,2041,WSLE,973,13
13,2042,AGRI,1241,13
13,2042,CONS,906,13
13,2042,FOOD,528,13
13,2042,GVED,2980,13
13,2042,HBJ,748,13
13,2042,HLTH,418,13
13,2042,MANU,355,13
13,2042,MING,1834,13
13,2042,OFFI,771,13
13,2042,OTHR,2821,13
13,2042,RETL,1276,13
13,2042,WSLE,965,13
13,2043,AGRI,1240,13
13,2043,CONS,905,13
13,2043,FOOD,530,13
13,2043,GVED,3016,13
13,2043,HBJ,761,13
13,2043,HLTH,424,13
13,2043,MANU,358,13
13,2043,MING,1834,13
13,2043,OFFI,773,13
13,2043,OTHR,2848,13
13,2043,RETL,1285,13
13,2043,WSLE,958,13
13,2044,AGRI,1238,13
13,2044,CONS,903,13
13,2044,FOOD,531,13
13,2044,GVED,3045,13
13,2044,HBJ,770,13
13,2044,HLTH,430,13
13,2044,MANU,362,13
13,2044,MING,1818,13
13,2044,OFFI,775,13
13,2044,OTHR,2877,13
13,2044,RETL,1293,13
13,2044,WSLE,951,13
13,2045,AGRI,1236,13
13,2045,CONS,905,13
13,2045,FOOD,533,13
13,2045,GVED,3074,13
13,2045,HBJ,783,13
13,2045,HLTH,436,13
13,2045,MANU,367,13
13,2045,MING,1800,13
13,2045,OFFI,779,13
13,2045,OTHR,2908,13
13,2045,RETL,1304,13
13,2045,WSLE,945,13
13,2046,AGRI,1235,13
13,2046,CONS,914,13
13,2046,FOOD,535,13
13,2046,GVED,3105,13
13,2046,HBJ,792,13
13,2046,HLTH,444,13
13,2046,MANU,371,13
13,2046,MING,1789,13
13,2046,OFFI,785,13
13,2046,OTHR,2937,13
13,2046,RETL,1315,13
13,2046,WSLE,939,13
13,2047,AGRI,1234,13
13,2047,CONS,927,13
13,2047,FOOD,536,13
13,2047,GVED,3137,13
13,2047,HBJ,808,13
13,2047,HLTH,451,13
13,2047,MANU,375,13
13,2047,MING,1789,13
13,2047,OFFI,791,13
13,2047,OTHR,2962,13
13,2047,RETL,1327,13
13,2047,WSLE,932,13
13,2048,AGRI,1232,13
13,2048,CONS,945,13
13,2048,FOOD,536,13
13,2048,GVED,3167,13
13,2048,HBJ,822,13
13,2048,HLTH,458,13
13,2048,MANU,379,13
13,2048,MING,1797,13
13,2048,OFFI,798,13
13,2048,OTHR,2984,13
13,2048,RETL,1340,13
13,2048,WSLE,926,13
13,2049,AGRI,1229,13
13,2049,CONS,964,13
13,2049,FOOD,538,13
13,2049,GVED,3196,13
13,2049,HBJ,838,13
13,2049,HLTH,464,13
13,2049,MANU,385,13
13,2049,MING,1805,13
13,2049,OFFI,804,13
13,2049,OTHR,3004,13
13,2049,RETL,1353,13
13,2049,WSLE,920,13
13,2050,AGRI,1227,13
13,2050,CONS,983,13
13,2050,FOOD,539,13
13,2050,GVED,3222,13
13,2050,HBJ,852,13
13,2050,HLTH,471,13
13,2050,MANU,388,13
13,2050,MING,1815,13
13,2050,OFFI,809,13
13,2050,OTHR,3024,13
13,2050,RETL,1365,13
13,2050,WSLE,913,13
13,2051,AGRI,1225,13
13,2051,CONS,1004,13
13,2051,FOOD,540,13
13,2051,GVED,3243,13
13,2051,HBJ,863,13
13,2051,HLTH,476,13
13,2051,MANU,393,13
13,2051,MING,1822,13
13,2051,OFFI,814,13
13,2051,OTHR,3041,13
13,2051,RETL,1377,13
13,2051,WSLE,906,13
13,2052,AGRI,1223,13
13,2052,CONS,1025,13
13,2052,FOOD,540,13
13,2052,GVED,3262,13
13,2052,HBJ,875,13
13,2052,HLTH,483,13
13,2052,MANU,398,13
13,2052,MING,1830,13
13,2052,OFFI,817,13
13,2052,OTHR,3056,13
13,2052,RETL,1388,13
13,2052,WSLE,899,13
13,2053,AGRI,1220,13
13,2053,CONS,1049,13
13,2053,FOOD,541,13
13,2053,GVED,3281,13
13,2053,HBJ,888,13
13,2053,HLTH,488,13
13,2053,MANU,401,13
13,2053,MING,1841,13
13,2053,OFFI,820,13
13,2053,OTHR,3076,13
13,2053,RETL,1401,13
13,2053,WSLE,893,13
13,2054,AGRI,1216,13
13,2054,CONS,1070,13
13,2054,FOOD,541,13
13,2054,GVED,3295,13
13,2054,HBJ,902,13
13,2054,HLTH,495,13
13,2054,MANU,405,13
13,2054,MING,1846,13
13,2054,OFFI,820,13
13,2054,OTHR,3089,13
13,2054,RETL,1414,13
13,2054,WSLE,888,13
13,2055,AGRI,1213,13
13,2055,CONS,1093,13
13,2055,FOOD,541,13
13,2055,GVED,3306,13
13,2055,HBJ,916,13
13,2055,HLTH,499,13
13,2055,MANU,408,13
13,2055,MING,1844,13
13,2055,OFFI,820,13
13,2055,OTHR,3106,13
13,2055,RETL,1422,13
13,2055,WSLE,881,13
13,2056,AGRI,1212,13
13,2056,CONS,1100,13
13,2056,FOOD,539,13
13,2056,GVED,3308,13
13,2056,HBJ,923,13
13,2056,HLTH,505,13
13,2056,MANU,411,13
13,2056,MING,1824,13
13,2056,OFFI,822,13
13,2056,OTHR,3122,13
13,2056,RETL,1427,13
13,2056,WSLE,878,13
13,2057,AGRI,1209,13
13,2057,CONS,1101,13
13,2057,FOOD,537,13
13,2057,GVED,3304,13
13,2057,HBJ,930,13
13,2057,HLTH,511,13
13,2057,MANU,413,13
13,2057,MING,1784,13
13,2057,OFFI,823,13
13,2057,OTHR,3135,13
13,2057,RETL,1428,13
13,2057,WSLE,871,13
13,2058,AGRI,1205,13
13,2058,CONS,1099,13
13,2058,FOOD,534,13
13,2058,GVED,3301,13
13,2058,HBJ,936,13
13,2058,HLTH,514,13
13,2058,MANU,416,13
13,2058,MING,1747,13
13,2058,OFFI,826,13
13,2058,OTHR,3149,13
13,2058,RETL,1429,13
13,2058,WSLE,865,13
13,2059,AGRI,1201,13
13,2059,CONS,1098,13
13,2059,FOOD,532,13
13,2059,GVED,3296,13
13,2059,HBJ,944,13
13,2059,HLTH,518,13
13,2059,MANU,419,13
13,2059,MING,1718,13
13,2059,OFFI,828,13
13,2059,OTHR,3160,13
13,2059,RETL,1428,13
13,2059,WSLE,862,13
13,2060,AGRI,1197,13
13,2060,CONS,1096,13
13,2060,FOOD,530,13
13,2060,GVED,3296,13
13,2060,HBJ,950,13
13,2060,HLTH,522,13
13,2060,MANU,422,13
13,2060,MING,1700,13
13,2060,OFFI,830,13
13,2060,OTHR,3172,13
13,2060,RETL,1430,13
13,2060,WSLE,856,13
13,2061,AGRI,1195,13
13,2061,CONS,1093,13
13,2061,FOOD,527,13
13,2061,GVED,3295,13
13,2061,HBJ,959,13
13,2061,HLTH,525,13
13,2061,MANU,425,13
13,2061,MING,1684,13
13,2061,OFFI,833,13
13,2061,OTHR,3185,13
13,2061,RETL,1431,13
13,2061,WSLE,852,13
13,2062,AGRI,1192,13
13,2062,CONS,1091,13
13,2062,FOOD,526,13
13,2062,GVED,3294,13
13,2062,HBJ,967,13
13,2062,HLTH,529,13
13,2062,MANU,428,13
13,2062,MING,1670,13
13,2062,OFFI,835,13
13,2062,OTHR,3198,13
13,2062,RETL,1433,13
13,2062,WSLE,847,13
13,2063,AGRI,1190,13
13,2063,CONS,1089,13
13,2063,FOOD,524,13
13,2063,GVED,3293,13
13,2063,HBJ,979,13
13,2063,HLTH,533,13
13,2063,MANU,432,13
13,2063,MING,1659,13
13,2063,OFFI,836,13
13,2063,OTHR,3212,13
13,2063,RETL,1433,13
13,2063,WSLE,842,13
13,2064,AGRI,1187,13
13,2064,CONS,1087,13
13,2064,FOOD,522,13
13,2064,GVED,3294,13
13,2064,HBJ,985,13
13,2064,HLTH,538,13
13,2064,MANU,435,13
13,2064,MING,1649,13
13,2064,OFFI,839,13
13,2064,OTHR,3227,13
13,2064,RETL,1435,13
13,2064,WSLE,837,13
13,2065,AGRI,1185,13
13,2065,CONS,1086,13
13,2065,FOOD,521,13
13,2065,GVED,3293,13
13,2065,HBJ,993,13
13,2065,HLTH,542,13
13,2065,MANU,438,13
13,2065,MING,1640,13
13,2065,OFFI,840,13
13,2065,OTHR,3241,13
13,2065,RETL,1436,13
13,2065,WSLE,833,13
15,2023,AGRI,585,15
15,2023,CONS,687,15
15,2023,FOOD,272,15
15,2023,GVED,801,15
15,2023,HBJ,234,15
15,2023,HLTH,221,15
15,2023,MANU,48,15
15,2023,MING,417,15
15,2023,OFFI,337,15
15,2023,OTHR,926,15
15,2023,RETL,698,15
15,2023,WSLE,459,15
15,2024,AGRI,585,15
15,2024,CONS,637,15
15,2024,FOOD,273,15
15,2024,GVED,803,15
15,2024,HBJ,221,15
15,2024,HLTH,241,15
15,2024,MANU,47,15
15,2024,MING,441,15
15,2024,OFFI,286,15
15,2024,OTHR,733,15
15,2024,RETL,681,15
15,2024,WSLE,526,15
15,2025,AGRI,581,15
15,2025,CONS,932,15
15,2025,FOOD,277,15
15,2025,GVED,820,15
15,2025,HBJ,255,15
15,2025,HLTH,249,15
15,2025,MANU,48,15
15,2025,MING,500,15
15,2025,OFFI,285,15
15,2025,OTHR,743,15
15,2025,RETL,702,15
15,2025,WSLE,520,15
15,2026,AGRI,582,15
15,2026,CONS,770,15
15,2026,FOOD,278,15
15,2026,GVED,831,15
15,2026,HBJ,252,15
15,2026,HLTH,254,15
15,2026,MANU,48,15
15,2026,MING,574,15
15,2026,OFFI,284,15
15,2026,OTHR,746,15
15,2026,RETL,699,15
15,2026,WSLE,517,15
15,2027,AGRI,578,15
15,2027,CONS,841,15
15,2027,FOOD,282,15
15,2027,GVED,850,15
15,2027,HBJ,263,15
15,2027,HLTH,259,15
15,2027,MANU,49,15
15,2027,MING,643,15
15,2027,OFFI,279,15
15,2027,OTHR,754,15
15,2027,RETL,709,15
15,2027,WSLE,520,15
15,2028,AGRI,574,15
15,2028,CONS,664,15
15,2028,FOOD,281,15
15,2028,GVED,858,15
15,2028,HBJ,258,15
15,2028,HLTH,260,15
15,2028,MANU,49,15
15,2028,MING,687,15
15,2028,OFFI,279,15
15,2028,OTHR,762,15
15,2028,RETL,705,15
15,2028,WSLE,507,15
15,2029,AGRI,571,15
15,2029,CONS,645,15
15,2029,FOOD,279,15
15,2029,GVED,861,15
15,2029,HBJ,258,15
15,2029,HLTH,262,15
15,2029,MANU,50,15
15,2029,MING,657,15
15,2029,OFFI,278,15
15,2029,OTHR,770,15
15,2029,RETL,704,15
15,2029,WSLE,495,15
15,2030,AGRI,567,15
15,2030,CONS,640,15
15,2030,FOOD,275,15
15,2030,GVED,859,15
15,2030,HBJ,258,15
15,2030,HLTH,266,15
15,2030,MANU,51,15
15,2030,MING,644,15
15,2030,OFFI,280,15
15,2030,OTHR,777,15
15,2030,RETL,706,15
15,2030,WSLE,486,15
15,2031,AGRI,563,15
15,2031,CONS,637,15
15,2031,FOOD,271,15
15,2031,GVED,858,15
15,2031,HBJ,259,15
15,2031,HLTH,269,15
15,2031,MANU,53,15
15,2031,MING,640,15
15,2031,OFFI,280,15
15,2031,OTHR,779,15
15,2031,RETL,711,15
15,2031,WSLE,478,15
15,2032,AGRI,560,15
15,2032,CONS,635,15
15,2032,FOOD,267,15
15,2032,GVED,858,15
15,2032,HBJ,263,15
15,2032,HLTH,272,15
15,2032,MANU,54,15
15,2032,MING,653,15
15,2032,OFFI,279,15
15,2032,OTHR,786,15
15,2032,RETL,713,15
15,2032,WSLE,470,15
15,2033,AGRI,560,15
15,2033,CONS,634,15
15,2033,FOOD,266,15
15,2033,GVED,859,15
15,2033,HBJ,268,15
15,2033,HLTH,274,15
15,2033,MANU,54,15
15,2033,MING,666,15
15,2033,OFFI,279,15
15,2033,OTHR,792,15
15,2033,RETL,717,15
15,2033,WSLE,461,15
15,2034,AGRI,560,15
15,2034,CONS,634,15
15,2034,FOOD,267,15
15,2034,GVED,861,15
15,2034,HBJ,272,15
15,2034,HLTH,277,15
15,2034,MANU,55,15
15,2034,MING,677,15
15,2034,OFFI,279,15
15,2034,OTHR,805,15
15,2034,RETL,720,15
15,2034,WSLE,452,15
15,2035,AGRI,559,15
15,2035,CONS,631,15
15,2035,FOOD,263,15
15,2035,GVED,861,15
15,2035,HBJ,272,15
15,2035,HLTH,280,15
15,2035,MANU,55,15
15,2035,MING,681,15
15,2035,OFFI,281,15
15,2035,OTHR,791,15
15,2035,RETL,721,15
15,2035,WSLE,444,15
15,2036,AGRI,557,15
15,2036,CONS,631,15
15,2036,FOOD,263,15
15,2036,GVED,860,15
15,2036,HBJ,276,15
15,2036,HLTH,282,15
15,2036,MANU,56,15
15,2036,MING,678,15
15,2036,OFFI,283,15
15,2036,OTHR,795,15
15,2036,RETL,723,15
15,2036,WSLE,439,15
15,2037,AGRI,556,15
15,2037,CONS,630,15
15,2037,FOOD,264,15
15,2037,GVED,863,15
15,2037,HBJ,280,15
15,2037,HLTH,284,15
15,2037,MANU,57,15
15,2037,MING,674,15
15,2037,OFFI,285,15
15,2037,OTHR,800,15
15,2037,RETL,727,15
15,2037,WSLE,434,15
15,2038,AGRI,555,15
15,2038,CONS,629,15
15,2038,FOOD,264,15
15,2038,GVED,866,15
15,2038,HBJ,284,15
15,2038,HLTH,287,15
15,2038,MANU,58,15
15,2038,MING,673,15
15,2038,OFFI,288,15
15,2038,OTHR,810,15
15,2038,RETL,731,15
15,2038,WSLE,431,15
15,2039,AGRI,554,15
15,2039,CONS,629,15
15,2039,FOOD,265,15
15,2039,GVED,871,15
15,2039,HBJ,288,15
15,2039,HLTH,291,15
15,2039,MANU,59,15
15,2039,MING,672,15
15,2039,OFFI,287,15
15,2039,OTHR,818,15
15,2039,RETL,735,15
15,2039,WSLE,426,15
15,2040,AGRI,552,15
15,2040,CONS,629,15
15,2040,FOOD,265,15
15,2040,GVED,877,15
15,2040,HBJ,290,15
15,2040,HLTH,294,15
15,2040,MANU,60,15
15,2040,MING,673,15
15,2040,OFFI,291,15
15,2040,OTHR,823,15
15,2040,RETL,740,15
15,2040,WSLE,424,15
15,2041,AGRI,552,15
15,2041,CONS,631,15
15,2041,FOOD,266,15
15,2041,GVED,881,15
15,2041,HBJ,296,15
15,2041,HLTH,297,15
15,2041,MANU,61,15
15,2041,MING,673,15
15,2041,OFFI,291,15
15,2041,OTHR,831,15
15,2041,RETL,745,15
15,2041,WSLE,420,15
15,2042,AGRI,550,15
15,2042,CONS,631,15
15,2042,FOOD,266,15
15,2042,GVED,888,15
15,2042,HBJ,300,15
15,2042,HLTH,301,15
15,2042,MANU,61,15
15,2042,MING,677,15
15,2042,OFFI,293,15
15,2042,OTHR,836,15
15,2042,RETL,750,15
15,2042,WSLE,417,15
15,2043,AGRI,547,15
15,2043,CONS,633,15
15,2043,FOOD,265,15
15,2043,GVED,896,15
15,2043,HBJ,307,15
15,2043,HLTH,304,15
15,2043,MANU,61,15
15,2043,MING,680,15
15,2043,OFFI,293,15
15,2043,OTHR,842,15
15,2043,RETL,755,15
15,2043,WSLE,414,15
15,2044,AGRI,546,15
15,2044,CONS,634,15
15,2044,FOOD,265,15
15,2044,GVED,904,15
15,2044,HBJ,311,15
15,2044,HLTH,309,15
15,2044,MANU,62,15
15,2044,MING,680,15
15,2044,OFFI,295,15
15,2044,OTHR,846,15
15,2044,RETL,759,15
15,2044,WSLE,411,15
15,2045,AGRI,544,15
15,2045,CONS,637,15
15,2045,FOOD,266,15
15,2045,GVED,911,15
15,2045,HBJ,315,15
15,2045,HLTH,313,15
15,2045,MANU,63,15
15,2045,MING,679,15
15,2045,OFFI,294,15
15,2045,OTHR,852,15
15,2045,RETL,764,15
15,2045,WSLE,408,15
15,2046,AGRI,544,15
15,2046,CONS,640,15
15,2046,FOOD,266,15
15,2046,GVED,918,15
15,2046,HBJ,320,15
15,2046,HLTH,318,15
15,2046,MANU,63,15
15,2046,MING,680,15
15,2046,OFFI,297,15
15,2046,OTHR,856,15
15,2046,RETL,770,15
15,2046,WSLE,407,15
15,2047,AGRI,542,15
15,2047,CONS,645,15
15,2047,FOOD,265,15
15,2047,GVED,926,15
15,2047,HBJ,325,15
15,2047,HLTH,322,15
15,2047,MANU,64,15
15,2047,MING,684,15
15,2047,OFFI,299,15
15,2047,OTHR,859,15
15,2047,RETL,776,15
15,2047,WSLE,405,15
15,2048,AGRI,541,15
15,2048,CONS,649,15
15,2048,FOOD,266,15
15,2048,GVED,934,15
15,2048,HBJ,330,15
15,2048,HLTH,328,15
15,2048,MANU,64,15
15,2048,MING,691,15
15,2048,OFFI,301,15
15,2048,OTHR,861,15
15,2048,RETL,781,15
15,2048,WSLE,402,15
15,2049,AGRI,538,15
15,2049,CONS,656,15
15,2049,FOOD,267,15
15,2049,GVED,940,15
15,2049,HBJ,334,15
15,2049,HLTH,333,15
15,2049,MANU,65,15
15,2049,MING,698,15
15,2049,OFFI,304,15
15,2049,OTHR,866,15
15,2049,RETL,789,15
15,2049,WSLE,401,15
15,2050,AGRI,537,15
15,2050,CONS,662,15
15,2050,FOOD,267,15
15,2050,GVED,946,15
15,2050,HBJ,340,15
15,2050,HLTH,337,15
15,2050,MANU,66,15
15,2050,MING,706,15
15,2050,OFFI,306,15
15,2050,OTHR,869,15
15,2050,RETL,796,15
15,2050,WSLE,399,15
15,2051,AGRI,535,15
15,2051,CONS,668,15
15,2051,FOOD,267,15
15,2051,GVED,951,15
15,2051,HBJ,344,15
15,2051,HLTH,341,15
15,2051,MANU,67,15
15,2051,MING,712,15
15,2051,OFFI,306,15
15,2051,OTHR,871,15
15,2051,RETL,801,15
15,2051,WSLE,397,15
15,2052,AGRI,533,15
15,2052,CONS,674,15
15,2052,FOOD,266,15
15,2052,GVED,954,15
15,2052,HBJ,350,15
15,2052,HLTH,346,15
15,2052,MANU,68,15
15,2052,MING,719,15
15,2052,OFFI,308,15
15,2052,OTHR,874,15
15,2052,RETL,809,15
15,2052,WSLE,395,15
15,2053,AGRI,531,15
15,2053,CONS,680,15
15,2053,FOOD,268,15
15,2053,GVED,955,15
15,2053,HBJ,354,15
15,2053,HLTH,351,15
15,2053,MANU,69,15
15,2053,MING,727,15
15,2053,OFFI,307,15
15,2053,OTHR,878,15
15,2053,RETL,816,15
15,2053,WSLE,396,15
15,2054,AGRI,530,15
15,2054,CONS,685,15
15,2054,FOOD,267,15
15,2054,GVED,956,15
15,2054,HBJ,358,15
15,2054,HLTH,355,15
15,2054,MANU,69,15
15,2054,MING,734,15
15,2054,OFFI,309,15
15,2054,OTHR,880,15
15,2054,RETL,821,15
15,2054,WSLE,394,15
15,2055,AGRI,527,15
15,2055,CONS,691,15
15,2055,FOOD,267,15
15,2055,GVED,956,15
15,2055,HBJ,362,15
15,2055,HLTH,358,15
15,2055,MANU,70,15
15,2055,MING,739,15
15,2055,OFFI,308,15
15,2055,OTHR,883,15
15,2055,RETL,828,15
15,2055,WSLE,394,15
15,2056,AGRI,525,15
15,2056,CONS,694,15
15,2056,FOOD,267,15
15,2056,GVED,955,15
15,2056,HBJ,366,15
15,2056,HLTH,362,15
15,2056,MANU,71,15
15,2056,MING,738,15
15,2056,OFFI,308,15
15,2056,OTHR,886,15
15,2056,RETL,832,15
15,2056,WSLE,395,15
15,2057,AGRI,523,15
15,2057,CONS,696,15
15,2057,FOOD,265,15
15,2057,GVED,955,15
15,2057,HBJ,370,15
15,2057,HLTH,366,15
15,2057,MANU,71,15
15,2057,MING,733,15
15,2057,OFFI,308,15
15,2057,OTHR,889,15
15,2057,RETL,835,15
15,2057,WSLE,395,15
15,2058,AGRI,521,15
15,2058,CONS,699,15
15,2058,FOOD,264,15
15,2058,GVED,952,15
15,2058,HBJ,375,15
15,2058,HLTH,368,15
15,2058,MANU,71,15
15,2058,MING,729,15
15,2058,OFFI,309,15
15,2058,OTHR,891,15
15,2058,RETL,837,15
15,2058,WSLE,395,15
15,2059,AGRI,518,15
15,2059,CONS,700,15
15,2059,FOOD,263,15
15,2059,GVED,951,15
15,2059,HBJ,378,15
15,2059,HLTH,370,15
15,2059,MANU,71,15
15,2059,MING,727,15
15,2059,OFFI,309,15
15,2059,OTHR,893,15
15,2059,RETL,839,15
15,2059,WSLE,395,15
15,2060,AGRI,516,15
15,2060,CONS,702,15
15,2060,FOOD,262,15
15,2060,GVED,948,15
15,2060,HBJ,382,15
15,2060,HLTH,372,15
15,2060,MANU,72,15
15,2060,MING,726,15
15,2060,OFFI,309,15
15,2060,OTHR,895,15
15,2060,RETL,842,15
15,2060,WSLE,397,15
15,2061,AGRI,514,15
15,2061,CONS,705,15
15,2061,FOOD,262,15
15,2061,GVED,945,15
15,2061,HBJ,385,15
15,2061,HLTH,373,15
15,2061,MANU,72,15
15,2061,MING,726,15
15,2061,OFFI,309,15
15,2061,OTHR,897,15
15,2061,RETL,845,15
15,2061,WSLE,398,15
15,2062,AGRI,513,15
15,2062,CONS,706,15
15,2062,FOOD,261,15
15,2062,GVED,942,15
15,2062,HBJ,390,15
15,2062,HLTH,375,15
15,2062,MANU,73,15
15,2062,MING,726,15
15,2062,OFFI,309,15
15,2062,OTHR,901,15
15,2062,RETL,849,15
15,2062,WSLE,396,15
15,2063,AGRI,511,15
15,2063,CONS,708,15
15,2063,FOOD,261,15
15,2063,GVED,941,15
15,2063,HBJ,392,15
15,2063,HLTH,378,15
15,2063,MANU,73,15
15,2063,MING,726,15
15,2063,OFFI,310,15
15,2063,OTHR,905,15
15,2063,RETL,853,15
15,2063,WSLE,398,15
15,2064,AGRI,509,15
15,2064,CONS,710,15
15,2064,FOOD,261,15
15,2064,GVED,939,15
15,2064,HBJ,395,15
15,2064,HLTH,380,15
15,2064,MANU,74,15
15,2064,MING,726,15
15,2064,OFFI,310,15
15,2064,OTHR,906,15
15,2064,RETL,856,15
15,2064,WSLE,398,15
15,2065,AGRI,507,15
15,2065,CONS,711,15
15,2065,FOOD,261,15
15,2065,GVED,937,15
15,2065,HBJ,402,15
15,2065,HLTH,382,15
15,2065,MANU,75,15
15,2065,MING,725,15
15,2065,OFFI,311,15
15,2065,OTHR,910,15
15,2065,RETL,859,15
15,2065,WSLE,397,15
17,2023,AGRI,284,17
17,2023,CONS,157,17
17,2023,FOOD,1101,17
17,2023,GVED,573,17
17,2023,HBJ,150,17
17,2023,HLTH,254,17
17,2023,MANU,52,17
17,2023,MING,13,17
17,2023,OFFI,165,17
17,2023,OTHR,491,17
17,2023,RETL,286,17
17,2023,WSLE,139,17
17,2024,AGRI,284,17
17,2024,CONS,162,17
17,2024,FOOD,1176,17
17,2024,GVED,580,17
17,2024,HBJ,151,17
17,2024,HLTH,259,17
17,2024,MANU,49,17
17,2024,MING,11,17
17,2024,OFFI,139,17
17,2024,OTHR,483,17
17,2024,RETL,297,17
17,2024,WSLE,147,17
17,2025,AGRI,282,17
17,2025,CONS,166,17
17,2025,FOOD,1178,17
17,2025,GVED,589,17
17,2025,HBJ,162,17
17,2025,HLTH,268,17
17,2025,MANU,50,17
17,2025,MING,10,17
17,2025,OFFI,138,17
17,2025,OTHR,491,17
17,2025,RETL,298,17
17,2025,WSLE,148,17
17,2026,AGRI,282,17
17,2026,CONS,168,17
17,2026,FOOD,1188,17
17,2026,GVED,594,17
17,2026,HBJ,165,17
17,2026,HLTH,278,17
17,2026,MANU,50,17
17,2026,MING,11,17
17,2026,OFFI,138,17
17,2026,OTHR,495,17
17,2026,RETL,300,17
17,2026,WSLE,147,17
17,2027,AGRI,280,17
17,2027,CONS,172,17
17,2027,FOOD,1190,17
17,2027,GVED,599,17
17,2027,HBJ,168,17
17,2027,HLTH,283,17
17,2027,MANU,51,17
17,2027,MING,11,17
17,2027,OFFI,137,17
17,2027,OTHR,503,17
17,2027,RETL,303,17
17,2027,WSLE,148,17
17,2028,AGRI,279,17
17,2028,CONS,178,17
17,2028,FOOD,1191,17
17,2028,GVED,603,17
17,2028,HBJ,170,17
17,2028,HLTH,287,17
17,2028,MANU,52,17
17,2028,MING,10,17
17,2028,OFFI,136,17
17,2028,OTHR,512,17
17,2028,RETL,306,17
17,2028,WSLE,148,17
17,2029,AGRI,276,17
17,2029,CONS,184,17
17,2029,FOOD,1185,17
17,2029,GVED,607,17
17,2029,HBJ,171,17
17,2029,HLTH,291,17
17,2029,MANU,53,17
17,2029,MING,10,17
17,2029,OFFI,137,17
17,2029,OTHR,521,17
17,2029,RETL,309,17
17,2029,WSLE,148,17
17,2030,AGRI,275,17
17,2030,CONS,189,17
17,2030,FOOD,1177,17
17,2030,GVED,610,17
17,2030,HBJ,173,17
17,2030,HLTH,295,17
17,2030,MANU,54,17
17,2030,MING,9,17
17,2030,OFFI,137,17
17,2030,OTHR,527,17
17,2030,RETL,314,17
17,2030,WSLE,145,17
17,2031,AGRI,273,17
17,2031,CONS,191,17
17,2031,FOOD,1161,17
17,2031,GVED,612,17
17,2031,HBJ,175,17
17,2031,HLTH,299,17
17,2031,MANU,55,17
17,2031,MING,9,17
17,2031,OFFI,137,17
17,2031,OTHR,534,17
17,2031,RETL,319,17
17,2031,WSLE,145,17
17,2032,AGRI,272,17
17,2032,CONS,192,17
17,2032,FOOD,1150,17
17,2032,GVED,613,17
17,2032,HBJ,178,17
17,2032,HLTH,302,17
17,2032,MANU,56,17
17,2032,MING,10,17
17,2032,OFFI,138,17
17,2032,OTHR,538,17
17,2032,RETL,322,17
17,2032,WSLE,144,17
17,2033,AGRI,272,17
17,2033,CONS,195,17
17,2033,FOOD,1144,17
17,2033,GVED,613,17
17,2033,HBJ,180,17
17,2033,HLTH,305,17
17,2033,MANU,57,17
17,2033,MING,10,17
17,2033,OFFI,137,17
17,2033,OTHR,546,17
17,2033,RETL,324,17
17,2033,WSLE,143,17
17,2034,AGRI,271,17
17,2034,CONS,199,17
17,2034,FOOD,1144,17
17,2034,GVED,615,17
17,2034,HBJ,183,17
17,2034,HLTH,308,17
17,2034,MANU,58,17
17,2034,MING,11,17
17,2034,OFFI,137,17
17,2034,OTHR,554,17
17,2034,RETL,326,17
17,2034,WSLE,141,17
17,2035,AGRI,271,17
17,2035,CONS,200,17
17,2035,FOOD,1130,17
17,2035,GVED,615,17
17,2035,HBJ,183,17
17,2035,HLTH,307,17
17,2035,MANU,59,17
17,2035,MING,11,17
17,2035,OFFI,138,17
17,2035,OTHR,548,17
17,2035,RETL,325,17
17,2035,WSLE,139,17
17,2036,AGRI,270,17
17,2036,CONS,203,17
17,2036,FOOD,1131,17
17,2036,GVED,617,17
17,2036,HBJ,184,17
17,2036,HLTH,308,17
17,2036,MANU,59,17
17,2036,MING,11,17
17,2036,OFFI,140,17
17,2036,OTHR,550,17
17,2036,RETL,325,17
17,2036,WSLE,137,17
17,2037,AGRI,269,17
17,2037,CONS,202,17
17,2037,FOOD,1132,17
17,2037,GVED,620,17
17,2037,HBJ,190,17
17,2037,HLTH,309,17
17,2037,MANU,60,17
17,2037,MING,10,17
17,2037,OFFI,141,17
17,2037,OTHR,554,17
17,2037,RETL,325,17
17,2037,WSLE,136,17
17,2038,AGRI,269,17
17,2038,CONS,201,17
17,2038,FOOD,1131,17
17,2038,GVED,624,17
17,2038,HBJ,193,17
17,2038,HLTH,311,17
17,2038,MANU,61,17
17,2038,MING,10,17
17,2038,OFFI,143,17
17,2038,OTHR,561,17
17,2038,RETL,327,17
17,2038,WSLE,135,17
17,2039,AGRI,268,17
17,2039,CONS,200,17
17,2039,FOOD,1131,17
17,2039,GVED,629,17
17,2039,HBJ,195,17
17,2039,HLTH,314,17
17,2039,MANU,62,17
17,2039,MING,10,17
17,2039,OFFI,143,17
17,2039,OTHR,567,17
17,2039,RETL,329,17
17,2039,WSLE,134,17
17,2040,AGRI,267,17
17,2040,CONS,199,17
17,2040,FOOD,1128,17
17,2040,GVED,636,17
17,2040,HBJ,199,17
17,2040,HLTH,318,17
17,2040,MANU,62,17
17,2040,MING,10,17
17,2040,OFFI,145,17
17,2040,OTHR,573,17
17,2040,RETL,331,17
17,2040,WSLE,134,17
17,2041,AGRI,267,17
17,2041,CONS,199,17
17,2041,FOOD,1126,17
17,2041,GVED,641,17
17,2041,HBJ,201,17
17,2041,HLTH,320,17
17,2041,MANU,63,17
17,2041,MING,10,17
17,2041,OFFI,145,17
17,2041,OTHR,578,17
17,2041,RETL,336,17
17,2041,WSLE,133,17
17,2042,AGRI,266,17
17,2042,CONS,197,17
17,2042,FOOD,1123,17
17,2042,GVED,646,17
17,2042,HBJ,204,17
17,2042,HLTH,321,17
17,2042,MANU,64,17
17,2042,MING,10,17
17,2042,OFFI,146,17
17,2042,OTHR,584,17
17,2042,RETL,337,17
17,2042,WSLE,133,17
17,2043,AGRI,265,17
17,2043,CONS,197,17
17,2043,FOOD,1120,17
17,2043,GVED,653,17
17,2043,HBJ,207,17
17,2043,HLTH,323,17
17,2043,MANU,64,17
17,2043,MING,10,17
17,2043,OFFI,147,17
17,2043,OTHR,589,17
17,2043,RETL,339,17
17,2043,WSLE,132,17
17,2044,AGRI,265,17
17,2044,CONS,198,17
17,2044,FOOD,1116,17
17,2044,GVED,660,17
17,2044,HBJ,209,17
17,2044,HLTH,327,17
17,2044,MANU,65,17
17,2044,MING,10,17
17,2044,OFFI,148,17
17,2044,OTHR,595,17
17,2044,RETL,342,17
17,2044,WSLE,131,17
17,2045,AGRI,264,17
17,2045,CONS,197,17
17,2045,FOOD,1113,17
17,2045,GVED,668,17
17,2045,HBJ,212,17
17,2045,HLTH,329,17
17,2045,MANU,66,17
17,2045,MING,10,17
17,2045,OFFI,148,17
17,2045,OTHR,599,17
17,2045,RETL,346,17
17,2045,WSLE,131,17
17,2046,AGRI,263,17
17,2046,CONS,200,17
17,2046,FOOD,1109,17
17,2046,GVED,676,17
17,2046,HBJ,217,17
17,2046,HLTH,332,17
17,2046,MANU,66,17
17,2046,MING,10,17
17,2046,OFFI,150,17
17,2046,OTHR,604,17
17,2046,RETL,349,17
17,2046,WSLE,130,17
17,2047,AGRI,263,17
17,2047,CONS,207,17
17,2047,FOOD,1106,17
17,2047,GVED,684,17
17,2047,HBJ,219,17
17,2047,HLTH,335,17
17,2047,MANU,67,17
17,2047,MING,10,17
17,2047,OFFI,150,17
17,2047,OTHR,608,17
17,2047,RETL,354,17
17,2047,WSLE,131,17
17,2048,AGRI,262,17
17,2048,CONS,214,17
17,2048,FOOD,1103,17
17,2048,GVED,692,17
17,2048,HBJ,221,17
17,2048,HLTH,339,17
17,2048,MANU,68,17
17,2048,MING,10,17
17,2048,OFFI,153,17
17,2048,OTHR,613,17
17,2048,RETL,358,17
17,2048,WSLE,130,17
17,2049,AGRI,262,17
17,2049,CONS,220,17
17,2049,FOOD,1101,17
17,2049,GVED,699,17
17,2049,HBJ,225,17
17,2049,HLTH,340,17
17,2049,MANU,69,17
17,2049,MING,10,17
17,2049,OFFI,153,17
17,2049,OTHR,614,17
17,2049,RETL,361,17
17,2049,WSLE,131,17
17,2050,AGRI,260,17
17,2050,CONS,228,17
17,2050,FOOD,1099,17
17,2050,GVED,708,17
17,2050,HBJ,230,17
17,2050,HLTH,344,17
17,2050,MANU,70,17
17,2050,MING,10,17
17,2050,OFFI,154,17
17,2050,OTHR,619,17
17,2050,RETL,365,17
17,2050,WSLE,129,17
17,2051,AGRI,260,17
17,2051,CONS,237,17
17,2051,FOOD,1096,17
17,2051,GVED,713,17
17,2051,HBJ,232,17
17,2051,HLTH,347,17
17,2051,MANU,71,17
17,2051,MING,10,17
17,2051,OFFI,156,17
17,2051,OTHR,623,17
17,2051,RETL,370,17
17,2051,WSLE,129,17
17,2052,AGRI,259,17
17,2052,CONS,245,17
17,2052,FOOD,1094,17
17,2052,GVED,719,17
17,2052,HBJ,236,17
17,2052,HLTH,349,17
17,2052,MANU,72,17
17,2052,MING,10,17
17,2052,OFFI,155,17
17,2052,OTHR,627,17
17,2052,RETL,374,17
17,2052,WSLE,129,17
17,2053,AGRI,258,17
17,2053,CONS,253,17
17,2053,FOOD,1092,17
17,2053,GVED,726,17
17,2053,HBJ,240,17
17,2053,HLTH,351,17
17,2053,MANU,72,17
17,2053,MING,10,17
17,2053,OFFI,156,17
17,2053,OTHR,631,17
17,2053,RETL,378,17
17,2053,WSLE,128,17
17,2054,AGRI,257,17
17,2054,CONS,262,17
17,2054,FOOD,1090,17
17,2054,GVED,733,17
17,2054,HBJ,243,17
17,2054,HLTH,354,17
17,2054,MANU,73,17
17,2054,MING,10,17
17,2054,OFFI,158,17
17,2054,OTHR,634,17
17,2054,RETL,381,17
17,2054,WSLE,129,17
17,2055,AGRI,255,17
17,2055,CONS,271,17
17,2055,FOOD,1086,17
17,2055,GVED,736,17
17,2055,HBJ,246,17
17,2055,HLTH,355,17
17,2055,MANU,74,17
17,2055,MING,10,17
17,2055,OFFI,157,17
17,2055,OTHR,637,17
17,2055,RETL,386,17
17,2055,WSLE,128,17
17,2056,AGRI,254,17
17,2056,CONS,277,17
17,2056,FOOD,1081,17
17,2056,GVED,741,17
17,2056,HBJ,251,17
17,2056,HLTH,357,17
17,2056,MANU,75,17
17,2056,MING,10,17
17,2056,OFFI,158,17
17,2056,OTHR,640,17
17,2056,RETL,388,17
17,2056,WSLE,129,17
17,2057,AGRI,254,17
17,2057,CONS,283,17
17,2057,FOOD,1075,17
17,2057,GVED,744,17
17,2057,HBJ,254,17
17,2057,HLTH,359,17
17,2057,MANU,74,17
17,2057,MING,10,17
17,2057,OFFI,159,17
17,2057,OTHR,644,17
17,2057,RETL,391,17
17,2057,WSLE,128,17
17,2058,AGRI,253,17
17,2058,CONS,286,17
17,2058,FOOD,1070,17
17,2058,GVED,750,17
17,2058,HBJ,256,17
17,2058,HLTH,359,17
17,2058,MANU,75,17
17,2058,MING,10,17
17,2058,OFFI,159,17
17,2058,OTHR,647,17
17,2058,RETL,391,17
17,2058,WSLE,127,17
17,2059,AGRI,252,17
17,2059,CONS,288,17
17,2059,FOOD,1065,17
17,2059,GVED,753,17
17,2059,HBJ,260,17
17,2059,HLTH,360,17
17,2059,MANU,75,17
17,2059,MING,10,17
17,2059,OFFI,159,17
17,2059,OTHR,651,17
17,2059,RETL,393,17
17,2059,WSLE,128,17
17,2060,AGRI,250,17
17,2060,CONS,290,17
17,2060,FOOD,1059,17
17,2060,GVED,758,17
17,2060,HBJ,263,17
17,2060,HLTH,362,17
17,2060,MANU,75,17
17,2060,MING,10,17
17,2060,OFFI,160,17
17,2060,OTHR,655,17
17,2060,RETL,393,17
17,2060,WSLE,127,17
17,2061,AGRI,250,17
17,2061,CONS,293,17
17,2061,FOOD,1053,17
17,2061,GVED,760,17
17,2061,HBJ,264,17
17,2061,HLTH,364,17
17,2061,MANU,76,17
17,2061,MING,10,17
17,2061,OFFI,162,17
17,2061,OTHR,658,17
17,2061,RETL,394,17
17,2061,WSLE,127,17
17,2062,AGRI,249,17
17,2062,CONS,296,17
17,2062,FOOD,1049,17
17,2062,GVED,763,17
17,2062,HBJ,268,17
17,2062,HLTH,365,17
17,2062,MANU,77,17
17,2062,MING,10,17
17,2062,OFFI,162,17
17,2062,OTHR,662,17
17,2062,RETL,396,17
17,2062,WSLE,126,17
17,2063,AGRI,248,17
17,2063,CONS,298,17
17,2063,FOOD,1044,17
17,2063,GVED,766,17
17,2063,HBJ,270,17
17,2063,HLTH,367,17
17,2063,MANU,77,17
17,2063,MING,10,17
17,2063,OFFI,162,17
17,2063,OTHR,666,17
17,2063,RETL,398,17
17,2063,WSLE,126,17
17,2064,AGRI,248,17
17,2064,CONS,301,17
17,2064,FOOD,1040,17
17,2064,GVED,772,17
17,2064,HBJ,272,17
17,2064,HLTH,369,17
17,2064,MANU,78,17
17,2064,MING,10,17
17,2064,OFFI,163,17
17,2064,OTHR,670,17
17,2064,RETL,401,17
17,2064,WSLE,126,17
17,2065,AGRI,247,17
17,2065,CONS,302,17
17,2065,FOOD,1036,17
17,2065,GVED,776,17
17,2065,HBJ,276,17
17,2065,HLTH,371,17
17,2065,MANU,79,17
17,2065,MING,10,17
17,2065,OFFI,164,17
17,2065,OTHR,673,17
17,2065,RETL,403,17
17,2065,WSLE,126,17
19,2023,AGRI,100,19
19,2023,CONS,449,19
19,2023,FOOD,2466,19
19,2023,GVED,1253,19
19,2023,HBJ,389,19
19,2023,HLTH,610,19
19,2023,MANU,157,19
19,2023,MING,117,19
19,2023,OFFI,525,19
19,2023,OTHR,2062,19
19,2023,RETL,973,19
19,2023,WSLE,375,19
19,2024,AGRI,100,19
19,2024,CONS,487,19
19,2024,FOOD,2421,19
19,2024,GVED,1312,19
19,2024,HBJ,384,19
19,2024,HLTH,633,19
19,2024,MANU,157,19
19,2024,MING,119,19
19,2024,OFFI,529,19
19,2024,OTHR,2024,19
19,2024,RETL,964,19
19,2024,WSLE,376,19
19,2025,AGRI,99,19
19,2025,CONS,502,19
19,2025,FOOD,2424,19
19,2025,GVED,1332,19
19,2025,HBJ,413,19
19,2025,HLTH,651,19
19,2025,MANU,159,19
19,2025,MING,117,19
19,2025,OFFI,536,19
19,2025,OTHR,2059,19
19,2025,RETL,962,19
19,2025,WSLE,381,19
19,2026,AGRI,99,19
19,2026,CONS,508,19
19,2026,FOOD,2441,19
19,2026,GVED,1332,19
19,2026,HBJ,417,19
19,2026,HLTH,660,19
19,2026,MANU,161,19
19,2026,MING,121,19
19,2026,OFFI,534,19
19,2026,OTHR,2092,19
19,2026,RETL,953,19
19,2026,WSLE,384,19
19,2027,AGRI,98,19
19,2027,CONS,511,19
19,2027,FOOD,2444,19
19,2027,GVED,1329,19
19,2027,HBJ,422,19
19,2027,HLTH,665,19
19,2027,MANU,162,19
19,2027,MING,123,19
19,2027,OFFI,532,19
19,2027,OTHR,2141,19
19,2027,RETL,950,19
19,2027,WSLE,387,19
19,2028,AGRI,98,19
19,2028,CONS,513,19
19,2028,FOOD,2444,19
19,2028,GVED,1322,19
19,2028,HBJ,428,19
19,2028,HLTH,666,19
19,2028,MANU,163,19
19,2028,MING,117,19
19,2028,OFFI,534,19
19,2028,OTHR,2205,19
19,2028,RETL,944,19
19,2028,WSLE,387,19
19,2029,AGRI,97,19
19,2029,CONS,517,19
19,2029,FOOD,2430,19
19,2029,GVED,1316,19
19,2029,HBJ,434,19
19,2029,HLTH,668,19
19,2029,MANU,164,19
19,2029,MING,110,19
19,2029,OFFI,538,19
19,2029,OTHR,2258,19
19,2029,RETL,941,19
19,2029,WSLE,388,19
19,2030,AGRI,97,19
19,2030,CONS,519,19
19,2030,FOOD,2409,19
19,2030,GVED,1315,19
19,2030,HBJ,440,19
19,2030,HLTH,674,19
19,2030,MANU,167,19
19,2030,MING,107,19
19,2030,OFFI,543,19
19,2030,OTHR,2300,19
19,2030,RETL,944,19
19,2030,WSLE,386,19
19,2031,AGRI,96,19
19,2031,CONS,517,19
19,2031,FOOD,2377,19
19,2031,GVED,1304,19
19,2031,HBJ,446,19
19,2031,HLTH,678,19
19,2031,MANU,170,19
19,2031,MING,108,19
19,2031,OFFI,547,19
19,2031,OTHR,2333,19
19,2031,RETL,949,19
19,2031,WSLE,385,19
19,2032,AGRI,95,19
19,2032,CONS,517,19
19,2032,FOOD,2351,19
19,2032,GVED,1298,19
19,2032,HBJ,451,19
19,2032,HLTH,683,19
19,2032,MANU,172,19
19,2032,MING,113,19
19,2032,OFFI,551,19
19,2032,OTHR,2363,19
19,2032,RETL,954,19
19,2032,WSLE,385,19
19,2033,AGRI,95,19
19,2033,CONS,520,19
19,2033,FOOD,2337,19
19,2033,GVED,1293,19
19,2033,HBJ,458,19
19,2033,HLTH,686,19
19,2033,MANU,174,19
19,2033,MING,118,19
19,2033,OFFI,558,19
19,2033,OTHR,2394,19
19,2033,RETL,956,19
19,2033,WSLE,382,19
19,2034,AGRI,95,19
19,2034,CONS,525,19
19,2034,FOOD,2334,19
19,2034,GVED,1294,19
19,2034,HBJ,467,19
19,2034,HLTH,693,19
19,2034,MANU,175,19
19,2034,MING,123,19
19,2034,OFFI,567,19
19,2034,OTHR,2451,19
19,2034,RETL,964,19
19,2034,WSLE,379,19
19,2035,AGRI,95,19
19,2035,CONS,524,19
19,2035,FOOD,2309,19
19,2035,GVED,1290,19
19,2035,HBJ,467,19
19,2035,HLTH,692,19
19,2035,MANU,176,19
19,2035,MING,124,19
19,2035,OFFI,575,19
19,2035,OTHR,2398,19
19,2035,RETL,961,19
19,2035,WSLE,374,19
19,2036,AGRI,95,19
19,2036,CONS,524,19
19,2036,FOOD,2308,19
19,2036,GVED,1290,19
19,2036,HBJ,474,19
19,2036,HLTH,692,19
19,2036,MANU,179,19
19,2036,MING,123,19
19,2036,OFFI,583,19
19,2036,OTHR,2416,19
19,2036,RETL,961,19
19,2036,WSLE,370,19
19,2037,AGRI,95,19
19,2037,CONS,522,19
19,2037,FOOD,2316,19
19,2037,GVED,1297,19
19,2037,HBJ,482,19
19,2037,HLTH,693,19
19,2037,MANU,182,19
19,2037,MING,122,19
19,2037,OFFI,590,19
19,2037,OTHR,2438,19
19,2037,RETL,966,19
19,2037,WSLE,368,19
19,2038,AGRI,95,19
19,2038,CONS,519,19
19,2038,FOOD,2315,19
19,2038,GVED,1304,19
19,2038,HBJ,489,19
19,2038,HLTH,696,19
19,2038,MANU,183,19
19,2038,MING,122,19
19,2038,OFFI,596,19
19,2038,OTHR,2466,19
19,2038,RETL,969,19
19,2038,WSLE,367,19
19,2039,AGRI,95,19
19,2039,CONS,515,19
19,2039,FOOD,2314,19
19,2039,GVED,1312,19
19,2039,HBJ,497,19
19,2039,HLTH,698,19
19,2039,MANU,184,19
19,2039,MING,122,19
19,2039,OFFI,602,19
19,2039,OTHR,2490,19
19,2039,RETL,973,19
19,2039,WSLE,366,19
19,2040,AGRI,95,19
19,2040,CONS,511,19
19,2040,FOOD,2311,19
19,2040,GVED,1324,19
19,2040,HBJ,503,19
19,2040,HLTH,700,19
19,2040,MANU,186,19
19,2040,MING,122,19
19,2040,OFFI,609,19
19,2040,OTHR,2515,19
19,2040,RETL,977,19
19,2040,WSLE,364,19
19,2041,AGRI,95,19
19,2041,CONS,506,19
19,2041,FOOD,2310,19
19,2041,GVED,1331,19
19,2041,HBJ,511,19
19,2041,HLTH,701,19
19,2041,MANU,188,19
19,2041,MING,122,19
19,2041,OFFI,615,19
19,2041,OTHR,2539,19
19,2041,RETL,982,19
19,2041,WSLE,364,19
19,2042,AGRI,95,19
19,2042,CONS,502,19
19,2042,FOOD,2306,19
19,2042,GVED,1342,19
19,2042,HBJ,518,19
19,2042,HLTH,702,19
19,2042,MANU,190,19
19,2042,MING,123,19
19,2042,OFFI,622,19
19,2042,OTHR,2563,19
19,2042,RETL,987,19
19,2042,WSLE,364,19
19,2043,AGRI,95,19
19,2043,CONS,499,19
19,2043,FOOD,2304,19
19,2043,GVED,1356,19
19,2043,HBJ,526,19
19,2043,HLTH,701,19
19,2043,MANU,190,19
19,2043,MING,124,19
19,2043,OFFI,629,19
19,2043,OTHR,2583,19
19,2043,RETL,992,19
19,2043,WSLE,362,19
19,2044,AGRI,94,19
19,2044,CONS,497,19
19,2044,FOOD,2298,19
19,2044,GVED,1370,19
19,2044,HBJ,534,19
19,2044,HLTH,700,19
19,2044,MANU,192,19
19,2044,MING,124,19
19,2044,OFFI,637,19
19,2044,OTHR,2605,19
19,2044,RETL,997,19
19,2044,WSLE,362,19
19,2045,AGRI,93,19
19,2045,CONS,497,19
19,2045,FOOD,2296,19
19,2045,GVED,1384,19
19,2045,HBJ,544,19
19,2045,HLTH,700,19
19,2045,MANU,194,19
19,2045,MING,124,19
19,2045,OFFI,646,19
19,2045,OTHR,2627,19
19,2045,RETL,1003,19
19,2045,WSLE,362,19
19,2046,AGRI,93,19
19,2046,CONS,500,19
19,2046,FOOD,2292,19
19,2046,GVED,1399,19
19,2046,HBJ,552,19
19,2046,HLTH,701,19
19,2046,MANU,196,19
19,2046,MING,124,19
19,2046,OFFI,656,19
19,2046,OTHR,2647,19
19,2046,RETL,1009,19
19,2046,WSLE,363,19
19,2047,AGRI,93,19
19,2047,CONS,506,19
19,2047,FOOD,2288,19
19,2047,GVED,1415,19
19,2047,HBJ,561,19
19,2047,HLTH,703,19
19,2047,MANU,196,19
19,2047,MING,126,19
19,2047,OFFI,670,19
19,2047,OTHR,2668,19
19,2047,RETL,1019,19
19,2047,WSLE,363,19
19,2048,AGRI,92,19
19,2048,CONS,514,19
19,2048,FOOD,2289,19
19,2048,GVED,1429,19
19,2048,HBJ,572,19
19,2048,HLTH,702,19
19,2048,MANU,198,19
19,2048,MING,126,19
19,2048,OFFI,681,19
19,2048,OTHR,2685,19
19,2048,RETL,1027,19
19,2048,WSLE,363,19
19,2049,AGRI,92,19
19,2049,CONS,525,19
19,2049,FOOD,2291,19
19,2049,GVED,1445,19
19,2049,HBJ,580,19
19,2049,HLTH,704,19
19,2049,MANU,200,19
19,2049,MING,128,19
19,2049,OFFI,696,19
19,2049,OTHR,2704,19
19,2049,RETL,1037,19
19,2049,WSLE,363,19
19,2050,AGRI,92,19
19,2050,CONS,537,19
19,2050,FOOD,2292,19
19,2050,GVED,1461,19
19,2050,HBJ,590,19
19,2050,HLTH,706,19
19,2050,MANU,202,19
19,2050,MING,130,19
19,2050,OFFI,709,19
19,2050,OTHR,2724,19
19,2050,RETL,1050,19
19,2050,WSLE,363,19
19,2051,AGRI,91,19
19,2051,CONS,547,19
19,2051,FOOD,2294,19
19,2051,GVED,1469,19
19,2051,HBJ,600,19
19,2051,HLTH,707,19
19,2051,MANU,203,19
19,2051,MING,132,19
19,2051,OFFI,719,19
19,2051,OTHR,2742,19
19,2051,RETL,1059,19
19,2051,WSLE,362,19
19,2052,AGRI,91,19
19,2052,CONS,560,19
19,2052,FOOD,2295,19
19,2052,GVED,1482,19
19,2052,HBJ,610,19
19,2052,HLTH,710,19
19,2052,MANU,205,19
19,2052,MING,134,19
19,2052,OFFI,727,19
19,2052,OTHR,2762,19
19,2052,RETL,1070,19
19,2052,WSLE,363,19
19,2053,AGRI,91,19
19,2053,CONS,573,19
19,2053,FOOD,2296,19
19,2053,GVED,1493,19
19,2053,HBJ,620,19
19,2053,HLTH,713,19
19,2053,MANU,207,19
19,2053,MING,135,19
19,2053,OFFI,734,19
19,2053,OTHR,2783,19
19,2053,RETL,1083,19
19,2053,WSLE,363,19
19,2054,AGRI,91,19
19,2054,CONS,587,19
19,2054,FOOD,2298,19
19,2054,GVED,1503,19
19,2054,HBJ,631,19
19,2054,HLTH,715,19
19,2054,MANU,208,19
19,2054,MING,136,19
19,2054,OFFI,740,19
19,2054,OTHR,2803,19
19,2054,RETL,1096,19
19,2054,WSLE,363,19
19,2055,AGRI,90,19
19,2055,CONS,601,19
19,2055,FOOD,2298,19
19,2055,GVED,1515,19
19,2055,HBJ,643,19
19,2055,HLTH,717,19
19,2055,MANU,208,19
19,2055,MING,137,19
19,2055,OFFI,747,19
19,2055,OTHR,2821,19
19,2055,RETL,1108,19
19,2055,WSLE,363,19
19,2056,AGRI,90,19
19,2056,CONS,605,19
19,2056,FOOD,2296,19
19,2056,GVED,1523,19
19,2056,HBJ,651,19
19,2056,HLTH,718,19
19,2056,MANU,209,19
19,2056,MING,137,19
19,2056,OFFI,753,19
19,2056,OTHR,2842,19
19,2056,RETL,1116,19
19,2056,WSLE,365,19
19,2057,AGRI,90,19
19,2057,CONS,609,19
19,2057,FOOD,2291,19
19,2057,GVED,1527,19
19,2057,HBJ,658,19
19,2057,HLTH,719,19
19,2057,MANU,210,19
19,2057,MING,135,19
19,2057,OFFI,759,19
19,2057,OTHR,2863,19
19,2057,RETL,1125,19
19,2057,WSLE,365,19
19,2058,AGRI,90,19
19,2058,CONS,612,19
19,2058,FOOD,2286,19
19,2058,GVED,1532,19
19,2058,HBJ,667,19
19,2058,HLTH,720,19
19,2058,MANU,211,19
19,2058,MING,133,19
19,2058,OFFI,765,19
19,2058,OTHR,2884,19
19,2058,RETL,1133,19
19,2058,WSLE,366,19
19,2059,AGRI,89,19
19,2059,CONS,616,19
19,2059,FOOD,2278,19
19,2059,GVED,1535,19
19,2059,HBJ,675,19
19,2059,HLTH,721,19
19,2059,MANU,212,19
19,2059,MING,132,19
19,2059,OFFI,771,19
19,2059,OTHR,2902,19
19,2059,RETL,1140,19
19,2059,WSLE,367,19
19,2060,AGRI,89,19
19,2060,CONS,620,19
19,2060,FOOD,2273,19
19,2060,GVED,1541,19
19,2060,HBJ,684,19
19,2060,HLTH,721,19
19,2060,MANU,212,19
19,2060,MING,132,19
19,2060,OFFI,777,19
19,2060,OTHR,2920,19
19,2060,RETL,1147,19
19,2060,WSLE,366,19
19,2061,AGRI,89,19
19,2061,CONS,623,19
19,2061,FOOD,2268,19
19,2061,GVED,1540,19
19,2061,HBJ,689,19
19,2061,HLTH,722,19
19,2061,MANU,214,19
19,2061,MING,132,19
19,2061,OFFI,783,19
19,2061,OTHR,2938,19
19,2061,RETL,1154,19
19,2061,WSLE,366,19
19,2062,AGRI,88,19
19,2062,CONS,624,19
19,2062,FOOD,2263,19
19,2062,GVED,1543,19
19,2062,HBJ,699,19
19,2062,HLTH,722,19
19,2062,MANU,215,19
19,2062,MING,132,19
19,2062,OFFI,788,19
19,2062,OTHR,2960,19
19,2062,RETL,1161,19
19,2062,WSLE,367,19
19,2063,AGRI,88,19
19,2063,CONS,627,19
19,2063,FOOD,2260,19
19,2063,GVED,1546,19
19,2063,HBJ,707,19
19,2063,HLTH,721,19
19,2063,MANU,217,19
19,2063,MING,132,19
19,2063,OFFI,794,19
19,2063,OTHR,2981,19
19,2063,RETL,1167,19
19,2063,WSLE,368,19
19,2064,AGRI,87,19
19,2064,CONS,629,19
19,2064,FOOD,2257,19
19,2064,GVED,1549,19
19,2064,HBJ,715,19
19,2064,HLTH,722,19
19,2064,MANU,216,19
19,2064,MING,131,19
19,2064,OFFI,799,19
19,2064,OTHR,3002,19
19,2064,RETL,1174,19
19,2064,WSLE,368,19
19,2065,AGRI,87,19
19,2065,CONS,630,19
19,2065,FOOD,2254,19
19,2065,GVED,1551,19
19,2065,HBJ,726,19
19,2065,HLTH,722,19
19,2065,MANU,218,19
19,2065,MING,131,19
19,2065,OFFI,805,19
19,2065,OTHR,3021,19
19,2065,RETL,1180,19
19,2065,WSLE,368,19
21,2023,AGRI,1195,21
21,2023,CONS,3175,21
21,2023,FOOD,2974,21
21,2023,GVED,6126,21
21,2023,HBJ,1050,21
21,2023,HLTH,3046,21
21,2023,MANU,2738,21
21,2023,MING,360,21
21,2023,OFFI,2268,21
21,2023,OTHR,8049,21
21,2023,RETL,3738,21
21,2023,WSLE,1394,21
21,2024,AGRI,1197,21
21,2024,CONS,3182,21
21,2024,FOOD,3058,21
21,2024,GVED,6295,21
21,2024,HBJ,1053,21
21,2024,HLTH,3150,21
21,2024,MANU,2796,21
21,2024,MING,377,21
21,2024,OFFI,2027,21
21,2024,OTHR,8696,21
21,2024,RETL,3725,21
21,2024,WSLE,1360,21
21,2025,AGRI,1191,21
21,2025,CONS,3282,21
21,2025,FOOD,3083,21
21,2025,GVED,6439,21
21,2025,HBJ,1164,21
21,2025,HLTH,3300,21
21,2025,MANU,2934,21
21,2025,MING,271,21
21,2025,OFFI,2115,21
21,2025,OTHR,8854,21
21,2025,RETL,3786,21
21,2025,WSLE,1411,21
21,2026,AGRI,1189,21
21,2026,CONS,3372,21
21,2026,FOOD,3130,21
21,2026,GVED,6560,21
21,2026,HBJ,1201,21
21,2026,HLTH,3443,21
21,2026,MANU,3047,21
21,2026,MING,279,21
21,2026,OFFI,2171,21
21,2026,OTHR,9010,21
21,2026,RETL,3836,21
21,2026,WSLE,1454,21
21,2027,AGRI,1183,21
21,2027,CONS,3456,21
21,2027,FOOD,3157,21
21,2027,GVED,6690,21
21,2027,HBJ,1237,21
21,2027,HLTH,3553,21
21,2027,MANU,3155,21
21,2027,MING,282,21
21,2027,OFFI,2227,21
21,2027,OTHR,9146,21
21,2027,RETL,3900,21
21,2027,WSLE,1497,21
21,2028,AGRI,1174,21
21,2028,CONS,3592,21
21,2028,FOOD,3184,21
21,2028,GVED,6818,21
21,2028,HBJ,1278,21
21,2028,HLTH,3648,21
21,2028,MANU,3265,21
21,2028,MING,263,21
21,2028,OFFI,2299,21
21,2028,OTHR,9330,21
21,2028,RETL,3957,21
21,2028,WSLE,1530,21
21,2029,AGRI,1167,21
21,2029,CONS,3751,21
21,2029,FOOD,3198,21
21,2029,GVED,6958,21
21,2029,HBJ,1321,21
21,2029,HLTH,3736,21
21,2029,MANU,3391,21
21,2029,MING,338,21
21,2029,OFFI,2382,21
21,2029,OTHR,9524,21
21,2029,RETL,4015,21
21,2029,WSLE,1563,21
21,2030,AGRI,1159,21
21,2030,CONS,3857,21
21,2030,FOOD,3195,21
21,2030,GVED,7062,21
21,2030,HBJ,1360,21
21,2030,HLTH,3825,21
21,2030,MANU,3518,21
21,2030,MING,329,21
21,2030,OFFI,2468,21
21,2030,OTHR,9680,21
21,2030,RETL,4084,21
21,2030,WSLE,1593,21
21,2031,AGRI,1153,21
21,2031,CONS,3932,21
21,2031,FOOD,3176,21
21,2031,GVED,7145,21
21,2031,HBJ,1401,21
21,2031,HLTH,3916,21
21,2031,MANU,3639,21
21,2031,MING,328,21
21,2031,OFFI,2549,21
21,2031,OTHR,9823,21
21,2031,RETL,4160,21
21,2031,WSLE,1625,21
21,2032,AGRI,1147,21
21,2032,CONS,4008,21
21,2032,FOOD,3168,21
21,2032,GVED,7229,21
21,2032,HBJ,1442,21
21,2032,HLTH,4004,21
21,2032,MANU,3756,21
21,2032,MING,340,21
21,2032,OFFI,2628,21
21,2032,OTHR,9972,21
21,2032,RETL,4219,21
21,2032,WSLE,1655,21
21,2033,AGRI,1147,21
21,2033,CONS,4088,21
21,2033,FOOD,3177,21
21,2033,GVED,7304,21
21,2033,HBJ,1480,21
21,2033,HLTH,4081,21
21,2033,MANU,3859,21
21,2033,MING,353,21
21,2033,OFFI,2714,21
21,2033,OTHR,10107,21
21,2033,RETL,4267,21
21,2033,WSLE,1680,21
21,2034,AGRI,1145,21
21,2034,CONS,4173,21
21,2034,FOOD,3209,21
21,2034,GVED,7397,21
21,2034,HBJ,1528,21
21,2034,HLTH,4166,21
21,2034,MANU,3958,21
21,2034,MING,365,21
21,2034,OFFI,2810,21
21,2034,OTHR,10333,21
21,2034,RETL,4316,21
21,2034,WSLE,1707,21
21,2035,AGRI,1143,21
21,2035,CONS,4247,21
21,2035,FOOD,3190,21
21,2035,GVED,7464,21
21,2035,HBJ,1557,21
21,2035,HLTH,4212,21
21,2035,MANU,4061,21
21,2035,MING,370,21
21,2035,OFFI,2899,21
21,2035,OTHR,10255,21
21,2035,RETL,4333,21
21,2035,WSLE,1720,21
21,2036,AGRI,1141,21
21,2036,CONS,4313,21
21,2036,FOOD,3218,21
21,2036,GVED,7561,21
21,2036,HBJ,1598,21
21,2036,HLTH,4274,21
21,2036,MANU,4178,21
21,2036,MING,366,21
21,2036,OFFI,2989,21
21,2036,OTHR,10361,21
21,2036,RETL,4370,21
21,2036,WSLE,1739,21
21,2037,AGRI,1140,21
21,2037,CONS,4338,21
21,2037,FOOD,3252,21
21,2037,GVED,7675,21
21,2037,HBJ,1639,21
21,2037,HLTH,4347,21
21,2037,MANU,4296,21
21,2037,MING,364,21
21,2037,OFFI,3075,21
21,2037,OTHR,10487,21
21,2037,RETL,4423,21
21,2037,WSLE,1763,21
21,2038,AGRI,1138,21
21,2038,CONS,4348,21
21,2038,FOOD,3277,21
21,2038,GVED,7805,21
21,2038,HBJ,1682,21
21,2038,HLTH,4437,21
21,2038,MANU,4410,21
21,2038,MING,363,21
21,2038,OFFI,3161,21
21,2038,OTHR,10655,21
21,2038,RETL,4480,21
21,2038,WSLE,1793,21
21,2039,AGRI,1136,21
21,2039,CONS,4347,21
21,2039,FOOD,3299,21
21,2039,GVED,7947,21
21,2039,HBJ,1728,21
21,2039,HLTH,4523,21
21,2039,MANU,4518,21
21,2039,MING,364,21
21,2039,OFFI,3242,21
21,2039,OTHR,10799,21
21,2039,RETL,4539,21
21,2039,WSLE,1824,21
21,2040,AGRI,1134,21
21,2040,CONS,4325,21
21,2040,FOOD,3311,21
21,2040,GVED,8078,21
21,2040,HBJ,1764,21
21,2040,HLTH,4603,21
21,2040,MANU,4552,21
21,2040,MING,363,21
21,2040,OFFI,3262,21
21,2040,OTHR,10914,21
21,2040,RETL,4586,21
21,2040,WSLE,1823,21
21,2041,AGRI,1130,21
21,2041,CONS,4282,21
21,2041,FOOD,3326,21
21,2041,GVED,8195,21
21,2041,HBJ,1796,21
21,2041,HLTH,4679,21
21,2041,MANU,4581,21
21,2041,MING,366,21
21,2041,OFFI,3277,21
21,2041,OTHR,11012,21
21,2041,RETL,4635,21
21,2041,WSLE,1825,21
21,2042,AGRI,1126,21
21,2042,CONS,4252,21
21,2042,FOOD,3334,21
21,2042,GVED,8314,21
21,2042,HBJ,1830,21
21,2042,HLTH,4750,21
21,2042,MANU,4611,21
21,2042,MING,369,21
21,2042,OFFI,3303,21
21,2042,OTHR,11111,21
21,2042,RETL,4677,21
21,2042,WSLE,1827,21
21,2043,AGRI,1124,21
21,2043,CONS,4222,21
21,2043,FOOD,3343,21
21,2043,GVED,8448,21
21,2043,HBJ,1862,21
21,2043,HLTH,4818,21
21,2043,MANU,4635,21
21,2043,MING,373,21
21,2043,OFFI,3321,21
21,2043,OTHR,11189,21
21,2043,RETL,4719,21
21,2043,WSLE,1829,21
21,2044,AGRI,1121,21
21,2044,CONS,4191,21
21,2044,FOOD,3350,21
21,2044,GVED,8580,21
21,2044,HBJ,1898,21
21,2044,HLTH,4890,21
21,2044,MANU,4659,21
21,2044,MING,372,21
21,2044,OFFI,3344,21
21,2044,OTHR,11273,21
21,2044,RETL,4760,21
21,2044,WSLE,1831,21
21,2045,AGRI,1118,21
21,2045,CONS,4198,21
21,2045,FOOD,3357,21
21,2045,GVED,8721,21
21,2045,HBJ,1934,21
21,2045,HLTH,4967,21
21,2045,MANU,4691,21
21,2045,MING,372,21
21,2045,OFFI,3366,21
21,2045,OTHR,11350,21
21,2045,RETL,4810,21
21,2045,WSLE,1832,21
21,2046,AGRI,1115,21
21,2046,CONS,4248,21
21,2046,FOOD,3361,21
21,2046,GVED,8863,21
21,2046,HBJ,1971,21
21,2046,HLTH,5048,21
21,2046,MANU,4724,21
21,2046,MING,373,21
21,2046,OFFI,3397,21
21,2046,OTHR,11416,21
21,2046,RETL,4855,21
21,2046,WSLE,1836,21
21,2047,AGRI,1112,21
21,2047,CONS,4334,21
21,2047,FOOD,3364,21
21,2047,GVED,9007,21
21,2047,HBJ,2014,21
21,2047,HLTH,5129,21
21,2047,MANU,4758,21
21,2047,MING,376,21
21,2047,OFFI,3433,21
21,2047,OTHR,11476,21
21,2047,RETL,4908,21
21,2047,WSLE,1838,21
21,2048,AGRI,1109,21
21,2048,CONS,4450,21
21,2048,FOOD,3369,21
21,2048,GVED,9148,21
21,2048,HBJ,2055,21
21,2048,HLTH,5208,21
21,2048,MANU,4793,21
21,2048,MING,383,21
21,2048,OFFI,3472,21
21,2048,OTHR,11520,21
21,2048,RETL,4959,21
21,2048,WSLE,1842,21
21,2049,AGRI,1106,21
21,2049,CONS,4590,21
21,2049,FOOD,3375,21
21,2049,GVED,9288,21
21,2049,HBJ,2098,21
21,2049,HLTH,5284,21
21,2049,MANU,4829,21
21,2049,MING,389,21
21,2049,OFFI,3509,21
21,2049,OTHR,11560,21
21,2049,RETL,5010,21
21,2049,WSLE,1843,21
21,2050,AGRI,1103,21
21,2050,CONS,4738,21
21,2050,FOOD,3379,21
21,2050,GVED,9423,21
21,2050,HBJ,2141,21
21,2050,HLTH,5353,21
21,2050,MANU,4864,21
21,2050,MING,395,21
21,2050,OFFI,3541,21
21,2050,OTHR,11599,21
21,2050,RETL,5059,21
21,2050,WSLE,1845,21
21,2051,AGRI,1100,21
21,2051,CONS,4900,21
21,2051,FOOD,3380,21
21,2051,GVED,9548,21
21,2051,HBJ,2185,21
21,2051,HLTH,5423,21
21,2051,MANU,4903,21
21,2051,MING,401,21
21,2051,OFFI,3567,21
21,2051,OTHR,11635,21
21,2051,RETL,5112,21
21,2051,WSLE,1846,21
21,2052,AGRI,1097,21
21,2052,CONS,5066,21
21,2052,FOOD,3383,21
21,2052,GVED,9685,21
21,2052,HBJ,2229,21
21,2052,HLTH,5492,21
21,2052,MANU,4939,21
21,2052,MING,407,21
21,2052,OFFI,3589,21
21,2052,OTHR,11668,21
21,2052,RETL,5163,21
21,2052,WSLE,1849,21
21,2053,AGRI,1093,21
21,2053,CONS,5246,21
21,2053,FOOD,3385,21
21,2053,GVED,9821,21
21,2053,HBJ,2272,21
21,2053,HLTH,5561,21
21,2053,MANU,4969,21
21,2053,MING,414,21
21,2053,OFFI,3602,21
21,2053,OTHR,11711,21
21,2053,RETL,5220,21
21,2053,WSLE,1852,21
21,2054,AGRI,1089,21
21,2054,CONS,5426,21
21,2054,FOOD,3386,21
21,2054,GVED,9952,21
21,2054,HBJ,2318,21
21,2054,HLTH,5621,21
21,2054,MANU,4995,21
21,2054,MING,419,21
21,2054,OFFI,3616,21
21,2054,OTHR,11744,21
21,2054,RETL,5271,21
21,2054,WSLE,1855,21
21,2055,AGRI,1085,21
21,2055,CONS,5617,21
21,2055,FOOD,3384,21
21,2055,GVED,10075,21
21,2055,HBJ,2361,21
21,2055,HLTH,5677,21
21,2055,MANU,5019,21
21,2055,MING,424,21
21,2055,OFFI,3626,21
21,2055,OTHR,11775,21
21,2055,RETL,5321,21
21,2055,WSLE,1858,21
21,2056,AGRI,1082,21
21,2056,CONS,5760,21
21,2056,FOOD,3379,21
21,2056,GVED,10192,21
21,2056,HBJ,2405,21
21,2056,HLTH,5740,21
21,2056,MANU,5036,21
21,2056,MING,424,21
21,2056,OFFI,3635,21
21,2056,OTHR,11818,21
21,2056,RETL,5360,21
21,2056,WSLE,1862,21
21,2057,AGRI,1077,21
21,2057,CONS,5867,21
21,2057,FOOD,3373,21
21,2057,GVED,10307,21
21,2057,HBJ,2442,21
21,2057,HLTH,5799,21
21,2057,MANU,5058,21
21,2057,MING,418,21
21,2057,OFFI,3649,21
21,2057,OTHR,11860,21
21,2057,RETL,5394,21
21,2057,WSLE,1867,21
21,2058,AGRI,1073,21
21,2058,CONS,5951,21
21,2058,FOOD,3365,21
21,2058,GVED,10418,21
21,2058,HBJ,2482,21
21,2058,HLTH,5856,21
21,2058,MANU,5081,21
21,2058,MING,413,21
21,2058,OFFI,3661,21
21,2058,OTHR,11900,21
21,2058,RETL,5424,21
21,2058,WSLE,1873,21
21,2059,AGRI,1070,21
21,2059,CONS,6017,21
21,2059,FOOD,3360,21
21,2059,GVED,10532,21
21,2059,HBJ,2518,21
21,2059,HLTH,5906,21
21,2059,MANU,5103,21
21,2059,MING,411,21
21,2059,OFFI,3674,21
21,2059,OTHR,11938,21
21,2059,RETL,5452,21
21,2059,WSLE,1877,21
21,2060,AGRI,1066,21
21,2060,CONS,6072,21
21,2060,FOOD,3357,21
21,2060,GVED,10645,21
21,2060,HBJ,2555,21
21,2060,HLTH,5953,21
21,2060,MANU,5126,21
21,2060,MING,411,21
21,2060,OFFI,3686,21
21,2060,OTHR,11982,21
21,2060,RETL,5482,21
21,2060,WSLE,1881,21
21,2061,AGRI,1062,21
21,2061,CONS,6122,21
21,2061,FOOD,3352,21
21,2061,GVED,10753,21
21,2061,HBJ,2596,21
21,2061,HLTH,5998,21
21,2061,MANU,5152,21
21,2061,MING,410,21
21,2061,OFFI,3701,21
21,2061,OTHR,12025,21
21,2061,RETL,5515,21
21,2061,WSLE,1881,21
21,2062,AGRI,1058,21
21,2062,CONS,6169,21
21,2062,FOOD,3348,21
21,2062,GVED,10869,21
21,2062,HBJ,2632,21
21,2062,HLTH,6046,21
21,2062,MANU,5177,21
21,2062,MING,410,21
21,2062,OFFI,3714,21
21,2062,OTHR,12067,21
21,2062,RETL,5548,21
21,2062,WSLE,1882,21
21,2063,AGRI,1055,21
21,2063,CONS,6214,21
21,2063,FOOD,3344,21
21,2063,GVED,10989,21
21,2063,HBJ,2672,21
21,2063,HLTH,6095,21
21,2063,MANU,5202,21
21,2063,MING,410,21
21,2063,OFFI,3724,21
21,2063,OTHR,12112,21
21,2063,RETL,5583,21
21,2063,WSLE,1881,21
21,2064,AGRI,1052,21
21,2064,CONS,6256,21
21,2064,FOOD,3340,21
21,2064,GVED,11110,21
21,2064,HBJ,2710,21
21,2064,HLTH,6142,21
21,2064,MANU,5229,21
21,2064,MING,409,21
21,2064,OFFI,3735,21
21,2064,OTHR,12157,21
21,2064,RETL,5618,21
21,2064,WSLE,1882,21
21,2065,AGRI,1048,21
21,2065,CONS,6298,21
21,2065,FOOD,3337,21
21,2065,GVED,11234,21
21,2065,HBJ,2750,21
21,2065,HLTH,6190,21
21,2065,MANU,5254,21
21,2065,MING,409,21
21,2065,OFFI,3747,21
21,2065,OTHR,12200,21
21,2065,RETL,5652,21
21,2065,WSLE,1882,21
23,2023,AGRI,473,23
23,2023,CONS,551,23
23,2023,FOOD,387,23
23,2023,GVED,1043,23
23,2023,HBJ,258,23
23,2023,HLTH,652,23
23,2023,MANU,876,23
23,2023,MING,98,23
23,2023,OFFI,395,23
23,2023,OTHR,929,23
23,2023,RETL,517,23
23,2023,WSLE,142,23
23,2024,AGRI,475,23
23,2024,CONS,586,23
23,2024,FOOD,472,23
23,2024,GVED,1061,23
23,2024,HBJ,262,23
23,2024,HLTH,806,23
23,2024,MANU,832,23
23,2024,MING,61,23
23,2024,OFFI,350,23
23,2024,OTHR,928,23
23,2024,RETL,520,23
23,2024,WSLE,165,23
23,2025,AGRI,473,23
23,2025,CONS,603,23
23,2025,FOOD,473,23
23,2025,GVED,1086,23
23,2025,HBJ,286,23
23,2025,HLTH,837,23
23,2025,MANU,847,23
23,2025,MING,79,23
23,2025,OFFI,352,23
23,2025,OTHR,942,23
23,2025,RETL,523,23
23,2025,WSLE,166,23
23,2026,AGRI,473,23
23,2026,CONS,615,23
23,2026,FOOD,478,23
23,2026,GVED,1105,23
23,2026,HBJ,292,23
23,2026,HLTH,862,23
23,2026,MANU,854,23
23,2026,MING,100,23
23,2026,OFFI,348,23
23,2026,OTHR,954,23
23,2026,RETL,524,23
23,2026,WSLE,166,23
23,2027,AGRI,472,23
23,2027,CONS,631,23
23,2027,FOOD,482,23
23,2027,GVED,1129,23
23,2027,HBJ,297,23
23,2027,HLTH,885,23
23,2027,MANU,863,23
23,2027,MING,119,23
23,2027,OFFI,344,23
23,2027,OTHR,968,23
23,2027,RETL,534,23
23,2027,WSLE,167,23
23,2028,AGRI,469,23
23,2028,CONS,653,23
23,2028,FOOD,482,23
23,2028,GVED,1149,23
23,2028,HBJ,307,23
23,2028,HLTH,900,23
23,2028,MANU,870,23
23,2028,MING,136,23
23,2028,OFFI,342,23
23,2028,OTHR,985,23
23,2028,RETL,538,23
23,2028,WSLE,167,23
23,2029,AGRI,467,23
23,2029,CONS,676,23
23,2029,FOOD,482,23
23,2029,GVED,1172,23
23,2029,HBJ,313,23
23,2029,HLTH,916,23
23,2029,MANU,884,23
23,2029,MING,150,23
23,2029,OFFI,344,23
23,2029,OTHR,1006,23
23,2029,RETL,546,23
23,2029,WSLE,166,23
23,2030,AGRI,464,23
23,2030,CONS,692,23
23,2030,FOOD,481,23
23,2030,GVED,1191,23
23,2030,HBJ,322,23
23,2030,HLTH,932,23
23,2030,MANU,900,23
23,2030,MING,166,23
23,2030,OFFI,344,23
23,2030,OTHR,1020,23
23,2030,RETL,553,23
23,2030,WSLE,165,23
23,2031,AGRI,462,23
23,2031,CONS,705,23
23,2031,FOOD,477,23
23,2031,GVED,1210,23
23,2031,HBJ,330,23
23,2031,HLTH,947,23
23,2031,MANU,916,23
23,2031,MING,186,23
23,2031,OFFI,344,23
23,2031,OTHR,1034,23
23,2031,RETL,564,23
23,2031,WSLE,165,23
23,2032,AGRI,461,23
23,2032,CONS,715,23
23,2032,FOOD,475,23
23,2032,GVED,1227,23
23,2032,HBJ,338,23
23,2032,HLTH,961,23
23,2032,MANU,932,23
23,2032,MING,207,23
23,2032,OFFI,344,23
23,2032,OTHR,1048,23
23,2032,RETL,572,23
23,2032,WSLE,165,23
23,2033,AGRI,461,23
23,2033,CONS,726,23
23,2033,FOOD,476,23
23,2033,GVED,1238,23
23,2033,HBJ,343,23
23,2033,HLTH,972,23
23,2033,MANU,943,23
23,2033,MING,208,23
23,2033,OFFI,346,23
23,2033,OTHR,1064,23
23,2033,RETL,579,23
23,2033,WSLE,164,23
23,2034,AGRI,461,23
23,2034,CONS,736,23
23,2034,FOOD,489,23
23,2034,GVED,1252,23
23,2034,HBJ,354,23
23,2034,HLTH,986,23
23,2034,MANU,954,23
23,2034,MING,211,23
23,2034,OFFI,350,23
23,2034,OTHR,1088,23
23,2034,RETL,585,23
23,2034,WSLE,163,23
23,2035,AGRI,462,23
23,2035,CONS,742,23
23,2035,FOOD,476,23
23,2035,GVED,1256,23
23,2035,HBJ,358,23
23,2035,HLTH,989,23
23,2035,MANU,965,23
23,2035,MING,212,23
23,2035,OFFI,352,23
23,2035,OTHR,1074,23
23,2035,RETL,587,23
23,2035,WSLE,160,23
23,2036,AGRI,461,23
23,2036,CONS,744,23
23,2036,FOOD,479,23
23,2036,GVED,1264,23
23,2036,HBJ,366,23
23,2036,HLTH,994,23
23,2036,MANU,981,23
23,2036,MING,212,23
23,2036,OFFI,354,23
23,2036,OTHR,1084,23
23,2036,RETL,589,23
23,2036,WSLE,158,23
23,2037,AGRI,460,23
23,2037,CONS,746,23
23,2037,FOOD,483,23
23,2037,GVED,1273,23
23,2037,HBJ,374,23
23,2037,HLTH,1004,23
23,2037,MANU,998,23
23,2037,MING,210,23
23,2037,OFFI,357,23
23,2037,OTHR,1099,23
23,2037,RETL,596,23
23,2037,WSLE,157,23
23,2038,AGRI,461,23
23,2038,CONS,744,23
23,2038,FOOD,485,23
23,2038,GVED,1283,23
23,2038,HBJ,379,23
23,2038,HLTH,1013,23
23,2038,MANU,1013,23
23,2038,MING,211,23
23,2038,OFFI,359,23
23,2038,OTHR,1113,23
23,2038,RETL,602,23
23,2038,WSLE,157,23
23,2039,AGRI,461,23
23,2039,CONS,742,23
23,2039,FOOD,490,23
23,2039,GVED,1293,23
23,2039,HBJ,386,23
23,2039,HLTH,1021,23
23,2039,MANU,1028,23
23,2039,MING,211,23
23,2039,OFFI,361,23
23,2039,OTHR,1130,23
23,2039,RETL,609,23
23,2039,WSLE,156,23
23,2040,AGRI,461,23
23,2040,CONS,740,23
23,2040,FOOD,492,23
23,2040,GVED,1303,23
23,2040,HBJ,393,23
23,2040,HLTH,1028,23
23,2040,MANU,1041,23
23,2040,MING,211,23
23,2040,OFFI,361,23
23,2040,OTHR,1144,23
23,2040,RETL,615,23
23,2040,WSLE,157,23
23,2041,AGRI,461,23
23,2041,CONS,733,23
23,2041,FOOD,496,23
23,2041,GVED,1313,23
23,2041,HBJ,399,23
23,2041,HLTH,1036,23
23,2041,MANU,1053,23
23,2041,MING,211,23
23,2041,OFFI,363,23
23,2041,OTHR,1156,23
23,2041,RETL,621,23
23,2041,WSLE,157,23
23,2042,AGRI,459,23
23,2042,CONS,728,23
23,2042,FOOD,497,23
23,2042,GVED,1321,23
23,2042,HBJ,405,23
23,2042,HLTH,1039,23
23,2042,MANU,1065,23
23,2042,MING,211,23
23,2042,OFFI,365,23
23,2042,OTHR,1169,23
23,2042,RETL,624,23
23,2042,WSLE,157,23
23,2043,AGRI,460,23
23,2043,CONS,724,23
23,2043,FOOD,499,23
23,2043,GVED,1329,23
23,2043,HBJ,413,23
23,2043,HLTH,1044,23
23,2043,MANU,1075,23
23,2043,MING,212,23
23,2043,OFFI,367,23
23,2043,OTHR,1180,23
23,2043,RETL,629,23
23,2043,WSLE,157,23
23,2044,AGRI,459,23
23,2044,CONS,720,23
23,2044,FOOD,500,23
23,2044,GVED,1336,23
23,2044,HBJ,418,23
23,2044,HLTH,1047,23
23,2044,MANU,1085,23
23,2044,MING,212,23
23,2044,OFFI,369,23
23,2044,OTHR,1190,23
23,2044,RETL,634,23
23,2044,WSLE,157,23
23,2045,AGRI,458,23
23,2045,CONS,721,23
23,2045,FOOD,502,23
23,2045,GVED,1344,23
23,2045,HBJ,425,23
23,2045,HLTH,1052,23
23,2045,MANU,1099,23
23,2045,MING,212,23
23,2045,OFFI,372,23
23,2045,OTHR,1201,23
23,2045,RETL,639,23
23,2045,WSLE,156,23
23,2046,AGRI,457,23
23,2046,CONS,724,23
23,2046,FOOD,503,23
23,2046,GVED,1352,23
23,2046,HBJ,430,23
23,2046,HLTH,1056,23
23,2046,MANU,1112,23
23,2046,MING,212,23
23,2046,OFFI,375,23
23,2046,OTHR,1210,23
23,2046,RETL,642,23
23,2046,WSLE,157,23
23,2047,AGRI,458,23
23,2047,CONS,731,23
23,2047,FOOD,503,23
23,2047,GVED,1359,23
23,2047,HBJ,437,23
23,2047,HLTH,1060,23
23,2047,MANU,1125,23
23,2047,MING,212,23
23,2047,OFFI,380,23
23,2047,OTHR,1218,23
23,2047,RETL,648,23
23,2047,WSLE,156,23
23,2048,AGRI,457,23
23,2048,CONS,741,23
23,2048,FOOD,504,23
23,2048,GVED,1366,23
23,2048,HBJ,446,23
23,2048,HLTH,1062,23
23,2048,MANU,1138,23
23,2048,MING,213,23
23,2048,OFFI,384,23
23,2048,OTHR,1222,23
23,2048,RETL,651,23
23,2048,WSLE,155,23
23,2049,AGRI,456,23
23,2049,CONS,751,23
23,2049,FOOD,505,23
23,2049,GVED,1372,23
23,2049,HBJ,453,23
23,2049,HLTH,1065,23
23,2049,MANU,1151,23
23,2049,MING,214,23
23,2049,OFFI,389,23
23,2049,OTHR,1226,23
23,2049,RETL,655,23
23,2049,WSLE,156,23
23,2050,AGRI,456,23
23,2050,CONS,764,23
23,2050,FOOD,506,23
23,2050,GVED,1377,23
23,2050,HBJ,461,23
23,2050,HLTH,1066,23
23,2050,MANU,1165,23
23,2050,MING,215,23
23,2050,OFFI,392,23
23,2050,OTHR,1233,23
23,2050,RETL,658,23
23,2050,WSLE,156,23
23,2051,AGRI,455,23
23,2051,CONS,776,23
23,2051,FOOD,505,23
23,2051,GVED,1382,23
23,2051,HBJ,467,23
23,2051,HLTH,1068,23
23,2051,MANU,1180,23
23,2051,MING,216,23
23,2051,OFFI,396,23
23,2051,OTHR,1239,23
23,2051,RETL,662,23
23,2051,WSLE,155,23
23,2052,AGRI,454,23
23,2052,CONS,790,23
23,2052,FOOD,505,23
23,2052,GVED,1387,23
23,2052,HBJ,474,23
23,2052,HLTH,1066,23
23,2052,MANU,1193,23
23,2052,MING,217,23
23,2052,OFFI,397,23
23,2052,OTHR,1242,23
23,2052,RETL,665,23
23,2052,WSLE,156,23
23,2053,AGRI,454,23
23,2053,CONS,803,23
23,2053,FOOD,505,23
23,2053,GVED,1391,23
23,2053,HBJ,480,23
23,2053,HLTH,1068,23
23,2053,MANU,1206,23
23,2053,MING,218,23
23,2053,OFFI,399,23
23,2053,OTHR,1247,23
23,2053,RETL,668,23
23,2053,WSLE,156,23
23,2054,AGRI,453,23
23,2054,CONS,818,23
23,2054,FOOD,505,23
23,2054,GVED,1395,23
23,2054,HBJ,487,23
23,2054,HLTH,1067,23
23,2054,MANU,1216,23
23,2054,MING,217,23
23,2054,OFFI,398,23
23,2054,OTHR,1250,23
23,2054,RETL,671,23
23,2054,WSLE,156,23
23,2055,AGRI,452,23
23,2055,CONS,834,23
23,2055,FOOD,505,23
23,2055,GVED,1401,23
23,2055,HBJ,493,23
23,2055,HLTH,1067,23
23,2055,MANU,1226,23
23,2055,MING,218,23
23,2055,OFFI,398,23
23,2055,OTHR,1256,23
23,2055,RETL,674,23
23,2055,WSLE,156,23
23,2056,AGRI,451,23
23,2056,CONS,846,23
23,2056,FOOD,504,23
23,2056,GVED,1404,23
23,2056,HBJ,500,23
23,2056,HLTH,1067,23
23,2056,MANU,1235,23
23,2056,MING,218,23
23,2056,OFFI,399,23
23,2056,OTHR,1262,23
23,2056,RETL,676,23
23,2056,WSLE,157,23
23,2057,AGRI,449,23
23,2057,CONS,855,23
23,2057,FOOD,503,23
23,2057,GVED,1410,23
23,2057,HBJ,505,23
23,2057,HLTH,1068,23
23,2057,MANU,1243,23
23,2057,MING,216,23
23,2057,OFFI,399,23
23,2057,OTHR,1266,23
23,2057,RETL,677,23
23,2057,WSLE,156,23
23,2058,AGRI,449,23
23,2058,CONS,859,23
23,2058,FOOD,500,23
23,2058,GVED,1413,23
23,2058,HBJ,513,23
23,2058,HLTH,1068,23
23,2058,MANU,1254,23
23,2058,MING,215,23
23,2058,OFFI,400,23
23,2058,OTHR,1269,23
23,2058,RETL,677,23
23,2058,WSLE,156,23
23,2059,AGRI,447,23
23,2059,CONS,863,23
23,2059,FOOD,499,23
23,2059,GVED,1417,23
23,2059,HBJ,519,23
23,2059,HLTH,1069,23
23,2059,MANU,1263,23
23,2059,MING,215,23
23,2059,OFFI,399,23
23,2059,OTHR,1274,23
23,2059,RETL,679,23
23,2059,WSLE,156,23
23,2060,AGRI,447,23
23,2060,CONS,868,23
23,2060,FOOD,497,23
23,2060,GVED,1421,23
23,2060,HBJ,525,23
23,2060,HLTH,1068,23
23,2060,MANU,1273,23
23,2060,MING,214,23
23,2060,OFFI,401,23
23,2060,OTHR,1277,23
23,2060,RETL,679,23
23,2060,WSLE,157,23
23,2061,AGRI,446,23
23,2061,CONS,872,23
23,2061,FOOD,495,23
23,2061,GVED,1427,23
23,2061,HBJ,530,23
23,2061,HLTH,1068,23
23,2061,MANU,1282,23
23,2061,MING,213,23
23,2061,OFFI,401,23
23,2061,OTHR,1281,23
23,2061,RETL,679,23
23,2061,WSLE,156,23
23,2062,AGRI,445,23
23,2062,CONS,874,23
23,2062,FOOD,494,23
23,2062,GVED,1432,23
23,2062,HBJ,537,23
23,2062,HLTH,1068,23
23,2062,MANU,1292,23
23,2062,MING,212,23
23,2062,OFFI,402,23
23,2062,OTHR,1286,23
23,2062,RETL,681,23
23,2062,WSLE,157,23
23,2063,AGRI,446,23
23,2063,CONS,877,23
23,2063,FOOD,492,23
23,2063,GVED,1438,23
23,2063,HBJ,543,23
23,2063,HLTH,1068,23
23,2063,MANU,1301,23
23,2063,MING,212,23
23,2063,OFFI,401,23
23,2063,OTHR,1290,23
23,2063,RETL,683,23
23,2063,WSLE,157,23
23,2064,AGRI,445,23
23,2064,CONS,879,23
23,2064,FOOD,491,23
23,2064,GVED,1443,23
23,2064,HBJ,549,23
23,2064,HLTH,1068,23
23,2064,MANU,1311,23
23,2064,MING,212,23
23,2064,OFFI,402,23
23,2064,OTHR,1294,23
23,2064,RETL,683,23
23,2064,WSLE,156,23
23,2065,AGRI,444,23
23,2065,CONS,882,23
23,2065,FOOD,490,23
23,2065,GVED,1448,23
23,2065,HBJ,555,23
23,2065,HLTH,1067,23
23,2065,MANU,1320,23
23,2065,MING,212,23
23,2065,OFFI,402,23
23,2065,OTHR,1298,23
23,2065,RETL,685,23
23,2065,WSLE,157,23
25,2023,AGRI,165,25
25,2023,CONS,298,25
25,2023,FOOD,1234,25
25,2023,GVED,806,25
25,2023,HBJ,259,25
25,2023,HLTH,182,25
25,2023,MANU,161,25
25,2023,MING,40,25
25,2023,OFFI,284,25
25,2023,OTHR,2046,25
25,2023,RETL,592,25
25,2023,WSLE,205,25
25,2024,AGRI,166,25
25,2024,CONS,268,25
25,2024,FOOD,1231,25
25,2024,GVED,817,25
25,2024,HBJ,253,25
25,2024,HLTH,149,25
25,2024,MANU,161,25
25,2024,MING,40,25
25,2024,OFFI,333,25
25,2024,OTHR,2120,25
25,2024,RETL,564,25
25,2024,WSLE,209,25
25,2025,AGRI,164,25
25,2025,CONS,275,25
25,2025,FOOD,1233,25
25,2025,GVED,828,25
25,2025,HBJ,274,25
25,2025,HLTH,154,25
25,2025,MANU,162,25
25,2025,MING,39,25
25,2025,OFFI,333,25
25,2025,OTHR,2152,25
25,2025,RETL,571,25
25,2025,WSLE,208,25
25,2026,AGRI,164,25
25,2026,CONS,279,25
25,2026,FOOD,1243,25
25,2026,GVED,830,25
25,2026,HBJ,277,25
25,2026,HLTH,160,25
25,2026,MANU,164,25
25,2026,MING,40,25
25,2026,OFFI,331,25
25,2026,OTHR,2177,25
25,2026,RETL,572,25
25,2026,WSLE,207,25
25,2027,AGRI,164,25
25,2027,CONS,282,25
25,2027,FOOD,1243,25
25,2027,GVED,833,25
25,2027,HBJ,283,25
25,2027,HLTH,164,25
25,2027,MANU,166,25
25,2027,MING,41,25
25,2027,OFFI,329,25
25,2027,OTHR,2210,25
25,2027,RETL,577,25
25,2027,WSLE,207,25
25,2028,AGRI,162,25
25,2028,CONS,292,25
25,2028,FOOD,1243,25
25,2028,GVED,839,25
25,2028,HBJ,289,25
25,2028,HLTH,167,25
25,2028,MANU,168,25
25,2028,MING,39,25
25,2028,OFFI,326,25
25,2028,OTHR,2257,25
25,2028,RETL,580,25
25,2028,WSLE,204,25
25,2029,AGRI,161,25
25,2029,CONS,302,25
25,2029,FOOD,1239,25
25,2029,GVED,843,25
25,2029,HBJ,292,25
25,2029,HLTH,171,25
25,2029,MANU,170,25
25,2029,MING,37,25
25,2029,OFFI,329,25
25,2029,OTHR,2302,25
25,2029,RETL,585,25
25,2029,WSLE,203,25
25,2030,AGRI,160,25
25,2030,CONS,309,25
25,2030,FOOD,1228,25
25,2030,GVED,847,25
25,2030,HBJ,297,25
25,2030,HLTH,174,25
25,2030,MANU,174,25
25,2030,MING,36,25
25,2030,OFFI,331,25
25,2030,OTHR,2336,25
25,2030,RETL,591,25
25,2030,WSLE,201,25
25,2031,AGRI,160,25
25,2031,CONS,313,25
25,2031,FOOD,1212,25
25,2031,GVED,849,25
25,2031,HBJ,303,25
25,2031,HLTH,178,25
25,2031,MANU,178,25
25,2031,MING,36,25
25,2031,OFFI,331,25
25,2031,OTHR,2367,25
25,2031,RETL,597,25
25,2031,WSLE,198,25
25,2032,AGRI,158,25
25,2032,CONS,319,25
25,2032,FOOD,1199,25
25,2032,GVED,850,25
25,2032,HBJ,308,25
25,2032,HLTH,182,25
25,2032,MANU,180,25
25,2032,MING,38,25
25,2032,OFFI,333,25
25,2032,OTHR,2395,25
25,2032,RETL,603,25
25,2032,WSLE,198,25
25,2033,AGRI,158,25
25,2033,CONS,326,25
25,2033,FOOD,1193,25
25,2033,GVED,852,25
25,2033,HBJ,313,25
25,2033,HLTH,184,25
25,2033,MANU,182,25
25,2033,MING,40,25
25,2033,OFFI,334,25
25,2033,OTHR,2420,25
25,2033,RETL,608,25
25,2033,WSLE,194,25
25,2034,AGRI,158,25
25,2034,CONS,333,25
25,2034,FOOD,1192,25
25,2034,GVED,856,25
25,2034,HBJ,319,25
25,2034,HLTH,187,25
25,2034,MANU,184,25
25,2034,MING,41,25
25,2034,OFFI,336,25
25,2034,OTHR,2464,25
25,2034,RETL,610,25
25,2034,WSLE,192,25
25,2035,AGRI,158,25
25,2035,CONS,336,25
25,2035,FOOD,1178,25
25,2035,GVED,856,25
25,2035,HBJ,322,25
25,2035,HLTH,186,25
25,2035,MANU,186,25
25,2035,MING,42,25
25,2035,OFFI,340,25
25,2035,OTHR,2430,25
25,2035,RETL,607,25
25,2035,WSLE,189,25
25,2036,AGRI,158,25
25,2036,CONS,339,25
25,2036,FOOD,1178,25
25,2036,GVED,860,25
25,2036,HBJ,326,25
25,2036,HLTH,188,25
25,2036,MANU,189,25
25,2036,MING,42,25
25,2036,OFFI,343,25
25,2036,OTHR,2449,25
25,2036,RETL,609,25
25,2036,WSLE,185,25
25,2037,AGRI,157,25
25,2037,CONS,341,25
25,2037,FOOD,1183,25
25,2037,GVED,867,25
25,2037,HBJ,331,25
25,2037,HLTH,190,25
25,2037,MANU,192,25
25,2037,MING,42,25
25,2037,OFFI,345,25
25,2037,OTHR,2471,25
25,2037,RETL,613,25
25,2037,WSLE,184,25
25,2038,AGRI,157,25
25,2038,CONS,341,25
25,2038,FOOD,1180,25
25,2038,GVED,875,25
25,2038,HBJ,339,25
25,2038,HLTH,193,25
25,2038,MANU,195,25
25,2038,MING,42,25
25,2038,OFFI,348,25
25,2038,OTHR,2501,25
25,2038,RETL,615,25
25,2038,WSLE,183,25
25,2039,AGRI,157,25
25,2039,CONS,342,25
25,2039,FOOD,1180,25
25,2039,GVED,883,25
25,2039,HBJ,343,25
25,2039,HLTH,195,25
25,2039,MANU,197,25
25,2039,MING,42,25
25,2039,OFFI,350,25
25,2039,OTHR,2526,25
25,2039,RETL,621,25
25,2039,WSLE,181,25
25,2040,AGRI,157,25
25,2040,CONS,340,25
25,2040,FOOD,1178,25
25,2040,GVED,892,25
25,2040,HBJ,348,25
25,2040,HLTH,198,25
25,2040,MANU,199,25
25,2040,MING,42,25
25,2040,OFFI,354,25
25,2040,OTHR,2554,25
25,2040,RETL,625,25
25,2040,WSLE,179,25
25,2041,AGRI,157,25
25,2041,CONS,337,25
25,2041,FOOD,1177,25
25,2041,GVED,900,25
25,2041,HBJ,355,25
25,2041,HLTH,200,25
25,2041,MANU,201,25
25,2041,MING,41,25
25,2041,OFFI,354,25
25,2041,OTHR,2573,25
25,2041,RETL,630,25
25,2041,WSLE,178,25
25,2042,AGRI,155,25
25,2042,CONS,336,25
25,2042,FOOD,1174,25
25,2042,GVED,909,25
25,2042,HBJ,361,25
25,2042,HLTH,202,25
25,2042,MANU,202,25
25,2042,MING,41,25
25,2042,OFFI,358,25
25,2042,OTHR,2594,25
25,2042,RETL,634,25
25,2042,WSLE,177,25
25,2043,AGRI,156,25
25,2043,CONS,335,25
25,2043,FOOD,1173,25
25,2043,GVED,920,25
25,2043,HBJ,366,25
25,2043,HLTH,203,25
25,2043,MANU,204,25
25,2043,MING,42,25
25,2043,OFFI,359,25
25,2043,OTHR,2613,25
25,2043,RETL,639,25
25,2043,WSLE,177,25
25,2044,AGRI,156,25
25,2044,CONS,334,25
25,2044,FOOD,1169,25
25,2044,GVED,930,25
25,2044,HBJ,373,25
25,2044,HLTH,207,25
25,2044,MANU,206,25
25,2044,MING,42,25
25,2044,OFFI,362,25
25,2044,OTHR,2633,25
25,2044,RETL,642,25
25,2044,WSLE,175,25
25,2045,AGRI,156,25
25,2045,CONS,336,25
25,2045,FOOD,1167,25
25,2045,GVED,942,25
25,2045,HBJ,377,25
25,2045,HLTH,209,25
25,2045,MANU,208,25
25,2045,MING,42,25
25,2045,OFFI,364,25
25,2045,OTHR,2652,25
25,2045,RETL,648,25
25,2045,WSLE,174,25
25,2046,AGRI,155,25
25,2046,CONS,340,25
25,2046,FOOD,1164,25
25,2046,GVED,954,25
25,2046,HBJ,385,25
25,2046,HLTH,212,25
25,2046,MANU,210,25
25,2046,MING,42,25
25,2046,OFFI,368,25
25,2046,OTHR,2669,25
25,2046,RETL,653,25
25,2046,WSLE,174,25
25,2047,AGRI,155,25
25,2047,CONS,349,25
25,2047,FOOD,1162,25
25,2047,GVED,964,25
25,2047,HBJ,390,25
25,2047,HLTH,216,25
25,2047,MANU,212,25
25,2047,MING,42,25
25,2047,OFFI,373,25
25,2047,OTHR,2688,25
25,2047,RETL,661,25
25,2047,WSLE,172,25
25,2048,AGRI,154,25
25,2048,CONS,359,25
25,2048,FOOD,1161,25
25,2048,GVED,977,25
25,2048,HBJ,398,25
25,2048,HLTH,217,25
25,2048,MANU,214,25
25,2048,MING,43,25
25,2048,OFFI,377,25
25,2048,OTHR,2701,25
25,2048,RETL,666,25
25,2048,WSLE,172,25
25,2049,AGRI,154,25
25,2049,CONS,371,25
25,2049,FOOD,1160,25
25,2049,GVED,987,25
25,2049,HBJ,405,25
25,2049,HLTH,221,25
25,2049,MANU,216,25
25,2049,MING,44,25
25,2049,OFFI,381,25
25,2049,OTHR,2714,25
25,2049,RETL,673,25
25,2049,WSLE,171,25
25,2050,AGRI,153,25
25,2050,CONS,384,25
25,2050,FOOD,1160,25
25,2050,GVED,997,25
25,2050,HBJ,411,25
25,2050,HLTH,224,25
25,2050,MANU,218,25
25,2050,MING,44,25
25,2050,OFFI,385,25
25,2050,OTHR,2731,25
25,2050,RETL,679,25
25,2050,WSLE,172,25
25,2051,AGRI,153,25
25,2051,CONS,399,25
25,2051,FOOD,1160,25
25,2051,GVED,1004,25
25,2051,HBJ,417,25
25,2051,HLTH,227,25
25,2051,MANU,221,25
25,2051,MING,45,25
25,2051,OFFI,389,25
25,2051,OTHR,2746,25
25,2051,RETL,687,25
25,2051,WSLE,170,25
25,2052,AGRI,152,25
25,2052,CONS,414,25
25,2052,FOOD,1160,25
25,2052,GVED,1012,25
25,2052,HBJ,425,25
25,2052,HLTH,230,25
25,2052,MANU,223,25
25,2052,MING,46,25
25,2052,OFFI,392,25
25,2052,OTHR,2761,25
25,2052,RETL,692,25
25,2052,WSLE,169,25
25,2053,AGRI,151,25
25,2053,CONS,431,25
25,2053,FOOD,1160,25
25,2053,GVED,1019,25
25,2053,HBJ,432,25
25,2053,HLTH,231,25
25,2053,MANU,225,25
25,2053,MING,46,25
25,2053,OFFI,394,25
25,2053,OTHR,2778,25
25,2053,RETL,701,25
25,2053,WSLE,170,25
25,2054,AGRI,151,25
25,2054,CONS,446,25
25,2054,FOOD,1160,25
25,2054,GVED,1026,25
25,2054,HBJ,439,25
25,2054,HLTH,234,25
25,2054,MANU,227,25
25,2054,MING,47,25
25,2054,OFFI,395,25
25,2054,OTHR,2794,25
25,2054,RETL,709,25
25,2054,WSLE,168,25
25,2055,AGRI,150,25
25,2055,CONS,463,25
25,2055,FOOD,1160,25
25,2055,GVED,1032,25
25,2055,HBJ,447,25
25,2055,HLTH,236,25
25,2055,MANU,228,25
25,2055,MING,47,25
25,2055,OFFI,396,25
25,2055,OTHR,2808,25
25,2055,RETL,715,25
25,2055,WSLE,168,25
25,2056,AGRI,149,25
25,2056,CONS,476,25
25,2056,FOOD,1157,25
25,2056,GVED,1038,25
25,2056,HBJ,455,25
25,2056,HLTH,238,25
25,2056,MANU,229,25
25,2056,MING,47,25
25,2056,OFFI,397,25
25,2056,OTHR,2825,25
25,2056,RETL,718,25
25,2056,WSLE,167,25
25,2057,AGRI,149,25
25,2057,CONS,485,25
25,2057,FOOD,1153,25
25,2057,GVED,1043,25
25,2057,HBJ,459,25
25,2057,HLTH,241,25
25,2057,MANU,230,25
25,2057,MING,46,25
25,2057,OFFI,397,25
25,2057,OTHR,2839,25
25,2057,RETL,721,25
25,2057,WSLE,167,25
25,2058,AGRI,148,25
25,2058,CONS,491,25
25,2058,FOOD,1149,25
25,2058,GVED,1045,25
25,2058,HBJ,466,25
25,2058,HLTH,242,25
25,2058,MANU,232,25
25,2058,MING,46,25
25,2058,OFFI,400,25
25,2058,OTHR,2855,25
25,2058,RETL,725,25
25,2058,WSLE,168,25
25,2059,AGRI,148,25
25,2059,CONS,495,25
25,2059,FOOD,1145,25
25,2059,GVED,1048,25
25,2059,HBJ,472,25
25,2059,HLTH,243,25
25,2059,MANU,233,25
25,2059,MING,45,25
25,2059,OFFI,401,25
25,2059,OTHR,2871,25
25,2059,RETL,727,25
25,2059,WSLE,167,25
25,2060,AGRI,147,25
25,2060,CONS,501,25
25,2060,FOOD,1142,25
25,2060,GVED,1053,25
25,2060,HBJ,478,25
25,2060,HLTH,246,25
25,2060,MANU,235,25
25,2060,MING,45,25
25,2060,OFFI,402,25
25,2060,OTHR,2886,25
25,2060,RETL,730,25
25,2060,WSLE,168,25
25,2061,AGRI,147,25
25,2061,CONS,507,25
25,2061,FOOD,1139,25
25,2061,GVED,1058,25
25,2061,HBJ,483,25
25,2061,HLTH,248,25
25,2061,MANU,236,25
25,2061,MING,45,25
25,2061,OFFI,403,25
25,2061,OTHR,2903,25
25,2061,RETL,732,25
25,2061,WSLE,166,25
25,2062,AGRI,147,25
25,2062,CONS,511,25
25,2062,FOOD,1136,25
25,2062,GVED,1064,25
25,2062,HBJ,490,25
25,2062,HLTH,250,25
25,2062,MANU,237,25
25,2062,MING,45,25
25,2062,OFFI,405,25
25,2062,OTHR,2921,25
25,2062,RETL,735,25
25,2062,WSLE,166,25
25,2063,AGRI,146,25
25,2063,CONS,517,25
25,2063,FOOD,1134,25
25,2063,GVED,1069,25
25,2063,HBJ,495,25
25,2063,HLTH,253,25
25,2063,MANU,239,25
25,2063,MING,45,25
25,2063,OFFI,406,25
25,2063,OTHR,2938,25
25,2063,RETL,741,25
25,2063,WSLE,166,25
25,2064,AGRI,146,25
25,2064,CONS,521,25
25,2064,FOOD,1132,25
25,2064,GVED,1074,25
25,2064,HBJ,502,25
25,2064,HLTH,254,25
25,2064,MANU,240,25
25,2064,MING,44,25
25,2064,OFFI,408,25
25,2064,OTHR,2956,25
25,2064,RETL,745,25
25,2064,WSLE,166,25
25,2065,AGRI,146,25
25,2065,CONS,524,25
25,2065,FOOD,1129,25
25,2065,GVED,1080,25
25,2065,HBJ,510,25
25,2065,HLTH,256,25
25,2065,MANU,242,25
25,2065,MING,44,25
25,2065,OFFI,409,25
25,2065,OTHR,2973,25
25,2065,RETL,750,25
25,2065,WSLE,165,25
27,2023,AGRI,1260,27
27,2023,CONS,448,27
27,2023,FOOD,368,27
27,2023,GVED,1129,27
27,2023,HBJ,328,27
27,2023,HLTH,674,27
27,2023,MANU,289,27
27,2023,MING,137,27
27,2023,OFFI,245,27
27,2023,OTHR,1530,27
27,2023,RETL,849,27
27,2023,WSLE,728,27
27,2024,AGRI,1265,27
27,2024,CONS,540,27
27,2024,FOOD,386,27
27,2024,GVED,1167,27
27,2024,HBJ,337,27
27,2024,HLTH,689,27
27,2024,MANU,291,27
27,2024,MING,106,27
27,2024,OFFI,434,27
27,2024,OTHR,1516,27
27,2024,RETL,894,27
27,2024,WSLE,749,27
27,2025,AGRI,1258,27
27,2025,CONS,539,27
27,2025,FOOD,383,27
27,2025,GVED,1173,27
27,2025,HBJ,362,27
27,2025,HLTH,716,27
27,2025,MANU,295,27
27,2025,MING,104,27
27,2025,OFFI,437,27
27,2025,OTHR,1522,27
27,2025,RETL,896,27
27,2025,WSLE,745,27
27,2026,AGRI,1259,27
27,2026,CONS,537,27
27,2026,FOOD,384,27
27,2026,GVED,1181,27
27,2026,HBJ,364,27
27,2026,HLTH,736,27
27,2026,MANU,298,27
27,2026,MING,106,27
27,2026,OFFI,431,27
27,2026,OTHR,1537,27
27,2026,RETL,896,27
27,2026,WSLE,735,27
27,2027,AGRI,1253,27
27,2027,CONS,535,27
27,2027,FOOD,383,27
27,2027,GVED,1183,27
27,2027,HBJ,368,27
27,2027,HLTH,749,27
27,2027,MANU,299,27
27,2027,MING,107,27
27,2027,OFFI,427,27
27,2027,OTHR,1543,27
27,2027,RETL,896,27
27,2027,WSLE,729,27
27,2028,AGRI,1246,27
27,2028,CONS,537,27
27,2028,FOOD,381,27
27,2028,GVED,1187,27
27,2028,HBJ,370,27
27,2028,HLTH,760,27
27,2028,MANU,302,27
27,2028,MING,102,27
27,2028,OFFI,426,27
27,2028,OTHR,1565,27
27,2028,RETL,894,27
27,2028,WSLE,719,27
27,2029,AGRI,1240,27
27,2029,CONS,539,27
27,2029,FOOD,378,27
27,2029,GVED,1191,27
27,2029,HBJ,374,27
27,2029,HLTH,769,27
27,2029,MANU,306,27
27,2029,MING,96,27
27,2029,OFFI,426,27
27,2029,OTHR,1598,27
27,2029,RETL,893,27
27,2029,WSLE,709,27
27,2030,AGRI,1234,27
27,2030,CONS,541,27
27,2030,FOOD,374,27
27,2030,GVED,1195,27
27,2030,HBJ,380,27
27,2030,HLTH,779,27
27,2030,MANU,311,27
27,2030,MING,93,27
27,2030,OFFI,428,27
27,2030,OTHR,1628,27
27,2030,RETL,897,27
27,2030,WSLE,699,27
27,2031,AGRI,1228,27
27,2031,CONS,541,27
27,2031,FOOD,367,27
27,2031,GVED,1194,27
27,2031,HBJ,384,27
27,2031,HLTH,788,27
27,2031,MANU,316,27
27,2031,MING,92,27
27,2031,OFFI,429,27
27,2031,OTHR,1651,27
27,2031,RETL,901,27
27,2031,WSLE,692,27
27,2032,AGRI,1223,27
27,2032,CONS,542,27
27,2032,FOOD,361,27
27,2032,GVED,1194,27
27,2032,HBJ,391,27
27,2032,HLTH,795,27
27,2032,MANU,321,27
27,2032,MING,96,27
27,2032,OFFI,430,27
27,2032,OTHR,1671,27
27,2032,RETL,903,27
27,2032,WSLE,685,27
27,2033,AGRI,1223,27
27,2033,CONS,546,27
27,2033,FOOD,359,27
27,2033,GVED,1194,27
27,2033,HBJ,397,27
27,2033,HLTH,801,27
27,2033,MANU,324,27
27,2033,MING,100,27
27,2033,OFFI,430,27
27,2033,OTHR,1692,27
27,2033,RETL,905,27
27,2033,WSLE,675,27
27,2034,AGRI,1224,27
27,2034,CONS,551,27
27,2034,FOOD,359,27
27,2034,GVED,1197,27
27,2034,HBJ,404,27
27,2034,HLTH,808,27
27,2034,MANU,328,27
27,2034,MING,104,27
27,2034,OFFI,434,27
27,2034,OTHR,1720,27
27,2034,RETL,906,27
27,2034,WSLE,666,27
27,2035,AGRI,1222,27
27,2035,CONS,555,27
27,2035,FOOD,353,27
27,2035,GVED,1195,27
27,2035,HBJ,408,27
27,2035,HLTH,812,27
27,2035,MANU,330,27
27,2035,MING,105,27
27,2035,OFFI,438,27
27,2035,OTHR,1717,27
27,2035,RETL,904,27
27,2035,WSLE,655,27
27,2036,AGRI,1222,27
27,2036,CONS,558,27
27,2036,FOOD,353,27
27,2036,GVED,1198,27
27,2036,HBJ,415,27
27,2036,HLTH,815,27
27,2036,MANU,336,27
27,2036,MING,104,27
27,2036,OFFI,440,27
27,2036,OTHR,1735,27
27,2036,RETL,904,27
27,2036,WSLE,649,27
27,2037,AGRI,1221,27
27,2037,CONS,559,27
27,2037,FOOD,354,27
27,2037,GVED,1203,27
27,2037,HBJ,420,27
27,2037,HLTH,820,27
27,2037,MANU,341,27
27,2037,MING,103,27
27,2037,OFFI,442,27
27,2037,OTHR,1756,27
27,2037,RETL,907,27
27,2037,WSLE,644,27
27,2038,AGRI,1219,27
27,2038,CONS,562,27
27,2038,FOOD,354,27
27,2038,GVED,1206,27
27,2038,HBJ,428,27
27,2038,HLTH,826,27
27,2038,MANU,346,27
27,2038,MING,103,27
27,2038,OFFI,444,27
27,2038,OTHR,1780,27
27,2038,RETL,909,27
27,2038,WSLE,642,27
27,2039,AGRI,1218,27
27,2039,CONS,563,27
27,2039,FOOD,354,27
27,2039,GVED,1208,27
27,2039,HBJ,434,27
27,2039,HLTH,833,27
27,2039,MANU,349,27
27,2039,MING,103,27
27,2039,OFFI,445,27
27,2039,OTHR,1800,27
27,2039,RETL,914,27
27,2039,WSLE,638,27
27,2040,AGRI,1217,27
27,2040,CONS,566,27
27,2040,FOOD,355,27
27,2040,GVED,1215,27
27,2040,HBJ,439,27
27,2040,HLTH,840,27
27,2040,MANU,354,27
27,2040,MING,103,27
27,2040,OFFI,445,27
27,2040,OTHR,1819,27
27,2040,RETL,919,27
27,2040,WSLE,635,27
27,2041,AGRI,1216,27
27,2041,CONS,567,27
27,2041,FOOD,356,27
27,2041,GVED,1219,27
27,2041,HBJ,445,27
27,2041,HLTH,849,27
27,2041,MANU,357,27
27,2041,MING,104,27
27,2041,OFFI,447,27
27,2041,OTHR,1837,27
27,2041,RETL,925,27
27,2041,WSLE,633,27
27,2042,AGRI,1213,27
27,2042,CONS,569,27
27,2042,FOOD,355,27
27,2042,GVED,1223,27
27,2042,HBJ,452,27
27,2042,HLTH,856,27
27,2042,MANU,361,27
27,2042,MING,105,27
27,2042,OFFI,449,27
27,2042,OTHR,1852,27
27,2042,RETL,929,27
27,2042,WSLE,629,27
27,2043,AGRI,1210,27
27,2043,CONS,571,27
27,2043,FOOD,356,27
27,2043,GVED,1232,27
27,2043,HBJ,461,27
27,2043,HLTH,863,27
27,2043,MANU,362,27
27,2043,MING,106,27
27,2043,OFFI,452,27
27,2043,OTHR,1867,27
27,2043,RETL,934,27
27,2043,WSLE,625,27
27,2044,AGRI,1208,27
27,2044,CONS,574,27
27,2044,FOOD,356,27
27,2044,GVED,1240,27
27,2044,HBJ,467,27
27,2044,HLTH,871,27
27,2044,MANU,366,27
27,2044,MING,106,27
27,2044,OFFI,454,27
27,2044,OTHR,1883,27
27,2044,RETL,939,27
27,2044,WSLE,624,27
27,2045,AGRI,1206,27
27,2045,CONS,579,27
27,2045,FOOD,356,27
27,2045,GVED,1246,27
27,2045,HBJ,474,27
27,2045,HLTH,878,27
27,2045,MANU,369,27
27,2045,MING,105,27
27,2045,OFFI,457,27
27,2045,OTHR,1898,27
27,2045,RETL,944,27
27,2045,WSLE,621,27
27,2046,AGRI,1205,27
27,2046,CONS,588,27
27,2046,FOOD,355,27
27,2046,GVED,1253,27
27,2046,HBJ,480,27
27,2046,HLTH,889,27
27,2046,MANU,373,27
27,2046,MING,105,27
27,2046,OFFI,461,27
27,2046,OTHR,1911,27
27,2046,RETL,952,27
27,2046,WSLE,621,27
27,2047,AGRI,1202,27
27,2047,CONS,597,27
27,2047,FOOD,356,27
27,2047,GVED,1260,27
27,2047,HBJ,488,27
27,2047,HLTH,897,27
27,2047,MANU,376,27
27,2047,MING,106,27
27,2047,OFFI,466,27
27,2047,OTHR,1922,27
27,2047,RETL,957,27
27,2047,WSLE,620,27
27,2048,AGRI,1200,27
27,2048,CONS,609,27
27,2048,FOOD,356,27
27,2048,GVED,1268,27
27,2048,HBJ,497,27
27,2048,HLTH,904,27
27,2048,MANU,380,27
27,2048,MING,108,27
27,2048,OFFI,472,27
27,2048,OTHR,1927,27
27,2048,RETL,964,27
27,2048,WSLE,618,27
27,2049,AGRI,1199,27
27,2049,CONS,621,27
27,2049,FOOD,355,27
27,2049,GVED,1275,27
27,2049,HBJ,504,27
27,2049,HLTH,913,27
27,2049,MANU,383,27
27,2049,MING,109,27
27,2049,OFFI,478,27
27,2049,OTHR,1937,27
27,2049,RETL,970,27
27,2049,WSLE,616,27
27,2050,AGRI,1196,27
27,2050,CONS,634,27
27,2050,FOOD,355,27
27,2050,GVED,1280,27
27,2050,HBJ,513,27
27,2050,HLTH,921,27
27,2050,MANU,388,27
27,2050,MING,111,27
27,2050,OFFI,482,27
27,2050,OTHR,1944,27
27,2050,RETL,976,27
27,2050,WSLE,616,27
27,2051,AGRI,1192,27
27,2051,CONS,647,27
27,2051,FOOD,356,27
27,2051,GVED,1285,27
27,2051,HBJ,520,27
27,2051,HLTH,929,27
27,2051,MANU,391,27
27,2051,MING,113,27
27,2051,OFFI,487,27
27,2051,OTHR,1951,27
27,2051,RETL,983,27
27,2051,WSLE,614,27
27,2052,AGRI,1190,27
27,2052,CONS,661,27
27,2052,FOOD,355,27
27,2052,GVED,1289,27
27,2052,HBJ,527,27
27,2052,HLTH,937,27
27,2052,MANU,395,27
27,2052,MING,113,27
27,2052,OFFI,489,27
27,2052,OTHR,1958,27
27,2052,RETL,989,27
27,2052,WSLE,613,27
27,2053,AGRI,1188,27
27,2053,CONS,676,27
27,2053,FOOD,355,27
27,2053,GVED,1293,27
27,2053,HBJ,534,27
27,2053,HLTH,944,27
27,2053,MANU,398,27
27,2053,MING,115,27
27,2053,OFFI,489,27
27,2053,OTHR,1966,27
27,2053,RETL,996,27
27,2053,WSLE,613,27
27,2054,AGRI,1185,27
27,2054,CONS,688,27
27,2054,FOOD,355,27
27,2054,GVED,1298,27
27,2054,HBJ,541,27
27,2054,HLTH,951,27
27,2054,MANU,402,27
27,2054,MING,117,27
27,2054,OFFI,490,27
27,2054,OTHR,1972,27
27,2054,RETL,1002,27
27,2054,WSLE,613,27
27,2055,AGRI,1180,27
27,2055,CONS,700,27
27,2055,FOOD,354,27
27,2055,GVED,1299,27
27,2055,HBJ,550,27
27,2055,HLTH,956,27
27,2055,MANU,403,27
27,2055,MING,118,27
27,2055,OFFI,490,27
27,2055,OTHR,1977,27
27,2055,RETL,1006,27
27,2055,WSLE,613,27
27,2056,AGRI,1177,27
27,2056,CONS,708,27
27,2056,FOOD,353,27
27,2056,GVED,1299,27
27,2056,HBJ,555,27
27,2056,HLTH,961,27
27,2056,MANU,406,27
27,2056,MING,118,27
27,2056,OFFI,490,27
27,2056,OTHR,1983,27
27,2056,RETL,1009,27
27,2056,WSLE,615,27
27,2057,AGRI,1174,27
27,2057,CONS,711,27
27,2057,FOOD,351,27
27,2057,GVED,1302,27
27,2057,HBJ,561,27
27,2057,HLTH,964,27
27,2057,MANU,408,27
27,2057,MING,116,27
27,2057,OFFI,490,27
27,2057,OTHR,1988,27
27,2057,RETL,1010,27
27,2057,WSLE,616,27
27,2058,AGRI,1171,27
27,2058,CONS,714,27
27,2058,FOOD,350,27
27,2058,GVED,1302,27
27,2058,HBJ,566,27
27,2058,HLTH,965,27
27,2058,MANU,411,27
27,2058,MING,115,27
27,2058,OFFI,490,27
27,2058,OTHR,1994,27
27,2058,RETL,1011,27
27,2058,WSLE,617,27
27,2059,AGRI,1167,27
27,2059,CONS,716,27
27,2059,FOOD,348,27
27,2059,GVED,1304,27
27,2059,HBJ,572,27
27,2059,HLTH,967,27
27,2059,MANU,413,27
27,2059,MING,114,27
27,2059,OFFI,490,27
27,2059,OTHR,1998,27
27,2059,RETL,1012,27
27,2059,WSLE,618,27
27,2060,AGRI,1163,27
27,2060,CONS,719,27
27,2060,FOOD,346,27
27,2060,GVED,1308,27
27,2060,HBJ,577,27
27,2060,HLTH,967,27
27,2060,MANU,415,27
27,2060,MING,114,27
27,2060,OFFI,489,27
27,2060,OTHR,2003,27
27,2060,RETL,1013,27
27,2060,WSLE,619,27
27,2061,AGRI,1160,27
27,2061,CONS,721,27
27,2061,FOOD,345,27
27,2061,GVED,1309,27
27,2061,HBJ,584,27
27,2061,HLTH,968,27
27,2061,MANU,418,27
27,2061,MING,114,27
27,2061,OFFI,488,27
27,2061,OTHR,2007,27
27,2061,RETL,1014,27
27,2061,WSLE,620,27
27,2062,AGRI,1157,27
27,2062,CONS,724,27
27,2062,FOOD,344,27
27,2062,GVED,1313,27
27,2062,HBJ,588,27
27,2062,HLTH,969,27
27,2062,MANU,421,27
27,2062,MING,114,27
27,2062,OFFI,487,27
27,2062,OTHR,2015,27
27,2062,RETL,1015,27
27,2062,WSLE,620,27
27,2063,AGRI,1153,27
27,2063,CONS,726,27
27,2063,FOOD,343,27
27,2063,GVED,1316,27
27,2063,HBJ,595,27
27,2063,HLTH,969,27
27,2063,MANU,424,27
27,2063,MING,113,27
27,2063,OFFI,486,27
27,2063,OTHR,2020,27
27,2063,RETL,1016,27
27,2063,WSLE,621,27
27,2064,AGRI,1149,27
27,2064,CONS,728,27
27,2064,FOOD,341,27
27,2064,GVED,1319,27
27,2064,HBJ,601,27
27,2064,HLTH,969,27
27,2064,MANU,426,27
27,2064,MING,113,27
27,2064,OFFI,485,27
27,2064,OTHR,2027,27
27,2064,RETL,1017,27
27,2064,WSLE,621,27
27,2065,AGRI,1146,27
27,2065,CONS,731,27
27,2065,FOOD,340,27
27,2065,GVED,1323,27
27,2065,HBJ,608,27
27,2065,HLTH,969,27
27,2065,MANU,429,27
27,2065,MING,113,27
27,2065,OFFI,485,27
27,2065,OTHR,2035,27
27,2065,RETL,1017,27
27,2065,WSLE,622,27
29,2023,AGRI,449,29
29,2023,CONS,798,29
29,2023,FOOD,227,29
29,2023,GVED,811,29
29,2023,HBJ,257,29
29,2023,HLTH,189,29
29,2023,MANU,196,29
29,2023,MING,80,29
29,2023,OFFI,454,29
29,2023,OTHR,1984,29
29,2023,RETL,551,29
29,2023,WSLE,263,29
29,2024,AGRI,449,29
29,2024,CONS,879,29
29,2024,FOOD,313,29
29,2024,GVED,877,29
29,2024,HBJ,261,29
29,2024,HLTH,192,29
29,2024,MANU,206,29
29,2024,MING,70,29
29,2024,OFFI,487,29
29,2024,OTHR,1900,29
29,2024,RETL,570,29
29,2024,WSLE,270,29
29,2025,AGRI,447,29
29,2025,CONS,904,29
29,2025,FOOD,311,29
29,2025,GVED,887,29
29,2025,HBJ,282,29
29,2025,HLTH,201,29
29,2025,MANU,207,29
29,2025,MING,68,29
29,2025,OFFI,489,29
29,2025,OTHR,1921,29
29,2025,RETL,568,29
29,2025,WSLE,269,29
29,2026,AGRI,445,29
29,2026,CONS,931,29
29,2026,FOOD,313,29
29,2026,GVED,893,29
29,2026,HBJ,284,29
29,2026,HLTH,208,29
29,2026,MANU,209,29
29,2026,MING,70,29
29,2026,OFFI,482,29
29,2026,OTHR,1943,29
29,2026,RETL,567,29
29,2026,WSLE,271,29
29,2027,AGRI,442,29
29,2027,CONS,953,29
29,2027,FOOD,311,29
29,2027,GVED,901,29
29,2027,HBJ,290,29
29,2027,HLTH,212,29
29,2027,MANU,210,29
29,2027,MING,71,29
29,2027,OFFI,478,29
29,2027,OTHR,1970,29
29,2027,RETL,570,29
29,2027,WSLE,271,29
29,2028,AGRI,440,29
29,2028,CONS,976,29
29,2028,FOOD,311,29
29,2028,GVED,907,29
29,2028,HBJ,294,29
29,2028,HLTH,216,29
29,2028,MANU,212,29
29,2028,MING,68,29
29,2028,OFFI,476,29
29,2028,OTHR,2000,29
29,2028,RETL,572,29
29,2028,WSLE,270,29
29,2029,AGRI,436,29
29,2029,CONS,999,29
29,2029,FOOD,310,29
29,2029,GVED,913,29
29,2029,HBJ,299,29
29,2029,HLTH,221,29
29,2029,MANU,214,29
29,2029,MING,63,29
29,2029,OFFI,476,29
29,2029,OTHR,2023,29
29,2029,RETL,576,29
29,2029,WSLE,269,29
29,2030,AGRI,433,29
29,2030,CONS,1013,29
29,2030,FOOD,307,29
29,2030,GVED,917,29
29,2030,HBJ,304,29
29,2030,HLTH,226,29
29,2030,MANU,218,29
29,2030,MING,62,29
29,2030,OFFI,477,29
29,2030,OTHR,2036,29
29,2030,RETL,582,29
29,2030,WSLE,269,29
29,2031,AGRI,432,29
29,2031,CONS,1021,29
29,2031,FOOD,303,29
29,2031,GVED,920,29
29,2031,HBJ,308,29
29,2031,HLTH,231,29
29,2031,MANU,222,29
29,2031,MING,62,29
29,2031,OFFI,479,29
29,2031,OTHR,2047,29
29,2031,RETL,589,29
29,2031,WSLE,267,29
29,2032,AGRI,429,29
29,2032,CONS,1030,29
29,2032,FOOD,299,29
29,2032,GVED,922,29
29,2032,HBJ,315,29
29,2032,HLTH,233,29
29,2032,MANU,224,29
29,2032,MING,65,29
29,2032,OFFI,479,29
29,2032,OTHR,2068,29
29,2032,RETL,596,29
29,2032,WSLE,266,29
29,2033,AGRI,430,29
29,2033,CONS,1043,29
29,2033,FOOD,299,29
29,2033,GVED,926,29
29,2033,HBJ,321,29
29,2033,HLTH,238,29
29,2033,MANU,227,29
29,2033,MING,68,29
29,2033,OFFI,484,29
29,2033,OTHR,2093,29
29,2033,RETL,600,29
29,2033,WSLE,265,29
29,2034,AGRI,430,29
29,2034,CONS,1063,29
29,2034,FOOD,305,29
29,2034,GVED,935,29
29,2034,HBJ,329,29
29,2034,HLTH,243,29
29,2034,MANU,229,29
29,2034,MING,70,29
29,2034,OFFI,491,29
29,2034,OTHR,2139,29
29,2034,RETL,608,29
29,2034,WSLE,266,29
29,2035,AGRI,429,29
29,2035,CONS,1066,29
29,2035,FOOD,297,29
29,2035,GVED,937,29
29,2035,HBJ,330,29
29,2035,HLTH,244,29
29,2035,MANU,231,29
29,2035,MING,71,29
29,2035,OFFI,496,29
29,2035,OTHR,2090,29
29,2035,RETL,606,29
29,2035,WSLE,262,29
29,2036,AGRI,430,29
29,2036,CONS,1074,29
29,2036,FOOD,297,29
29,2036,GVED,941,29
29,2036,HBJ,336,29
29,2036,HLTH,246,29
29,2036,MANU,236,29
29,2036,MING,70,29
29,2036,OFFI,500,29
29,2036,OTHR,2100,29
29,2036,RETL,610,29
29,2036,WSLE,261,29
29,2037,AGRI,430,29
29,2037,CONS,1076,29
29,2037,FOOD,299,29
29,2037,GVED,947,29
29,2037,HBJ,343,29
29,2037,HLTH,249,29
29,2037,MANU,240,29
29,2037,MING,70,29
29,2037,OFFI,504,29
29,2037,OTHR,2118,29
29,2037,RETL,616,29
29,2037,WSLE,260,29
29,2038,AGRI,430,29
29,2038,CONS,1076,29
29,2038,FOOD,301,29
29,2038,GVED,959,29
29,2038,HBJ,350,29
29,2038,HLTH,253,29
29,2038,MANU,242,29
29,2038,MING,70,29
29,2038,OFFI,508,29
29,2038,OTHR,2149,29
29,2038,RETL,623,29
29,2038,WSLE,260,29
29,2039,AGRI,429,29
29,2039,CONS,1078,29
29,2039,FOOD,303,29
29,2039,GVED,969,29
29,2039,HBJ,357,29
29,2039,HLTH,256,29
29,2039,MANU,246,29
29,2039,MING,70,29
29,2039,OFFI,511,29
29,2039,OTHR,2179,29
29,2039,RETL,629,29
29,2039,WSLE,261,29
29,2040,AGRI,429,29
29,2040,CONS,1080,29
29,2040,FOOD,304,29
29,2040,GVED,979,29
29,2040,HBJ,362,29
29,2040,HLTH,259,29
29,2040,MANU,249,29
29,2040,MING,70,29
29,2040,OFFI,514,29
29,2040,OTHR,2208,29
29,2040,RETL,638,29
29,2040,WSLE,262,29
29,2041,AGRI,429,29
29,2041,CONS,1077,29
29,2041,FOOD,306,29
29,2041,GVED,990,29
29,2041,HBJ,369,29
29,2041,HLTH,263,29
29,2041,MANU,251,29
29,2041,MING,70,29
29,2041,OFFI,518,29
29,2041,OTHR,2231,29
29,2041,RETL,643,29
29,2041,WSLE,262,29
29,2042,AGRI,428,29
29,2042,CONS,1076,29
29,2042,FOOD,308,29
29,2042,GVED,999,29
29,2042,HBJ,377,29
29,2042,HLTH,265,29
29,2042,MANU,254,29
29,2042,MING,71,29
29,2042,OFFI,522,29
29,2042,OTHR,2254,29
29,2042,RETL,650,29
29,2042,WSLE,262,29
29,2043,AGRI,427,29
29,2043,CONS,1074,29
29,2043,FOOD,310,29
29,2043,GVED,1009,29
29,2043,HBJ,383,29
29,2043,HLTH,267,29
29,2043,MANU,257,29
29,2043,MING,72,29
29,2043,OFFI,526,29
29,2043,OTHR,2277,29
29,2043,RETL,656,29
29,2043,WSLE,263,29
29,2044,AGRI,427,29
29,2044,CONS,1071,29
29,2044,FOOD,310,29
29,2044,GVED,1018,29
29,2044,HBJ,390,29
29,2044,HLTH,270,29
29,2044,MANU,259,29
29,2044,MING,72,29
29,2044,OFFI,531,29
29,2044,OTHR,2298,29
29,2044,RETL,661,29
29,2044,WSLE,264,29
29,2045,AGRI,426,29
29,2045,CONS,1073,29
29,2045,FOOD,311,29
29,2045,GVED,1026,29
29,2045,HBJ,396,29
29,2045,HLTH,273,29
29,2045,MANU,261,29
29,2045,MING,71,29
29,2045,OFFI,535,29
29,2045,OTHR,2316,29
29,2045,RETL,667,29
29,2045,WSLE,264,29
29,2046,AGRI,426,29
29,2046,CONS,1079,29
29,2046,FOOD,312,29
29,2046,GVED,1034,29
29,2046,HBJ,403,29
29,2046,HLTH,276,29
29,2046,MANU,265,29
29,2046,MING,71,29
29,2046,OFFI,543,29
29,2046,OTHR,2335,29
29,2046,RETL,672,29
29,2046,WSLE,265,29
29,2047,AGRI,425,29
29,2047,CONS,1089,29
29,2047,FOOD,312,29
29,2047,GVED,1041,29
29,2047,HBJ,410,29
29,2047,HLTH,277,29
29,2047,MANU,268,29
29,2047,MING,71,29
29,2047,OFFI,551,29
29,2047,OTHR,2351,29
29,2047,RETL,676,29
29,2047,WSLE,265,29
29,2048,AGRI,425,29
29,2048,CONS,1102,29
29,2048,FOOD,312,29
29,2048,GVED,1049,29
29,2048,HBJ,416,29
29,2048,HLTH,279,29
29,2048,MANU,270,29
29,2048,MING,72,29
29,2048,OFFI,560,29
29,2048,OTHR,2362,29
29,2048,RETL,682,29
29,2048,WSLE,265,29
29,2049,AGRI,424,29
29,2049,CONS,1117,29
29,2049,FOOD,313,29
29,2049,GVED,1055,29
29,2049,HBJ,423,29
29,2049,HLTH,281,29
29,2049,MANU,274,29
29,2049,MING,73,29
29,2049,OFFI,567,29
29,2049,OTHR,2370,29
29,2049,RETL,685,29
29,2049,WSLE,267,29
29,2050,AGRI,423,29
29,2050,CONS,1135,29
29,2050,FOOD,312,29
29,2050,GVED,1058,29
29,2050,HBJ,429,29
29,2050,HLTH,284,29
29,2050,MANU,277,29
29,2050,MING,74,29
29,2050,OFFI,576,29
29,2050,OTHR,2381,29
29,2050,RETL,689,29
29,2050,WSLE,267,29
29,2051,AGRI,423,29
29,2051,CONS,1152,29
29,2051,FOOD,311,29
29,2051,GVED,1063,29
29,2051,HBJ,436,29
29,2051,HLTH,284,29
29,2051,MANU,279,29
29,2051,MING,75,29
29,2051,OFFI,580,29
29,2051,OTHR,2385,29
29,2051,RETL,692,29
29,2051,WSLE,266,29
29,2052,AGRI,423,29
29,2052,CONS,1167,29
29,2052,FOOD,309,29
29,2052,GVED,1066,29
29,2052,HBJ,443,29
29,2052,HLTH,286,29
29,2052,MANU,283,29
29,2052,MING,76,29
29,2052,OFFI,585,29
29,2052,OTHR,2393,29
29,2052,RETL,694,29
29,2052,WSLE,266,29
29,2053,AGRI,421,29
29,2053,CONS,1183,29
29,2053,FOOD,308,29
29,2053,GVED,1070,29
29,2053,HBJ,450,29
29,2053,HLTH,287,29
29,2053,MANU,285,29
29,2053,MING,77,29
29,2053,OFFI,587,29
29,2053,OTHR,2398,29
29,2053,RETL,696,29
29,2053,WSLE,266,29
29,2054,AGRI,420,29
29,2054,CONS,1199,29
29,2054,FOOD,306,29
29,2054,GVED,1072,29
29,2054,HBJ,455,29
29,2054,HLTH,287,29
29,2054,MANU,288,29
29,2054,MING,78,29
29,2054,OFFI,589,29
29,2054,OTHR,2404,29
29,2054,RETL,698,29
29,2054,WSLE,265,29
29,2055,AGRI,419,29
29,2055,CONS,1216,29
29,2055,FOOD,304,29
29,2055,GVED,1074,29
29,2055,HBJ,462,29
29,2055,HLTH,289,29
29,2055,MANU,290,29
29,2055,MING,79,29
29,2055,OFFI,590,29
29,2055,OTHR,2410,29
29,2055,RETL,699,29
29,2055,WSLE,267,29
29,2056,AGRI,418,29
29,2056,CONS,1224,29
29,2056,FOOD,301,29
29,2056,GVED,1077,29
29,2056,HBJ,466,29
29,2056,HLTH,290,29
29,2056,MANU,291,29
29,2056,MING,78,29
29,2056,OFFI,591,29
29,2056,OTHR,2415,29
29,2056,RETL,699,29
29,2056,WSLE,268,29
29,2057,AGRI,418,29
29,2057,CONS,1228,29
29,2057,FOOD,299,29
29,2057,GVED,1078,29
29,2057,HBJ,470,29
29,2057,HLTH,292,29
29,2057,MANU,294,29
29,2057,MING,77,29
29,2057,OFFI,593,29
29,2057,OTHR,2422,29
29,2057,RETL,699,29
29,2057,WSLE,269,29
29,2058,AGRI,417,29
29,2058,CONS,1229,29
29,2058,FOOD,296,29
29,2058,GVED,1078,29
29,2058,HBJ,474,29
29,2058,HLTH,294,29
29,2058,MANU,297,29
29,2058,MING,75,29
29,2058,OFFI,594,29
29,2058,OTHR,2426,29
29,2058,RETL,698,29
29,2058,WSLE,269,29
29,2059,AGRI,415,29
29,2059,CONS,1231,29
29,2059,FOOD,293,29
29,2059,GVED,1080,29
29,2059,HBJ,479,29
29,2059,HLTH,295,29
29,2059,MANU,298,29
29,2059,MING,74,29
29,2059,OFFI,595,29
29,2059,OTHR,2430,29
29,2059,RETL,697,29
29,2059,WSLE,269,29
29,2060,AGRI,413,29
29,2060,CONS,1232,29
29,2060,FOOD,290,29
29,2060,GVED,1080,29
29,2060,HBJ,486,29
29,2060,HLTH,294,29
29,2060,MANU,301,29
29,2060,MING,74,29
29,2060,OFFI,597,29
29,2060,OTHR,2434,29
29,2060,RETL,696,29
29,2060,WSLE,269,29
29,2061,AGRI,413,29
29,2061,CONS,1233,29
29,2061,FOOD,287,29
29,2061,GVED,1082,29
29,2061,HBJ,490,29
29,2061,HLTH,296,29
29,2061,MANU,303,29
29,2061,MING,74,29
29,2061,OFFI,596,29
29,2061,OTHR,2436,29
29,2061,RETL,696,29
29,2061,WSLE,269,29
29,2062,AGRI,412,29
29,2062,CONS,1234,29
29,2062,FOOD,285,29
29,2062,GVED,1083,29
29,2062,HBJ,495,29
29,2062,HLTH,298,29
29,2062,MANU,305,29
29,2062,MING,74,29
29,2062,OFFI,596,29
29,2062,OTHR,2439,29
29,2062,RETL,696,29
29,2062,WSLE,269,29
29,2063,AGRI,411,29
29,2063,CONS,1235,29
29,2063,FOOD,282,29
29,2063,GVED,1083,29
29,2063,HBJ,499,29
29,2063,HLTH,299,29
29,2063,MANU,307,29
29,2063,MING,74,29
29,2063,OFFI,598,29
29,2063,OTHR,2441,29
29,2063,RETL,695,29
29,2063,WSLE,271,29
29,2064,AGRI,411,29
29,2064,CONS,1235,29
29,2064,FOOD,280,29
29,2064,GVED,1083,29
29,2064,HBJ,503,29
29,2064,HLTH,301,29
29,2064,MANU,310,29
29,2064,MING,74,29
29,2064,OFFI,597,29
29,2064,OTHR,2444,29
29,2064,RETL,695,29
29,2064,WSLE,271,29
29,2065,AGRI,410,29
29,2065,CONS,1236,29
29,2065,FOOD,278,29
29,2065,GVED,1083,29
29,2065,HBJ,509,29
29,2065,HLTH,302,29
29,2065,MANU,312,29
29,2065,MING,74,29
29,2065,OFFI,598,29
29,2065,OTHR,2447,29
29,2065,RETL,696,29
29,2065,WSLE,270,29
31,2023,AGRI,152,31
31,2023,CONS,19,31
31,2023,FOOD,47,31
31,2023,GVED,124,31
31,2023,HBJ,29,31
31,2023,HLTH,45,31
31,2023,MANU,20,31
31,2023,MING,25,31
31,2023,OFFI,23,31
31,2023,OTHR,137,31
31,2023,RETL,30,31
31,2023,WSLE,41,31
31,2024,AGRI,152,31
31,2024,CONS,25,31
31,2024,FOOD,51,31
31,2024,GVED,126,31
31,2024,HBJ,29,31
31,2024,HLTH,46,31
31,2024,MANU,20,31
31,2024,MING,24,31
31,2024,OFFI,24,31
31,2024,OTHR,137,31
31,2024,RETL,31,31
31,2024,WSLE,41,31
31,2025,AGRI,150,31
31,2025,CONS,24,31
31,2025,FOOD,49,31
31,2025,GVED,124,31
31,2025,HBJ,31,31
31,2025,HLTH,48,31
31,2025,MANU,19,31
31,2025,MING,23,31
31,2025,OFFI,23,31
31,2025,OTHR,132,31
31,2025,RETL,30,31
31,2025,WSLE,41,31
31,2026,AGRI,150,31
31,2026,CONS,23,31
31,2026,FOOD,48,31
31,2026,GVED,123,31
31,2026,HBJ,31,31
31,2026,HLTH,51,31
31,2026,MANU,19,31
31,2026,MING,24,31
31,2026,OFFI,23,31
31,2026,OTHR,130,31
31,2026,RETL,30,31
31,2026,WSLE,42,31
31,2027,AGRI,150,31
31,2027,CONS,24,31
31,2027,FOOD,48,31
31,2027,GVED,122,31
31,2027,HBJ,30,31
31,2027,HLTH,53,31
31,2027,MANU,19,31
31,2027,MING,25,31
31,2027,OFFI,23,31
31,2027,OTHR,130,31
31,2027,RETL,30,31
31,2027,WSLE,42,31
31,2028,AGRI,149,31
31,2028,CONS,22,31
31,2028,FOOD,47,31
31,2028,GVED,122,31
31,2028,HBJ,30,31
31,2028,HLTH,54,31
31,2028,MANU,20,31
31,2028,MING,24,31
31,2028,OFFI,23,31
31,2028,OTHR,128,31
31,2028,RETL,29,31
31,2028,WSLE,42,31
31,2029,AGRI,147,31
31,2029,CONS,22,31
31,2029,FOOD,47,31
31,2029,GVED,121,31
31,2029,HBJ,30,31
31,2029,HLTH,56,31
31,2029,MANU,20,31
31,2029,MING,23,31
31,2029,OFFI,23,31
31,2029,OTHR,125,31
31,2029,RETL,28,31
31,2029,WSLE,40,31
31,2030,AGRI,146,31
31,2030,CONS,22,31
31,2030,FOOD,46,31
31,2030,GVED,121,31
31,2030,HBJ,30,31
31,2030,HLTH,58,31
31,2030,MANU,20,31
31,2030,MING,22,31
31,2030,OFFI,23,31
31,2030,OTHR,125,31
31,2030,RETL,28,31
31,2030,WSLE,40,31
31,2031,AGRI,146,31
31,2031,CONS,22,31
31,2031,FOOD,45,31
31,2031,GVED,121,31
31,2031,HBJ,30,31
31,2031,HLTH,59,31
31,2031,MANU,21,31
31,2031,MING,22,31
31,2031,OFFI,23,31
31,2031,OTHR,123,31
31,2031,RETL,29,31
31,2031,WSLE,40,31
31,2032,AGRI,145,31
31,2032,CONS,22,31
31,2032,FOOD,44,31
31,2032,GVED,120,31
31,2032,HBJ,31,31
31,2032,HLTH,61,31
31,2032,MANU,21,31
31,2032,MING,24,31
31,2032,OFFI,22,31
31,2032,OTHR,123,31
31,2032,RETL,29,31
31,2032,WSLE,39,31
31,2033,AGRI,144,31
31,2033,CONS,23,31
31,2033,FOOD,44,31
31,2033,GVED,120,31
31,2033,HBJ,31,31
31,2033,HLTH,63,31
31,2033,MANU,21,31
31,2033,MING,25,31
31,2033,OFFI,23,31
31,2033,OTHR,124,31
31,2033,RETL,29,31
31,2033,WSLE,38,31
31,2034,AGRI,144,31
31,2034,CONS,23,31
31,2034,FOOD,45,31
31,2034,GVED,122,31
31,2034,HBJ,33,31
31,2034,HLTH,64,31
31,2034,MANU,22,31
31,2034,MING,26,31
31,2034,OFFI,23,31
31,2034,OTHR,123,31
31,2034,RETL,29,31
31,2034,WSLE,39,31
31,2035,AGRI,144,31
31,2035,CONS,23,31
31,2035,FOOD,43,31
31,2035,GVED,121,31
31,2035,HBJ,32,31
31,2035,HLTH,65,31
31,2035,MANU,22,31
31,2035,MING,26,31
31,2035,OFFI,23,31
31,2035,OTHR,120,31
31,2035,RETL,29,31
31,2035,WSLE,38,31
31,2036,AGRI,144,31
31,2036,CONS,23,31
31,2036,FOOD,43,31
31,2036,GVED,119,31
31,2036,HBJ,32,31
31,2036,HLTH,67,31
31,2036,MANU,22,31
31,2036,MING,26,31
31,2036,OFFI,25,31
31,2036,OTHR,120,31
31,2036,RETL,29,31
31,2036,WSLE,37,31
31,2037,AGRI,144,31
31,2037,CONS,23,31
31,2037,FOOD,43,31
31,2037,GVED,119,31
31,2037,HBJ,34,31
31,2037,HLTH,68,31
31,2037,MANU,23,31
31,2037,MING,26,31
31,2037,OFFI,25,31
31,2037,OTHR,119,31
31,2037,RETL,29,31
31,2037,WSLE,36,31
31,2038,AGRI,143,31
31,2038,CONS,23,31
31,2038,FOOD,43,31
31,2038,GVED,119,31
31,2038,HBJ,33,31
31,2038,HLTH,70,31
31,2038,MANU,23,31
31,2038,MING,26,31
31,2038,OFFI,25,31
31,2038,OTHR,118,31
31,2038,RETL,30,31
31,2038,WSLE,36,31
31,2039,AGRI,143,31
31,2039,CONS,23,31
31,2039,FOOD,43,31
31,2039,GVED,118,31
31,2039,HBJ,34,31
31,2039,HLTH,72,31
31,2039,MANU,23,31
31,2039,MING,26,31
31,2039,OFFI,25,31
31,2039,OTHR,119,31
31,2039,RETL,29,31
31,2039,WSLE,35,31
31,2040,AGRI,143,31
31,2040,CONS,22,31
31,2040,FOOD,43,31
31,2040,GVED,118,31
31,2040,HBJ,34,31
31,2040,HLTH,74,31
31,2040,MANU,24,31
31,2040,MING,26,31
31,2040,OFFI,26,31
31,2040,OTHR,119,31
31,2040,RETL,29,31
31,2040,WSLE,35,31
31,2041,AGRI,143,31
31,2041,CONS,22,31
31,2041,FOOD,43,31
31,2041,GVED,118,31
31,2041,HBJ,34,31
31,2041,HLTH,75,31
31,2041,MANU,24,31
31,2041,MING,26,31
31,2041,OFFI,26,31
31,2041,OTHR,118,31
31,2041,RETL,29,31
31,2041,WSLE,34,31
31,2042,AGRI,143,31
31,2042,CONS,21,31
31,2042,FOOD,42,31
31,2042,GVED,118,31
31,2042,HBJ,34,31
31,2042,HLTH,78,31
31,2042,MANU,24,31
31,2042,MING,27,31
31,2042,OFFI,26,31
31,2042,OTHR,118,31
31,2042,RETL,29,31
31,2042,WSLE,34,31
31,2043,AGRI,142,31
31,2043,CONS,21,31
31,2043,FOOD,42,31
31,2043,GVED,119,31
31,2043,HBJ,34,31
31,2043,HLTH,79,31
31,2043,MANU,24,31
31,2043,MING,27,31
31,2043,OFFI,26,31
31,2043,OTHR,117,31
31,2043,RETL,29,31
31,2043,WSLE,33,31
31,2044,AGRI,141,31
31,2044,CONS,21,31
31,2044,FOOD,42,31
31,2044,GVED,119,31
31,2044,HBJ,35,31
31,2044,HLTH,80,31
31,2044,MANU,24,31
31,2044,MING,27,31
31,2044,OFFI,26,31
31,2044,OTHR,116,31
31,2044,RETL,29,31
31,2044,WSLE,33,31
31,2045,AGRI,140,31
31,2045,CONS,20,31
31,2045,FOOD,42,31
31,2045,GVED,118,31
31,2045,HBJ,36,31
31,2045,HLTH,82,31
31,2045,MANU,25,31
31,2045,MING,27,31
31,2045,OFFI,27,31
31,2045,OTHR,117,31
31,2045,RETL,29,31
31,2045,WSLE,32,31
31,2046,AGRI,140,31
31,2046,CONS,21,31
31,2046,FOOD,40,31
31,2046,GVED,119,31
31,2046,HBJ,37,31
31,2046,HLTH,85,31
31,2046,MANU,25,31
31,2046,MING,27,31
31,2046,OFFI,26,31
31,2046,OTHR,116,31
31,2046,RETL,30,31
31,2046,WSLE,32,31
31,2047,AGRI,140,31
31,2047,CONS,21,31
31,2047,FOOD,40,31
31,2047,GVED,119,31
31,2047,HBJ,37,31
31,2047,HLTH,86,31
31,2047,MANU,25,31
31,2047,MING,27,31
31,2047,OFFI,26,31
31,2047,OTHR,115,31
31,2047,RETL,30,31
31,2047,WSLE,32,31
31,2048,AGRI,139,31
31,2048,CONS,21,31
31,2048,FOOD,40,31
31,2048,GVED,120,31
31,2048,HBJ,37,31
31,2048,HLTH,89,31
31,2048,MANU,25,31
31,2048,MING,28,31
31,2048,OFFI,28,31
31,2048,OTHR,115,31
31,2048,RETL,30,31
31,2048,WSLE,31,31
31,2049,AGRI,139,31
31,2049,CONS,21,31
31,2049,FOOD,40,31
31,2049,GVED,119,31
31,2049,HBJ,37,31
31,2049,HLTH,92,31
31,2049,MANU,26,31
31,2049,MING,28,31
31,2049,OFFI,28,31
31,2049,OTHR,114,31
31,2049,RETL,30,31
31,2049,WSLE,31,31
31,2050,AGRI,139,31
31,2050,CONS,21,31
31,2050,FOOD,40,31
31,2050,GVED,119,31
31,2050,HBJ,37,31
31,2050,HLTH,93,31
31,2050,MANU,26,31
31,2050,MING,28,31
31,2050,OFFI,28,31
31,2050,OTHR,114,31
31,2050,RETL,30,31
31,2050,WSLE,30,31
31,2051,AGRI,138,31
31,2051,CONS,21,31
31,2051,FOOD,39,31
31,2051,GVED,118,31
31,2051,HBJ,38,31
31,2051,HLTH,96,31
31,2051,MANU,26,31
31,2051,MING,29,31
31,2051,OFFI,28,31
31,2051,OTHR,113,31
31,2051,RETL,29,31
31,2051,WSLE,30,31
31,2052,AGRI,137,31
31,2052,CONS,21,31
31,2052,FOOD,39,31
31,2052,GVED,117,31
31,2052,HBJ,39,31
31,2052,HLTH,98,31
31,2052,MANU,27,31
31,2052,MING,28,31
31,2052,OFFI,28,31
31,2052,OTHR,113,31
31,2052,RETL,30,31
31,2052,WSLE,30,31
31,2053,AGRI,137,31
31,2053,CONS,22,31
31,2053,FOOD,39,31
31,2053,GVED,118,31
31,2053,HBJ,40,31
31,2053,HLTH,100,31
31,2053,MANU,26,31
31,2053,MING,29,31
31,2053,OFFI,29,31
31,2053,OTHR,113,31
31,2053,RETL,30,31
31,2053,WSLE,29,31
31,2054,AGRI,136,31
31,2054,CONS,22,31
31,2054,FOOD,39,31
31,2054,GVED,117,31
31,2054,HBJ,40,31
31,2054,HLTH,103,31
31,2054,MANU,26,31
31,2054,MING,29,31
31,2054,OFFI,29,31
31,2054,OTHR,112,31
31,2054,RETL,30,31
31,2054,WSLE,29,31
31,2055,AGRI,136,31
31,2055,CONS,21,31
31,2055,FOOD,39,31
31,2055,GVED,117,31
31,2055,HBJ,40,31
31,2055,HLTH,106,31
31,2055,MANU,26,31
31,2055,MING,29,31
31,2055,OFFI,29,31
31,2055,OTHR,111,31
31,2055,RETL,30,31
31,2055,WSLE,30,31
31,2056,AGRI,136,31
31,2056,CONS,21,31
31,2056,FOOD,38,31
31,2056,GVED,117,31
31,2056,HBJ,40,31
31,2056,HLTH,108,31
31,2056,MANU,26,31
31,2056,MING,29,31
31,2056,OFFI,29,31
31,2056,OTHR,111,31
31,2056,RETL,30,31
31,2056,WSLE,29,31
31,2057,AGRI,135,31
31,2057,CONS,22,31
31,2057,FOOD,38,31
31,2057,GVED,117,31
31,2057,HBJ,40,31
31,2057,HLTH,110,31
31,2057,MANU,26,31
31,2057,MING,28,31
31,2057,OFFI,29,31
31,2057,OTHR,111,31
31,2057,RETL,30,31
31,2057,WSLE,29,31
31,2058,AGRI,135,31
31,2058,CONS,22,31
31,2058,FOOD,38,31
31,2058,GVED,117,31
31,2058,HBJ,41,31
31,2058,HLTH,111,31
31,2058,MANU,27,31
31,2058,MING,28,31
31,2058,OFFI,29,31
31,2058,OTHR,111,31
31,2058,RETL,31,31
31,2058,WSLE,29,31
31,2059,AGRI,134,31
31,2059,CONS,22,31
31,2059,FOOD,38,31
31,2059,GVED,117,31
31,2059,HBJ,42,31
31,2059,HLTH,113,31
31,2059,MANU,27,31
31,2059,MING,28,31
31,2059,OFFI,29,31
31,2059,OTHR,111,31
31,2059,RETL,31,31
31,2059,WSLE,28,31
31,2060,AGRI,134,31
31,2060,CONS,21,31
31,2060,FOOD,37,31
31,2060,GVED,117,31
31,2060,HBJ,42,31
31,2060,HLTH,115,31
31,2060,MANU,27,31
31,2060,MING,28,31
31,2060,OFFI,29,31
31,2060,OTHR,110,31
31,2060,RETL,31,31
31,2060,WSLE,28,31
31,2061,AGRI,134,31
31,2061,CONS,22,31
31,2061,FOOD,37,31
31,2061,GVED,117,31
31,2061,HBJ,42,31
31,2061,HLTH,116,31
31,2061,MANU,27,31
31,2061,MING,28,31
31,2061,OFFI,29,31
31,2061,OTHR,110,31
31,2061,RETL,31,31
31,2061,WSLE,27,31
31,2062,AGRI,132,31
31,2062,CONS,21,31
31,2062,FOOD,37,31
31,2062,GVED,117,31
31,2062,HBJ,42,31
31,2062,HLTH,119,31
31,2062,MANU,27,31
31,2062,MING,28,31
31,2062,OFFI,30,31
31,2062,OTHR,109,31
31,2062,RETL,31,31
31,2062,WSLE,27,31
31,2063,AGRI,132,31
31,2063,CONS,21,31
31,2063,FOOD,36,31
31,2063,GVED,117,31
31,2063,HBJ,43,31
31,2063,HLTH,121,31
31,2063,MANU,28,31
31,2063,MING,28,31
31,2063,OFFI,30,31
31,2063,OTHR,110,31
31,2063,RETL,30,31
31,2063,WSLE,27,31
31,2064,AGRI,132,31
31,2064,CONS,21,31
31,2064,FOOD,36,31
31,2064,GVED,117,31
31,2064,HBJ,44,31
31,2064,HLTH,122,31
31,2064,MANU,28,31
31,2064,MING,28,31
31,2064,OFFI,30,31
31,2064,OTHR,109,31
31,2064,RETL,30,31
31,2064,WSLE,26,31
31,2065,AGRI,132,31
31,2065,CONS,21,31
31,2065,FOOD,36,31
31,2065,GVED,116,31
31,2065,HBJ,45,31
31,2065,HLTH,124,31
31,2065,MANU,28,31
31,2065,MING,28,31
31,2065,OFFI,30,31
31,2065,OTHR,108,31
31,2065,RETL,30,31
31,2065,WSLE,26,31
33,2023,AGRI,197,33
33,2023,CONS,139,33
33,2023,FOOD,206,33
33,2023,GVED,239,33
33,2023,HBJ,82,33
33,2023,HLTH,67,33
33,2023,MANU,47,33
33,2023,MING,37,33
33,2023,OFFI,94,33
33,2023,OTHR,593,33
33,2023,RETL,216,33
33,2023,WSLE,111,33
33,2024,AGRI,197,33
33,2024,CONS,149,33
33,2024,FOOD,215,33
33,2024,GVED,244,33
33,2024,HBJ,86,33
33,2024,HLTH,45,33
33,2024,MANU,47,33
33,2024,MING,37,33
33,2024,OFFI,94,33
33,2024,OTHR,629,33
33,2024,RETL,204,33
33,2024,WSLE,205,33
33,2025,AGRI,196,33
33,2025,CONS,151,33
33,2025,FOOD,213,33
33,2025,GVED,247,33
33,2025,HBJ,93,33
33,2025,HLTH,46,33
33,2025,MANU,47,33
33,2025,MING,36,33
33,2025,OFFI,93,33
33,2025,OTHR,638,33
33,2025,RETL,206,33
33,2025,WSLE,203,33
33,2026,AGRI,196,33
33,2026,CONS,149,33
33,2026,FOOD,215,33
33,2026,GVED,249,33
33,2026,HBJ,93,33
33,2026,HLTH,47,33
33,2026,MANU,47,33
33,2026,MING,37,33
33,2026,OFFI,93,33
33,2026,OTHR,642,33
33,2026,RETL,205,33
33,2026,WSLE,199,33
33,2027,AGRI,195,33
33,2027,CONS,149,33
33,2027,FOOD,215,33
33,2027,GVED,250,33
33,2027,HBJ,97,33
33,2027,HLTH,47,33
33,2027,MANU,48,33
33,2027,MING,38,33
33,2027,OFFI,92,33
33,2027,OTHR,647,33
33,2027,RETL,208,33
33,2027,WSLE,197,33
33,2028,AGRI,194,33
33,2028,CONS,152,33
33,2028,FOOD,215,33
33,2028,GVED,253,33
33,2028,HBJ,96,33
33,2028,HLTH,48,33
33,2028,MANU,48,33
33,2028,MING,36,33
33,2028,OFFI,93,33
33,2028,OTHR,655,33
33,2028,RETL,209,33
33,2028,WSLE,194,33
33,2029,AGRI,193,33
33,2029,CONS,155,33
33,2029,FOOD,213,33
33,2029,GVED,254,33
33,2029,HBJ,96,33
33,2029,HLTH,49,33
33,2029,MANU,49,33
33,2029,MING,34,33
33,2029,OFFI,93,33
33,2029,OTHR,665,33
33,2029,RETL,209,33
33,2029,WSLE,191,33
33,2030,AGRI,192,33
33,2030,CONS,157,33
33,2030,FOOD,211,33
33,2030,GVED,256,33
33,2030,HBJ,97,33
33,2030,HLTH,49,33
33,2030,MANU,50,33
33,2030,MING,33,33
33,2030,OFFI,94,33
33,2030,OTHR,675,33
33,2030,RETL,212,33
33,2030,WSLE,187,33
33,2031,AGRI,190,33
33,2031,CONS,159,33
33,2031,FOOD,208,33
33,2031,GVED,258,33
33,2031,HBJ,99,33
33,2031,HLTH,50,33
33,2031,MANU,51,33
33,2031,MING,33,33
33,2031,OFFI,93,33
33,2031,OTHR,683,33
33,2031,RETL,215,33
33,2031,WSLE,184,33
33,2032,AGRI,189,33
33,2032,CONS,161,33
33,2032,FOOD,206,33
33,2032,GVED,258,33
33,2032,HBJ,101,33
33,2032,HLTH,50,33
33,2032,MANU,51,33
33,2032,MING,35,33
33,2032,OFFI,94,33
33,2032,OTHR,690,33
33,2032,RETL,215,33
33,2032,WSLE,180,33
33,2033,AGRI,189,33
33,2033,CONS,162,33
33,2033,FOOD,205,33
33,2033,GVED,259,33
33,2033,HBJ,104,33
33,2033,HLTH,50,33
33,2033,MANU,51,33
33,2033,MING,36,33
33,2033,OFFI,95,33
33,2033,OTHR,698,33
33,2033,RETL,217,33
33,2033,WSLE,177,33
33,2034,AGRI,189,33
33,2034,CONS,165,33
33,2034,FOOD,211,33
33,2034,GVED,260,33
33,2034,HBJ,106,33
33,2034,HLTH,51,33
33,2034,MANU,52,33
33,2034,MING,37,33
33,2034,OFFI,96,33
33,2034,OTHR,712,33
33,2034,RETL,217,33
33,2034,WSLE,174,33
33,2035,AGRI,188,33
33,2035,CONS,165,33
33,2035,FOOD,203,33
33,2035,GVED,260,33
33,2035,HBJ,106,33
33,2035,HLTH,51,33
33,2035,MANU,52,33
33,2035,MING,38,33
33,2035,OFFI,97,33
33,2035,OTHR,703,33
33,2035,RETL,216,33
33,2035,WSLE,171,33
33,2036,AGRI,188,33
33,2036,CONS,165,33
33,2036,FOOD,204,33
33,2036,GVED,263,33
33,2036,HBJ,109,33
33,2036,HLTH,51,33
33,2036,MANU,53,33
33,2036,MING,38,33
33,2036,OFFI,98,33
33,2036,OTHR,710,33
33,2036,RETL,216,33
33,2036,WSLE,169,33
33,2037,AGRI,188,33
33,2037,CONS,165,33
33,2037,FOOD,205,33
33,2037,GVED,264,33
33,2037,HBJ,111,33
33,2037,HLTH,51,33
33,2037,MANU,53,33
33,2037,MING,38,33
33,2037,OFFI,97,33
33,2037,OTHR,716,33
33,2037,RETL,216,33
33,2037,WSLE,168,33
33,2038,AGRI,187,33
33,2038,CONS,165,33
33,2038,FOOD,204,33
33,2038,GVED,266,33
33,2038,HBJ,112,33
33,2038,HLTH,51,33
33,2038,MANU,54,33
33,2038,MING,38,33
33,2038,OFFI,99,33
33,2038,OTHR,723,33
33,2038,RETL,218,33
33,2038,WSLE,166,33
33,2039,AGRI,186,33
33,2039,CONS,166,33
33,2039,FOOD,205,33
33,2039,GVED,267,33
33,2039,HBJ,114,33
33,2039,HLTH,51,33
33,2039,MANU,54,33
33,2039,MING,38,33
33,2039,OFFI,100,33
33,2039,OTHR,732,33
33,2039,RETL,219,33
33,2039,WSLE,164,33
33,2040,AGRI,186,33
33,2040,CONS,166,33
33,2040,FOOD,206,33
33,2040,GVED,269,33
33,2040,HBJ,115,33
33,2040,HLTH,53,33
33,2040,MANU,55,33
33,2040,MING,38,33
33,2040,OFFI,100,33
33,2040,OTHR,742,33
33,2040,RETL,221,33
33,2040,WSLE,163,33
33,2041,AGRI,186,33
33,2041,CONS,166,33
33,2041,FOOD,207,33
33,2041,GVED,273,33
33,2041,HBJ,116,33
33,2041,HLTH,53,33
33,2041,MANU,56,33
33,2041,MING,38,33
33,2041,OFFI,101,33
33,2041,OTHR,748,33
33,2041,RETL,223,33
33,2041,WSLE,162,33
33,2042,AGRI,186,33
33,2042,CONS,166,33
33,2042,FOOD,208,33
33,2042,GVED,275,33
33,2042,HBJ,118,33
33,2042,HLTH,53,33
33,2042,MANU,56,33
33,2042,MING,39,33
33,2042,OFFI,102,33
33,2042,OTHR,756,33
33,2042,RETL,224,33
33,2042,WSLE,161,33
33,2043,AGRI,184,33
33,2043,CONS,165,33
33,2043,FOOD,209,33
33,2043,GVED,277,33
33,2043,HBJ,121,33
33,2043,HLTH,52,33
33,2043,MANU,57,33
33,2043,MING,39,33
33,2043,OFFI,102,33
33,2043,OTHR,762,33
33,2043,RETL,224,33
33,2043,WSLE,160,33
33,2044,AGRI,184,33
33,2044,CONS,165,33
33,2044,FOOD,209,33
33,2044,GVED,279,33
33,2044,HBJ,123,33
33,2044,HLTH,52,33
33,2044,MANU,57,33
33,2044,MING,38,33
33,2044,OFFI,102,33
33,2044,OTHR,769,33
33,2044,RETL,226,33
33,2044,WSLE,159,33
33,2045,AGRI,184,33
33,2045,CONS,166,33
33,2045,FOOD,210,33
33,2045,GVED,280,33
33,2045,HBJ,124,33
33,2045,HLTH,52,33
33,2045,MANU,58,33
33,2045,MING,38,33
33,2045,OFFI,104,33
33,2045,OTHR,775,33
33,2045,RETL,228,33
33,2045,WSLE,158,33
33,2046,AGRI,183,33
33,2046,CONS,168,33
33,2046,FOOD,209,33
33,2046,GVED,282,33
33,2046,HBJ,125,33
33,2046,HLTH,53,33
33,2046,MANU,58,33
33,2046,MING,38,33
33,2046,OFFI,105,33
33,2046,OTHR,782,33
33,2046,RETL,230,33
33,2046,WSLE,158,33
33,2047,AGRI,183,33
33,2047,CONS,171,33
33,2047,FOOD,210,33
33,2047,GVED,284,33
33,2047,HBJ,127,33
33,2047,HLTH,53,33
33,2047,MANU,59,33
33,2047,MING,39,33
33,2047,OFFI,106,33
33,2047,OTHR,787,33
33,2047,RETL,232,33
33,2047,WSLE,156,33
33,2048,AGRI,183,33
33,2048,CONS,174,33
33,2048,FOOD,211,33
33,2048,GVED,286,33
33,2048,HBJ,129,33
33,2048,HLTH,53,33
33,2048,MANU,59,33
33,2048,MING,39,33
33,2048,OFFI,107,33
33,2048,OTHR,791,33
33,2048,RETL,233,33
33,2048,WSLE,156,33
33,2049,AGRI,182,33
33,2049,CONS,178,33
33,2049,FOOD,212,33
33,2049,GVED,288,33
33,2049,HBJ,130,33
33,2049,HLTH,53,33
33,2049,MANU,60,33
33,2049,MING,40,33
33,2049,OFFI,110,33
33,2049,OTHR,798,33
33,2049,RETL,234,33
33,2049,WSLE,155,33
33,2050,AGRI,181,33
33,2050,CONS,182,33
33,2050,FOOD,212,33
33,2050,GVED,289,33
33,2050,HBJ,132,33
33,2050,HLTH,53,33
33,2050,MANU,61,33
33,2050,MING,41,33
33,2050,OFFI,110,33
33,2050,OTHR,801,33
33,2050,RETL,236,33
33,2050,WSLE,155,33
33,2051,AGRI,181,33
33,2051,CONS,187,33
33,2051,FOOD,213,33
33,2051,GVED,290,33
33,2051,HBJ,135,33
33,2051,HLTH,53,33
33,2051,MANU,60,33
33,2051,MING,41,33
33,2051,OFFI,110,33
33,2051,OTHR,804,33
33,2051,RETL,238,33
33,2051,WSLE,154,33
33,2052,AGRI,180,33
33,2052,CONS,191,33
33,2052,FOOD,214,33
33,2052,GVED,293,33
33,2052,HBJ,137,33
33,2052,HLTH,53,33
33,2052,MANU,61,33
33,2052,MING,42,33
33,2052,OFFI,111,33
33,2052,OTHR,808,33
33,2052,RETL,240,33
33,2052,WSLE,153,33
33,2053,AGRI,180,33
33,2053,CONS,197,33
33,2053,FOOD,213,33
33,2053,GVED,293,33
33,2053,HBJ,139,33
33,2053,HLTH,53,33
33,2053,MANU,61,33
33,2053,MING,43,33
33,2053,OFFI,112,33
33,2053,OTHR,813,33
33,2053,RETL,241,33
33,2053,WSLE,152,33
33,2054,AGRI,180,33
33,2054,CONS,201,33
33,2054,FOOD,213,33
33,2054,GVED,295,33
33,2054,HBJ,140,33
33,2054,HLTH,53,33
33,2054,MANU,62,33
33,2054,MING,43,33
33,2054,OFFI,112,33
33,2054,OTHR,817,33
33,2054,RETL,243,33
33,2054,WSLE,151,33
33,2055,AGRI,179,33
33,2055,CONS,205,33
33,2055,FOOD,213,33
33,2055,GVED,296,33
33,2055,HBJ,143,33
33,2055,HLTH,53,33
33,2055,MANU,62,33
33,2055,MING,44,33
33,2055,OFFI,113,33
33,2055,OTHR,820,33
33,2055,RETL,244,33
33,2055,WSLE,151,33
33,2056,AGRI,177,33
33,2056,CONS,209,33
33,2056,FOOD,213,33
33,2056,GVED,298,33
33,2056,HBJ,146,33
33,2056,HLTH,53,33
33,2056,MANU,62,33
33,2056,MING,44,33
33,2056,OFFI,113,33
33,2056,OTHR,825,33
33,2056,RETL,244,33
33,2056,WSLE,152,33
33,2057,AGRI,177,33
33,2057,CONS,212,33
33,2057,FOOD,212,33
33,2057,GVED,299,33
33,2057,HBJ,148,33
33,2057,HLTH,52,33
33,2057,MANU,63,33
33,2057,MING,43,33
33,2057,OFFI,113,33
33,2057,OTHR,828,33
33,2057,RETL,245,33
33,2057,WSLE,152,33
33,2058,AGRI,176,33
33,2058,CONS,213,33
33,2058,FOOD,211,33
33,2058,GVED,301,33
33,2058,HBJ,149,33
33,2058,HLTH,52,33
33,2058,MANU,63,33
33,2058,MING,43,33
33,2058,OFFI,113,33
33,2058,OTHR,832,33
33,2058,RETL,246,33
33,2058,WSLE,151,33
33,2059,AGRI,176,33
33,2059,CONS,215,33
33,2059,FOOD,210,33
33,2059,GVED,301,33
33,2059,HBJ,150,33
33,2059,HLTH,53,33
33,2059,MANU,64,33
33,2059,MING,42,33
33,2059,OFFI,113,33
33,2059,OTHR,835,33
33,2059,RETL,247,33
33,2059,WSLE,152,33
33,2060,AGRI,175,33
33,2060,CONS,215,33
33,2060,FOOD,210,33
33,2060,GVED,303,33
33,2060,HBJ,152,33
33,2060,HLTH,53,33
33,2060,MANU,64,33
33,2060,MING,42,33
33,2060,OFFI,115,33
33,2060,OTHR,838,33
33,2060,RETL,246,33
33,2060,WSLE,152,33
33,2061,AGRI,175,33
33,2061,CONS,217,33
33,2061,FOOD,210,33
33,2061,GVED,304,33
33,2061,HBJ,153,33
33,2061,HLTH,52,33
33,2061,MANU,65,33
33,2061,MING,42,33
33,2061,OFFI,116,33
33,2061,OTHR,842,33
33,2061,RETL,247,33
33,2061,WSLE,151,33
33,2062,AGRI,174,33
33,2062,CONS,217,33
33,2062,FOOD,211,33
33,2062,GVED,306,33
33,2062,HBJ,156,33
33,2062,HLTH,52,33
33,2062,MANU,65,33
33,2062,MING,42,33
33,2062,OFFI,116,33
33,2062,OTHR,847,33
33,2062,RETL,248,33
33,2062,WSLE,150,33
33,2063,AGRI,173,33
33,2063,CONS,217,33
33,2063,FOOD,211,33
33,2063,GVED,307,33
33,2063,HBJ,158,33
33,2063,HLTH,52,33
33,2063,MANU,66,33
33,2063,MING,43,33
33,2063,OFFI,118,33
33,2063,OTHR,850,33
33,2063,RETL,250,33
33,2063,WSLE,149,33
33,2064,AGRI,172,33
33,2064,CONS,217,33
33,2064,FOOD,211,33
33,2064,GVED,308,33
33,2064,HBJ,160,33
33,2064,HLTH,52,33
33,2064,MANU,66,33
33,2064,MING,43,33
33,2064,OFFI,117,33
33,2064,OTHR,854,33
33,2064,RETL,250,33
33,2064,WSLE,149,33
33,2065,AGRI,171,33
33,2065,CONS,218,33
33,2065,FOOD,211,33
33,2065,GVED,311,33
33,2065,HBJ,162,33
33,2065,HLTH,52,33
33,2065,MANU,65,33
33,2065,MING,43,33
33,2065,OFFI,118,33
33,2065,OTHR,858,33
33,2065,RETL,252,33
33,2065,WSLE,149,33
35,2023,AGRI,1257,35
35,2023,CONS,65798,35
35,2023,FOOD,60347,35
35,2023,GVED,148353,35
35,2023,HBJ,28012,35
35,2023,HLTH,82573,35
35,2023,MANU,63213,35
35,2023,MING,4552,35
35,2023,OFFI,141486,35
35,2023,OTHR,270987,35
35,2023,RETL,88198,35
35,2023,WSLE,101952,35
35,2024,AGRI,1256,35
35,2024,CONS,66988,35
35,2024,FOOD,60854,35
35,2024,GVED,153518,35
35,2024,HBJ,27856,35
35,2024,HLTH,84673,35
35,2024,MANU,62151,35
35,2024,MING,4661,35
35,2024,OFFI,140672,35
35,2024,OTHR,273233,35
35,2024,RETL,87244,35
35,2024,WSLE,103457,35
35,2025,AGRI,1250,35
35,2025,CONS,68437,35
35,2025,FOOD,60555,35
35,2025,GVED,155841,35
35,2025,HBJ,30848,35
35,2025,HLTH,87968,35
35,2025,MANU,62878,35
35,2025,MING,4605,35
35,2025,OFFI,141909,35
35,2025,OTHR,276240,35
35,2025,RETL,87883,35
35,2025,WSLE,105283,35
35,2026,AGRI,1246,35
35,2026,CONS,68904,35
35,2026,FOOD,60461,35
35,2026,GVED,155856,35
35,2026,HBJ,31432,35
35,2026,HLTH,90260,35
35,2026,MANU,62877,35
35,2026,MING,4703,35
35,2026,OFFI,140677,35
35,2026,OTHR,278403,35
35,2026,RETL,87270,35
35,2026,WSLE,105850,35
35,2027,AGRI,1238,35
35,2027,CONS,72258,35
35,2027,FOOD,60267,35
35,2027,GVED,157352,35
35,2027,HBJ,32206,35
35,2027,HLTH,92498,35
35,2027,MANU,63048,35
35,2027,MING,4767,35
35,2027,OFFI,140583,35
35,2027,OTHR,281377,35
35,2027,RETL,88083,35
35,2027,WSLE,106935,35
35,2028,AGRI,1227,35
35,2028,CONS,73044,35
35,2028,FOOD,59819,35
35,2028,GVED,158358,35
35,2028,HBJ,32821,35
35,2028,HLTH,93732,35
35,2028,MANU,63105,35
35,2028,MING,4538,35
35,2028,OFFI,141139,35
35,2028,OTHR,283735,35
35,2028,RETL,88182,35
35,2028,WSLE,106940,35
35,2029,AGRI,1219,35
35,2029,CONS,74920,35
35,2029,FOOD,59213,35
35,2029,GVED,159435,35
35,2029,HBJ,33575,35
35,2029,HLTH,95009,35
35,2029,MANU,63648,35
35,2029,MING,4255,35
35,2029,OFFI,142781,35
35,2029,OTHR,287312,35
35,2029,RETL,88502,35
35,2029,WSLE,107132,35
35,2030,AGRI,1210,35
35,2030,CONS,75430,35
35,2030,FOOD,58662,35
35,2030,GVED,160278,35
35,2030,HBJ,34365,35
35,2030,HLTH,96555,35
35,2030,MANU,64501,35
35,2030,MING,4165,35
35,2030,OFFI,145238,35
35,2030,OTHR,290957,35
35,2030,RETL,89831,35
35,2030,WSLE,107162,35
35,2031,AGRI,1203,35
35,2031,CONS,74860,35
35,2031,FOOD,57775,35
35,2031,GVED,160305,35
35,2031,HBJ,35039,35
35,2031,HLTH,97966,35
35,2031,MANU,65297,35
35,2031,MING,4174,35
35,2031,OFFI,146869,35
35,2031,OTHR,293695,35
35,2031,RETL,91253,35
35,2031,WSLE,107209,35
35,2032,AGRI,1197,35
35,2032,CONS,75533,35
35,2032,FOOD,57077,35
35,2032,GVED,160578,35
35,2032,HBJ,35825,35
35,2032,HLTH,99740,35
35,2032,MANU,66105,35
35,2032,MING,4364,35
35,2032,OFFI,148853,35
35,2032,OTHR,298005,35
35,2032,RETL,92444,35
35,2032,WSLE,107249,35
35,2033,AGRI,1201,35
35,2033,CONS,75396,35
35,2033,FOOD,56852,35
35,2033,GVED,160969,35
35,2033,HBJ,36677,35
35,2033,HLTH,101114,35
35,2033,MANU,66779,35
35,2033,MING,4568,35
35,2033,OFFI,152002,35
35,2033,OTHR,303411,35
35,2033,RETL,93673,35
35,2033,WSLE,107119,35
35,2034,AGRI,1204,35
35,2034,CONS,77121,35
35,2034,FOOD,58637,35
35,2034,GVED,161773,35
35,2034,HBJ,37744,35
35,2034,HLTH,103010,35
35,2034,MANU,67566,35
35,2034,MING,4748,35
35,2034,OFFI,155006,35
35,2034,OTHR,310207,35
35,2034,RETL,94491,35
35,2034,WSLE,107161,35
35,2035,AGRI,1202,35
35,2035,CONS,78789,35
35,2035,FOOD,56404,35
35,2035,GVED,161890,35
35,2035,HBJ,38231,35
35,2035,HLTH,103535,35
35,2035,MANU,68100,35
35,2035,MING,4804,35
35,2035,OFFI,157946,35
35,2035,OTHR,308234,35
35,2035,RETL,94522,35
35,2035,WSLE,105742,35
35,2036,AGRI,1204,35
35,2036,CONS,78201,35
35,2036,FOOD,56658,35
35,2036,GVED,162601,35
35,2036,HBJ,39038,35
35,2036,HLTH,104569,35
35,2036,MANU,69104,35
35,2036,MING,4766,35
35,2036,OFFI,161772,35
35,2036,OTHR,312085,35
35,2036,RETL,95024,35
35,2036,WSLE,105001,35
35,2037,AGRI,1205,35
35,2037,CONS,79774,35
35,2037,FOOD,57085,35
35,2037,GVED,163710,35
35,2037,HBJ,39998,35
35,2037,HLTH,105856,35
35,2037,MANU,70169,35
35,2037,MING,4720,35
35,2037,OFFI,164649,35
35,2037,OTHR,316677,35
35,2037,RETL,96076,35
35,2037,WSLE,104637,35
35,2038,AGRI,1206,35
35,2038,CONS,79575,35
35,2038,FOOD,57327,35
35,2038,GVED,165152,35
35,2038,HBJ,41013,35
35,2038,HLTH,107352,35
35,2038,MANU,71127,35
35,2038,MING,4705,35
35,2038,OFFI,168257,35
35,2038,OTHR,323215,35
35,2038,RETL,96911,35
35,2038,WSLE,104767,35
35,2039,AGRI,1208,35
35,2039,CONS,79708,35
35,2039,FOOD,57647,35
35,2039,GVED,166899,35
35,2039,HBJ,42034,35
35,2039,HLTH,108775,35
35,2039,MANU,72037,35
35,2039,MING,4697,35
35,2039,OFFI,171356,35
35,2039,OTHR,329032,35
35,2039,RETL,97889,35
35,2039,WSLE,104912,35
35,2040,AGRI,1209,35
35,2040,CONS,79726,35
35,2040,FOOD,58012,35
35,2040,GVED,168903,35
35,2040,HBJ,43052,35
35,2040,HLTH,110470,35
35,2040,MANU,72939,35
35,2040,MING,4696,35
35,2040,OFFI,174932,35
35,2040,OTHR,334811,35
35,2040,RETL,98887,35
35,2040,WSLE,105127,35
35,2041,AGRI,1211,35
35,2041,CONS,79746,35
35,2041,FOOD,58468,35
35,2041,GVED,170667,35
35,2041,HBJ,44107,35
35,2041,HLTH,111984,35
35,2041,MANU,73778,35
35,2041,MING,4715,35
35,2041,OFFI,178043,35
35,2041,OTHR,340114,35
35,2041,RETL,99999,35
35,2041,WSLE,105423,35
35,2042,AGRI,1213,35
35,2042,CONS,79416,35
35,2042,FOOD,58798,35
35,2042,GVED,172573,35
35,2042,HBJ,45129,35
35,2042,HLTH,113381,35
35,2042,MANU,74564,35
35,2042,MING,4760,35
35,2042,OFFI,181448,35
35,2042,OTHR,345229,35
35,2042,RETL,100851,35
35,2042,WSLE,105818,35
35,2043,AGRI,1214,35
35,2043,CONS,79307,35
35,2043,FOOD,59262,35
35,2043,GVED,174692,35
35,2043,HBJ,46204,35
35,2043,HLTH,114781,35
35,2043,MANU,75228,35
35,2043,MING,4798,35
35,2043,OFFI,184869,35
35,2043,OTHR,350753,35
35,2043,RETL,101914,35
35,2043,WSLE,106250,35
35,2044,AGRI,1216,35
35,2044,CONS,79470,35
35,2044,FOOD,59696,35
35,2044,GVED,176970,35
35,2044,HBJ,47343,35
35,2044,HLTH,116311,35
35,2044,MANU,75921,35
35,2044,MING,4793,35
35,2044,OFFI,188359,35
35,2044,OTHR,356270,35
35,2044,RETL,102943,35
35,2044,WSLE,106728,35
35,2045,AGRI,1217,35
35,2045,CONS,80087,35
35,2045,FOOD,60202,35
35,2045,GVED,179480,35
35,2045,HBJ,48497,35
35,2045,HLTH,117992,35
35,2045,MANU,76773,35
35,2045,MING,4783,35
35,2045,OFFI,191990,35
35,2045,OTHR,361572,35
35,2045,RETL,104147,35
35,2045,WSLE,107226,35
35,2046,AGRI,1219,35
35,2046,CONS,81230,35
35,2046,FOOD,60643,35
35,2046,GVED,182080,35
35,2046,HBJ,49696,35
35,2046,HLTH,119686,35
35,2046,MANU,77642,35
35,2046,MING,4786,35
35,2046,OFFI,195778,35
35,2046,OTHR,366438,35
35,2046,RETL,105310,35
35,2046,WSLE,107715,35
35,2047,AGRI,1219,35
35,2047,CONS,82788,35
35,2047,FOOD,61112,35
35,2047,GVED,184736,35
35,2047,HBJ,50929,35
35,2047,HLTH,121385,35
35,2047,MANU,78496,35
35,2047,MING,4820,35
35,2047,OFFI,200083,35
35,2047,OTHR,371044,35
35,2047,RETL,106592,35
35,2047,WSLE,108171,35
35,2048,AGRI,1220,35
35,2048,CONS,84699,35
35,2048,FOOD,61654,35
35,2048,GVED,187517,35
35,2048,HBJ,52214,35
35,2048,HLTH,123042,35
35,2048,MANU,79375,35
35,2048,MING,4874,35
35,2048,OFFI,204513,35
35,2048,OTHR,375318,35
35,2048,RETL,107875,35
35,2048,WSLE,108609,35
35,2049,AGRI,1221,35
35,2049,CONS,86935,35
35,2049,FOOD,62233,35
35,2049,GVED,190328,35
35,2049,HBJ,53503,35
35,2049,HLTH,124732,35
35,2049,MANU,80296,35
35,2049,MING,4929,35
35,2049,OFFI,208894,35
35,2049,OTHR,379548,35
35,2049,RETL,109188,35
35,2049,WSLE,109039,35
35,2050,AGRI,1222,35
35,2050,CONS,89387,35
35,2050,FOOD,62899,35
35,2050,GVED,193458,35
35,2050,HBJ,54878,35
35,2050,HLTH,126545,35
35,2050,MANU,81250,35
35,2050,MING,4983,35
35,2050,OFFI,213457,35
35,2050,OTHR,384198,35
35,2050,RETL,110652,35
35,2050,WSLE,109530,35
35,2051,AGRI,1223,35
35,2051,CONS,91840,35
35,2051,FOOD,63436,35
35,2051,GVED,196129,35
35,2051,HBJ,56160,35
35,2051,HLTH,128138,35
35,2051,MANU,82215,35
35,2051,MING,5028,35
35,2051,OFFI,216435,35
35,2051,OTHR,387906,35
35,2051,RETL,111935,35
35,2051,WSLE,109851,35
35,2052,AGRI,1224,35
35,2052,CONS,94351,35
35,2052,FOOD,64014,35
35,2052,GVED,199042,35
35,2052,HBJ,57450,35
35,2052,HLTH,129745,35
35,2052,MANU,83132,35
35,2052,MING,5080,35
35,2052,OFFI,219094,35
35,2052,OTHR,391777,35
35,2052,RETL,113283,35
35,2052,WSLE,110248,35
35,2053,AGRI,1223,35
35,2053,CONS,96929,35
35,2053,FOOD,64623,35
35,2053,GVED,202008,35
35,2053,HBJ,58741,35
35,2053,HLTH,131311,35
35,2053,MANU,83945,35
35,2053,MING,5138,35
35,2053,OFFI,221374,35
35,2053,OTHR,395932,35
35,2053,RETL,114613,35
35,2053,WSLE,110737,35
35,2054,AGRI,1224,35
35,2054,CONS,99646,35
35,2054,FOOD,65225,35
35,2054,GVED,204996,35
35,2054,HBJ,60034,35
35,2054,HLTH,132867,35
35,2054,MANU,84719,35
35,2054,MING,5179,35
35,2054,OFFI,223652,35
35,2054,OTHR,400094,35
35,2054,RETL,115998,35
35,2054,WSLE,111216,35
35,2055,AGRI,1224,35
35,2055,CONS,102510,35
35,2055,FOOD,65850,35
35,2055,GVED,208081,35
35,2055,HBJ,61389,35
35,2055,HLTH,134408,35
35,2055,MANU,85451,35
35,2055,MING,5204,35
35,2055,OFFI,225819,35
35,2055,OTHR,404406,35
35,2055,RETL,117413,35
35,2055,WSLE,111791,35
35,2056,AGRI,1225,35
35,2056,CONS,104789,35
35,2056,FOOD,66421,35
35,2056,GVED,211618,35
35,2056,HBJ,62775,35
35,2056,HLTH,136251,35
35,2056,MANU,86105,35
35,2056,MING,5180,35
35,2056,OFFI,228001,35
35,2056,OTHR,409130,35
35,2056,RETL,118640,35
35,2056,WSLE,112530,35
35,2057,AGRI,1225,35
35,2057,CONS,106568,35
35,2057,FOOD,66882,35
35,2057,GVED,214436,35
35,2057,HBJ,64026,35
35,2057,HLTH,137979,35
35,2057,MANU,86802,35
35,2057,MING,5095,35
35,2057,OFFI,230293,35
35,2057,OTHR,413404,35
35,2057,RETL,119735,35
35,2057,WSLE,113106,35
35,2058,AGRI,1226,35
35,2058,CONS,108068,35
35,2058,FOOD,67337,35
35,2058,GVED,217134,35
35,2058,HBJ,65344,35
35,2058,HLTH,139702,35
35,2058,MANU,87525,35
35,2058,MING,5016,35
35,2058,OFFI,232650,35
35,2058,OTHR,417457,35
35,2058,RETL,120820,35
35,2058,WSLE,113677,35
35,2059,AGRI,1226,35
35,2059,CONS,109381,35
35,2059,FOOD,67773,35
35,2059,GVED,219678,35
35,2059,HBJ,66653,35
35,2059,HLTH,141435,35
35,2059,MANU,88254,35
35,2059,MING,4965,35
35,2059,OFFI,235000,35
35,2059,OTHR,421443,35
35,2059,RETL,121894,35
35,2059,WSLE,114239,35
35,2060,AGRI,1225,35
35,2060,CONS,110560,35
35,2060,FOOD,68203,35
35,2060,GVED,222290,35
35,2060,HBJ,67920,35
35,2060,HLTH,143218,35
35,2060,MANU,88987,35
35,2060,MING,4939,35
35,2060,OFFI,237375,35
35,2060,OTHR,425374,35
35,2060,RETL,122954,35
35,2060,WSLE,114805,35
35,2061,AGRI,1226,35
35,2061,CONS,111628,35
35,2061,FOOD,68689,35
35,2061,GVED,224441,35
35,2061,HBJ,69236,35
35,2061,HLTH,144906,35
35,2061,MANU,89707,35
35,2061,MING,4925,35
35,2061,OFFI,239573,35
35,2061,OTHR,429234,35
35,2061,RETL,124006,35
35,2061,WSLE,115286,35
35,2062,AGRI,1225,35
35,2062,CONS,112661,35
35,2062,FOOD,69185,35
35,2062,GVED,226802,35
35,2062,HBJ,70505,35
35,2062,HLTH,146608,35
35,2062,MANU,90432,35
35,2062,MING,4915,35
35,2062,OFFI,241703,35
35,2062,OTHR,433139,35
35,2062,RETL,125076,35
35,2062,WSLE,115763,35
35,2063,AGRI,1225,35
35,2063,CONS,113660,35
35,2063,FOOD,69680,35
35,2063,GVED,229177,35
35,2063,HBJ,71785,35
35,2063,HLTH,148332,35
35,2063,MANU,91148,35
35,2063,MING,4907,35
35,2063,OFFI,243760,35
35,2063,OTHR,437037,35
35,2063,RETL,126186,35
35,2063,WSLE,116249,35
35,2064,AGRI,1226,35
35,2064,CONS,114625,35
35,2064,FOOD,70195,35
35,2064,GVED,231549,35
35,2064,HBJ,73170,35
35,2064,HLTH,150058,35
35,2064,MANU,91872,35
35,2064,MING,4900,35
35,2064,OFFI,245728,35
35,2064,OTHR,440879,35
35,2064,RETL,127322,35
35,2064,WSLE,116740,35
35,2065,AGRI,1225,35
35,2065,CONS,115557,35
35,2065,FOOD,70717,35
35,2065,GVED,233964,35
35,2065,HBJ,74451,35
35,2065,HLTH,151819,35
35,2065,MANU,92596,35
35,2065,MING,4894,35
35,2065,OFFI,247672,35
35,2065,OTHR,444764,35
35,2065,RETL,128483,35
35,2065,WSLE,117237,35
37,2023,AGRI,785,37
37,2023,CONS,308,37
37,2023,FOOD,698,37
37,2023,GVED,1753,37
37,2023,HBJ,296,37
37,2023,HLTH,938,37
37,2023,MANU,113,37
37,2023,MING,369,37
37,2023,OFFI,176,37
37,2023,OTHR,1187,37
37,2023,RETL,457,37
37,2023,WSLE,116,37
37,2024,AGRI,787,37
37,2024,CONS,302,37
37,2024,FOOD,718,37
37,2024,GVED,1761,37
37,2024,HBJ,295,37
37,2024,HLTH,961,37
37,2024,MANU,111,37
37,2024,MING,475,37
37,2024,OFFI,190,37
37,2024,OTHR,1138,37
37,2024,RETL,479,37
37,2024,WSLE,114,37
37,2025,AGRI,783,37
37,2025,CONS,290,37
37,2025,FOOD,712,37
37,2025,GVED,1767,37
37,2025,HBJ,317,37
37,2025,HLTH,989,37
37,2025,MANU,112,37
37,2025,MING,468,37
37,2025,OFFI,190,37
37,2025,OTHR,1145,37
37,2025,RETL,467,37
37,2025,WSLE,113,37
37,2026,AGRI,783,37
37,2026,CONS,282,37
37,2026,FOOD,712,37
37,2026,GVED,1750,37
37,2026,HBJ,319,37
37,2026,HLTH,1008,37
37,2026,MANU,114,37
37,2026,MING,478,37
37,2026,OFFI,188,37
37,2026,OTHR,1156,37
37,2026,RETL,457,37
37,2026,WSLE,114,37
37,2027,AGRI,780,37
37,2027,CONS,277,37
37,2027,FOOD,709,37
37,2027,GVED,1734,37
37,2027,HBJ,321,37
37,2027,HLTH,1020,37
37,2027,MANU,115,37
37,2027,MING,485,37
37,2027,OFFI,186,37
37,2027,OTHR,1174,37
37,2027,RETL,451,37
37,2027,WSLE,114,37
37,2028,AGRI,775,37
37,2028,CONS,280,37
37,2028,FOOD,705,37
37,2028,GVED,1718,37
37,2028,HBJ,321,37
37,2028,HLTH,1029,37
37,2028,MANU,116,37
37,2028,MING,462,37
37,2028,OFFI,187,37
37,2028,OTHR,1202,37
37,2028,RETL,447,37
37,2028,WSLE,114,37
37,2029,AGRI,771,37
37,2029,CONS,286,37
37,2029,FOOD,698,37
37,2029,GVED,1706,37
37,2029,HBJ,324,37
37,2029,HLTH,1037,37
37,2029,MANU,118,37
37,2029,MING,434,37
37,2029,OFFI,189,37
37,2029,OTHR,1223,37
37,2029,RETL,445,37
37,2029,WSLE,114,37
37,2030,AGRI,767,37
37,2030,CONS,290,37
37,2030,FOOD,688,37
37,2030,GVED,1698,37
37,2030,HBJ,327,37
37,2030,HLTH,1051,37
37,2030,MANU,120,37
37,2030,MING,424,37
37,2030,OFFI,189,37
37,2030,OTHR,1239,37
37,2030,RETL,445,37
37,2030,WSLE,112,37
37,2031,AGRI,763,37
37,2031,CONS,295,37
37,2031,FOOD,674,37
37,2031,GVED,1684,37
37,2031,HBJ,331,37
37,2031,HLTH,1067,37
37,2031,MANU,122,37
37,2031,MING,425,37
37,2031,OFFI,189,37
37,2031,OTHR,1251,37
37,2031,RETL,448,37
37,2031,WSLE,113,37
37,2032,AGRI,760,37
37,2032,CONS,302,37
37,2032,FOOD,664,37
37,2032,GVED,1677,37
37,2032,HBJ,336,37
37,2032,HLTH,1082,37
37,2032,MANU,123,37
37,2032,MING,443,37
37,2032,OFFI,191,37
37,2032,OTHR,1263,37
37,2032,RETL,450,37
37,2032,WSLE,111,37
37,2033,AGRI,760,37
37,2033,CONS,308,37
37,2033,FOOD,656,37
37,2033,GVED,1670,37
37,2033,HBJ,344,37
37,2033,HLTH,1094,37
37,2033,MANU,125,37
37,2033,MING,460,37
37,2033,OFFI,191,37
37,2033,OTHR,1271,37
37,2033,RETL,451,37
37,2033,WSLE,111,37
37,2034,AGRI,760,37
37,2034,CONS,314,37
37,2034,FOOD,653,37
37,2034,GVED,1671,37
37,2034,HBJ,349,37
37,2034,HLTH,1110,37
37,2034,MANU,126,37
37,2034,MING,474,37
37,2034,OFFI,194,37
37,2034,OTHR,1283,37
37,2034,RETL,453,37
37,2034,WSLE,109,37
37,2035,AGRI,757,37
37,2035,CONS,318,37
37,2035,FOOD,639,37
37,2035,GVED,1668,37
37,2035,HBJ,354,37
37,2035,HLTH,1117,37
37,2035,MANU,127,37
37,2035,MING,478,37
37,2035,OFFI,194,37
37,2035,OTHR,1276,37
37,2035,RETL,453,37
37,2035,WSLE,109,37
37,2036,AGRI,757,37
37,2036,CONS,321,37
37,2036,FOOD,635,37
37,2036,GVED,1672,37
37,2036,HBJ,356,37
37,2036,HLTH,1123,37
37,2036,MANU,129,37
37,2036,MING,471,37
37,2036,OFFI,196,37
37,2036,OTHR,1282,37
37,2036,RETL,453,37
37,2036,WSLE,107,37
37,2037,AGRI,756,37
37,2037,CONS,321,37
37,2037,FOOD,634,37
37,2037,GVED,1681,37
37,2037,HBJ,360,37
37,2037,HLTH,1133,37
37,2037,MANU,131,37
37,2037,MING,462,37
37,2037,OFFI,197,37
37,2037,OTHR,1292,37
37,2037,RETL,454,37
37,2037,WSLE,106,37
37,2038,AGRI,755,37
37,2038,CONS,319,37
37,2038,FOOD,629,37
37,2038,GVED,1691,37
37,2038,HBJ,367,37
37,2038,HLTH,1143,37
37,2038,MANU,132,37
37,2038,MING,457,37
37,2038,OFFI,197,37
37,2038,OTHR,1308,37
37,2038,RETL,454,37
37,2038,WSLE,105,37
37,2039,AGRI,754,37
37,2039,CONS,318,37
37,2039,FOOD,626,37
37,2039,GVED,1701,37
37,2039,HBJ,371,37
37,2039,HLTH,1152,37
37,2039,MANU,133,37
37,2039,MING,452,37
37,2039,OFFI,199,37
37,2039,OTHR,1325,37
37,2039,RETL,456,37
37,2039,WSLE,105,37
37,2040,AGRI,754,37
37,2040,CONS,315,37
37,2040,FOOD,622,37
37,2040,GVED,1714,37
37,2040,HBJ,376,37
37,2040,HLTH,1161,37
37,2040,MANU,135,37
37,2040,MING,448,37
37,2040,OFFI,199,37
37,2040,OTHR,1337,37
37,2040,RETL,458,37
37,2040,WSLE,105,37
37,2041,AGRI,751,37
37,2041,CONS,313,37
37,2041,FOOD,617,37
37,2041,GVED,1728,37
37,2041,HBJ,383,37
37,2041,HLTH,1171,37
37,2041,MANU,136,37
37,2041,MING,446,37
37,2041,OFFI,199,37
37,2041,OTHR,1351,37
37,2041,RETL,460,37
37,2041,WSLE,104,37
37,2042,AGRI,750,37
37,2042,CONS,310,37
37,2042,FOOD,613,37
37,2042,GVED,1747,37
37,2042,HBJ,387,37
37,2042,HLTH,1178,37
37,2042,MANU,137,37
37,2042,MING,447,37
37,2042,OFFI,200,37
37,2042,OTHR,1362,37
37,2042,RETL,461,37
37,2042,WSLE,105,37
37,2043,AGRI,749,37
37,2043,CONS,307,37
37,2043,FOOD,608,37
37,2043,GVED,1766,37
37,2043,HBJ,395,37
37,2043,HLTH,1182,37
37,2043,MANU,137,37
37,2043,MING,446,37
37,2043,OFFI,201,37
37,2043,OTHR,1373,37
37,2043,RETL,462,37
37,2043,WSLE,103,37
37,2044,AGRI,746,37
37,2044,CONS,304,37
37,2044,FOOD,603,37
37,2044,GVED,1786,37
37,2044,HBJ,400,37
37,2044,HLTH,1189,37
37,2044,MANU,138,37
37,2044,MING,442,37
37,2044,OFFI,202,37
37,2044,OTHR,1385,37
37,2044,RETL,463,37
37,2044,WSLE,103,37
37,2045,AGRI,744,37
37,2045,CONS,303,37
37,2045,FOOD,598,37
37,2045,GVED,1806,37
37,2045,HBJ,404,37
37,2045,HLTH,1197,37
37,2045,MANU,138,37
37,2045,MING,438,37
37,2045,OFFI,204,37
37,2045,OTHR,1396,37
37,2045,RETL,464,37
37,2045,WSLE,103,37
37,2046,AGRI,743,37
37,2046,CONS,303,37
37,2046,FOOD,594,37
37,2046,GVED,1825,37
37,2046,HBJ,410,37
37,2046,HLTH,1204,37
37,2046,MANU,140,37
37,2046,MING,434,37
37,2046,OFFI,205,37
37,2046,OTHR,1404,37
37,2046,RETL,464,37
37,2046,WSLE,102,37
37,2047,AGRI,741,37
37,2047,CONS,304,37
37,2047,FOOD,589,37
37,2047,GVED,1847,37
37,2047,HBJ,417,37
37,2047,HLTH,1211,37
37,2047,MANU,141,37
37,2047,MING,435,37
37,2047,OFFI,207,37
37,2047,OTHR,1412,37
37,2047,RETL,466,37
37,2047,WSLE,103,37
37,2048,AGRI,739,37
37,2048,CONS,306,37
37,2048,FOOD,586,37
37,2048,GVED,1865,37
37,2048,HBJ,425,37
37,2048,HLTH,1220,37
37,2048,MANU,143,37
37,2048,MING,436,37
37,2048,OFFI,210,37
37,2048,OTHR,1420,37
37,2048,RETL,466,37
37,2048,WSLE,103,37
37,2049,AGRI,738,37
37,2049,CONS,311,37
37,2049,FOOD,582,37
37,2049,GVED,1883,37
37,2049,HBJ,430,37
37,2049,HLTH,1228,37
37,2049,MANU,144,37
37,2049,MING,439,37
37,2049,OFFI,213,37
37,2049,OTHR,1429,37
37,2049,RETL,468,37
37,2049,WSLE,102,37
37,2050,AGRI,736,37
37,2050,CONS,315,37
37,2050,FOOD,579,37
37,2050,GVED,1901,37
37,2050,HBJ,437,37
37,2050,HLTH,1238,37
37,2050,MANU,145,37
37,2050,MING,440,37
37,2050,OFFI,215,37
37,2050,OTHR,1438,37
37,2050,RETL,469,37
37,2050,WSLE,102,37
37,2051,AGRI,734,37
37,2051,CONS,320,37
37,2051,FOOD,576,37
37,2051,GVED,1914,37
37,2051,HBJ,444,37
37,2051,HLTH,1247,37
37,2051,MANU,146,37
37,2051,MING,442,37
37,2051,OFFI,216,37
37,2051,OTHR,1443,37
37,2051,RETL,471,37
37,2051,WSLE,102,37
37,2052,AGRI,732,37
37,2052,CONS,325,37
37,2052,FOOD,572,37
37,2052,GVED,1927,37
37,2052,HBJ,450,37
37,2052,HLTH,1258,37
37,2052,MANU,148,37
37,2052,MING,444,37
37,2052,OFFI,217,37
37,2052,OTHR,1451,37
37,2052,RETL,472,37
37,2052,WSLE,102,37
37,2053,AGRI,730,37
37,2053,CONS,331,37
37,2053,FOOD,569,37
37,2053,GVED,1942,37
37,2053,HBJ,456,37
37,2053,HLTH,1270,37
37,2053,MANU,148,37
37,2053,MING,447,37
37,2053,OFFI,218,37
37,2053,OTHR,1461,37
37,2053,RETL,474,37
37,2053,WSLE,102,37
37,2054,AGRI,728,37
37,2054,CONS,336,37
37,2054,FOOD,565,37
37,2054,GVED,1957,37
37,2054,HBJ,463,37
37,2054,HLTH,1282,37
37,2054,MANU,149,37
37,2054,MING,448,37
37,2054,OFFI,217,37
37,2054,OTHR,1468,37
37,2054,RETL,476,37
37,2054,WSLE,102,37
37,2055,AGRI,725,37
37,2055,CONS,343,37
37,2055,FOOD,562,37
37,2055,GVED,1969,37
37,2055,HBJ,469,37
37,2055,HLTH,1294,37
37,2055,MANU,150,37
37,2055,MING,447,37
37,2055,OFFI,218,37
37,2055,OTHR,1477,37
37,2055,RETL,479,37
37,2055,WSLE,102,37
37,2056,AGRI,723,37
37,2056,CONS,344,37
37,2056,FOOD,558,37
37,2056,GVED,1979,37
37,2056,HBJ,475,37
37,2056,HLTH,1306,37
37,2056,MANU,149,37
37,2056,MING,442,37
37,2056,OFFI,218,37
37,2056,OTHR,1486,37
37,2056,RETL,478,37
37,2056,WSLE,102,37
37,2057,AGRI,720,37
37,2057,CONS,345,37
37,2057,FOOD,552,37
37,2057,GVED,1986,37
37,2057,HBJ,480,37
37,2057,HLTH,1315,37
37,2057,MANU,150,37
37,2057,MING,432,37
37,2057,OFFI,217,37
37,2057,OTHR,1494,37
37,2057,RETL,478,37
37,2057,WSLE,101,37
37,2058,AGRI,717,37
37,2058,CONS,346,37
37,2058,FOOD,547,37
37,2058,GVED,1992,37
37,2058,HBJ,485,37
37,2058,HLTH,1325,37
37,2058,MANU,151,37
37,2058,MING,423,37
37,2058,OFFI,217,37
37,2058,OTHR,1501,37
37,2058,RETL,478,37
37,2058,WSLE,102,37
37,2059,AGRI,715,37
37,2059,CONS,346,37
37,2059,FOOD,542,37
37,2059,GVED,1999,37
37,2059,HBJ,489,37
37,2059,HLTH,1335,37
37,2059,MANU,152,37
37,2059,MING,416,37
37,2059,OFFI,217,37
37,2059,OTHR,1510,37
37,2059,RETL,478,37
37,2059,WSLE,102,37
37,2060,AGRI,712,37
37,2060,CONS,349,37
37,2060,FOOD,537,37
37,2060,GVED,2009,37
37,2060,HBJ,494,37
37,2060,HLTH,1346,37
37,2060,MANU,153,37
37,2060,MING,412,37
37,2060,OFFI,218,37
37,2060,OTHR,1519,37
37,2060,RETL,480,37
37,2060,WSLE,102,37
37,2061,AGRI,710,37
37,2061,CONS,351,37
37,2061,FOOD,531,37
37,2061,GVED,2013,37
37,2061,HBJ,501,37
37,2061,HLTH,1356,37
37,2061,MANU,154,37
37,2061,MING,410,37
37,2061,OFFI,217,37
37,2061,OTHR,1528,37
37,2061,RETL,480,37
37,2061,WSLE,102,37
37,2062,AGRI,708,37
37,2062,CONS,352,37
37,2062,FOOD,526,37
37,2062,GVED,2023,37
37,2062,HBJ,506,37
37,2062,HLTH,1366,37
37,2062,MANU,154,37
37,2062,MING,407,37
37,2062,OFFI,217,37
37,2062,OTHR,1536,37
37,2062,RETL,481,37
37,2062,WSLE,102,37
37,2063,AGRI,706,37
37,2063,CONS,354,37
37,2063,FOOD,522,37
37,2063,GVED,2032,37
37,2063,HBJ,511,37
37,2063,HLTH,1376,37
37,2063,MANU,155,37
37,2063,MING,406,37
37,2063,OFFI,216,37
37,2063,OTHR,1547,37
37,2063,RETL,483,37
37,2063,WSLE,102,37
37,2064,AGRI,705,37
37,2064,CONS,355,37
37,2064,FOOD,517,37
37,2064,GVED,2039,37
37,2064,HBJ,516,37
37,2064,HLTH,1385,37
37,2064,MANU,156,37
37,2064,MING,405,37
37,2064,OFFI,217,37
37,2064,OTHR,1556,37
37,2064,RETL,485,37
37,2064,WSLE,102,37
37,2065,AGRI,702,37
37,2065,CONS,355,37
37,2065,FOOD,512,37
37,2065,GVED,2049,37
37,2065,HBJ,526,37
37,2065,HLTH,1395,37
37,2065,MANU,156,37
37,2065,MING,404,37
37,2065,OFFI,216,37
37,2065,OTHR,1565,37
37,2065,RETL,485,37
37,2065,WSLE,102,37
39,2023,AGRI,1232,39
39,2023,CONS,1075,39
39,2023,FOOD,636,39
39,2023,GVED,3670,39
39,2023,HBJ,626,39
39,2023,HLTH,906,39
39,2023,MANU,1470,39
39,2023,MING,123,39
39,2023,OFFI,847,39
39,2023,OTHR,2680,39
39,2023,RETL,1400,39
39,2023,WSLE,519,39
39,2024,AGRI,1235,39
39,2024,CONS,1082,39
39,2024,FOOD,665,39
39,2024,GVED,3741,39
39,2024,HBJ,599,39
39,2024,HLTH,893,39
39,2024,MANU,1486,39
39,2024,MING,159,39
39,2024,OFFI,927,39
39,2024,OTHR,2267,39
39,2024,RETL,1327,39
39,2024,WSLE,488,39
39,2025,AGRI,1228,39
39,2025,CONS,1109,39
39,2025,FOOD,661,39
39,2025,GVED,3792,39
39,2025,HBJ,647,39
39,2025,HLTH,929,39
39,2025,MANU,1519,39
39,2025,MING,158,39
39,2025,OFFI,930,39
39,2025,OTHR,2293,39
39,2025,RETL,1329,39
39,2025,WSLE,493,39
39,2026,AGRI,1229,39
39,2026,CONS,1130,39
39,2026,FOOD,662,39
39,2026,GVED,3841,39
39,2026,HBJ,656,39
39,2026,HLTH,955,39
39,2026,MANU,1538,39
39,2026,MING,164,39
39,2026,OFFI,923,39
39,2026,OTHR,2316,39
39,2026,RETL,1324,39
39,2026,WSLE,493,39
39,2027,AGRI,1224,39
39,2027,CONS,1150,39
39,2027,FOOD,664,39
39,2027,GVED,3886,39
39,2027,HBJ,667,39
39,2027,HLTH,978,39
39,2027,MANU,1559,39
39,2027,MING,168,39
39,2027,OFFI,916,39
39,2027,OTHR,2346,39
39,2027,RETL,1332,39
39,2027,WSLE,495,39
39,2028,AGRI,1218,39
39,2028,CONS,1178,39
39,2028,FOOD,669,39
39,2028,GVED,3945,39
39,2028,HBJ,679,39
39,2028,HLTH,996,39
39,2028,MANU,1581,39
39,2028,MING,161,39
39,2028,OFFI,915,39
39,2028,OTHR,2394,39
39,2028,RETL,1341,39
39,2028,WSLE,494,39
39,2029,AGRI,1211,39
39,2029,CONS,1210,39
39,2029,FOOD,670,39
39,2029,GVED,4007,39
39,2029,HBJ,693,39
39,2029,HLTH,1013,39
39,2029,MANU,1614,39
39,2029,MING,152,39
39,2029,OFFI,920,39
39,2029,OTHR,2449,39
39,2029,RETL,1353,39
39,2029,WSLE,493,39
39,2030,AGRI,1204,39
39,2030,CONS,1235,39
39,2030,FOOD,667,39
39,2030,GVED,4039,39
39,2030,HBJ,708,39
39,2030,HLTH,1029,39
39,2030,MANU,1651,39
39,2030,MING,149,39
39,2030,OFFI,927,39
39,2030,OTHR,2493,39
39,2030,RETL,1369,39
39,2030,WSLE,491,39
39,2031,AGRI,1199,39
39,2031,CONS,1254,39
39,2031,FOOD,661,39
39,2031,GVED,4072,39
39,2031,HBJ,724,39
39,2031,HLTH,1046,39
39,2031,MANU,1689,39
39,2031,MING,151,39
39,2031,OFFI,932,39
39,2031,OTHR,2535,39
39,2031,RETL,1389,39
39,2031,WSLE,489,39
39,2032,AGRI,1193,39
39,2032,CONS,1276,39
39,2032,FOOD,658,39
39,2032,GVED,4109,39
39,2032,HBJ,741,39
39,2032,HLTH,1061,39
39,2032,MANU,1722,39
39,2032,MING,158,39
39,2032,OFFI,935,39
39,2032,OTHR,2574,39
39,2032,RETL,1406,39
39,2032,WSLE,487,39
39,2033,AGRI,1194,39
39,2033,CONS,1295,39
39,2033,FOOD,658,39
39,2033,GVED,4141,39
39,2033,HBJ,756,39
39,2033,HLTH,1072,39
39,2033,MANU,1751,39
39,2033,MING,165,39
39,2033,OFFI,943,39
39,2033,OTHR,2616,39
39,2033,RETL,1418,39
39,2033,WSLE,484,39
39,2034,AGRI,1194,39
39,2034,CONS,1315,39
39,2034,FOOD,664,39
39,2034,GVED,4184,39
39,2034,HBJ,777,39
39,2034,HLTH,1086,39
39,2034,MANU,1775,39
39,2034,MING,171,39
39,2034,OFFI,952,39
39,2034,OTHR,2695,39
39,2034,RETL,1433,39
39,2034,WSLE,479,39
39,2035,AGRI,1193,39
39,2035,CONS,1325,39
39,2035,FOOD,660,39
39,2035,GVED,4213,39
39,2035,HBJ,788,39
39,2035,HLTH,1094,39
39,2035,MANU,1803,39
39,2035,MING,174,39
39,2035,OFFI,963,39
39,2035,OTHR,2669,39
39,2035,RETL,1440,39
39,2035,WSLE,473,39
39,2036,AGRI,1190,39
39,2036,CONS,1334,39
39,2036,FOOD,664,39
39,2036,GVED,4250,39
39,2036,HBJ,804,39
39,2036,HLTH,1102,39
39,2036,MANU,1837,39
39,2036,MING,172,39
39,2036,OFFI,974,39
39,2036,OTHR,2706,39
39,2036,RETL,1450,39
39,2036,WSLE,468,39
39,2037,AGRI,1190,39
39,2037,CONS,1335,39
39,2037,FOOD,671,39
39,2037,GVED,4294,39
39,2037,HBJ,820,39
39,2037,HLTH,1112,39
39,2037,MANU,1872,39
39,2037,MING,171,39
39,2037,OFFI,982,39
39,2037,OTHR,2751,39
39,2037,RETL,1463,39
39,2037,WSLE,462,39
39,2038,AGRI,1189,39
39,2038,CONS,1334,39
39,2038,FOOD,675,39
39,2038,GVED,4338,39
39,2038,HBJ,839,39
39,2038,HLTH,1124,39
39,2038,MANU,1904,39
39,2038,MING,171,39
39,2038,OFFI,989,39
39,2038,OTHR,2805,39
39,2038,RETL,1477,39
39,2038,WSLE,460,39
39,2039,AGRI,1188,39
39,2039,CONS,1330,39
39,2039,FOOD,679,39
39,2039,GVED,4381,39
39,2039,HBJ,856,39
39,2039,HLTH,1135,39
39,2039,MANU,1934,39
39,2039,MING,171,39
39,2039,OFFI,995,39
39,2039,OTHR,2853,39
39,2039,RETL,1492,39
39,2039,WSLE,457,39
39,2040,AGRI,1186,39
39,2040,CONS,1325,39
39,2040,FOOD,681,39
39,2040,GVED,4425,39
39,2040,HBJ,871,39
39,2040,HLTH,1146,39
39,2040,MANU,1962,39
39,2040,MING,171,39
39,2040,OFFI,1003,39
39,2040,OTHR,2895,39
39,2040,RETL,1505,39
39,2040,WSLE,453,39
39,2041,AGRI,1183,39
39,2041,CONS,1316,39
39,2041,FOOD,683,39
39,2041,GVED,4466,39
39,2041,HBJ,888,39
39,2041,HLTH,1155,39
39,2041,MANU,1987,39
39,2041,MING,171,39
39,2041,OFFI,1005,39
39,2041,OTHR,2931,39
39,2041,RETL,1517,39
39,2041,WSLE,450,39
39,2042,AGRI,1182,39
39,2042,CONS,1308,39
39,2042,FOOD,683,39
39,2042,GVED,4506,39
39,2042,HBJ,902,39
39,2042,HLTH,1163,39
39,2042,MANU,2012,39
39,2042,MING,173,39
39,2042,OFFI,1012,39
39,2042,OTHR,2967,39
39,2042,RETL,1526,39
39,2042,WSLE,449,39
39,2043,AGRI,1180,39
39,2043,CONS,1299,39
39,2043,FOOD,683,39
39,2043,GVED,4548,39
39,2043,HBJ,917,39
39,2043,HLTH,1171,39
39,2043,MANU,2025,39
39,2043,MING,175,39
39,2043,OFFI,1017,39
39,2043,OTHR,2999,39
39,2043,RETL,1536,39
39,2043,WSLE,445,39
39,2044,AGRI,1177,39
39,2044,CONS,1288,39
39,2044,FOOD,682,39
39,2044,GVED,4588,39
39,2044,HBJ,931,39
39,2044,HLTH,1178,39
39,2044,MANU,2037,39
39,2044,MING,175,39
39,2044,OFFI,1022,39
39,2044,OTHR,3030,39
39,2044,RETL,1543,39
39,2044,WSLE,444,39
39,2045,AGRI,1174,39
39,2045,CONS,1280,39
39,2045,FOOD,679,39
39,2045,GVED,4625,39
39,2045,HBJ,946,39
39,2045,HLTH,1185,39
39,2045,MANU,2053,39
39,2045,MING,175,39
39,2045,OFFI,1025,39
39,2045,OTHR,3057,39
39,2045,RETL,1551,39
39,2045,WSLE,442,39
39,2046,AGRI,1172,39
39,2046,CONS,1279,39
39,2046,FOOD,677,39
39,2046,GVED,4662,39
39,2046,HBJ,960,39
39,2046,HLTH,1192,39
39,2046,MANU,2070,39
39,2046,MING,174,39
39,2046,OFFI,1034,39
39,2046,OTHR,3081,39
39,2046,RETL,1557,39
39,2046,WSLE,438,39
39,2047,AGRI,1170,39
39,2047,CONS,1279,39
39,2047,FOOD,675,39
39,2047,GVED,4698,39
39,2047,HBJ,975,39
39,2047,HLTH,1199,39
39,2047,MANU,2088,39
39,2047,MING,176,39
39,2047,OFFI,1044,39
39,2047,OTHR,3099,39
39,2047,RETL,1563,39
39,2047,WSLE,436,39
39,2048,AGRI,1169,39
39,2048,CONS,1284,39
39,2048,FOOD,672,39
39,2048,GVED,4729,39
39,2048,HBJ,990,39
39,2048,HLTH,1205,39
39,2048,MANU,2105,39
39,2048,MING,178,39
39,2048,OFFI,1054,39
39,2048,OTHR,3116,39
39,2048,RETL,1569,39
39,2048,WSLE,432,39
39,2049,AGRI,1166,39
39,2049,CONS,1291,39
39,2049,FOOD,670,39
39,2049,GVED,4758,39
39,2049,HBJ,1003,39
39,2049,HLTH,1211,39
39,2049,MANU,2122,39
39,2049,MING,181,39
39,2049,OFFI,1064,39
39,2049,OTHR,3134,39
39,2049,RETL,1576,39
39,2049,WSLE,429,39
39,2050,AGRI,1163,39
39,2050,CONS,1301,39
39,2050,FOOD,667,39
39,2050,GVED,4783,39
39,2050,HBJ,1018,39
39,2050,HLTH,1216,39
39,2050,MANU,2140,39
39,2050,MING,182,39
39,2050,OFFI,1072,39
39,2050,OTHR,3150,39
39,2050,RETL,1580,39
39,2050,WSLE,427,39
39,2051,AGRI,1160,39
39,2051,CONS,1309,39
39,2051,FOOD,664,39
39,2051,GVED,4805,39
39,2051,HBJ,1034,39
39,2051,HLTH,1217,39
39,2051,MANU,2159,39
39,2051,MING,184,39
39,2051,OFFI,1076,39
39,2051,OTHR,3161,39
39,2051,RETL,1584,39
39,2051,WSLE,425,39
39,2052,AGRI,1158,39
39,2052,CONS,1317,39
39,2052,FOOD,659,39
39,2052,GVED,4831,39
39,2052,HBJ,1046,39
39,2052,HLTH,1220,39
39,2052,MANU,2177,39
39,2052,MING,187,39
39,2052,OFFI,1080,39
39,2052,OTHR,3176,39
39,2052,RETL,1589,39
39,2052,WSLE,423,39
39,2053,AGRI,1155,39
39,2053,CONS,1328,39
39,2053,FOOD,656,39
39,2053,GVED,4852,39
39,2053,HBJ,1059,39
39,2053,HLTH,1223,39
39,2053,MANU,2192,39
39,2053,MING,189,39
39,2053,OFFI,1080,39
39,2053,OTHR,3190,39
39,2053,RETL,1593,39
39,2053,WSLE,420,39
39,2054,AGRI,1153,39
39,2054,CONS,1338,39
39,2054,FOOD,652,39
39,2054,GVED,4872,39
39,2054,HBJ,1072,39
39,2054,HLTH,1225,39
39,2054,MANU,2205,39
39,2054,MING,190,39
39,2054,OFFI,1080,39
39,2054,OTHR,3204,39
39,2054,RETL,1596,39
39,2054,WSLE,418,39
39,2055,AGRI,1149,39
39,2055,CONS,1349,39
39,2055,FOOD,647,39
39,2055,GVED,4889,39
39,2055,HBJ,1086,39
39,2055,HLTH,1227,39
39,2055,MANU,2215,39
39,2055,MING,191,39
39,2055,OFFI,1080,39
39,2055,OTHR,3219,39
39,2055,RETL,1600,39
39,2055,WSLE,416,39
39,2056,AGRI,1145,39
39,2056,CONS,1349,39
39,2056,FOOD,642,39
39,2056,GVED,4902,39
39,2056,HBJ,1098,39
39,2056,HLTH,1227,39
39,2056,MANU,2223,39
39,2056,MING,191,39
39,2056,OFFI,1078,39
39,2056,OTHR,3235,39
39,2056,RETL,1599,39
39,2056,WSLE,413,39
39,2057,AGRI,1141,39
39,2057,CONS,1346,39
39,2057,FOOD,637,39
39,2057,GVED,4914,39
39,2057,HBJ,1110,39
39,2057,HLTH,1227,39
39,2057,MANU,2234,39
39,2057,MING,188,39
39,2057,OFFI,1079,39
39,2057,OTHR,3249,39
39,2057,RETL,1598,39
39,2057,WSLE,411,39
39,2058,AGRI,1138,39
39,2058,CONS,1342,39
39,2058,FOOD,632,39
39,2058,GVED,4925,39
39,2058,HBJ,1120,39
39,2058,HLTH,1226,39
39,2058,MANU,2244,39
39,2058,MING,185,39
39,2058,OFFI,1078,39
39,2058,OTHR,3264,39
39,2058,RETL,1597,39
39,2058,WSLE,409,39
39,2059,AGRI,1135,39
39,2059,CONS,1339,39
39,2059,FOOD,626,39
39,2059,GVED,4939,39
39,2059,HBJ,1130,39
39,2059,HLTH,1223,39
39,2059,MANU,2256,39
39,2059,MING,183,39
39,2059,OFFI,1078,39
39,2059,OTHR,3279,39
39,2059,RETL,1595,39
39,2059,WSLE,406,39
39,2060,AGRI,1131,39
39,2060,CONS,1335,39
39,2060,FOOD,622,39
39,2060,GVED,4953,39
39,2060,HBJ,1141,39
39,2060,HLTH,1219,39
39,2060,MANU,2266,39
39,2060,MING,182,39
39,2060,OFFI,1079,39
39,2060,OTHR,3295,39
39,2060,RETL,1593,39
39,2060,WSLE,405,39
39,2061,AGRI,1128,39
39,2061,CONS,1332,39
39,2061,FOOD,618,39
39,2061,GVED,4967,39
39,2061,HBJ,1154,39
39,2061,HLTH,1216,39
39,2061,MANU,2277,39
39,2061,MING,181,39
39,2061,OFFI,1078,39
39,2061,OTHR,3311,39
39,2061,RETL,1592,39
39,2061,WSLE,403,39
39,2062,AGRI,1125,39
39,2062,CONS,1329,39
39,2062,FOOD,613,39
39,2062,GVED,4983,39
39,2062,HBJ,1165,39
39,2062,HLTH,1213,39
39,2062,MANU,2288,39
39,2062,MING,181,39
39,2062,OFFI,1077,39
39,2062,OTHR,3324,39
39,2062,RETL,1590,39
39,2062,WSLE,401,39
39,2063,AGRI,1122,39
39,2063,CONS,1327,39
39,2063,FOOD,610,39
39,2063,GVED,4998,39
39,2063,HBJ,1175,39
39,2063,HLTH,1210,39
39,2063,MANU,2300,39
39,2063,MING,180,39
39,2063,OFFI,1077,39
39,2063,OTHR,3341,39
39,2063,RETL,1589,39
39,2063,WSLE,399,39
39,2064,AGRI,1118,39
39,2064,CONS,1324,39
39,2064,FOOD,606,39
39,2064,GVED,5014,39
39,2064,HBJ,1189,39
39,2064,HLTH,1206,39
39,2064,MANU,2310,39
39,2064,MING,179,39
39,2064,OFFI,1077,39
39,2064,OTHR,3353,39
39,2064,RETL,1587,39
39,2064,WSLE,397,39
39,2065,AGRI,1117,39
39,2065,CONS,1321,39
39,2065,FOOD,602,39
39,2065,GVED,5031,39
39,2065,HBJ,1199,39
39,2065,HLTH,1204,39
39,2065,MANU,2321,39
39,2065,MING,178,39
39,2065,OFFI,1075,39
39,2065,OTHR,3367,39
39,2065,RETL,1586,39
39,2065,WSLE,396,39
41,2023,AGRI,927,41
41,2023,CONS,726,41
41,2023,FOOD,1122,41
41,2023,GVED,2079,41
41,2023,HBJ,564,41
41,2023,HLTH,1103,41
41,2023,MANU,552,41
41,2023,MING,687,41
41,2023,OFFI,700,41
41,2023,OTHR,2050,41
41,2023,RETL,1784,41
41,2023,WSLE,1457,41
41,2024,AGRI,930,41
41,2024,CONS,712,41
41,2024,FOOD,1142,41
41,2024,GVED,2107,41
41,2024,HBJ,557,41
41,2024,HLTH,1115,41
41,2024,MANU,584,41
41,2024,MING,746,41
41,2024,OFFI,655,41
41,2024,OTHR,2010,41
41,2024,RETL,1771,41
41,2024,WSLE,1466,41
41,2025,AGRI,926,41
41,2025,CONS,709,41
41,2025,FOOD,1139,41
41,2025,GVED,2141,41
41,2025,HBJ,600,41
41,2025,HLTH,1165,41
41,2025,MANU,592,41
41,2025,MING,735,41
41,2025,OFFI,658,41
41,2025,OTHR,2026,41
41,2025,RETL,1778,41
41,2025,WSLE,1491,41
41,2026,AGRI,926,41
41,2026,CONS,711,41
41,2026,FOOD,1145,41
41,2026,GVED,2166,41
41,2026,HBJ,607,41
41,2026,HLTH,1204,41
41,2026,MANU,597,41
41,2026,MING,751,41
41,2026,OFFI,656,41
41,2026,OTHR,2051,41
41,2026,RETL,1781,41
41,2026,WSLE,1500,41
41,2027,AGRI,923,41
41,2027,CONS,715,41
41,2027,FOOD,1148,41
41,2027,GVED,2187,41
41,2027,HBJ,616,41
41,2027,HLTH,1237,41
41,2027,MANU,602,41
41,2027,MING,758,41
41,2027,OFFI,651,41
41,2027,OTHR,2077,41
41,2027,RETL,1793,41
41,2027,WSLE,1512,41
41,2028,AGRI,918,41
41,2028,CONS,724,41
41,2028,FOOD,1150,41
41,2028,GVED,2208,41
41,2028,HBJ,624,41
41,2028,HLTH,1261,41
41,2028,MANU,606,41
41,2028,MING,721,41
41,2028,OFFI,654,41
41,2028,OTHR,2114,41
41,2028,RETL,1797,41
41,2028,WSLE,1514,41
41,2029,AGRI,914,41
41,2029,CONS,736,41
41,2029,FOOD,1146,41
41,2029,GVED,2230,41
41,2029,HBJ,631,41
41,2029,HLTH,1283,41
41,2029,MANU,615,41
41,2029,MING,673,41
41,2029,OFFI,659,41
41,2029,OTHR,2153,41
41,2029,RETL,1803,41
41,2029,WSLE,1513,41
41,2030,AGRI,910,41
41,2030,CONS,744,41
41,2030,FOOD,1139,41
41,2030,GVED,2242,41
41,2030,HBJ,641,41
41,2030,HLTH,1307,41
41,2030,MANU,626,41
41,2030,MING,656,41
41,2030,OFFI,665,41
41,2030,OTHR,2181,41
41,2030,RETL,1820,41
41,2030,WSLE,1509,41
41,2031,AGRI,906,41
41,2031,CONS,748,41
41,2031,FOOD,1125,41
41,2031,GVED,2249,41
41,2031,HBJ,652,41
41,2031,HLTH,1331,41
41,2031,MANU,637,41
41,2031,MING,654,41
41,2031,OFFI,669,41
41,2031,OTHR,2207,41
41,2031,RETL,1837,41
41,2031,WSLE,1505,41
41,2032,AGRI,903,41
41,2032,CONS,755,41
41,2032,FOOD,1114,41
41,2032,GVED,2260,41
41,2032,HBJ,663,41
41,2032,HLTH,1353,41
41,2032,MANU,645,41
41,2032,MING,681,41
41,2032,OFFI,671,41
41,2032,OTHR,2229,41
41,2032,RETL,1850,41
41,2032,WSLE,1496,41
41,2033,AGRI,905,41
41,2033,CONS,764,41
41,2033,FOOD,1111,41
41,2033,GVED,2267,41
41,2033,HBJ,676,41
41,2033,HLTH,1368,41
41,2033,MANU,652,41
41,2033,MING,709,41
41,2033,OFFI,677,41
41,2033,OTHR,2255,41
41,2033,RETL,1858,41
41,2033,WSLE,1487,41
41,2034,AGRI,906,41
41,2034,CONS,777,41
41,2034,FOOD,1116,41
41,2034,GVED,2281,41
41,2034,HBJ,691,41
41,2034,HLTH,1389,41
41,2034,MANU,658,41
41,2034,MING,732,41
41,2034,OFFI,684,41
41,2034,OTHR,2317,41
41,2034,RETL,1869,41
41,2034,WSLE,1475,41
41,2035,AGRI,905,41
41,2035,CONS,783,41
41,2035,FOOD,1106,41
41,2035,GVED,2290,41
41,2035,HBJ,698,41
41,2035,HLTH,1400,41
41,2035,MANU,665,41
41,2035,MING,744,41
41,2035,OFFI,693,41
41,2035,OTHR,2275,41
41,2035,RETL,1870,41
41,2035,WSLE,1450,41
41,2036,AGRI,904,41
41,2036,CONS,792,41
41,2036,FOOD,1111,41
41,2036,GVED,2304,41
41,2036,HBJ,709,41
41,2036,HLTH,1414,41
41,2036,MANU,675,41
41,2036,MING,739,41
41,2036,OFFI,701,41
41,2036,OTHR,2294,41
41,2036,RETL,1877,41
41,2036,WSLE,1430,41
41,2037,AGRI,905,41
41,2037,CONS,802,41
41,2037,FOOD,1119,41
41,2037,GVED,2323,41
41,2037,HBJ,720,41
41,2037,HLTH,1431,41
41,2037,MANU,686,41
41,2037,MING,735,41
41,2037,OFFI,708,41
41,2037,OTHR,2323,41
41,2037,RETL,1890,41
41,2037,WSLE,1415,41
41,2038,AGRI,905,41
41,2038,CONS,811,41
41,2038,FOOD,1125,41
41,2038,GVED,2342,41
41,2038,HBJ,737,41
41,2038,HLTH,1451,41
41,2038,MANU,694,41
41,2038,MING,734,41
41,2038,OFFI,716,41
41,2038,OTHR,2360,41
41,2038,RETL,1904,41
41,2038,WSLE,1408,41
41,2039,AGRI,904,41
41,2039,CONS,821,41
41,2039,FOOD,1133,41
41,2039,GVED,2364,41
41,2039,HBJ,748,41
41,2039,HLTH,1470,41
41,2039,MANU,703,41
41,2039,MING,735,41
41,2039,OFFI,722,41
41,2039,OTHR,2396,41
41,2039,RETL,1919,41
41,2039,WSLE,1400,41
41,2040,AGRI,903,41
41,2040,CONS,829,41
41,2040,FOOD,1137,41
41,2040,GVED,2386,41
41,2040,HBJ,765,41
41,2040,HLTH,1489,41
41,2040,MANU,710,41
41,2040,MING,736,41
41,2040,OFFI,728,41
41,2040,OTHR,2429,41
41,2040,RETL,1935,41
41,2040,WSLE,1394,41
41,2041,AGRI,902,41
41,2041,CONS,836,41
41,2041,FOOD,1143,41
41,2041,GVED,2407,41
41,2041,HBJ,778,41
41,2041,HLTH,1511,41
41,2041,MANU,717,41
41,2041,MING,741,41
41,2041,OFFI,733,41
41,2041,OTHR,2456,41
41,2041,RETL,1952,41
41,2041,WSLE,1388,41
41,2042,AGRI,901,41
41,2042,CONS,845,41
41,2042,FOOD,1146,41
41,2042,GVED,2429,41
41,2042,HBJ,793,41
41,2042,HLTH,1532,41
41,2042,MANU,722,41
41,2042,MING,750,41
41,2042,OFFI,743,41
41,2042,OTHR,2485,41
41,2042,RETL,1970,41
41,2042,WSLE,1384,41
41,2043,AGRI,900,41
41,2043,CONS,853,41
41,2043,FOOD,1152,41
41,2043,GVED,2458,41
41,2043,HBJ,808,41
41,2043,HLTH,1552,41
41,2043,MANU,728,41
41,2043,MING,758,41
41,2043,OFFI,749,41
41,2043,OTHR,2512,41
41,2043,RETL,1987,41
41,2043,WSLE,1378,41
41,2044,AGRI,900,41
41,2044,CONS,860,41
41,2044,FOOD,1156,41
41,2044,GVED,2485,41
41,2044,HBJ,822,41
41,2044,HLTH,1574,41
41,2044,MANU,732,41
41,2044,MING,759,41
41,2044,OFFI,758,41
41,2044,OTHR,2539,41
41,2044,RETL,2004,41
41,2044,WSLE,1375,41
41,2045,AGRI,899,41
41,2045,CONS,870,41
41,2045,FOOD,1160,41
41,2045,GVED,2510,41
41,2045,HBJ,836,41
41,2045,HLTH,1595,41
41,2045,MANU,739,41
41,2045,MING,759,41
41,2045,OFFI,765,41
41,2045,OTHR,2563,41
41,2045,RETL,2023,41
41,2045,WSLE,1371,41
41,2046,AGRI,897,41
41,2046,CONS,884,41
41,2046,FOOD,1162,41
41,2046,GVED,2540,41
41,2046,HBJ,852,41
41,2046,HLTH,1618,41
41,2046,MANU,746,41
41,2046,MING,762,41
41,2046,OFFI,777,41
41,2046,OTHR,2585,41
41,2046,RETL,2040,41
41,2046,WSLE,1368,41
41,2047,AGRI,896,41
41,2047,CONS,898,41
41,2047,FOOD,1165,41
41,2047,GVED,2568,41
41,2047,HBJ,866,41
41,2047,HLTH,1641,41
41,2047,MANU,753,41
41,2047,MING,771,41
41,2047,OFFI,789,41
41,2047,OTHR,2604,41
41,2047,RETL,2059,41
41,2047,WSLE,1364,41
41,2048,AGRI,896,41
41,2048,CONS,916,41
41,2048,FOOD,1169,41
41,2048,GVED,2596,41
41,2048,HBJ,882,41
41,2048,HLTH,1664,41
41,2048,MANU,760,41
41,2048,MING,784,41
41,2048,OFFI,803,41
41,2048,OTHR,2621,41
41,2048,RETL,2079,41
41,2048,WSLE,1361,41
41,2049,AGRI,894,41
41,2049,CONS,936,41
41,2049,FOOD,1171,41
41,2049,GVED,2624,41
41,2049,HBJ,900,41
41,2049,HLTH,1686,41
41,2049,MANU,767,41
41,2049,MING,798,41
41,2049,OFFI,817,41
41,2049,OTHR,2638,41
41,2049,RETL,2098,41
41,2049,WSLE,1357,41
41,2050,AGRI,892,41
41,2050,CONS,956,41
41,2050,FOOD,1174,41
41,2050,GVED,2654,41
41,2050,HBJ,916,41
41,2050,HLTH,1708,41
41,2050,MANU,774,41
41,2050,MING,813,41
41,2050,OFFI,830,41
41,2050,OTHR,2652,41
41,2050,RETL,2118,41
41,2050,WSLE,1354,41
41,2051,AGRI,891,41
41,2051,CONS,977,41
41,2051,FOOD,1177,41
41,2051,GVED,2676,41
41,2051,HBJ,931,41
41,2051,HLTH,1729,41
41,2051,MANU,782,41
41,2051,MING,827,41
41,2051,OFFI,839,41
41,2051,OTHR,2666,41
41,2051,RETL,2138,41
41,2051,WSLE,1349,41
41,2052,AGRI,889,41
41,2052,CONS,998,41
41,2052,FOOD,1178,41
41,2052,GVED,2703,41
41,2052,HBJ,950,41
41,2052,HLTH,1750,41
41,2052,MANU,790,41
41,2052,MING,841,41
41,2052,OFFI,849,41
41,2052,OTHR,2680,41
41,2052,RETL,2157,41
41,2052,WSLE,1346,41
41,2053,AGRI,888,41
41,2053,CONS,1020,41
41,2053,FOOD,1180,41
41,2053,GVED,2728,41
41,2053,HBJ,968,41
41,2053,HLTH,1771,41
41,2053,MANU,796,41
41,2053,MING,857,41
41,2053,OFFI,855,41
41,2053,OTHR,2698,41
41,2053,RETL,2179,41
41,2053,WSLE,1343,41
41,2054,AGRI,886,41
41,2054,CONS,1042,41
41,2054,FOOD,1182,41
41,2054,GVED,2754,41
41,2054,HBJ,983,41
41,2054,HLTH,1790,41
41,2054,MANU,801,41
41,2054,MING,870,41
41,2054,OFFI,861,41
41,2054,OTHR,2712,41
41,2054,RETL,2198,41
41,2054,WSLE,1341,41
41,2055,AGRI,883,41
41,2055,CONS,1065,41
41,2055,FOOD,1183,41
41,2055,GVED,2777,41
41,2055,HBJ,998,41
41,2055,HLTH,1809,41
41,2055,MANU,806,41
41,2055,MING,880,41
41,2055,OFFI,868,41
41,2055,OTHR,2726,41
41,2055,RETL,2216,41
41,2055,WSLE,1339,41
41,2056,AGRI,882,41
41,2056,CONS,1080,41
41,2056,FOOD,1183,41
41,2056,GVED,2798,41
41,2056,HBJ,1013,41
41,2056,HLTH,1826,41
41,2056,MANU,810,41
41,2056,MING,882,41
41,2056,OFFI,873,41
41,2056,OTHR,2743,41
41,2056,RETL,2231,41
41,2056,WSLE,1339,41
41,2057,AGRI,880,41
41,2057,CONS,1090,41
41,2057,FOOD,1181,41
41,2057,GVED,2818,41
41,2057,HBJ,1028,41
41,2057,HLTH,1840,41
41,2057,MANU,813,41
41,2057,MING,873,41
41,2057,OFFI,879,41
41,2057,OTHR,2759,41
41,2057,RETL,2244,41
41,2057,WSLE,1337,41
41,2058,AGRI,878,41
41,2058,CONS,1099,41
41,2058,FOOD,1180,41
41,2058,GVED,2840,41
41,2058,HBJ,1038,41
41,2058,HLTH,1851,41
41,2058,MANU,818,41
41,2058,MING,865,41
41,2058,OFFI,885,41
41,2058,OTHR,2772,41
41,2058,RETL,2255,41
41,2058,WSLE,1335,41
41,2059,AGRI,875,41
41,2059,CONS,1109,41
41,2059,FOOD,1179,41
41,2059,GVED,2861,41
41,2059,HBJ,1054,41
41,2059,HLTH,1864,41
41,2059,MANU,823,41
41,2059,MING,862,41
41,2059,OFFI,891,41
41,2059,OTHR,2788,41
41,2059,RETL,2267,41
41,2059,WSLE,1333,41
41,2060,AGRI,872,41
41,2060,CONS,1118,41
41,2060,FOOD,1178,41
41,2060,GVED,2887,41
41,2060,HBJ,1069,41
41,2060,HLTH,1876,41
41,2060,MANU,828,41
41,2060,MING,862,41
41,2060,OFFI,896,41
41,2060,OTHR,2802,41
41,2060,RETL,2279,41
41,2060,WSLE,1331,41
41,2061,AGRI,870,41
41,2061,CONS,1128,41
41,2061,FOOD,1178,41
41,2061,GVED,2908,41
41,2061,HBJ,1085,41
41,2061,HLTH,1887,41
41,2061,MANU,832,41
41,2061,MING,863,41
41,2061,OFFI,900,41
41,2061,OTHR,2817,41
41,2061,RETL,2292,41
41,2061,WSLE,1328,41
41,2062,AGRI,868,41
41,2062,CONS,1136,41
41,2062,FOOD,1178,41
41,2062,GVED,2928,41
41,2062,HBJ,1098,41
41,2062,HLTH,1899,41
41,2062,MANU,837,41
41,2062,MING,864,41
41,2062,OFFI,905,41
41,2062,OTHR,2834,41
41,2062,RETL,2305,41
41,2062,WSLE,1325,41
41,2063,AGRI,866,41
41,2063,CONS,1146,41
41,2063,FOOD,1178,41
41,2063,GVED,2952,41
41,2063,HBJ,1112,41
41,2063,HLTH,1911,41
41,2063,MANU,842,41
41,2063,MING,865,41
41,2063,OFFI,910,41
41,2063,OTHR,2849,41
41,2063,RETL,2317,41
41,2063,WSLE,1323,41
41,2064,AGRI,863,41
41,2064,CONS,1153,41
41,2064,FOOD,1177,41
41,2064,GVED,2975,41
41,2064,HBJ,1127,41
41,2064,HLTH,1923,41
41,2064,MANU,847,41
41,2064,MING,865,41
41,2064,OFFI,914,41
41,2064,OTHR,2865,41
41,2064,RETL,2331,41
41,2064,WSLE,1320,41
41,2065,AGRI,862,41
41,2065,CONS,1162,41
41,2065,FOOD,1176,41
41,2065,GVED,2995,41
41,2065,HBJ,1142,41
41,2065,HLTH,1935,41
41,2065,MANU,852,41
41,2065,MING,865,41
41,2065,OFFI,920,41
41,2065,OTHR,2879,41
41,2065,RETL,2343,41
41,2065,WSLE,1316,41
43,2023,AGRI,896,43
43,2023,CONS,3257,43
43,2023,FOOD,7410,43
43,2023,GVED,3690,43
43,2023,HBJ,3406,43
43,2023,HLTH,2317,43
43,2023,MANU,1323,43
43,2023,MING,91,43
43,2023,OFFI,4784,43
43,2023,OTHR,17174,43
43,2023,RETL,4145,43
43,2023,WSLE,1267,43
43,2024,AGRI,898,43
43,2024,CONS,3592,43
43,2024,FOOD,7459,43
43,2024,GVED,3970,43
43,2024,HBJ,3397,43
43,2024,HLTH,2481,43
43,2024,MANU,1255,43
43,2024,MING,68,43
43,2024,OFFI,4785,43
43,2024,OTHR,17036,43
43,2024,RETL,4368,43
43,2024,WSLE,1119,43
43,2025,AGRI,894,43
43,2025,CONS,3829,43
43,2025,FOOD,7498,43
43,2025,GVED,4064,43
43,2025,HBJ,3755,43
43,2025,HLTH,2592,43
43,2025,MANU,1276,43
43,2025,MING,67,43
43,2025,OFFI,4822,43
43,2025,OTHR,17307,43
43,2025,RETL,4406,43
43,2025,WSLE,1137,43
43,2026,AGRI,895,43
43,2026,CONS,4047,43
43,2026,FOOD,7576,43
43,2026,GVED,4141,43
43,2026,HBJ,3857,43
43,2026,HLTH,2682,43
43,2026,MANU,1285,43
43,2026,MING,70,43
43,2026,OFFI,4804,43
43,2026,OTHR,17580,43
43,2026,RETL,4409,43
43,2026,WSLE,1144,43
43,2027,AGRI,891,43
43,2027,CONS,4216,43
43,2027,FOOD,7616,43
43,2027,GVED,4220,43
43,2027,HBJ,3966,43
43,2027,HLTH,2761,43
43,2027,MANU,1296,43
43,2027,MING,71,43
43,2027,OFFI,4781,43
43,2027,OTHR,17969,43
43,2027,RETL,4461,43
43,2027,WSLE,1157,43
43,2028,AGRI,887,43
43,2028,CONS,4357,43
43,2028,FOOD,7642,43
43,2028,GVED,4289,43
43,2028,HBJ,4074,43
43,2028,HLTH,2822,43
43,2028,MANU,1305,43
43,2028,MING,69,43
43,2028,OFFI,4786,43
43,2028,OTHR,18389,43
43,2028,RETL,4491,43
43,2028,WSLE,1159,43
43,2029,AGRI,881,43
43,2029,CONS,4488,43
43,2029,FOOD,7653,43
43,2029,GVED,4357,43
43,2029,HBJ,4183,43
43,2029,HLTH,2883,43
43,2029,MANU,1325,43
43,2029,MING,65,43
43,2029,OFFI,4823,43
43,2029,OTHR,18762,43
43,2029,RETL,4540,43
43,2029,WSLE,1166,43
43,2030,AGRI,879,43
43,2030,CONS,4580,43
43,2030,FOOD,7641,43
43,2030,GVED,4412,43
43,2030,HBJ,4288,43
43,2030,HLTH,2952,43
43,2030,MANU,1352,43
43,2030,MING,64,43
43,2030,OFFI,4868,43
43,2030,OTHR,19045,43
43,2030,RETL,4621,43
43,2030,WSLE,1171,43
43,2031,AGRI,876,43
43,2031,CONS,4649,43
43,2031,FOOD,7589,43
43,2031,GVED,4454,43
43,2031,HBJ,4392,43
43,2031,HLTH,3019,43
43,2031,MANU,1378,43
43,2031,MING,65,43
43,2031,OFFI,4906,43
43,2031,OTHR,19317,43
43,2031,RETL,4716,43
43,2031,WSLE,1179,43
43,2032,AGRI,874,43
43,2032,CONS,4728,43
43,2032,FOOD,7567,43
43,2032,GVED,4495,43
43,2032,HBJ,4508,43
43,2032,HLTH,3084,43
43,2032,MANU,1402,43
43,2032,MING,69,43
43,2032,OFFI,4950,43
43,2032,OTHR,19663,43
43,2032,RETL,4798,43
43,2032,WSLE,1188,43
43,2033,AGRI,875,43
43,2033,CONS,4799,43
43,2033,FOOD,7584,43
43,2033,GVED,4536,43
43,2033,HBJ,4624,43
43,2033,HLTH,3131,43
43,2033,MANU,1422,43
43,2033,MING,72,43
43,2033,OFFI,5001,43
43,2033,OTHR,20027,43
43,2033,RETL,4857,43
43,2033,WSLE,1193,43
43,2034,AGRI,878,43
43,2034,CONS,4887,43
43,2034,FOOD,7819,43
43,2034,GVED,4595,43
43,2034,HBJ,4795,43
43,2034,HLTH,3191,43
43,2034,MANU,1442,43
43,2034,MING,76,43
43,2034,OFFI,5091,43
43,2034,OTHR,20618,43
43,2034,RETL,4941,43
43,2034,WSLE,1203,43
43,2035,AGRI,880,43
43,2035,CONS,4906,43
43,2035,FOOD,7592,43
43,2035,GVED,4620,43
43,2035,HBJ,4798,43
43,2035,HLTH,3211,43
43,2035,MANU,1457,43
43,2035,MING,77,43
43,2035,OFFI,5152,43
43,2035,OTHR,20088,43
43,2035,RETL,4937,43
43,2035,WSLE,1192,43
43,2036,AGRI,880,43
43,2036,CONS,4952,43
43,2036,FOOD,7657,43
43,2036,GVED,4662,43
43,2036,HBJ,4909,43
43,2036,HLTH,3257,43
43,2036,MANU,1485,43
43,2036,MING,77,43
43,2036,OFFI,5224,43
43,2036,OTHR,20291,43
43,2036,RETL,4994,43
43,2036,WSLE,1195,43
43,2037,AGRI,883,43
43,2037,CONS,4974,43
43,2037,FOOD,7739,43
43,2037,GVED,4713,43
43,2037,HBJ,5027,43
43,2037,HLTH,3306,43
43,2037,MANU,1511,43
43,2037,MING,77,43
43,2037,OFFI,5289,43
43,2037,OTHR,20542,43
43,2037,RETL,5064,43
43,2037,WSLE,1199,43
43,2038,AGRI,884,43
43,2038,CONS,4985,43
43,2038,FOOD,7794,43
43,2038,GVED,4767,43
43,2038,HBJ,5156,43
43,2038,HLTH,3362,43
43,2038,MANU,1536,43
43,2038,MING,76,43
43,2038,OFFI,5354,43
43,2038,OTHR,20878,43
43,2038,RETL,5139,43
43,2038,WSLE,1208,43
43,2039,AGRI,887,43
43,2039,CONS,4990,43
43,2039,FOOD,7856,43
43,2039,GVED,4833,43
43,2039,HBJ,5283,43
43,2039,HLTH,3415,43
43,2039,MANU,1559,43
43,2039,MING,76,43
43,2039,OFFI,5415,43
43,2039,OTHR,21210,43
43,2039,RETL,5220,43
43,2039,WSLE,1217,43
43,2040,AGRI,888,43
43,2040,CONS,4986,43
43,2040,FOOD,7904,43
43,2040,GVED,4896,43
43,2040,HBJ,5407,43
43,2040,HLTH,3468,43
43,2040,MANU,1581,43
43,2040,MING,77,43
43,2040,OFFI,5475,43
43,2040,OTHR,21519,43
43,2040,RETL,5293,43
43,2040,WSLE,1224,43
43,2041,AGRI,889,43
43,2041,CONS,4969,43
43,2041,FOOD,7960,43
43,2041,GVED,4961,43
43,2041,HBJ,5526,43
43,2041,HLTH,3514,43
43,2041,MANU,1603,43
43,2041,MING,77,43
43,2041,OFFI,5529,43
43,2041,OTHR,21806,43
43,2041,RETL,5369,43
43,2041,WSLE,1232,43
43,2042,AGRI,890,43
43,2042,CONS,4954,43
43,2042,FOOD,8000,43
43,2042,GVED,5023,43
43,2042,HBJ,5649,43
43,2042,HLTH,3553,43
43,2042,MANU,1621,43
43,2042,MING,78,43
43,2042,OFFI,5604,43
43,2042,OTHR,22080,43
43,2042,RETL,5435,43
43,2042,WSLE,1240,43
43,2043,AGRI,892,43
43,2043,CONS,4951,43
43,2043,FOOD,8053,43
43,2043,GVED,5091,43
43,2043,HBJ,5772,43
43,2043,HLTH,3595,43
43,2043,MANU,1640,43
43,2043,MING,79,43
43,2043,OFFI,5667,43
43,2043,OTHR,22347,43
43,2043,RETL,5512,43
43,2043,WSLE,1250,43
43,2044,AGRI,893,43
43,2044,CONS,4949,43
43,2044,FOOD,8094,43
43,2044,GVED,5156,43
43,2044,HBJ,5900,43
43,2044,HLTH,3639,43
43,2044,MANU,1658,43
43,2044,MING,80,43
43,2044,OFFI,5742,43
43,2044,OTHR,22625,43
43,2044,RETL,5584,43
43,2044,WSLE,1260,43
43,2045,AGRI,894,43
43,2045,CONS,4968,43
43,2045,FOOD,8142,43
43,2045,GVED,5228,43
43,2045,HBJ,6030,43
43,2045,HLTH,3684,43
43,2045,MANU,1680,43
43,2045,MING,80,43
43,2045,OFFI,5815,43
43,2045,OTHR,22887,43
43,2045,RETL,5666,43
43,2045,WSLE,1270,43
43,2046,AGRI,894,43
43,2046,CONS,5022,43
43,2046,FOOD,8180,43
43,2046,GVED,5299,43
43,2046,HBJ,6166,43
43,2046,HLTH,3732,43
43,2046,MANU,1701,43
43,2046,MING,80,43
43,2046,OFFI,5906,43
43,2046,OTHR,23140,43
43,2046,RETL,5746,43
43,2046,WSLE,1279,43
43,2047,AGRI,894,43
43,2047,CONS,5096,43
43,2047,FOOD,8218,43
43,2047,GVED,5374,43
43,2047,HBJ,6305,43
43,2047,HLTH,3779,43
43,2047,MANU,1722,43
43,2047,MING,81,43
43,2047,OFFI,6011,43
43,2047,OTHR,23364,43
43,2047,RETL,5830,43
43,2047,WSLE,1287,43
43,2048,AGRI,895,43
43,2048,CONS,5193,43
43,2048,FOOD,8267,43
43,2048,GVED,5448,43
43,2048,HBJ,6449,43
43,2048,HLTH,3824,43
43,2048,MANU,1744,43
43,2048,MING,83,43
43,2048,OFFI,6121,43
43,2048,OTHR,23575,43
43,2048,RETL,5916,43
43,2048,WSLE,1296,43
43,2049,AGRI,896,43
43,2049,CONS,5302,43
43,2049,FOOD,8316,43
43,2049,GVED,5523,43
43,2049,HBJ,6592,43
43,2049,HLTH,3866,43
43,2049,MANU,1766,43
43,2049,MING,84,43
43,2049,OFFI,6230,43
43,2049,OTHR,23768,43
43,2049,RETL,5997,43
43,2049,WSLE,1305,43
43,2050,AGRI,896,43
43,2050,CONS,5430,43
43,2050,FOOD,8370,43
43,2050,GVED,5598,43
43,2050,HBJ,6743,43
43,2050,HLTH,3909,43
43,2050,MANU,1788,43
43,2050,MING,85,43
43,2050,OFFI,6333,43
43,2050,OTHR,23983,43
43,2050,RETL,6091,43
43,2050,WSLE,1313,43
43,2051,AGRI,897,43
43,2051,CONS,5563,43
43,2051,FOOD,8413,43
43,2051,GVED,5674,43
43,2051,HBJ,6891,43
43,2051,HLTH,3950,43
43,2051,MANU,1813,43
43,2051,MING,85,43
43,2051,OFFI,6418,43
43,2051,OTHR,24173,43
43,2051,RETL,6180,43
43,2051,WSLE,1321,43
43,2052,AGRI,897,43
43,2052,CONS,5698,43
43,2052,FOOD,8461,43
43,2052,GVED,5749,43
43,2052,HBJ,7039,43
43,2052,HLTH,3987,43
43,2052,MANU,1834,43
43,2052,MING,87,43
43,2052,OFFI,6490,43
43,2052,OTHR,24373,43
43,2052,RETL,6269,43
43,2052,WSLE,1328,43
43,2053,AGRI,897,43
43,2053,CONS,5830,43
43,2053,FOOD,8505,43
43,2053,GVED,5827,43
43,2053,HBJ,7186,43
43,2053,HLTH,4023,43
43,2053,MANU,1854,43
43,2053,MING,88,43
43,2053,OFFI,6547,43
43,2053,OTHR,24578,43
43,2053,RETL,6355,43
43,2053,WSLE,1337,43
43,2054,AGRI,896,43
43,2054,CONS,5973,43
43,2054,FOOD,8547,43
43,2054,GVED,5905,43
43,2054,HBJ,7336,43
43,2054,HLTH,4059,43
43,2054,MANU,1872,43
43,2054,MING,89,43
43,2054,OFFI,6604,43
43,2054,OTHR,24778,43
43,2054,RETL,6443,43
43,2054,WSLE,1344,43
43,2055,AGRI,895,43
43,2055,CONS,6113,43
43,2055,FOOD,8589,43
43,2055,GVED,5983,43
43,2055,HBJ,7488,43
43,2055,HLTH,4090,43
43,2055,MANU,1887,43
43,2055,MING,89,43
43,2055,OFFI,6655,43
43,2055,OTHR,24976,43
43,2055,RETL,6526,43
43,2055,WSLE,1353,43
43,2056,AGRI,897,43
43,2056,CONS,6225,43
43,2056,FOOD,8621,43
43,2056,GVED,6059,43
43,2056,HBJ,7638,43
43,2056,HLTH,4135,43
43,2056,MANU,1903,43
43,2056,MING,89,43
43,2056,OFFI,6706,43
43,2056,OTHR,25218,43
43,2056,RETL,6606,43
43,2056,WSLE,1365,43
43,2057,AGRI,896,43
43,2057,CONS,6319,43
43,2057,FOOD,8645,43
43,2057,GVED,6134,43
43,2057,HBJ,7786,43
43,2057,HLTH,4178,43
43,2057,MANU,1919,43
43,2057,MING,87,43
43,2057,OFFI,6760,43
43,2057,OTHR,25440,43
43,2057,RETL,6682,43
43,2057,WSLE,1376,43
43,2058,AGRI,896,43
43,2058,CONS,6389,43
43,2058,FOOD,8663,43
43,2058,GVED,6206,43
43,2058,HBJ,7928,43
43,2058,HLTH,4221,43
43,2058,MANU,1936,43
43,2058,MING,87,43
43,2058,OFFI,6811,43
43,2058,OTHR,25650,43
43,2058,RETL,6750,43
43,2058,WSLE,1384,43
43,2059,AGRI,894,43
43,2059,CONS,6462,43
43,2059,FOOD,8684,43
43,2059,GVED,6276,43
43,2059,HBJ,8080,43
43,2059,HLTH,4265,43
43,2059,MANU,1954,43
43,2059,MING,86,43
43,2059,OFFI,6865,43
43,2059,OTHR,25865,43
43,2059,RETL,6826,43
43,2059,WSLE,1394,43
43,2060,AGRI,895,43
43,2060,CONS,6538,43
43,2060,FOOD,8707,43
43,2060,GVED,6346,43
43,2060,HBJ,8229,43
43,2060,HLTH,4310,43
43,2060,MANU,1972,43
43,2060,MING,86,43
43,2060,OFFI,6922,43
43,2060,OTHR,26088,43
43,2060,RETL,6903,43
43,2060,WSLE,1405,43
43,2061,AGRI,895,43
43,2061,CONS,6611,43
43,2061,FOOD,8726,43
43,2061,GVED,6414,43
43,2061,HBJ,8380,43
43,2061,HLTH,4350,43
43,2061,MANU,1990,43
43,2061,MING,84,43
43,2061,OFFI,6974,43
43,2061,OTHR,26294,43
43,2061,RETL,6982,43
43,2061,WSLE,1413,43
43,2062,AGRI,894,43
43,2062,CONS,6681,43
43,2062,FOOD,8749,43
43,2062,GVED,6479,43
43,2062,HBJ,8529,43
43,2062,HLTH,4391,43
43,2062,MANU,2007,43
43,2062,MING,84,43
43,2062,OFFI,7026,43
43,2062,OTHR,26498,43
43,2062,RETL,7063,43
43,2062,WSLE,1421,43
43,2063,AGRI,895,43
43,2063,CONS,6752,43
43,2063,FOOD,8774,43
43,2063,GVED,6546,43
43,2063,HBJ,8679,43
43,2063,HLTH,4431,43
43,2063,MANU,2025,43
43,2063,MING,84,43
43,2063,OFFI,7075,43
43,2063,OTHR,26693,43
43,2063,RETL,7145,43
43,2063,WSLE,1430,43
43,2064,AGRI,894,43
43,2064,CONS,6821,43
43,2064,FOOD,8799,43
43,2064,GVED,6612,43
43,2064,HBJ,8830,43
43,2064,HLTH,4471,43
43,2064,MANU,2042,43
43,2064,MING,83,43
43,2064,OFFI,7123,43
43,2064,OTHR,26884,43
43,2064,RETL,7228,43
43,2064,WSLE,1437,43
43,2065,AGRI,894,43
43,2065,CONS,6888,43
43,2065,FOOD,8826,43
43,2065,GVED,6677,43
43,2065,HBJ,8981,43
43,2065,HLTH,4510,43
43,2065,MANU,2059,43
43,2065,MING,83,43
43,2065,OFFI,7170,43
43,2065,OTHR,27073,43
43,2065,RETL,7312,43
43,2065,WSLE,1444,43
45,2023,AGRI,556,45
45,2023,CONS,1826,45
45,2023,FOOD,1913,45
45,2023,GVED,5667,45
45,2023,HBJ,630,45
45,2023,HLTH,2274,45
45,2023,MANU,2086,45
45,2023,MING,263,45
45,2023,OFFI,1411,45
45,2023,OTHR,6264,45
45,2023,RETL,3041,45
45,2023,WSLE,2721,45
45,2024,AGRI,558,45
45,2024,CONS,1938,45
45,2024,FOOD,1927,45
45,2024,GVED,5874,45
45,2024,HBJ,678,45
45,2024,HLTH,2416,45
45,2024,MANU,2256,45
45,2024,MING,274,45
45,2024,OFFI,1719,45
45,2024,OTHR,6861,45
45,2024,RETL,3098,45
45,2024,WSLE,3593,45
45,2025,AGRI,555,45
45,2025,CONS,2032,45
45,2025,FOOD,1946,45
45,2025,GVED,5983,45
45,2025,HBJ,754,45
45,2025,HLTH,2524,45
45,2025,MANU,2292,45
45,2025,MING,272,45
45,2025,OFFI,1736,45
45,2025,OTHR,6980,45
45,2025,RETL,3131,45
45,2025,WSLE,3640,45
45,2026,AGRI,555,45
45,2026,CONS,2125,45
45,2026,FOOD,1978,45
45,2026,GVED,6045,45
45,2026,HBJ,774,45
45,2026,HLTH,2615,45
45,2026,MANU,2307,45
45,2026,MING,280,45
45,2026,OFFI,1721,45
45,2026,OTHR,7109,45
45,2026,RETL,3152,45
45,2026,WSLE,3637,45
45,2027,AGRI,552,45
45,2027,CONS,2223,45
45,2027,FOOD,2005,45
45,2027,GVED,6118,45
45,2027,HBJ,797,45
45,2027,HLTH,2702,45
45,2027,MANU,2326,45
45,2027,MING,285,45
45,2027,OFFI,1709,45
45,2027,OTHR,7235,45
45,2027,RETL,3222,45
45,2027,WSLE,3655,45
45,2028,AGRI,548,45
45,2028,CONS,2322,45
45,2028,FOOD,2029,45
45,2028,GVED,6180,45
45,2028,HBJ,819,45
45,2028,HLTH,2771,45
45,2028,MANU,2343,45
45,2028,MING,273,45
45,2028,OFFI,1713,45
45,2028,OTHR,7397,45
45,2028,RETL,3271,45
45,2028,WSLE,3646,45
45,2029,AGRI,546,45
45,2029,CONS,2420,45
45,2029,FOOD,2047,45
45,2029,GVED,6248,45
45,2029,HBJ,843,45
45,2029,HLTH,2838,45
45,2029,MANU,2376,45
45,2029,MING,257,45
45,2029,OFFI,1723,45
45,2029,OTHR,7596,45
45,2029,RETL,3332,45
45,2029,WSLE,3636,45
45,2030,AGRI,542,45
45,2030,CONS,2491,45
45,2030,FOOD,2058,45
45,2030,GVED,6323,45
45,2030,HBJ,868,45
45,2030,HLTH,2910,45
45,2030,MANU,2421,45
45,2030,MING,251,45
45,2030,OFFI,1736,45
45,2030,OTHR,7781,45
45,2030,RETL,3412,45
45,2030,WSLE,3623,45
45,2031,AGRI,540,45
45,2031,CONS,2538,45
45,2031,FOOD,2053,45
45,2031,GVED,6341,45
45,2031,HBJ,891,45
45,2031,HLTH,2974,45
45,2031,MANU,2461,45
45,2031,MING,252,45
45,2031,OFFI,1748,45
45,2031,OTHR,7938,45
45,2031,RETL,3494,45
45,2031,WSLE,3613,45
45,2032,AGRI,537,45
45,2032,CONS,2581,45
45,2032,FOOD,2056,45
45,2032,GVED,6381,45
45,2032,HBJ,915,45
45,2032,HLTH,3038,45
45,2032,MANU,2499,45
45,2032,MING,264,45
45,2032,OFFI,1758,45
45,2032,OTHR,8100,45
45,2032,RETL,3564,45
45,2032,WSLE,3599,45
45,2033,AGRI,538,45
45,2033,CONS,2621,45
45,2033,FOOD,2072,45
45,2033,GVED,6418,45
45,2033,HBJ,936,45
45,2033,HLTH,3098,45
45,2033,MANU,2530,45
45,2033,MING,276,45
45,2033,OFFI,1776,45
45,2033,OTHR,8260,45
45,2033,RETL,3628,45
45,2033,WSLE,3575,45
45,2034,AGRI,538,45
45,2034,CONS,2665,45
45,2034,FOOD,2157,45
45,2034,GVED,6471,45
45,2034,HBJ,965,45
45,2034,HLTH,3167,45
45,2034,MANU,2561,45
45,2034,MING,287,45
45,2034,OFFI,1806,45
45,2034,OTHR,8501,45
45,2034,RETL,3703,45
45,2034,WSLE,3549,45
45,2035,AGRI,537,45
45,2035,CONS,2681,45
45,2035,FOOD,2090,45
45,2035,GVED,6499,45
45,2035,HBJ,979,45
45,2035,HLTH,3193,45
45,2035,MANU,2589,45
45,2035,MING,292,45
45,2035,OFFI,1826,45
45,2035,OTHR,8479,45
45,2035,RETL,3724,45
45,2035,WSLE,3485,45
45,2036,AGRI,536,45
45,2036,CONS,2696,45
45,2036,FOOD,2113,45
45,2036,GVED,6543,45
45,2036,HBJ,1001,45
45,2036,HLTH,3235,45
45,2036,MANU,2635,45
45,2036,MING,290,45
45,2036,OFFI,1848,45
45,2036,OTHR,8614,45
45,2036,RETL,3771,45
45,2036,WSLE,3445,45
45,2037,AGRI,536,45
45,2037,CONS,2701,45
45,2037,FOOD,2143,45
45,2037,GVED,6597,45
45,2037,HBJ,1023,45
45,2037,HLTH,3284,45
45,2037,MANU,2683,45
45,2037,MING,289,45
45,2037,OFFI,1869,45
45,2037,OTHR,8777,45
45,2037,RETL,3836,45
45,2037,WSLE,3417,45
45,2038,AGRI,536,45
45,2038,CONS,2698,45
45,2038,FOOD,2165,45
45,2038,GVED,6655,45
45,2038,HBJ,1048,45
45,2038,HLTH,3337,45
45,2038,MANU,2726,45
45,2038,MING,289,45
45,2038,OFFI,1887,45
45,2038,OTHR,8963,45
45,2038,RETL,3901,45
45,2038,WSLE,3403,45
45,2039,AGRI,536,45
45,2039,CONS,2697,45
45,2039,FOOD,2189,45
45,2039,GVED,6722,45
45,2039,HBJ,1073,45
45,2039,HLTH,3388,45
45,2039,MANU,2766,45
45,2039,MING,289,45
45,2039,OFFI,1905,45
45,2039,OTHR,9138,45
45,2039,RETL,3970,45
45,2039,WSLE,3390,45
45,2040,AGRI,535,45
45,2040,CONS,2689,45
45,2040,FOOD,2209,45
45,2040,GVED,6804,45
45,2040,HBJ,1097,45
45,2040,HLTH,3438,45
45,2040,MANU,2806,45
45,2040,MING,290,45
45,2040,OFFI,1921,45
45,2040,OTHR,9303,45
45,2040,RETL,4033,45
45,2040,WSLE,3377,45
45,2041,AGRI,535,45
45,2041,CONS,2673,45
45,2041,FOOD,2232,45
45,2041,GVED,6852,45
45,2041,HBJ,1122,45
45,2041,HLTH,3482,45
45,2041,MANU,2843,45
45,2041,MING,291,45
45,2041,OFFI,1935,45
45,2041,OTHR,9460,45
45,2041,RETL,4100,45
45,2041,WSLE,3366,45
45,2042,AGRI,534,45
45,2042,CONS,2664,45
45,2042,FOOD,2250,45
45,2042,GVED,6916,45
45,2042,HBJ,1145,45
45,2042,HLTH,3522,45
45,2042,MANU,2878,45
45,2042,MING,294,45
45,2042,OFFI,1958,45
45,2042,OTHR,9612,45
45,2042,RETL,4160,45
45,2042,WSLE,3359,45
45,2043,AGRI,533,45
45,2043,CONS,2656,45
45,2043,FOOD,2269,45
45,2043,GVED,6986,45
45,2043,HBJ,1170,45
45,2043,HLTH,3559,45
45,2043,MANU,2908,45
45,2043,MING,298,45
45,2043,OFFI,1976,45
45,2043,OTHR,9760,45
45,2043,RETL,4223,45
45,2043,WSLE,3350,45
45,2044,AGRI,532,45
45,2044,CONS,2648,45
45,2044,FOOD,2287,45
45,2044,GVED,7056,45
45,2044,HBJ,1193,45
45,2044,HLTH,3594,45
45,2044,MANU,2940,45
45,2044,MING,297,45
45,2044,OFFI,1997,45
45,2044,OTHR,9908,45
45,2044,RETL,4280,45
45,2044,WSLE,3343,45
45,2045,AGRI,532,45
45,2045,CONS,2654,45
45,2045,FOOD,2306,45
45,2045,GVED,7127,45
45,2045,HBJ,1222,45
45,2045,HLTH,3630,45
45,2045,MANU,2977,45
45,2045,MING,298,45
45,2045,OFFI,2018,45
45,2045,OTHR,10052,45
45,2045,RETL,4346,45
45,2045,WSLE,3336,45
45,2046,AGRI,531,45
45,2046,CONS,2678,45
45,2046,FOOD,2321,45
45,2046,GVED,7201,45
45,2046,HBJ,1247,45
45,2046,HLTH,3667,45
45,2046,MANU,3015,45
45,2046,MING,299,45
45,2046,OFFI,2047,45
45,2046,OTHR,10182,45
45,2046,RETL,4406,45
45,2046,WSLE,3331,45
45,2047,AGRI,531,45
45,2047,CONS,2716,45
45,2047,FOOD,2338,45
45,2047,GVED,7275,45
45,2047,HBJ,1273,45
45,2047,HLTH,3701,45
45,2047,MANU,3051,45
45,2047,MING,301,45
45,2047,OFFI,2081,45
45,2047,OTHR,10303,45
45,2047,RETL,4469,45
45,2047,WSLE,3326,45
45,2048,AGRI,528,45
45,2048,CONS,2765,45
45,2048,FOOD,2357,45
45,2048,GVED,7351,45
45,2048,HBJ,1302,45
45,2048,HLTH,3733,45
45,2048,MANU,3091,45
45,2048,MING,306,45
45,2048,OFFI,2114,45
45,2048,OTHR,10413,45
45,2048,RETL,4534,45
45,2048,WSLE,3320,45
45,2049,AGRI,528,45
45,2049,CONS,2827,45
45,2049,FOOD,2377,45
45,2049,GVED,7426,45
45,2049,HBJ,1332,45
45,2049,HLTH,3767,45
45,2049,MANU,3130,45
45,2049,MING,311,45
45,2049,OFFI,2149,45
45,2049,OTHR,10523,45
45,2049,RETL,4599,45
45,2049,WSLE,3312,45
45,2050,AGRI,526,45
45,2050,CONS,2895,45
45,2050,FOOD,2398,45
45,2050,GVED,7520,45
45,2050,HBJ,1358,45
45,2050,HLTH,3797,45
45,2050,MANU,3170,45
45,2050,MING,315,45
45,2050,OFFI,2181,45
45,2050,OTHR,10641,45
45,2050,RETL,4668,45
45,2050,WSLE,3306,45
45,2051,AGRI,526,45
45,2051,CONS,2960,45
45,2051,FOOD,2415,45
45,2051,GVED,7574,45
45,2051,HBJ,1387,45
45,2051,HLTH,3822,45
45,2051,MANU,3212,45
45,2051,MING,320,45
45,2051,OFFI,2205,45
45,2051,OTHR,10741,45
45,2051,RETL,4730,45
45,2051,WSLE,3293,45
45,2052,AGRI,524,45
45,2052,CONS,3025,45
45,2052,FOOD,2432,45
45,2052,GVED,7645,45
45,2052,HBJ,1413,45
45,2052,HLTH,3843,45
45,2052,MANU,3251,45
45,2052,MING,324,45
45,2052,OFFI,2224,45
45,2052,OTHR,10841,45
45,2052,RETL,4790,45
45,2052,WSLE,3284,45
45,2053,AGRI,524,45
45,2053,CONS,3093,45
45,2053,FOOD,2449,45
45,2053,GVED,7715,45
45,2053,HBJ,1442,45
45,2053,HLTH,3864,45
45,2053,MANU,3286,45
45,2053,MING,329,45
45,2053,OFFI,2237,45
45,2053,OTHR,10945,45
45,2053,RETL,4851,45
45,2053,WSLE,3278,45
45,2054,AGRI,522,45
45,2054,CONS,3163,45
45,2054,FOOD,2465,45
45,2054,GVED,7789,45
45,2054,HBJ,1468,45
45,2054,HLTH,3883,45
45,2054,MANU,3317,45
45,2054,MING,333,45
45,2054,OFFI,2250,45
45,2054,OTHR,11047,45
45,2054,RETL,4912,45
45,2054,WSLE,3272,45
45,2055,AGRI,520,45
45,2055,CONS,3236,45
45,2055,FOOD,2481,45
45,2055,GVED,7859,45
45,2055,HBJ,1496,45
45,2055,HLTH,3901,45
45,2055,MANU,3348,45
45,2055,MING,336,45
45,2055,OFFI,2260,45
45,2055,OTHR,11147,45
45,2055,RETL,4973,45
45,2055,WSLE,3270,45
45,2056,AGRI,519,45
45,2056,CONS,3288,45
45,2056,FOOD,2493,45
45,2056,GVED,7927,45
45,2056,HBJ,1522,45
45,2056,HLTH,3924,45
45,2056,MANU,3373,45
45,2056,MING,335,45
45,2056,OFFI,2268,45
45,2056,OTHR,11251,45
45,2056,RETL,5021,45
45,2056,WSLE,3272,45
45,2057,AGRI,517,45
45,2057,CONS,3321,45
45,2057,FOOD,2501,45
45,2057,GVED,7992,45
45,2057,HBJ,1550,45
45,2057,HLTH,3945,45
45,2057,MANU,3400,45
45,2057,MING,331,45
45,2057,OFFI,2277,45
45,2057,OTHR,11345,45
45,2057,RETL,5065,45
45,2057,WSLE,3271,45
45,2058,AGRI,516,45
45,2058,CONS,3348,45
45,2058,FOOD,2507,45
45,2058,GVED,8054,45
45,2058,HBJ,1575,45
45,2058,HLTH,3967,45
45,2058,MANU,3429,45
45,2058,MING,327,45
45,2058,OFFI,2286,45
45,2058,OTHR,11440,45
45,2058,RETL,5107,45
45,2058,WSLE,3270,45
45,2059,AGRI,515,45
45,2059,CONS,3368,45
45,2059,FOOD,2513,45
45,2059,GVED,8111,45
45,2059,HBJ,1599,45
45,2059,HLTH,3987,45
45,2059,MANU,3458,45
45,2059,MING,324,45
45,2059,OFFI,2294,45
45,2059,OTHR,11530,45
45,2059,RETL,5147,45
45,2059,WSLE,3269,45
45,2060,AGRI,513,45
45,2060,CONS,3384,45
45,2060,FOOD,2517,45
45,2060,GVED,8184,45
45,2060,HBJ,1625,45
45,2060,HLTH,4004,45
45,2060,MANU,3486,45
45,2060,MING,323,45
45,2060,OFFI,2302,45
45,2060,OTHR,11618,45
45,2060,RETL,5185,45
45,2060,WSLE,3268,45
45,2061,AGRI,512,45
45,2061,CONS,3399,45
45,2061,FOOD,2520,45
45,2061,GVED,8213,45
45,2061,HBJ,1649,45
45,2061,HLTH,4021,45
45,2061,MANU,3514,45
45,2061,MING,324,45
45,2061,OFFI,2309,45
45,2061,OTHR,11701,45
45,2061,RETL,5224,45
45,2061,WSLE,3265,45
45,2062,AGRI,511,45
45,2062,CONS,3413,45
45,2062,FOOD,2524,45
45,2062,GVED,8265,45
45,2062,HBJ,1674,45
45,2062,HLTH,4037,45
45,2062,MANU,3542,45
45,2062,MING,325,45
45,2062,OFFI,2315,45
45,2062,OTHR,11784,45
45,2062,RETL,5265,45
45,2062,WSLE,3262,45
45,2063,AGRI,509,45
45,2063,CONS,3426,45
45,2063,FOOD,2526,45
45,2063,GVED,8314,45
45,2063,HBJ,1699,45
45,2063,HLTH,4054,45
45,2063,MANU,3570,45
45,2063,MING,325,45
45,2063,OFFI,2322,45
45,2063,OTHR,11868,45
45,2063,RETL,5307,45
45,2063,WSLE,3259,45
45,2064,AGRI,508,45
45,2064,CONS,3439,45
45,2064,FOOD,2530,45
45,2064,GVED,8365,45
45,2064,HBJ,1720,45
45,2064,HLTH,4072,45
45,2064,MANU,3598,45
45,2064,MING,325,45
45,2064,OFFI,2328,45
45,2064,OTHR,11951,45
45,2064,RETL,5349,45
45,2064,WSLE,3258,45
45,2065,AGRI,506,45
45,2065,CONS,3450,45
45,2065,FOOD,2533,45
45,2065,GVED,8415,45
45,2065,HBJ,1747,45
45,2065,HLTH,4089,45
45,2065,MANU,3625,45
45,2065,MING,325,45
45,2065,OFFI,2334,45
45,2065,OTHR,12032,45
45,2065,RETL,5390,45
45,2065,WSLE,3254,45
47,2023,AGRI,1295,47
47,2023,CONS,1706,47
47,2023,FOOD,1326,47
47,2023,GVED,3444,47
47,2023,HBJ,855,47
47,2023,HLTH,1169,47
47,2023,MANU,473,47
47,2023,MING,2222,47
47,2023,OFFI,887,47
47,2023,OTHR,3592,47
47,2023,RETL,2105,47
47,2023,WSLE,1742,47
47,2024,AGRI,1297,47
47,2024,CONS,2162,47
47,2024,FOOD,1334,47
47,2024,GVED,3645,47
47,2024,HBJ,890,47
47,2024,HLTH,1197,47
47,2024,MANU,448,47
47,2024,MING,2527,47
47,2024,OFFI,890,47
47,2024,OTHR,3773,47
47,2024,RETL,2140,47
47,2024,WSLE,1802,47
47,2025,AGRI,1290,47
47,2025,CONS,2191,47
47,2025,FOOD,1335,47
47,2025,GVED,3757,47
47,2025,HBJ,963,47
47,2025,HLTH,1237,47
47,2025,MANU,456,47
47,2025,MING,2511,47
47,2025,OFFI,895,47
47,2025,OTHR,3824,47
47,2025,RETL,2134,47
47,2025,WSLE,1830,47
47,2026,AGRI,1291,47
47,2026,CONS,2279,47
47,2026,FOOD,1359,47
47,2026,GVED,3760,47
47,2026,HBJ,980,47
47,2026,HLTH,1271,47
47,2026,MANU,465,47
47,2026,MING,2586,47
47,2026,OFFI,891,47
47,2026,OTHR,3890,47
47,2026,RETL,2128,47
47,2026,WSLE,1844,47
47,2027,AGRI,1287,47
47,2027,CONS,2368,47
47,2027,FOOD,1377,47
47,2027,GVED,3773,47
47,2027,HBJ,999,47
47,2027,HLTH,1296,47
47,2027,MANU,473,47
47,2027,MING,2635,47
47,2027,OFFI,885,47
47,2027,OTHR,3952,47
47,2027,RETL,2139,47
47,2027,WSLE,1859,47
47,2028,AGRI,1278,47
47,2028,CONS,2416,47
47,2028,FOOD,1383,47
47,2028,GVED,3780,47
47,2028,HBJ,1007,47
47,2028,HLTH,1311,47
47,2028,MANU,479,47
47,2028,MING,2526,47
47,2028,OFFI,886,47
47,2028,OTHR,4011,47
47,2028,RETL,2139,47
47,2028,WSLE,1859,47
47,2029,AGRI,1272,47
47,2029,CONS,2408,47
47,2029,FOOD,1374,47
47,2029,GVED,3789,47
47,2029,HBJ,1011,47
47,2029,HLTH,1318,47
47,2029,MANU,483,47
47,2029,MING,2380,47
47,2029,OFFI,892,47
47,2029,OTHR,4067,47
47,2029,RETL,2135,47
47,2029,WSLE,1860,47
47,2030,AGRI,1264,47
47,2030,CONS,2380,47
47,2030,FOOD,1356,47
47,2030,GVED,3789,47
47,2030,HBJ,1018,47
47,2030,HLTH,1332,47
47,2030,MANU,490,47
47,2030,MING,2339,47
47,2030,OFFI,898,47
47,2030,OTHR,4101,47
47,2030,RETL,2145,47
47,2030,WSLE,1854,47
47,2031,AGRI,1259,47
47,2031,CONS,2402,47
47,2031,FOOD,1341,47
47,2031,GVED,3780,47
47,2031,HBJ,1036,47
47,2031,HLTH,1351,47
47,2031,MANU,501,47
47,2031,MING,2352,47
47,2031,OFFI,900,47
47,2031,OTHR,4139,47
47,2031,RETL,2170,47
47,2031,WSLE,1850,47
47,2032,AGRI,1252,47
47,2032,CONS,2430,47
47,2032,FOOD,1329,47
47,2032,GVED,3778,47
47,2032,HBJ,1059,47
47,2032,HLTH,1370,47
47,2032,MANU,509,47
47,2032,MING,2469,47
47,2032,OFFI,902,47
47,2032,OTHR,4187,47
47,2032,RETL,2190,47
47,2032,WSLE,1844,47
47,2033,AGRI,1253,47
47,2033,CONS,2465,47
47,2033,FOOD,1325,47
47,2033,GVED,3778,47
47,2033,HBJ,1079,47
47,2033,HLTH,1386,47
47,2033,MANU,516,47
47,2033,MING,2585,47
47,2033,OFFI,906,47
47,2033,OTHR,4225,47
47,2033,RETL,2207,47
47,2033,WSLE,1830,47
47,2034,AGRI,1251,47
47,2034,CONS,2504,47
47,2034,FOOD,1331,47
47,2034,GVED,3782,47
47,2034,HBJ,1107,47
47,2034,HLTH,1406,47
47,2034,MANU,522,47
47,2034,MING,2681,47
47,2034,OFFI,912,47
47,2034,OTHR,4299,47
47,2034,RETL,2225,47
47,2034,WSLE,1814,47
47,2035,AGRI,1250,47
47,2035,CONS,2534,47
47,2035,FOOD,1316,47
47,2035,GVED,3769,47
47,2035,HBJ,1119,47
47,2035,HLTH,1411,47
47,2035,MANU,528,47
47,2035,MING,2721,47
47,2035,OFFI,920,47
47,2035,OTHR,4255,47
47,2035,RETL,2226,47
47,2035,WSLE,1787,47
47,2036,AGRI,1248,47
47,2036,CONS,2552,47
47,2036,FOOD,1320,47
47,2036,GVED,3754,47
47,2036,HBJ,1130,47
47,2036,HLTH,1414,47
47,2036,MANU,538,47
47,2036,MING,2698,47
47,2036,OFFI,929,47
47,2036,OTHR,4281,47
47,2036,RETL,2224,47
47,2036,WSLE,1763,47
47,2037,AGRI,1247,47
47,2037,CONS,2552,47
47,2037,FOOD,1327,47
47,2037,GVED,3744,47
47,2037,HBJ,1146,47
47,2037,HLTH,1421,47
47,2037,MANU,548,47
47,2037,MING,2668,47
47,2037,OFFI,935,47
47,2037,OTHR,4325,47
47,2037,RETL,2228,47
47,2037,WSLE,1745,47
47,2038,AGRI,1245,47
47,2038,CONS,2550,47
47,2038,FOOD,1333,47
47,2038,GVED,3740,47
47,2038,HBJ,1161,47
47,2038,HLTH,1433,47
47,2038,MANU,556,47
47,2038,MING,2656,47
47,2038,OFFI,943,47
47,2038,OTHR,4391,47
47,2038,RETL,2234,47
47,2038,WSLE,1739,47
47,2039,AGRI,1245,47
47,2039,CONS,2545,47
47,2039,FOOD,1340,47
47,2039,GVED,3750,47
47,2039,HBJ,1177,47
47,2039,HLTH,1445,47
47,2039,MANU,564,47
47,2039,MING,2648,47
47,2039,OFFI,949,47
47,2039,OTHR,4457,47
47,2039,RETL,2245,47
47,2039,WSLE,1730,47
47,2040,AGRI,1243,47
47,2040,CONS,2539,47
47,2040,FOOD,1342,47
47,2040,GVED,3768,47
47,2040,HBJ,1197,47
47,2040,HLTH,1459,47
47,2040,MANU,571,47
47,2040,MING,2642,47
47,2040,OFFI,955,47
47,2040,OTHR,4509,47
47,2040,RETL,2258,47
47,2040,WSLE,1721,47
47,2041,AGRI,1240,47
47,2041,CONS,2530,47
47,2041,FOOD,1349,47
47,2041,GVED,3786,47
47,2041,HBJ,1215,47
47,2041,HLTH,1476,47
47,2041,MANU,579,47
47,2041,MING,2649,47
47,2041,OFFI,958,47
47,2041,OTHR,4558,47
47,2041,RETL,2276,47
47,2041,WSLE,1715,47
47,2042,AGRI,1237,47
47,2042,CONS,2527,47
47,2042,FOOD,1353,47
47,2042,GVED,3812,47
47,2042,HBJ,1236,47
47,2042,HLTH,1494,47
47,2042,MANU,585,47
47,2042,MING,2670,47
47,2042,OFFI,967,47
47,2042,OTHR,4609,47
47,2042,RETL,2294,47
47,2042,WSLE,1711,47
47,2043,AGRI,1235,47
47,2043,CONS,2530,47
47,2043,FOOD,1359,47
47,2043,GVED,3849,47
47,2043,HBJ,1256,47
47,2043,HLTH,1510,47
47,2043,MANU,592,47
47,2043,MING,2686,47
47,2043,OFFI,971,47
47,2043,OTHR,4655,47
47,2043,RETL,2316,47
47,2043,WSLE,1706,47
47,2044,AGRI,1231,47
47,2044,CONS,2531,47
47,2044,FOOD,1364,47
47,2044,GVED,3881,47
47,2044,HBJ,1277,47
47,2044,HLTH,1528,47
47,2044,MANU,598,47
47,2044,MING,2679,47
47,2044,OFFI,978,47
47,2044,OTHR,4706,47
47,2044,RETL,2336,47
47,2044,WSLE,1703,47
47,2045,AGRI,1228,47
47,2045,CONS,2544,47
47,2045,FOOD,1369,47
47,2045,GVED,3913,47
47,2045,HBJ,1297,47
47,2045,HLTH,1549,47
47,2045,MANU,605,47
47,2045,MING,2670,47
47,2045,OFFI,985,47
47,2045,OTHR,4751,47
47,2045,RETL,2357,47
47,2045,WSLE,1699,47
47,2046,AGRI,1226,47
47,2046,CONS,2573,47
47,2046,FOOD,1374,47
47,2046,GVED,3947,47
47,2046,HBJ,1319,47
47,2046,HLTH,1569,47
47,2046,MANU,612,47
47,2046,MING,2670,47
47,2046,OFFI,995,47
47,2046,OTHR,4796,47
47,2046,RETL,2378,47
47,2046,WSLE,1698,47
47,2047,AGRI,1224,47
47,2047,CONS,2619,47
47,2047,FOOD,1380,47
47,2047,GVED,3984,47
47,2047,HBJ,1344,47
47,2047,HLTH,1592,47
47,2047,MANU,620,47
47,2047,MING,2688,47
47,2047,OFFI,1007,47
47,2047,OTHR,4838,47
47,2047,RETL,2404,47
47,2047,WSLE,1694,47
47,2048,AGRI,1221,47
47,2048,CONS,2678,47
47,2048,FOOD,1385,47
47,2048,GVED,4020,47
47,2048,HBJ,1371,47
47,2048,HLTH,1614,47
47,2048,MANU,627,47
47,2048,MING,2717,47
47,2048,OFFI,1021,47
47,2048,OTHR,4871,47
47,2048,RETL,2431,47
47,2048,WSLE,1692,47
47,2049,AGRI,1218,47
47,2049,CONS,2748,47
47,2049,FOOD,1392,47
47,2049,GVED,4057,47
47,2049,HBJ,1397,47
47,2049,HLTH,1633,47
47,2049,MANU,637,47
47,2049,MING,2749,47
47,2049,OFFI,1033,47
47,2049,OTHR,4906,47
47,2049,RETL,2459,47
47,2049,WSLE,1688,47
47,2050,AGRI,1215,47
47,2050,CONS,2820,47
47,2050,FOOD,1398,47
47,2050,GVED,4095,47
47,2050,HBJ,1426,47
47,2050,HLTH,1652,47
47,2050,MANU,644,47
47,2050,MING,2779,47
47,2050,OFFI,1045,47
47,2050,OTHR,4940,47
47,2050,RETL,2487,47
47,2050,WSLE,1686,47
47,2051,AGRI,1213,47
47,2051,CONS,2897,47
47,2051,FOOD,1404,47
47,2051,GVED,4119,47
47,2051,HBJ,1453,47
47,2051,HLTH,1672,47
47,2051,MANU,652,47
47,2051,MING,2806,47
47,2051,OFFI,1052,47
47,2051,OTHR,4972,47
47,2051,RETL,2516,47
47,2051,WSLE,1681,47
47,2052,AGRI,1208,47
47,2052,CONS,2977,47
47,2052,FOOD,1407,47
47,2052,GVED,4147,47
47,2052,HBJ,1480,47
47,2052,HLTH,1689,47
47,2052,MANU,660,47
47,2052,MING,2837,47
47,2052,OFFI,1059,47
47,2052,OTHR,5002,47
47,2052,RETL,2545,47
47,2052,WSLE,1679,47
47,2053,AGRI,1205,47
47,2053,CONS,3061,47
47,2053,FOOD,1413,47
47,2053,GVED,4173,47
47,2053,HBJ,1507,47
47,2053,HLTH,1708,47
47,2053,MANU,666,47
47,2053,MING,2873,47
47,2053,OFFI,1063,47
47,2053,OTHR,5035,47
47,2053,RETL,2574,47
47,2053,WSLE,1676,47
47,2054,AGRI,1202,47
47,2054,CONS,3144,47
47,2054,FOOD,1416,47
47,2054,GVED,4194,47
47,2054,HBJ,1534,47
47,2054,HLTH,1724,47
47,2054,MANU,673,47
47,2054,MING,2897,47
47,2054,OFFI,1066,47
47,2054,OTHR,5065,47
47,2054,RETL,2601,47
47,2054,WSLE,1674,47
47,2055,AGRI,1197,47
47,2055,CONS,3228,47
47,2055,FOOD,1420,47
47,2055,GVED,4210,47
47,2055,HBJ,1560,47
47,2055,HLTH,1736,47
47,2055,MANU,678,47
47,2055,MING,2911,47
47,2055,OFFI,1068,47
47,2055,OTHR,5097,47
47,2055,RETL,2627,47
47,2055,WSLE,1673,47
47,2056,AGRI,1192,47
47,2056,CONS,3266,47
47,2056,FOOD,1421,47
47,2056,GVED,4219,47
47,2056,HBJ,1580,47
47,2056,HLTH,1755,47
47,2056,MANU,684,47
47,2056,MING,2898,47
47,2056,OFFI,1070,47
47,2056,OTHR,5130,47
47,2056,RETL,2644,47
47,2056,WSLE,1674,47
47,2057,AGRI,1188,47
47,2057,CONS,3283,47
47,2057,FOOD,1419,47
47,2057,GVED,4216,47
47,2057,HBJ,1598,47
47,2057,HLTH,1765,47
47,2057,MANU,688,47
47,2057,MING,2854,47
47,2057,OFFI,1072,47
47,2057,OTHR,5158,47
47,2057,RETL,2653,47
47,2057,WSLE,1673,47
47,2058,AGRI,1184,47
47,2058,CONS,3295,47
47,2058,FOOD,1418,47
47,2058,GVED,4210,47
47,2058,HBJ,1611,47
47,2058,HLTH,1775,47
47,2058,MANU,694,47
47,2058,MING,2811,47
47,2058,OFFI,1076,47
47,2058,OTHR,5187,47
47,2058,RETL,2660,47
47,2058,WSLE,1672,47
47,2059,AGRI,1180,47
47,2059,CONS,3307,47
47,2059,FOOD,1416,47
47,2059,GVED,4208,47
47,2059,HBJ,1627,47
47,2059,HLTH,1784,47
47,2059,MANU,698,47
47,2059,MING,2783,47
47,2059,OFFI,1078,47
47,2059,OTHR,5210,47
47,2059,RETL,2669,47
47,2059,WSLE,1671,47
47,2060,AGRI,1175,47
47,2060,CONS,3319,47
47,2060,FOOD,1414,47
47,2060,GVED,4211,47
47,2060,HBJ,1643,47
47,2060,HLTH,1789,47
47,2060,MANU,703,47
47,2060,MING,2769,47
47,2060,OFFI,1080,47
47,2060,OTHR,5231,47
47,2060,RETL,2678,47
47,2060,WSLE,1668,47
47,2061,AGRI,1171,47
47,2061,CONS,3331,47
47,2061,FOOD,1411,47
47,2061,GVED,4201,47
47,2061,HBJ,1661,47
47,2061,HLTH,1795,47
47,2061,MANU,708,47
47,2061,MING,2764,47
47,2061,OFFI,1081,47
47,2061,OTHR,5254,47
47,2061,RETL,2688,47
47,2061,WSLE,1667,47
47,2062,AGRI,1167,47
47,2062,CONS,3340,47
47,2062,FOOD,1409,47
47,2062,GVED,4198,47
47,2062,HBJ,1679,47
47,2062,HLTH,1802,47
47,2062,MANU,714,47
47,2062,MING,2759,47
47,2062,OFFI,1083,47
47,2062,OTHR,5278,47
47,2062,RETL,2698,47
47,2062,WSLE,1666,47
47,2063,AGRI,1163,47
47,2063,CONS,3350,47
47,2063,FOOD,1406,47
47,2063,GVED,4194,47
47,2063,HBJ,1696,47
47,2063,HLTH,1810,47
47,2063,MANU,719,47
47,2063,MING,2756,47
47,2063,OFFI,1084,47
47,2063,OTHR,5303,47
47,2063,RETL,2709,47
47,2063,WSLE,1663,47
47,2064,AGRI,1159,47
47,2064,CONS,3358,47
47,2064,FOOD,1404,47
47,2064,GVED,4194,47
47,2064,HBJ,1713,47
47,2064,HLTH,1818,47
47,2064,MANU,724,47
47,2064,MING,2753,47
47,2064,OFFI,1084,47
47,2064,OTHR,5329,47
47,2064,RETL,2721,47
47,2064,WSLE,1663,47
47,2065,AGRI,1155,47
47,2065,CONS,3365,47
47,2065,FOOD,1402,47
47,2065,GVED,4191,47
47,2065,HBJ,1730,47
47,2065,HLTH,1827,47
47,2065,MANU,729,47
47,2065,MING,2750,47
47,2065,OFFI,1085,47
47,2065,OTHR,5356,47
47,2065,RETL,2733,47
47,2065,WSLE,1659,47
49,2023,AGRI,3802,49
49,2023,CONS,36310,49
49,2023,FOOD,25497,49
49,2023,GVED,64360,49
49,2023,HBJ,14146,49
49,2023,HLTH,40179,49
49,2023,MANU,25235,49
49,2023,MING,882,49
49,2023,OFFI,62874,49
49,2023,OTHR,109406,49
49,2023,RETL,48926,49
49,2023,WSLE,21176,49
49,2024,AGRI,3812,49
49,2024,CONS,36675,49
49,2024,FOOD,26025,49
49,2024,GVED,65943,49
49,2024,HBJ,14097,49
49,2024,HLTH,42796,49
49,2024,MANU,25587,49
49,2024,MING,965,49
49,2024,OFFI,61856,49
49,2024,OTHR,109864,49
49,2024,RETL,48454,49
49,2024,WSLE,21834,49
49,2025,AGRI,3800,49
49,2025,CONS,38252,49
49,2025,FOOD,26442,49
49,2025,GVED,67407,49
49,2025,HBJ,15802,49
49,2025,HLTH,45010,49
49,2025,MANU,26210,49
49,2025,MING,962,49
49,2025,OFFI,62840,49
49,2025,OTHR,112436,49
49,2025,RETL,49381,49
49,2025,WSLE,22460,49
49,2026,AGRI,3803,49
49,2026,CONS,39756,49
49,2026,FOOD,26959,49
49,2026,GVED,68589,49
49,2026,HBJ,16319,49
49,2026,HLTH,46834,49
49,2026,MANU,26558,49
49,2026,MING,996,49
49,2026,OFFI,62928,49
49,2026,OTHR,114656,49
49,2026,RETL,49815,49
49,2026,WSLE,22800,49
49,2027,AGRI,3789,49
49,2027,CONS,41193,49
49,2027,FOOD,27304,49
49,2027,GVED,69801,49
49,2027,HBJ,16838,49
49,2027,HLTH,48463,49
49,2027,MANU,26895,49
49,2027,MING,1019,49
49,2027,OFFI,62814,49
49,2027,OTHR,116685,49
49,2027,RETL,50703,49
49,2027,WSLE,23179,49
49,2028,AGRI,3767,49
49,2028,CONS,42640,49
49,2028,FOOD,27587,49
49,2028,GVED,70738,49
49,2028,HBJ,17344,49
49,2028,HLTH,49780,49
49,2028,MANU,27214,49
49,2028,MING,978,49
49,2028,OFFI,63138,49
49,2028,OTHR,119077,49
49,2028,RETL,51295,49
49,2028,WSLE,23366,49
49,2029,AGRI,3747,49
49,2029,CONS,43952,49
49,2029,FOOD,27737,49
49,2029,GVED,71616,49
49,2029,HBJ,17885,49
49,2029,HLTH,51010,49
49,2029,MANU,27703,49
49,2029,MING,924,49
49,2029,OFFI,63870,49
49,2029,OTHR,121640,49
49,2029,RETL,51910,49
49,2029,WSLE,23566,49
49,2030,AGRI,3730,49
49,2030,CONS,44835,49
49,2030,FOOD,27786,49
49,2030,GVED,72198,49
49,2030,HBJ,18411,49
49,2030,HLTH,52361,49
49,2030,MANU,28305,49
49,2030,MING,909,49
49,2030,OFFI,64682,49
49,2030,OTHR,123891,49
49,2030,RETL,52830,49
49,2030,WSLE,23710,49
49,2031,AGRI,3713,49
49,2031,CONS,45477,49
49,2031,FOOD,27693,49
49,2031,GVED,72396,49
49,2031,HBJ,18900,49
49,2031,HLTH,53685,49
49,2031,MANU,28897,49
49,2031,MING,916,49
49,2031,OFFI,65384,49
49,2031,OTHR,125932,49
49,2031,RETL,53821,49
49,2031,WSLE,23882,49
49,2032,AGRI,3701,49
49,2032,CONS,46127,49
49,2032,FOOD,27732,49
49,2032,GVED,72520,49
49,2032,HBJ,19420,49
49,2032,HLTH,55030,49
49,2032,MANU,29458,49
49,2032,MING,962,49
49,2032,OFFI,66217,49
49,2032,OTHR,128444,49
49,2032,RETL,54681,49
49,2032,WSLE,24073,49
49,2033,AGRI,3708,49
49,2033,CONS,46760,49
49,2033,FOOD,27928,49
49,2033,GVED,72599,49
49,2033,HBJ,19937,49
49,2033,HLTH,56263,49
49,2033,MANU,29912,49
49,2033,MING,1009,49
49,2033,OFFI,67113,49
49,2033,OTHR,130775,49
49,2033,RETL,55377,49
49,2033,WSLE,24159,49
49,2034,AGRI,3715,49
49,2034,CONS,47533,49
49,2034,FOOD,29145,49
49,2034,GVED,72863,49
49,2034,HBJ,20603,49
49,2034,HLTH,57781,49
49,2034,MANU,30390,49
49,2034,MING,1050,49
49,2034,OFFI,68356,49
49,2034,OTHR,134774,49
49,2034,RETL,56271,49
49,2034,WSLE,24325,49
49,2035,AGRI,3712,49
49,2035,CONS,47738,49
49,2035,FOOD,28242,49
49,2035,GVED,72645,49
49,2035,HBJ,20851,49
49,2035,HLTH,58462,49
49,2035,MANU,30750,49
49,2035,MING,1065,49
49,2035,OFFI,69231,49
49,2035,OTHR,133652,49
49,2035,RETL,56341,49
49,2035,WSLE,24086,49
49,2036,AGRI,3716,49
49,2036,CONS,48026,49
49,2036,FOOD,28562,49
49,2036,GVED,72743,49
49,2036,HBJ,21345,49
49,2036,HLTH,59451,49
49,2036,MANU,31332,49
49,2036,MING,1058,49
49,2036,OFFI,70402,49
49,2036,OTHR,135422,49
49,2036,RETL,56861,49
49,2036,WSLE,24027,49
49,2037,AGRI,3717,49
49,2037,CONS,48029,49
49,2037,FOOD,28935,49
49,2037,GVED,73006,49
49,2037,HBJ,21844,49
49,2037,HLTH,60472,49
49,2037,MANU,31911,49
49,2037,MING,1049,49
49,2037,OFFI,71421,49
49,2037,OTHR,137422,49
49,2037,RETL,57543,49
49,2037,WSLE,24025,49
49,2038,AGRI,3717,49
49,2038,CONS,47952,49
49,2038,FOOD,29208,49
49,2038,GVED,73463,49
49,2038,HBJ,22403,49
49,2038,HLTH,61627,49
49,2038,MANU,32456,49
49,2038,MING,1047,49
49,2038,OFFI,72424,49
49,2038,OTHR,139986,49
49,2038,RETL,58280,49
49,2038,WSLE,24145,49
49,2039,AGRI,3719,49
49,2039,CONS,47847,49
49,2039,FOOD,29485,49
49,2039,GVED,74133,49
49,2039,HBJ,22945,49
49,2039,HLTH,62681,49
49,2039,MANU,32964,49
49,2039,MING,1047,49
49,2039,OFFI,73347,49
49,2039,OTHR,142354,49
49,2039,RETL,59047,49
49,2039,WSLE,24257,49
49,2040,AGRI,3718,49
49,2040,CONS,47665,49
49,2040,FOOD,29710,49
49,2040,GVED,74826,49
49,2040,HBJ,23494,49
49,2040,HLTH,63743,49
49,2040,MANU,33455,49
49,2040,MING,1047,49
49,2040,OFFI,74367,49
49,2040,OTHR,144542,49
49,2040,RETL,59767,49
49,2040,WSLE,24374,49
49,2041,AGRI,3715,49
49,2041,CONS,47377,49
49,2041,FOOD,29977,49
49,2041,GVED,75530,49
49,2041,HBJ,24023,49
49,2041,HLTH,64705,49
49,2041,MANU,33919,49
49,2041,MING,1052,49
49,2041,OFFI,75221,49
49,2041,OTHR,146603,49
49,2041,RETL,60526,49
49,2041,WSLE,24510,49
49,2042,AGRI,3714,49
49,2042,CONS,47181,49
49,2042,FOOD,30176,49
49,2042,GVED,76233,49
49,2042,HBJ,24557,49
49,2042,HLTH,65625,49
49,2042,MANU,34353,49
49,2042,MING,1062,49
49,2042,OFFI,76309,49
49,2042,OTHR,148593,49
49,2042,RETL,61197,49
49,2042,WSLE,24667,49
49,2043,AGRI,3710,49
49,2043,CONS,47019,49
49,2043,FOOD,30409,49
49,2043,GVED,77012,49
49,2043,HBJ,25108,49
49,2043,HLTH,66498,49
49,2043,MANU,34751,49
49,2043,MING,1071,49
49,2043,OFFI,77238,49
49,2043,OTHR,150456,49
49,2043,RETL,61899,49
49,2043,WSLE,24819,49
49,2044,AGRI,3708,49
49,2044,CONS,46857,49
49,2044,FOOD,30613,49
49,2044,GVED,77858,49
49,2044,HBJ,25655,49
49,2044,HLTH,67429,49
49,2044,MANU,35117,49
49,2044,MING,1070,49
49,2044,OFFI,78262,49
49,2044,OTHR,152384,49
49,2044,RETL,62588,49
49,2044,WSLE,24979,49
49,2045,AGRI,3703,49
49,2045,CONS,46954,49
49,2045,FOOD,30824,49
49,2045,GVED,78819,49
49,2045,HBJ,26238,49
49,2045,HLTH,68390,49
49,2045,MANU,35543,49
49,2045,MING,1067,49
49,2045,OFFI,79272,49
49,2045,OTHR,154223,49
49,2045,RETL,63354,49
49,2045,WSLE,25135,49
49,2046,AGRI,3700,49
49,2046,CONS,47352,49
49,2046,FOOD,30973,49
49,2046,GVED,79835,49
49,2046,HBJ,26824,49
49,2046,HLTH,69292,49
49,2046,MANU,35965,49
49,2046,MING,1067,49
49,2046,OFFI,80494,49
49,2046,OTHR,155853,49
49,2046,RETL,64053,49
49,2046,WSLE,25275,49
49,2047,AGRI,3695,49
49,2047,CONS,47982,49
49,2047,FOOD,31107,49
49,2047,GVED,80873,49
49,2047,HBJ,27436,49
49,2047,HLTH,70134,49
49,2047,MANU,36369,49
49,2047,MING,1073,49
49,2047,OFFI,81913,49
49,2047,OTHR,157326,49
49,2047,RETL,64797,49
49,2047,WSLE,25400,49
49,2048,AGRI,3690,49
49,2048,CONS,48812,49
49,2048,FOOD,31273,49
49,2048,GVED,81948,49
49,2048,HBJ,28054,49
49,2048,HLTH,70928,49
49,2048,MANU,36783,49
49,2048,MING,1084,49
49,2048,OFFI,83380,49
49,2048,OTHR,158613,49
49,2048,RETL,65531,49
49,2048,WSLE,25516,49
49,2049,AGRI,3684,49
49,2049,CONS,49836,49
49,2049,FOOD,31432,49
49,2049,GVED,83024,49
49,2049,HBJ,28696,49
49,2049,HLTH,71678,49
49,2049,MANU,37203,49
49,2049,MING,1094,49
49,2049,OFFI,84843,49
49,2049,OTHR,159902,49
49,2049,RETL,66267,49
49,2049,WSLE,25626,49
49,2050,AGRI,3679,49
49,2050,CONS,50964,49
49,2050,FOOD,31607,49
49,2050,GVED,84145,49
49,2050,HBJ,29334,49
49,2050,HLTH,72420,49
49,2050,MANU,37629,49
49,2050,MING,1105,49
49,2050,OFFI,86222,49
49,2050,OTHR,161273,49
49,2050,RETL,67057,49
49,2050,WSLE,25742,49
49,2051,AGRI,3672,49
49,2051,CONS,52116,49
49,2051,FOOD,31738,49
49,2051,GVED,85208,49
49,2051,HBJ,29973,49
49,2051,HLTH,73095,49
49,2051,MANU,38068,49
49,2051,MING,1114,49
49,2051,OFFI,87400,49
49,2051,OTHR,162458,49
49,2051,RETL,67788,49
49,2051,WSLE,25826,49
49,2052,AGRI,3663,49
49,2052,CONS,53291,49
49,2052,FOOD,31876,49
49,2052,GVED,86314,49
49,2052,HBJ,30618,49
49,2052,HLTH,73797,49
49,2052,MANU,38473,49
49,2052,MING,1123,49
49,2052,OFFI,88429,49
49,2052,OTHR,163640,49
49,2052,RETL,68520,49
49,2052,WSLE,25916,49
49,2053,AGRI,3656,49
49,2053,CONS,54530,49
49,2053,FOOD,32027,49
49,2053,GVED,87470,49
49,2053,HBJ,31267,49
49,2053,HLTH,74554,49
49,2053,MANU,38838,49
49,2053,MING,1135,49
49,2053,OFFI,89289,49
49,2053,OTHR,164992,49
49,2053,RETL,69280,49
49,2053,WSLE,26041,49
49,2054,AGRI,3647,49
49,2054,CONS,55844,49
49,2054,FOOD,32158,49
49,2054,GVED,88659,49
49,2054,HBJ,31919,49
49,2054,HLTH,75343,49
49,2054,MANU,39174,49
49,2054,MING,1143,49
49,2054,OFFI,90131,49
49,2054,OTHR,166248,49
49,2054,RETL,70036,49
49,2054,WSLE,26152,49
49,2055,AGRI,3637,49
49,2055,CONS,57237,49
49,2055,FOOD,32306,49
49,2055,GVED,89830,49
49,2055,HBJ,32595,49
49,2055,HLTH,76112,49
49,2055,MANU,39484,49
49,2055,MING,1146,49
49,2055,OFFI,90904,49
49,2055,OTHR,167582,49
49,2055,RETL,70816,49
49,2055,WSLE,26287,49
49,2056,AGRI,3628,49
49,2056,CONS,58301,49
49,2056,FOOD,32431,49
49,2056,GVED,90970,49
49,2056,HBJ,33246,49
49,2056,HLTH,76964,49
49,2056,MANU,39754,49
49,2056,MING,1139,49
49,2056,OFFI,91682,49
49,2056,OTHR,169096,49
49,2056,RETL,71483,49
49,2056,WSLE,26459,49
49,2057,AGRI,3620,49
49,2057,CONS,59135,49
49,2057,FOOD,32527,49
49,2057,GVED,92042,49
49,2057,HBJ,33903,49
49,2057,HLTH,77752,49
49,2057,MANU,40057,49
49,2057,MING,1119,49
49,2057,OFFI,92552,49
49,2057,OTHR,170515,49
49,2057,RETL,72095,49
49,2057,WSLE,26606,49
49,2058,AGRI,3609,49
49,2058,CONS,59872,49
49,2058,FOOD,32639,49
49,2058,GVED,93057,49
49,2058,HBJ,34543,49
49,2058,HLTH,78570,49
49,2058,MANU,40371,49
49,2058,MING,1100,49
49,2058,OFFI,93470,49
49,2058,OTHR,171945,49
49,2058,RETL,72727,49
49,2058,WSLE,26757,49
49,2059,AGRI,3600,49
49,2059,CONS,60542,49
49,2059,FOOD,32761,49
49,2059,GVED,93996,49
49,2059,HBJ,35196,49
49,2059,HLTH,79332,49
49,2059,MANU,40690,49
49,2059,MING,1086,49
49,2059,OFFI,94403,49
49,2059,OTHR,173386,49
49,2059,RETL,73375,49
49,2059,WSLE,26913,49
49,2060,AGRI,3589,49
49,2060,CONS,61176,49
49,2060,FOOD,32897,49
49,2060,GVED,94875,49
49,2060,HBJ,35855,49
49,2060,HLTH,80064,49
49,2060,MANU,41016,49
49,2060,MING,1079,49
49,2060,OFFI,95335,49
49,2060,OTHR,174848,49
49,2060,RETL,74021,49
49,2060,WSLE,27069,49
49,2061,AGRI,3580,49
49,2061,CONS,61771,49
49,2061,FOOD,33038,49
49,2061,GVED,95716,49
49,2061,HBJ,36522,49
49,2061,HLTH,80789,49
49,2061,MANU,41335,49
49,2061,MING,1074,49
49,2061,OFFI,96203,49
49,2061,OTHR,176258,49
49,2061,RETL,74699,49
49,2061,WSLE,27209,49
49,2062,AGRI,3570,49
49,2062,CONS,62337,49
49,2062,FOOD,33175,49
49,2062,GVED,96576,49
49,2062,HBJ,37173,49
49,2062,HLTH,81514,49
49,2062,MANU,41655,49
49,2062,MING,1071,49
49,2062,OFFI,97023,49
49,2062,OTHR,177661,49
49,2062,RETL,75399,49
49,2062,WSLE,27347,49
49,2063,AGRI,3560,49
49,2063,CONS,62889,49
49,2063,FOOD,33315,49
49,2063,GVED,97435,49
49,2063,HBJ,37823,49
49,2063,HLTH,82236,49
49,2063,MANU,41966,49
49,2063,MING,1068,49
49,2063,OFFI,97803,49
49,2063,OTHR,179034,49
49,2063,RETL,76102,49
49,2063,WSLE,27485,49
49,2064,AGRI,3553,49
49,2064,CONS,63414,49
49,2064,FOOD,33452,49
49,2064,GVED,98291,49
49,2064,HBJ,38504,49
49,2064,HLTH,82956,49
49,2064,MANU,42274,49
49,2064,MING,1066,49
49,2064,OFFI,98549,49
49,2064,OTHR,180362,49
49,2064,RETL,76809,49
49,2064,WSLE,27620,49
49,2065,AGRI,3543,49
49,2065,CONS,63924,49
49,2065,FOOD,33593,49
49,2065,GVED,99149,49
49,2065,HBJ,39152,49
49,2065,HLTH,83674,49
49,2065,MANU,42584,49
49,2065,MING,1064,49
49,2065,OFFI,99264,49
49,2065,OTHR,181679,49
49,2065,RETL,77519,49
49,2065,WSLE,27758,49
51,2023,AGRI,507,51
51,2023,CONS,2477,51
51,2023,FOOD,1606,51
51,2023,GVED,2594,51
51,2023,HBJ,1163,51
51,2023,HLTH,1537,51
51,2023,MANU,722,51
51,2023,MING,87,51
51,2023,OFFI,2384,51
51,2023,OTHR,7822,51
51,2023,RETL,1917,51
51,2023,WSLE,753,51
51,2024,AGRI,507,51
51,2024,CONS,2495,51
51,2024,FOOD,1503,51
51,2024,GVED,2496,51
51,2024,HBJ,1140,51
51,2024,HLTH,1643,51
51,2024,MANU,874,51
51,2024,MING,128,51
51,2024,OFFI,2558,51
51,2024,OTHR,7412,51
51,2024,RETL,1924,51
51,2024,WSLE,798,51
51,2025,AGRI,504,51
51,2025,CONS,2636,51
51,2025,FOOD,1522,51
51,2025,GVED,2565,51
51,2025,HBJ,1262,51
51,2025,HLTH,1719,51
51,2025,MANU,892,51
51,2025,MING,127,51
51,2025,OFFI,2586,51
51,2025,OTHR,7572,51
51,2025,RETL,1954,51
51,2025,WSLE,815,51
51,2026,AGRI,504,51
51,2026,CONS,2765,51
51,2026,FOOD,1550,51
51,2026,GVED,2620,51
51,2026,HBJ,1301,51
51,2026,HLTH,1782,51
51,2026,MANU,903,51
51,2026,MING,131,51
51,2026,OFFI,2575,51
51,2026,OTHR,7713,51
51,2026,RETL,1970,51
51,2026,WSLE,821,51
51,2027,AGRI,501,51
51,2027,CONS,2876,51
51,2027,FOOD,1569,51
51,2027,GVED,2677,51
51,2027,HBJ,1335,51
51,2027,HLTH,1837,51
51,2027,MANU,913,51
51,2027,MING,134,51
51,2027,OFFI,2564,51
51,2027,OTHR,7847,51
51,2027,RETL,2005,51
51,2027,WSLE,830,51
51,2028,AGRI,498,51
51,2028,CONS,2978,51
51,2028,FOOD,1586,51
51,2028,GVED,2725,51
51,2028,HBJ,1372,51
51,2028,HLTH,1878,51
51,2028,MANU,923,51
51,2028,MING,129,51
51,2028,OFFI,2567,51
51,2028,OTHR,7998,51
51,2028,RETL,2030,51
51,2028,WSLE,832,51
51,2029,AGRI,495,51
51,2029,CONS,3069,51
51,2029,FOOD,1597,51
51,2029,GVED,2772,51
51,2029,HBJ,1410,51
51,2029,HLTH,1918,51
51,2029,MANU,939,51
51,2029,MING,122,51
51,2029,OFFI,2587,51
51,2029,OTHR,8156,51
51,2029,RETL,2059,51
51,2029,WSLE,833,51
51,2030,AGRI,492,51
51,2030,CONS,3128,51
51,2030,FOOD,1603,51
51,2030,GVED,2813,51
51,2030,HBJ,1447,51
51,2030,HLTH,1961,51
51,2030,MANU,961,51
51,2030,MING,120,51
51,2030,OFFI,2606,51
51,2030,OTHR,8292,51
51,2030,RETL,2102,51
51,2030,WSLE,835,51
51,2031,AGRI,487,51
51,2031,CONS,3163,51
51,2031,FOOD,1600,51
51,2031,GVED,2842,51
51,2031,HBJ,1484,51
51,2031,HLTH,2005,51
51,2031,MANU,982,51
51,2031,MING,120,51
51,2031,OFFI,2620,51
51,2031,OTHR,8420,51
51,2031,RETL,2147,51
51,2031,WSLE,837,51
51,2032,AGRI,486,51
51,2032,CONS,3194,51
51,2032,FOOD,1604,51
51,2032,GVED,2874,51
51,2032,HBJ,1523,51
51,2032,HLTH,2046,51
51,2032,MANU,1000,51
51,2032,MING,126,51
51,2032,OFFI,2635,51
51,2032,OTHR,8580,51
51,2032,RETL,2187,51
51,2032,WSLE,839,51
51,2033,AGRI,485,51
51,2033,CONS,3228,51
51,2033,FOOD,1617,51
51,2033,GVED,2907,51
51,2033,HBJ,1568,51
51,2033,HLTH,2080,51
51,2033,MANU,1016,51
51,2033,MING,132,51
51,2033,OFFI,2656,51
51,2033,OTHR,8763,51
51,2033,RETL,2222,51
51,2033,WSLE,839,51
51,2034,AGRI,486,51
51,2034,CONS,3281,51
51,2034,FOOD,1794,51
51,2034,GVED,2960,51
51,2034,HBJ,1632,51
51,2034,HLTH,2123,51
51,2034,MANU,1032,51
51,2034,MING,137,51
51,2034,OFFI,2700,51
51,2034,OTHR,9095,51
51,2034,RETL,2278,51
51,2034,WSLE,841,51
51,2035,AGRI,485,51
51,2035,CONS,3269,51
51,2035,FOOD,1629,51
51,2035,GVED,2974,51
51,2035,HBJ,1628,51
51,2035,HLTH,2134,51
51,2035,MANU,1045,51
51,2035,MING,139,51
51,2035,OFFI,2726,51
51,2035,OTHR,8834,51
51,2035,RETL,2265,51
51,2035,WSLE,830,51
51,2036,AGRI,484,51
51,2036,CONS,3270,51
51,2036,FOOD,1646,51
51,2036,GVED,3003,51
51,2036,HBJ,1663,51
51,2036,HLTH,2160,51
51,2036,MANU,1065,51
51,2036,MING,138,51
51,2036,OFFI,2753,51
51,2036,OTHR,8936,51
51,2036,RETL,2290,51
51,2036,WSLE,825,51
51,2037,AGRI,484,51
51,2037,CONS,3260,51
51,2037,FOOD,1668,51
51,2037,GVED,3034,51
51,2037,HBJ,1699,51
51,2037,HLTH,2188,51
51,2037,MANU,1087,51
51,2037,MING,137,51
51,2037,OFFI,2776,51
51,2037,OTHR,9060,51
51,2037,RETL,2323,51
51,2037,WSLE,823,51
51,2038,AGRI,483,51
51,2038,CONS,3246,51
51,2038,FOOD,1684,51
51,2038,GVED,3069,51
51,2038,HBJ,1740,51
51,2038,HLTH,2222,51
51,2038,MANU,1105,51
51,2038,MING,137,51
51,2038,OFFI,2804,51
51,2038,OTHR,9226,51
51,2038,RETL,2357,51
51,2038,WSLE,823,51
51,2039,AGRI,481,51
51,2039,CONS,3235,51
51,2039,FOOD,1703,51
51,2039,GVED,3112,51
51,2039,HBJ,1783,51
51,2039,HLTH,2254,51
51,2039,MANU,1124,51
51,2039,MING,137,51
51,2039,OFFI,2826,51
51,2039,OTHR,9388,51
51,2039,RETL,2397,51
51,2039,WSLE,825,51
51,2040,AGRI,480,51
51,2040,CONS,3220,51
51,2040,FOOD,1717,51
51,2040,GVED,3151,51
51,2040,HBJ,1823,51
51,2040,HLTH,2286,51
51,2040,MANU,1141,51
51,2040,MING,137,51
51,2040,OFFI,2849,51
51,2040,OTHR,9536,51
51,2040,RETL,2433,51
51,2040,WSLE,826,51
51,2041,AGRI,480,51
51,2041,CONS,3197,51
51,2041,FOOD,1734,51
51,2041,GVED,3192,51
51,2041,HBJ,1861,51
51,2041,HLTH,2314,51
51,2041,MANU,1158,51
51,2041,MING,138,51
51,2041,OFFI,2868,51
51,2041,OTHR,9673,51
51,2041,RETL,2469,51
51,2041,WSLE,827,51
51,2042,AGRI,478,51
51,2042,CONS,3184,51
51,2042,FOOD,1748,51
51,2042,GVED,3231,51
51,2042,HBJ,1902,51
51,2042,HLTH,2340,51
51,2042,MANU,1174,51
51,2042,MING,139,51
51,2042,OFFI,2899,51
51,2042,OTHR,9817,51
51,2042,RETL,2506,51
51,2042,WSLE,830,51
51,2043,AGRI,477,51
51,2043,CONS,3171,51
51,2043,FOOD,1764,51
51,2043,GVED,3272,51
51,2043,HBJ,1943,51
51,2043,HLTH,2363,51
51,2043,MANU,1188,51
51,2043,MING,140,51
51,2043,OFFI,2926,51
51,2043,OTHR,9941,51
51,2043,RETL,2540,51
51,2043,WSLE,832,51
51,2044,AGRI,476,51
51,2044,CONS,3160,51
51,2044,FOOD,1776,51
51,2044,GVED,3313,51
51,2044,HBJ,1981,51
51,2044,HLTH,2386,51
51,2044,MANU,1203,51
51,2044,MING,140,51
51,2044,OFFI,2956,51
51,2044,OTHR,10074,51
51,2044,RETL,2575,51
51,2044,WSLE,835,51
51,2045,AGRI,475,51
51,2045,CONS,3166,51
51,2045,FOOD,1790,51
51,2045,GVED,3352,51
51,2045,HBJ,2023,51
51,2045,HLTH,2410,51
51,2045,MANU,1219,51
51,2045,MING,140,51
51,2045,OFFI,2985,51
51,2045,OTHR,10196,51
51,2045,RETL,2610,51
51,2045,WSLE,836,51
51,2046,AGRI,473,51
51,2046,CONS,3193,51
51,2046,FOOD,1801,51
51,2046,GVED,3391,51
51,2046,HBJ,2068,51
51,2046,HLTH,2433,51
51,2046,MANU,1236,51
51,2046,MING,140,51
51,2046,OFFI,3023,51
51,2046,OTHR,10309,51
51,2046,RETL,2646,51
51,2046,WSLE,839,51
51,2047,AGRI,473,51
51,2047,CONS,3232,51
51,2047,FOOD,1810,51
51,2047,GVED,3428,51
51,2047,HBJ,2110,51
51,2047,HLTH,2454,51
51,2047,MANU,1253,51
51,2047,MING,141,51
51,2047,OFFI,3066,51
51,2047,OTHR,10401,51
51,2047,RETL,2679,51
51,2047,WSLE,840,51
51,2048,AGRI,470,51
51,2048,CONS,3281,51
51,2048,FOOD,1820,51
51,2048,GVED,3464,51
51,2048,HBJ,2154,51
51,2048,HLTH,2472,51
51,2048,MANU,1268,51
51,2048,MING,142,51
51,2048,OFFI,3109,51
51,2048,OTHR,10478,51
51,2048,RETL,2710,51
51,2048,WSLE,841,51
51,2049,AGRI,469,51
51,2049,CONS,3342,51
51,2049,FOOD,1828,51
51,2049,GVED,3496,51
51,2049,HBJ,2199,51
51,2049,HLTH,2489,51
51,2049,MANU,1285,51
51,2049,MING,143,51
51,2049,OFFI,3152,51
51,2049,OTHR,10555,51
51,2049,RETL,2741,51
51,2049,WSLE,841,51
51,2050,AGRI,467,51
51,2050,CONS,3412,51
51,2050,FOOD,1837,51
51,2050,GVED,3529,51
51,2050,HBJ,2242,51
51,2050,HLTH,2507,51
51,2050,MANU,1301,51
51,2050,MING,145,51
51,2050,OFFI,3191,51
51,2050,OTHR,10634,51
51,2050,RETL,2775,51
51,2050,WSLE,841,51
51,2051,AGRI,466,51
51,2051,CONS,3479,51
51,2051,FOOD,1843,51
51,2051,GVED,3557,51
51,2051,HBJ,2283,51
51,2051,HLTH,2519,51
51,2051,MANU,1319,51
51,2051,MING,146,51
51,2051,OFFI,3221,51
51,2051,OTHR,10693,51
51,2051,RETL,2802,51
51,2051,WSLE,841,51
51,2052,AGRI,465,51
51,2052,CONS,3544,51
51,2052,FOOD,1846,51
51,2052,GVED,3582,51
51,2052,HBJ,2325,51
51,2052,HLTH,2530,51
51,2052,MANU,1335,51
51,2052,MING,148,51
51,2052,OFFI,3245,51
51,2052,OTHR,10747,51
51,2052,RETL,2827,51
51,2052,WSLE,839,51
51,2053,AGRI,464,51
51,2053,CONS,3610,51
51,2053,FOOD,1850,51
51,2053,GVED,3608,51
51,2053,HBJ,2365,51
51,2053,HLTH,2540,51
51,2053,MANU,1348,51
51,2053,MING,150,51
51,2053,OFFI,3260,51
51,2053,OTHR,10811,51
51,2053,RETL,2852,51
51,2053,WSLE,840,51
51,2054,AGRI,460,51
51,2054,CONS,3678,51
51,2054,FOOD,1850,51
51,2054,GVED,3630,51
51,2054,HBJ,2405,51
51,2054,HLTH,2548,51
51,2054,MANU,1361,51
51,2054,MING,150,51
51,2054,OFFI,3273,51
51,2054,OTHR,10860,51
51,2054,RETL,2875,51
51,2054,WSLE,839,51
51,2055,AGRI,459,51
51,2055,CONS,3746,51
51,2055,FOOD,1850,51
51,2055,GVED,3654,51
51,2055,HBJ,2442,51
51,2055,HLTH,2555,51
51,2055,MANU,1373,51
51,2055,MING,151,51
51,2055,OFFI,3284,51
51,2055,OTHR,10907,51
51,2055,RETL,2896,51
51,2055,WSLE,840,51
51,2056,AGRI,458,51
51,2056,CONS,3788,51
51,2056,FOOD,1846,51
51,2056,GVED,3674,51
51,2056,HBJ,2479,51
51,2056,HLTH,2564,51
51,2056,MANU,1383,51
51,2056,MING,150,51
51,2056,OFFI,3294,51
51,2056,OTHR,10961,51
51,2056,RETL,2909,51
51,2056,WSLE,841,51
51,2057,AGRI,455,51
51,2057,CONS,3816,51
51,2057,FOOD,1841,51
51,2057,GVED,3693,51
51,2057,HBJ,2514,51
51,2057,HLTH,2575,51
51,2057,MANU,1394,51
51,2057,MING,148,51
51,2057,OFFI,3304,51
51,2057,OTHR,11007,51
51,2057,RETL,2921,51
51,2057,WSLE,841,51
51,2058,AGRI,452,51
51,2058,CONS,3837,51
51,2058,FOOD,1835,51
51,2058,GVED,3711,51
51,2058,HBJ,2547,51
51,2058,HLTH,2585,51
51,2058,MANU,1405,51
51,2058,MING,145,51
51,2058,OFFI,3313,51
51,2058,OTHR,11054,51
51,2058,RETL,2935,51
51,2058,WSLE,842,51
51,2059,AGRI,451,51
51,2059,CONS,3854,51
51,2059,FOOD,1827,51
51,2059,GVED,3725,51
51,2059,HBJ,2579,51
51,2059,HLTH,2594,51
51,2059,MANU,1417,51
51,2059,MING,144,51
51,2059,OFFI,3322,51
51,2059,OTHR,11094,51
51,2059,RETL,2944,51
51,2059,WSLE,843,51
51,2060,AGRI,449,51
51,2060,CONS,3870,51
51,2060,FOOD,1821,51
51,2060,GVED,3745,51
51,2060,HBJ,2612,51
51,2060,HLTH,2602,51
51,2060,MANU,1429,51
51,2060,MING,143,51
51,2060,OFFI,3333,51
51,2060,OTHR,11138,51
51,2060,RETL,2956,51
51,2060,WSLE,844,51
51,2061,AGRI,448,51
51,2061,CONS,3889,51
51,2061,FOOD,1815,51
51,2061,GVED,3762,51
51,2061,HBJ,2646,51
51,2061,HLTH,2611,51
51,2061,MANU,1441,51
51,2061,MING,142,51
51,2061,OFFI,3342,51
51,2061,OTHR,11181,51
51,2061,RETL,2969,51
51,2061,WSLE,843,51
51,2062,AGRI,447,51
51,2062,CONS,3904,51
51,2062,FOOD,1808,51
51,2062,GVED,3779,51
51,2062,HBJ,2680,51
51,2062,HLTH,2618,51
51,2062,MANU,1453,51
51,2062,MING,142,51
51,2062,OFFI,3351,51
51,2062,OTHR,11223,51
51,2062,RETL,2983,51
51,2062,WSLE,844,51
51,2063,AGRI,445,51
51,2063,CONS,3920,51
51,2063,FOOD,1802,51
51,2063,GVED,3797,51
51,2063,HBJ,2715,51
51,2063,HLTH,2626,51
51,2063,MANU,1465,51
51,2063,MING,141,51
51,2063,OFFI,3359,51
51,2063,OTHR,11267,51
51,2063,RETL,2998,51
51,2063,WSLE,844,51
51,2064,AGRI,443,51
51,2064,CONS,3934,51
51,2064,FOOD,1796,51
51,2064,GVED,3816,51
51,2064,HBJ,2749,51
51,2064,HLTH,2635,51
51,2064,MANU,1477,51
51,2064,MING,141,51
51,2064,OFFI,3367,51
51,2064,OTHR,11310,51
51,2064,RETL,3012,51
51,2064,WSLE,844,51
51,2065,AGRI,442,51
51,2065,CONS,3947,51
51,2065,FOOD,1791,51
51,2065,GVED,3833,51
51,2065,HBJ,2784,51
51,2065,HLTH,2645,51
51,2065,MANU,1488,51
51,2065,MING,140,51
51,2065,OFFI,3374,51
51,2065,OTHR,11353,51
51,2065,RETL,3027,51
51,2065,WSLE,843,51
53,2023,AGRI,733,53
53,2023,CONS,12103,53
53,2023,FOOD,10887,53
53,2023,GVED,12840,53
53,2023,HBJ,5117,53
53,2023,HLTH,14577,53
53,2023,MANU,4470,53
53,2023,MING,706,53
53,2023,OFFI,10538,53
53,2023,OTHR,34224,53
53,2023,RETL,15597,53
53,2023,WSLE,8638,53
53,2024,AGRI,736,53
53,2024,CONS,12901,53
53,2024,FOOD,11404,53
53,2024,GVED,13240,53
53,2024,HBJ,5234,53
53,2024,HLTH,15287,53
53,2024,MANU,4655,53
53,2024,MING,704,53
53,2024,OFFI,10689,53
53,2024,OTHR,35955,53
53,2024,RETL,15807,53
53,2024,WSLE,8921,53
53,2025,AGRI,734,53
53,2025,CONS,13403,53
53,2025,FOOD,11480,53
53,2025,GVED,13522,53
53,2025,HBJ,5794,53
53,2025,HLTH,16008,53
53,2025,MANU,4760,53
53,2025,MING,703,53
53,2025,OFFI,10830,53
53,2025,OTHR,36657,53
53,2025,RETL,16052,53
53,2025,WSLE,9144,53
53,2026,AGRI,736,53
53,2026,CONS,13923,53
53,2026,FOOD,11617,53
53,2026,GVED,13723,53
53,2026,HBJ,5951,53
53,2026,HLTH,16637,53
53,2026,MANU,4818,53
53,2026,MING,729,53
53,2026,OFFI,10816,53
53,2026,OTHR,37267,53
53,2026,RETL,16176,53
53,2026,WSLE,9244,53
53,2027,AGRI,735,53
53,2027,CONS,14249,53
53,2027,FOOD,11685,53
53,2027,GVED,13922,53
53,2027,HBJ,6103,53
53,2027,HLTH,17133,53
53,2027,MANU,4872,53
53,2027,MING,747,53
53,2027,OFFI,10782,53
53,2027,OTHR,37803,53
53,2027,RETL,16394,53
53,2027,WSLE,9352,53
53,2028,AGRI,732,53
53,2028,CONS,14755,53
53,2028,FOOD,11740,53
53,2028,GVED,14113,53
53,2028,HBJ,6265,53
53,2028,HLTH,17528,53
53,2028,MANU,4929,53
53,2028,MING,720,53
53,2028,OFFI,10822,53
53,2028,OTHR,38466,53
53,2028,RETL,16543,53
53,2028,WSLE,9390,53
53,2029,AGRI,730,53
53,2029,CONS,15323,53
53,2029,FOOD,11746,53
53,2029,GVED,14293,53
53,2029,HBJ,6435,53
53,2029,HLTH,17888,53
53,2029,MANU,5021,53
53,2029,MING,681,53
53,2029,OFFI,10927,53
53,2029,OTHR,39206,53
53,2029,RETL,16715,53
53,2029,WSLE,9427,53
53,2030,AGRI,727,53
53,2030,CONS,15700,53
53,2030,FOOD,11712,53
53,2030,GVED,14427,53
53,2030,HBJ,6600,53
53,2030,HLTH,18288,53
53,2030,MANU,5134,53
53,2030,MING,672,53
53,2030,OFFI,11039,53
53,2030,OTHR,39837,53
53,2030,RETL,16987,53
53,2030,WSLE,9439,53
53,2031,AGRI,726,53
53,2031,CONS,15955,53
53,2031,FOOD,11616,53
53,2031,GVED,14498,53
53,2031,HBJ,6761,53
53,2031,HLTH,18680,53
53,2031,MANU,5245,53
53,2031,MING,680,53
53,2031,OFFI,11124,53
53,2031,OTHR,40405,53
53,2031,RETL,17280,53
53,2031,WSLE,9460,53
53,2032,AGRI,723,53
53,2032,CONS,16226,53
53,2032,FOOD,11558,53
53,2032,GVED,14557,53
53,2032,HBJ,6930,53
53,2032,HLTH,19047,53
53,2032,MANU,5348,53
53,2032,MING,715,53
53,2032,OFFI,11215,53
53,2032,OTHR,41052,53
53,2032,RETL,17502,53
53,2032,WSLE,9478,53
53,2033,AGRI,725,53
53,2033,CONS,16523,53
53,2033,FOOD,11548,53
53,2033,GVED,14605,53
53,2033,HBJ,7085,53
53,2033,HLTH,19333,53
53,2033,MANU,5424,53
53,2033,MING,751,53
53,2033,OFFI,11315,53
53,2033,OTHR,41527,53
53,2033,RETL,17662,53
53,2033,WSLE,9440,53
53,2034,AGRI,727,53
53,2034,CONS,16845,53
53,2034,FOOD,11615,53
53,2034,GVED,14692,53
53,2034,HBJ,7267,53
53,2034,HLTH,19642,53
53,2034,MANU,5497,53
53,2034,MING,782,53
53,2034,OFFI,11487,53
53,2034,OTHR,42300,53
53,2034,RETL,17815,53
53,2034,WSLE,9406,53
53,2035,AGRI,727,53
53,2035,CONS,17133,53
53,2035,FOOD,11523,53
53,2035,GVED,14710,53
53,2035,HBJ,7375,53
53,2035,HLTH,19790,53
53,2035,MANU,5571,53
53,2035,MING,797,53
53,2035,OFFI,11635,53
53,2035,OTHR,42137,53
53,2035,RETL,17876,53
53,2035,WSLE,9277,53
53,2036,AGRI,727,53
53,2036,CONS,17385,53
53,2036,FOOD,11579,53
53,2036,GVED,14795,53
53,2036,HBJ,7522,53
53,2036,HLTH,19979,53
53,2036,MANU,5673,53
53,2036,MING,793,53
53,2036,OFFI,11783,53
53,2036,OTHR,42519,53
53,2036,RETL,17991,53
53,2036,WSLE,9179,53
53,2037,AGRI,729,53
53,2037,CONS,17469,53
53,2037,FOOD,11666,53
53,2037,GVED,14921,53
53,2037,HBJ,7685,53
53,2037,HLTH,20230,53
53,2037,MANU,5774,53
53,2037,MING,787,53
53,2037,OFFI,11916,53
53,2037,OTHR,43004,53
53,2037,RETL,18179,53
53,2037,WSLE,9109,53
53,2038,AGRI,730,53
53,2038,CONS,17494,53
53,2038,FOOD,11717,53
53,2038,GVED,15081,53
53,2038,HBJ,7859,53
53,2038,HLTH,20560,53
53,2038,MANU,5870,53
53,2038,MING,786,53
53,2038,OFFI,12055,53
53,2038,OTHR,43670,53
53,2038,RETL,18387,53
53,2038,WSLE,9093,53
53,2039,AGRI,730,53
53,2039,CONS,17480,53
53,2039,FOOD,11773,53
53,2039,GVED,15272,53
53,2039,HBJ,8031,53
53,2039,HLTH,20883,53
53,2039,MANU,5958,53
53,2039,MING,787,53
53,2039,OFFI,12178,53
53,2039,OTHR,44279,53
53,2039,RETL,18616,53
53,2039,WSLE,9073,53
53,2040,AGRI,730,53
53,2040,CONS,17422,53
53,2040,FOOD,11808,53
53,2040,GVED,15480,53
53,2040,HBJ,8198,53
53,2040,HLTH,21226,53
53,2040,MANU,6039,53
53,2040,MING,788,53
53,2040,OFFI,12301,53
53,2040,OTHR,44822,53
53,2040,RETL,18832,53
53,2040,WSLE,9051,53
53,2041,AGRI,731,53
53,2041,CONS,17297,53
53,2041,FOOD,11857,53
53,2041,GVED,15672,53
53,2041,HBJ,8365,53
53,2041,HLTH,21536,53
53,2041,MANU,6116,53
53,2041,MING,793,53
53,2041,OFFI,12406,53
53,2041,OTHR,45308,53
53,2041,RETL,19068,53
53,2041,WSLE,9036,53
53,2042,AGRI,731,53
53,2042,CONS,17228,53
53,2042,FOOD,11886,53
53,2042,GVED,15882,53
53,2042,HBJ,8534,53
53,2042,HLTH,21835,53
53,2042,MANU,6189,53
53,2042,MING,802,53
53,2042,OFFI,12557,53
53,2042,OTHR,45812,53
53,2042,RETL,19291,53
53,2042,WSLE,9037,53
53,2043,AGRI,730,53
53,2043,CONS,17168,53
53,2043,FOOD,11922,53
53,2043,GVED,16127,53
53,2043,HBJ,8699,53
53,2043,HLTH,22102,53
53,2043,MANU,6252,53
53,2043,MING,809,53
53,2043,OFFI,12683,53
53,2043,OTHR,46251,53
53,2043,RETL,19517,53
53,2043,WSLE,9032,53
53,2044,AGRI,730,53
53,2044,CONS,17112,53
53,2044,FOOD,11941,53
53,2044,GVED,16379,53
53,2044,HBJ,8874,53
53,2044,HLTH,22390,53
53,2044,MANU,6315,53
53,2044,MING,810,53
53,2044,OFFI,12825,53
53,2044,OTHR,46702,53
53,2044,RETL,19742,53
53,2044,WSLE,9027,53
53,2045,AGRI,730,53
53,2045,CONS,17196,53
53,2045,FOOD,11969,53
53,2045,GVED,16647,53
53,2045,HBJ,9055,53
53,2045,HLTH,22701,53
53,2045,MANU,6388,53
53,2045,MING,811,53
53,2045,OFFI,12963,53
53,2045,OTHR,47125,53
53,2045,RETL,19994,53
53,2045,WSLE,9019,53
53,2046,AGRI,730,53
53,2046,CONS,17455,53
53,2046,FOOD,11987,53
53,2046,GVED,16923,53
53,2046,HBJ,9250,53
53,2046,HLTH,23028,53
53,2046,MANU,6465,53
53,2046,MING,813,53
53,2046,OFFI,13136,53
53,2046,OTHR,47521,53
53,2046,RETL,20240,53
53,2046,WSLE,9016,53
53,2047,AGRI,728,53
53,2047,CONS,17862,53
53,2047,FOOD,12007,53
53,2047,GVED,17201,53
53,2047,HBJ,9456,53
53,2047,HLTH,23359,53
53,2047,MANU,6539,53
53,2047,MING,821,53
53,2047,OFFI,13344,53
53,2047,OTHR,47876,53
53,2047,RETL,20515,53
53,2047,WSLE,9013,53
53,2048,AGRI,727,53
53,2048,CONS,18406,53
53,2048,FOOD,12045,53
53,2048,GVED,17476,53
53,2048,HBJ,9678,53
53,2048,HLTH,23696,53
53,2048,MANU,6616,53
53,2048,MING,831,53
53,2048,OFFI,13561,53
53,2048,OTHR,48186,53
53,2048,RETL,20802,53
53,2048,WSLE,9007,53
53,2049,AGRI,727,53
53,2049,CONS,19045,53
53,2049,FOOD,12084,53
53,2049,GVED,17745,53
53,2049,HBJ,9903,53
53,2049,HLTH,24036,53
53,2049,MANU,6696,53
53,2049,MING,843,53
53,2049,OFFI,13774,53
53,2049,OTHR,48485,53
53,2049,RETL,21093,53
53,2049,WSLE,9000,53
53,2050,AGRI,726,53
53,2050,CONS,19726,53
53,2050,FOOD,12121,53
53,2050,GVED,18012,53
53,2050,HBJ,10125,53
53,2050,HLTH,24353,53
53,2050,MANU,6771,53
53,2050,MING,854,53
53,2050,OFFI,13967,53
53,2050,OTHR,48778,53
53,2050,RETL,21391,53
53,2050,WSLE,8989,53
53,2051,AGRI,724,53
53,2051,CONS,20456,53
53,2051,FOOD,12152,53
53,2051,GVED,18243,53
53,2051,HBJ,10355,53
53,2051,HLTH,24659,53
53,2051,MANU,6852,53
53,2051,MING,865,53
53,2051,OFFI,14125,53
53,2051,OTHR,49031,53
53,2051,RETL,21682,53
53,2051,WSLE,8972,53
53,2052,AGRI,724,53
53,2052,CONS,21214,53
53,2052,FOOD,12186,53
53,2052,GVED,18496,53
53,2052,HBJ,10587,53
53,2052,HLTH,24964,53
53,2052,MANU,6925,53
53,2052,MING,877,53
53,2052,OFFI,14257,53
53,2052,OTHR,49303,53
53,2052,RETL,21987,53
53,2052,WSLE,8959,53
53,2053,AGRI,722,53
53,2053,CONS,22011,53
53,2053,FOOD,12219,53
53,2053,GVED,18739,53
53,2053,HBJ,10815,53
53,2053,HLTH,25244,53
53,2053,MANU,6987,53
53,2053,MING,890,53
53,2053,OFFI,14353,53
53,2053,OTHR,49591,53
53,2053,RETL,22284,53
53,2053,WSLE,8953,53
53,2054,AGRI,721,53
53,2054,CONS,22821,53
53,2054,FOOD,12248,53
53,2054,GVED,18973,53
53,2054,HBJ,11048,53
53,2054,HLTH,25485,53
53,2054,MANU,7043,53
53,2054,MING,900,53
53,2054,OFFI,14448,53
53,2054,OTHR,49857,53
53,2054,RETL,22574,53
53,2054,WSLE,8942,53
53,2055,AGRI,718,53
53,2055,CONS,23672,53
53,2055,FOOD,12272,53
53,2055,GVED,19191,53
53,2055,HBJ,11277,53
53,2055,HLTH,25699,53
53,2055,MANU,7093,53
53,2055,MING,907,53
53,2055,OFFI,14526,53
53,2055,OTHR,50108,53
53,2055,RETL,22859,53
53,2055,WSLE,8934,53
53,2056,AGRI,716,53
53,2056,CONS,24254,53
53,2056,FOOD,12275,53
53,2056,GVED,19391,53
53,2056,HBJ,11490,53
53,2056,HLTH,25938,53
53,2056,MANU,7131,53
53,2056,MING,905,53
53,2056,OFFI,14599,53
53,2056,OTHR,50387,53
53,2056,RETL,23069,53
53,2056,WSLE,8931,53
53,2057,AGRI,715,53
53,2057,CONS,24736,53
53,2057,FOOD,12270,53
53,2057,GVED,19577,53
53,2057,HBJ,11690,53
53,2057,HLTH,26168,53
53,2057,MANU,7178,53
53,2057,MING,893,53
53,2057,OFFI,14684,53
53,2057,OTHR,50662,53
53,2057,RETL,23261,53
53,2057,WSLE,8930,53
53,2058,AGRI,712,53
53,2058,CONS,25116,53
53,2058,FOOD,12268,53
53,2058,GVED,19754,53
53,2058,HBJ,11887,53
53,2058,HLTH,26383,53
53,2058,MANU,7227,53
53,2058,MING,881,53
53,2058,OFFI,14771,53
53,2058,OTHR,50938,53
53,2058,RETL,23440,53
53,2058,WSLE,8930,53
53,2059,AGRI,711,53
53,2059,CONS,25444,53
53,2059,FOOD,12270,53
53,2059,GVED,19930,53
53,2059,HBJ,12081,53
53,2059,HLTH,26598,53
53,2059,MANU,7281,53
53,2059,MING,874,53
53,2059,OFFI,14864,53
53,2059,OTHR,51228,53
53,2059,RETL,23630,53
53,2059,WSLE,8933,53
53,2060,AGRI,709,53
53,2060,CONS,25725,53
53,2060,FOOD,12271,53
53,2060,GVED,20107,53
53,2060,HBJ,12286,53
53,2060,HLTH,26804,53
53,2060,MANU,7333,53
53,2060,MING,871,53
53,2060,OFFI,14954,53
53,2060,OTHR,51502,53
53,2060,RETL,23813,53
53,2060,WSLE,8935,53
53,2061,AGRI,709,53
53,2061,CONS,25971,53
53,2061,FOOD,12272,53
53,2061,GVED,20263,53
53,2061,HBJ,12476,53
53,2061,HLTH,27013,53
53,2061,MANU,7384,53
53,2061,MING,872,53
53,2061,OFFI,15043,53
53,2061,OTHR,51789,53
53,2061,RETL,24001,53
53,2061,WSLE,8931,53
53,2062,AGRI,708,53
53,2062,CONS,26204,53
53,2062,FOOD,12272,53
53,2062,GVED,20435,53
53,2062,HBJ,12673,53
53,2062,HLTH,27222,53
53,2062,MANU,7437,53
53,2062,MING,874,53
53,2062,OFFI,15131,53
53,2062,OTHR,52078,53
53,2062,RETL,24192,53
53,2062,WSLE,8927,53
53,2063,AGRI,706,53
53,2063,CONS,26428,53
53,2063,FOOD,12273,53
53,2063,GVED,20612,53
53,2063,HBJ,12871,53
53,2063,HLTH,27433,53
53,2063,MANU,7489,53
53,2063,MING,874,53
53,2063,OFFI,15215,53
53,2063,OTHR,52367,53
53,2063,RETL,24381,53
53,2063,WSLE,8922,53
53,2064,AGRI,704,53
53,2064,CONS,26639,53
53,2064,FOOD,12273,53
53,2064,GVED,20791,53
53,2064,HBJ,13069,53
53,2064,HLTH,27643,53
53,2064,MANU,7542,53
53,2064,MING,874,53
53,2064,OFFI,15301,53
53,2064,OTHR,52655,53
53,2064,RETL,24576,53
53,2064,WSLE,8919,53
53,2065,AGRI,704,53
53,2065,CONS,26842,53
53,2065,FOOD,12273,53
53,2065,GVED,20976,53
53,2065,HBJ,13264,53
53,2065,HLTH,27855,53
53,2065,MANU,7596,53
53,2065,MING,874,53
53,2065,OFFI,15383,53
53,2065,OTHR,52940,53
53,2065,RETL,24772,53
53,2065,WSLE,8915,53
55,2023,AGRI,193,55
55,2023,CONS,278,55
55,2023,FOOD,330,55
55,2023,GVED,294,55
55,2023,HBJ,92,55
55,2023,HLTH,146,55
55,2023,MANU,37,55
55,2023,MING,27,55
55,2023,OFFI,74,55
55,2023,OTHR,481,55
55,2023,RETL,190,55
55,2023,WSLE,88,55
55,2024,AGRI,194,55
55,2024,CONS,319,55
55,2024,FOOD,339,55
55,2024,GVED,282,55
55,2024,HBJ,102,55
55,2024,HLTH,125,55
55,2024,MANU,36,55
55,2024,MING,25,55
55,2024,OFFI,79,55
55,2024,OTHR,727,55
55,2024,RETL,201,55
55,2024,WSLE,90,55
55,2025,AGRI,193,55
55,2025,CONS,332,55
55,2025,FOOD,340,55
55,2025,GVED,285,55
55,2025,HBJ,109,55
55,2025,HLTH,130,55
55,2025,MANU,36,55
55,2025,MING,24,55
55,2025,OFFI,80,55
55,2025,OTHR,728,55
55,2025,RETL,203,55
55,2025,WSLE,90,55
55,2026,AGRI,192,55
55,2026,CONS,342,55
55,2026,FOOD,344,55
55,2026,GVED,286,55
55,2026,HBJ,111,55
55,2026,HLTH,135,55
55,2026,MANU,36,55
55,2026,MING,25,55
55,2026,OFFI,80,55
55,2026,OTHR,722,55
55,2026,RETL,203,55
55,2026,WSLE,90,55
55,2027,AGRI,192,55
55,2027,CONS,350,55
55,2027,FOOD,346,55
55,2027,GVED,287,55
55,2027,HBJ,111,55
55,2027,HLTH,137,55
55,2027,MANU,36,55
55,2027,MING,26,55
55,2027,OFFI,79,55
55,2027,OTHR,719,55
55,2027,RETL,204,55
55,2027,WSLE,91,55
55,2028,AGRI,190,55
55,2028,CONS,354,55
55,2028,FOOD,348,55
55,2028,GVED,289,55
55,2028,HBJ,114,55
55,2028,HLTH,139,55
55,2028,MANU,37,55
55,2028,MING,25,55
55,2028,OFFI,79,55
55,2028,OTHR,720,55
55,2028,RETL,205,55
55,2028,WSLE,91,55
55,2029,AGRI,189,55
55,2029,CONS,362,55
55,2029,FOOD,347,55
55,2029,GVED,291,55
55,2029,HBJ,115,55
55,2029,HLTH,140,55
55,2029,MANU,38,55
55,2029,MING,23,55
55,2029,OFFI,79,55
55,2029,OTHR,721,55
55,2029,RETL,206,55
55,2029,WSLE,90,55
55,2030,AGRI,188,55
55,2030,CONS,365,55
55,2030,FOOD,346,55
55,2030,GVED,295,55
55,2030,HBJ,116,55
55,2030,HLTH,141,55
55,2030,MANU,38,55
55,2030,MING,23,55
55,2030,OFFI,80,55
55,2030,OTHR,720,55
55,2030,RETL,207,55
55,2030,WSLE,91,55
55,2031,AGRI,186,55
55,2031,CONS,367,55
55,2031,FOOD,343,55
55,2031,GVED,293,55
55,2031,HBJ,118,55
55,2031,HLTH,143,55
55,2031,MANU,39,55
55,2031,MING,23,55
55,2031,OFFI,81,55
55,2031,OTHR,723,55
55,2031,RETL,208,55
55,2031,WSLE,89,55
55,2032,AGRI,186,55
55,2032,CONS,369,55
55,2032,FOOD,341,55
55,2032,GVED,296,55
55,2032,HBJ,118,55
55,2032,HLTH,144,55
55,2032,MANU,40,55
55,2032,MING,24,55
55,2032,OFFI,80,55
55,2032,OTHR,719,55
55,2032,RETL,209,55
55,2032,WSLE,89,55
55,2033,AGRI,186,55
55,2033,CONS,370,55
55,2033,FOOD,341,55
55,2033,GVED,297,55
55,2033,HBJ,119,55
55,2033,HLTH,145,55
55,2033,MANU,41,55
55,2033,MING,26,55
55,2033,OFFI,82,55
55,2033,OTHR,717,55
55,2033,RETL,210,55
55,2033,WSLE,88,55
55,2034,AGRI,186,55
55,2034,CONS,370,55
55,2034,FOOD,343,55
55,2034,GVED,298,55
55,2034,HBJ,121,55
55,2034,HLTH,146,55
55,2034,MANU,41,55
55,2034,MING,27,55
55,2034,OFFI,81,55
55,2034,OTHR,720,55
55,2034,RETL,211,55
55,2034,WSLE,87,55
55,2035,AGRI,185,55
55,2035,CONS,371,55
55,2035,FOOD,339,55
55,2035,GVED,298,55
55,2035,HBJ,122,55
55,2035,HLTH,146,55
55,2035,MANU,42,55
55,2035,MING,27,55
55,2035,OFFI,83,55
55,2035,OTHR,705,55
55,2035,RETL,211,55
55,2035,WSLE,86,55
55,2036,AGRI,185,55
55,2036,CONS,369,55
55,2036,FOOD,340,55
55,2036,GVED,299,55
55,2036,HBJ,124,55
55,2036,HLTH,145,55
55,2036,MANU,43,55
55,2036,MING,27,55
55,2036,OFFI,84,55
55,2036,OTHR,699,55
55,2036,RETL,210,55
55,2036,WSLE,85,55
55,2037,AGRI,185,55
55,2037,CONS,367,55
55,2037,FOOD,342,55
55,2037,GVED,301,55
55,2037,HBJ,124,55
55,2037,HLTH,145,55
55,2037,MANU,43,55
55,2037,MING,27,55
55,2037,OFFI,84,55
55,2037,OTHR,697,55
55,2037,RETL,210,55
55,2037,WSLE,84,55
55,2038,AGRI,184,55
55,2038,CONS,364,55
55,2038,FOOD,343,55
55,2038,GVED,303,55
55,2038,HBJ,124,55
55,2038,HLTH,146,55
55,2038,MANU,44,55
55,2038,MING,27,55
55,2038,OFFI,85,55
55,2038,OTHR,695,55
55,2038,RETL,210,55
55,2038,WSLE,84,55
55,2039,AGRI,183,55
55,2039,CONS,361,55
55,2039,FOOD,345,55
55,2039,GVED,302,55
55,2039,HBJ,127,55
55,2039,HLTH,146,55
55,2039,MANU,45,55
55,2039,MING,27,55
55,2039,OFFI,86,55
55,2039,OTHR,696,55
55,2039,RETL,211,55
55,2039,WSLE,84,55
55,2040,AGRI,183,55
55,2040,CONS,359,55
55,2040,FOOD,345,55
55,2040,GVED,304,55
55,2040,HBJ,128,55
55,2040,HLTH,146,55
55,2040,MANU,45,55
55,2040,MING,27,55
55,2040,OFFI,86,55
55,2040,OTHR,694,55
55,2040,RETL,211,55
55,2040,WSLE,83,55
55,2041,AGRI,183,55
55,2041,CONS,356,55
55,2041,FOOD,346,55
55,2041,GVED,305,55
55,2041,HBJ,131,55
55,2041,HLTH,146,55
55,2041,MANU,44,55
55,2041,MING,27,55
55,2041,OFFI,86,55
55,2041,OTHR,691,55
55,2041,RETL,211,55
55,2041,WSLE,83,55
55,2042,AGRI,183,55
55,2042,CONS,354,55
55,2042,FOOD,346,55
55,2042,GVED,306,55
55,2042,HBJ,131,55
55,2042,HLTH,147,55
55,2042,MANU,45,55
55,2042,MING,27,55
55,2042,OFFI,86,55
55,2042,OTHR,689,55
55,2042,RETL,212,55
55,2042,WSLE,82,55
55,2043,AGRI,182,55
55,2043,CONS,354,55
55,2043,FOOD,347,55
55,2043,GVED,307,55
55,2043,HBJ,133,55
55,2043,HLTH,147,55
55,2043,MANU,45,55
55,2043,MING,28,55
55,2043,OFFI,88,55
55,2043,OTHR,686,55
55,2043,RETL,213,55
55,2043,WSLE,82,55
55,2044,AGRI,181,55
55,2044,CONS,353,55
55,2044,FOOD,347,55
55,2044,GVED,310,55
55,2044,HBJ,133,55
55,2044,HLTH,148,55
55,2044,MANU,46,55
55,2044,MING,28,55
55,2044,OFFI,88,55
55,2044,OTHR,684,55
55,2044,RETL,214,55
55,2044,WSLE,82,55
55,2045,AGRI,181,55
55,2045,CONS,353,55
55,2045,FOOD,348,55
55,2045,GVED,311,55
55,2045,HBJ,135,55
55,2045,HLTH,149,55
55,2045,MANU,47,55
55,2045,MING,28,55
55,2045,OFFI,89,55
55,2045,OTHR,681,55
55,2045,RETL,215,55
55,2045,WSLE,81,55
55,2046,AGRI,180,55
55,2046,CONS,355,55
55,2046,FOOD,347,55
55,2046,GVED,313,55
55,2046,HBJ,138,55
55,2046,HLTH,148,55
55,2046,MANU,47,55
55,2046,MING,28,55
55,2046,OFFI,91,55
55,2046,OTHR,677,55
55,2046,RETL,215,55
55,2046,WSLE,80,55
55,2047,AGRI,179,55
55,2047,CONS,361,55
55,2047,FOOD,346,55
55,2047,GVED,313,55
55,2047,HBJ,140,55
55,2047,HLTH,149,55
55,2047,MANU,48,55
55,2047,MING,28,55
55,2047,OFFI,91,55
55,2047,OTHR,675,55
55,2047,RETL,216,55
55,2047,WSLE,81,55
55,2048,AGRI,179,55
55,2048,CONS,366,55
55,2048,FOOD,346,55
55,2048,GVED,313,55
55,2048,HBJ,141,55
55,2048,HLTH,150,55
55,2048,MANU,49,55
55,2048,MING,28,55
55,2048,OFFI,92,55
55,2048,OTHR,669,55
55,2048,RETL,217,55
55,2048,WSLE,80,55
55,2049,AGRI,178,55
55,2049,CONS,372,55
55,2049,FOOD,346,55
55,2049,GVED,315,55
55,2049,HBJ,144,55
55,2049,HLTH,150,55
55,2049,MANU,50,55
55,2049,MING,29,55
55,2049,OFFI,92,55
55,2049,OTHR,665,55
55,2049,RETL,217,55
55,2049,WSLE,80,55
55,2050,AGRI,177,55
55,2050,CONS,379,55
55,2050,FOOD,347,55
55,2050,GVED,316,55
55,2050,HBJ,145,55
55,2050,HLTH,151,55
55,2050,MANU,50,55
55,2050,MING,29,55
55,2050,OFFI,94,55
55,2050,OTHR,661,55
55,2050,RETL,219,55
55,2050,WSLE,80,55
55,2051,AGRI,177,55
55,2051,CONS,387,55
55,2051,FOOD,347,55
55,2051,GVED,315,55
55,2051,HBJ,147,55
55,2051,HLTH,151,55
55,2051,MANU,51,55
55,2051,MING,29,55
55,2051,OFFI,94,55
55,2051,OTHR,657,55
55,2051,RETL,220,55
55,2051,WSLE,80,55
55,2052,AGRI,177,55
55,2052,CONS,395,55
55,2052,FOOD,346,55
55,2052,GVED,317,55
55,2052,HBJ,148,55
55,2052,HLTH,150,55
55,2052,MANU,52,55
55,2052,MING,29,55
55,2052,OFFI,95,55
55,2052,OTHR,654,55
55,2052,RETL,222,55
55,2052,WSLE,79,55
55,2053,AGRI,176,55
55,2053,CONS,403,55
55,2053,FOOD,347,55
55,2053,GVED,317,55
55,2053,HBJ,149,55
55,2053,HLTH,151,55
55,2053,MANU,53,55
55,2053,MING,29,55
55,2053,OFFI,95,55
55,2053,OTHR,650,55
55,2053,RETL,222,55
55,2053,WSLE,79,55
55,2054,AGRI,176,55
55,2054,CONS,410,55
55,2054,FOOD,347,55
55,2054,GVED,319,55
55,2054,HBJ,152,55
55,2054,HLTH,152,55
55,2054,MANU,53,55
55,2054,MING,30,55
55,2054,OFFI,96,55
55,2054,OTHR,646,55
55,2054,RETL,224,55
55,2054,WSLE,79,55
55,2055,AGRI,175,55
55,2055,CONS,417,55
55,2055,FOOD,346,55
55,2055,GVED,319,55
55,2055,HBJ,152,55
55,2055,HLTH,151,55
55,2055,MANU,53,55
55,2055,MING,30,55
55,2055,OFFI,96,55
55,2055,OTHR,642,55
55,2055,RETL,225,55
55,2055,WSLE,80,55
55,2056,AGRI,174,55
55,2056,CONS,419,55
55,2056,FOOD,345,55
55,2056,GVED,319,55
55,2056,HBJ,154,55
55,2056,HLTH,151,55
55,2056,MANU,53,55
55,2056,MING,30,55
55,2056,OFFI,95,55
55,2056,OTHR,638,55
55,2056,RETL,225,55
55,2056,WSLE,79,55
55,2057,AGRI,173,55
55,2057,CONS,422,55
55,2057,FOOD,345,55
55,2057,GVED,320,55
55,2057,HBJ,154,55
55,2057,HLTH,151,55
55,2057,MANU,54,55
55,2057,MING,29,55
55,2057,OFFI,97,55
55,2057,OTHR,634,55
55,2057,RETL,225,55
55,2057,WSLE,79,55
55,2058,AGRI,172,55
55,2058,CONS,424,55
55,2058,FOOD,344,55
55,2058,GVED,320,55
55,2058,HBJ,156,55
55,2058,HLTH,150,55
55,2058,MANU,55,55
55,2058,MING,29,55
55,2058,OFFI,97,55
55,2058,OTHR,631,55
55,2058,RETL,224,55
55,2058,WSLE,78,55
55,2059,AGRI,172,55
55,2059,CONS,425,55
55,2059,FOOD,341,55
55,2059,GVED,319,55
55,2059,HBJ,158,55
55,2059,HLTH,149,55
55,2059,MANU,55,55
55,2059,MING,29,55
55,2059,OFFI,97,55
55,2059,OTHR,628,55
55,2059,RETL,225,55
55,2059,WSLE,79,55
55,2060,AGRI,171,55
55,2060,CONS,426,55
55,2060,FOOD,341,55
55,2060,GVED,322,55
55,2060,HBJ,158,55
55,2060,HLTH,148,55
55,2060,MANU,56,55
55,2060,MING,29,55
55,2060,OFFI,98,55
55,2060,OTHR,623,55
55,2060,RETL,226,55
55,2060,WSLE,80,55
55,2061,AGRI,171,55
55,2061,CONS,427,55
55,2061,FOOD,341,55
55,2061,GVED,321,55
55,2061,HBJ,159,55
55,2061,HLTH,147,55
55,2061,MANU,56,55
55,2061,MING,29,55
55,2061,OFFI,98,55
55,2061,OTHR,620,55
55,2061,RETL,227,55
55,2061,WSLE,79,55
55,2062,AGRI,170,55
55,2062,CONS,427,55
55,2062,FOOD,341,55
55,2062,GVED,322,55
55,2062,HBJ,160,55
55,2062,HLTH,146,55
55,2062,MANU,57,55
55,2062,MING,29,55
55,2062,OFFI,99,55
55,2062,OTHR,616,55
55,2062,RETL,228,55
55,2062,WSLE,79,55
55,2063,AGRI,170,55
55,2063,CONS,429,55
55,2063,FOOD,340,55
55,2063,GVED,323,55
55,2063,HBJ,163,55
55,2063,HLTH,145,55
55,2063,MANU,57,55
55,2063,MING,29,55
55,2063,OFFI,99,55
55,2063,OTHR,613,55
55,2063,RETL,229,55
55,2063,WSLE,80,55
55,2064,AGRI,170,55
55,2064,CONS,430,55
55,2064,FOOD,340,55
55,2064,GVED,323,55
55,2064,HBJ,164,55
55,2064,HLTH,145,55
55,2064,MANU,58,55
55,2064,MING,29,55
55,2064,OFFI,99,55
55,2064,OTHR,608,55
55,2064,RETL,229,55
55,2064,WSLE,80,55
55,2065,AGRI,168,55
55,2065,CONS,431,55
55,2065,FOOD,340,55
55,2065,GVED,324,55
55,2065,HBJ,165,55
55,2065,HLTH,145,55
55,2065,MANU,58,55
55,2065,MING,29,55
55,2065,OFFI,99,55
55,2065,OTHR,605,55
55,2065,RETL,230,55
55,2065,WSLE,79,55
57,2023,AGRI,1594,57
57,2023,CONS,10866,57
57,2023,FOOD,9590,57
57,2023,GVED,26554,57
57,2023,HBJ,3767,57
57,2023,HLTH,15988,57
57,2023,MANU,19228,57
57,2023,MING,210,57
57,2023,OFFI,10975,57
57,2023,OTHR,37803,57
57,2023,RETL,15858,57
57,2023,WSLE,10286,57
57,2024,AGRI,1593,57
57,2024,CONS,11495,57
57,2024,FOOD,9902,57
57,2024,GVED,27232,57
57,2024,HBJ,3761,57
57,2024,HLTH,16096,57
57,2024,MANU,20303,57
57,2024,MING,155,57
57,2024,OFFI,9977,57
57,2024,OTHR,38281,57
57,2024,RETL,15550,57
57,2024,WSLE,10491,57
57,2025,AGRI,1581,57
57,2025,CONS,11664,57
57,2025,FOOD,9879,57
57,2025,GVED,27618,57
57,2025,HBJ,4148,57
57,2025,HLTH,16702,57
57,2025,MANU,20536,57
57,2025,MING,154,57
57,2025,OFFI,10045,57
57,2025,OTHR,38658,57
57,2025,RETL,15552,57
57,2025,WSLE,10640,57
57,2026,AGRI,1576,57
57,2026,CONS,11784,57
57,2026,FOOD,9918,57
57,2026,GVED,27758,57
57,2026,HBJ,4233,57
57,2026,HLTH,17183,57
57,2026,MANU,20589,57
57,2026,MING,159,57
57,2026,OFFI,9938,57
57,2026,OTHR,39036,57
57,2026,RETL,15447,57
57,2026,WSLE,10693,57
57,2027,AGRI,1565,57
57,2027,CONS,11949,57
57,2027,FOOD,9907,57
57,2027,GVED,27904,57
57,2027,HBJ,4321,57
57,2027,HLTH,17600,57
57,2027,MANU,20652,57
57,2027,MING,162,57
57,2027,OFFI,9840,57
57,2027,OTHR,39381,57
57,2027,RETL,15515,57
57,2027,WSLE,10775,57
57,2028,AGRI,1550,57
57,2028,CONS,12201,57
57,2028,FOOD,9877,57
57,2028,GVED,28001,57
57,2028,HBJ,4408,57
57,2028,HLTH,17895,57
57,2028,MANU,20720,57
57,2028,MING,155,57
57,2028,OFFI,9822,57
57,2028,OTHR,39868,57
57,2028,RETL,15506,57
57,2028,WSLE,10775,57
57,2029,AGRI,1537,57
57,2029,CONS,12496,57
57,2029,FOOD,9816,57
57,2029,GVED,28121,57
57,2029,HBJ,4507,57
57,2029,HLTH,18166,57
57,2029,MANU,20922,57
57,2029,MING,146,57
57,2029,OFFI,9859,57
57,2029,OTHR,40447,57
57,2029,RETL,15537,57
57,2029,WSLE,10790,57
57,2030,AGRI,1525,57
57,2030,CONS,12690,57
57,2030,FOOD,9722,57
57,2030,GVED,28336,57
57,2030,HBJ,4608,57
57,2030,HLTH,18475,57
57,2030,MANU,21214,57
57,2030,MING,144,57
57,2030,OFFI,9915,57
57,2030,OTHR,40917,57
57,2030,RETL,15666,57
57,2030,WSLE,10780,57
57,2031,AGRI,1514,57
57,2031,CONS,12810,57
57,2031,FOOD,9580,57
57,2031,GVED,28238,57
57,2031,HBJ,4694,57
57,2031,HLTH,18772,57
57,2031,MANU,21489,57
57,2031,MING,144,57
57,2031,OFFI,9955,57
57,2031,OTHR,41290,57
57,2031,RETL,15818,57
57,2031,WSLE,10789,57
57,2032,AGRI,1504,57
57,2032,CONS,12945,57
57,2032,FOOD,9475,57
57,2032,GVED,28276,57
57,2032,HBJ,4793,57
57,2032,HLTH,19069,57
57,2032,MANU,21723,57
57,2032,MING,151,57
57,2032,OFFI,10001,57
57,2032,OTHR,41762,57
57,2032,RETL,15924,57
57,2032,WSLE,10781,57
57,2033,AGRI,1502,57
57,2033,CONS,13122,57
57,2033,FOOD,9436,57
57,2033,GVED,28324,57
57,2033,HBJ,4889,57
57,2033,HLTH,19341,57
57,2033,MANU,21928,57
57,2033,MING,159,57
57,2033,OFFI,10089,57
57,2033,OTHR,42257,57
57,2033,RETL,16007,57
57,2033,WSLE,10770,57
57,2034,AGRI,1499,57
57,2034,CONS,13360,57
57,2034,FOOD,9731,57
57,2034,GVED,28444,57
57,2034,HBJ,5021,57
57,2034,HLTH,19684,57
57,2034,MANU,22113,57
57,2034,MING,166,57
57,2034,OFFI,10248,57
57,2034,OTHR,43226,57
57,2034,RETL,16131,57
57,2034,WSLE,10768,57
57,2035,AGRI,1493,57
57,2035,CONS,13419,57
57,2035,FOOD,9322,57
57,2035,GVED,28441,57
57,2035,HBJ,5052,57
57,2035,HLTH,19762,57
57,2035,MANU,22266,57
57,2035,MING,168,57
57,2035,OFFI,10339,57
57,2035,OTHR,42524,57
57,2035,RETL,16039,57
57,2035,WSLE,10616,57
57,2036,AGRI,1488,57
57,2036,CONS,13526,57
57,2036,FOOD,9338,57
57,2036,GVED,28518,57
57,2036,HBJ,5151,57
57,2036,HLTH,19965,57
57,2036,MANU,22563,57
57,2036,MING,167,57
57,2036,OFFI,10467,57
57,2036,OTHR,42828,57
57,2036,RETL,16092,57
57,2036,WSLE,10541,57
57,2037,AGRI,1485,57
57,2037,CONS,13570,57
57,2037,FOOD,9380,57
57,2037,GVED,28632,57
57,2037,HBJ,5250,57
57,2037,HLTH,20189,57
57,2037,MANU,22867,57
57,2037,MING,166,57
57,2037,OFFI,10576,57
57,2037,OTHR,43255,57
57,2037,RETL,16195,57
57,2037,WSLE,10498,57
57,2038,AGRI,1481,57
57,2038,CONS,13594,57
57,2038,FOOD,9392,57
57,2038,GVED,28778,57
57,2038,HBJ,5357,57
57,2038,HLTH,20466,57
57,2038,MANU,23141,57
57,2038,MING,166,57
57,2038,OFFI,10687,57
57,2038,OTHR,43861,57
57,2038,RETL,16317,57
57,2038,WSLE,10505,57
57,2039,AGRI,1476,57
57,2039,CONS,13622,57
57,2039,FOOD,9417,57
57,2039,GVED,28959,57
57,2039,HBJ,5473,57
57,2039,HLTH,20735,57
57,2039,MANU,23396,57
57,2039,MING,166,57
57,2039,OFFI,10789,57
57,2039,OTHR,44456,57
57,2039,RETL,16467,57
57,2039,WSLE,10517,57
57,2040,AGRI,1472,57
57,2040,CONS,13627,57
57,2040,FOOD,9436,57
57,2040,GVED,29240,57
57,2040,HBJ,5590,57
57,2040,HLTH,21026,57
57,2040,MANU,23635,57
57,2040,MING,166,57
57,2040,OFFI,10897,57
57,2040,OTHR,45000,57
57,2040,RETL,16606,57
57,2040,WSLE,10529,57
57,2041,AGRI,1467,57
57,2041,CONS,13598,57
57,2041,FOOD,9466,57
57,2041,GVED,29299,57
57,2041,HBJ,5693,57
57,2041,HLTH,21286,57
57,2041,MANU,23852,57
57,2041,MING,167,57
57,2041,OFFI,10988,57
57,2041,OTHR,45501,57
57,2041,RETL,16756,57
57,2041,WSLE,10548,57
57,2042,AGRI,1463,57
57,2042,CONS,13599,57
57,2042,FOOD,9481,57
57,2042,GVED,29475,57
57,2042,HBJ,5805,57
57,2042,HLTH,21543,57
57,2042,MANU,24055,57
57,2042,MING,169,57
57,2042,OFFI,11124,57
57,2042,OTHR,46008,57
57,2042,RETL,16896,57
57,2042,WSLE,10582,57
57,2043,AGRI,1457,57
57,2043,CONS,13606,57
57,2043,FOOD,9507,57
57,2043,GVED,29670,57
57,2043,HBJ,5916,57
57,2043,HLTH,21770,57
57,2043,MANU,24210,57
57,2043,MING,171,57
57,2043,OFFI,11238,57
57,2043,OTHR,46474,57
57,2043,RETL,17040,57
57,2043,WSLE,10612,57
57,2044,AGRI,1453,57
57,2044,CONS,13600,57
57,2044,FOOD,9523,57
57,2044,GVED,29871,57
57,2044,HBJ,6025,57
57,2044,HLTH,22018,57
57,2044,MANU,24368,57
57,2044,MING,171,57
57,2044,OFFI,11369,57
57,2044,OTHR,46966,57
57,2044,RETL,17180,57
57,2044,WSLE,10643,57
57,2045,AGRI,1447,57
57,2045,CONS,13657,57
57,2045,FOOD,9549,57
57,2045,GVED,30083,57
57,2045,HBJ,6146,57
57,2045,HLTH,22281,57
57,2045,MANU,24571,57
57,2045,MING,170,57
57,2045,OFFI,11494,57
57,2045,OTHR,47425,57
57,2045,RETL,17341,57
57,2045,WSLE,10673,57
57,2046,AGRI,1440,57
57,2046,CONS,13804,57
57,2046,FOOD,9565,57
57,2046,GVED,30301,57
57,2046,HBJ,6270,57
57,2046,HLTH,22555,57
57,2046,MANU,24781,57
57,2046,MING,170,57
57,2046,OFFI,11657,57
57,2046,OTHR,47849,57
57,2046,RETL,17500,57
57,2046,WSLE,10705,57
57,2047,AGRI,1435,57
57,2047,CONS,14009,57
57,2047,FOOD,9579,57
57,2047,GVED,30523,57
57,2047,HBJ,6390,57
57,2047,HLTH,22818,57
57,2047,MANU,24984,57
57,2047,MING,171,57
57,2047,OFFI,11850,57
57,2047,OTHR,48213,57
57,2047,RETL,17669,57
57,2047,WSLE,10732,57
57,2048,AGRI,1431,57
57,2048,CONS,14277,57
57,2048,FOOD,9608,57
57,2048,GVED,30748,57
57,2048,HBJ,6521,57
57,2048,HLTH,23072,57
57,2048,MANU,25197,57
57,2048,MING,173,57
57,2048,OFFI,12052,57
57,2048,OTHR,48543,57
57,2048,RETL,17845,57
57,2048,WSLE,10759,57
57,2049,AGRI,1425,57
57,2049,CONS,14593,57
57,2049,FOOD,9641,57
57,2049,GVED,30973,57
57,2049,HBJ,6647,57
57,2049,HLTH,23326,57
57,2049,MANU,25417,57
57,2049,MING,176,57
57,2049,OFFI,12251,57
57,2049,OTHR,48865,57
57,2049,RETL,18020,57
57,2049,WSLE,10779,57
57,2050,AGRI,1418,57
57,2050,CONS,14930,57
57,2050,FOOD,9678,57
57,2050,GVED,31320,57
57,2050,HBJ,6783,57
57,2050,HLTH,23580,57
57,2050,MANU,25638,57
57,2050,MING,178,57
57,2050,OFFI,12432,57
57,2050,OTHR,49194,57
57,2050,RETL,18205,57
57,2050,WSLE,10803,57
57,2051,AGRI,1413,57
57,2051,CONS,15270,57
57,2051,FOOD,9702,57
57,2051,GVED,31414,57
57,2051,HBJ,6915,57
57,2051,HLTH,23807,57
57,2051,MANU,25871,57
57,2051,MING,178,57
57,2051,OFFI,12578,57
57,2051,OTHR,49466,57
57,2051,RETL,18370,57
57,2051,WSLE,10816,57
57,2052,AGRI,1405,57
57,2052,CONS,15620,57
57,2052,FOOD,9731,57
57,2052,GVED,31629,57
57,2052,HBJ,7040,57
57,2052,HLTH,24033,57
57,2052,MANU,26086,57
57,2052,MING,180,57
57,2052,OFFI,12704,57
57,2052,OTHR,49755,57
57,2052,RETL,18545,57
57,2052,WSLE,10832,57
57,2053,AGRI,1399,57
57,2053,CONS,15967,57
57,2053,FOOD,9759,57
57,2053,GVED,31848,57
57,2053,HBJ,7165,57
57,2053,HLTH,24241,57
57,2053,MANU,26260,57
57,2053,MING,182,57
57,2053,OFFI,12793,57
57,2053,OTHR,50055,57
57,2053,RETL,18703,57
57,2053,WSLE,10853,57
57,2054,AGRI,1392,57
57,2054,CONS,16324,57
57,2054,FOOD,9783,57
57,2054,GVED,32069,57
57,2054,HBJ,7294,57
57,2054,HLTH,24441,57
57,2054,MANU,26417,57
57,2054,MING,184,57
57,2054,OFFI,12879,57
57,2054,OTHR,50321,57
57,2054,RETL,18858,57
57,2054,WSLE,10869,57
57,2055,AGRI,1385,57
57,2055,CONS,16688,57
57,2055,FOOD,9807,57
57,2055,GVED,32277,57
57,2055,HBJ,7419,57
57,2055,HLTH,24626,57
57,2055,MANU,26545,57
57,2055,MING,184,57
57,2055,OFFI,12952,57
57,2055,OTHR,50591,57
57,2055,RETL,19009,57
57,2055,WSLE,10893,57
57,2056,AGRI,1378,57
57,2056,CONS,16946,57
57,2056,FOOD,9817,57
57,2056,GVED,32487,57
57,2056,HBJ,7541,57
57,2056,HLTH,24857,57
57,2056,MANU,26645,57
57,2056,MING,182,57
57,2056,OFFI,13020,57
57,2056,OTHR,50896,57
57,2056,RETL,19123,57
57,2056,WSLE,10925,57
57,2057,AGRI,1371,57
57,2057,CONS,17135,57
57,2057,FOOD,9815,57
57,2057,GVED,32685,57
57,2057,HBJ,7659,57
57,2057,HLTH,25070,57
57,2057,MANU,26766,57
57,2057,MING,179,57
57,2057,OFFI,13097,57
57,2057,OTHR,51163,57
57,2057,RETL,19217,57
57,2057,WSLE,10948,57
57,2058,AGRI,1364,57
57,2058,CONS,17281,57
57,2058,FOOD,9811,57
57,2058,GVED,32868,57
57,2058,HBJ,7777,57
57,2058,HLTH,25286,57
57,2058,MANU,26891,57
57,2058,MING,176,57
57,2058,OFFI,13174,57
57,2058,OTHR,51404,57
57,2058,RETL,19304,57
57,2058,WSLE,10968,57
57,2059,AGRI,1355,57
57,2059,CONS,17400,57
57,2059,FOOD,9803,57
57,2059,GVED,33044,57
57,2059,HBJ,7890,57
57,2059,HLTH,25498,57
57,2059,MANU,27015,57
57,2059,MING,173,57
57,2059,OFFI,13250,57
57,2059,OTHR,51627,57
57,2059,RETL,19386,57
57,2059,WSLE,10985,57
57,2060,AGRI,1347,57
57,2060,CONS,17495,57
57,2060,FOOD,9794,57
57,2060,GVED,33331,57
57,2060,HBJ,8007,57
57,2060,HLTH,25700,57
57,2060,MANU,27136,57
57,2060,MING,172,57
57,2060,OFFI,13324,57
57,2060,OTHR,51833,57
57,2060,RETL,19458,57
57,2060,WSLE,11000,57
57,2061,AGRI,1339,57
57,2061,CONS,17572,57
57,2061,FOOD,9786,57
57,2061,GVED,33338,57
57,2061,HBJ,8113,57
57,2061,HLTH,25901,57
57,2061,MANU,27261,57
57,2061,MING,171,57
57,2061,OFFI,13395,57
57,2061,OTHR,52050,57
57,2061,RETL,19530,57
57,2061,WSLE,11020,57
57,2062,AGRI,1332,57
57,2062,CONS,17647,57
57,2062,FOOD,9780,57
57,2062,GVED,33478,57
57,2062,HBJ,8228,57
57,2062,HLTH,26097,57
57,2062,MANU,27394,57
57,2062,MING,171,57
57,2062,OFFI,13465,57
57,2062,OTHR,52278,57
57,2062,RETL,19609,57
57,2062,WSLE,11038,57
57,2063,AGRI,1325,57
57,2063,CONS,17715,57
57,2063,FOOD,9773,57
57,2063,GVED,33619,57
57,2063,HBJ,8344,57
57,2063,HLTH,26294,57
57,2063,MANU,27530,57
57,2063,MING,170,57
57,2063,OFFI,13530,57
57,2063,OTHR,52515,57
57,2063,RETL,19689,57
57,2063,WSLE,11057,57
57,2064,AGRI,1318,57
57,2064,CONS,17778,57
57,2064,FOOD,9765,57
57,2064,GVED,33760,57
57,2064,HBJ,8455,57
57,2064,HLTH,26489,57
57,2064,MANU,27670,57
57,2064,MING,170,57
57,2064,OFFI,13595,57
57,2064,OTHR,52760,57
57,2064,RETL,19773,57
57,2064,WSLE,11077,57
57,2065,AGRI,1310,57
57,2065,CONS,17838,57
57,2065,FOOD,9758,57
57,2065,GVED,33900,57
57,2065,HBJ,8575,57
57,2065,HLTH,26680,57
57,2065,MANU,27813,57
57,2065,MING,169,57
57,2065,OFFI,13657,57
57,2065,OTHR,53007,57
57,2065,RETL,19858,57
57,2065,WSLE,11096,57
9003,2023,AGRI,678,3
9003,2023,CONS,1098,3
9003,2023,FOOD,668,3
9003,2023,GVED,1493,3
9003,2023,HBJ,507,3
9003,2023,HLTH,854,3
9003,2023,MANU,4862,3
9003,2023,MING,36,3
9003,2023,OFFI,361,3
9003,2023,OTHR,2430,3
9003,2023,RETL,1012,3
9003,2023,WSLE,1913,3
9003,2024,AGRI,688,3
9003,2024,CONS,1313,3
9003,2024,FOOD,607,3
9003,2024,GVED,1626,3
9003,2024,HBJ,495,3
9003,2024,HLTH,915,3
9003,2024,MANU,4473,3
9003,2024,MING,41,3
9003,2024,OFFI,380,3
9003,2024,OTHR,2326,3
9003,2024,RETL,1006,3
9003,2024,WSLE,1921,3
9003,2025,AGRI,681,3
9003,2025,CONS,1328,3
9003,2025,FOOD,601,3
9003,2025,GVED,1637,3
9003,2025,HBJ,536,3
9003,2025,HLTH,941,3
9003,2025,MANU,4507,3
9003,2025,MING,40,3
9003,2025,OFFI,381,3
9003,2025,OTHR,2333,3
9003,2025,RETL,999,3
9003,2025,WSLE,1977,3
9003,2026,AGRI,681,3
9003,2026,CONS,1357,3
9003,2026,FOOD,598,3
9003,2026,GVED,1650,3
9003,2026,HBJ,545,3
9003,2026,HLTH,968,3
9003,2026,MANU,4496,3
9003,2026,MING,42,3
9003,2026,OFFI,377,3
9003,2026,OTHR,2356,3
9003,2026,RETL,986,3
9003,2026,WSLE,2007,3
9003,2027,AGRI,675,3
9003,2027,CONS,1378,3
9003,2027,FOOD,596,3
9003,2027,GVED,1656,3
9003,2027,HBJ,553,3
9003,2027,HLTH,984,3
9003,2027,MANU,4493,3
9003,2027,MING,43,3
9003,2027,OFFI,374,3
9003,2027,OTHR,2368,3
9003,2027,RETL,987,3
9003,2027,WSLE,2043,3
9003,2028,AGRI,667,3
9003,2028,CONS,1409,3
9003,2028,FOOD,591,3
9003,2028,GVED,1661,3
9003,2028,HBJ,559,3
9003,2028,HLTH,996,3
9003,2028,MANU,4492,3
9003,2028,MING,41,3
9003,2028,OFFI,374,3
9003,2028,OTHR,2388,3
9003,2028,RETL,981,3
9003,2028,WSLE,2065,3
9003,2029,AGRI,663,3
9003,2029,CONS,1448,3
9003,2029,FOOD,584,3
9003,2029,GVED,1673,3
9003,2029,HBJ,570,3
9003,2029,HLTH,1010,3
9003,2029,MANU,4517,3
9003,2029,MING,38,3
9003,2029,OFFI,375,3
9003,2029,OTHR,2420,3
9003,2029,RETL,976,3
9003,2029,WSLE,2086,3
9003,2030,AGRI,657,3
9003,2030,CONS,1466,3
9003,2030,FOOD,576,3
9003,2030,GVED,1675,3
9003,2030,HBJ,579,3
9003,2030,HLTH,1021,3
9003,2030,MANU,4553,3
9003,2030,MING,38,3
9003,2030,OFFI,378,3
9003,2030,OTHR,2435,3
9003,2030,RETL,980,3
9003,2030,WSLE,2098,3
9003,2031,AGRI,653,3
9003,2031,CONS,1478,3
9003,2031,FOOD,564,3
9003,2031,GVED,1674,3
9003,2031,HBJ,588,3
9003,2031,HLTH,1034,3
9003,2031,MANU,4591,3
9003,2031,MING,38,3
9003,2031,OFFI,379,3
9003,2031,OTHR,2452,3
9003,2031,RETL,981,3
9003,2031,WSLE,2114,3
9003,2032,AGRI,645,3
9003,2032,CONS,1482,3
9003,2032,FOOD,556,3
9003,2032,GVED,1668,3
9003,2032,HBJ,595,3
9003,2032,HLTH,1041,3
9003,2032,MANU,4624,3
9003,2032,MING,39,3
9003,2032,OFFI,381,3
9003,2032,OTHR,2461,3
9003,2032,RETL,982,3
9003,2032,WSLE,2125,3
9003,2033,AGRI,645,3
9003,2033,CONS,1497,3
9003,2033,FOOD,550,3
9003,2033,GVED,1670,3
9003,2033,HBJ,606,3
9003,2033,HLTH,1050,3
9003,2033,MANU,4642,3
9003,2033,MING,41,3
9003,2033,OFFI,384,3
9003,2033,OTHR,2483,3
9003,2033,RETL,981,3
9003,2033,WSLE,2135,3
9003,2034,AGRI,644,3
9003,2034,CONS,1514,3
9003,2034,FOOD,562,3
9003,2034,GVED,1678,3
9003,2034,HBJ,620,3
9003,2034,HLTH,1065,3
9003,2034,MANU,4670,3
9003,2034,MING,43,3
9003,2034,OFFI,390,3
9003,2034,OTHR,2542,3
9003,2034,RETL,977,3
9003,2034,WSLE,2119,3
9003,2035,AGRI,640,3
9003,2035,CONS,1513,3
9003,2035,FOOD,536,3
9003,2035,GVED,1668,3
9003,2035,HBJ,623,3
9003,2035,HLTH,1060,3
9003,2035,MANU,4699,3
9003,2035,MING,44,3
9003,2035,OFFI,393,3
9003,2035,OTHR,2475,3
9003,2035,RETL,966,3
9003,2035,WSLE,2079,3
9003,2036,AGRI,634,3
9003,2036,CONS,1506,3
9003,2036,FOOD,533,3
9003,2036,GVED,1659,3
9003,2036,HBJ,629,3
9003,2036,HLTH,1058,3
9003,2036,MANU,4754,3
9003,2036,MING,43,3
9003,2036,OFFI,399,3
9003,2036,OTHR,2467,3
9003,2036,RETL,961,3
9003,2036,WSLE,2049,3
9003,2037,AGRI,631,3
9003,2037,CONS,1500,3
9003,2037,FOOD,532,3
9003,2037,GVED,1659,3
9003,2037,HBJ,635,3
9003,2037,HLTH,1062,3
9003,2037,MANU,4811,3
9003,2037,MING,43,3
9003,2037,OFFI,403,3
9003,2037,OTHR,2478,3
9003,2037,RETL,960,3
9003,2037,WSLE,2027,3
9003,2038,AGRI,629,3
9003,2038,CONS,1494,3
9003,2038,FOOD,528,3
9003,2038,GVED,1662,3
9003,2038,HBJ,646,3
9003,2038,HLTH,1068,3
9003,2038,MANU,4860,3
9003,2038,MING,43,3
9003,2038,OFFI,407,3
9003,2038,OTHR,2498,3
9003,2038,RETL,959,3
9003,2038,WSLE,2013,3
9003,2039,AGRI,626,3
9003,2039,CONS,1486,3
9003,2039,FOOD,526,3
9003,2039,GVED,1666,3
9003,2039,HBJ,655,3
9003,2039,HLTH,1073,3
9003,2039,MANU,4905,3
9003,2039,MING,43,3
9003,2039,OFFI,410,3
9003,2039,OTHR,2517,3
9003,2039,RETL,960,3
9003,2039,WSLE,2001,3
9003,2040,AGRI,623,3
9003,2040,CONS,1477,3
9003,2040,FOOD,523,3
9003,2040,GVED,1671,3
9003,2040,HBJ,665,3
9003,2040,HLTH,1080,3
9003,2040,MANU,4947,3
9003,2040,MING,43,3
9003,2040,OFFI,412,3
9003,2040,OTHR,2535,3
9003,2040,RETL,960,3
9003,2040,WSLE,1988,3
9003,2041,AGRI,620,3
9003,2041,CONS,1464,3
9003,2041,FOOD,523,3
9003,2041,GVED,1674,3
9003,2041,HBJ,673,3
9003,2041,HLTH,1082,3
9003,2041,MANU,4982,3
9003,2041,MING,43,3
9003,2041,OFFI,416,3
9003,2041,OTHR,2546,3
9003,2041,RETL,964,3
9003,2041,WSLE,1979,3
9003,2042,AGRI,617,3
9003,2042,CONS,1456,3
9003,2042,FOOD,520,3
9003,2042,GVED,1677,3
9003,2042,HBJ,681,3
9003,2042,HLTH,1087,3
9003,2042,MANU,5015,3
9003,2042,MING,44,3
9003,2042,OFFI,420,3
9003,2042,OTHR,2563,3
9003,2042,RETL,964,3
9003,2042,WSLE,1971,3
9003,2043,AGRI,614,3
9003,2043,CONS,1446,3
9003,2043,FOOD,517,3
9003,2043,GVED,1682,3
9003,2043,HBJ,689,3
9003,2043,HLTH,1089,3
9003,2043,MANU,5037,3
9003,2043,MING,43,3
9003,2043,OFFI,423,3
9003,2043,OTHR,2573,3
9003,2043,RETL,964,3
9003,2043,WSLE,1963,3
9003,2044,AGRI,610,3
9003,2044,CONS,1435,3
9003,2044,FOOD,515,3
9003,2044,GVED,1685,3
9003,2044,HBJ,698,3
9003,2044,HLTH,1089,3
9003,2044,MANU,5058,3
9003,2044,MING,43,3
9003,2044,OFFI,428,3
9003,2044,OTHR,2582,3
9003,2044,RETL,966,3
9003,2044,WSLE,1955,3
9003,2045,AGRI,607,3
9003,2045,CONS,1432,3
9003,2045,FOOD,512,3
9003,2045,GVED,1689,3
9003,2045,HBJ,705,3
9003,2045,HLTH,1091,3
9003,2045,MANU,5090,3
9003,2045,MING,43,3
9003,2045,OFFI,432,3
9003,2045,OTHR,2591,3
9003,2045,RETL,965,3
9003,2045,WSLE,1947,3
9003,2046,AGRI,604,3
9003,2046,CONS,1438,3
9003,2046,FOOD,508,3
9003,2046,GVED,1693,3
9003,2046,HBJ,715,3
9003,2046,HLTH,1093,3
9003,2046,MANU,5124,3
9003,2046,MING,43,3
9003,2046,OFFI,437,3
9003,2046,OTHR,2597,3
9003,2046,RETL,963,3
9003,2046,WSLE,1939,3
9003,2047,AGRI,601,3
9003,2047,CONS,1449,3
9003,2047,FOOD,506,3
9003,2047,GVED,1696,3
9003,2047,HBJ,722,3
9003,2047,HLTH,1094,3
9003,2047,MANU,5156,3
9003,2047,MING,44,3
9003,2047,OFFI,444,3
9003,2047,OTHR,2598,3
9003,2047,RETL,966,3
9003,2047,WSLE,1930,3
9003,2048,AGRI,598,3
9003,2048,CONS,1467,3
9003,2048,FOOD,502,3
9003,2048,GVED,1699,3
9003,2048,HBJ,731,3
9003,2048,HLTH,1094,3
9003,2048,MANU,5190,3
9003,2048,MING,44,3
9003,2048,OFFI,451,3
9003,2048,OTHR,2600,3
9003,2048,RETL,965,3
9003,2048,WSLE,1923,3
9003,2049,AGRI,595,3
9003,2049,CONS,1490,3
9003,2049,FOOD,500,3
9003,2049,GVED,1702,3
9003,2049,HBJ,741,3
9003,2049,HLTH,1095,3
9003,2049,MANU,5226,3
9003,2049,MING,44,3
9003,2049,OFFI,459,3
9003,2049,OTHR,2599,3
9003,2049,RETL,967,3
9003,2049,WSLE,1913,3
9003,2050,AGRI,591,3
9003,2050,CONS,1514,3
9003,2050,FOOD,498,3
9003,2050,GVED,1704,3
9003,2050,HBJ,751,3
9003,2050,HLTH,1094,3
9003,2050,MANU,5261,3
9003,2050,MING,45,3
9003,2050,OFFI,464,3
9003,2050,OTHR,2597,3
9003,2050,RETL,969,3
9003,2050,WSLE,1905,3
9003,2051,AGRI,590,3
9003,2051,CONS,1548,3
9003,2051,FOOD,494,3
9003,2051,GVED,1712,3
9003,2051,HBJ,764,3
9003,2051,HLTH,1098,3
9003,2051,MANU,5301,3
9003,2051,MING,45,3
9003,2051,OFFI,469,3
9003,2051,OTHR,2607,3
9003,2051,RETL,968,3
9003,2051,WSLE,1895,3
9003,2052,AGRI,586,3
9003,2052,CONS,1572,3
9003,2052,FOOD,491,3
9003,2052,GVED,1713,3
9003,2052,HBJ,772,3
9003,2052,HLTH,1096,3
9003,2052,MANU,5336,3
9003,2052,MING,46,3
9003,2052,OFFI,472,3
9003,2052,OTHR,2601,3
9003,2052,RETL,967,3
9003,2052,WSLE,1886,3
9003,2053,AGRI,583,3
9003,2053,CONS,1597,3
9003,2053,FOOD,488,3
9003,2053,GVED,1714,3
9003,2053,HBJ,780,3
9003,2053,HLTH,1093,3
9003,2053,MANU,5363,3
9003,2053,MING,46,3
9003,2053,OFFI,475,3
9003,2053,OTHR,2597,3
9003,2053,RETL,968,3
9003,2053,WSLE,1877,3
9003,2054,AGRI,579,3
9003,2054,CONS,1623,3
9003,2054,FOOD,483,3
9003,2054,GVED,1715,3
9003,2054,HBJ,789,3
9003,2054,HLTH,1089,3
9003,2054,MANU,5385,3
9003,2054,MING,46,3
9003,2054,OFFI,478,3
9003,2054,OTHR,2592,3
9003,2054,RETL,964,3
9003,2054,WSLE,1870,3
9003,2055,AGRI,578,3
9003,2055,CONS,1657,3
9003,2055,FOOD,480,3
9003,2055,GVED,1722,3
9003,2055,HBJ,800,3
9003,2055,HLTH,1090,3
9003,2055,MANU,5402,3
9003,2055,MING,47,3
9003,2055,OFFI,481,3
9003,2055,OTHR,2599,3
9003,2055,RETL,963,3
9003,2055,WSLE,1861,3
9003,2056,AGRI,574,3
9003,2056,CONS,1672,3
9003,2056,FOOD,476,3
9003,2056,GVED,1722,3
9003,2056,HBJ,807,3
9003,2056,HLTH,1087,3
9003,2056,MANU,5413,3
9003,2056,MING,46,3
9003,2056,OFFI,483,3
9003,2056,OTHR,2594,3
9003,2056,RETL,961,3
9003,2056,WSLE,1855,3
9003,2057,AGRI,570,3
9003,2057,CONS,1679,3
9003,2057,FOOD,472,3
9003,2057,GVED,1720,3
9003,2057,HBJ,815,3
9003,2057,HLTH,1084,3
9003,2057,MANU,5428,3
9003,2057,MING,45,3
9003,2057,OFFI,484,3
9003,2057,OTHR,2586,3
9003,2057,RETL,957,3
9003,2057,WSLE,1847,3
9003,2058,AGRI,568,3
9003,2058,CONS,1692,3
9003,2058,FOOD,467,3
9003,2058,GVED,1726,3
9003,2058,HBJ,822,3
9003,2058,HLTH,1087,3
9003,2058,MANU,5444,3
9003,2058,MING,45,3
9003,2058,OFFI,485,3
9003,2058,OTHR,2591,3
9003,2058,RETL,954,3
9003,2058,WSLE,1841,3
9003,2059,AGRI,564,3
9003,2059,CONS,1693,3
9003,2059,FOOD,461,3
9003,2059,GVED,1724,3
9003,2059,HBJ,830,3
9003,2059,HLTH,1083,3
9003,2059,MANU,5459,3
9003,2059,MING,44,3
9003,2059,OFFI,488,3
9003,2059,OTHR,2582,3
9003,2059,RETL,946,3
9003,2059,WSLE,1831,3
9003,2060,AGRI,559,3
9003,2060,CONS,1694,3
9003,2060,FOOD,457,3
9003,2060,GVED,1720,3
9003,2060,HBJ,836,3
9003,2060,HLTH,1079,3
9003,2060,MANU,5475,3
9003,2060,MING,44,3
9003,2060,OFFI,489,3
9003,2060,OTHR,2572,3
9003,2060,RETL,942,3
9003,2060,WSLE,1825,3
9003,2061,AGRI,557,3
9003,2061,CONS,1704,3
9003,2061,FOOD,453,3
9003,2061,GVED,1724,3
9003,2061,HBJ,845,3
9003,2061,HLTH,1081,3
9003,2061,MANU,5492,3
9003,2061,MING,43,3
9003,2061,OFFI,490,3
9003,2061,OTHR,2576,3
9003,2061,RETL,939,3
9003,2061,WSLE,1817,3
9003,2062,AGRI,553,3
9003,2062,CONS,1704,3
9003,2062,FOOD,449,3
9003,2062,GVED,1720,3
9003,2062,HBJ,850,3
9003,2062,HLTH,1077,3
9003,2062,MANU,5510,3
9003,2062,MING,43,3
9003,2062,OFFI,492,3
9003,2062,OTHR,2567,3
9003,2062,RETL,936,3
9003,2062,WSLE,1809,3
9003,2063,AGRI,549,3
9003,2063,CONS,1703,3
9003,2063,FOOD,445,3
9003,2063,GVED,1715,3
9003,2063,HBJ,856,3
9003,2063,HLTH,1072,3
9003,2063,MANU,5530,3
9003,2063,MING,42,3
9003,2063,OFFI,494,3
9003,2063,OTHR,2559,3
9003,2063,RETL,933,3
9003,2063,WSLE,1803,3
9003,2064,AGRI,547,3
9003,2064,CONS,1711,3
9003,2064,FOOD,441,3
9003,2064,GVED,1719,3
9003,2064,HBJ,866,3
9003,2064,HLTH,1074,3
9003,2064,MANU,5550,3
9003,2064,MING,42,3
9003,2064,OFFI,495,3
9003,2064,OTHR,2563,3
9003,2064,RETL,930,3
9003,2064,WSLE,1796,3
9003,2065,AGRI,543,3
9003,2065,CONS,1710,3
9003,2065,FOOD,437,3
9003,2065,GVED,1715,3
9003,2065,HBJ,872,3
9003,2065,HLTH,1070,3
9003,2065,MANU,5571,3
9003,2065,MING,42,3
9003,2065,OFFI,496,3
9003,2065,OTHR,2556,3
9003,2065,RETL,927,3
9003,2065,WSLE,1788,3
9057,2023,AGRI,36,57
9057,2023,CONS,245,57
9057,2023,FOOD,134,57
9057,2023,GVED,598,57
9057,2023,HBJ,74,57
9057,2023,HLTH,360,57
9057,2023,MANU,77,57
9057,2023,MING,5,57
9057,2023,OFFI,285,57
9057,2023,OTHR,850,57
9057,2023,RETL,222,57
9057,2023,WSLE,41,57
9057,2024,AGRI,37,57
9057,2024,CONS,264,57
9057,2024,FOOD,129,57
9057,2024,GVED,626,57
9057,2024,HBJ,75,57
9057,2024,HLTH,370,57
9057,2024,MANU,81,57
9057,2024,MING,4,57
9057,2024,OFFI,260,57
9057,2024,OTHR,880,57
9057,2024,RETL,202,57
9057,2024,WSLE,42,57
9057,2025,AGRI,39,57
9057,2025,CONS,286,57
9057,2025,FOOD,129,57
9057,2025,GVED,677,57
9057,2025,HBJ,85,57
9057,2025,HLTH,410,57
9057,2025,MANU,82,57
9057,2025,MING,4,57
9057,2025,OFFI,271,57
9057,2025,OTHR,947,57
9057,2025,RETL,203,57
9057,2025,WSLE,42,57
9057,2026,AGRI,39,57
9057,2026,CONS,288,57
9057,2026,FOOD,119,57
9057,2026,GVED,677,57
9057,2026,HBJ,89,57
9057,2026,HLTH,419,57
9057,2026,MANU,103,57
9057,2026,MING,4,57
9057,2026,OFFI,268,57
9057,2026,OTHR,952,57
9057,2026,RETL,186,57
9057,2026,WSLE,54,57
9057,2027,AGRI,39,57
9057,2027,CONS,293,57
9057,2027,FOOD,109,57
9057,2027,GVED,684,57
9057,2027,HBJ,91,57
9057,2027,HLTH,431,57
9057,2027,MANU,103,57
9057,2027,MING,4,57
9057,2027,OFFI,275,57
9057,2027,OTHR,965,57
9057,2027,RETL,171,57
9057,2027,WSLE,54,57
9057,2028,AGRI,38,57
9057,2028,CONS,299,57
9057,2028,FOOD,109,57
9057,2028,GVED,686,57
9057,2028,HBJ,93,57
9057,2028,HLTH,439,57
9057,2028,MANU,103,57
9057,2028,MING,4,57
9057,2028,OFFI,275,57
9057,2028,OTHR,977,57
9057,2028,RETL,171,57
9057,2028,WSLE,54,57
9057,2029,AGRI,38,57
9057,2029,CONS,308,57
9057,2029,FOOD,98,57
9057,2029,GVED,694,57
9057,2029,HBJ,96,57
9057,2029,HLTH,448,57
9057,2029,MANU,104,57
9057,2029,MING,4,57
9057,2029,OFFI,276,57
9057,2029,OTHR,999,57
9057,2029,RETL,155,57
9057,2029,WSLE,54,57
9057,2030,AGRI,38,57
9057,2030,CONS,312,57
9057,2030,FOOD,97,57
9057,2030,GVED,697,57
9057,2030,HBJ,98,57
9057,2030,HLTH,454,57
9057,2030,MANU,106,57
9057,2030,MING,4,57
9057,2030,OFFI,287,57
9057,2030,OTHR,1007,57
9057,2030,RETL,157,57
9057,2030,WSLE,54,57
9057,2031,AGRI,37,57
9057,2031,CONS,318,57
9057,2031,FOOD,86,57
9057,2031,GVED,701,57
9057,2031,HBJ,100,57
9057,2031,HLTH,466,57
9057,2031,MANU,107,57
9057,2031,MING,4,57
9057,2031,OFFI,289,57
9057,2031,OTHR,1024,57
9057,2031,RETL,142,57
9057,2031,WSLE,54,57
9057,2032,AGRI,39,57
9057,2032,CONS,340,57
9057,2032,FOOD,85,57
9057,2032,GVED,744,57
9057,2032,HBJ,109,57
9057,2032,HLTH,502,57
9057,2032,MANU,109,57
9057,2032,MING,4,57
9057,2032,OFFI,300,57
9057,2032,OTHR,1099,57
9057,2032,RETL,143,57
9057,2032,WSLE,54,57
9057,2033,AGRI,39,57
9057,2033,CONS,347,57
9057,2033,FOOD,75,57
9057,2033,GVED,751,57
9057,2033,HBJ,110,57
9057,2033,HLTH,513,57
9057,2033,MANU,110,57
9057,2033,MING,4,57
9057,2033,OFFI,303,57
9057,2033,OTHR,1120,57
9057,2033,RETL,128,57
9057,2033,WSLE,54,57
9057,2034,AGRI,39,57
9057,2034,CONS,353,57
9057,2034,FOOD,78,57
9057,2034,GVED,750,57
9057,2034,HBJ,115,57
9057,2034,HLTH,519,57
9057,2034,MANU,111,57
9057,2034,MING,4,57
9057,2034,OFFI,317,57
9057,2034,OTHR,1141,57
9057,2034,RETL,130,57
9057,2034,WSLE,54,57
9057,2035,AGRI,39,57
9057,2035,CONS,353,57
9057,2035,FOOD,74,57
9057,2035,GVED,748,57
9057,2035,HBJ,115,57
9057,2035,HLTH,519,57
9057,2035,MANU,111,57
9057,2035,MING,4,57
9057,2035,OFFI,320,57
9057,2035,OTHR,1118,57
9057,2035,RETL,129,57
9057,2035,WSLE,53,57
9057,2036,AGRI,39,57
9057,2036,CONS,360,57
9057,2036,FOOD,65,57
9057,2036,GVED,759,57
9057,2036,HBJ,117,57
9057,2036,HLTH,531,57
9057,2036,MANU,113,57
9057,2036,MING,4,57
9057,2036,OFFI,325,57
9057,2036,OTHR,1139,57
9057,2036,RETL,113,57
9057,2036,WSLE,53,57
9057,2037,AGRI,39,57
9057,2037,CONS,358,57
9057,2037,FOOD,65,57
9057,2037,GVED,756,57
9057,2037,HBJ,118,57
9057,2037,HLTH,533,57
9057,2037,MANU,114,57
9057,2037,MING,4,57
9057,2037,OFFI,339,57
9057,2037,OTHR,1142,57
9057,2037,RETL,114,57
9057,2037,WSLE,53,57
9057,2038,AGRI,39,57
9057,2038,CONS,362,57
9057,2038,FOOD,56,57
9057,2038,GVED,765,57
9057,2038,HBJ,123,57
9057,2038,HLTH,544,57
9057,2038,MANU,116,57
9057,2038,MING,4,57
9057,2038,OFFI,342,57
9057,2038,OTHR,1167,57
9057,2038,RETL,98,57
9057,2038,WSLE,53,57
9057,2039,AGRI,39,57
9057,2039,CONS,363,57
9057,2039,FOOD,56,57
9057,2039,GVED,771,57
9057,2039,HBJ,124,57
9057,2039,HLTH,551,57
9057,2039,MANU,117,57
9057,2039,MING,4,57
9057,2039,OFFI,346,57
9057,2039,OTHR,1183,57
9057,2039,RETL,99,57
9057,2039,WSLE,53,57
9057,2040,AGRI,41,57
9057,2040,CONS,383,57
9057,2040,FOOD,56,57
9057,2040,GVED,822,57
9057,2040,HBJ,134,57
9057,2040,HLTH,591,57
9057,2040,MANU,118,57
9057,2040,MING,5,57
9057,2040,OFFI,360,57
9057,2040,OTHR,1265,57
9057,2040,RETL,100,57
9057,2040,WSLE,53,57
9057,2041,AGRI,41,57
9057,2041,CONS,382,57
9057,2041,FOOD,47,57
9057,2041,GVED,824,57
9057,2041,HBJ,138,57
9057,2041,HLTH,598,57
9057,2041,MANU,143,57
9057,2041,MING,5,57
9057,2041,OFFI,362,57
9057,2041,OTHR,1279,57
9057,2041,RETL,84,57
9057,2041,WSLE,63,57
9057,2042,AGRI,41,57
9057,2042,CONS,381,57
9057,2042,FOOD,47,57
9057,2042,GVED,825,57
9057,2042,HBJ,141,57
9057,2042,HLTH,604,57
9057,2042,MANU,144,57
9057,2042,MING,5,57
9057,2042,OFFI,367,57
9057,2042,OTHR,1288,57
9057,2042,RETL,84,57
9057,2042,WSLE,63,57
9057,2043,AGRI,41,57
9057,2043,CONS,385,57
9057,2043,FOOD,38,57
9057,2043,GVED,840,57
9057,2043,HBJ,143,57
9057,2043,HLTH,616,57
9057,2043,MANU,145,57
9057,2043,MING,5,57
9057,2043,OFFI,371,57
9057,2043,OTHR,1315,57
9057,2043,RETL,69,57
9057,2043,WSLE,63,57
9057,2044,AGRI,40,57
9057,2044,CONS,382,57
9057,2044,FOOD,39,57
9057,2044,GVED,839,57
9057,2044,HBJ,145,57
9057,2044,HLTH,619,57
9057,2044,MANU,146,57
9057,2044,MING,5,57
9057,2044,OFFI,387,57
9057,2044,OTHR,1320,57
9057,2044,RETL,69,57
9057,2044,WSLE,63,57
9057,2045,AGRI,40,57
9057,2045,CONS,384,57
9057,2045,FOOD,39,57
9057,2045,GVED,845,57
9057,2045,HBJ,148,57
9057,2045,HLTH,626,57
9057,2045,MANU,147,57
9057,2045,MING,5,57
9057,2045,OFFI,391,57
9057,2045,OTHR,1332,57
9057,2045,RETL,70,57
9057,2045,WSLE,64,57
9057,2046,AGRI,40,57
9057,2046,CONS,391,57
9057,2046,FOOD,29,57
9057,2046,GVED,857,57
9057,2046,HBJ,152,57
9057,2046,HLTH,638,57
9057,2046,MANU,149,57
9057,2046,MING,5,57
9057,2046,OFFI,397,57
9057,2046,OTHR,1354,57
9057,2046,RETL,53,57
9057,2046,WSLE,64,57
9057,2047,AGRI,40,57
9057,2047,CONS,395,57
9057,2047,FOOD,29,57
9057,2047,GVED,861,57
9057,2047,HBJ,156,57
9057,2047,HLTH,643,57
9057,2047,MANU,150,57
9057,2047,MING,5,57
9057,2047,OFFI,415,57
9057,2047,OTHR,1359,57
9057,2047,RETL,53,57
9057,2047,WSLE,64,57
9057,2048,AGRI,40,57
9057,2048,CONS,401,57
9057,2048,FOOD,29,57
9057,2048,GVED,864,57
9057,2048,HBJ,159,57
9057,2048,HLTH,649,57
9057,2048,MANU,151,57
9057,2048,MING,5,57
9057,2048,OFFI,421,57
9057,2048,OTHR,1364,57
9057,2048,RETL,54,57
9057,2048,WSLE,64,57
9057,2049,AGRI,40,57
9057,2049,CONS,413,57
9057,2049,FOOD,20,57
9057,2049,GVED,877,57
9057,2049,HBJ,161,57
9057,2049,HLTH,660,57
9057,2049,MANU,153,57
9057,2049,MING,5,57
9057,2049,OFFI,429,57
9057,2049,OTHR,1383,57
9057,2049,RETL,36,57
9057,2049,WSLE,64,57
9057,2050,AGRI,40,57
9057,2050,CONS,423,57
9057,2050,FOOD,20,57
9057,2050,GVED,886,57
9057,2050,HBJ,165,57
9057,2050,HLTH,667,57
9057,2050,MANU,154,57
9057,2050,MING,5,57
9057,2050,OFFI,435,57
9057,2050,OTHR,1392,57
9057,2050,RETL,36,57
9057,2050,WSLE,65,57
9057,2051,AGRI,42,57
9057,2051,CONS,455,57
9057,2051,FOOD,20,57
9057,2051,GVED,936,57
9057,2051,HBJ,176,57
9057,2051,HLTH,710,57
9057,2051,MANU,156,57
9057,2051,MING,5,57
9057,2051,OFFI,453,57
9057,2051,OTHR,1474,57
9057,2051,RETL,37,57
9057,2051,WSLE,65,57
9057,2052,AGRI,42,57
9057,2052,CONS,469,57
9057,2052,FOOD,10,57
9057,2052,GVED,948,57
9057,2052,HBJ,179,57
9057,2052,HLTH,721,57
9057,2052,MANU,157,57
9057,2052,MING,5,57
9057,2052,OFFI,458,57
9057,2052,OTHR,1493,57
9057,2052,RETL,19,57
9057,2052,WSLE,65,57
9057,2053,AGRI,42,57
9057,2053,CONS,479,57
9057,2053,FOOD,10,57
9057,2053,GVED,956,57
9057,2053,HBJ,182,57
9057,2053,HLTH,727,57
9057,2053,MANU,158,57
9057,2053,MING,5,57
9057,2053,OFFI,461,57
9057,2053,OTHR,1502,57
9057,2053,RETL,19,57
9057,2053,WSLE,65,57
9057,2054,AGRI,41,57
9057,2054,CONS,490,57
9057,2054,FOOD,10,57
9057,2054,GVED,962,57
9057,2054,HBJ,187,57
9057,2054,HLTH,734,57
9057,2054,MANU,158,57
9057,2054,MING,6,57
9057,2054,OFFI,463,57
9057,2054,OTHR,1509,57
9057,2054,RETL,19,57
9057,2054,WSLE,65,57
9057,2055,AGRI,41,57
9057,2055,CONS,499,57
9057,2055,FOOD,10,57
9057,2055,GVED,965,57
9057,2055,HBJ,189,57
9057,2055,HLTH,736,57
9057,2055,MANU,159,57
9057,2055,MING,6,57
9057,2055,OFFI,466,57
9057,2055,OTHR,1512,57
9057,2055,RETL,19,57
9057,2055,WSLE,65,57
9057,2056,AGRI,41,57
9057,2056,CONS,505,57
9057,2056,FOOD,10,57
9057,2056,GVED,968,57
9057,2056,HBJ,194,57
9057,2056,HLTH,741,57
9057,2056,MANU,160,57
9057,2056,MING,5,57
9057,2056,OFFI,481,57
9057,2056,OTHR,1516,57
9057,2056,RETL,20,57
9057,2056,WSLE,65,57
9057,2057,AGRI,41,57
9057,2057,CONS,510,57
9057,2057,FOOD,10,57
9057,2057,GVED,974,57
9057,2057,HBJ,195,57
9057,2057,HLTH,747,57
9057,2057,MANU,160,57
9057,2057,MING,5,57
9057,2057,OFFI,485,57
9057,2057,OTHR,1525,57
9057,2057,RETL,20,57
9057,2057,WSLE,66,57
9057,2058,AGRI,40,57
9057,2058,CONS,513,57
9057,2058,FOOD,10,57
9057,2058,GVED,976,57
9057,2058,HBJ,199,57
9057,2058,HLTH,751,57
9057,2058,MANU,161,57
9057,2058,MING,5,57
9057,2058,OFFI,487,57
9057,2058,OTHR,1527,57
9057,2058,RETL,20,57
9057,2058,WSLE,66,57
9057,2059,AGRI,40,57
9057,2059,CONS,517,57
9057,2059,FOOD,10,57
9057,2059,GVED,981,57
9057,2059,HBJ,200,57
9057,2059,HLTH,757,57
9057,2059,MANU,162,57
9057,2059,MING,5,57
9057,2059,OFFI,491,57
9057,2059,OTHR,1534,57
9057,2059,RETL,20,57
9057,2059,WSLE,66,57
9057,2060,AGRI,40,57
9057,2060,CONS,520,57
9057,2060,FOOD,10,57
9057,2060,GVED,990,57
9057,2060,HBJ,203,57
9057,2060,HLTH,764,57
9057,2060,MANU,163,57
9057,2060,MING,5,57
9057,2060,OFFI,493,57
9057,2060,OTHR,1540,57
9057,2060,RETL,20,57
9057,2060,WSLE,66,57
9057,2061,AGRI,39,57
9057,2061,CONS,521,57
9057,2061,FOOD,10,57
9057,2061,GVED,987,57
9057,2061,HBJ,207,57
9057,2061,HLTH,766,57
9057,2061,MANU,163,57
9057,2061,MING,5,57
9057,2061,OFFI,509,57
9057,2061,OTHR,1541,57
9057,2061,RETL,20,57
9057,2061,WSLE,66,57
9057,2062,AGRI,39,57
9057,2062,CONS,521,57
9057,2062,FOOD,10,57
9057,2062,GVED,988,57
9057,2062,HBJ,208,57
9057,2062,HLTH,770,57
9057,2062,MANU,164,57
9057,2062,MING,5,57
9057,2062,OFFI,512,57
9057,2062,OTHR,1543,57
9057,2062,RETL,20,57
9057,2062,WSLE,66,57
9057,2063,AGRI,39,57
9057,2063,CONS,522,57
9057,2063,FOOD,10,57
9057,2063,GVED,992,57
9057,2063,HBJ,213,57
9057,2063,HLTH,776,57
9057,2063,MANU,165,57
9057,2063,MING,5,57
9057,2063,OFFI,514,57
9057,2063,OTHR,1549,57
9057,2063,RETL,20,57
9057,2063,WSLE,66,57
9057,2064,AGRI,39,57
9057,2064,CONS,524,57
9057,2064,FOOD,10,57
9057,2064,GVED,996,57
9057,2064,HBJ,216,57
9057,2064,HLTH,781,57
9057,2064,MANU,166,57
9057,2064,MING,5,57
9057,2064,OFFI,517,57
9057,2064,OTHR,1556,57
9057,2064,RETL,19,57
9057,2064,WSLE,67,57
9057,2065,AGRI,38,57
9057,2065,CONS,526,57
9057,2065,FOOD,10,57
9057,2065,GVED,1000,57
9057,2065,HBJ,219,57
9057,2065,HLTH,787,57
9057,2065,MANU,167,57
9057,2065,MING,5,57
9057,2065,OFFI,519,57
9057,2065,OTHR,1564,57
9057,2065,RETL,19,57
9057,2065,WSLE,67,57
9103,2023,AGRI,979,3
9103,2023,CONS,1588,3
9103,2023,FOOD,1303,3
9103,2023,GVED,2159,3
9103,2023,HBJ,637,3
9103,2023,HLTH,1236,3
9103,2023,MANU,2955,3
9103,2023,MING,52,3
9103,2023,OFFI,902,3
9103,2023,OTHR,3513,3
9103,2023,RETL,1972,3
9103,2023,WSLE,1162,3
9103,2024,AGRI,973,3
9103,2024,CONS,1854,3
9103,2024,FOOD,1204,3
9103,2024,GVED,2297,3
9103,2024,HBJ,624,3
9103,2024,HLTH,1291,3
9103,2024,MANU,2754,3
9103,2024,MING,57,3
9103,2024,OFFI,942,3
9103,2024,OTHR,3285,3
9103,2024,RETL,1999,3
9103,2024,WSLE,1182,3
9103,2025,AGRI,973,3
9103,2025,CONS,1897,3
9103,2025,FOOD,1207,3
9103,2025,GVED,2339,3
9103,2025,HBJ,680,3
9103,2025,HLTH,1344,3
9103,2025,MANU,2798,3
9103,2025,MING,58,3
9103,2025,OFFI,948,3
9103,2025,OTHR,3334,3
9103,2025,RETL,2009,3
9103,2025,WSLE,1228,3
9103,2026,AGRI,972,3
9103,2026,CONS,1934,3
9103,2026,FOOD,1222,3
9103,2026,GVED,2353,3
9103,2026,HBJ,691,3
9103,2026,HLTH,1380,3
9103,2026,MANU,2827,3
9103,2026,MING,59,3
9103,2026,OFFI,938,3
9103,2026,OTHR,3361,3
9103,2026,RETL,2010,3
9103,2026,WSLE,1263,3
9103,2027,AGRI,971,3
9103,2027,CONS,1984,3
9103,2027,FOOD,1226,3
9103,2027,GVED,2385,3
9103,2027,HBJ,706,3
9103,2027,HLTH,1417,3
9103,2027,MANU,2849,3
9103,2027,MING,61,3
9103,2027,OFFI,930,3
9103,2027,OTHR,3409,3
9103,2027,RETL,2031,3
9103,2027,WSLE,1295,3
9103,2028,AGRI,969,3
9103,2028,CONS,2045,3
9103,2028,FOOD,1233,3
9103,2028,GVED,2411,3
9103,2028,HBJ,721,3
9103,2028,HLTH,1445,3
9103,2028,MANU,2871,3
9103,2028,MING,59,3
9103,2028,OFFI,929,3
9103,2028,OTHR,3464,3
9103,2028,RETL,2046,3
9103,2028,WSLE,1320,3
9103,2029,AGRI,963,3
9103,2029,CONS,2101,3
9103,2029,FOOD,1235,3
9103,2029,GVED,2429,3
9103,2029,HBJ,736,3
9103,2029,HLTH,1466,3
9103,2029,MANU,2912,3
9103,2029,MING,56,3
9103,2029,OFFI,934,3
9103,2029,OTHR,3513,3
9103,2029,RETL,2065,3
9103,2029,WSLE,1345,3
9103,2030,AGRI,960,3
9103,2030,CONS,2145,3
9103,2030,FOOD,1231,3
9103,2030,GVED,2451,3
9103,2030,HBJ,754,3
9103,2030,HLTH,1495,3
9103,2030,MANU,2972,3
9103,2030,MING,55,3
9103,2030,OFFI,940,3
9103,2030,OTHR,3564,3
9103,2030,RETL,2093,3
9103,2030,WSLE,1370,3
9103,2031,AGRI,957,3
9103,2031,CONS,2169,3
9103,2031,FOOD,1221,3
9103,2031,GVED,2457,3
9103,2031,HBJ,769,3
9103,2031,HLTH,1517,3
9103,2031,MANU,3023,3
9103,2031,MING,55,3
9103,2031,OFFI,944,3
9103,2031,OTHR,3598,3
9103,2031,RETL,2124,3
9103,2031,WSLE,1392,3
9103,2032,AGRI,957,3
9103,2032,CONS,2198,3
9103,2032,FOOD,1213,3
9103,2032,GVED,2474,3
9103,2032,HBJ,787,3
9103,2032,HLTH,1543,3
9103,2032,MANU,3070,3
9103,2032,MING,59,3
9103,2032,OFFI,947,3
9103,2032,OTHR,3649,3
9103,2032,RETL,2145,3
9103,2032,WSLE,1411,3
9103,2033,AGRI,958,3
9103,2033,CONS,2222,3
9103,2033,FOOD,1213,3
9103,2033,GVED,2479,3
9103,2033,HBJ,804,3
9103,2033,HLTH,1561,3
9103,2033,MANU,3107,3
9103,2033,MING,62,3
9103,2033,OFFI,956,3
9103,2033,OTHR,3688,3
9103,2033,RETL,2162,3
9103,2033,WSLE,1429,3
9103,2034,AGRI,956,3
9103,2034,CONS,2250,3
9103,2034,FOOD,1257,3
9103,2034,GVED,2492,3
9103,2034,HBJ,823,3
9103,2034,HLTH,1582,3
9103,2034,MANU,3126,3
9103,2034,MING,65,3
9103,2034,OFFI,968,3
9103,2034,OTHR,3775,3
9103,2034,RETL,2186,3
9103,2034,WSLE,1418,3
9103,2035,AGRI,959,3
9103,2035,CONS,2267,3
9103,2035,FOOD,1208,3
9103,2035,GVED,2499,3
9103,2035,HBJ,831,3
9103,2035,HLTH,1589,3
9103,2035,MANU,3146,3
9103,2035,MING,66,3
9103,2035,OFFI,978,3
9103,2035,OTHR,3708,3
9103,2035,RETL,2181,3
9103,2035,WSLE,1392,3
9103,2036,AGRI,964,3
9103,2036,CONS,2289,3
9103,2036,FOOD,1214,3
9103,2036,GVED,2520,3
9103,2036,HBJ,846,3
9103,2036,HLTH,1607,3
9103,2036,MANU,3183,3
9103,2036,MING,66,3
9103,2036,OFFI,988,3
9103,2036,OTHR,3748,3
9103,2036,RETL,2191,3
9103,2036,WSLE,1372,3
9103,2037,AGRI,966,3
9103,2037,CONS,2294,3
9103,2037,FOOD,1222,3
9103,2037,GVED,2535,3
9103,2037,HBJ,860,3
9103,2037,HLTH,1622,3
9103,2037,MANU,3220,3
9103,2037,MING,65,3
9103,2037,OFFI,997,3
9103,2037,OTHR,3787,3
9103,2037,RETL,2207,3
9103,2037,WSLE,1357,3
9103,2038,AGRI,966,3
9103,2038,CONS,2295,3
9103,2038,FOOD,1227,3
9103,2038,GVED,2553,3
9103,2038,HBJ,877,3
9103,2038,HLTH,1641,3
9103,2038,MANU,3254,3
9103,2038,MING,66,3
9103,2038,OFFI,1005,3
9103,2038,OTHR,3839,3
9103,2038,RETL,2228,3
9103,2038,WSLE,1348,3
9103,2039,AGRI,967,3
9103,2039,CONS,2297,3
9103,2039,FOOD,1233,3
9103,2039,GVED,2575,3
9103,2039,HBJ,892,3
9103,2039,HLTH,1659,3
9103,2039,MANU,3285,3
9103,2039,MING,66,3
9103,2039,OFFI,1013,3
9103,2039,OTHR,3891,3
9103,2039,RETL,2250,3
9103,2039,WSLE,1340,3
9103,2040,AGRI,968,3
9103,2040,CONS,2295,3
9103,2040,FOOD,1239,3
9103,2040,GVED,2597,3
9103,2040,HBJ,910,3
9103,2040,HLTH,1677,3
9103,2040,MANU,3312,3
9103,2040,MING,66,3
9103,2040,OFFI,1021,3
9103,2040,OTHR,3939,3
9103,2040,RETL,2273,3
9103,2040,WSLE,1331,3
9103,2041,AGRI,970,3
9103,2041,CONS,2289,3
9103,2041,FOOD,1244,3
9103,2041,GVED,2618,3
9103,2041,HBJ,924,3
9103,2041,HLTH,1694,3
9103,2041,MANU,3336,3
9103,2041,MING,67,3
9103,2041,OFFI,1027,3
9103,2041,OTHR,3982,3
9103,2041,RETL,2293,3
9103,2041,WSLE,1324,3
9103,2042,AGRI,970,3
9103,2042,CONS,2287,3
9103,2042,FOOD,1250,3
9103,2042,GVED,2637,3
9103,2042,HBJ,942,3
9103,2042,HLTH,1708,3
9103,2042,MANU,3357,3
9103,2042,MING,68,3
9103,2042,OFFI,1038,3
9103,2042,OTHR,4027,3
9103,2042,RETL,2315,3
9103,2042,WSLE,1320,3
9103,2043,AGRI,970,3
9103,2043,CONS,2285,3
9103,2043,FOOD,1254,3
9103,2043,GVED,2658,3
9103,2043,HBJ,958,3
9103,2043,HLTH,1718,3
9103,2043,MANU,3372,3
9103,2043,MING,69,3
9103,2043,OFFI,1047,3
9103,2043,OTHR,4064,3
9103,2043,RETL,2337,3
9103,2043,WSLE,1313,3
9103,2044,AGRI,970,3
9103,2044,CONS,2281,3
9103,2044,FOOD,1256,3
9103,2044,GVED,2678,3
9103,2044,HBJ,973,3
9103,2044,HLTH,1730,3
9103,2044,MANU,3386,3
9103,2044,MING,69,3
9103,2044,OFFI,1058,3
9103,2044,OTHR,4103,3
9103,2044,RETL,2352,3
9103,2044,WSLE,1308,3
9103,2045,AGRI,971,3
9103,2045,CONS,2287,3
9103,2045,FOOD,1259,3
9103,2045,GVED,2698,3
9103,2045,HBJ,988,3
9103,2045,HLTH,1743,3
9103,2045,MANU,3408,3
9103,2045,MING,69,3
9103,2045,OFFI,1067,3
9103,2045,OTHR,4137,3
9103,2045,RETL,2374,3
9103,2045,WSLE,1304,3
9103,2046,AGRI,970,3
9103,2046,CONS,2308,3
9103,2046,FOOD,1262,3
9103,2046,GVED,2719,3
9103,2046,HBJ,1004,3
9103,2046,HLTH,1754,3
9103,2046,MANU,3430,3
9103,2046,MING,70,3
9103,2046,OFFI,1082,3
9103,2046,OTHR,4171,3
9103,2046,RETL,2395,3
9103,2046,WSLE,1298,3
9103,2047,AGRI,970,3
9103,2047,CONS,2341,3
9103,2047,FOOD,1262,3
9103,2047,GVED,2739,3
9103,2047,HBJ,1024,3
9103,2047,HLTH,1767,3
9103,2047,MANU,3451,3
9103,2047,MING,70,3
9103,2047,OFFI,1098,3
9103,2047,OTHR,4198,3
9103,2047,RETL,2411,3
9103,2047,WSLE,1292,3
9103,2048,AGRI,971,3
9103,2048,CONS,2382,3
9103,2048,FOOD,1265,3
9103,2048,GVED,2757,3
9103,2048,HBJ,1038,3
9103,2048,HLTH,1777,3
9103,2048,MANU,3475,3
9103,2048,MING,71,3
9103,2048,OFFI,1115,3
9103,2048,OTHR,4221,3
9103,2048,RETL,2433,3
9103,2048,WSLE,1287,3
9103,2049,AGRI,971,3
9103,2049,CONS,2433,3
9103,2049,FOOD,1267,3
9103,2049,GVED,2778,3
9103,2049,HBJ,1057,3
9103,2049,HLTH,1787,3
9103,2049,MANU,3499,3
9103,2049,MING,73,3
9103,2049,OFFI,1132,3
9103,2049,OTHR,4243,3
9103,2049,RETL,2451,3
9103,2049,WSLE,1281,3
9103,2050,AGRI,971,3
9103,2050,CONS,2487,3
9103,2050,FOOD,1268,3
9103,2050,GVED,2799,3
9103,2050,HBJ,1076,3
9103,2050,HLTH,1797,3
9103,2050,MANU,3523,3
9103,2050,MING,74,3
9103,2050,OFFI,1147,3
9103,2050,OTHR,4265,3
9103,2050,RETL,2467,3
9103,2050,WSLE,1275,3
9103,2051,AGRI,968,3
9103,2051,CONS,2536,3
9103,2051,FOOD,1269,3
9103,2051,GVED,2807,3
9103,2051,HBJ,1092,3
9103,2051,HLTH,1799,3
9103,2051,MANU,3549,3
9103,2051,MING,74,3
9103,2051,OFFI,1160,3
9103,2051,OTHR,4271,3
9103,2051,RETL,2486,3
9103,2051,WSLE,1269,3
9103,2052,AGRI,968,3
9103,2052,CONS,2593,3
9103,2052,FOOD,1269,3
9103,2052,GVED,2825,3
9103,2052,HBJ,1109,3
9103,2052,HLTH,1806,3
9103,2052,MANU,3572,3
9103,2052,MING,75,3
9103,2052,OFFI,1169,3
9103,2052,OTHR,4289,3
9103,2052,RETL,2501,3
9103,2052,WSLE,1263,3
9103,2053,AGRI,968,3
9103,2053,CONS,2649,3
9103,2053,FOOD,1268,3
9103,2053,GVED,2843,3
9103,2053,HBJ,1126,3
9103,2053,HLTH,1814,3
9103,2053,MANU,3590,3
9103,2053,MING,76,3
9103,2053,OFFI,1175,3
9103,2053,OTHR,4311,3
9103,2053,RETL,2513,3
9103,2053,WSLE,1257,3
9103,2054,AGRI,967,3
9103,2054,CONS,2708,3
9103,2054,FOOD,1268,3
9103,2054,GVED,2860,3
9103,2054,HBJ,1144,3
9103,2054,HLTH,1818,3
9103,2054,MANU,3605,3
9103,2054,MING,77,3
9103,2054,OFFI,1180,3
9103,2054,OTHR,4325,3
9103,2054,RETL,2529,3
9103,2054,WSLE,1251,3
9103,2055,AGRI,962,3
9103,2055,CONS,2759,3
9103,2055,FOOD,1265,3
9103,2055,GVED,2870,3
9103,2055,HBJ,1160,3
9103,2055,HLTH,1816,3
9103,2055,MANU,3616,3
9103,2055,MING,77,3
9103,2055,OFFI,1183,3
9103,2055,OTHR,4329,3
9103,2055,RETL,2540,3
9103,2055,WSLE,1246,3
9103,2056,AGRI,962,3
9103,2056,CONS,2803,3
9103,2056,FOOD,1262,3
9103,2056,GVED,2888,3
9103,2056,HBJ,1175,3
9103,2056,HLTH,1824,3
9103,2056,MANU,3624,3
9103,2056,MING,78,3
9103,2056,OFFI,1186,3
9103,2056,OTHR,4348,3
9103,2056,RETL,2546,3
9103,2056,WSLE,1241,3
9103,2057,AGRI,962,3
9103,2057,CONS,2834,3
9103,2057,FOOD,1256,3
9103,2057,GVED,2904,3
9103,2057,HBJ,1191,3
9103,2057,HLTH,1831,3
9103,2057,MANU,3633,3
9103,2057,MING,77,3
9103,2057,OFFI,1191,3
9103,2057,OTHR,4365,3
9103,2057,RETL,2549,3
9103,2057,WSLE,1236,3
9103,2058,AGRI,959,3
9103,2058,CONS,2853,3
9103,2058,FOOD,1251,3
9103,2058,GVED,2911,3
9103,2058,HBJ,1200,3
9103,2058,HLTH,1832,3
9103,2058,MANU,3645,3
9103,2058,MING,75,3
9103,2058,OFFI,1196,3
9103,2058,OTHR,4369,3
9103,2058,RETL,2553,3
9103,2058,WSLE,1232,3
9103,2059,AGRI,958,3
9103,2059,CONS,2873,3
9103,2059,FOOD,1246,3
9103,2059,GVED,2924,3
9103,2059,HBJ,1217,3
9103,2059,HLTH,1837,3
9103,2059,MANU,3655,3
9103,2059,MING,75,3
9103,2059,OFFI,1199,3
9103,2059,OTHR,4380,3
9103,2059,RETL,2558,3
9103,2059,WSLE,1226,3
9103,2060,AGRI,956,3
9103,2060,CONS,2895,3
9103,2060,FOOD,1241,3
9103,2060,GVED,2941,3
9103,2060,HBJ,1231,3
9103,2060,HLTH,1845,3
9103,2060,MANU,3666,3
9103,2060,MING,74,3
9103,2060,OFFI,1203,3
9103,2060,OTHR,4397,3
9103,2060,RETL,2561,3
9103,2060,WSLE,1221,3
9103,2061,AGRI,952,3
9103,2061,CONS,2909,3
9103,2061,FOOD,1235,3
9103,2061,GVED,2944,3
9103,2061,HBJ,1245,3
9103,2061,HLTH,1846,3
9103,2061,MANU,3677,3
9103,2061,MING,74,3
9103,2061,OFFI,1207,3
9103,2061,OTHR,4399,3
9103,2061,RETL,2566,3
9103,2061,WSLE,1217,3
9103,2062,AGRI,952,3
9103,2062,CONS,2933,3
9103,2062,FOOD,1231,3
9103,2062,GVED,2959,3
9103,2062,HBJ,1260,3
9103,2062,HLTH,1853,3
9103,2062,MANU,3688,3
9103,2062,MING,74,3
9103,2062,OFFI,1210,3
9103,2062,OTHR,4418,3
9103,2062,RETL,2570,3
9103,2062,WSLE,1211,3
9103,2063,AGRI,951,3
9103,2063,CONS,2954,3
9103,2063,FOOD,1227,3
9103,2063,GVED,2974,3
9103,2063,HBJ,1274,3
9103,2063,HLTH,1859,3
9103,2063,MANU,3702,3
9103,2063,MING,73,3
9103,2063,OFFI,1213,3
9103,2063,OTHR,4437,3
9103,2063,RETL,2574,3
9103,2063,WSLE,1206,3
9103,2064,AGRI,948,3
9103,2064,CONS,2966,3
9103,2064,FOOD,1224,3
9103,2064,GVED,2980,3
9103,2064,HBJ,1286,3
9103,2064,HLTH,1861,3
9103,2064,MANU,3715,3
9103,2064,MING,73,3
9103,2064,OFFI,1217,3
9103,2064,OTHR,4442,3
9103,2064,RETL,2579,3
9103,2064,WSLE,1202,3
9103,2065,AGRI,947,3
9103,2065,CONS,2985,3
9103,2065,FOOD,1220,3
9103,2065,GVED,2994,3
9103,2065,HBJ,1303,3
9103,2065,HLTH,1867,3
9103,2065,MANU,3729,3
9103,2065,MING,72,3
9103,2065,OFFI,1219,3
9103,2065,OTHR,4462,3
9103,2065,RETL,2583,3
9103,2065,WSLE,1197,3
9157,2023,AGRI,1559,57
9157,2023,CONS,10622,57
9157,2023,FOOD,9456,57
9157,2023,GVED,25956,57
9157,2023,HBJ,3691,57
9157,2023,HLTH,15628,57
9157,2023,MANU,19151,57
9157,2023,MING,205,57
9157,2023,OFFI,10690,57
9157,2023,OTHR,36953,57
9157,2023,RETL,15636,57
9157,2023,WSLE,10245,57
9157,2024,AGRI,1557,57
9157,2024,CONS,11230,57
9157,2024,FOOD,9773,57
9157,2024,GVED,26606,57
9157,2024,HBJ,3687,57
9157,2024,HLTH,15726,57
9157,2024,MANU,20222,57
9157,2024,MING,151,57
9157,2024,OFFI,9717,57
9157,2024,OTHR,37400,57
9157,2024,RETL,15348,57
9157,2024,WSLE,10449,57
9157,2025,AGRI,1542,57
9157,2025,CONS,11378,57
9157,2025,FOOD,9750,57
9157,2025,GVED,26942,57
9157,2025,HBJ,4060,57
9157,2025,HLTH,16293,57
9157,2025,MANU,20455,57
9157,2025,MING,150,57
9157,2025,OFFI,9774,57
9157,2025,OTHR,37711,57
9157,2025,RETL,15349,57
9157,2025,WSLE,10598,57
9157,2026,AGRI,1537,57
9157,2026,CONS,11496,57
9157,2026,FOOD,9799,57
9157,2026,GVED,27081,57
9157,2026,HBJ,4143,57
9157,2026,HLTH,16764,57
9157,2026,MANU,20486,57
9157,2026,MING,155,57
9157,2026,OFFI,9670,57
9157,2026,OTHR,38084,57
9157,2026,RETL,15262,57
9157,2026,WSLE,10639,57
9157,2027,AGRI,1527,57
9157,2027,CONS,11656,57
9157,2027,FOOD,9798,57
9157,2027,GVED,27220,57
9157,2027,HBJ,4230,57
9157,2027,HLTH,17169,57
9157,2027,MANU,20548,57
9157,2027,MING,158,57
9157,2027,OFFI,9565,57
9157,2027,OTHR,38416,57
9157,2027,RETL,15344,57
9157,2027,WSLE,10721,57
9157,2028,AGRI,1513,57
9157,2028,CONS,11902,57
9157,2028,FOOD,9768,57
9157,2028,GVED,27315,57
9157,2028,HBJ,4314,57
9157,2028,HLTH,17456,57
9157,2028,MANU,20617,57
9157,2028,MING,151,57
9157,2028,OFFI,9547,57
9157,2028,OTHR,38891,57
9157,2028,RETL,15335,57
9157,2028,WSLE,10721,57
9157,2029,AGRI,1500,57
9157,2029,CONS,12187,57
9157,2029,FOOD,9718,57
9157,2029,GVED,27427,57
9157,2029,HBJ,4410,57
9157,2029,HLTH,17718,57
9157,2029,MANU,20818,57
9157,2029,MING,142,57
9157,2029,OFFI,9583,57
9157,2029,OTHR,39449,57
9157,2029,RETL,15382,57
9157,2029,WSLE,10736,57
9157,2030,AGRI,1487,57
9157,2030,CONS,12378,57
9157,2030,FOOD,9625,57
9157,2030,GVED,27640,57
9157,2030,HBJ,4510,57
9157,2030,HLTH,18021,57
9157,2030,MANU,21108,57
9157,2030,MING,140,57
9157,2030,OFFI,9627,57
9157,2030,OTHR,39910,57
9157,2030,RETL,15509,57
9157,2030,WSLE,10726,57
9157,2031,AGRI,1476,57
9157,2031,CONS,12492,57
9157,2031,FOOD,9494,57
9157,2031,GVED,27538,57
9157,2031,HBJ,4593,57
9157,2031,HLTH,18306,57
9157,2031,MANU,21382,57
9157,2031,MING,140,57
9157,2031,OFFI,9666,57
9157,2031,OTHR,40266,57
9157,2031,RETL,15676,57
9157,2031,WSLE,10736,57
9157,2032,AGRI,1464,57
9157,2032,CONS,12604,57
9157,2032,FOOD,9390,57
9157,2032,GVED,27532,57
9157,2032,HBJ,4686,57
9157,2032,HLTH,18567,57
9157,2032,MANU,21614,57
9157,2032,MING,147,57
9157,2032,OFFI,9701,57
9157,2032,OTHR,40663,57
9157,2032,RETL,15781,57
9157,2032,WSLE,10727,57
9157,2033,AGRI,1463,57
9157,2033,CONS,12775,57
9157,2033,FOOD,9361,57
9157,2033,GVED,27573,57
9157,2033,HBJ,4776,57
9157,2033,HLTH,18829,57
9157,2033,MANU,21818,57
9157,2033,MING,155,57
9157,2033,OFFI,9787,57
9157,2033,OTHR,41137,57
9157,2033,RETL,15880,57
9157,2033,WSLE,10716,57
9157,2034,AGRI,1460,57
9157,2034,CONS,13007,57
9157,2034,FOOD,9653,57
9157,2034,GVED,27693,57
9157,2034,HBJ,4906,57
9157,2034,HLTH,19165,57
9157,2034,MANU,22002,57
9157,2034,MING,162,57
9157,2034,OFFI,9931,57
9157,2034,OTHR,42086,57
9157,2034,RETL,16001,57
9157,2034,WSLE,10714,57
9157,2035,AGRI,1454,57
9157,2035,CONS,13066,57
9157,2035,FOOD,9248,57
9157,2035,GVED,27692,57
9157,2035,HBJ,4939,57
9157,2035,HLTH,19242,57
9157,2035,MANU,22155,57
9157,2035,MING,164,57
9157,2035,OFFI,10019,57
9157,2035,OTHR,41406,57
9157,2035,RETL,15910,57
9157,2035,WSLE,10563,57
9157,2036,AGRI,1448,57
9157,2036,CONS,13166,57
9157,2036,FOOD,9273,57
9157,2036,GVED,27759,57
9157,2036,HBJ,5034,57
9157,2036,HLTH,19434,57
9157,2036,MANU,22450,57
9157,2036,MING,163,57
9157,2036,OFFI,10142,57
9157,2036,OTHR,41689,57
9157,2036,RETL,15979,57
9157,2036,WSLE,10489,57
9157,2037,AGRI,1445,57
9157,2037,CONS,13212,57
9157,2037,FOOD,9314,57
9157,2037,GVED,27877,57
9157,2037,HBJ,5131,57
9157,2037,HLTH,19657,57
9157,2037,MANU,22753,57
9157,2037,MING,162,57
9157,2037,OFFI,10237,57
9157,2037,OTHR,42113,57
9157,2037,RETL,16082,57
9157,2037,WSLE,10445,57
9157,2038,AGRI,1441,57
9157,2038,CONS,13232,57
9157,2038,FOOD,9335,57
9157,2038,GVED,28013,57
9157,2038,HBJ,5235,57
9157,2038,HLTH,19922,57
9157,2038,MANU,23026,57
9157,2038,MING,162,57
9157,2038,OFFI,10345,57
9157,2038,OTHR,42695,57
9157,2038,RETL,16218,57
9157,2038,WSLE,10452,57
9157,2039,AGRI,1437,57
9157,2039,CONS,13259,57
9157,2039,FOOD,9361,57
9157,2039,GVED,28188,57
9157,2039,HBJ,5348,57
9157,2039,HLTH,20184,57
9157,2039,MANU,23279,57
9157,2039,MING,162,57
9157,2039,OFFI,10444,57
9157,2039,OTHR,43273,57
9157,2039,RETL,16368,57
9157,2039,WSLE,10464,57
9157,2040,AGRI,1431,57
9157,2040,CONS,13243,57
9157,2040,FOOD,9380,57
9157,2040,GVED,28418,57
9157,2040,HBJ,5455,57
9157,2040,HLTH,20435,57
9157,2040,MANU,23518,57
9157,2040,MING,161,57
9157,2040,OFFI,10538,57
9157,2040,OTHR,43735,57
9157,2040,RETL,16506,57
9157,2040,WSLE,10476,57
9157,2041,AGRI,1426,57
9157,2041,CONS,13216,57
9157,2041,FOOD,9418,57
9157,2041,GVED,28476,57
9157,2041,HBJ,5556,57
9157,2041,HLTH,20688,57
9157,2041,MANU,23709,57
9157,2041,MING,162,57
9157,2041,OFFI,10626,57
9157,2041,OTHR,44222,57
9157,2041,RETL,16672,57
9157,2041,WSLE,10484,57
9157,2042,AGRI,1421,57
9157,2042,CONS,13217,57
9157,2042,FOOD,9433,57
9157,2042,GVED,28649,57
9157,2042,HBJ,5667,57
9157,2042,HLTH,20940,57
9157,2042,MANU,23911,57
9157,2042,MING,164,57
9157,2042,OFFI,10758,57
9157,2042,OTHR,44720,57
9157,2042,RETL,16812,57
9157,2042,WSLE,10518,57
9157,2043,AGRI,1415,57
9157,2043,CONS,13221,57
9157,2043,FOOD,9470,57
9157,2043,GVED,28831,57
9157,2043,HBJ,5773,57
9157,2043,HLTH,21153,57
9157,2043,MANU,24065,57
9157,2043,MING,166,57
9157,2043,OFFI,10867,57
9157,2043,OTHR,45159,57
9157,2043,RETL,16972,57
9157,2043,WSLE,10548,57
9157,2044,AGRI,1412,57
9157,2044,CONS,13218,57
9157,2044,FOOD,9485,57
9157,2044,GVED,29031,57
9157,2044,HBJ,5879,57
9157,2044,HLTH,21399,57
9157,2044,MANU,24222,57
9157,2044,MING,166,57
9157,2044,OFFI,10983,57
9157,2044,OTHR,45647,57
9157,2044,RETL,17111,57
9157,2044,WSLE,10580,57
9157,2045,AGRI,1407,57
9157,2045,CONS,13274,57
9157,2045,FOOD,9511,57
9157,2045,GVED,29238,57
9157,2045,HBJ,5995,57
9157,2045,HLTH,21656,57
9157,2045,MANU,24424,57
9157,2045,MING,165,57
9157,2045,OFFI,11104,57
9157,2045,OTHR,46093,57
9157,2045,RETL,17271,57
9157,2045,WSLE,10609,57
9157,2046,AGRI,1400,57
9157,2046,CONS,13413,57
9157,2046,FOOD,9536,57
9157,2046,GVED,29444,57
9157,2046,HBJ,6117,57
9157,2046,HLTH,21917,57
9157,2046,MANU,24632,57
9157,2046,MING,165,57
9157,2046,OFFI,11261,57
9157,2046,OTHR,46495,57
9157,2046,RETL,17447,57
9157,2046,WSLE,10641,57
9157,2047,AGRI,1395,57
9157,2047,CONS,13614,57
9157,2047,FOOD,9550,57
9157,2047,GVED,29662,57
9157,2047,HBJ,6235,57
9157,2047,HLTH,22175,57
9157,2047,MANU,24834,57
9157,2047,MING,166,57
9157,2047,OFFI,11434,57
9157,2047,OTHR,46854,57
9157,2047,RETL,17616,57
9157,2047,WSLE,10668,57
9157,2048,AGRI,1391,57
9157,2048,CONS,13876,57
9157,2048,FOOD,9580,57
9157,2048,GVED,29883,57
9157,2048,HBJ,6363,57
9157,2048,HLTH,22424,57
9157,2048,MANU,25046,57
9157,2048,MING,168,57
9157,2048,OFFI,11630,57
9157,2048,OTHR,47178,57
9157,2048,RETL,17791,57
9157,2048,WSLE,10695,57
9157,2049,AGRI,1384,57
9157,2049,CONS,14180,57
9157,2049,FOOD,9621,57
9157,2049,GVED,30096,57
9157,2049,HBJ,6488,57
9157,2049,HLTH,22665,57
9157,2049,MANU,25264,57
9157,2049,MING,171,57
9157,2049,OFFI,11822,57
9157,2049,OTHR,47482,57
9157,2049,RETL,17984,57
9157,2049,WSLE,10715,57
9157,2050,AGRI,1378,57
9157,2050,CONS,14507,57
9157,2050,FOOD,9658,57
9157,2050,GVED,30434,57
9157,2050,HBJ,6619,57
9157,2050,HLTH,22913,57
9157,2050,MANU,25484,57
9157,2050,MING,173,57
9157,2050,OFFI,11997,57
9157,2050,OTHR,47801,57
9157,2050,RETL,18169,57
9157,2050,WSLE,10738,57
9157,2051,AGRI,1371,57
9157,2051,CONS,14815,57
9157,2051,FOOD,9682,57
9157,2051,GVED,30478,57
9157,2051,HBJ,6739,57
9157,2051,HLTH,23097,57
9157,2051,MANU,25715,57
9157,2051,MING,173,57
9157,2051,OFFI,12125,57
9157,2051,OTHR,47992,57
9157,2051,RETL,18333,57
9157,2051,WSLE,10751,57
9157,2052,AGRI,1363,57
9157,2052,CONS,15152,57
9157,2052,FOOD,9721,57
9157,2052,GVED,30680,57
9157,2052,HBJ,6859,57
9157,2052,HLTH,23312,57
9157,2052,MANU,25929,57
9157,2052,MING,175,57
9157,2052,OFFI,12247,57
9157,2052,OTHR,48262,57
9157,2052,RETL,18527,57
9157,2052,WSLE,10767,57
9157,2053,AGRI,1357,57
9157,2053,CONS,15488,57
9157,2053,FOOD,9750,57
9157,2053,GVED,30892,57
9157,2053,HBJ,6982,57
9157,2053,HLTH,23514,57
9157,2053,MANU,26102,57
9157,2053,MING,177,57
9157,2053,OFFI,12332,57
9157,2053,OTHR,48553,57
9157,2053,RETL,18684,57
9157,2053,WSLE,10788,57
9157,2054,AGRI,1351,57
9157,2054,CONS,15834,57
9157,2054,FOOD,9773,57
9157,2054,GVED,31107,57
9157,2054,HBJ,7107,57
9157,2054,HLTH,23708,57
9157,2054,MANU,26258,57
9157,2054,MING,178,57
9157,2054,OFFI,12416,57
9157,2054,OTHR,48812,57
9157,2054,RETL,18839,57
9157,2054,WSLE,10804,57
9157,2055,AGRI,1343,57
9157,2055,CONS,16190,57
9157,2055,FOOD,9797,57
9157,2055,GVED,31312,57
9157,2055,HBJ,7232,57
9157,2055,HLTH,23889,57
9157,2055,MANU,26386,57
9157,2055,MING,178,57
9157,2055,OFFI,12486,57
9157,2055,OTHR,49078,57
9157,2055,RETL,18990,57
9157,2055,WSLE,10828,57
9157,2056,AGRI,1337,57
9157,2056,CONS,16441,57
9157,2056,FOOD,9807,57
9157,2056,GVED,31519,57
9157,2056,HBJ,7347,57
9157,2056,HLTH,24116,57
9157,2056,MANU,26485,57
9157,2056,MING,177,57
9157,2056,OFFI,12539,57
9157,2056,OTHR,49380,57
9157,2056,RETL,19103,57
9157,2056,WSLE,10860,57
9157,2057,AGRI,1330,57
9157,2057,CONS,16625,57
9157,2057,FOOD,9805,57
9157,2057,GVED,31711,57
9157,2057,HBJ,7462,57
9157,2057,HLTH,24324,57
9157,2057,MANU,26606,57
9157,2057,MING,174,57
9157,2057,OFFI,12613,57
9157,2057,OTHR,49638,57
9157,2057,RETL,19197,57
9157,2057,WSLE,10882,57
9157,2058,AGRI,1324,57
9157,2058,CONS,16768,57
9157,2058,FOOD,9801,57
9157,2058,GVED,31892,57
9157,2058,HBJ,7578,57
9157,2058,HLTH,24535,57
9157,2058,MANU,26729,57
9157,2058,MING,171,57
9157,2058,OFFI,12687,57
9157,2058,OTHR,49877,57
9157,2058,RETL,19285,57
9157,2058,WSLE,10902,57
9157,2059,AGRI,1315,57
9157,2059,CONS,16883,57
9157,2059,FOOD,9793,57
9157,2059,GVED,32063,57
9157,2059,HBJ,7688,57
9157,2059,HLTH,24741,57
9157,2059,MANU,26853,57
9157,2059,MING,168,57
9157,2059,OFFI,12760,57
9157,2059,OTHR,50093,57
9157,2059,RETL,19367,57
9157,2059,WSLE,10919,57
9157,2060,AGRI,1307,57
9157,2060,CONS,16976,57
9157,2060,FOOD,9784,57
9157,2060,GVED,32341,57
9157,2060,HBJ,7801,57
9157,2060,HLTH,24936,57
9157,2060,MANU,26973,57
9157,2060,MING,167,57
9157,2060,OFFI,12831,57
9157,2060,OTHR,50294,57
9157,2060,RETL,19439,57
9157,2060,WSLE,10934,57
9157,2061,AGRI,1300,57
9157,2061,CONS,17051,57
9157,2061,FOOD,9776,57
9157,2061,GVED,32351,57
9157,2061,HBJ,7904,57
9157,2061,HLTH,25135,57
9157,2061,MANU,27098,57
9157,2061,MING,166,57
9157,2061,OFFI,12886,57
9157,2061,OTHR,50510,57
9157,2061,RETL,19511,57
9157,2061,WSLE,10954,57
9157,2062,AGRI,1293,57
9157,2062,CONS,17127,57
9157,2062,FOOD,9770,57
9157,2062,GVED,32490,57
9157,2062,HBJ,8017,57
9157,2062,HLTH,25327,57
9157,2062,MANU,27230,57
9157,2062,MING,166,57
9157,2062,OFFI,12953,57
9157,2062,OTHR,50736,57
9157,2062,RETL,19590,57
9157,2062,WSLE,10972,57
9157,2063,AGRI,1285,57
9157,2063,CONS,17193,57
9157,2063,FOOD,9763,57
9157,2063,GVED,32627,57
9157,2063,HBJ,8131,57
9157,2063,HLTH,25518,57
9157,2063,MANU,27365,57
9157,2063,MING,165,57
9157,2063,OFFI,13016,57
9157,2063,OTHR,50966,57
9157,2063,RETL,19670,57
9157,2063,WSLE,10991,57
9157,2064,AGRI,1279,57
9157,2064,CONS,17254,57
9157,2064,FOOD,9755,57
9157,2064,GVED,32764,57
9157,2064,HBJ,8240,57
9157,2064,HLTH,25707,57
9157,2064,MANU,27504,57
9157,2064,MING,165,57
9157,2064,OFFI,13079,57
9157,2064,OTHR,51204,57
9157,2064,RETL,19753,57
9157,2064,WSLE,11010,57
9157,2065,AGRI,1272,57
9157,2065,CONS,17312,57
9157,2065,FOOD,9749,57
9157,2065,GVED,32900,57
9157,2065,HBJ,8354,57
9157,2065,HLTH,25893,57
9157,2065,MANU,27646,57
9157,2065,MING,164,57
9157,2065,OFFI,13138,57
9157,2065,OTHR,51444,57
9157,2065,RETL,19839,57
9157,2065,WSLE,11029,57
