CO_FIPS,VARIABLE,YEAR,VALUE
1,GQPOP,2023,299
1,HH,2023,2280
1,HHPOP,2023,7015
1,POP0017,2023,1942
1,POP1864,2023,4239
1,POP65P,2023,1133
1,TOTPOP,2023,7314
1,GQPOP,2025,369
1,HH,2025,2472
1,HHPOP,2025,7163
1,POP0017,2025,2071
1,POP1864,2025,4310
1,POP65P,2025,1152
1,TOTPOP,2025,7533
1,GQPOP,2026,351
1,HH,2026,2516
1,HHPOP,2026,7226
1,POP0017,2026,2030
1,POP1864,2026,4353
1,POP65P,2026,1194
1,TOTPOP,2026,7577
1,GQPOP,2027,295
1,HH,2027,2561
1,HHPOP,2027,7287
1,POP0017,2027,1996
1,POP1864,2027,4363
1,POP65P,2027,1223
1,TOTPOP,2027,7582
1,GQPOP,2028,303
1,HH,2028,2600
1,HHPOP,2028,7331
1,POP0017,2028,1971
1,POP1864,2028,4386
1,POP65P,2028,1277
1,TOTPOP,2028,7634
1,GQPOP,2029,311
1,HH,2029,2636
1,HHPOP,2029,7363
1,POP0017,2029,1946
1,POP1864,2029,4399
1,POP65P,2029,1329
1,TOTPOP,2029,7674
1,GQPOP,2030,304
1,HH,2030,2675
1,HHPOP,2030,7398
1,POP0017,2030,1924
1,POP1864,2030,4400
1,POP65P,2030,1379
1,TOTPOP,2030,7702
1,GQPOP,2031,308
1,HH,2031,2706
1,HHPOP,2031,7414
1,POP0017,2031,1896
1,POP1864,2031,4436
1,POP65P,2031,1391
1,TOTPOP,2031,7723
1,GQPOP,2032,307
1,HH,2032,2738
1,HHPOP,2032,7432
1,POP0017,2032,1865
1,POP1864,2032,4454
1,POP65P,2032,1421
1,TOTPOP,2032,7739
1,GQPOP,2033,306
1,HH,2033,2769
1,HHPOP,2033,7448
1,POP0017,2033,1833
1,POP1864,2033,4488
1,POP65P,2033,1432
1,TOTPOP,2033,7754
1,GQPOP,2034,310
1,HH,2034,2796
1,HHPOP,2034,7459
1,POP0017,2034,1809
1,POP1864,2034,4511
1,POP65P,2034,1448
1,TOTPOP,2034,7769
1,GQPOP,2035,311
1,HH,2035,2823
1,HHPOP,2035,7473
1,POP0017,2035,1789
1,POP1864,2035,4525
1,POP65P,2035,1468
1,TOTPOP,2035,7784
1,GQPOP,2036,318
1,HH,2036,2848
1,HHPOP,2036,7482
1,POP0017,2036,1777
1,POP1864,2036,4537
1,POP65P,2036,1486
1,TOTPOP,2036,7800
1,GQPOP,2037,312
1,HH,2037,2878
1,HHPOP,2037,7506
1,POP0017,2037,1752
1,POP1864,2037,4570
1,POP65P,2037,1497
1,TOTPOP,2037,7818
1,GQPOP,2038,312
1,HH,2038,2906
1,HHPOP,2038,7526
1,POP0017,2038,1728
1,POP1864,2038,4607
1,POP65P,2038,1504
1,TOTPOP,2038,7839
1,GQPOP,2039,309
1,HH,2039,2936
1,HHPOP,2039,7551
1,POP0017,2039,1718
1,POP1864,2039,4624
1,POP65P,2039,1518
1,TOTPOP,2039,7860
1,GQPOP,2040,298
1,HH,2040,2969
1,HHPOP,2040,7585
1,POP0017,2040,1688
1,POP1864,2040,4656
1,POP65P,2040,1538
1,TOTPOP,2040,7882
1,GQPOP,2041,296
1,HH,2041,2998
1,HHPOP,2041,7608
1,POP0017,2041,1667
1,POP1864,2041,4680
1,POP65P,2041,1556
1,TOTPOP,2041,7904
1,GQPOP,2042,303
1,HH,2042,3020
1,HHPOP,2042,7623
1,POP0017,2042,1649
1,POP1864,2042,4695
1,POP65P,2042,1581
1,TOTPOP,2042,7926
1,GQPOP,2043,304
1,HH,2043,3046
1,HHPOP,2043,7644
1,POP0017,2043,1636
1,POP1864,2043,4705
1,POP65P,2043,1607
1,TOTPOP,2043,7948
1,GQPOP,2044,309
1,HH,2044,3068
1,HHPOP,2044,7660
1,POP0017,2044,1624
1,POP1864,2044,4681
1,POP65P,2044,1664
1,TOTPOP,2044,7969
1,GQPOP,2045,304
1,HH,2045,3097
1,HHPOP,2045,7688
1,POP0017,2045,1610
1,POP1864,2045,4647
1,POP65P,2045,1735
1,TOTPOP,2045,7992
1,GQPOP,2046,306
1,HH,2046,3121
1,HHPOP,2046,7709
1,POP0017,2046,1598
1,POP1864,2046,4648
1,POP65P,2046,1770
1,TOTPOP,2046,8015
1,GQPOP,2047,296
1,HH,2047,3153
1,HHPOP,2047,7744
1,POP0017,2047,1582
1,POP1864,2047,4665
1,POP65P,2047,1792
1,TOTPOP,2047,8039
1,GQPOP,2048,293
1,HH,2048,3180
1,HHPOP,2048,7770
1,POP0017,2048,1568
1,POP1864,2048,4685
1,POP65P,2048,1812
1,TOTPOP,2048,8064
1,GQPOP,2049,292
1,HH,2049,3208
1,HHPOP,2049,7797
1,POP0017,2049,1551
1,POP1864,2049,4702
1,POP65P,2049,1834
1,TOTPOP,2049,8088
1,GQPOP,2050,294
1,HH,2050,3232
1,HHPOP,2050,7818
1,POP0017,2050,1534
1,POP1864,2050,4715
1,POP65P,2050,1864
1,TOTPOP,2050,8112
1,GQPOP,2051,293
1,HH,2051,3259
1,HHPOP,2051,7841
1,POP0017,2051,1516
1,POP1864,2051,4743
1,POP65P,2051,1876
1,TOTPOP,2051,8135
1,GQPOP,2052,297
1,HH,2052,3283
1,HHPOP,2052,7860
1,POP0017,2052,1496
1,POP1864,2052,4763
1,POP65P,2052,1898
1,TOTPOP,2052,8157
1,GQPOP,2053,298
1,HH,2053,3309
1,HHPOP,2053,7880
1,POP0017,2053,1475
1,POP1864,2053,4780
1,POP65P,2053,1922
1,TOTPOP,2053,8178
1,GQPOP,2054,297
1,HH,2054,3336
1,HHPOP,2054,7901
1,POP0017,2054,1454
1,POP1864,2054,4814
1,POP65P,2054,1930
1,TOTPOP,2054,8198
1,GQPOP,2055,293
1,HH,2055,3364
1,HHPOP,2055,7925
1,POP0017,2055,1431
1,POP1864,2055,4849
1,POP65P,2055,1938
1,TOTPOP,2055,8217
1,GQPOP,2056,293
1,HH,2056,3390
1,HHPOP,2056,7943
1,POP0017,2056,1407
1,POP1864,2056,4878
1,POP65P,2056,1951
1,TOTPOP,2056,8236
1,GQPOP,2057,298
1,HH,2057,3413
1,HHPOP,2057,7956
1,POP0017,2057,1383
1,POP1864,2057,4908
1,POP65P,2057,1963
1,TOTPOP,2057,8254
1,GQPOP,2058,298
1,HH,2058,3439
1,HHPOP,2058,7974
1,POP0017,2058,1361
1,POP1864,2058,4943
1,POP65P,2058,1968
1,TOTPOP,2058,8272
1,GQPOP,2059,302
1,HH,2059,3462
1,HHPOP,2059,7987
1,POP0017,2059,1339
1,POP1864,2059,4982
1,POP65P,2059,1969
1,TOTPOP,2059,8289
1,GQPOP,2060,300
1,HH,2060,3489
1,HHPOP,2060,8007
1,POP0017,2060,1318
1,POP1864,2060,4969
1,POP65P,2060,2020
1,TOTPOP,2060,8307
1,GQPOP,2061,301
1,HH,2061,3513
1,HHPOP,2061,8023
1,POP0017,2061,1300
1,POP1864,2061,4975
1,POP65P,2061,2048
1,TOTPOP,2061,8324
1,GQPOP,2062,296
1,HH,2062,3540
1,HHPOP,2062,8044
1,POP0017,2062,1283
1,POP1864,2062,4993
1,POP65P,2062,2064
1,TOTPOP,2062,8340
1,GQPOP,2063,297
1,HH,2063,3563
1,HHPOP,2063,8060
1,POP0017,2063,1268
1,POP1864,2063,5010
1,POP65P,2063,2079
1,TOTPOP,2063,8357
1,GQPOP,2064,296
1,HH,2064,3587
1,HHPOP,2064,8077
1,POP0017,2064,1255
1,POP1864,2064,5021
1,POP65P,2064,2097
1,TOTPOP,2064,8373
1,GQPOP,2065,293
1,HH,2065,3610
1,HHPOP,2065,8095
1,POP0017,2065,1245
1,POP1864,2065,4987
1,POP65P,2065,2156
1,TOTPOP,2065,8389
3,GQPOP,2023,166
3,HH,2023,20024
3,HHPOP,2023,61085
3,POP0017,2023,16811
3,POP1864,2023,35603
3,POP65P,2023,8837
3,TOTPOP,2023,61251
3,GQPOP,2025,167
3,HH,2025,21329
3,HHPOP,2025,62172
3,POP0017,2025,17661
3,POP1864,2025,35791
3,POP65P,2025,8887
3,TOTPOP,2025,62339
3,GQPOP,2026,166
3,HH,2026,21741
3,HHPOP,2026,62735
3,POP0017,2026,17359
3,POP1864,2026,36286
3,POP65P,2026,9256
3,TOTPOP,2026,62901
3,GQPOP,2027,165
3,HH,2027,22167
3,HHPOP,2027,63300
3,POP0017,2027,17052
3,POP1864,2027,36802
3,POP65P,2027,9610
3,TOTPOP,2027,63465
3,GQPOP,2028,165
3,HH,2028,22605
3,HHPOP,2028,63872
3,POP0017,2028,16794
3,POP1864,2028,37322
3,POP65P,2028,9920
3,TOTPOP,2028,64036
3,GQPOP,2029,165
3,HH,2029,23053
3,HHPOP,2029,64456
3,POP0017,2029,16596
3,POP1864,2029,37820
3,POP65P,2029,10205
3,TOTPOP,2029,64621
3,GQPOP,2030,167
3,HH,2030,23506
3,HHPOP,2030,65055
3,POP0017,2030,16414
3,POP1864,2030,38372
3,POP65P,2030,10436
3,TOTPOP,2030,65222
3,GQPOP,2031,168
3,HH,2031,23968
3,HHPOP,2031,65676
3,POP0017,2031,16206
3,POP1864,2031,38995
3,POP65P,2031,10642
3,TOTPOP,2031,65844
3,GQPOP,2032,168
3,HH,2032,24438
3,HHPOP,2032,66320
3,POP0017,2032,15998
3,POP1864,2032,39648
3,POP65P,2032,10843
3,TOTPOP,2032,66488
3,GQPOP,2033,167
3,HH,2033,24916
3,HHPOP,2033,66989
3,POP0017,2033,15764
3,POP1864,2033,40325
3,POP65P,2033,11066
3,TOTPOP,2033,67155
3,GQPOP,2034,165
3,HH,2034,25401
3,HHPOP,2034,67677
3,POP0017,2034,15550
3,POP1864,2034,41016
3,POP65P,2034,11275
3,TOTPOP,2034,67841
3,GQPOP,2035,164
3,HH,2035,25888
3,HHPOP,2035,68380
3,POP0017,2035,15428
3,POP1864,2035,41612
3,POP65P,2035,11504
3,TOTPOP,2035,68543
3,GQPOP,2036,163
3,HH,2036,26374
3,HHPOP,2036,69102
3,POP0017,2036,15360
3,POP1864,2036,42164
3,POP65P,2036,11740
3,TOTPOP,2036,69264
3,GQPOP,2037,162
3,HH,2037,26869
3,HHPOP,2037,69860
3,POP0017,2037,15288
3,POP1864,2037,42783
3,POP65P,2037,11951
3,TOTPOP,2037,70023
3,GQPOP,2038,162
3,HH,2038,27376
3,HHPOP,2038,70663
3,POP0017,2038,15246
3,POP1864,2038,43392
3,POP65P,2038,12186
3,TOTPOP,2038,70824
3,GQPOP,2039,161
3,HH,2039,27889
3,HHPOP,2039,71499
3,POP0017,2039,15291
3,POP1864,2039,43906
3,POP65P,2039,12463
3,TOTPOP,2039,71660
3,GQPOP,2040,161
3,HH,2040,28399
3,HHPOP,2040,72351
3,POP0017,2040,15265
3,POP1864,2040,44446
3,POP65P,2040,12800
3,TOTPOP,2040,72512
3,GQPOP,2041,160
3,HH,2041,28906
3,HHPOP,2041,73204
3,POP0017,2041,15324
3,POP1864,2041,44877
3,POP65P,2041,13163
3,TOTPOP,2041,73364
3,GQPOP,2042,159
3,HH,2042,29408
3,HHPOP,2042,74058
3,POP0017,2042,15327
3,POP1864,2042,45308
3,POP65P,2042,13581
3,TOTPOP,2042,74216
3,GQPOP,2043,158
3,HH,2043,29909
3,HHPOP,2043,74917
3,POP0017,2043,15408
3,POP1864,2043,45646
3,POP65P,2043,14020
3,TOTPOP,2043,75075
3,GQPOP,2044,158
3,HH,2044,30414
3,HHPOP,2044,75794
3,POP0017,2044,15495
3,POP1864,2044,45991
3,POP65P,2044,14465
3,TOTPOP,2044,75952
3,GQPOP,2045,158
3,HH,2045,30924
3,HHPOP,2045,76695
3,POP0017,2045,15579
3,POP1864,2045,46325
3,POP65P,2045,14948
3,TOTPOP,2045,76852
3,GQPOP,2046,158
3,HH,2046,31446
3,HHPOP,2046,77621
3,POP0017,2046,15659
3,POP1864,2046,46659
3,POP65P,2046,15460
3,TOTPOP,2046,77778
3,GQPOP,2047,158
3,HH,2047,31977
3,HHPOP,2047,78569
3,POP0017,2047,15731
3,POP1864,2047,46970
3,POP65P,2047,16026
3,TOTPOP,2047,78727
3,GQPOP,2048,158
3,HH,2048,32517
3,HHPOP,2048,79535
3,POP0017,2048,15793
3,POP1864,2048,47311
3,POP65P,2048,16589
3,TOTPOP,2048,79693
3,GQPOP,2049,159
3,HH,2049,33061
3,HHPOP,2049,80506
3,POP0017,2049,15841
3,POP1864,2049,47660
3,POP65P,2049,17165
3,TOTPOP,2049,80665
3,GQPOP,2050,159
3,HH,2050,33608
3,HHPOP,2050,81474
3,POP0017,2050,15871
3,POP1864,2050,48047
3,POP65P,2050,17715
3,TOTPOP,2050,81633
3,GQPOP,2051,160
3,HH,2051,34151
3,HHPOP,2051,82420
3,POP0017,2051,15882
3,POP1864,2051,48487
3,POP65P,2051,18211
3,TOTPOP,2051,82580
3,GQPOP,2052,161
3,HH,2052,34687
3,HHPOP,2052,83340
3,POP0017,2052,15873
3,POP1864,2052,48944
3,POP65P,2052,18684
3,TOTPOP,2052,83501
3,GQPOP,2053,161
3,HH,2053,35220
3,HHPOP,2053,84239
3,POP0017,2053,15841
3,POP1864,2053,49396
3,POP65P,2053,19164
3,TOTPOP,2053,84400
3,GQPOP,2054,162
3,HH,2054,35753
3,HHPOP,2054,85125
3,POP0017,2054,15791
3,POP1864,2054,49821
3,POP65P,2054,19675
3,TOTPOP,2054,85287
3,GQPOP,2055,163
3,HH,2055,36291
3,HHPOP,2055,86003
3,POP0017,2055,15722
3,POP1864,2055,50200
3,POP65P,2055,20244
3,TOTPOP,2055,86166
3,GQPOP,2056,163
3,HH,2056,36831
3,HHPOP,2056,86875
3,POP0017,2056,15640
3,POP1864,2056,50537
3,POP65P,2056,20861
3,TOTPOP,2056,87038
3,GQPOP,2057,164
3,HH,2057,37373
3,HHPOP,2057,87739
3,POP0017,2057,15547
3,POP1864,2057,50866
3,POP65P,2057,21488
3,TOTPOP,2057,87903
3,GQPOP,2058,164
3,HH,2058,37917
3,HHPOP,2058,88594
3,POP0017,2058,15447
3,POP1864,2058,51174
3,POP65P,2058,22137
3,TOTPOP,2058,88759
3,GQPOP,2059,165
3,HH,2059,38464
3,HHPOP,2059,89445
3,POP0017,2059,15344
3,POP1864,2059,51506
3,POP65P,2059,22760
3,TOTPOP,2059,89610
3,GQPOP,2060,165
3,HH,2060,39015
3,HHPOP,2060,90298
3,POP0017,2060,15242
3,POP1864,2060,51881
3,POP65P,2060,23340
3,TOTPOP,2060,90462
3,GQPOP,2061,165
3,HH,2061,39569
3,HHPOP,2061,91151
3,POP0017,2061,15145
3,POP1864,2061,52261
3,POP65P,2061,23908
3,TOTPOP,2061,91316
3,GQPOP,2062,165
3,HH,2062,40125
3,HHPOP,2062,92004
3,POP0017,2062,15060
3,POP1864,2062,52642
3,POP65P,2062,24467
3,TOTPOP,2062,92169
3,GQPOP,2063,165
3,HH,2063,40679
3,HHPOP,2063,92858
3,POP0017,2063,14987
3,POP1864,2063,53015
3,POP65P,2063,25021
3,TOTPOP,2063,93023
3,GQPOP,2064,164
3,HH,2064,41233
3,HHPOP,2064,93714
3,POP0017,2064,14930
3,POP1864,2064,53381
3,POP65P,2064,25567
3,TOTPOP,2064,93878
3,GQPOP,2065,164
3,HH,2065,41785
3,HHPOP,2065,94572
3,POP0017,2065,14892
3,POP1864,2065,53722
3,POP65P,2065,26122
3,TOTPOP,2065,94736
5,GQPOP,2023,4467
5,HH,2023,44622
5,HHPOP,2023,137233
5,POP0017,2023,35465
5,POP1864,2023,90994
5,POP65P,2023,15241
5,TOTPOP,2023,141700
5,GQPOP,2025,4598
5,HH,2025,48016
5,HHPOP,2025,140573
5,POP0017,2025,37773
5,POP1864,2025,91991
5,POP65P,2025,15408
5,TOTPOP,2025,145171
5,GQPOP,2026,4644
5,HH,2026,49091
5,HHPOP,2026,142091
5,POP0017,2026,36755
5,POP1864,2026,94076
5,POP65P,2026,15904
5,TOTPOP,2026,146735
5,GQPOP,2027,4682
5,HH,2027,50169
5,HHPOP,2027,143570
5,POP0017,2027,35807
5,POP1864,2027,96118
5,POP65P,2027,16327
5,TOTPOP,2027,148252
5,GQPOP,2028,4697
5,HH,2028,51238
5,HHPOP,2028,145052
5,POP0017,2028,34954
5,POP1864,2028,98086
5,POP65P,2028,16709
5,TOTPOP,2028,149749
5,GQPOP,2029,4703
5,HH,2029,52271
5,HHPOP,2029,146546
5,POP0017,2029,34350
5,POP1864,2029,99849
5,POP65P,2029,17050
5,TOTPOP,2029,151249
5,GQPOP,2030,4698
5,HH,2030,53252
5,HHPOP,2030,148072
5,POP0017,2030,33975
5,POP1864,2030,101448
5,POP65P,2030,17348
5,TOTPOP,2030,152770
5,GQPOP,2031,4689
5,HH,2031,54177
5,HHPOP,2031,149642
5,POP0017,2031,33826
5,POP1864,2031,102886
5,POP65P,2031,17619
5,TOTPOP,2031,154331
5,GQPOP,2032,4683
5,HH,2032,55029
5,HHPOP,2032,151256
5,POP0017,2032,33944
5,POP1864,2032,104108
5,POP65P,2032,17887
5,TOTPOP,2032,155939
5,GQPOP,2033,4671
5,HH,2033,55812
5,HHPOP,2033,152929
5,POP0017,2033,34308
5,POP1864,2033,105145
5,POP65P,2033,18146
5,TOTPOP,2033,157600
5,GQPOP,2034,4651
5,HH,2034,56527
5,HHPOP,2034,154655
5,POP0017,2034,34990
5,POP1864,2034,105853
5,POP65P,2034,18463
5,TOTPOP,2034,159305
5,GQPOP,2035,4627
5,HH,2035,57183
5,HHPOP,2035,156421
5,POP0017,2035,35869
5,POP1864,2035,106382
5,POP65P,2035,18796
5,TOTPOP,2035,161047
5,GQPOP,2036,4609
5,HH,2036,57807
5,HHPOP,2036,158222
5,POP0017,2036,36891
5,POP1864,2036,106775
5,POP65P,2036,19165
5,TOTPOP,2036,162831
5,GQPOP,2037,4597
5,HH,2037,58426
5,HHPOP,2037,160104
5,POP0017,2037,38005
5,POP1864,2037,107188
5,POP65P,2037,19509
5,TOTPOP,2037,164702
5,GQPOP,2038,4606
5,HH,2038,59048
5,HHPOP,2038,162069
5,POP0017,2038,39106
5,POP1864,2038,107714
5,POP65P,2038,19854
5,TOTPOP,2038,166675
5,GQPOP,2039,4626
5,HH,2039,59675
5,HHPOP,2039,164099
5,POP0017,2039,40234
5,POP1864,2039,108241
5,POP65P,2039,20251
5,TOTPOP,2039,168726
5,GQPOP,2040,4651
5,HH,2040,60290
5,HHPOP,2040,166162
5,POP0017,2040,41386
5,POP1864,2040,108705
5,POP65P,2040,20723
5,TOTPOP,2040,170813
5,GQPOP,2041,4671
5,HH,2041,60883
5,HHPOP,2041,168224
5,POP0017,2041,42580
5,POP1864,2041,109088
5,POP65P,2041,21227
5,TOTPOP,2041,172894
5,GQPOP,2042,4675
5,HH,2042,61464
5,HHPOP,2042,170297
5,POP0017,2042,43871
5,POP1864,2042,109307
5,POP65P,2042,21795
5,TOTPOP,2042,174973
5,GQPOP,2043,4676
5,HH,2043,62039
5,HHPOP,2043,172385
5,POP0017,2043,45191
5,POP1864,2043,109526
5,POP65P,2043,22344
5,TOTPOP,2043,177062
5,GQPOP,2044,4691
5,HH,2044,62623
5,HHPOP,2044,174500
5,POP0017,2044,46531
5,POP1864,2044,109785
5,POP65P,2044,22875
5,TOTPOP,2044,179191
5,GQPOP,2045,4724
5,HH,2045,63230
5,HHPOP,2045,176650
5,POP0017,2045,47814
5,POP1864,2045,110103
5,POP65P,2045,23457
5,TOTPOP,2045,181374
5,GQPOP,2046,4778
5,HH,2046,63873
5,HHPOP,2046,178837
5,POP0017,2046,48989
5,POP1864,2046,110591
5,POP65P,2046,24035
5,TOTPOP,2046,183615
5,GQPOP,2047,4855
5,HH,2047,64558
5,HHPOP,2047,181052
5,POP0017,2047,50010
5,POP1864,2047,111309
5,POP65P,2047,24588
5,TOTPOP,2047,185907
5,GQPOP,2048,4958
5,HH,2048,65283
5,HHPOP,2048,183278
5,POP0017,2048,50842
5,POP1864,2048,112319
5,POP65P,2048,25075
5,TOTPOP,2048,188236
5,GQPOP,2049,5081
5,HH,2049,66046
5,HHPOP,2049,185496
5,POP0017,2049,51458
5,POP1864,2049,113666
5,POP65P,2049,25452
5,TOTPOP,2049,190577
5,GQPOP,2050,5219
5,HH,2050,66846
5,HHPOP,2050,187685
5,POP0017,2050,51842
5,POP1864,2050,115279
5,POP65P,2050,25783
5,TOTPOP,2050,192904
5,GQPOP,2051,5365
5,HH,2051,67671
5,HHPOP,2051,189812
5,POP0017,2051,51993
5,POP1864,2051,117212
5,POP65P,2051,25972
5,TOTPOP,2051,195177
5,GQPOP,2052,5511
5,HH,2052,68519
5,HHPOP,2052,191874
5,POP0017,2052,51935
5,POP1864,2052,119356
5,POP65P,2052,26094
5,TOTPOP,2052,197385
5,GQPOP,2053,5649
5,HH,2053,69396
5,HHPOP,2053,193891
5,POP0017,2053,51719
5,POP1864,2053,121566
5,POP65P,2053,26254
5,TOTPOP,2053,199539
5,GQPOP,2054,5772
5,HH,2054,70305
5,HHPOP,2054,195889
5,POP0017,2054,51426
5,POP1864,2054,123865
5,POP65P,2054,26370
5,TOTPOP,2054,201661
5,GQPOP,2055,5882
5,HH,2055,71247
5,HHPOP,2055,197879
5,POP0017,2055,51082
5,POP1864,2055,126429
5,POP65P,2055,26250
5,TOTPOP,2055,203761
5,GQPOP,2056,5978
5,HH,2056,72218
5,HHPOP,2056,199864
5,POP0017,2056,50723
5,POP1864,2056,128826
5,POP65P,2056,26294
5,TOTPOP,2056,205842
5,GQPOP,2057,6055
5,HH,2057,73216
5,HHPOP,2057,201848
5,POP0017,2057,50380
5,POP1864,2057,131322
5,POP65P,2057,26200
5,TOTPOP,2057,207903
5,GQPOP,2058,6118
5,HH,2058,74228
5,HHPOP,2058,203823
5,POP0017,2058,50084
5,POP1864,2058,133779
5,POP65P,2058,26078
5,TOTPOP,2058,209941
5,GQPOP,2059,6167
5,HH,2059,75249
5,HHPOP,2059,205801
5,POP0017,2059,49864
5,POP1864,2059,136086
5,POP65P,2059,26016
5,TOTPOP,2059,211967
5,GQPOP,2060,6205
5,HH,2060,76273
5,HHPOP,2060,207788
5,POP0017,2060,49745
5,POP1864,2060,138163
5,POP65P,2060,26086
5,TOTPOP,2060,213994
5,GQPOP,2061,6235
5,HH,2061,77290
5,HHPOP,2061,209786
5,POP0017,2061,49746
5,POP1864,2061,139858
5,POP65P,2061,26416
5,TOTPOP,2061,216020
5,GQPOP,2062,6256
5,HH,2062,78290
5,HHPOP,2062,211790
5,POP0017,2062,49875
5,POP1864,2062,141003
5,POP65P,2062,27167
5,TOTPOP,2062,218046
5,GQPOP,2063,6269
5,HH,2063,79269
5,HHPOP,2063,213802
5,POP0017,2063,50133
5,POP1864,2063,142095
5,POP65P,2063,27841
5,TOTPOP,2063,220071
5,GQPOP,2064,6283
5,HH,2064,80216
5,HHPOP,2064,215814
5,POP0017,2064,50520
5,POP1864,2064,143141
5,POP65P,2064,28435
5,TOTPOP,2064,222097
5,GQPOP,2065,6297
5,HH,2065,81131
5,HHPOP,2065,217831
5,POP0017,2065,51027
5,POP1864,2065,143717
5,POP65P,2065,29385
5,TOTPOP,2065,224129
7,GQPOP,2023,116
7,HH,2023,7861
7,HHPOP,2023,20538
7,POP0017,2023,4829
7,POP1864,2023,11702
7,POP65P,2023,4123
7,TOTPOP,2023,20654
7,GQPOP,2025,118
7,HH,2025,7933
7,HHPOP,2025,20310
7,POP0017,2025,4934
7,POP1864,2025,11459
7,POP65P,2025,4035
7,TOTPOP,2025,20428
7,GQPOP,2026,169
7,HH,2026,7970
7,HHPOP,2026,20274
7,POP0017,2026,4800
7,POP1864,2026,11549
7,POP65P,2026,4094
7,TOTPOP,2026,20443
7,GQPOP,2027,220
7,HH,2027,8018
7,HHPOP,2027,20260
7,POP0017,2027,4688
7,POP1864,2027,11641
7,POP65P,2027,4151
7,TOTPOP,2027,20480
7,GQPOP,2028,220
7,HH,2028,8076
7,HHPOP,2028,20273
7,POP0017,2028,4618
7,POP1864,2028,11688
7,POP65P,2028,4188
7,TOTPOP,2028,20493
7,GQPOP,2029,168
7,HH,2029,8128
7,HHPOP,2029,20274
7,POP0017,2029,4547
7,POP1864,2029,11682
7,POP65P,2029,4213
7,TOTPOP,2029,20442
7,GQPOP,2030,116
7,HH,2030,8186
7,HHPOP,2030,20300
7,POP0017,2030,4480
7,POP1864,2030,11716
7,POP65P,2030,4220
7,TOTPOP,2030,20416
7,GQPOP,2031,117
7,HH,2031,8250
7,HHPOP,2031,20353
7,POP0017,2031,4422
7,POP1864,2031,11838
7,POP65P,2031,4210
7,TOTPOP,2031,20469
7,GQPOP,2032,117
7,HH,2032,8318
7,HHPOP,2032,20430
7,POP0017,2032,4398
7,POP1864,2032,11946
7,POP65P,2032,4204
7,TOTPOP,2032,20547
7,GQPOP,2033,117
7,HH,2033,8388
7,HHPOP,2033,20530
7,POP0017,2033,4407
7,POP1864,2033,12045
7,POP65P,2033,4195
7,TOTPOP,2033,20647
7,GQPOP,2034,117
7,HH,2034,8460
7,HHPOP,2034,20646
7,POP0017,2034,4423
7,POP1864,2034,12133
7,POP65P,2034,4207
7,TOTPOP,2034,20763
7,GQPOP,2035,117
7,HH,2035,8530
7,HHPOP,2035,20771
7,POP0017,2035,4458
7,POP1864,2035,12201
7,POP65P,2035,4229
7,TOTPOP,2035,20887
7,GQPOP,2036,117
7,HH,2036,8596
7,HHPOP,2036,20893
7,POP0017,2036,4482
7,POP1864,2036,12271
7,POP65P,2036,4258
7,TOTPOP,2036,21009
7,GQPOP,2037,117
7,HH,2037,8665
7,HHPOP,2037,21032
7,POP0017,2037,4502
7,POP1864,2037,12370
7,POP65P,2037,4276
7,TOTPOP,2037,21149
7,GQPOP,2038,118
7,HH,2038,8735
7,HHPOP,2038,21178
7,POP0017,2038,4529
7,POP1864,2038,12452
7,POP65P,2038,4315
7,TOTPOP,2038,21296
7,GQPOP,2039,118
7,HH,2039,8811
7,HHPOP,2039,21346
7,POP0017,2039,4574
7,POP1864,2039,12537
7,POP65P,2039,4353
7,TOTPOP,2039,21464
7,GQPOP,2040,118
7,HH,2040,8889
7,HHPOP,2040,21525
7,POP0017,2040,4628
7,POP1864,2040,12611
7,POP65P,2040,4404
7,TOTPOP,2040,21643
7,GQPOP,2041,117
7,HH,2041,8967
7,HHPOP,2041,21711
7,POP0017,2041,4699
7,POP1864,2041,12672
7,POP65P,2041,4457
7,TOTPOP,2041,21828
7,GQPOP,2042,117
7,HH,2042,9045
7,HHPOP,2042,21902
7,POP0017,2042,4787
7,POP1864,2042,12704
7,POP65P,2042,4528
7,TOTPOP,2042,22019
7,GQPOP,2043,116
7,HH,2043,9122
7,HHPOP,2043,22099
7,POP0017,2043,4880
7,POP1864,2043,12727
7,POP65P,2043,4608
7,TOTPOP,2043,22215
7,GQPOP,2044,116
7,HH,2044,9195
7,HHPOP,2044,22287
7,POP0017,2044,4971
7,POP1864,2044,12736
7,POP65P,2044,4695
7,TOTPOP,2044,22402
7,GQPOP,2045,115
7,HH,2045,9266
7,HHPOP,2045,22477
7,POP0017,2045,5062
7,POP1864,2045,12730
7,POP65P,2045,4800
7,TOTPOP,2045,22593
7,GQPOP,2046,115
7,HH,2046,9340
7,HHPOP,2046,22683
7,POP0017,2046,5153
7,POP1864,2046,12739
7,POP65P,2046,4907
7,TOTPOP,2046,22799
7,GQPOP,2047,116
7,HH,2047,9419
7,HHPOP,2047,22901
7,POP0017,2047,5237
7,POP1864,2047,12755
7,POP65P,2047,5025
7,TOTPOP,2047,23017
7,GQPOP,2048,116
7,HH,2048,9501
7,HHPOP,2048,23127
7,POP0017,2048,5312
7,POP1864,2048,12783
7,POP65P,2048,5148
7,TOTPOP,2048,23244
7,GQPOP,2049,117
7,HH,2049,9588
7,HHPOP,2049,23365
7,POP0017,2049,5377
7,POP1864,2049,12859
7,POP65P,2049,5245
7,TOTPOP,2049,23482
7,GQPOP,2050,118
7,HH,2050,9675
7,HHPOP,2050,23590
7,POP0017,2050,5426
7,POP1864,2050,12950
7,POP65P,2050,5332
7,TOTPOP,2050,23708
7,GQPOP,2051,120
7,HH,2051,9763
7,HHPOP,2051,23806
7,POP0017,2051,5457
7,POP1864,2051,13065
7,POP65P,2051,5404
7,TOTPOP,2051,23926
7,GQPOP,2052,121
7,HH,2052,9853
7,HHPOP,2052,24017
7,POP0017,2052,5476
7,POP1864,2052,13191
7,POP65P,2052,5472
7,TOTPOP,2052,24138
7,GQPOP,2053,122
7,HH,2053,9946
7,HHPOP,2053,24223
7,POP0017,2053,5483
7,POP1864,2053,13329
7,POP65P,2053,5533
7,TOTPOP,2053,24345
7,GQPOP,2054,123
7,HH,2054,10039
7,HHPOP,2054,24414
7,POP0017,2054,5479
7,POP1864,2054,13466
7,POP65P,2054,5592
7,TOTPOP,2054,24537
7,GQPOP,2055,125
7,HH,2055,10131
7,HHPOP,2055,24588
7,POP0017,2055,5467
7,POP1864,2055,13578
7,POP65P,2055,5669
7,TOTPOP,2055,24713
7,GQPOP,2056,126
7,HH,2056,10217
7,HHPOP,2056,24732
7,POP0017,2056,5444
7,POP1864,2056,13659
7,POP65P,2056,5754
7,TOTPOP,2056,24858
7,GQPOP,2057,126
7,HH,2057,10298
7,HHPOP,2057,24860
7,POP0017,2057,5417
7,POP1864,2057,13734
7,POP65P,2057,5836
7,TOTPOP,2057,24986
7,GQPOP,2058,127
7,HH,2058,10378
7,HHPOP,2058,24976
7,POP0017,2058,5387
7,POP1864,2058,13833
7,POP65P,2058,5884
7,TOTPOP,2058,25103
7,GQPOP,2059,128
7,HH,2059,10458
7,HHPOP,2059,25090
7,POP0017,2059,5358
7,POP1864,2059,13954
7,POP65P,2059,5905
7,TOTPOP,2059,25218
7,GQPOP,2060,128
7,HH,2060,10538
7,HHPOP,2060,25203
7,POP0017,2060,5332
7,POP1864,2060,14081
7,POP65P,2060,5918
7,TOTPOP,2060,25331
7,GQPOP,2061,129
7,HH,2061,10621
7,HHPOP,2061,25323
7,POP0017,2061,5311
7,POP1864,2061,14216
7,POP65P,2061,5925
7,TOTPOP,2061,25452
7,GQPOP,2062,129
7,HH,2062,10701
7,HHPOP,2062,25437
7,POP0017,2062,5295
7,POP1864,2062,14340
7,POP65P,2062,5933
7,TOTPOP,2062,25566
7,GQPOP,2063,129
7,HH,2063,10783
7,HHPOP,2063,25559
7,POP0017,2063,5284
7,POP1864,2063,14472
7,POP65P,2063,5932
7,TOTPOP,2063,25687
7,GQPOP,2064,129
7,HH,2064,10862
7,HHPOP,2064,25677
7,POP0017,2064,5277
7,POP1864,2064,14620
7,POP65P,2064,5909
7,TOTPOP,2064,25806
7,GQPOP,2065,129
7,HH,2065,10941
7,HHPOP,2065,25798
7,POP0017,2065,5275
7,POP1864,2065,14756
7,POP65P,2065,5896
7,TOTPOP,2065,25926
9,GQPOP,2023,0
9,HH,2023,405
9,HHPOP,2023,998
9,POP0017,2023,181
9,POP1864,2023,532
9,POP65P,2023,285
9,TOTPOP,2023,998
9,GQPOP,2025,0
9,HH,2025,424
9,HHPOP,2025,984
9,POP0017,2025,180
9,POP1864,2025,523
9,POP65P,2025,280
9,TOTPOP,2025,984
9,GQPOP,2026,0
9,HH,2026,430
9,HHPOP,2026,984
9,POP0017,2026,169
9,POP1864,2026,523
9,POP65P,2026,292
9,TOTPOP,2026,984
9,GQPOP,2027,0
9,HH,2027,435
9,HHPOP,2027,985
9,POP0017,2027,159
9,POP1864,2027,526
9,POP65P,2027,299
9,TOTPOP,2027,985
9,GQPOP,2028,0
9,HH,2028,440
9,HHPOP,2028,985
9,POP0017,2028,152
9,POP1864,2028,530
9,POP65P,2028,302
9,TOTPOP,2028,985
9,GQPOP,2029,0
9,HH,2029,445
9,HHPOP,2029,986
9,POP0017,2029,147
9,POP1864,2029,533
9,POP65P,2029,305
9,TOTPOP,2029,986
9,GQPOP,2030,0
9,HH,2030,449
9,HHPOP,2030,986
9,POP0017,2030,142
9,POP1864,2030,534
9,POP65P,2030,310
9,TOTPOP,2030,986
9,GQPOP,2031,0
9,HH,2031,452
9,HHPOP,2031,987
9,POP0017,2031,139
9,POP1864,2031,532
9,POP65P,2031,317
9,TOTPOP,2031,987
9,GQPOP,2032,0
9,HH,2032,455
9,HHPOP,2032,987
9,POP0017,2032,137
9,POP1864,2032,531
9,POP65P,2032,320
9,TOTPOP,2032,987
9,GQPOP,2033,0
9,HH,2033,457
9,HHPOP,2033,989
9,POP0017,2033,135
9,POP1864,2033,536
9,POP65P,2033,319
9,TOTPOP,2033,989
9,GQPOP,2034,0
9,HH,2034,459
9,HHPOP,2034,992
9,POP0017,2034,135
9,POP1864,2034,542
9,POP65P,2034,317
9,TOTPOP,2034,992
9,GQPOP,2035,0
9,HH,2035,461
9,HHPOP,2035,995
9,POP0017,2035,135
9,POP1864,2035,549
9,POP65P,2035,312
9,TOTPOP,2035,995
9,GQPOP,2036,0
9,HH,2036,462
9,HHPOP,2036,996
9,POP0017,2036,137
9,POP1864,2036,552
9,POP65P,2036,307
9,TOTPOP,2036,996
9,GQPOP,2037,0
9,HH,2037,463
9,HHPOP,2037,998
9,POP0017,2037,138
9,POP1864,2037,551
9,POP65P,2037,308
9,TOTPOP,2037,998
9,GQPOP,2038,0
9,HH,2038,464
9,HHPOP,2038,999
9,POP0017,2038,143
9,POP1864,2038,550
9,POP65P,2038,307
9,TOTPOP,2038,999
9,GQPOP,2039,0
9,HH,2039,465
9,HHPOP,2039,1002
9,POP0017,2039,139
9,POP1864,2039,558
9,POP65P,2039,305
9,TOTPOP,2039,1002
9,GQPOP,2040,0
9,HH,2040,466
9,HHPOP,2040,1004
9,POP0017,2040,141
9,POP1864,2040,561
9,POP65P,2040,302
9,TOTPOP,2040,1004
9,GQPOP,2041,0
9,HH,2041,466
9,HHPOP,2041,1007
9,POP0017,2041,146
9,POP1864,2041,560
9,POP65P,2041,301
9,TOTPOP,2041,1007
9,GQPOP,2042,0
9,HH,2042,467
9,HHPOP,2042,1010
9,POP0017,2042,153
9,POP1864,2042,554
9,POP65P,2042,303
9,TOTPOP,2042,1010
9,GQPOP,2043,0
9,HH,2043,467
9,HHPOP,2043,1014
9,POP0017,2043,160
9,POP1864,2043,549
9,POP65P,2043,305
9,TOTPOP,2043,1014
9,GQPOP,2044,0
9,HH,2044,467
9,HHPOP,2044,1017
9,POP0017,2044,166
9,POP1864,2044,546
9,POP65P,2044,305
9,TOTPOP,2044,1017
9,GQPOP,2045,0
9,HH,2045,467
9,HHPOP,2045,1020
9,POP0017,2045,173
9,POP1864,2045,540
9,POP65P,2045,307
9,TOTPOP,2045,1020
9,GQPOP,2046,0
9,HH,2046,467
9,HHPOP,2046,1024
9,POP0017,2046,179
9,POP1864,2046,536
9,POP65P,2046,310
9,TOTPOP,2046,1024
9,GQPOP,2047,0
9,HH,2047,467
9,HHPOP,2047,1027
9,POP0017,2047,184
9,POP1864,2047,535
9,POP65P,2047,309
9,TOTPOP,2047,1027
9,GQPOP,2048,0
9,HH,2048,467
9,HHPOP,2048,1031
9,POP0017,2048,188
9,POP1864,2048,535
9,POP65P,2048,309
9,TOTPOP,2048,1031
9,GQPOP,2049,0
9,HH,2049,467
9,HHPOP,2049,1035
9,POP0017,2049,191
9,POP1864,2049,534
9,POP65P,2049,311
9,TOTPOP,2049,1035
9,GQPOP,2050,0
9,HH,2050,467
9,HHPOP,2050,1039
9,POP0017,2050,192
9,POP1864,2050,535
9,POP65P,2050,312
9,TOTPOP,2050,1039
9,GQPOP,2051,0
9,HH,2051,468
9,HHPOP,2051,1043
9,POP0017,2051,192
9,POP1864,2051,540
9,POP65P,2051,310
9,TOTPOP,2051,1043
9,GQPOP,2052,0
9,HH,2052,468
9,HHPOP,2052,1047
9,POP0017,2052,191
9,POP1864,2052,550
9,POP65P,2052,306
9,TOTPOP,2052,1047
9,GQPOP,2053,0
9,HH,2053,469
9,HHPOP,2053,1050
9,POP0017,2053,191
9,POP1864,2053,555
9,POP65P,2053,305
9,TOTPOP,2053,1050
9,GQPOP,2054,0
9,HH,2054,470
9,HHPOP,2054,1054
9,POP0017,2054,188
9,POP1864,2054,561
9,POP65P,2054,305
9,TOTPOP,2054,1054
9,GQPOP,2055,0
9,HH,2055,471
9,HHPOP,2055,1057
9,POP0017,2055,186
9,POP1864,2055,567
9,POP65P,2055,304
9,TOTPOP,2055,1057
9,GQPOP,2056,0
9,HH,2056,472
9,HHPOP,2056,1059
9,POP0017,2056,184
9,POP1864,2056,576
9,POP65P,2056,300
9,TOTPOP,2056,1059
9,GQPOP,2057,0
9,HH,2057,473
9,HHPOP,2057,1061
9,POP0017,2057,181
9,POP1864,2057,587
9,POP65P,2057,293
9,TOTPOP,2057,1061
9,GQPOP,2058,0
9,HH,2058,475
9,HHPOP,2058,1062
9,POP0017,2058,178
9,POP1864,2058,596
9,POP65P,2058,288
9,TOTPOP,2058,1062
9,GQPOP,2059,0
9,HH,2059,476
9,HHPOP,2059,1063
9,POP0017,2059,176
9,POP1864,2059,605
9,POP65P,2059,282
9,TOTPOP,2059,1063
9,GQPOP,2060,0
9,HH,2060,477
9,HHPOP,2060,1065
9,POP0017,2060,173
9,POP1864,2060,614
9,POP65P,2060,277
9,TOTPOP,2060,1065
9,GQPOP,2061,0
9,HH,2061,479
9,HHPOP,2061,1066
9,POP0017,2061,172
9,POP1864,2061,624
9,POP65P,2061,271
9,TOTPOP,2061,1066
9,GQPOP,2062,0
9,HH,2062,481
9,HHPOP,2062,1068
9,POP0017,2062,170
9,POP1864,2062,634
9,POP65P,2062,264
9,TOTPOP,2062,1068
9,GQPOP,2063,0
9,HH,2063,483
9,HHPOP,2063,1070
9,POP0017,2063,170
9,POP1864,2063,641
9,POP65P,2063,261
9,TOTPOP,2063,1070
9,GQPOP,2064,0
9,HH,2064,484
9,HHPOP,2064,1072
9,POP0017,2064,168
9,POP1864,2064,645
9,POP65P,2064,259
9,TOTPOP,2064,1072
9,GQPOP,2065,0
9,HH,2065,486
9,HHPOP,2065,1075
9,POP0017,2065,168
9,POP1864,2065,648
9,POP65P,2065,258
9,TOTPOP,2065,1075
11,GQPOP,2023,2429
11,HH,2023,120087
11,HHPOP,2023,374949
11,POP0017,2023,101351
11,POP1864,2023,229841
11,POP65P,2023,46186
11,TOTPOP,2023,377378
11,GQPOP,2025,2488
11,HH,2025,126419
11,HHPOP,2025,379020
11,POP0017,2025,105651
11,POP1864,2025,229700
11,POP65P,2025,46157
11,TOTPOP,2025,381508
11,GQPOP,2026,2533
11,HH,2026,128741
11,HHPOP,2026,381539
11,POP0017,2026,103129
11,POP1864,2026,233008
11,POP65P,2026,47934
11,TOTPOP,2026,384071
11,GQPOP,2027,2577
11,HH,2027,131092
11,HHPOP,2027,383946
11,POP0017,2027,100733
11,POP1864,2027,236177
11,POP65P,2027,49613
11,TOTPOP,2027,386523
11,GQPOP,2028,2622
11,HH,2028,133496
11,HHPOP,2028,386394
11,POP0017,2028,98489
11,POP1864,2028,239382
11,POP65P,2028,51145
11,TOTPOP,2028,389016
11,GQPOP,2029,2670
11,HH,2029,135972
11,HHPOP,2029,389004
11,POP0017,2029,96516
11,POP1864,2029,242656
11,POP65P,2029,52503
11,TOTPOP,2029,391675
11,GQPOP,2030,2717
11,HH,2030,138533
11,HHPOP,2030,391870
11,POP0017,2030,94704
11,POP1864,2030,246158
11,POP65P,2030,53725
11,TOTPOP,2030,394587
11,GQPOP,2031,2771
11,HH,2031,141183
11,HHPOP,2031,395047
11,POP0017,2031,93012
11,POP1864,2031,249971
11,POP65P,2031,54835
11,TOTPOP,2031,397818
11,GQPOP,2032,2825
11,HH,2032,143923
11,HHPOP,2032,398566
11,POP0017,2032,91486
11,POP1864,2032,253883
11,POP65P,2032,56021
11,TOTPOP,2032,401390
11,GQPOP,2033,2879
11,HH,2033,146743
11,HHPOP,2033,402410
11,POP0017,2033,90177
11,POP1864,2033,257864
11,POP65P,2033,57247
11,TOTPOP,2033,405288
11,GQPOP,2034,2934
11,HH,2034,149619
11,HHPOP,2034,406514
11,POP0017,2034,89121
11,POP1864,2034,261663
11,POP65P,2034,58665
11,TOTPOP,2034,409448
11,GQPOP,2035,2990
11,HH,2035,152517
11,HHPOP,2035,410793
11,POP0017,2035,88542
11,POP1864,2035,264938
11,POP65P,2035,60304
11,TOTPOP,2035,413783
11,GQPOP,2036,3053
11,HH,2036,155403
11,HHPOP,2036,415165
11,POP0017,2036,88307
11,POP1864,2036,267832
11,POP65P,2036,62078
11,TOTPOP,2036,418218
11,GQPOP,2037,3113
11,HH,2037,158315
11,HHPOP,2037,419751
11,POP0017,2037,88346
11,POP1864,2037,270868
11,POP65P,2037,63650
11,TOTPOP,2037,422864
11,GQPOP,2038,3170
11,HH,2038,161269
11,HHPOP,2038,424591
11,POP0017,2038,88558
11,POP1864,2038,274015
11,POP65P,2038,65188
11,TOTPOP,2038,427761
11,GQPOP,2039,3231
11,HH,2039,164237
11,HHPOP,2039,429616
11,POP0017,2039,89229
11,POP1864,2039,276723
11,POP65P,2039,66895
11,TOTPOP,2039,432847
11,GQPOP,2040,3295
11,HH,2040,167172
11,HHPOP,2040,434724
11,POP0017,2040,89907
11,POP1864,2040,279223
11,POP65P,2040,68890
11,TOTPOP,2040,438019
11,GQPOP,2041,3361
11,HH,2041,170053
11,HHPOP,2041,439811
11,POP0017,2041,90824
11,POP1864,2041,281254
11,POP65P,2041,71094
11,TOTPOP,2041,443172
11,GQPOP,2042,3427
11,HH,2042,172885
11,HHPOP,2042,444887
11,POP0017,2042,91854
11,POP1864,2042,282798
11,POP65P,2042,73661
11,TOTPOP,2042,448313
11,GQPOP,2043,3494
11,HH,2043,175673
11,HHPOP,2043,449985
11,POP0017,2043,93020
11,POP1864,2043,284084
11,POP65P,2043,76375
11,TOTPOP,2043,453479
11,GQPOP,2044,3564
11,HH,2044,178456
11,HHPOP,2044,455176
11,POP0017,2044,94274
11,POP1864,2044,285236
11,POP65P,2044,79229
11,TOTPOP,2044,458740
11,GQPOP,2045,3636
11,HH,2045,181246
11,HHPOP,2045,460493
11,POP0017,2045,95554
11,POP1864,2045,286299
11,POP65P,2045,82276
11,TOTPOP,2045,464130
11,GQPOP,2046,3721
11,HH,2046,184048
11,HHPOP,2046,465938
11,POP0017,2046,96794
11,POP1864,2046,287571
11,POP65P,2046,85295
11,TOTPOP,2046,469659
11,GQPOP,2047,3798
11,HH,2047,186886
11,HHPOP,2047,471513
11,POP0017,2047,97934
11,POP1864,2047,289057
11,POP65P,2047,88321
11,TOTPOP,2047,475312
11,GQPOP,2048,3884
11,HH,2048,189744
11,HHPOP,2048,477168
11,POP0017,2048,98929
11,POP1864,2048,290798
11,POP65P,2048,91325
11,TOTPOP,2048,481052
11,GQPOP,2049,3974
11,HH,2049,192614
11,HHPOP,2049,482842
11,POP0017,2049,99736
11,POP1864,2049,292915
11,POP65P,2049,94166
11,TOTPOP,2049,486817
11,GQPOP,2050,4072
11,HH,2050,195491
11,HHPOP,2050,488473
11,POP0017,2050,100322
11,POP1864,2050,295288
11,POP65P,2050,96936
11,TOTPOP,2050,492545
11,GQPOP,2051,4174
11,HH,2051,198348
11,HHPOP,2051,493966
11,POP0017,2051,100665
11,POP1864,2051,297901
11,POP65P,2051,99573
11,TOTPOP,2051,498140
11,GQPOP,2052,4275
11,HH,2052,201184
11,HHPOP,2052,499294
11,POP0017,2052,100771
11,POP1864,2052,300680
11,POP65P,2052,102118
11,TOTPOP,2052,503569
11,GQPOP,2053,4376
11,HH,2053,204014
11,HHPOP,2053,504489
11,POP0017,2053,100670
11,POP1864,2053,303519
11,POP65P,2053,104676
11,TOTPOP,2053,508865
11,GQPOP,2054,4481
11,HH,2054,206859
11,HHPOP,2054,509596
11,POP0017,2054,100412
11,POP1864,2054,306358
11,POP65P,2054,107307
11,TOTPOP,2054,514077
11,GQPOP,2055,4586
11,HH,2055,209735
11,HHPOP,2055,514648
11,POP0017,2055,100020
11,POP1864,2055,309089
11,POP65P,2055,110126
11,TOTPOP,2055,519234
11,GQPOP,2056,4694
11,HH,2056,212640
11,HHPOP,2056,519649
11,POP0017,2056,99523
11,POP1864,2056,311762
11,POP65P,2056,113056
11,TOTPOP,2056,524343
11,GQPOP,2057,4801
11,HH,2057,215563
11,HHPOP,2057,524598
11,POP0017,2057,98949
11,POP1864,2057,314481
11,POP65P,2057,115969
11,TOTPOP,2057,529399
11,GQPOP,2058,4906
11,HH,2058,218504
11,HHPOP,2058,529492
11,POP0017,2058,98312
11,POP1864,2058,317412
11,POP65P,2058,118675
11,TOTPOP,2058,534398
11,GQPOP,2059,5011
11,HH,2059,221468
11,HHPOP,2059,534354
11,POP0017,2059,97644
11,POP1864,2059,320447
11,POP65P,2059,121273
11,TOTPOP,2059,539365
11,GQPOP,2060,5120
11,HH,2060,224461
11,HHPOP,2060,539210
11,POP0017,2060,96976
11,POP1864,2060,323531
11,POP65P,2060,123824
11,TOTPOP,2060,544331
11,GQPOP,2061,5223
11,HH,2061,227476
11,HHPOP,2061,544072
11,POP0017,2061,96338
11,POP1864,2061,326802
11,POP65P,2061,126154
11,TOTPOP,2061,549295
11,GQPOP,2062,5331
11,HH,2062,230496
11,HHPOP,2062,548925
11,POP0017,2062,95759
11,POP1864,2062,330000
11,POP65P,2062,128497
11,TOTPOP,2062,554256
11,GQPOP,2063,5447
11,HH,2063,233509
11,HHPOP,2063,553766
11,POP0017,2063,95260
11,POP1864,2063,333194
11,POP65P,2063,130759
11,TOTPOP,2063,559212
11,GQPOP,2064,5568
11,HH,2064,236513
11,HHPOP,2064,558604
11,POP0017,2064,94863
11,POP1864,2064,336383
11,POP65P,2064,132926
11,TOTPOP,2064,564172
11,GQPOP,2065,5692
11,HH,2065,239507
11,HHPOP,2065,563450
11,POP0017,2065,94588
11,POP1864,2065,339420
11,POP65P,2065,135133
11,TOTPOP,2065,569141
13,GQPOP,2023,87
13,HH,2023,6560
13,HHPOP,2023,20025
13,POP0017,2023,5844
13,POP1864,2023,11414
13,POP65P,2023,2854
13,TOTPOP,2023,20112
13,GQPOP,2025,89
13,HH,2025,6921
13,HHPOP,2025,20097
13,POP0017,2025,6024
13,POP1864,2025,11327
13,POP65P,2025,2835
13,TOTPOP,2025,20186
13,GQPOP,2026,631
13,HH,2026,7012
13,HHPOP,2026,20139
13,POP0017,2026,5827
13,POP1864,2026,12020
13,POP65P,2026,2922
13,TOTPOP,2026,20770
13,GQPOP,2027,1173
13,HH,2027,7118
13,HHPOP,2027,20213
13,POP0017,2027,5668
13,POP1864,2027,12713
13,POP65P,2027,3005
13,TOTPOP,2027,21386
13,GQPOP,2028,1174
13,HH,2028,7235
13,HHPOP,2028,20320
13,POP0017,2028,5521
13,POP1864,2028,12904
13,POP65P,2028,3068
13,TOTPOP,2028,21494
13,GQPOP,2029,634
13,HH,2029,7364
13,HHPOP,2029,20457
13,POP0017,2029,5395
13,POP1864,2029,12591
13,POP65P,2029,3104
13,TOTPOP,2029,21090
13,GQPOP,2030,93
13,HH,2030,7501
13,HHPOP,2030,20618
13,POP0017,2030,5284
13,POP1864,2030,12313
13,POP65P,2030,3115
13,TOTPOP,2030,20712
13,GQPOP,2031,94
13,HH,2031,7646
13,HHPOP,2031,20799
13,POP0017,2031,5177
13,POP1864,2031,12574
13,POP65P,2031,3142
13,TOTPOP,2031,20894
13,GQPOP,2032,95
13,HH,2032,7793
13,HHPOP,2032,20990
13,POP0017,2032,5078
13,POP1864,2032,12833
13,POP65P,2032,3174
13,TOTPOP,2032,21085
13,GQPOP,2033,96
13,HH,2033,7938
13,HHPOP,2033,21177
13,POP0017,2033,4989
13,POP1864,2033,13079
13,POP65P,2033,3205
13,TOTPOP,2033,21273
13,GQPOP,2034,96
13,HH,2034,8074
13,HHPOP,2034,21345
13,POP0017,2034,4926
13,POP1864,2034,13271
13,POP65P,2034,3243
13,TOTPOP,2034,21441
13,GQPOP,2035,96
13,HH,2035,8193
13,HHPOP,2035,21472
13,POP0017,2035,4871
13,POP1864,2035,13415
13,POP65P,2035,3282
13,TOTPOP,2035,21568
13,GQPOP,2036,96
13,HH,2036,8288
13,HHPOP,2036,21536
13,POP0017,2036,4805
13,POP1864,2036,13492
13,POP65P,2036,3334
13,TOTPOP,2036,21632
13,GQPOP,2037,96
13,HH,2037,8376
13,HHPOP,2037,21592
13,POP0017,2037,4749
13,POP1864,2037,13551
13,POP65P,2037,3389
13,TOTPOP,2037,21689
13,GQPOP,2038,96
13,HH,2038,8467
13,HHPOP,2038,21671
13,POP0017,2038,4696
13,POP1864,2038,13641
13,POP65P,2038,3430
13,TOTPOP,2038,21767
13,GQPOP,2039,96
13,HH,2039,8561
13,HHPOP,2039,21775
13,POP0017,2039,4727
13,POP1864,2039,13647
13,POP65P,2039,3497
13,TOTPOP,2039,21871
13,GQPOP,2040,96
13,HH,2040,8656
13,HHPOP,2040,21894
13,POP0017,2040,4720
13,POP1864,2040,13699
13,POP65P,2040,3571
13,TOTPOP,2040,21990
13,GQPOP,2041,96
13,HH,2041,8759
13,HHPOP,2041,22041
13,POP0017,2041,4733
13,POP1864,2041,13768
13,POP65P,2041,3636
13,TOTPOP,2041,22136
13,GQPOP,2042,95
13,HH,2042,8867
13,HHPOP,2042,22209
13,POP0017,2042,4765
13,POP1864,2042,13818
13,POP65P,2042,3722
13,TOTPOP,2042,22304
13,GQPOP,2043,95
13,HH,2043,8975
13,HHPOP,2043,22388
13,POP0017,2043,4826
13,POP1864,2043,13823
13,POP65P,2043,3834
13,TOTPOP,2043,22483
13,GQPOP,2044,95
13,HH,2044,9076
13,HHPOP,2044,22553
13,POP0017,2044,4884
13,POP1864,2044,13796
13,POP65P,2044,3968
13,TOTPOP,2044,22649
13,GQPOP,2045,95
13,HH,2045,9174
13,HHPOP,2045,22717
13,POP0017,2045,4938
13,POP1864,2045,13760
13,POP65P,2045,4115
13,TOTPOP,2045,22812
13,GQPOP,2046,95
13,HH,2046,9274
13,HHPOP,2046,22886
13,POP0017,2046,4984
13,POP1864,2046,13739
13,POP65P,2046,4258
13,TOTPOP,2046,22981
13,GQPOP,2047,95
13,HH,2047,9381
13,HHPOP,2047,23074
13,POP0017,2047,5021
13,POP1864,2047,13760
13,POP65P,2047,4388
13,TOTPOP,2047,23169
13,GQPOP,2048,95
13,HH,2048,9492
13,HHPOP,2048,23276
13,POP0017,2048,5047
13,POP1864,2048,13822
13,POP65P,2048,4502
13,TOTPOP,2048,23372
13,GQPOP,2049,96
13,HH,2049,9607
13,HHPOP,2049,23482
13,POP0017,2049,5057
13,POP1864,2049,13932
13,POP65P,2049,4588
13,TOTPOP,2049,23578
13,GQPOP,2050,96
13,HH,2050,9722
13,HHPOP,2050,23682
13,POP0017,2050,5047
13,POP1864,2050,14054
13,POP65P,2050,4676
13,TOTPOP,2050,23778
13,GQPOP,2051,97
13,HH,2051,9837
13,HHPOP,2051,23872
13,POP0017,2051,5017
13,POP1864,2051,14176
13,POP65P,2051,4777
13,TOTPOP,2051,23969
13,GQPOP,2052,98
13,HH,2052,9955
13,HHPOP,2052,24057
13,POP0017,2052,4970
13,POP1864,2052,14312
13,POP65P,2052,4873
13,TOTPOP,2052,24155
13,GQPOP,2053,98
13,HH,2053,10075
13,HHPOP,2053,24241
13,POP0017,2053,4910
13,POP1864,2053,14461
13,POP65P,2053,4968
13,TOTPOP,2053,24340
13,GQPOP,2054,99
13,HH,2054,10194
13,HHPOP,2054,24410
13,POP0017,2054,4839
13,POP1864,2054,14614
13,POP65P,2054,5055
13,TOTPOP,2054,24509
13,GQPOP,2055,100
13,HH,2055,10309
13,HHPOP,2055,24560
13,POP0017,2055,4757
13,POP1864,2055,14765
13,POP65P,2055,5137
13,TOTPOP,2055,24659
13,GQPOP,2056,100
13,HH,2056,10416
13,HHPOP,2056,24680
13,POP0017,2056,4664
13,POP1864,2056,14884
13,POP65P,2056,5233
13,TOTPOP,2056,24780
13,GQPOP,2057,101
13,HH,2057,10509
13,HHPOP,2057,24754
13,POP0017,2057,4561
13,POP1864,2057,14971
13,POP65P,2057,5322
13,TOTPOP,2057,24855
13,GQPOP,2058,101
13,HH,2058,10598
13,HHPOP,2058,24817
13,POP0017,2058,4462
13,POP1864,2058,15063
13,POP65P,2058,5393
13,TOTPOP,2058,24918
13,GQPOP,2059,101
13,HH,2059,10689
13,HHPOP,2059,24886
13,POP0017,2059,4371
13,POP1864,2059,15166
13,POP65P,2059,5451
13,TOTPOP,2059,24988
13,GQPOP,2060,101
13,HH,2060,10784
13,HHPOP,2060,24965
13,POP0017,2060,4290
13,POP1864,2060,15292
13,POP65P,2060,5484
13,TOTPOP,2060,25066
13,GQPOP,2061,101
13,HH,2061,10882
13,HHPOP,2061,25054
13,POP0017,2061,4220
13,POP1864,2061,15438
13,POP65P,2061,5497
13,TOTPOP,2061,25155
13,GQPOP,2062,102
13,HH,2062,10981
13,HHPOP,2062,25151
13,POP0017,2062,4165
13,POP1864,2062,15590
13,POP65P,2062,5497
13,TOTPOP,2062,25252
13,GQPOP,2063,102
13,HH,2063,11081
13,HHPOP,2063,25253
13,POP0017,2063,4122
13,POP1864,2063,15743
13,POP65P,2063,5490
13,TOTPOP,2063,25355
13,GQPOP,2064,101
13,HH,2064,11180
13,HHPOP,2064,25360
13,POP0017,2064,4093
13,POP1864,2064,15876
13,POP65P,2064,5493
13,TOTPOP,2064,25462
13,GQPOP,2065,101
13,HH,2065,11277
13,HHPOP,2065,25470
13,POP0017,2065,4076
13,POP1864,2065,15973
13,POP65P,2065,5522
13,TOTPOP,2065,25571
15,GQPOP,2023,58
15,HH,2023,3756
15,HHPOP,2023,9977
15,POP0017,2023,2407
15,POP1864,2023,5675
15,POP65P,2023,1953
15,TOTPOP,2023,10035
15,GQPOP,2025,344
15,HH,2025,3805
15,HHPOP,2025,9849
15,POP0017,2025,2525
15,POP1864,2025,5703
15,POP65P,2025,1964
15,TOTPOP,2025,10193
15,GQPOP,2026,184
15,HH,2026,3830
15,HHPOP,2026,9840
15,POP0017,2026,2451
15,POP1864,2026,5583
15,POP65P,2026,1990
15,TOTPOP,2026,10023
15,GQPOP,2027,253
15,HH,2027,3859
15,HHPOP,2027,9839
15,POP0017,2027,2390
15,POP1864,2027,5700
15,POP65P,2027,2003
15,TOTPOP,2027,10092
15,GQPOP,2028,75
15,HH,2028,3888
15,HHPOP,2028,9839
15,POP0017,2028,2342
15,POP1864,2028,5578
15,POP65P,2028,1994
15,TOTPOP,2028,9913
15,GQPOP,2029,58
15,HH,2029,3929
15,HHPOP,2029,9879
15,POP0017,2029,2322
15,POP1864,2029,5623
15,POP65P,2029,1992
15,TOTPOP,2029,9937
15,GQPOP,2030,58
15,HH,2030,3969
15,HHPOP,2030,9921
15,POP0017,2030,2302
15,POP1864,2030,5695
15,POP65P,2030,1982
15,TOTPOP,2030,9979
15,GQPOP,2031,58
15,HH,2031,4009
15,HHPOP,2031,9966
15,POP0017,2031,2286
15,POP1864,2031,5763
15,POP65P,2031,1974
15,TOTPOP,2031,10024
15,GQPOP,2032,58
15,HH,2032,4048
15,HHPOP,2032,10016
15,POP0017,2032,2280
15,POP1864,2032,5824
15,POP65P,2032,1970
15,TOTPOP,2032,10074
15,GQPOP,2033,58
15,HH,2033,4087
15,HHPOP,2033,10070
15,POP0017,2033,2281
15,POP1864,2033,5884
15,POP65P,2033,1963
15,TOTPOP,2033,10128
15,GQPOP,2034,58
15,HH,2034,4124
15,HHPOP,2034,10128
15,POP0017,2034,2293
15,POP1864,2034,5931
15,POP65P,2034,1963
15,TOTPOP,2034,10186
15,GQPOP,2035,58
15,HH,2035,4160
15,HHPOP,2035,10187
15,POP0017,2035,2309
15,POP1864,2035,5971
15,POP65P,2035,1966
15,TOTPOP,2035,10245
15,GQPOP,2036,58
15,HH,2036,4194
15,HHPOP,2036,10245
15,POP0017,2036,2314
15,POP1864,2036,6014
15,POP65P,2036,1974
15,TOTPOP,2036,10303
15,GQPOP,2037,58
15,HH,2037,4229
15,HHPOP,2037,10311
15,POP0017,2037,2333
15,POP1864,2037,6050
15,POP65P,2037,1987
15,TOTPOP,2037,10369
15,GQPOP,2038,58
15,HH,2038,4263
15,HHPOP,2038,10381
15,POP0017,2038,2354
15,POP1864,2038,6093
15,POP65P,2038,1993
15,TOTPOP,2038,10439
15,GQPOP,2039,58
15,HH,2039,4299
15,HHPOP,2039,10461
15,POP0017,2039,2381
15,POP1864,2039,6135
15,POP65P,2039,2004
15,TOTPOP,2039,10519
15,GQPOP,2040,58
15,HH,2040,4336
15,HHPOP,2040,10545
15,POP0017,2040,2392
15,POP1864,2040,6195
15,POP65P,2040,2016
15,TOTPOP,2040,10603
15,GQPOP,2041,58
15,HH,2041,4376
15,HHPOP,2041,10633
15,POP0017,2041,2395
15,POP1864,2041,6258
15,POP65P,2041,2038
15,TOTPOP,2041,10691
15,GQPOP,2042,58
15,HH,2042,4417
15,HHPOP,2042,10724
15,POP0017,2042,2414
15,POP1864,2042,6296
15,POP65P,2042,2071
15,TOTPOP,2042,10782
15,GQPOP,2043,58
15,HH,2043,4459
15,HHPOP,2043,10817
15,POP0017,2043,2442
15,POP1864,2043,6328
15,POP65P,2043,2105
15,TOTPOP,2043,10875
15,GQPOP,2044,58
15,HH,2044,4500
15,HHPOP,2044,10905
15,POP0017,2044,2470
15,POP1864,2044,6342
15,POP65P,2044,2152
15,TOTPOP,2044,10963
15,GQPOP,2045,58
15,HH,2045,4540
15,HHPOP,2045,10996
15,POP0017,2045,2496
15,POP1864,2045,6358
15,POP65P,2045,2200
15,TOTPOP,2045,11054
15,GQPOP,2046,58
15,HH,2046,4583
15,HHPOP,2046,11094
15,POP0017,2046,2521
15,POP1864,2046,6391
15,POP65P,2046,2239
15,TOTPOP,2046,11152
15,GQPOP,2047,58
15,HH,2047,4627
15,HHPOP,2047,11197
15,POP0017,2047,2544
15,POP1864,2047,6435
15,POP65P,2047,2275
15,TOTPOP,2047,11255
15,GQPOP,2048,58
15,HH,2048,4673
15,HHPOP,2048,11304
15,POP0017,2048,2565
15,POP1864,2048,6493
15,POP65P,2048,2305
15,TOTPOP,2048,11362
15,GQPOP,2049,58
15,HH,2049,4722
15,HHPOP,2049,11418
15,POP0017,2049,2580
15,POP1864,2049,6568
15,POP65P,2049,2327
15,TOTPOP,2049,11476
15,GQPOP,2050,58
15,HH,2050,4770
15,HHPOP,2050,11525
15,POP0017,2050,2588
15,POP1864,2050,6650
15,POP65P,2050,2343
15,TOTPOP,2050,11583
15,GQPOP,2051,58
15,HH,2051,4819
15,HHPOP,2051,11628
15,POP0017,2051,2590
15,POP1864,2051,6739
15,POP65P,2051,2357
15,TOTPOP,2051,11686
15,GQPOP,2052,58
15,HH,2052,4870
15,HHPOP,2052,11729
15,POP0017,2052,2587
15,POP1864,2052,6836
15,POP65P,2052,2364
15,TOTPOP,2052,11787
15,GQPOP,2053,58
15,HH,2053,4921
15,HHPOP,2053,11827
15,POP0017,2053,2578
15,POP1864,2053,6937
15,POP65P,2053,2370
15,TOTPOP,2053,11885
15,GQPOP,2054,58
15,HH,2054,4973
15,HHPOP,2054,11918
15,POP0017,2054,2565
15,POP1864,2054,7038
15,POP65P,2054,2374
15,TOTPOP,2054,11976
15,GQPOP,2055,58
15,HH,2055,5024
15,HHPOP,2055,12001
15,POP0017,2055,2549
15,POP1864,2055,7128
15,POP65P,2055,2383
15,TOTPOP,2055,12059
15,GQPOP,2056,58
15,HH,2056,5072
15,HHPOP,2056,12070
15,POP0017,2056,2530
15,POP1864,2056,7196
15,POP65P,2056,2402
15,TOTPOP,2056,12128
15,GQPOP,2057,58
15,HH,2057,5117
15,HHPOP,2057,12131
15,POP0017,2057,2510
15,POP1864,2057,7257
15,POP65P,2057,2421
15,TOTPOP,2057,12189
15,GQPOP,2058,58
15,HH,2058,5161
15,HHPOP,2058,12186
15,POP0017,2058,2490
15,POP1864,2058,7325
15,POP65P,2058,2429
15,TOTPOP,2058,12244
15,GQPOP,2059,58
15,HH,2059,5205
15,HHPOP,2059,12241
15,POP0017,2059,2472
15,POP1864,2059,7400
15,POP65P,2059,2427
15,TOTPOP,2059,12299
15,GQPOP,2060,58
15,HH,2060,5249
15,HHPOP,2060,12294
15,POP0017,2060,2457
15,POP1864,2060,7469
15,POP65P,2060,2427
15,TOTPOP,2060,12352
15,GQPOP,2061,58
15,HH,2061,5294
15,HHPOP,2061,12352
15,POP0017,2061,2446
15,POP1864,2061,7533
15,POP65P,2061,2431
15,TOTPOP,2061,12410
15,GQPOP,2062,58
15,HH,2062,5337
15,HHPOP,2062,12406
15,POP0017,2062,2438
15,POP1864,2062,7581
15,POP65P,2062,2445
15,TOTPOP,2062,12464
15,GQPOP,2063,58
15,HH,2063,5380
15,HHPOP,2063,12463
15,POP0017,2063,2435
15,POP1864,2063,7622
15,POP65P,2063,2465
15,TOTPOP,2063,12521
15,GQPOP,2064,58
15,HH,2064,5422
15,HHPOP,2064,12519
15,POP0017,2064,2433
15,POP1864,2064,7669
15,POP65P,2064,2475
15,TOTPOP,2064,12577
15,GQPOP,2065,58
15,HH,2065,5463
15,HHPOP,2065,12577
15,POP0017,2065,2435
15,POP1864,2065,7716
15,POP65P,2065,2483
15,TOTPOP,2065,12635
17,GQPOP,2023,204
17,HH,2023,1877
17,HHPOP,2023,4937
17,POP0017,2023,1043
17,POP1864,2023,2746
17,POP65P,2023,1352
17,TOTPOP,2023,5141
17,GQPOP,2025,204
17,HH,2025,1970
17,HHPOP,2025,4915
17,POP0017,2025,1082
17,POP1864,2025,2707
17,POP65P,2025,1331
17,TOTPOP,2025,5119
17,GQPOP,2026,204
17,HH,2026,1985
17,HHPOP,2026,4922
17,POP0017,2026,1069
17,POP1864,2026,2683
17,POP65P,2026,1374
17,TOTPOP,2026,5127
17,GQPOP,2027,204
17,HH,2027,2000
17,HHPOP,2027,4932
17,POP0017,2027,1062
17,POP1864,2027,2653
17,POP65P,2027,1420
17,TOTPOP,2027,5136
17,GQPOP,2028,204
17,HH,2028,2014
17,HHPOP,2028,4943
17,POP0017,2028,1055
17,POP1864,2028,2633
17,POP65P,2028,1458
17,TOTPOP,2028,5147
17,GQPOP,2029,205
17,HH,2029,2027
17,HHPOP,2029,4954
17,POP0017,2029,1052
17,POP1864,2029,2620
17,POP65P,2029,1487
17,TOTPOP,2029,5159
17,GQPOP,2030,205
17,HH,2030,2040
17,HHPOP,2030,4966
17,POP0017,2030,1051
17,POP1864,2030,2614
17,POP65P,2030,1507
17,TOTPOP,2030,5171
17,GQPOP,2031,205
17,HH,2031,2051
17,HHPOP,2031,4979
17,POP0017,2031,1046
17,POP1864,2031,2626
17,POP65P,2031,1512
17,TOTPOP,2031,5184
17,GQPOP,2032,206
17,HH,2032,2062
17,HHPOP,2032,4992
17,POP0017,2032,1046
17,POP1864,2032,2646
17,POP65P,2032,1505
17,TOTPOP,2032,5198
17,GQPOP,2033,205
17,HH,2033,2072
17,HHPOP,2033,5005
17,POP0017,2033,1039
17,POP1864,2033,2676
17,POP65P,2033,1496
17,TOTPOP,2033,5211
17,GQPOP,2034,205
17,HH,2034,2081
17,HHPOP,2034,5019
17,POP0017,2034,1039
17,POP1864,2034,2698
17,POP65P,2034,1487
17,TOTPOP,2034,5224
17,GQPOP,2035,205
17,HH,2035,2088
17,HHPOP,2035,5031
17,POP0017,2035,1035
17,POP1864,2035,2725
17,POP65P,2035,1477
17,TOTPOP,2035,5236
17,GQPOP,2036,205
17,HH,2036,2096
17,HHPOP,2036,5043
17,POP0017,2036,1039
17,POP1864,2036,2737
17,POP65P,2036,1472
17,TOTPOP,2036,5248
17,GQPOP,2037,204
17,HH,2037,2105
17,HHPOP,2037,5057
17,POP0017,2037,1042
17,POP1864,2037,2744
17,POP65P,2037,1475
17,TOTPOP,2037,5261
17,GQPOP,2038,204
17,HH,2038,2114
17,HHPOP,2038,5071
17,POP0017,2038,1033
17,POP1864,2038,2764
17,POP65P,2038,1478
17,TOTPOP,2038,5275
17,GQPOP,2039,205
17,HH,2039,2123
17,HHPOP,2039,5085
17,POP0017,2039,1030
17,POP1864,2039,2773
17,POP65P,2039,1486
17,TOTPOP,2039,5290
17,GQPOP,2040,205
17,HH,2040,2132
17,HHPOP,2040,5098
17,POP0017,2040,1030
17,POP1864,2040,2788
17,POP65P,2040,1485
17,TOTPOP,2040,5304
17,GQPOP,2041,205
17,HH,2041,2141
17,HHPOP,2041,5112
17,POP0017,2041,1030
17,POP1864,2041,2806
17,POP65P,2041,1481
17,TOTPOP,2041,5318
17,GQPOP,2042,206
17,HH,2042,2150
17,HHPOP,2042,5126
17,POP0017,2042,1027
17,POP1864,2042,2817
17,POP65P,2042,1487
17,TOTPOP,2042,5331
17,GQPOP,2043,206
17,HH,2043,2159
17,HHPOP,2043,5139
17,POP0017,2043,1028
17,POP1864,2043,2827
17,POP65P,2043,1491
17,TOTPOP,2043,5345
17,GQPOP,2044,206
17,HH,2044,2168
17,HHPOP,2044,5153
17,POP0017,2044,1027
17,POP1864,2044,2826
17,POP65P,2044,1505
17,TOTPOP,2044,5359
17,GQPOP,2045,205
17,HH,2045,2178
17,HHPOP,2045,5168
17,POP0017,2045,1026
17,POP1864,2045,2811
17,POP65P,2045,1536
17,TOTPOP,2045,5373
17,GQPOP,2046,206
17,HH,2046,2189
17,HHPOP,2046,5182
17,POP0017,2046,1024
17,POP1864,2046,2804
17,POP65P,2046,1560
17,TOTPOP,2046,5388
17,GQPOP,2047,205
17,HH,2047,2200
17,HHPOP,2047,5198
17,POP0017,2047,1020
17,POP1864,2047,2798
17,POP65P,2047,1586
17,TOTPOP,2047,5403
17,GQPOP,2048,206
17,HH,2048,2211
17,HHPOP,2048,5214
17,POP0017,2048,1015
17,POP1864,2048,2793
17,POP65P,2048,1611
17,TOTPOP,2048,5419
17,GQPOP,2049,206
17,HH,2049,2223
17,HHPOP,2049,5229
17,POP0017,2049,1011
17,POP1864,2049,2790
17,POP65P,2049,1635
17,TOTPOP,2049,5435
17,GQPOP,2050,206
17,HH,2050,2235
17,HHPOP,2050,5244
17,POP0017,2050,1005
17,POP1864,2050,2791
17,POP65P,2050,1655
17,TOTPOP,2050,5451
17,GQPOP,2051,207
17,HH,2051,2248
17,HHPOP,2051,5259
17,POP0017,2051,998
17,POP1864,2051,2801
17,POP65P,2051,1666
17,TOTPOP,2051,5466
17,GQPOP,2052,207
17,HH,2052,2260
17,HHPOP,2052,5273
17,POP0017,2052,991
17,POP1864,2052,2814
17,POP65P,2052,1675
17,TOTPOP,2052,5480
17,GQPOP,2053,208
17,HH,2053,2272
17,HHPOP,2053,5286
17,POP0017,2053,984
17,POP1864,2053,2829
17,POP65P,2053,1681
17,TOTPOP,2053,5494
17,GQPOP,2054,208
17,HH,2054,2284
17,HHPOP,2054,5299
17,POP0017,2054,976
17,POP1864,2054,2838
17,POP65P,2054,1694
17,TOTPOP,2054,5507
17,GQPOP,2055,209
17,HH,2055,2296
17,HHPOP,2055,5311
17,POP0017,2055,967
17,POP1864,2055,2846
17,POP65P,2055,1706
17,TOTPOP,2055,5520
17,GQPOP,2056,209
17,HH,2056,2308
17,HHPOP,2056,5323
17,POP0017,2056,958
17,POP1864,2056,2863
17,POP65P,2056,1713
17,TOTPOP,2056,5532
17,GQPOP,2057,210
17,HH,2057,2320
17,HHPOP,2057,5334
17,POP0017,2057,948
17,POP1864,2057,2870
17,POP65P,2057,1726
17,TOTPOP,2057,5544
17,GQPOP,2058,210
17,HH,2058,2333
17,HHPOP,2058,5345
17,POP0017,2058,938
17,POP1864,2058,2879
17,POP65P,2058,1738
17,TOTPOP,2058,5556
17,GQPOP,2059,210
17,HH,2059,2345
17,HHPOP,2059,5357
17,POP0017,2059,928
17,POP1864,2059,2898
17,POP65P,2059,1740
17,TOTPOP,2059,5567
17,GQPOP,2060,211
17,HH,2060,2358
17,HHPOP,2060,5368
17,POP0017,2060,919
17,POP1864,2060,2915
17,POP65P,2060,1745
17,TOTPOP,2060,5579
17,GQPOP,2061,211
17,HH,2061,2371
17,HHPOP,2061,5379
17,POP0017,2061,909
17,POP1864,2061,2926
17,POP65P,2061,1755
17,TOTPOP,2061,5590
17,GQPOP,2062,211
17,HH,2062,2384
17,HHPOP,2062,5390
17,POP0017,2062,900
17,POP1864,2062,2941
17,POP65P,2062,1760
17,TOTPOP,2062,5601
17,GQPOP,2063,211
17,HH,2063,2397
17,HHPOP,2063,5401
17,POP0017,2063,891
17,POP1864,2063,2952
17,POP65P,2063,1768
17,TOTPOP,2063,5612
17,GQPOP,2064,211
17,HH,2064,2409
17,HHPOP,2064,5411
17,POP0017,2064,883
17,POP1864,2064,2960
17,POP65P,2064,1779
17,TOTPOP,2064,5622
17,GQPOP,2065,211
17,HH,2065,2422
17,HHPOP,2065,5422
17,POP0017,2065,876
17,POP1864,2065,2972
17,POP65P,2065,1785
17,TOTPOP,2065,5633
19,GQPOP,2023,156
19,HH,2023,3984
19,HHPOP,2023,9686
19,POP0017,2023,1868
19,POP1864,2023,5675
19,POP65P,2023,2299
19,TOTPOP,2023,9842
19,GQPOP,2025,156
19,HH,2025,4272
19,HHPOP,2025,9747
19,POP0017,2025,1936
19,POP1864,2025,5671
19,POP65P,2025,2296
19,TOTPOP,2025,9903
19,GQPOP,2026,156
19,HH,2026,4312
19,HHPOP,2026,9748
19,POP0017,2026,1885
19,POP1864,2026,5657
19,POP65P,2026,2362
19,TOTPOP,2026,9904
19,GQPOP,2027,156
19,HH,2027,4353
19,HHPOP,2027,9755
19,POP0017,2027,1834
19,POP1864,2027,5645
19,POP65P,2027,2433
19,TOTPOP,2027,9911
19,GQPOP,2028,156
19,HH,2028,4396
19,HHPOP,2028,9774
19,POP0017,2028,1790
19,POP1864,2028,5649
19,POP65P,2028,2492
19,TOTPOP,2028,9930
19,GQPOP,2029,156
19,HH,2029,4442
19,HHPOP,2029,9810
19,POP0017,2029,1757
19,POP1864,2029,5677
19,POP65P,2029,2532
19,TOTPOP,2029,9966
19,GQPOP,2030,156
19,HH,2030,4491
19,HHPOP,2030,9864
19,POP0017,2030,1740
19,POP1864,2030,5731
19,POP65P,2030,2549
19,TOTPOP,2030,10020
19,GQPOP,2031,156
19,HH,2031,4542
19,HHPOP,2031,9937
19,POP0017,2031,1727
19,POP1864,2031,5805
19,POP65P,2031,2562
19,TOTPOP,2031,10093
19,GQPOP,2032,156
19,HH,2032,4596
19,HHPOP,2032,10026
19,POP0017,2032,1713
19,POP1864,2032,5902
19,POP65P,2032,2567
19,TOTPOP,2032,10182
19,GQPOP,2033,156
19,HH,2033,4650
19,HHPOP,2033,10126
19,POP0017,2033,1706
19,POP1864,2033,6009
19,POP65P,2033,2567
19,TOTPOP,2033,10282
19,GQPOP,2034,156
19,HH,2034,4704
19,HHPOP,2034,10228
19,POP0017,2034,1704
19,POP1864,2034,6111
19,POP65P,2034,2569
19,TOTPOP,2034,10384
19,GQPOP,2035,156
19,HH,2035,4753
19,HHPOP,2035,10324
19,POP0017,2035,1709
19,POP1864,2035,6198
19,POP65P,2035,2572
19,TOTPOP,2035,10480
19,GQPOP,2036,156
19,HH,2036,4794
19,HHPOP,2036,10401
19,POP0017,2036,1723
19,POP1864,2036,6250
19,POP65P,2036,2584
19,TOTPOP,2036,10557
19,GQPOP,2037,156
19,HH,2037,4836
19,HHPOP,2037,10485
19,POP0017,2037,1757
19,POP1864,2037,6292
19,POP65P,2037,2591
19,TOTPOP,2037,10641
19,GQPOP,2038,156
19,HH,2038,4873
19,HHPOP,2038,10561
19,POP0017,2038,1787
19,POP1864,2038,6332
19,POP65P,2038,2598
19,TOTPOP,2038,10717
19,GQPOP,2039,156
19,HH,2039,4913
19,HHPOP,2039,10647
19,POP0017,2039,1814
19,POP1864,2039,6396
19,POP65P,2039,2594
19,TOTPOP,2039,10803
19,GQPOP,2040,156
19,HH,2040,4952
19,HHPOP,2040,10732
19,POP0017,2040,1843
19,POP1864,2040,6454
19,POP65P,2040,2590
19,TOTPOP,2040,10888
19,GQPOP,2041,156
19,HH,2041,4991
19,HHPOP,2041,10824
19,POP0017,2041,1879
19,POP1864,2041,6517
19,POP65P,2041,2585
19,TOTPOP,2041,10980
19,GQPOP,2042,156
19,HH,2042,5027
19,HHPOP,2042,10914
19,POP0017,2042,1937
19,POP1864,2042,6547
19,POP65P,2042,2586
19,TOTPOP,2042,11070
19,GQPOP,2043,156
19,HH,2043,5059
19,HHPOP,2043,11002
19,POP0017,2043,2000
19,POP1864,2043,6570
19,POP65P,2043,2588
19,TOTPOP,2043,11158
19,GQPOP,2044,156
19,HH,2044,5087
19,HHPOP,2044,11082
19,POP0017,2044,2062
19,POP1864,2044,6581
19,POP65P,2044,2595
19,TOTPOP,2044,11238
19,GQPOP,2045,156
19,HH,2045,5116
19,HHPOP,2045,11170
19,POP0017,2045,2126
19,POP1864,2045,6584
19,POP65P,2045,2615
19,TOTPOP,2045,11326
19,GQPOP,2046,156
19,HH,2046,5144
19,HHPOP,2046,11257
19,POP0017,2046,2187
19,POP1864,2046,6584
19,POP65P,2046,2642
19,TOTPOP,2046,11413
19,GQPOP,2047,156
19,HH,2047,5177
19,HHPOP,2047,11361
19,POP0017,2047,2246
19,POP1864,2047,6585
19,POP65P,2047,2687
19,TOTPOP,2047,11517
19,GQPOP,2048,156
19,HH,2048,5210
19,HHPOP,2048,11469
19,POP0017,2048,2297
19,POP1864,2048,6589
19,POP65P,2048,2739
19,TOTPOP,2048,11625
19,GQPOP,2049,156
19,HH,2049,5247
19,HHPOP,2049,11586
19,POP0017,2049,2341
19,POP1864,2049,6630
19,POP65P,2049,2770
19,TOTPOP,2049,11742
19,GQPOP,2050,156
19,HH,2050,5286
19,HHPOP,2050,11704
19,POP0017,2050,2376
19,POP1864,2050,6684
19,POP65P,2050,2800
19,TOTPOP,2050,11860
19,GQPOP,2051,156
19,HH,2051,5322
19,HHPOP,2051,11813
19,POP0017,2051,2398
19,POP1864,2051,6741
19,POP65P,2051,2828
19,TOTPOP,2051,11969
19,GQPOP,2052,156
19,HH,2052,5362
19,HHPOP,2052,11924
19,POP0017,2052,2415
19,POP1864,2052,6804
19,POP65P,2052,2861
19,TOTPOP,2052,12080
19,GQPOP,2053,156
19,HH,2053,5405
19,HHPOP,2053,12039
19,POP0017,2053,2425
19,POP1864,2053,6873
19,POP65P,2053,2897
19,TOTPOP,2053,12195
19,GQPOP,2054,156
19,HH,2054,5450
19,HHPOP,2054,12150
19,POP0017,2054,2431
19,POP1864,2054,6940
19,POP65P,2054,2936
19,TOTPOP,2054,12306
19,GQPOP,2055,156
19,HH,2055,5497
19,HHPOP,2055,12261
19,POP0017,2055,2434
19,POP1864,2055,6999
19,POP65P,2055,2985
19,TOTPOP,2055,12417
19,GQPOP,2056,156
19,HH,2056,5542
19,HHPOP,2056,12359
19,POP0017,2056,2431
19,POP1864,2056,7021
19,POP65P,2056,3063
19,TOTPOP,2056,12515
19,GQPOP,2057,156
19,HH,2057,5584
19,HHPOP,2057,12446
19,POP0017,2057,2423
19,POP1864,2057,7028
19,POP65P,2057,3151
19,TOTPOP,2057,12602
19,GQPOP,2058,156
19,HH,2058,5630
19,HHPOP,2058,12535
19,POP0017,2058,2416
19,POP1864,2058,7056
19,POP65P,2058,3219
19,TOTPOP,2058,12691
19,GQPOP,2059,156
19,HH,2059,5677
19,HHPOP,2059,12625
19,POP0017,2059,2406
19,POP1864,2059,7103
19,POP65P,2059,3272
19,TOTPOP,2059,12781
19,GQPOP,2060,156
19,HH,2060,5727
19,HHPOP,2060,12715
19,POP0017,2060,2395
19,POP1864,2060,7164
19,POP65P,2060,3312
19,TOTPOP,2060,12871
19,GQPOP,2061,156
19,HH,2061,5780
19,HHPOP,2061,12809
19,POP0017,2061,2386
19,POP1864,2061,7234
19,POP65P,2061,3346
19,TOTPOP,2061,12965
19,GQPOP,2062,156
19,HH,2062,5835
19,HHPOP,2062,12908
19,POP0017,2062,2378
19,POP1864,2062,7319
19,POP65P,2062,3366
19,TOTPOP,2062,13064
19,GQPOP,2063,156
19,HH,2063,5893
19,HHPOP,2063,13012
19,POP0017,2063,2372
19,POP1864,2063,7422
19,POP65P,2063,3375
19,TOTPOP,2063,13168
19,GQPOP,2064,156
19,HH,2064,5952
19,HHPOP,2064,13117
19,POP0017,2064,2368
19,POP1864,2064,7535
19,POP65P,2064,3370
19,TOTPOP,2064,13273
19,GQPOP,2065,156
19,HH,2065,6011
19,HHPOP,2065,13220
19,POP0017,2065,2362
19,POP1864,2065,7644
19,POP65P,2065,3369
19,TOTPOP,2065,13376
21,GQPOP,2023,1693
21,HH,2023,21467
21,HHPOP,2023,64351
21,POP0017,2023,16118
21,POP1864,2023,40753
21,POP65P,2023,9173
21,TOTPOP,2023,66044
21,GQPOP,2025,1672
21,HH,2025,24037
21,HHPOP,2025,68310
21,POP0017,2025,17706
21,POP1864,2025,42670
21,POP65P,2025,9607
21,TOTPOP,2025,69982
21,GQPOP,2026,1705
21,HH,2026,25069
21,HHPOP,2026,70522
21,POP0017,2026,17656
21,POP1864,2026,44377
21,POP65P,2026,10192
21,TOTPOP,2026,72226
21,GQPOP,2027,1728
21,HH,2027,26125
21,HHPOP,2027,72768
21,POP0017,2027,17653
21,POP1864,2027,46069
21,POP65P,2027,10775
21,TOTPOP,2027,74496
21,GQPOP,2028,1743
21,HH,2028,27165
21,HHPOP,2028,74960
21,POP0017,2028,17644
21,POP1864,2028,47715
21,POP65P,2028,11344
21,TOTPOP,2028,76703
21,GQPOP,2029,1850
21,HH,2029,28163
21,HHPOP,2029,77030
21,POP0017,2029,17667
21,POP1864,2029,49307
21,POP65P,2029,11905
21,TOTPOP,2029,78879
21,GQPOP,2030,1849
21,HH,2030,29096
21,HHPOP,2030,78931
21,POP0017,2030,17726
21,POP1864,2030,50634
21,POP65P,2030,12421
21,TOTPOP,2030,80780
21,GQPOP,2031,1852
21,HH,2031,29948
21,HHPOP,2031,80631
21,POP0017,2031,17753
21,POP1864,2031,51876
21,POP65P,2031,12854
21,TOTPOP,2031,82483
21,GQPOP,2032,1859
21,HH,2032,30713
21,HHPOP,2032,82124
21,POP0017,2032,17783
21,POP1864,2032,52939
21,POP65P,2032,13261
21,TOTPOP,2032,83983
21,GQPOP,2033,1863
21,HH,2033,31396
21,HHPOP,2033,83441
21,POP0017,2033,17836
21,POP1864,2033,53821
21,POP65P,2033,13646
21,TOTPOP,2033,85304
21,GQPOP,2034,1856
21,HH,2034,32011
21,HHPOP,2034,84625
21,POP0017,2034,17953
21,POP1864,2034,54496
21,POP65P,2034,14031
21,TOTPOP,2034,86481
21,GQPOP,2035,1842
21,HH,2035,32585
21,HHPOP,2035,85736
21,POP0017,2035,18097
21,POP1864,2035,55033
21,POP65P,2035,14447
21,TOTPOP,2035,87577
21,GQPOP,2036,1828
21,HH,2036,33157
21,HHPOP,2036,86847
21,POP0017,2036,18297
21,POP1864,2036,55480
21,POP65P,2036,14899
21,TOTPOP,2036,88675
21,GQPOP,2037,1820
21,HH,2037,33740
21,HHPOP,2037,88003
21,POP0017,2037,18526
21,POP1864,2037,55934
21,POP65P,2037,15362
21,TOTPOP,2037,89822
21,GQPOP,2038,1820
21,HH,2038,34345
21,HHPOP,2038,89216
21,POP0017,2038,18730
21,POP1864,2038,56480
21,POP65P,2038,15826
21,TOTPOP,2038,91036
21,GQPOP,2039,1815
21,HH,2039,34959
21,HHPOP,2039,90451
21,POP0017,2039,18996
21,POP1864,2039,56962
21,POP65P,2039,16307
21,TOTPOP,2039,92266
21,GQPOP,2040,1807
21,HH,2040,35562
21,HHPOP,2040,91649
21,POP0017,2040,19244
21,POP1864,2040,57370
21,POP65P,2040,16842
21,TOTPOP,2040,93456
21,GQPOP,2041,1806
21,HH,2041,36155
21,HHPOP,2041,92823
21,POP0017,2041,19458
21,POP1864,2041,57761
21,POP65P,2041,17409
21,TOTPOP,2041,94628
21,GQPOP,2042,1806
21,HH,2042,36737
21,HHPOP,2042,93966
21,POP0017,2042,19632
21,POP1864,2042,58102
21,POP65P,2042,18038
21,TOTPOP,2042,95772
21,GQPOP,2043,1793
21,HH,2043,37319
21,HHPOP,2043,95120
21,POP0017,2043,19903
21,POP1864,2043,58258
21,POP65P,2043,18751
21,TOTPOP,2043,96912
21,GQPOP,2044,1776
21,HH,2044,37907
21,HHPOP,2044,96287
21,POP0017,2044,20195
21,POP1864,2044,58355
21,POP65P,2044,19513
21,TOTPOP,2044,98063
21,GQPOP,2045,1768
21,HH,2045,38515
21,HHPOP,2045,97497
21,POP0017,2045,20486
21,POP1864,2045,58441
21,POP65P,2045,20337
21,TOTPOP,2045,99265
21,GQPOP,2046,1772
21,HH,2046,39158
21,HHPOP,2046,98768
21,POP0017,2046,20763
21,POP1864,2046,58608
21,POP65P,2046,21170
21,TOTPOP,2046,100540
21,GQPOP,2047,1784
21,HH,2047,39836
21,HHPOP,2047,100099
21,POP0017,2047,21008
21,POP1864,2047,58870
21,POP65P,2047,22004
21,TOTPOP,2047,101883
21,GQPOP,2048,1803
21,HH,2048,40543
21,HHPOP,2048,101474
21,POP0017,2048,21209
21,POP1864,2048,59253
21,POP65P,2048,22815
21,TOTPOP,2048,103277
21,GQPOP,2049,1827
21,HH,2049,41268
21,HHPOP,2049,102867
21,POP0017,2049,21357
21,POP1864,2049,59767
21,POP65P,2049,23570
21,TOTPOP,2049,104694
21,GQPOP,2050,1853
21,HH,2050,41987
21,HHPOP,2050,104220
21,POP0017,2050,21436
21,POP1864,2050,60364
21,POP65P,2050,24273
21,TOTPOP,2050,106073
21,GQPOP,2051,1878
21,HH,2051,42705
21,HHPOP,2051,105554
21,POP0017,2051,21458
21,POP1864,2051,61044
21,POP65P,2051,24928
21,TOTPOP,2051,107432
21,GQPOP,2052,1902
21,HH,2052,43413
21,HHPOP,2052,106852
21,POP0017,2052,21431
21,POP1864,2052,61835
21,POP65P,2052,25488
21,TOTPOP,2052,108754
21,GQPOP,2053,1922
21,HH,2053,44107
21,HHPOP,2053,108108
21,POP0017,2053,21364
21,POP1864,2053,62691
21,POP65P,2053,25975
21,TOTPOP,2053,110030
21,GQPOP,2054,1937
21,HH,2054,44789
21,HHPOP,2054,109326
21,POP0017,2054,21282
21,POP1864,2054,63515
21,POP65P,2054,26466
21,TOTPOP,2054,111263
21,GQPOP,2055,1949
21,HH,2055,45454
21,HHPOP,2055,110495
21,POP0017,2055,21188
21,POP1864,2055,64265
21,POP65P,2055,26990
21,TOTPOP,2055,112444
21,GQPOP,2056,1958
21,HH,2056,46104
21,HHPOP,2056,111623
21,POP0017,2056,21091
21,POP1864,2056,64959
21,POP65P,2056,27531
21,TOTPOP,2056,113581
21,GQPOP,2057,1966
21,HH,2057,46739
21,HHPOP,2057,112720
21,POP0017,2057,21004
21,POP1864,2057,65644
21,POP65P,2057,28039
21,TOTPOP,2057,114686
21,GQPOP,2058,1972
21,HH,2058,47366
21,HHPOP,2058,113800
21,POP0017,2058,20936
21,POP1864,2058,66340
21,POP65P,2058,28495
21,TOTPOP,2058,115772
21,GQPOP,2059,1975
21,HH,2059,47990
21,HHPOP,2059,114884
21,POP0017,2059,20896
21,POP1864,2059,67070
21,POP65P,2059,28893
21,TOTPOP,2059,116860
21,GQPOP,2060,1977
21,HH,2060,48609
21,HHPOP,2060,115961
21,POP0017,2060,20884
21,POP1864,2060,67750
21,POP65P,2060,29304
21,TOTPOP,2060,117938
21,GQPOP,2061,1976
21,HH,2061,49222
21,HHPOP,2061,117028
21,POP0017,2061,20895
21,POP1864,2061,68343
21,POP65P,2061,29766
21,TOTPOP,2061,119005
21,GQPOP,2062,1975
21,HH,2062,49828
21,HHPOP,2062,118084
21,POP0017,2062,20928
21,POP1864,2062,68799
21,POP65P,2062,30331
21,TOTPOP,2062,120059
21,GQPOP,2063,1972
21,HH,2063,50425
21,HHPOP,2063,119125
21,POP0017,2063,20983
21,POP1864,2063,69165
21,POP65P,2063,30950
21,TOTPOP,2063,121097
21,GQPOP,2064,1969
21,HH,2064,51014
21,HHPOP,2064,120157
21,POP0017,2064,21058
21,POP1864,2064,69467
21,POP65P,2064,31601
21,TOTPOP,2064,122126
21,GQPOP,2065,1964
21,HH,2065,51593
21,HHPOP,2065,121174
21,POP0017,2065,21151
21,POP1864,2065,69734
21,POP65P,2065,32253
21,TOTPOP,2065,123138
23,GQPOP,2023,101
23,HH,2023,3975
23,HHPOP,2023,12665
23,POP0017,2023,3871
23,POP1864,2023,7348
23,POP65P,2023,1547
23,TOTPOP,2023,12766
23,GQPOP,2025,101
23,HH,2025,4356
23,HHPOP,2025,13285
23,POP0017,2025,4196
23,POP1864,2025,7590
23,POP65P,2025,1600
23,TOTPOP,2025,13386
23,GQPOP,2026,101
23,HH,2026,4491
23,HHPOP,2026,13564
23,POP0017,2026,4179
23,POP1864,2026,7818
23,POP65P,2026,1668
23,TOTPOP,2026,13665
23,GQPOP,2027,101
23,HH,2027,4631
23,HHPOP,2027,13846
23,POP0017,2027,4166
23,POP1864,2027,8044
23,POP65P,2027,1736
23,TOTPOP,2027,13947
23,GQPOP,2028,101
23,HH,2028,4773
23,HHPOP,2028,14121
23,POP0017,2028,4158
23,POP1864,2028,8258
23,POP65P,2028,1805
23,TOTPOP,2028,14222
23,GQPOP,2029,101
23,HH,2029,4913
23,HHPOP,2029,14383
23,POP0017,2029,4159
23,POP1864,2029,8446
23,POP65P,2029,1879
23,TOTPOP,2029,14484
23,GQPOP,2030,101
23,HH,2030,5049
23,HHPOP,2030,14624
23,POP0017,2030,4151
23,POP1864,2030,8631
23,POP65P,2030,1943
23,TOTPOP,2030,14725
23,GQPOP,2031,101
23,HH,2031,5182
23,HHPOP,2031,14843
23,POP0017,2031,4127
23,POP1864,2031,8824
23,POP65P,2031,1993
23,TOTPOP,2031,14944
23,GQPOP,2032,101
23,HH,2032,5309
23,HHPOP,2032,15040
23,POP0017,2032,4082
23,POP1864,2032,9021
23,POP65P,2032,2040
23,TOTPOP,2032,15141
23,GQPOP,2033,101
23,HH,2033,5431
23,HHPOP,2033,15218
23,POP0017,2033,4051
23,POP1864,2033,9171
23,POP65P,2033,2096
23,TOTPOP,2033,15319
23,GQPOP,2034,101
23,HH,2034,5548
23,HHPOP,2034,15380
23,POP0017,2034,3998
23,POP1864,2034,9329
23,POP65P,2034,2154
23,TOTPOP,2034,15481
23,GQPOP,2035,101
23,HH,2035,5663
23,HHPOP,2035,15534
23,POP0017,2035,3955
23,POP1864,2035,9465
23,POP65P,2035,2216
23,TOTPOP,2035,15635
23,GQPOP,2036,101
23,HH,2036,5778
23,HHPOP,2036,15692
23,POP0017,2036,3924
23,POP1864,2036,9582
23,POP65P,2036,2287
23,TOTPOP,2036,15793
23,GQPOP,2037,101
23,HH,2037,5894
23,HHPOP,2037,15858
23,POP0017,2037,3906
23,POP1864,2037,9692
23,POP65P,2037,2360
23,TOTPOP,2037,15959
23,GQPOP,2038,101
23,HH,2038,6014
23,HHPOP,2038,16032
23,POP0017,2038,3892
23,POP1864,2038,9808
23,POP65P,2038,2434
23,TOTPOP,2038,16133
23,GQPOP,2039,101
23,HH,2039,6136
23,HHPOP,2039,16214
23,POP0017,2039,3853
23,POP1864,2039,9973
23,POP65P,2039,2489
23,TOTPOP,2039,16315
23,GQPOP,2040,101
23,HH,2040,6261
23,HHPOP,2040,16399
23,POP0017,2040,3822
23,POP1864,2040,10126
23,POP65P,2040,2552
23,TOTPOP,2040,16500
23,GQPOP,2041,101
23,HH,2041,6386
23,HHPOP,2041,16584
23,POP0017,2041,3798
23,POP1864,2041,10251
23,POP65P,2041,2637
23,TOTPOP,2041,16685
23,GQPOP,2042,101
23,HH,2042,6511
23,HHPOP,2042,16769
23,POP0017,2042,3750
23,POP1864,2042,10378
23,POP65P,2042,2742
23,TOTPOP,2042,16870
23,GQPOP,2043,101
23,HH,2043,6637
23,HHPOP,2043,16955
23,POP0017,2043,3728
23,POP1864,2043,10471
23,POP65P,2043,2856
23,TOTPOP,2043,17056
23,GQPOP,2044,101
23,HH,2044,6765
23,HHPOP,2044,17144
23,POP0017,2044,3705
23,POP1864,2044,10566
23,POP65P,2044,2973
23,TOTPOP,2044,17245
23,GQPOP,2045,101
23,HH,2045,6896
23,HHPOP,2045,17338
23,POP0017,2045,3684
23,POP1864,2045,10667
23,POP65P,2045,3089
23,TOTPOP,2045,17439
23,GQPOP,2046,101
23,HH,2046,7029
23,HHPOP,2046,17538
23,POP0017,2046,3664
23,POP1864,2046,10771
23,POP65P,2046,3204
23,TOTPOP,2046,17639
23,GQPOP,2047,101
23,HH,2047,7164
23,HHPOP,2047,17742
23,POP0017,2047,3646
23,POP1864,2047,10883
23,POP65P,2047,3314
23,TOTPOP,2047,17843
23,GQPOP,2048,101
23,HH,2048,7300
23,HHPOP,2048,17949
23,POP0017,2048,3632
23,POP1864,2048,10980
23,POP65P,2048,3438
23,TOTPOP,2048,18050
23,GQPOP,2049,101
23,HH,2049,7437
23,HHPOP,2049,18158
23,POP0017,2049,3621
23,POP1864,2049,11083
23,POP65P,2049,3555
23,TOTPOP,2049,18259
23,GQPOP,2050,101
23,HH,2050,7573
23,HHPOP,2050,18366
23,POP0017,2050,3612
23,POP1864,2050,11189
23,POP65P,2050,3666
23,TOTPOP,2050,18467
23,GQPOP,2051,101
23,HH,2051,7706
23,HHPOP,2051,18569
23,POP0017,2051,3604
23,POP1864,2051,11311
23,POP65P,2051,3755
23,TOTPOP,2051,18670
23,GQPOP,2052,101
23,HH,2052,7837
23,HHPOP,2052,18766
23,POP0017,2052,3596
23,POP1864,2052,11429
23,POP65P,2052,3841
23,TOTPOP,2052,18867
23,GQPOP,2053,101
23,HH,2053,7966
23,HHPOP,2053,18958
23,POP0017,2053,3586
23,POP1864,2053,11527
23,POP65P,2053,3946
23,TOTPOP,2053,19059
23,GQPOP,2054,101
23,HH,2054,8094
23,HHPOP,2054,19148
23,POP0017,2054,3573
23,POP1864,2054,11612
23,POP65P,2054,4064
23,TOTPOP,2054,19249
23,GQPOP,2055,101
23,HH,2055,8221
23,HHPOP,2055,19335
23,POP0017,2055,3557
23,POP1864,2055,11685
23,POP65P,2055,4194
23,TOTPOP,2055,19436
23,GQPOP,2056,101
23,HH,2056,8347
23,HHPOP,2056,19521
23,POP0017,2056,3539
23,POP1864,2056,11750
23,POP65P,2056,4333
23,TOTPOP,2056,19622
23,GQPOP,2057,101
23,HH,2057,8472
23,HHPOP,2057,19706
23,POP0017,2057,3520
23,POP1864,2057,11804
23,POP65P,2057,4483
23,TOTPOP,2057,19807
23,GQPOP,2058,101
23,HH,2058,8596
23,HHPOP,2058,19888
23,POP0017,2058,3501
23,POP1864,2058,11867
23,POP65P,2058,4621
23,TOTPOP,2058,19989
23,GQPOP,2059,101
23,HH,2059,8719
23,HHPOP,2059,20069
23,POP0017,2059,3482
23,POP1864,2059,11934
23,POP65P,2059,4755
23,TOTPOP,2059,20170
23,GQPOP,2060,101
23,HH,2060,8842
23,HHPOP,2060,20251
23,POP0017,2060,3465
23,POP1864,2060,12003
23,POP65P,2060,4884
23,TOTPOP,2060,20352
23,GQPOP,2061,101
23,HH,2061,8965
23,HHPOP,2061,20432
23,POP0017,2061,3450
23,POP1864,2061,12075
23,POP65P,2061,5010
23,TOTPOP,2061,20533
23,GQPOP,2062,101
23,HH,2062,9086
23,HHPOP,2062,20613
23,POP0017,2062,3437
23,POP1864,2062,12129
23,POP65P,2062,5148
23,TOTPOP,2062,20714
23,GQPOP,2063,101
23,HH,2063,9207
23,HHPOP,2063,20795
23,POP0017,2063,3429
23,POP1864,2063,12188
23,POP65P,2063,5279
23,TOTPOP,2063,20896
23,GQPOP,2064,101
23,HH,2064,9326
23,HHPOP,2064,20976
23,POP0017,2064,3425
23,POP1864,2064,12257
23,POP65P,2064,5395
23,TOTPOP,2064,21077
23,GQPOP,2065,101
23,HH,2065,9444
23,HHPOP,2065,21158
23,POP0017,2065,3425
23,POP1864,2065,12309
23,POP65P,2065,5526
23,TOTPOP,2065,21259
25,GQPOP,2023,168
25,HH,2023,3104
25,HHPOP,2023,8219
25,POP0017,2023,1806
25,POP1864,2023,4473
25,POP65P,2023,2108
25,TOTPOP,2023,8387
25,GQPOP,2025,169
25,HH,2025,3242
25,HHPOP,2025,8229
25,POP0017,2025,1871
25,POP1864,2025,4438
25,POP65P,2025,2090
25,TOTPOP,2025,8398
25,GQPOP,2026,171
25,HH,2026,3275
25,HHPOP,2026,8267
25,POP0017,2026,1835
25,POP1864,2026,4470
25,POP65P,2026,2133
25,TOTPOP,2026,8438
25,GQPOP,2027,172
25,HH,2027,3308
25,HHPOP,2027,8308
25,POP0017,2027,1803
25,POP1864,2027,4504
25,POP65P,2027,2171
25,TOTPOP,2027,8480
25,GQPOP,2028,173
25,HH,2028,3343
25,HHPOP,2028,8350
25,POP0017,2028,1772
25,POP1864,2028,4552
25,POP65P,2028,2198
25,TOTPOP,2028,8523
25,GQPOP,2029,175
25,HH,2029,3376
25,HHPOP,2029,8390
25,POP0017,2029,1747
25,POP1864,2029,4599
25,POP65P,2029,2219
25,TOTPOP,2029,8565
25,GQPOP,2030,177
25,HH,2030,3409
25,HHPOP,2030,8429
25,POP0017,2030,1734
25,POP1864,2030,4628
25,POP65P,2030,2244
25,TOTPOP,2030,8606
25,GQPOP,2031,179
25,HH,2031,3439
25,HHPOP,2031,8466
25,POP0017,2031,1722
25,POP1864,2031,4656
25,POP65P,2031,2268
25,TOTPOP,2031,8645
25,GQPOP,2032,180
25,HH,2032,3468
25,HHPOP,2032,8501
25,POP0017,2032,1702
25,POP1864,2032,4710
25,POP65P,2032,2270
25,TOTPOP,2032,8681
25,GQPOP,2033,181
25,HH,2033,3497
25,HHPOP,2033,8534
25,POP0017,2033,1689
25,POP1864,2033,4766
25,POP65P,2033,2260
25,TOTPOP,2033,8715
25,GQPOP,2034,183
25,HH,2034,3522
25,HHPOP,2034,8563
25,POP0017,2034,1668
25,POP1864,2034,4827
25,POP65P,2034,2251
25,TOTPOP,2034,8745
25,GQPOP,2035,185
25,HH,2035,3546
25,HHPOP,2035,8589
25,POP0017,2035,1652
25,POP1864,2035,4886
25,POP65P,2035,2236
25,TOTPOP,2035,8774
25,GQPOP,2036,187
25,HH,2036,3569
25,HHPOP,2036,8615
25,POP0017,2036,1644
25,POP1864,2036,4936
25,POP65P,2036,2222
25,TOTPOP,2036,8802
25,GQPOP,2037,188
25,HH,2037,3591
25,HHPOP,2037,8643
25,POP0017,2037,1647
25,POP1864,2037,4975
25,POP65P,2037,2209
25,TOTPOP,2037,8832
25,GQPOP,2038,189
25,HH,2038,3613
25,HHPOP,2038,8674
25,POP0017,2038,1639
25,POP1864,2038,5031
25,POP65P,2038,2193
25,TOTPOP,2038,8863
25,GQPOP,2039,190
25,HH,2039,3636
25,HHPOP,2039,8706
25,POP0017,2039,1635
25,POP1864,2039,5081
25,POP65P,2039,2180
25,TOTPOP,2039,8896
25,GQPOP,2040,191
25,HH,2040,3658
25,HHPOP,2040,8738
25,POP0017,2040,1624
25,POP1864,2040,5133
25,POP65P,2040,2173
25,TOTPOP,2040,8928
25,GQPOP,2041,190
25,HH,2041,3681
25,HHPOP,2041,8770
25,POP0017,2041,1629
25,POP1864,2041,5161
25,POP65P,2041,2171
25,TOTPOP,2041,8960
25,GQPOP,2042,189
25,HH,2042,3703
25,HHPOP,2042,8803
25,POP0017,2042,1625
25,POP1864,2042,5194
25,POP65P,2042,2174
25,TOTPOP,2042,8992
25,GQPOP,2043,189
25,HH,2043,3725
25,HHPOP,2043,8835
25,POP0017,2043,1628
25,POP1864,2043,5219
25,POP65P,2043,2176
25,TOTPOP,2043,9024
25,GQPOP,2044,188
25,HH,2044,3746
25,HHPOP,2044,8867
25,POP0017,2044,1631
25,POP1864,2044,5236
25,POP65P,2044,2189
25,TOTPOP,2044,9055
25,GQPOP,2045,188
25,HH,2045,3768
25,HHPOP,2045,8900
25,POP0017,2045,1630
25,POP1864,2045,5243
25,POP65P,2045,2215
25,TOTPOP,2045,9088
25,GQPOP,2046,187
25,HH,2046,3792
25,HHPOP,2046,8935
25,POP0017,2046,1629
25,POP1864,2046,5265
25,POP65P,2046,2228
25,TOTPOP,2046,9122
25,GQPOP,2047,187
25,HH,2047,3816
25,HHPOP,2047,8971
25,POP0017,2047,1626
25,POP1864,2047,5293
25,POP65P,2047,2239
25,TOTPOP,2047,9158
25,GQPOP,2048,186
25,HH,2048,3842
25,HHPOP,2048,9008
25,POP0017,2048,1621
25,POP1864,2048,5299
25,POP65P,2048,2274
25,TOTPOP,2048,9194
25,GQPOP,2049,186
25,HH,2049,3867
25,HHPOP,2049,9045
25,POP0017,2049,1615
25,POP1864,2049,5304
25,POP65P,2049,2312
25,TOTPOP,2049,9231
25,GQPOP,2050,186
25,HH,2050,3893
25,HHPOP,2050,9080
25,POP0017,2050,1606
25,POP1864,2050,5319
25,POP65P,2050,2342
25,TOTPOP,2050,9266
25,GQPOP,2051,187
25,HH,2051,3919
25,HHPOP,2051,9114
25,POP0017,2051,1596
25,POP1864,2051,5336
25,POP65P,2051,2369
25,TOTPOP,2051,9301
25,GQPOP,2052,187
25,HH,2052,3945
25,HHPOP,2052,9147
25,POP0017,2052,1584
25,POP1864,2052,5347
25,POP65P,2052,2405
25,TOTPOP,2052,9335
25,GQPOP,2053,188
25,HH,2053,3971
25,HHPOP,2053,9178
25,POP0017,2053,1569
25,POP1864,2053,5369
25,POP65P,2053,2428
25,TOTPOP,2053,9367
25,GQPOP,2054,189
25,HH,2054,3998
25,HHPOP,2054,9209
25,POP0017,2054,1552
25,POP1864,2054,5394
25,POP65P,2054,2451
25,TOTPOP,2054,9397
25,GQPOP,2055,189
25,HH,2055,4025
25,HHPOP,2055,9238
25,POP0017,2055,1534
25,POP1864,2055,5424
25,POP65P,2055,2470
25,TOTPOP,2055,9427
25,GQPOP,2056,189
25,HH,2056,4053
25,HHPOP,2056,9266
25,POP0017,2056,1513
25,POP1864,2056,5452
25,POP65P,2056,2490
25,TOTPOP,2056,9455
25,GQPOP,2057,189
25,HH,2057,4081
25,HHPOP,2057,9293
25,POP0017,2057,1492
25,POP1864,2057,5470
25,POP65P,2057,2521
25,TOTPOP,2057,9482
25,GQPOP,2058,189
25,HH,2058,4109
25,HHPOP,2058,9320
25,POP0017,2058,1470
25,POP1864,2058,5482
25,POP65P,2058,2558
25,TOTPOP,2058,9509
25,GQPOP,2059,189
25,HH,2059,4137
25,HHPOP,2059,9347
25,POP0017,2059,1449
25,POP1864,2059,5512
25,POP65P,2059,2576
25,TOTPOP,2059,9536
25,GQPOP,2060,189
25,HH,2060,4165
25,HHPOP,2060,9373
25,POP0017,2060,1428
25,POP1864,2060,5544
25,POP65P,2060,2590
25,TOTPOP,2060,9562
25,GQPOP,2061,189
25,HH,2061,4193
25,HHPOP,2061,9399
25,POP0017,2061,1410
25,POP1864,2061,5582
25,POP65P,2061,2597
25,TOTPOP,2061,9588
25,GQPOP,2062,189
25,HH,2062,4221
25,HHPOP,2062,9425
25,POP0017,2062,1392
25,POP1864,2062,5616
25,POP65P,2062,2606
25,TOTPOP,2062,9614
25,GQPOP,2063,189
25,HH,2063,4248
25,HHPOP,2063,9450
25,POP0017,2063,1376
25,POP1864,2063,5644
25,POP65P,2063,2618
25,TOTPOP,2063,9639
25,GQPOP,2064,190
25,HH,2064,4275
25,HHPOP,2064,9474
25,POP0017,2064,1364
25,POP1864,2064,5672
25,POP65P,2064,2628
25,TOTPOP,2064,9664
25,GQPOP,2065,190
25,HH,2065,4300
25,HHPOP,2065,9498
25,POP0017,2065,1352
25,POP1864,2065,5700
25,POP65P,2065,2635
25,TOTPOP,2065,9688
27,GQPOP,2023,185
27,HH,2023,4370
27,HHPOP,2023,13299
27,POP0017,2023,3728
27,POP1864,2023,7179
27,POP65P,2023,2577
27,TOTPOP,2023,13484
27,GQPOP,2025,49
27,HH,2025,4610
27,HHPOP,2025,13654
27,POP0017,2025,3911
27,POP1864,2025,7208
27,POP65P,2025,2585
27,TOTPOP,2025,13704
27,GQPOP,2026,50
27,HH,2026,4685
27,HHPOP,2026,13757
27,POP0017,2026,3836
27,POP1864,2026,7323
27,POP65P,2026,2647
27,TOTPOP,2026,13807
27,GQPOP,2027,51
27,HH,2027,4764
27,HHPOP,2027,13865
27,POP0017,2027,3758
27,POP1864,2027,7456
27,POP65P,2027,2702
27,TOTPOP,2027,13916
27,GQPOP,2028,52
27,HH,2028,4845
27,HHPOP,2028,13975
27,POP0017,2028,3690
27,POP1864,2028,7589
27,POP65P,2028,2747
27,TOTPOP,2028,14026
27,GQPOP,2029,52
27,HH,2029,4925
27,HHPOP,2029,14084
27,POP0017,2029,3666
27,POP1864,2029,7682
27,POP65P,2029,2789
27,TOTPOP,2029,14136
27,GQPOP,2030,52
27,HH,2030,5000
27,HHPOP,2030,14190
27,POP0017,2030,3650
27,POP1864,2030,7773
27,POP65P,2030,2819
27,TOTPOP,2030,14242
27,GQPOP,2031,52
27,HH,2031,5073
27,HHPOP,2031,14292
27,POP0017,2031,3624
27,POP1864,2031,7881
27,POP65P,2031,2840
27,TOTPOP,2031,14344
27,GQPOP,2032,52
27,HH,2032,5144
27,HHPOP,2032,14389
27,POP0017,2032,3596
27,POP1864,2032,7993
27,POP65P,2032,2853
27,TOTPOP,2032,14441
27,GQPOP,2033,53
27,HH,2033,5212
27,HHPOP,2033,14481
27,POP0017,2033,3567
27,POP1864,2033,8114
27,POP65P,2033,2853
27,TOTPOP,2033,14534
27,GQPOP,2034,53
27,HH,2034,5277
27,HHPOP,2034,14569
27,POP0017,2034,3525
27,POP1864,2034,8235
27,POP65P,2034,2863
27,TOTPOP,2034,14622
27,GQPOP,2035,53
27,HH,2035,5340
27,HHPOP,2035,14654
27,POP0017,2035,3491
27,POP1864,2035,8345
27,POP65P,2035,2872
27,TOTPOP,2035,14707
27,GQPOP,2036,53
27,HH,2036,5403
27,HHPOP,2036,14739
27,POP0017,2036,3472
27,POP1864,2036,8426
27,POP65P,2036,2895
27,TOTPOP,2036,14792
27,GQPOP,2037,53
27,HH,2037,5468
27,HHPOP,2037,14832
27,POP0017,2037,3467
27,POP1864,2037,8504
27,POP65P,2037,2915
27,TOTPOP,2037,14885
27,GQPOP,2038,52
27,HH,2038,5532
27,HHPOP,2038,14927
27,POP0017,2038,3454
27,POP1864,2038,8583
27,POP65P,2038,2943
27,TOTPOP,2038,14979
27,GQPOP,2039,52
27,HH,2039,5597
27,HHPOP,2039,15026
27,POP0017,2039,3437
27,POP1864,2039,8675
27,POP65P,2039,2967
27,TOTPOP,2039,15078
27,GQPOP,2040,51
27,HH,2040,5662
27,HHPOP,2040,15122
27,POP0017,2040,3441
27,POP1864,2040,8749
27,POP65P,2040,2984
27,TOTPOP,2040,15174
27,GQPOP,2041,51
27,HH,2041,5726
27,HHPOP,2041,15219
27,POP0017,2041,3434
27,POP1864,2041,8832
27,POP65P,2041,3004
27,TOTPOP,2041,15270
27,GQPOP,2042,51
27,HH,2042,5789
27,HHPOP,2042,15312
27,POP0017,2042,3417
27,POP1864,2042,8901
27,POP65P,2042,3045
27,TOTPOP,2042,15362
27,GQPOP,2043,50
27,HH,2043,5853
27,HHPOP,2043,15407
27,POP0017,2043,3416
27,POP1864,2043,8945
27,POP65P,2043,3096
27,TOTPOP,2043,15457
27,GQPOP,2044,50
27,HH,2044,5915
27,HHPOP,2044,15496
27,POP0017,2044,3414
27,POP1864,2044,8980
27,POP65P,2044,3151
27,TOTPOP,2044,15546
27,GQPOP,2045,50
27,HH,2045,5974
27,HHPOP,2045,15579
27,POP0017,2045,3409
27,POP1864,2045,9010
27,POP65P,2045,3209
27,TOTPOP,2045,15629
27,GQPOP,2046,50
27,HH,2046,6035
27,HHPOP,2046,15666
27,POP0017,2046,3402
27,POP1864,2046,9039
27,POP65P,2046,3274
27,TOTPOP,2046,15715
27,GQPOP,2047,50
27,HH,2047,6096
27,HHPOP,2047,15753
27,POP0017,2047,3392
27,POP1864,2047,9058
27,POP65P,2047,3354
27,TOTPOP,2047,15803
27,GQPOP,2048,50
27,HH,2048,6158
27,HHPOP,2048,15842
27,POP0017,2048,3377
27,POP1864,2048,9078
27,POP65P,2048,3438
27,TOTPOP,2048,15892
27,GQPOP,2049,50
27,HH,2049,6220
27,HHPOP,2049,15931
27,POP0017,2049,3358
27,POP1864,2049,9108
27,POP65P,2049,3515
27,TOTPOP,2049,15981
27,GQPOP,2050,51
27,HH,2050,6281
27,HHPOP,2050,16013
27,POP0017,2050,3333
27,POP1864,2050,9134
27,POP65P,2050,3596
27,TOTPOP,2050,16063
27,GQPOP,2051,51
27,HH,2051,6341
27,HHPOP,2051,16091
27,POP0017,2051,3303
27,POP1864,2051,9177
27,POP65P,2051,3663
27,TOTPOP,2051,16142
27,GQPOP,2052,52
27,HH,2052,6401
27,HHPOP,2052,16166
27,POP0017,2052,3269
27,POP1864,2052,9232
27,POP65P,2052,3716
27,TOTPOP,2052,16217
27,GQPOP,2053,52
27,HH,2053,6460
27,HHPOP,2053,16238
27,POP0017,2053,3232
27,POP1864,2053,9289
27,POP65P,2053,3770
27,TOTPOP,2053,16290
27,GQPOP,2054,53
27,HH,2054,6518
27,HHPOP,2054,16304
27,POP0017,2054,3193
27,POP1864,2054,9340
27,POP65P,2054,3824
27,TOTPOP,2054,16356
27,GQPOP,2055,53
27,HH,2055,6575
27,HHPOP,2055,16364
27,POP0017,2055,3151
27,POP1864,2055,9389
27,POP65P,2055,3878
27,TOTPOP,2055,16417
27,GQPOP,2056,54
27,HH,2056,6631
27,HHPOP,2056,16419
27,POP0017,2056,3108
27,POP1864,2056,9436
27,POP65P,2056,3928
27,TOTPOP,2056,16473
27,GQPOP,2057,54
27,HH,2057,6684
27,HHPOP,2057,16468
27,POP0017,2057,3065
27,POP1864,2057,9480
27,POP65P,2057,3978
27,TOTPOP,2057,16523
27,GQPOP,2058,54
27,HH,2058,6738
27,HHPOP,2058,16517
27,POP0017,2058,3024
27,POP1864,2058,9516
27,POP65P,2058,4031
27,TOTPOP,2058,16571
27,GQPOP,2059,54
27,HH,2059,6792
27,HHPOP,2059,16568
27,POP0017,2059,2986
27,POP1864,2059,9560
27,POP65P,2059,4076
27,TOTPOP,2059,16622
27,GQPOP,2060,55
27,HH,2060,6846
27,HHPOP,2060,16622
27,POP0017,2060,2953
27,POP1864,2060,9611
27,POP65P,2060,4112
27,TOTPOP,2060,16676
27,GQPOP,2061,54
27,HH,2061,6900
27,HHPOP,2061,16674
27,POP0017,2061,2922
27,POP1864,2061,9662
27,POP65P,2061,4144
27,TOTPOP,2061,16728
27,GQPOP,2062,54
27,HH,2062,6953
27,HHPOP,2062,16726
27,POP0017,2062,2896
27,POP1864,2062,9713
27,POP65P,2062,4171
27,TOTPOP,2062,16780
27,GQPOP,2063,54
27,HH,2063,7006
27,HHPOP,2063,16781
27,POP0017,2063,2874
27,POP1864,2063,9760
27,POP65P,2063,4200
27,TOTPOP,2063,16835
27,GQPOP,2064,54
27,HH,2064,7057
27,HHPOP,2064,16834
27,POP0017,2064,2857
27,POP1864,2064,9802
27,POP65P,2064,4229
27,TOTPOP,2064,16888
27,GQPOP,2065,53
27,HH,2065,7107
27,HHPOP,2065,16887
27,POP0017,2065,2842
27,POP1864,2065,9823
27,POP65P,2065,4274
27,TOTPOP,2065,16940
29,GQPOP,2023,0
29,HH,2023,4211
29,HHPOP,2023,13059
29,POP0017,2023,3612
29,POP1864,2023,7604
29,POP65P,2023,1843
29,TOTPOP,2023,13059
29,GQPOP,2025,0
29,HH,2025,4500
29,HHPOP,2025,13117
29,POP0017,2025,3714
29,POP1864,2025,7569
29,POP65P,2025,1834
29,TOTPOP,2025,13117
29,GQPOP,2026,0
29,HH,2026,4584
29,HHPOP,2026,13120
29,POP0017,2026,3516
29,POP1864,2026,7685
29,POP65P,2026,1917
29,TOTPOP,2026,13120
29,GQPOP,2027,0
29,HH,2027,4669
29,HHPOP,2027,13120
29,POP0017,2027,3338
29,POP1864,2027,7789
29,POP65P,2027,1994
29,TOTPOP,2027,13120
29,GQPOP,2028,0
29,HH,2028,4757
29,HHPOP,2028,13134
29,POP0017,2028,3172
29,POP1864,2028,7913
29,POP65P,2028,2050
29,TOTPOP,2028,13134
29,GQPOP,2029,0
29,HH,2029,4850
29,HHPOP,2029,13174
29,POP0017,2029,3047
29,POP1864,2029,8022
29,POP65P,2029,2105
29,TOTPOP,2029,13174
29,GQPOP,2030,0
29,HH,2030,4949
29,HHPOP,2030,13248
29,POP0017,2030,2946
29,POP1864,2030,8140
29,POP65P,2030,2162
29,TOTPOP,2030,13248
29,GQPOP,2031,0
29,HH,2031,5055
29,HHPOP,2031,13361
29,POP0017,2031,2875
29,POP1864,2031,8271
29,POP65P,2031,2214
29,TOTPOP,2031,13361
29,GQPOP,2032,0
29,HH,2032,5170
29,HHPOP,2032,13515
29,POP0017,2032,2840
29,POP1864,2032,8402
29,POP65P,2032,2272
29,TOTPOP,2032,13515
29,GQPOP,2033,0
29,HH,2033,5290
29,HHPOP,2033,13705
29,POP0017,2033,2823
29,POP1864,2033,8551
29,POP65P,2033,2332
29,TOTPOP,2033,13705
29,GQPOP,2034,0
29,HH,2034,5414
29,HHPOP,2034,13926
29,POP0017,2034,2846
29,POP1864,2034,8685
29,POP65P,2034,2395
29,TOTPOP,2034,13926
29,GQPOP,2035,0
29,HH,2035,5539
29,HHPOP,2035,14166
29,POP0017,2035,2899
29,POP1864,2035,8817
29,POP65P,2035,2451
29,TOTPOP,2035,14166
29,GQPOP,2036,0
29,HH,2036,5663
29,HHPOP,2036,14413
29,POP0017,2036,2966
29,POP1864,2036,8943
29,POP65P,2036,2503
29,TOTPOP,2036,14413
29,GQPOP,2037,0
29,HH,2037,5786
29,HHPOP,2037,14674
29,POP0017,2037,3058
29,POP1864,2037,9053
29,POP65P,2037,2564
29,TOTPOP,2037,14674
29,GQPOP,2038,0
29,HH,2038,5912
29,HHPOP,2038,14951
29,POP0017,2038,3164
29,POP1864,2038,9162
29,POP65P,2038,2626
29,TOTPOP,2038,14951
29,GQPOP,2039,0
29,HH,2039,6039
29,HHPOP,2039,15241
29,POP0017,2039,3267
29,POP1864,2039,9285
29,POP65P,2039,2689
29,TOTPOP,2039,15241
29,GQPOP,2040,0
29,HH,2040,6166
29,HHPOP,2040,15538
29,POP0017,2040,3359
29,POP1864,2040,9414
29,POP65P,2040,2765
29,TOTPOP,2040,15538
29,GQPOP,2041,0
29,HH,2041,6291
29,HHPOP,2041,15836
29,POP0017,2041,3483
29,POP1864,2041,9500
29,POP65P,2041,2854
29,TOTPOP,2041,15836
29,GQPOP,2042,0
29,HH,2042,6414
29,HHPOP,2042,16136
29,POP0017,2042,3596
29,POP1864,2042,9582
29,POP65P,2042,2958
29,TOTPOP,2042,16136
29,GQPOP,2043,0
29,HH,2043,6537
29,HHPOP,2043,16439
29,POP0017,2043,3718
29,POP1864,2043,9662
29,POP65P,2043,3058
29,TOTPOP,2043,16439
29,GQPOP,2044,0
29,HH,2044,6661
29,HHPOP,2044,16749
29,POP0017,2044,3844
29,POP1864,2044,9737
29,POP65P,2044,3168
29,TOTPOP,2044,16749
29,GQPOP,2045,0
29,HH,2045,6789
29,HHPOP,2045,17069
29,POP0017,2045,3964
29,POP1864,2045,9844
29,POP65P,2045,3261
29,TOTPOP,2045,17069
29,GQPOP,2046,0
29,HH,2046,6920
29,HHPOP,2046,17399
29,POP0017,2046,4076
29,POP1864,2046,9982
29,POP65P,2046,3341
29,TOTPOP,2046,17399
29,GQPOP,2047,0
29,HH,2047,7057
29,HHPOP,2047,17739
29,POP0017,2047,4175
29,POP1864,2047,10126
29,POP65P,2047,3437
29,TOTPOP,2047,17739
29,GQPOP,2048,0
29,HH,2048,7199
29,HHPOP,2048,18086
29,POP0017,2048,4257
29,POP1864,2048,10296
29,POP65P,2048,3533
29,TOTPOP,2048,18086
29,GQPOP,2049,0
29,HH,2049,7346
29,HHPOP,2049,18436
29,POP0017,2049,4319
29,POP1864,2049,10497
29,POP65P,2049,3620
29,TOTPOP,2049,18436
29,GQPOP,2050,0
29,HH,2050,7497
29,HHPOP,2050,18786
29,POP0017,2050,4358
29,POP1864,2050,10718
29,POP65P,2050,3709
29,TOTPOP,2050,18786
29,GQPOP,2051,0
29,HH,2051,7650
29,HHPOP,2051,19129
29,POP0017,2051,4376
29,POP1864,2051,10969
29,POP65P,2051,3784
29,TOTPOP,2051,19129
29,GQPOP,2052,0
29,HH,2052,7806
29,HHPOP,2052,19465
29,POP0017,2052,4374
29,POP1864,2052,11253
29,POP65P,2052,3836
29,TOTPOP,2052,19465
29,GQPOP,2053,0
29,HH,2053,7964
29,HHPOP,2053,19793
29,POP0017,2053,4357
29,POP1864,2053,11562
29,POP65P,2053,3874
29,TOTPOP,2053,19793
29,GQPOP,2054,0
29,HH,2054,8127
29,HHPOP,2054,20118
29,POP0017,2054,4330
29,POP1864,2054,11883
29,POP65P,2054,3905
29,TOTPOP,2054,20118
29,GQPOP,2055,0
29,HH,2055,8294
29,HHPOP,2055,20441
29,POP0017,2055,4296
29,POP1864,2055,12204
29,POP65P,2055,3941
29,TOTPOP,2055,20441
29,GQPOP,2056,0
29,HH,2056,8465
29,HHPOP,2056,20763
29,POP0017,2056,4261
29,POP1864,2056,12529
29,POP65P,2056,3973
29,TOTPOP,2056,20763
29,GQPOP,2057,0
29,HH,2057,8639
29,HHPOP,2057,21083
29,POP0017,2057,4224
29,POP1864,2057,12852
29,POP65P,2057,4006
29,TOTPOP,2057,21083
29,GQPOP,2058,0
29,HH,2058,8815
29,HHPOP,2058,21400
29,POP0017,2058,4189
29,POP1864,2058,13170
29,POP65P,2058,4042
29,TOTPOP,2058,21400
29,GQPOP,2059,0
29,HH,2059,8993
29,HHPOP,2059,21717
29,POP0017,2059,4157
29,POP1864,2059,13474
29,POP65P,2059,4086
29,TOTPOP,2059,21717
29,GQPOP,2060,0
29,HH,2060,9174
29,HHPOP,2060,22035
29,POP0017,2060,4130
29,POP1864,2060,13761
29,POP65P,2060,4143
29,TOTPOP,2060,22035
29,GQPOP,2061,0
29,HH,2061,9356
29,HHPOP,2061,22354
29,POP0017,2061,4112
29,POP1864,2061,14027
29,POP65P,2061,4216
29,TOTPOP,2061,22354
29,GQPOP,2062,0
29,HH,2062,9538
29,HHPOP,2062,22675
29,POP0017,2062,4102
29,POP1864,2062,14277
29,POP65P,2062,4296
29,TOTPOP,2062,22675
29,GQPOP,2063,0
29,HH,2063,9721
29,HHPOP,2063,22996
29,POP0017,2063,4102
29,POP1864,2063,14500
29,POP65P,2063,4394
29,TOTPOP,2063,22996
29,GQPOP,2064,0
29,HH,2064,9903
29,HHPOP,2064,23319
29,POP0017,2064,4112
29,POP1864,2064,14693
29,POP65P,2064,4513
29,TOTPOP,2064,23319
29,GQPOP,2065,0
29,HH,2065,10084
29,HHPOP,2065,23643
29,POP0017,2065,4133
29,POP1864,2065,14864
29,POP65P,2065,4646
29,TOTPOP,2065,23643
31,GQPOP,2023,0
31,HH,2023,605
31,HHPOP,2023,1565
31,POP0017,2023,303
31,POP1864,2023,823
31,POP65P,2023,439
31,TOTPOP,2023,1565
31,GQPOP,2025,0
31,HH,2025,666
31,HHPOP,2025,1701
31,POP0017,2025,342
31,POP1864,2025,887
31,POP65P,2025,472
31,TOTPOP,2025,1701
31,GQPOP,2026,0
31,HH,2026,694
31,HHPOP,2026,1764
31,POP0017,2026,352
31,POP1864,2026,918
31,POP65P,2026,493
31,TOTPOP,2026,1764
31,GQPOP,2027,0
31,HH,2027,723
31,HHPOP,2027,1830
31,POP0017,2027,365
31,POP1864,2027,950
31,POP65P,2027,515
31,TOTPOP,2027,1830
31,GQPOP,2028,0
31,HH,2028,752
31,HHPOP,2028,1894
31,POP0017,2028,377
31,POP1864,2028,984
31,POP65P,2028,533
31,TOTPOP,2028,1894
31,GQPOP,2029,0
31,HH,2029,778
31,HHPOP,2029,1953
31,POP0017,2029,385
31,POP1864,2029,1015
31,POP65P,2029,553
31,TOTPOP,2029,1953
31,GQPOP,2030,0
31,HH,2030,802
31,HHPOP,2030,2005
31,POP0017,2030,395
31,POP1864,2030,1042
31,POP65P,2030,568
31,TOTPOP,2030,2005
31,GQPOP,2031,0
31,HH,2031,822
31,HHPOP,2031,2047
31,POP0017,2031,402
31,POP1864,2031,1066
31,POP65P,2031,579
31,TOTPOP,2031,2047
31,GQPOP,2032,0
31,HH,2032,838
31,HHPOP,2032,2079
31,POP0017,2032,407
31,POP1864,2032,1087
31,POP65P,2032,585
31,TOTPOP,2032,2079
31,GQPOP,2033,0
31,HH,2033,850
31,HHPOP,2033,2102
31,POP0017,2033,408
31,POP1864,2033,1105
31,POP65P,2033,588
31,TOTPOP,2033,2102
31,GQPOP,2034,0
31,HH,2034,860
31,HHPOP,2034,2118
31,POP0017,2034,410
31,POP1864,2034,1117
31,POP65P,2034,591
31,TOTPOP,2034,2118
31,GQPOP,2035,0
31,HH,2035,867
31,HHPOP,2035,2129
31,POP0017,2035,417
31,POP1864,2035,1118
31,POP65P,2035,595
31,TOTPOP,2035,2129
31,GQPOP,2036,0
31,HH,2036,875
31,HHPOP,2036,2141
31,POP0017,2036,419
31,POP1864,2036,1121
31,POP65P,2036,601
31,TOTPOP,2036,2141
31,GQPOP,2037,0
31,HH,2037,883
31,HHPOP,2037,2153
31,POP0017,2037,419
31,POP1864,2037,1126
31,POP65P,2037,608
31,TOTPOP,2037,2153
31,GQPOP,2038,0
31,HH,2038,893
31,HHPOP,2038,2165
31,POP0017,2038,413
31,POP1864,2038,1133
31,POP65P,2038,620
31,TOTPOP,2038,2165
31,GQPOP,2039,0
31,HH,2039,903
31,HHPOP,2039,2178
31,POP0017,2039,402
31,POP1864,2039,1142
31,POP65P,2039,634
31,TOTPOP,2039,2178
31,GQPOP,2040,0
31,HH,2040,914
31,HHPOP,2040,2190
31,POP0017,2040,388
31,POP1864,2040,1154
31,POP65P,2040,649
31,TOTPOP,2040,2190
31,GQPOP,2041,0
31,HH,2041,925
31,HHPOP,2041,2203
31,POP0017,2041,380
31,POP1864,2041,1157
31,POP65P,2041,666
31,TOTPOP,2041,2203
31,GQPOP,2042,0
31,HH,2042,935
31,HHPOP,2042,2215
31,POP0017,2042,376
31,POP1864,2042,1153
31,POP65P,2042,686
31,TOTPOP,2042,2215
31,GQPOP,2043,0
31,HH,2043,946
31,HHPOP,2043,2227
31,POP0017,2043,372
31,POP1864,2043,1149
31,POP65P,2043,705
31,TOTPOP,2043,2227
31,GQPOP,2044,0
31,HH,2044,957
31,HHPOP,2044,2238
31,POP0017,2044,369
31,POP1864,2044,1143
31,POP65P,2044,725
31,TOTPOP,2044,2238
31,GQPOP,2045,0
31,HH,2045,968
31,HHPOP,2045,2248
31,POP0017,2045,366
31,POP1864,2045,1140
31,POP65P,2045,743
31,TOTPOP,2045,2248
31,GQPOP,2046,0
31,HH,2046,979
31,HHPOP,2046,2259
31,POP0017,2046,361
31,POP1864,2046,1135
31,POP65P,2046,763
31,TOTPOP,2046,2259
31,GQPOP,2047,0
31,HH,2047,991
31,HHPOP,2047,2270
31,POP0017,2047,357
31,POP1864,2047,1131
31,POP65P,2047,782
31,TOTPOP,2047,2270
31,GQPOP,2048,0
31,HH,2048,1002
31,HHPOP,2048,2281
31,POP0017,2048,353
31,POP1864,2048,1130
31,POP65P,2048,799
31,TOTPOP,2048,2281
31,GQPOP,2049,0
31,HH,2049,1014
31,HHPOP,2049,2292
31,POP0017,2049,347
31,POP1864,2049,1126
31,POP65P,2049,818
31,TOTPOP,2049,2292
31,GQPOP,2050,0
31,HH,2050,1025
31,HHPOP,2050,2302
31,POP0017,2050,343
31,POP1864,2050,1120
31,POP65P,2050,839
31,TOTPOP,2050,2302
31,GQPOP,2051,0
31,HH,2051,1035
31,HHPOP,2051,2311
31,POP0017,2051,337
31,POP1864,2051,1115
31,POP65P,2051,860
31,TOTPOP,2051,2311
31,GQPOP,2052,0
31,HH,2052,1045
31,HHPOP,2052,2320
31,POP0017,2052,332
31,POP1864,2052,1110
31,POP65P,2052,878
31,TOTPOP,2052,2320
31,GQPOP,2053,0
31,HH,2053,1055
31,HHPOP,2053,2329
31,POP0017,2053,327
31,POP1864,2053,1106
31,POP65P,2053,896
31,TOTPOP,2053,2329
31,GQPOP,2054,0
31,HH,2054,1065
31,HHPOP,2054,2336
31,POP0017,2054,322
31,POP1864,2054,1101
31,POP65P,2054,913
31,TOTPOP,2054,2336
31,GQPOP,2055,0
31,HH,2055,1074
31,HHPOP,2055,2344
31,POP0017,2055,317
31,POP1864,2055,1095
31,POP65P,2055,930
31,TOTPOP,2055,2344
31,GQPOP,2056,0
31,HH,2056,1082
31,HHPOP,2056,2350
31,POP0017,2056,314
31,POP1864,2056,1087
31,POP65P,2056,948
31,TOTPOP,2056,2350
31,GQPOP,2057,0
31,HH,2057,1090
31,HHPOP,2057,2356
31,POP0017,2057,311
31,POP1864,2057,1079
31,POP65P,2057,966
31,TOTPOP,2057,2356
31,GQPOP,2058,0
31,HH,2058,1097
31,HHPOP,2058,2361
31,POP0017,2058,308
31,POP1864,2058,1070
31,POP65P,2058,983
31,TOTPOP,2058,2361
31,GQPOP,2059,0
31,HH,2059,1105
31,HHPOP,2059,2367
31,POP0017,2059,306
31,POP1864,2059,1058
31,POP65P,2059,1003
31,TOTPOP,2059,2367
31,GQPOP,2060,0
31,HH,2060,1113
31,HHPOP,2060,2373
31,POP0017,2060,304
31,POP1864,2060,1048
31,POP65P,2060,1021
31,TOTPOP,2060,2373
31,GQPOP,2061,0
31,HH,2061,1120
31,HHPOP,2061,2379
31,POP0017,2061,303
31,POP1864,2061,1038
31,POP65P,2061,1039
31,TOTPOP,2061,2379
31,GQPOP,2062,0
31,HH,2062,1127
31,HHPOP,2062,2385
31,POP0017,2062,302
31,POP1864,2062,1027
31,POP65P,2062,1056
31,TOTPOP,2062,2385
31,GQPOP,2063,0
31,HH,2063,1134
31,HHPOP,2063,2391
31,POP0017,2063,301
31,POP1864,2063,1018
31,POP65P,2063,1071
31,TOTPOP,2063,2391
31,GQPOP,2064,0
31,HH,2064,1141
31,HHPOP,2064,2397
31,POP0017,2064,300
31,POP1864,2064,1009
31,POP65P,2064,1088
31,TOTPOP,2064,2397
31,GQPOP,2065,0
31,HH,2065,1148
31,HHPOP,2065,2402
31,POP0017,2065,299
31,POP1864,2065,995
31,POP65P,2065,1108
31,TOTPOP,2065,2402
33,GQPOP,2023,54
33,HH,2023,958
33,HHPOP,2023,2671
33,POP0017,2023,686
33,POP1864,2023,1462
33,POP65P,2023,577
33,TOTPOP,2023,2725
33,GQPOP,2025,54
33,HH,2025,1054
33,HHPOP,2025,2805
33,POP0017,2025,733
33,POP1864,2025,1526
33,POP65P,2025,601
33,TOTPOP,2025,2859
33,GQPOP,2026,54
33,HH,2026,1089
33,HHPOP,2026,2865
33,POP0017,2026,722
33,POP1864,2026,1568
33,POP65P,2026,630
33,TOTPOP,2026,2919
33,GQPOP,2027,54
33,HH,2027,1125
33,HHPOP,2027,2928
33,POP0017,2027,710
33,POP1864,2027,1621
33,POP65P,2027,650
33,TOTPOP,2027,2982
33,GQPOP,2028,54
33,HH,2028,1162
33,HHPOP,2028,2989
33,POP0017,2028,698
33,POP1864,2028,1670
33,POP65P,2028,675
33,TOTPOP,2028,3043
33,GQPOP,2029,54
33,HH,2029,1197
33,HHPOP,2029,3046
33,POP0017,2029,687
33,POP1864,2029,1713
33,POP65P,2029,699
33,TOTPOP,2029,3100
33,GQPOP,2030,54
33,HH,2030,1231
33,HHPOP,2030,3097
33,POP0017,2030,666
33,POP1864,2030,1763
33,POP65P,2030,722
33,TOTPOP,2030,3151
33,GQPOP,2031,54
33,HH,2031,1262
33,HHPOP,2031,3140
33,POP0017,2031,645
33,POP1864,2031,1809
33,POP65P,2031,740
33,TOTPOP,2031,3194
33,GQPOP,2032,54
33,HH,2032,1290
33,HHPOP,2032,3175
33,POP0017,2032,627
33,POP1864,2032,1849
33,POP65P,2032,755
33,TOTPOP,2032,3229
33,GQPOP,2033,54
33,HH,2033,1315
33,HHPOP,2033,3204
33,POP0017,2033,608
33,POP1864,2033,1883
33,POP65P,2033,768
33,TOTPOP,2033,3258
33,GQPOP,2034,54
33,HH,2034,1338
33,HHPOP,2034,3228
33,POP0017,2034,590
33,POP1864,2034,1917
33,POP65P,2034,775
33,TOTPOP,2034,3282
33,GQPOP,2035,54
33,HH,2035,1359
33,HHPOP,2035,3248
33,POP0017,2035,576
33,POP1864,2035,1941
33,POP65P,2035,786
33,TOTPOP,2035,3302
33,GQPOP,2036,54
33,HH,2036,1379
33,HHPOP,2036,3269
33,POP0017,2036,567
33,POP1864,2036,1955
33,POP65P,2036,801
33,TOTPOP,2036,3323
33,GQPOP,2037,54
33,HH,2037,1400
33,HHPOP,2037,3291
33,POP0017,2037,561
33,POP1864,2037,1965
33,POP65P,2037,818
33,TOTPOP,2037,3345
33,GQPOP,2038,54
33,HH,2038,1420
33,HHPOP,2038,3314
33,POP0017,2038,558
33,POP1864,2038,1972
33,POP65P,2038,837
33,TOTPOP,2038,3368
33,GQPOP,2039,54
33,HH,2039,1441
33,HHPOP,2039,3338
33,POP0017,2039,547
33,POP1864,2039,1989
33,POP65P,2039,856
33,TOTPOP,2039,3392
33,GQPOP,2040,54
33,HH,2040,1462
33,HHPOP,2040,3363
33,POP0017,2040,551
33,POP1864,2040,1993
33,POP65P,2040,873
33,TOTPOP,2040,3417
33,GQPOP,2041,54
33,HH,2041,1482
33,HHPOP,2041,3388
33,POP0017,2041,539
33,POP1864,2041,2017
33,POP65P,2041,885
33,TOTPOP,2041,3442
33,GQPOP,2042,54
33,HH,2042,1501
33,HHPOP,2042,3412
33,POP0017,2042,547
33,POP1864,2042,2018
33,POP65P,2042,902
33,TOTPOP,2042,3466
33,GQPOP,2043,54
33,HH,2043,1519
33,HHPOP,2043,3437
33,POP0017,2043,557
33,POP1864,2043,2007
33,POP65P,2043,926
33,TOTPOP,2043,3491
33,GQPOP,2044,54
33,HH,2044,1537
33,HHPOP,2044,3462
33,POP0017,2044,569
33,POP1864,2044,1991
33,POP65P,2044,955
33,TOTPOP,2044,3516
33,GQPOP,2045,54
33,HH,2045,1554
33,HHPOP,2045,3488
33,POP0017,2045,582
33,POP1864,2045,1976
33,POP65P,2045,985
33,TOTPOP,2045,3542
33,GQPOP,2046,54
33,HH,2046,1571
33,HHPOP,2046,3514
33,POP0017,2046,593
33,POP1864,2046,1963
33,POP65P,2046,1011
33,TOTPOP,2046,3568
33,GQPOP,2047,54
33,HH,2047,1589
33,HHPOP,2047,3541
33,POP0017,2047,603
33,POP1864,2047,1957
33,POP65P,2047,1035
33,TOTPOP,2047,3595
33,GQPOP,2048,54
33,HH,2048,1606
33,HHPOP,2048,3569
33,POP0017,2048,610
33,POP1864,2048,1947
33,POP65P,2048,1066
33,TOTPOP,2048,3623
33,GQPOP,2049,54
33,HH,2049,1623
33,HHPOP,2049,3597
33,POP0017,2049,614
33,POP1864,2049,1938
33,POP65P,2049,1098
33,TOTPOP,2049,3651
33,GQPOP,2050,54
33,HH,2050,1640
33,HHPOP,2050,3624
33,POP0017,2050,616
33,POP1864,2050,1926
33,POP65P,2050,1137
33,TOTPOP,2050,3678
33,GQPOP,2051,54
33,HH,2051,1658
33,HHPOP,2051,3651
33,POP0017,2051,615
33,POP1864,2051,1917
33,POP65P,2051,1174
33,TOTPOP,2051,3705
33,GQPOP,2052,54
33,HH,2052,1675
33,HHPOP,2052,3677
33,POP0017,2052,612
33,POP1864,2052,1915
33,POP65P,2052,1204
33,TOTPOP,2052,3731
33,GQPOP,2053,54
33,HH,2053,1692
33,HHPOP,2053,3703
33,POP0017,2053,608
33,POP1864,2053,1915
33,POP65P,2053,1234
33,TOTPOP,2053,3757
33,GQPOP,2054,54
33,HH,2054,1709
33,HHPOP,2054,3728
33,POP0017,2054,603
33,POP1864,2054,1913
33,POP65P,2054,1266
33,TOTPOP,2054,3782
33,GQPOP,2055,54
33,HH,2055,1727
33,HHPOP,2055,3753
33,POP0017,2055,597
33,POP1864,2055,1914
33,POP65P,2055,1296
33,TOTPOP,2055,3807
33,GQPOP,2056,54
33,HH,2056,1744
33,HHPOP,2056,3778
33,POP0017,2056,591
33,POP1864,2056,1919
33,POP65P,2056,1322
33,TOTPOP,2056,3832
33,GQPOP,2057,54
33,HH,2057,1762
33,HHPOP,2057,3802
33,POP0017,2057,585
33,POP1864,2057,1928
33,POP65P,2057,1342
33,TOTPOP,2057,3856
33,GQPOP,2058,54
33,HH,2058,1780
33,HHPOP,2058,3826
33,POP0017,2058,579
33,POP1864,2058,1944
33,POP65P,2058,1357
33,TOTPOP,2058,3880
33,GQPOP,2059,54
33,HH,2059,1798
33,HHPOP,2059,3850
33,POP0017,2059,575
33,POP1864,2059,1962
33,POP65P,2059,1367
33,TOTPOP,2059,3904
33,GQPOP,2060,54
33,HH,2060,1816
33,HHPOP,2060,3874
33,POP0017,2060,569
33,POP1864,2060,1979
33,POP65P,2060,1379
33,TOTPOP,2060,3928
33,GQPOP,2061,54
33,HH,2061,1834
33,HHPOP,2061,3899
33,POP0017,2061,566
33,POP1864,2061,1994
33,POP65P,2061,1393
33,TOTPOP,2061,3953
33,GQPOP,2062,54
33,HH,2062,1853
33,HHPOP,2062,3923
33,POP0017,2062,563
33,POP1864,2062,2007
33,POP65P,2062,1406
33,TOTPOP,2062,3977
33,GQPOP,2063,54
33,HH,2063,1871
33,HHPOP,2063,3947
33,POP0017,2063,561
33,POP1864,2063,2021
33,POP65P,2063,1418
33,TOTPOP,2063,4001
33,GQPOP,2064,54
33,HH,2064,1888
33,HHPOP,2064,3971
33,POP0017,2064,559
33,POP1864,2064,2024
33,POP65P,2064,1441
33,TOTPOP,2064,4025
33,GQPOP,2065,54
33,HH,2065,1906
33,HHPOP,2065,3995
33,POP0017,2065,560
33,POP1864,2065,2025
33,POP65P,2065,1464
33,TOTPOP,2065,4049
35,GQPOP,2023,18582
35,HH,2023,428373
35,HHPOP,2023,1201972
35,POP0017,2023,272699
35,POP1864,2023,786677
35,POP65P,2023,161178
35,TOTPOP,2023,1220554
35,GQPOP,2025,19004
35,HH,2025,453682
35,HHPOP,2025,1222597
35,POP0017,2025,288076
35,POP1864,2025,791384
35,POP65P,2025,162141
35,TOTPOP,2025,1241601
35,GQPOP,2026,19207
35,HH,2026,461381
35,HHPOP,2026,1230552
35,POP0017,2026,281505
35,POP1864,2026,800205
35,POP65P,2026,168049
35,TOTPOP,2026,1249759
35,GQPOP,2027,19373
35,HH,2027,469026
35,HHPOP,2027,1238209
35,POP0017,2027,275530
35,POP1864,2027,808244
35,POP65P,2027,173808
35,TOTPOP,2027,1257582
35,GQPOP,2028,19501
35,HH,2028,476581
35,HHPOP,2028,1245740
35,POP0017,2028,269986
35,POP1864,2028,815987
35,POP65P,2028,179268
35,TOTPOP,2028,1265241
35,GQPOP,2029,19617
35,HH,2029,484050
35,HHPOP,2029,1253265
35,POP0017,2029,265281
35,POP1864,2029,823272
35,POP65P,2029,184327
35,TOTPOP,2029,1272881
35,GQPOP,2030,19722
35,HH,2030,491417
35,HHPOP,2030,1260889
35,POP0017,2030,261211
35,POP1864,2030,830447
35,POP65P,2030,188953
35,TOTPOP,2030,1280611
35,GQPOP,2031,19850
35,HH,2031,498700
35,HHPOP,2031,1268679
35,POP0017,2031,257217
35,POP1864,2031,838046
35,POP65P,2031,193265
35,TOTPOP,2031,1288529
35,GQPOP,2032,20005
35,HH,2032,505905
35,HHPOP,2032,1276684
35,POP0017,2032,253504
35,POP1864,2032,845650
35,POP65P,2032,197534
35,TOTPOP,2032,1296689
35,GQPOP,2033,20167
35,HH,2033,513023
35,HHPOP,2033,1284934
35,POP0017,2033,250336
35,POP1864,2033,852840
35,POP65P,2033,201926
35,TOTPOP,2033,1305101
35,GQPOP,2034,20315
35,HH,2034,520043
35,HHPOP,2034,1293399
35,POP0017,2034,247654
35,POP1864,2034,859311
35,POP65P,2034,206750
35,TOTPOP,2034,1313714
35,GQPOP,2035,20449
35,HH,2035,526960
35,HHPOP,2035,1302020
35,POP0017,2035,245610
35,POP1864,2035,864833
35,POP65P,2035,212024
35,TOTPOP,2035,1322469
35,GQPOP,2036,20562
35,HH,2036,533824
35,HHPOP,2036,1310799
35,POP0017,2036,244260
35,POP1864,2036,869537
35,POP65P,2036,217565
35,TOTPOP,2036,1331361
35,GQPOP,2037,20679
35,HH,2037,540682
35,HHPOP,2037,1319933
35,POP0017,2037,243134
35,POP1864,2037,874973
35,POP65P,2037,222505
35,TOTPOP,2037,1340612
35,GQPOP,2038,20819
35,HH,2038,547571
35,HHPOP,2038,1329479
35,POP0017,2038,242150
35,POP1864,2038,881070
35,POP65P,2038,227077
35,TOTPOP,2038,1350297
35,GQPOP,2039,20953
35,HH,2039,554444
35,HHPOP,2039,1339338
35,POP0017,2039,242103
35,POP1864,2039,886560
35,POP65P,2039,231628
35,TOTPOP,2039,1360291
35,GQPOP,2040,21081
35,HH,2040,561210
35,HHPOP,2040,1349309
35,POP0017,2040,241925
35,POP1864,2040,891985
35,POP65P,2040,236479
35,TOTPOP,2040,1370390
35,GQPOP,2041,21226
35,HH,2041,567835
35,HHPOP,2041,1359165
35,POP0017,2041,242181
35,POP1864,2041,896617
35,POP65P,2041,241594
35,TOTPOP,2041,1380391
35,GQPOP,2042,21360
35,HH,2042,574336
35,HHPOP,2042,1368953
35,POP0017,2042,242579
35,POP1864,2042,900121
35,POP65P,2042,247612
35,TOTPOP,2042,1390312
35,GQPOP,2043,21487
35,HH,2043,580716
35,HHPOP,2043,1378736
35,POP0017,2043,243524
35,POP1864,2043,902758
35,POP65P,2043,253940
35,TOTPOP,2043,1400223
35,GQPOP,2044,21617
35,HH,2044,587040
35,HHPOP,2044,1388647
35,POP0017,2044,244647
35,POP1864,2044,905216
35,POP65P,2044,260400
35,TOTPOP,2044,1410263
35,GQPOP,2045,21770
35,HH,2045,593335
35,HHPOP,2045,1398727
35,POP0017,2045,245851
35,POP1864,2045,907585
35,POP65P,2045,267060
35,TOTPOP,2045,1420497
35,GQPOP,2046,21942
35,HH,2046,599638
35,HHPOP,2046,1409000
35,POP0017,2046,247003
35,POP1864,2046,910494
35,POP65P,2046,273445
35,TOTPOP,2046,1430942
35,GQPOP,2047,22120
35,HH,2047,605976
35,HHPOP,2047,1419449
35,POP0017,2047,247978
35,POP1864,2047,913818
35,POP65P,2047,279773
35,TOTPOP,2047,1441569
35,GQPOP,2048,22319
35,HH,2048,612319
35,HHPOP,2048,1429991
35,POP0017,2048,248698
35,POP1864,2048,917814
35,POP65P,2048,285798
35,TOTPOP,2048,1452309
35,GQPOP,2049,22533
35,HH,2049,618658
35,HHPOP,2049,1440516
35,POP0017,2049,249082
35,POP1864,2049,922743
35,POP65P,2049,291223
35,TOTPOP,2049,1463049
35,GQPOP,2050,22760
35,HH,2050,624995
35,HHPOP,2050,1450915
35,POP0017,2050,249072
35,POP1864,2050,927945
35,POP65P,2050,296658
35,TOTPOP,2050,1473675
35,GQPOP,2051,22994
35,HH,2051,631270
35,HHPOP,2051,1461015
35,POP0017,2051,248647
35,POP1864,2051,933343
35,POP65P,2051,302019
35,TOTPOP,2051,1484009
35,GQPOP,2052,23228
35,HH,2052,637477
35,HHPOP,2052,1470770
35,POP0017,2052,247831
35,POP1864,2052,938618
35,POP65P,2052,307548
35,TOTPOP,2052,1493998
35,GQPOP,2053,23459
35,HH,2053,643647
35,HHPOP,2053,1480246
35,POP0017,2053,246705
35,POP1864,2053,943096
35,POP65P,2053,313903
35,TOTPOP,2053,1503705
35,GQPOP,2054,23684
35,HH,2054,649815
35,HHPOP,2054,1489538
35,POP0017,2054,245383
35,POP1864,2054,946643
35,POP65P,2054,321197
35,TOTPOP,2054,1513222
35,GQPOP,2055,23903
35,HH,2055,656012
35,HHPOP,2055,1498704
35,POP0017,2055,243902
35,POP1864,2055,949283
35,POP65P,2055,329423
35,TOTPOP,2055,1522607
35,GQPOP,2056,24117
35,HH,2056,662227
35,HHPOP,2056,1507755
35,POP0017,2056,242308
35,POP1864,2056,951339
35,POP65P,2056,338225
35,TOTPOP,2056,1531872
35,GQPOP,2057,24321
35,HH,2057,668439
35,HHPOP,2057,1516689
35,POP0017,2057,240643
35,POP1864,2057,953032
35,POP65P,2057,347335
35,TOTPOP,2057,1541010
35,GQPOP,2058,24521
35,HH,2058,674643
35,HHPOP,2058,1525498
35,POP0017,2058,238929
35,POP1864,2058,954547
35,POP65P,2058,356543
35,TOTPOP,2058,1550019
35,GQPOP,2059,24717
35,HH,2059,680844
35,HHPOP,2059,1534225
35,POP0017,2059,237207
35,POP1864,2059,956417
35,POP65P,2059,365318
35,TOTPOP,2059,1558942
35,GQPOP,2060,24912
35,HH,2060,687066
35,HHPOP,2060,1542925
35,POP0017,2060,235513
35,POP1864,2060,958576
35,POP65P,2060,373747
35,TOTPOP,2060,1567836
35,GQPOP,2061,25100
35,HH,2061,693285
35,HHPOP,2061,1551604
35,POP0017,2061,233901
35,POP1864,2061,960888
35,POP65P,2061,381916
35,TOTPOP,2061,1576704
35,GQPOP,2062,25282
35,HH,2062,699483
35,HHPOP,2062,1560259
35,POP0017,2062,232401
35,POP1864,2062,963509
35,POP65P,2062,389631
35,TOTPOP,2062,1585541
35,GQPOP,2063,25465
35,HH,2063,705640
35,HHPOP,2063,1568883
35,POP0017,2063,231044
35,POP1864,2063,966781
35,POP65P,2063,396523
35,TOTPOP,2063,1594349
35,GQPOP,2064,25652
35,HH,2064,711753
35,HHPOP,2064,1577489
35,POP0017,2064,229858
35,POP1864,2064,970458
35,POP65P,2064,402824
35,TOTPOP,2064,1603140
35,GQPOP,2065,25844
35,HH,2065,717815
35,HHPOP,2065,1586083
35,POP0017,2065,228870
35,POP1864,2065,972832
35,POP65P,2065,410226
35,TOTPOP,2065,1611928
37,GQPOP,2023,409
37,HH,2023,5167
37,HHPOP,2023,14545
37,POP0017,2023,3655
37,POP1864,2023,8805
37,POP65P,2023,2494
37,TOTPOP,2023,14954
37,GQPOP,2025,410
37,HH,2025,5580
37,HHPOP,2025,14627
37,POP0017,2025,3785
37,POP1864,2025,8769
37,POP65P,2025,2483
37,TOTPOP,2025,15037
37,GQPOP,2026,412
37,HH,2026,5681
37,HHPOP,2026,14681
37,POP0017,2026,3658
37,POP1864,2026,8846
37,POP65P,2026,2589
37,TOTPOP,2026,15093
37,GQPOP,2027,414
37,HH,2027,5787
37,HHPOP,2027,14754
37,POP0017,2027,3557
37,POP1864,2027,8915
37,POP65P,2027,2695
37,TOTPOP,2027,15167
37,GQPOP,2028,414
37,HH,2028,5895
37,HHPOP,2028,14845
37,POP0017,2028,3473
37,POP1864,2028,8999
37,POP65P,2028,2787
37,TOTPOP,2028,15259
37,GQPOP,2029,413
37,HH,2029,6004
37,HHPOP,2029,14950
37,POP0017,2029,3419
37,POP1864,2029,9057
37,POP65P,2029,2887
37,TOTPOP,2029,15363
37,GQPOP,2030,412
37,HH,2030,6111
37,HHPOP,2030,15064
37,POP0017,2030,3371
37,POP1864,2030,9117
37,POP65P,2030,2990
37,TOTPOP,2030,15477
37,GQPOP,2031,412
37,HH,2031,6215
37,HHPOP,2031,15184
37,POP0017,2031,3333
37,POP1864,2031,9206
37,POP65P,2031,3058
37,TOTPOP,2031,15596
37,GQPOP,2032,412
37,HH,2032,6314
37,HHPOP,2032,15304
37,POP0017,2032,3308
37,POP1864,2032,9310
37,POP65P,2032,3098
37,TOTPOP,2032,15716
37,GQPOP,2033,412
37,HH,2033,6407
37,HHPOP,2033,15421
37,POP0017,2033,3281
37,POP1864,2033,9412
37,POP65P,2033,3140
37,TOTPOP,2033,15834
37,GQPOP,2034,412
37,HH,2034,6494
37,HHPOP,2034,15531
37,POP0017,2034,3261
37,POP1864,2034,9499
37,POP65P,2034,3182
37,TOTPOP,2034,15943
37,GQPOP,2035,410
37,HH,2035,6573
37,HHPOP,2035,15629
37,POP0017,2035,3263
37,POP1864,2035,9552
37,POP65P,2035,3223
37,TOTPOP,2035,16039
37,GQPOP,2036,406
37,HH,2036,6642
37,HHPOP,2036,15711
37,POP0017,2036,3283
37,POP1864,2036,9538
37,POP65P,2036,3296
37,TOTPOP,2036,16117
37,GQPOP,2037,401
37,HH,2037,6711
37,HHPOP,2037,15800
37,POP0017,2037,3312
37,POP1864,2037,9509
37,POP65P,2037,3380
37,TOTPOP,2037,16201
37,GQPOP,2038,397
37,HH,2038,6773
37,HHPOP,2038,15880
37,POP0017,2038,3339
37,POP1864,2038,9500
37,POP65P,2038,3438
37,TOTPOP,2038,16277
37,GQPOP,2039,394
37,HH,2039,6837
37,HHPOP,2039,15969
37,POP0017,2039,3357
37,POP1864,2039,9522
37,POP65P,2039,3485
37,TOTPOP,2039,16363
37,GQPOP,2040,393
37,HH,2040,6898
37,HHPOP,2040,16055
37,POP0017,2040,3379
37,POP1864,2040,9545
37,POP65P,2040,3524
37,TOTPOP,2040,16448
37,GQPOP,2041,391
37,HH,2041,6960
37,HHPOP,2041,16150
37,POP0017,2041,3419
37,POP1864,2041,9559
37,POP65P,2041,3563
37,TOTPOP,2041,16541
37,GQPOP,2042,388
37,HH,2042,7018
37,HHPOP,2042,16242
37,POP0017,2042,3456
37,POP1864,2042,9567
37,POP65P,2042,3608
37,TOTPOP,2042,16630
37,GQPOP,2043,385
37,HH,2043,7073
37,HHPOP,2043,16333
37,POP0017,2043,3505
37,POP1864,2043,9565
37,POP65P,2043,3647
37,TOTPOP,2043,16718
37,GQPOP,2044,381
37,HH,2044,7125
37,HHPOP,2044,16416
37,POP0017,2044,3552
37,POP1864,2044,9572
37,POP65P,2044,3674
37,TOTPOP,2044,16798
37,GQPOP,2045,379
37,HH,2045,7178
37,HHPOP,2045,16506
37,POP0017,2045,3594
37,POP1864,2045,9576
37,POP65P,2045,3715
37,TOTPOP,2045,16885
37,GQPOP,2046,378
37,HH,2046,7230
37,HHPOP,2046,16594
37,POP0017,2046,3629
37,POP1864,2046,9587
37,POP65P,2046,3756
37,TOTPOP,2046,16972
37,GQPOP,2047,379
37,HH,2047,7288
37,HHPOP,2047,16698
37,POP0017,2047,3657
37,POP1864,2047,9638
37,POP65P,2047,3782
37,TOTPOP,2047,17077
37,GQPOP,2048,380
37,HH,2048,7346
37,HHPOP,2048,16804
37,POP0017,2048,3673
37,POP1864,2048,9716
37,POP65P,2048,3795
37,TOTPOP,2048,17185
37,GQPOP,2049,383
37,HH,2049,7409
37,HHPOP,2049,16919
37,POP0017,2049,3679
37,POP1864,2049,9812
37,POP65P,2049,3811
37,TOTPOP,2049,17301
37,GQPOP,2050,386
37,HH,2050,7474
37,HHPOP,2050,17034
37,POP0017,2050,3671
37,POP1864,2050,9923
37,POP65P,2050,3825
37,TOTPOP,2050,17420
37,GQPOP,2051,390
37,HH,2051,7538
37,HHPOP,2051,17139
37,POP0017,2051,3649
37,POP1864,2051,10031
37,POP65P,2051,3848
37,TOTPOP,2051,17528
37,GQPOP,2052,393
37,HH,2052,7605
37,HHPOP,2052,17247
37,POP0017,2052,3618
37,POP1864,2052,10146
37,POP65P,2052,3874
37,TOTPOP,2052,17640
37,GQPOP,2053,397
37,HH,2053,7675
37,HHPOP,2053,17358
37,POP0017,2053,3583
37,POP1864,2053,10243
37,POP65P,2053,3929
37,TOTPOP,2053,17755
37,GQPOP,2054,400
37,HH,2054,7747
37,HHPOP,2054,17466
37,POP0017,2054,3547
37,POP1864,2054,10329
37,POP65P,2054,3990
37,TOTPOP,2054,17866
37,GQPOP,2055,402
37,HH,2055,7822
37,HHPOP,2055,17575
37,POP0017,2055,3510
37,POP1864,2055,10423
37,POP65P,2055,4045
37,TOTPOP,2055,17977
37,GQPOP,2056,404
37,HH,2056,7893
37,HHPOP,2056,17670
37,POP0017,2056,3470
37,POP1864,2056,10508
37,POP65P,2056,4097
37,TOTPOP,2056,18075
37,GQPOP,2057,406
37,HH,2057,7963
37,HHPOP,2057,17756
37,POP0017,2057,3431
37,POP1864,2057,10578
37,POP65P,2057,4154
37,TOTPOP,2057,18162
37,GQPOP,2058,407
37,HH,2058,8035
37,HHPOP,2058,17844
37,POP0017,2058,3394
37,POP1864,2058,10651
37,POP65P,2058,4206
37,TOTPOP,2058,18251
37,GQPOP,2059,408
37,HH,2059,8108
37,HHPOP,2059,17932
37,POP0017,2059,3362
37,POP1864,2059,10729
37,POP65P,2059,4250
37,TOTPOP,2059,18340
37,GQPOP,2060,408
37,HH,2060,8183
37,HHPOP,2060,18022
37,POP0017,2060,3334
37,POP1864,2060,10815
37,POP65P,2060,4282
37,TOTPOP,2060,18431
37,GQPOP,2061,408
37,HH,2061,8261
37,HHPOP,2061,18117
37,POP0017,2061,3312
37,POP1864,2061,10891
37,POP65P,2061,4323
37,TOTPOP,2061,18525
37,GQPOP,2062,408
37,HH,2062,8340
37,HHPOP,2062,18216
37,POP0017,2062,3295
37,POP1864,2062,10963
37,POP65P,2062,4364
37,TOTPOP,2062,18624
37,GQPOP,2063,407
37,HH,2063,8422
37,HHPOP,2063,18321
37,POP0017,2063,3286
37,POP1864,2063,11020
37,POP65P,2063,4424
37,TOTPOP,2063,18728
37,GQPOP,2064,406
37,HH,2064,8503
37,HHPOP,2064,18427
37,POP0017,2064,3280
37,POP1864,2064,11061
37,POP65P,2064,4492
37,TOTPOP,2064,18832
37,GQPOP,2065,405
37,HH,2065,8584
37,HHPOP,2065,18531
37,POP0017,2065,3278
37,POP1864,2065,11050
37,POP65P,2065,4609
37,TOTPOP,2065,18936
39,GQPOP,2023,2808
39,HH,2023,9226
39,HHPOP,2023,27539
39,POP0017,2023,6792
39,POP1864,2023,19005
39,POP65P,2023,4550
39,TOTPOP,2023,30347
39,GQPOP,2025,2888
39,HH,2025,9586
39,HHPOP,2025,28556
39,POP0017,2025,7348
39,POP1864,2025,19443
39,POP65P,2025,4653
39,TOTPOP,2025,31444
39,GQPOP,2026,2912
39,HH,2026,9776
39,HHPOP,2026,29109
39,POP0017,2026,7374
39,POP1864,2026,19861
39,POP65P,2026,4786
39,TOTPOP,2026,32021
39,GQPOP,2027,2934
39,HH,2027,9977
39,HHPOP,2027,29680
39,POP0017,2027,7432
39,POP1864,2027,20295
39,POP65P,2027,4887
39,TOTPOP,2027,32614
39,GQPOP,2028,2960
39,HH,2028,10182
39,HHPOP,2028,30244
39,POP0017,2028,7505
39,POP1864,2028,20734
39,POP65P,2028,4965
39,TOTPOP,2028,33204
39,GQPOP,2029,2989
39,HH,2029,10390
39,HHPOP,2029,30788
39,POP0017,2029,7551
39,POP1864,2029,21182
39,POP65P,2029,5045
39,TOTPOP,2029,33777
39,GQPOP,2030,3013
39,HH,2030,10598
39,HHPOP,2030,31311
39,POP0017,2030,7609
39,POP1864,2030,21596
39,POP65P,2030,5119
39,TOTPOP,2030,34325
39,GQPOP,2031,3031
39,HH,2031,10802
39,HHPOP,2031,31809
39,POP0017,2031,7695
39,POP1864,2031,21954
39,POP65P,2031,5191
39,TOTPOP,2031,34840
39,GQPOP,2032,3044
39,HH,2032,10999
39,HHPOP,2032,32277
39,POP0017,2032,7791
39,POP1864,2032,22265
39,POP65P,2032,5266
39,TOTPOP,2032,35321
39,GQPOP,2033,3054
39,HH,2033,11189
39,HHPOP,2033,32717
39,POP0017,2033,7872
39,POP1864,2033,22555
39,POP65P,2033,5344
39,TOTPOP,2033,35771
39,GQPOP,2034,3062
39,HH,2034,11372
39,HHPOP,2034,33134
39,POP0017,2034,7963
39,POP1864,2034,22774
39,POP65P,2034,5458
39,TOTPOP,2034,36195
39,GQPOP,2035,3068
39,HH,2035,11549
39,HHPOP,2035,33537
39,POP0017,2035,8065
39,POP1864,2035,22963
39,POP65P,2035,5577
39,TOTPOP,2035,36605
39,GQPOP,2036,3076
39,HH,2036,11722
39,HHPOP,2036,33941
39,POP0017,2036,8182
39,POP1864,2036,23121
39,POP65P,2036,5714
39,TOTPOP,2036,37017
39,GQPOP,2037,3087
39,HH,2037,11900
39,HHPOP,2037,34377
39,POP0017,2037,8319
39,POP1864,2037,23266
39,POP65P,2037,5877
39,TOTPOP,2037,37463
39,GQPOP,2038,3099
39,HH,2038,12080
39,HHPOP,2038,34824
39,POP0017,2038,8467
39,POP1864,2038,23421
39,POP65P,2038,6035
39,TOTPOP,2038,37923
39,GQPOP,2039,3117
39,HH,2039,12264
39,HHPOP,2039,35284
39,POP0017,2039,8579
39,POP1864,2039,23635
39,POP65P,2039,6187
39,TOTPOP,2039,38401
39,GQPOP,2040,3134
39,HH,2040,12449
39,HHPOP,2040,35736
39,POP0017,2040,8653
39,POP1864,2040,23863
39,POP65P,2040,6352
39,TOTPOP,2040,38870
39,GQPOP,2041,3146
39,HH,2041,12639
39,HHPOP,2041,36196
39,POP0017,2041,8733
39,POP1864,2041,24059
39,POP65P,2041,6552
39,TOTPOP,2041,39342
39,GQPOP,2042,3158
39,HH,2042,12824
39,HHPOP,2042,36637
39,POP0017,2042,8812
39,POP1864,2042,24205
39,POP65P,2042,6779
39,TOTPOP,2042,39795
39,GQPOP,2043,3165
39,HH,2043,13014
39,HHPOP,2043,37092
39,POP0017,2043,8899
39,POP1864,2043,24364
39,POP65P,2043,6994
39,TOTPOP,2043,40257
39,GQPOP,2044,3172
39,HH,2044,13198
39,HHPOP,2044,37521
39,POP0017,2044,8981
39,POP1864,2044,24498
39,POP65P,2044,7214
39,TOTPOP,2044,40693
39,GQPOP,2045,3181
39,HH,2045,13375
39,HHPOP,2045,37919
39,POP0017,2045,9053
39,POP1864,2045,24603
39,POP65P,2045,7445
39,TOTPOP,2045,41101
39,GQPOP,2046,3193
39,HH,2046,13559
39,HHPOP,2046,38334
39,POP0017,2046,9125
39,POP1864,2046,24736
39,POP65P,2046,7667
39,TOTPOP,2046,41527
39,GQPOP,2047,3209
39,HH,2047,13746
39,HHPOP,2047,38751
39,POP0017,2047,9190
39,POP1864,2047,24860
39,POP65P,2047,7910
39,TOTPOP,2047,41960
39,GQPOP,2048,3226
39,HH,2048,13936
39,HHPOP,2048,39175
39,POP0017,2048,9251
39,POP1864,2048,25003
39,POP65P,2048,8147
39,TOTPOP,2048,42401
39,GQPOP,2049,3246
39,HH,2049,14127
39,HHPOP,2049,39597
39,POP0017,2049,9302
39,POP1864,2049,25185
39,POP65P,2049,8356
39,TOTPOP,2049,42843
39,GQPOP,2050,3265
39,HH,2050,14309
39,HHPOP,2050,39987
39,POP0017,2050,9336
39,POP1864,2050,25363
39,POP65P,2050,8553
39,TOTPOP,2050,43252
39,GQPOP,2051,3283
39,HH,2051,14488
39,HHPOP,2051,40363
39,POP0017,2051,9355
39,POP1864,2051,25572
39,POP65P,2051,8719
39,TOTPOP,2051,43646
39,GQPOP,2052,3301
39,HH,2052,14662
39,HHPOP,2052,40724
39,POP0017,2052,9363
39,POP1864,2052,25811
39,POP65P,2052,8851
39,TOTPOP,2052,44025
39,GQPOP,2053,3321
39,HH,2053,14833
39,HHPOP,2053,41072
39,POP0017,2053,9363
39,POP1864,2053,26054
39,POP65P,2053,8976
39,TOTPOP,2053,44392
39,GQPOP,2054,3338
39,HH,2054,14996
39,HHPOP,2054,41390
39,POP0017,2054,9351
39,POP1864,2054,26291
39,POP65P,2054,9086
39,TOTPOP,2054,44728
39,GQPOP,2055,3356
39,HH,2055,15151
39,HHPOP,2055,41682
39,POP0017,2055,9329
39,POP1864,2055,26511
39,POP65P,2055,9196
39,TOTPOP,2055,45037
39,GQPOP,2056,3371
39,HH,2056,15299
39,HHPOP,2056,41948
39,POP0017,2056,9301
39,POP1864,2056,26698
39,POP65P,2056,9319
39,TOTPOP,2056,45319
39,GQPOP,2057,3382
39,HH,2057,15439
39,HHPOP,2057,42191
39,POP0017,2057,9272
39,POP1864,2057,26869
39,POP65P,2057,9433
39,TOTPOP,2057,45574
39,GQPOP,2058,3390
39,HH,2058,15579
39,HHPOP,2058,42433
39,POP0017,2058,9248
39,POP1864,2058,27061
39,POP65P,2058,9514
39,TOTPOP,2058,45823
39,GQPOP,2059,3395
39,HH,2059,15723
39,HHPOP,2059,42690
39,POP0017,2059,9238
39,POP1864,2059,27289
39,POP65P,2059,9558
39,TOTPOP,2059,46085
39,GQPOP,2060,3400
39,HH,2060,15871
39,HHPOP,2060,42963
39,POP0017,2060,9242
39,POP1864,2060,27542
39,POP65P,2060,9580
39,TOTPOP,2060,46363
39,GQPOP,2061,3404
39,HH,2061,16016
39,HHPOP,2061,43229
39,POP0017,2061,9252
39,POP1864,2061,27800
39,POP65P,2061,9582
39,TOTPOP,2061,46633
39,GQPOP,2062,3406
39,HH,2062,16161
39,HHPOP,2062,43499
39,POP0017,2062,9271
39,POP1864,2062,28010
39,POP65P,2062,9623
39,TOTPOP,2062,46904
39,GQPOP,2063,3408
39,HH,2063,16309
39,HHPOP,2063,43781
39,POP0017,2063,9303
39,POP1864,2063,28177
39,POP65P,2063,9709
39,TOTPOP,2063,47189
39,GQPOP,2064,3409
39,HH,2064,16451
39,HHPOP,2064,44057
39,POP0017,2064,9342
39,POP1864,2064,28389
39,POP65P,2064,9735
39,TOTPOP,2064,47466
39,GQPOP,2065,3409
39,HH,2065,16592
39,HHPOP,2065,44329
39,POP0017,2065,9386
39,POP1864,2065,28562
39,POP65P,2065,9790
39,TOTPOP,2065,47738
41,GQPOP,2023,281
41,HH,2023,7586
41,HHPOP,2023,21883
41,POP0017,2023,5560
41,POP1864,2023,12483
41,POP65P,2023,4121
41,TOTPOP,2023,22164
41,GQPOP,2025,276
41,HH,2025,7640
41,HHPOP,2025,21667
41,POP0017,2025,5702
41,POP1864,2025,12211
41,POP65P,2025,4030
41,TOTPOP,2025,21943
41,GQPOP,2026,273
41,HH,2026,7698
41,HHPOP,2026,21634
41,POP0017,2026,5573
41,POP1864,2026,12188
41,POP65P,2026,4146
41,TOTPOP,2026,21907
41,GQPOP,2027,270
41,HH,2027,7758
41,HHPOP,2027,21607
41,POP0017,2027,5452
41,POP1864,2027,12178
41,POP65P,2027,4247
41,TOTPOP,2027,21877
41,GQPOP,2028,268
41,HH,2028,7819
41,HHPOP,2028,21595
41,POP0017,2028,5350
41,POP1864,2028,12164
41,POP65P,2028,4348
41,TOTPOP,2028,21863
41,GQPOP,2029,267
41,HH,2029,7884
41,HHPOP,2029,21604
41,POP0017,2029,5278
41,POP1864,2029,12162
41,POP65P,2029,4430
41,TOTPOP,2029,21871
41,GQPOP,2030,267
41,HH,2030,7951
41,HHPOP,2030,21639
41,POP0017,2030,5248
41,POP1864,2030,12176
41,POP65P,2030,4482
41,TOTPOP,2030,21907
41,GQPOP,2031,268
41,HH,2031,8023
41,HHPOP,2031,21703
41,POP0017,2031,5214
41,POP1864,2031,12254
41,POP65P,2031,4505
41,TOTPOP,2031,21971
41,GQPOP,2032,268
41,HH,2032,8099
41,HHPOP,2032,21796
41,POP0017,2032,5197
41,POP1864,2032,12361
41,POP65P,2032,4506
41,TOTPOP,2032,22064
41,GQPOP,2033,267
41,HH,2033,8180
41,HHPOP,2033,21913
41,POP0017,2033,5181
41,POP1864,2033,12499
41,POP65P,2033,4500
41,TOTPOP,2033,22181
41,GQPOP,2034,267
41,HH,2034,8264
41,HHPOP,2034,22049
41,POP0017,2034,5169
41,POP1864,2034,12641
41,POP65P,2034,4506
41,TOTPOP,2034,22315
41,GQPOP,2035,265
41,HH,2035,8349
41,HHPOP,2035,22193
41,POP0017,2035,5176
41,POP1864,2035,12746
41,POP65P,2035,4537
41,TOTPOP,2035,22458
41,GQPOP,2036,264
41,HH,2036,8433
41,HHPOP,2036,22335
41,POP0017,2036,5173
41,POP1864,2036,12847
41,POP65P,2036,4580
41,TOTPOP,2036,22600
41,GQPOP,2037,264
41,HH,2037,8520
41,HHPOP,2037,22487
41,POP0017,2037,5191
41,POP1864,2037,12940
41,POP65P,2037,4619
41,TOTPOP,2037,22751
41,GQPOP,2038,265
41,HH,2038,8607
41,HHPOP,2038,22639
41,POP0017,2038,5213
41,POP1864,2038,13035
41,POP65P,2038,4656
41,TOTPOP,2038,22904
41,GQPOP,2039,265
41,HH,2039,8695
41,HHPOP,2039,22796
41,POP0017,2039,5221
41,POP1864,2039,13139
41,POP65P,2039,4700
41,TOTPOP,2039,23061
41,GQPOP,2040,264
41,HH,2040,8784
41,HHPOP,2040,22947
41,POP0017,2040,5224
41,POP1864,2040,13212
41,POP65P,2040,4776
41,TOTPOP,2040,23212
41,GQPOP,2041,263
41,HH,2041,8873
41,HHPOP,2041,23099
41,POP0017,2041,5230
41,POP1864,2041,13254
41,POP65P,2041,4879
41,TOTPOP,2041,23362
41,GQPOP,2042,262
41,HH,2042,8959
41,HHPOP,2042,23242
41,POP0017,2042,5208
41,POP1864,2042,13286
41,POP65P,2042,5011
41,TOTPOP,2042,23504
41,GQPOP,2043,262
41,HH,2043,9047
41,HHPOP,2043,23386
41,POP0017,2043,5218
41,POP1864,2043,13280
41,POP65P,2043,5150
41,TOTPOP,2043,23648
41,GQPOP,2044,262
41,HH,2044,9131
41,HHPOP,2044,23519
41,POP0017,2044,5225
41,POP1864,2044,13273
41,POP65P,2044,5284
41,TOTPOP,2044,23781
41,GQPOP,2045,263
41,HH,2045,9212
41,HHPOP,2045,23642
41,POP0017,2045,5224
41,POP1864,2045,13270
41,POP65P,2045,5412
41,TOTPOP,2045,23905
41,GQPOP,2046,263
41,HH,2046,9296
41,HHPOP,2046,23768
41,POP0017,2046,5216
41,POP1864,2046,13263
41,POP65P,2046,5553
41,TOTPOP,2046,24031
41,GQPOP,2047,264
41,HH,2047,9382
41,HHPOP,2047,23894
41,POP0017,2047,5200
41,POP1864,2047,13258
41,POP65P,2047,5699
41,TOTPOP,2047,24158
41,GQPOP,2048,265
41,HH,2048,9469
41,HHPOP,2048,24021
41,POP0017,2048,5178
41,POP1864,2048,13280
41,POP65P,2048,5827
41,TOTPOP,2048,24286
41,GQPOP,2049,266
41,HH,2049,9557
41,HHPOP,2049,24145
41,POP0017,2049,5147
41,POP1864,2049,13308
41,POP65P,2049,5956
41,TOTPOP,2049,24411
41,GQPOP,2050,266
41,HH,2050,9642
41,HHPOP,2050,24260
41,POP0017,2050,5108
41,POP1864,2050,13339
41,POP65P,2050,6079
41,TOTPOP,2050,24526
41,GQPOP,2051,266
41,HH,2051,9726
41,HHPOP,2051,24368
41,POP0017,2051,5063
41,POP1864,2051,13391
41,POP65P,2051,6181
41,TOTPOP,2051,24634
41,GQPOP,2052,266
41,HH,2052,9808
41,HHPOP,2052,24470
41,POP0017,2052,5014
41,POP1864,2052,13448
41,POP65P,2052,6275
41,TOTPOP,2052,24737
41,GQPOP,2053,266
41,HH,2053,9889
41,HHPOP,2053,24568
41,POP0017,2053,4963
41,POP1864,2053,13502
41,POP65P,2053,6370
41,TOTPOP,2053,24834
41,GQPOP,2054,266
41,HH,2054,9967
41,HHPOP,2054,24656
41,POP0017,2054,4910
41,POP1864,2054,13536
41,POP65P,2054,6476
41,TOTPOP,2054,24922
41,GQPOP,2055,266
41,HH,2055,10043
41,HHPOP,2055,24736
41,POP0017,2055,4855
41,POP1864,2055,13567
41,POP65P,2055,6580
41,TOTPOP,2055,25002
41,GQPOP,2056,265
41,HH,2056,10116
41,HHPOP,2056,24808
41,POP0017,2056,4799
41,POP1864,2056,13601
41,POP65P,2056,6674
41,TOTPOP,2056,25074
41,GQPOP,2057,264
41,HH,2057,10187
41,HHPOP,2057,24873
41,POP0017,2057,4744
41,POP1864,2057,13613
41,POP65P,2057,6780
41,TOTPOP,2057,25138
41,GQPOP,2058,263
41,HH,2058,10256
41,HHPOP,2058,24936
41,POP0017,2058,4691
41,POP1864,2058,13637
41,POP65P,2058,6871
41,TOTPOP,2058,25199
41,GQPOP,2059,262
41,HH,2059,10325
41,HHPOP,2059,25001
41,POP0017,2059,4643
41,POP1864,2059,13683
41,POP65P,2059,6937
41,TOTPOP,2059,25263
41,GQPOP,2060,261
41,HH,2060,10395
41,HHPOP,2060,25068
41,POP0017,2060,4599
41,POP1864,2060,13754
41,POP65P,2060,6976
41,TOTPOP,2060,25329
41,GQPOP,2061,260
41,HH,2061,10463
41,HHPOP,2061,25133
41,POP0017,2061,4558
41,POP1864,2061,13825
41,POP65P,2061,7010
41,TOTPOP,2061,25393
41,GQPOP,2062,259
41,HH,2062,10531
41,HHPOP,2062,25197
41,POP0017,2062,4520
41,POP1864,2062,13889
41,POP65P,2062,7047
41,TOTPOP,2062,25455
41,GQPOP,2063,257
41,HH,2063,10598
41,HHPOP,2063,25263
41,POP0017,2063,4486
41,POP1864,2063,13952
41,POP65P,2063,7082
41,TOTPOP,2063,25520
41,GQPOP,2064,256
41,HH,2064,10662
41,HHPOP,2064,25326
41,POP0017,2064,4458
41,POP1864,2064,14004
41,POP65P,2064,7121
41,TOTPOP,2064,25582
41,GQPOP,2065,255
41,HH,2065,10725
41,HHPOP,2065,25387
41,POP0017,2065,4432
41,POP1864,2065,14037
41,POP65P,2065,7173
41,TOTPOP,2065,25643
43,GQPOP,2023,129
43,HH,2023,14382
43,HHPOP,2023,43362
43,POP0017,2023,8314
43,POP1864,2023,26756
43,POP65P,2023,8421
43,TOTPOP,2023,43491
43,GQPOP,2025,129
43,HH,2025,15637
43,HHPOP,2025,43245
43,POP0017,2025,8600
43,POP1864,2025,26450
43,POP65P,2025,8325
43,TOTPOP,2025,43374
43,GQPOP,2026,129
43,HH,2026,15841
43,HHPOP,2026,43285
43,POP0017,2026,8322
43,POP1864,2026,26314
43,POP65P,2026,8778
43,TOTPOP,2026,43414
43,GQPOP,2027,129
43,HH,2027,16041
43,HHPOP,2027,43325
43,POP0017,2027,8075
43,POP1864,2027,26165
43,POP65P,2027,9213
43,TOTPOP,2027,43454
43,GQPOP,2028,129
43,HH,2028,16234
43,HHPOP,2028,43364
43,POP0017,2028,7843
43,POP1864,2028,26043
43,POP65P,2028,9607
43,TOTPOP,2028,43493
43,GQPOP,2029,129
43,HH,2029,16417
43,HHPOP,2029,43395
43,POP0017,2029,7641
43,POP1864,2029,25907
43,POP65P,2029,9976
43,TOTPOP,2029,43524
43,GQPOP,2030,129
43,HH,2030,16609
43,HHPOP,2030,43491
43,POP0017,2030,7500
43,POP1864,2030,25813
43,POP65P,2030,10308
43,TOTPOP,2030,43620
43,GQPOP,2031,129
43,HH,2031,16813
43,HHPOP,2031,43663
43,POP0017,2031,7412
43,POP1864,2031,25798
43,POP65P,2031,10583
43,TOTPOP,2031,43792
43,GQPOP,2032,129
43,HH,2032,17028
43,HHPOP,2032,43915
43,POP0017,2032,7361
43,POP1864,2032,25836
43,POP65P,2032,10848
43,TOTPOP,2032,44044
43,GQPOP,2033,129
43,HH,2033,17256
43,HHPOP,2033,44241
43,POP0017,2033,7315
43,POP1864,2033,25975
43,POP65P,2033,11080
43,TOTPOP,2033,44370
43,GQPOP,2034,129
43,HH,2034,17493
43,HHPOP,2034,44622
43,POP0017,2034,7338
43,POP1864,2034,26091
43,POP65P,2034,11322
43,TOTPOP,2034,44751
43,GQPOP,2035,129
43,HH,2035,17731
43,HHPOP,2035,45035
43,POP0017,2035,7409
43,POP1864,2035,26185
43,POP65P,2035,11570
43,TOTPOP,2035,45164
43,GQPOP,2036,129
43,HH,2036,17963
43,HHPOP,2036,45450
43,POP0017,2036,7478
43,POP1864,2036,26287
43,POP65P,2036,11813
43,TOTPOP,2036,45579
43,GQPOP,2037,129
43,HH,2037,18191
43,HHPOP,2037,45877
43,POP0017,2037,7580
43,POP1864,2037,26435
43,POP65P,2037,11992
43,TOTPOP,2037,46006
43,GQPOP,2038,129
43,HH,2038,18416
43,HHPOP,2038,46321
43,POP0017,2038,7691
43,POP1864,2038,26644
43,POP65P,2038,12115
43,TOTPOP,2038,46450
43,GQPOP,2039,129
43,HH,2039,18637
43,HHPOP,2039,46774
43,POP0017,2039,7798
43,POP1864,2039,26892
43,POP65P,2039,12211
43,TOTPOP,2039,46903
43,GQPOP,2040,129
43,HH,2040,18853
43,HHPOP,2040,47226
43,POP0017,2040,7906
43,POP1864,2040,27163
43,POP65P,2040,12286
43,TOTPOP,2040,47355
43,GQPOP,2041,129
43,HH,2041,19060
43,HHPOP,2041,47670
43,POP0017,2041,8041
43,POP1864,2041,27395
43,POP65P,2041,12364
43,TOTPOP,2041,47799
43,GQPOP,2042,129
43,HH,2042,19259
43,HHPOP,2042,48105
43,POP0017,2042,8128
43,POP1864,2042,27644
43,POP65P,2042,12462
43,TOTPOP,2042,48234
43,GQPOP,2043,129
43,HH,2043,19453
43,HHPOP,2043,48535
43,POP0017,2043,8248
43,POP1864,2043,27864
43,POP65P,2043,12551
43,TOTPOP,2043,48664
43,GQPOP,2044,129
43,HH,2044,19643
43,HHPOP,2044,48965
43,POP0017,2044,8368
43,POP1864,2044,28085
43,POP65P,2044,12641
43,TOTPOP,2044,49094
43,GQPOP,2045,129
43,HH,2045,19827
43,HHPOP,2045,49399
43,POP0017,2045,8483
43,POP1864,2045,28326
43,POP65P,2045,12718
43,TOTPOP,2045,49528
43,GQPOP,2046,129
43,HH,2046,20009
43,HHPOP,2046,49836
43,POP0017,2046,8591
43,POP1864,2046,28611
43,POP65P,2046,12761
43,TOTPOP,2046,49965
43,GQPOP,2047,129
43,HH,2047,20189
43,HHPOP,2047,50275
43,POP0017,2047,8688
43,POP1864,2047,28951
43,POP65P,2047,12765
43,TOTPOP,2047,50404
43,GQPOP,2048,129
43,HH,2048,20367
43,HHPOP,2048,50714
43,POP0017,2048,8772
43,POP1864,2048,29305
43,POP65P,2048,12766
43,TOTPOP,2048,50843
43,GQPOP,2049,129
43,HH,2049,20542
43,HHPOP,2049,51147
43,POP0017,2049,8839
43,POP1864,2049,29673
43,POP65P,2049,12763
43,TOTPOP,2049,51276
43,GQPOP,2050,129
43,HH,2050,20717
43,HHPOP,2050,51569
43,POP0017,2050,8886
43,POP1864,2050,30050
43,POP65P,2050,12763
43,TOTPOP,2050,51698
43,GQPOP,2051,129
43,HH,2051,20888
43,HHPOP,2051,51975
43,POP0017,2051,8913
43,POP1864,2051,30429
43,POP65P,2051,12762
43,TOTPOP,2051,52104
43,GQPOP,2052,129
43,HH,2052,21058
43,HHPOP,2052,52363
43,POP0017,2052,8917
43,POP1864,2052,30812
43,POP65P,2052,12762
43,TOTPOP,2052,52492
43,GQPOP,2053,129
43,HH,2053,21227
43,HHPOP,2053,52734
43,POP0017,2053,8902
43,POP1864,2053,31207
43,POP65P,2053,12754
43,TOTPOP,2053,52863
43,GQPOP,2054,129
43,HH,2054,21396
43,HHPOP,2054,53093
43,POP0017,2054,8870
43,POP1864,2054,31560
43,POP65P,2054,12792
43,TOTPOP,2054,53222
43,GQPOP,2055,129
43,HH,2055,21568
43,HHPOP,2055,53442
43,POP0017,2055,8819
43,POP1864,2055,31871
43,POP65P,2055,12882
43,TOTPOP,2055,53571
43,GQPOP,2056,129
43,HH,2056,21742
43,HHPOP,2056,53782
43,POP0017,2056,8754
43,POP1864,2056,32204
43,POP65P,2056,12955
43,TOTPOP,2056,53911
43,GQPOP,2057,129
43,HH,2057,21916
43,HHPOP,2057,54113
43,POP0017,2057,8676
43,POP1864,2057,32537
43,POP65P,2057,13029
43,TOTPOP,2057,54242
43,GQPOP,2058,129
43,HH,2058,22091
43,HHPOP,2058,54435
43,POP0017,2058,8589
43,POP1864,2058,32849
43,POP65P,2058,13126
43,TOTPOP,2058,54564
43,GQPOP,2059,129
43,HH,2059,22268
43,HHPOP,2059,54749
43,POP0017,2059,8493
43,POP1864,2059,33163
43,POP65P,2059,13222
43,TOTPOP,2059,54878
43,GQPOP,2060,129
43,HH,2060,22448
43,HHPOP,2060,55057
43,POP0017,2060,8391
43,POP1864,2060,33480
43,POP65P,2060,13314
43,TOTPOP,2060,55186
43,GQPOP,2061,129
43,HH,2061,22629
43,HHPOP,2061,55360
43,POP0017,2061,8289
43,POP1864,2061,33777
43,POP65P,2061,13422
43,TOTPOP,2061,55489
43,GQPOP,2062,129
43,HH,2062,22812
43,HHPOP,2062,55658
43,POP0017,2062,8189
43,POP1864,2062,34061
43,POP65P,2062,13537
43,TOTPOP,2062,55787
43,GQPOP,2063,129
43,HH,2063,22994
43,HHPOP,2063,55950
43,POP0017,2063,8094
43,POP1864,2063,34329
43,POP65P,2063,13658
43,TOTPOP,2063,56079
43,GQPOP,2064,129
43,HH,2064,23178
43,HHPOP,2064,56238
43,POP0017,2064,8005
43,POP1864,2064,34598
43,POP65P,2064,13764
43,TOTPOP,2064,56367
43,GQPOP,2065,129
43,HH,2065,23361
43,HHPOP,2065,56521
43,POP0017,2065,7925
43,POP1864,2065,34821
43,POP65P,2065,13904
43,TOTPOP,2065,56650
45,GQPOP,2023,298
45,HH,2023,24833
45,HHPOP,2023,79110
45,POP0017,2023,22072
45,POP1864,2023,49262
45,POP65P,2023,8074
45,TOTPOP,2023,79408
45,GQPOP,2025,309
45,HH,2025,27666
45,HHPOP,2025,83424
45,POP0017,2025,24066
45,POP1864,2025,51263
45,POP65P,2025,8404
45,TOTPOP,2025,83733
45,GQPOP,2026,313
45,HH,2026,28566
45,HHPOP,2026,85307
45,POP0017,2026,24022
45,POP1864,2026,52783
45,POP65P,2026,8815
45,TOTPOP,2026,85620
45,GQPOP,2027,317
45,HH,2027,29491
45,HHPOP,2027,87205
45,POP0017,2027,23984
45,POP1864,2027,54297
45,POP65P,2027,9241
45,TOTPOP,2027,87522
45,GQPOP,2028,321
45,HH,2028,30432
45,HHPOP,2028,89078
45,POP0017,2028,23932
45,POP1864,2028,55799
45,POP65P,2028,9667
45,TOTPOP,2028,89399
45,GQPOP,2029,326
45,HH,2029,31381
45,HHPOP,2029,90896
45,POP0017,2029,23904
45,POP1864,2029,57242
45,POP65P,2029,10076
45,TOTPOP,2029,91222
45,GQPOP,2030,330
45,HH,2030,32327
45,HHPOP,2030,92639
45,POP0017,2030,23834
45,POP1864,2030,58662
45,POP65P,2030,10473
45,TOTPOP,2030,92969
45,GQPOP,2031,333
45,HH,2031,33267
45,HHPOP,2031,94301
45,POP0017,2031,23681
45,POP1864,2031,60111
45,POP65P,2031,10843
45,TOTPOP,2031,94634
45,GQPOP,2032,335
45,HH,2032,34200
45,HHPOP,2032,95885
45,POP0017,2032,23486
45,POP1864,2032,61494
45,POP65P,2032,11239
45,TOTPOP,2032,96220
45,GQPOP,2033,336
45,HH,2033,35125
45,HHPOP,2033,97402
45,POP0017,2033,23281
45,POP1864,2033,62816
45,POP65P,2033,11641
45,TOTPOP,2033,97738
45,GQPOP,2034,338
45,HH,2034,36041
45,HHPOP,2034,98868
45,POP0017,2034,23093
45,POP1864,2034,64055
45,POP65P,2034,12058
45,TOTPOP,2034,99205
45,GQPOP,2035,339
45,HH,2035,36956
45,HHPOP,2035,100315
45,POP0017,2035,22949
45,POP1864,2035,65159
45,POP65P,2035,12544
45,TOTPOP,2035,100653
45,GQPOP,2036,340
45,HH,2036,37882
45,HHPOP,2036,101798
45,POP0017,2036,22861
45,POP1864,2036,66138
45,POP65P,2036,13139
45,TOTPOP,2036,102138
45,GQPOP,2037,341
45,HH,2037,38829
45,HHPOP,2037,103354
45,POP0017,2037,22895
45,POP1864,2037,67082
45,POP65P,2037,13718
45,TOTPOP,2037,103695
45,GQPOP,2038,342
45,HH,2038,39799
45,HHPOP,2038,104997
45,POP0017,2038,23005
45,POP1864,2038,68070
45,POP65P,2038,14265
45,TOTPOP,2038,105339
45,GQPOP,2039,344
45,HH,2039,40786
45,HHPOP,2039,106706
45,POP0017,2039,23074
45,POP1864,2039,69140
45,POP65P,2039,14837
45,TOTPOP,2039,107050
45,GQPOP,2040,345
45,HH,2040,41786
45,HHPOP,2040,108447
45,POP0017,2040,23167
45,POP1864,2040,70139
45,POP65P,2040,15486
45,TOTPOP,2040,108792
45,GQPOP,2041,346
45,HH,2041,42784
45,HHPOP,2041,110183
45,POP0017,2041,23221
45,POP1864,2041,71133
45,POP65P,2041,16175
45,TOTPOP,2041,110529
45,GQPOP,2042,347
45,HH,2042,43781
45,HHPOP,2042,111919
45,POP0017,2042,23243
45,POP1864,2042,72107
45,POP65P,2042,16915
45,TOTPOP,2042,112266
45,GQPOP,2043,348
45,HH,2043,44783
45,HHPOP,2043,113664
45,POP0017,2043,23303
45,POP1864,2043,73012
45,POP65P,2043,17698
45,TOTPOP,2043,114013
45,GQPOP,2044,349
45,HH,2044,45800
45,HHPOP,2044,115444
45,POP0017,2044,23359
45,POP1864,2044,73913
45,POP65P,2044,18522
45,TOTPOP,2044,115794
45,GQPOP,2045,351
45,HH,2045,46837
45,HHPOP,2045,117270
45,POP0017,2045,23411
45,POP1864,2045,74822
45,POP65P,2045,19387
45,TOTPOP,2045,117621
45,GQPOP,2046,352
45,HH,2046,47897
45,HHPOP,2046,119145
45,POP0017,2046,23468
45,POP1864,2046,75750
45,POP65P,2046,20279
45,TOTPOP,2046,119497
45,GQPOP,2047,354
45,HH,2047,48977
45,HHPOP,2047,121064
45,POP0017,2047,23532
45,POP1864,2047,76675
45,POP65P,2047,21210
45,TOTPOP,2047,121418
45,GQPOP,2048,356
45,HH,2048,50072
45,HHPOP,2048,123014
45,POP0017,2048,23605
45,POP1864,2048,77624
45,POP65P,2048,22141
45,TOTPOP,2048,123370
45,GQPOP,2049,358
45,HH,2049,51175
45,HHPOP,2049,124975
45,POP0017,2049,23684
45,POP1864,2049,78623
45,POP65P,2049,23026
45,TOTPOP,2049,125333
45,GQPOP,2050,360
45,HH,2050,52280
45,HHPOP,2050,126925
45,POP0017,2050,23763
45,POP1864,2050,79594
45,POP65P,2050,23929
45,TOTPOP,2050,127285
45,GQPOP,2051,363
45,HH,2051,53372
45,HHPOP,2051,128831
45,POP0017,2051,23829
45,POP1864,2051,80493
45,POP65P,2051,24871
45,TOTPOP,2051,129194
45,GQPOP,2052,366
45,HH,2052,54447
45,HHPOP,2052,130681
45,POP0017,2052,23878
45,POP1864,2052,81338
45,POP65P,2052,25831
45,TOTPOP,2052,131047
45,GQPOP,2053,369
45,HH,2053,55508
45,HHPOP,2053,132488
45,POP0017,2053,23903
45,POP1864,2053,82157
45,POP65P,2053,26796
45,TOTPOP,2053,132857
45,GQPOP,2054,372
45,HH,2054,56563
45,HHPOP,2054,134268
45,POP0017,2054,23896
45,POP1864,2054,82988
45,POP65P,2054,27757
45,TOTPOP,2054,134639
45,GQPOP,2055,375
45,HH,2055,57614
45,HHPOP,2055,136030
45,POP0017,2055,23859
45,POP1864,2055,83815
45,POP65P,2055,28732
45,TOTPOP,2055,136405
45,GQPOP,2056,378
45,HH,2056,58663
45,HHPOP,2056,137777
45,POP0017,2056,23798
45,POP1864,2056,84621
45,POP65P,2056,29736
45,TOTPOP,2056,138155
45,GQPOP,2057,381
45,HH,2057,59707
45,HHPOP,2057,139507
45,POP0017,2057,23719
45,POP1864,2057,85426
45,POP65P,2057,30743
45,TOTPOP,2057,139888
45,GQPOP,2058,384
45,HH,2058,60745
45,HHPOP,2058,141219
45,POP0017,2058,23629
45,POP1864,2058,86277
45,POP65P,2058,31698
45,TOTPOP,2058,141603
45,GQPOP,2059,386
45,HH,2059,61781
45,HHPOP,2059,142922
45,POP0017,2059,23533
45,POP1864,2059,87198
45,POP65P,2059,32577
45,TOTPOP,2059,143308
45,GQPOP,2060,389
45,HH,2060,62820
45,HHPOP,2060,144625
45,POP0017,2060,23440
45,POP1864,2060,88189
45,POP65P,2060,33385
45,TOTPOP,2060,145014
45,GQPOP,2061,391
45,HH,2061,63861
45,HHPOP,2061,146329
45,POP0017,2061,23358
45,POP1864,2061,89183
45,POP65P,2061,34179
45,TOTPOP,2061,146720
45,GQPOP,2062,393
45,HH,2062,64901
45,HHPOP,2062,148033
45,POP0017,2062,23293
45,POP1864,2062,90169
45,POP65P,2062,34964
45,TOTPOP,2062,148426
45,GQPOP,2063,394
45,HH,2063,65938
45,HHPOP,2063,149737
45,POP0017,2063,23251
45,POP1864,2063,91160
45,POP65P,2063,35720
45,TOTPOP,2063,150132
45,GQPOP,2064,396
45,HH,2064,66973
45,HHPOP,2064,151444
45,POP0017,2064,23237
45,POP1864,2064,92204
45,POP65P,2064,36399
45,TOTPOP,2064,151839
45,GQPOP,2065,397
45,HH,2065,68006
45,HHPOP,2065,153155
45,POP0017,2065,23253
45,POP1864,2065,93186
45,POP65P,2065,37112
45,TOTPOP,2065,153551
47,GQPOP,2023,115
47,HH,2023,12148
47,HHPOP,2023,36412
47,POP0017,2023,10050
47,POP1864,2023,21521
47,POP65P,2023,4956
47,TOTPOP,2023,36527
47,GQPOP,2025,115
47,HH,2025,12762
47,HHPOP,2025,36313
47,POP0017,2025,10326
47,POP1864,2025,21215
47,POP65P,2025,4888
47,TOTPOP,2025,36428
47,GQPOP,2026,172
47,HH,2026,13009
47,HHPOP,2026,36538
47,POP0017,2026,10024
47,POP1864,2026,21651
47,POP65P,2026,5035
47,TOTPOP,2026,36709
47,GQPOP,2027,228
47,HH,2027,13280
47,HHPOP,2027,36818
47,POP0017,2027,9779
47,POP1864,2027,22078
47,POP65P,2027,5189
47,TOTPOP,2027,37046
47,GQPOP,2028,228
47,HH,2028,13575
47,HHPOP,2028,37165
47,POP0017,2028,9587
47,POP1864,2028,22479
47,POP65P,2028,5327
47,TOTPOP,2028,37393
47,GQPOP,2029,172
47,HH,2029,13891
47,HHPOP,2029,37580
47,POP0017,2029,9438
47,POP1864,2029,22871
47,POP65P,2029,5444
47,TOTPOP,2029,37752
47,GQPOP,2030,115
47,HH,2030,14223
47,HHPOP,2030,38059
47,POP0017,2030,9323
47,POP1864,2030,23316
47,POP65P,2030,5535
47,TOTPOP,2030,38174
47,GQPOP,2031,115
47,HH,2031,14566
47,HHPOP,2031,38590
47,POP0017,2031,9244
47,POP1864,2031,23849
47,POP65P,2031,5611
47,TOTPOP,2031,38705
47,GQPOP,2032,115
47,HH,2032,14911
47,HHPOP,2032,39149
47,POP0017,2032,9169
47,POP1864,2032,24388
47,POP65P,2032,5706
47,TOTPOP,2032,39264
47,GQPOP,2033,115
47,HH,2033,15249
47,HHPOP,2033,39699
47,POP0017,2033,9126
47,POP1864,2033,24902
47,POP65P,2033,5786
47,TOTPOP,2033,39814
47,GQPOP,2034,115
47,HH,2034,15561
47,HHPOP,2034,40192
47,POP0017,2034,9093
47,POP1864,2034,25331
47,POP65P,2034,5882
47,TOTPOP,2034,40307
47,GQPOP,2035,115
47,HH,2035,15827
47,HHPOP,2035,40568
47,POP0017,2035,9052
47,POP1864,2035,25620
47,POP65P,2035,6013
47,TOTPOP,2035,40683
47,GQPOP,2036,115
47,HH,2036,16022
47,HHPOP,2036,40759
47,POP0017,2036,9010
47,POP1864,2036,25689
47,POP65P,2036,6175
47,TOTPOP,2036,40874
47,GQPOP,2037,115
47,HH,2037,16200
47,HHPOP,2037,40925
47,POP0017,2037,8974
47,POP1864,2037,25755
47,POP65P,2037,6311
47,TOTPOP,2037,41040
47,GQPOP,2038,115
47,HH,2038,16394
47,HHPOP,2038,41158
47,POP0017,2038,8944
47,POP1864,2038,25904
47,POP65P,2038,6425
47,TOTPOP,2038,41273
47,GQPOP,2039,115
47,HH,2039,16609
47,HHPOP,2039,41465
47,POP0017,2039,8937
47,POP1864,2039,26077
47,POP65P,2039,6565
47,TOTPOP,2039,41580
47,GQPOP,2040,115
47,HH,2040,16836
47,HHPOP,2040,41815
47,POP0017,2040,8985
47,POP1864,2040,26210
47,POP65P,2040,6736
47,TOTPOP,2040,41930
47,GQPOP,2041,115
47,HH,2041,17086
47,HHPOP,2041,42248
47,POP0017,2041,9083
47,POP1864,2041,26347
47,POP65P,2041,6933
47,TOTPOP,2041,42363
47,GQPOP,2042,115
47,HH,2042,17355
47,HHPOP,2042,42744
47,POP0017,2042,9153
47,POP1864,2042,26523
47,POP65P,2042,7182
47,TOTPOP,2042,42859
47,GQPOP,2043,115
47,HH,2043,17635
47,HHPOP,2043,43273
47,POP0017,2043,9283
47,POP1864,2043,26662
47,POP65P,2043,7442
47,TOTPOP,2043,43388
47,GQPOP,2044,115
47,HH,2044,17898
47,HHPOP,2044,43762
47,POP0017,2044,9406
47,POP1864,2044,26760
47,POP65P,2044,7711
47,TOTPOP,2044,43877
47,GQPOP,2045,115
47,HH,2045,18156
47,HHPOP,2045,44245
47,POP0017,2045,9519
47,POP1864,2045,26836
47,POP65P,2045,8005
47,TOTPOP,2045,44360
47,GQPOP,2046,115
47,HH,2046,18421
47,HHPOP,2046,44746
47,POP0017,2046,9618
47,POP1864,2046,26938
47,POP65P,2046,8306
47,TOTPOP,2046,44861
47,GQPOP,2047,115
47,HH,2047,18708
47,HHPOP,2047,45300
47,POP0017,2047,9706
47,POP1864,2047,27079
47,POP65P,2047,8631
47,TOTPOP,2047,45415
47,GQPOP,2048,115
47,HH,2048,19012
47,HHPOP,2048,45900
47,POP0017,2048,9777
47,POP1864,2048,27273
47,POP65P,2048,8966
47,TOTPOP,2048,46015
47,GQPOP,2049,115
47,HH,2049,19326
47,HHPOP,2049,46508
47,POP0017,2049,9818
47,POP1864,2049,27537
47,POP65P,2049,9268
47,TOTPOP,2049,46623
47,GQPOP,2050,115
47,HH,2050,19640
47,HHPOP,2050,47100
47,POP0017,2050,9824
47,POP1864,2050,27832
47,POP65P,2050,9559
47,TOTPOP,2050,47215
47,GQPOP,2051,115
47,HH,2051,19954
47,HHPOP,2051,47664
47,POP0017,2051,9791
47,POP1864,2051,28160
47,POP65P,2051,9828
47,TOTPOP,2051,47779
47,GQPOP,2052,115
47,HH,2052,20272
47,HHPOP,2052,48214
47,POP0017,2052,9731
47,POP1864,2052,28523
47,POP65P,2052,10075
47,TOTPOP,2052,48329
47,GQPOP,2053,115
47,HH,2053,20598
47,HHPOP,2053,48759
47,POP0017,2053,9653
47,POP1864,2053,28890
47,POP65P,2053,10331
47,TOTPOP,2053,48874
47,GQPOP,2054,115
47,HH,2054,20915
47,HHPOP,2054,49259
47,POP0017,2054,9554
47,POP1864,2054,29218
47,POP65P,2054,10603
47,TOTPOP,2054,49374
47,GQPOP,2055,115
47,HH,2055,21221
47,HHPOP,2055,49705
47,POP0017,2055,9435
47,POP1864,2055,29524
47,POP65P,2055,10860
47,TOTPOP,2055,49820
47,GQPOP,2056,115
47,HH,2056,21499
47,HHPOP,2056,50060
47,POP0017,2056,9295
47,POP1864,2056,29737
47,POP65P,2056,11144
47,TOTPOP,2056,50175
47,GQPOP,2057,115
47,HH,2057,21732
47,HHPOP,2057,50283
47,POP0017,2057,9129
47,POP1864,2057,29849
47,POP65P,2057,11419
47,TOTPOP,2057,50398
47,GQPOP,2058,115
47,HH,2058,21951
47,HHPOP,2058,50469
47,POP0017,2058,8968
47,POP1864,2058,29969
47,POP65P,2058,11647
47,TOTPOP,2058,50584
47,GQPOP,2059,115
47,HH,2059,22176
47,HHPOP,2059,50675
47,POP0017,2059,8828
47,POP1864,2059,30125
47,POP65P,2059,11838
47,TOTPOP,2059,50790
47,GQPOP,2060,115
47,HH,2060,22408
47,HHPOP,2060,50907
47,POP0017,2060,8708
47,POP1864,2060,30315
47,POP65P,2060,12000
47,TOTPOP,2060,51022
47,GQPOP,2061,115
47,HH,2061,22649
47,HHPOP,2061,51170
47,POP0017,2061,8609
47,POP1864,2061,30556
47,POP65P,2061,12120
47,TOTPOP,2061,51285
47,GQPOP,2062,115
47,HH,2062,22895
47,HHPOP,2062,51457
47,POP0017,2062,8535
47,POP1864,2062,30814
47,POP65P,2062,12224
47,TOTPOP,2062,51572
47,GQPOP,2063,115
47,HH,2063,23141
47,HHPOP,2063,51760
47,POP0017,2063,8484
47,POP1864,2063,31073
47,POP65P,2063,12319
47,TOTPOP,2063,51875
47,GQPOP,2064,115
47,HH,2064,23387
47,HHPOP,2064,52076
47,POP0017,2064,8453
47,POP1864,2064,31311
47,POP65P,2064,12427
47,TOTPOP,2064,52191
47,GQPOP,2065,115
47,HH,2065,23630
47,HHPOP,2065,52400
47,POP0017,2065,8441
47,POP1864,2065,31536
47,POP65P,2065,12538
47,TOTPOP,2065,52515
49,GQPOP,2023,16935
49,HH,2023,211379
49,HHPOP,2023,710817
49,POP0017,2023,205109
49,POP1864,2023,462766
49,POP65P,2023,59877
49,TOTPOP,2023,727752
49,GQPOP,2025,17650
49,HH,2025,238269
49,HHPOP,2025,754369
49,POP0017,2025,226602
49,POP1864,2025,482930
49,POP65P,2025,62488
49,TOTPOP,2025,772019
49,GQPOP,2026,18078
49,HH,2026,247986
49,HHPOP,2026,776763
49,POP0017,2026,227373
49,POP1864,2026,502131
49,POP65P,2026,65338
49,TOTPOP,2026,794841
49,GQPOP,2027,18397
49,HH,2027,258004
49,HHPOP,2027,799467
49,POP0017,2027,228425
49,POP1864,2027,521121
49,POP65P,2027,68320
49,TOTPOP,2027,817865
49,GQPOP,2028,18517
49,HH,2028,268050
49,HHPOP,2028,821875
49,POP0017,2028,229735
49,POP1864,2028,539278
49,POP65P,2028,71378
49,TOTPOP,2028,840392
49,GQPOP,2029,18485
49,HH,2029,277885
49,HHPOP,2029,843460
49,POP0017,2029,231407
49,POP1864,2029,556208
49,POP65P,2029,74329
49,TOTPOP,2029,861945
49,GQPOP,2030,18413
49,HH,2030,287328
49,HHPOP,2030,863863
49,POP0017,2030,233315
49,POP1864,2030,571718
49,POP65P,2030,77243
49,TOTPOP,2030,882276
49,GQPOP,2031,18445
49,HH,2031,296281
49,HHPOP,2031,882914
49,POP0017,2031,235110
49,POP1864,2031,586064
49,POP65P,2031,80185
49,TOTPOP,2031,901359
49,GQPOP,2032,18498
49,HH,2032,304696
49,HHPOP,2032,900632
49,POP0017,2032,237006
49,POP1864,2032,598769
49,POP65P,2032,83355
49,TOTPOP,2032,919130
49,GQPOP,2033,18528
49,HH,2033,312598
49,HHPOP,2033,917232
49,POP0017,2033,239055
49,POP1864,2033,610104
49,POP65P,2033,86600
49,TOTPOP,2033,935760
49,GQPOP,2034,18519
49,HH,2034,320068
49,HHPOP,2034,933016
49,POP0017,2034,241506
49,POP1864,2034,619989
49,POP65P,2034,90040
49,TOTPOP,2034,951535
49,GQPOP,2035,18457
49,HH,2035,327278
49,HHPOP,2035,948493
49,POP0017,2035,244619
49,POP1864,2035,628576
49,POP65P,2035,93754
49,TOTPOP,2035,966949
49,GQPOP,2036,18380
49,HH,2036,334540
49,HHPOP,2036,964405
49,POP0017,2036,248281
49,POP1864,2036,636693
49,POP65P,2036,97812
49,TOTPOP,2036,982785
49,GQPOP,2037,18349
49,HH,2037,342001
49,HHPOP,2037,981089
49,POP0017,2037,252306
49,POP1864,2037,645346
49,POP65P,2037,101786
49,TOTPOP,2037,999439
49,GQPOP,2038,18405
49,HH,2038,349738
49,HHPOP,2038,998655
49,POP0017,2038,256381
49,POP1864,2038,654836
49,POP65P,2038,105842
49,TOTPOP,2038,1017059
49,GQPOP,2039,18520
49,HH,2039,357703
49,HHPOP,2039,1016905
49,POP0017,2039,260482
49,POP1864,2039,664722
49,POP65P,2039,110221
49,TOTPOP,2039,1035425
49,GQPOP,2040,18620
49,HH,2040,365789
49,HHPOP,2040,1035545
49,POP0017,2040,264725
49,POP1864,2040,674347
49,POP65P,2040,115092
49,TOTPOP,2040,1054164
49,GQPOP,2041,18710
49,HH,2041,373865
49,HHPOP,2041,1054184
49,POP0017,2041,269001
49,POP1864,2041,683529
49,POP65P,2041,120365
49,TOTPOP,2041,1072894
49,GQPOP,2042,18802
49,HH,2042,381956
49,HHPOP,2042,1072839
49,POP0017,2042,273217
49,POP1864,2042,692196
49,POP65P,2042,126229
49,TOTPOP,2042,1091642
49,GQPOP,2043,18877
49,HH,2043,390106
49,HHPOP,2043,1091654
49,POP0017,2043,277715
49,POP1864,2043,700352
49,POP65P,2043,132465
49,TOTPOP,2043,1110531
49,GQPOP,2044,18931
49,HH,2044,398411
49,HHPOP,2044,1110894
49,POP0017,2044,282459
49,POP1864,2044,708594
49,POP65P,2044,138773
49,TOTPOP,2044,1129825
49,GQPOP,2045,19033
49,HH,2045,406904
49,HHPOP,2045,1130613
49,POP0017,2045,287256
49,POP1864,2045,717153
49,POP65P,2045,145237
49,TOTPOP,2045,1149646
49,GQPOP,2046,19207
49,HH,2046,415618
49,HHPOP,2046,1150826
49,POP0017,2046,291919
49,POP1864,2046,726475
49,POP65P,2046,151638
49,TOTPOP,2046,1170032
49,GQPOP,2047,19449
49,HH,2047,424561
49,HHPOP,2047,1171475
49,POP0017,2047,296290
49,POP1864,2047,736714
49,POP65P,2047,157920
49,TOTPOP,2047,1190924
49,GQPOP,2048,19758
49,HH,2048,433697
49,HHPOP,2048,1192430
49,POP0017,2048,300239
49,POP1864,2048,748031
49,POP65P,2048,163918
49,TOTPOP,2048,1212188
49,GQPOP,2049,20123
49,HH,2049,442961
49,HHPOP,2049,1213470
49,POP0017,2049,303648
49,POP1864,2049,760635
49,POP65P,2049,169311
49,TOTPOP,2049,1233594
49,GQPOP,2050,20530
49,HH,2050,452295
49,HHPOP,2050,1234380
49,POP0017,2050,306444
49,POP1864,2050,774276
49,POP65P,2050,174189
49,TOTPOP,2050,1254910
49,GQPOP,2051,20955
49,HH,2051,461577
49,HHPOP,2051,1254815
49,POP0017,2051,308590
49,POP1864,2051,788744
49,POP65P,2051,178436
49,TOTPOP,2051,1275769
49,GQPOP,2052,21373
49,HH,2052,470771
49,HHPOP,2052,1274679
49,POP0017,2052,310161
49,POP1864,2052,803807
49,POP65P,2052,182084
49,TOTPOP,2052,1296052
49,GQPOP,2053,21759
49,HH,2053,479918
49,HHPOP,2053,1294116
49,POP0017,2053,311367
49,POP1864,2053,818822
49,POP65P,2053,185686
49,TOTPOP,2053,1315875
49,GQPOP,2054,22091
49,HH,2054,489069
49,HHPOP,2054,1313327
49,POP0017,2054,312502
49,POP1864,2054,833538
49,POP65P,2054,189379
49,TOTPOP,2054,1335418
49,GQPOP,2055,22371
49,HH,2055,498253
49,HHPOP,2055,1332420
49,POP0017,2055,313680
49,POP1864,2055,847781
49,POP65P,2055,193331
49,TOTPOP,2055,1354791
49,GQPOP,2056,22613
49,HH,2056,507456
49,HHPOP,2056,1351399
49,POP0017,2056,314978
49,POP1864,2056,861300
49,POP65P,2056,197734
49,TOTPOP,2056,1374012
49,GQPOP,2057,22820
49,HH,2057,516651
49,HHPOP,2057,1370243
49,POP0017,2057,316456
49,POP1864,2057,874295
49,POP65P,2057,202312
49,TOTPOP,2057,1393062
49,GQPOP,2058,22995
49,HH,2058,525824
49,HHPOP,2058,1388936
49,POP0017,2058,318132
49,POP1864,2058,886896
49,POP65P,2058,206902
49,TOTPOP,2058,1411931
49,GQPOP,2059,23148
49,HH,2059,534988
49,HHPOP,2059,1407556
49,POP0017,2059,320048
49,POP1864,2059,899409
49,POP65P,2059,211247
49,TOTPOP,2059,1430704
49,GQPOP,2060,23288
49,HH,2060,544178
49,HHPOP,2060,1426207
49,POP0017,2060,322229
49,POP1864,2060,910378
49,POP65P,2060,216888
49,TOTPOP,2060,1449495
49,GQPOP,2061,23416
49,HH,2061,553373
49,HHPOP,2061,1444892
49,POP0017,2061,324684
49,POP1864,2061,919506
49,POP65P,2061,224118
49,TOTPOP,2061,1468308
49,GQPOP,2062,23534
49,HH,2062,562559
49,HHPOP,2062,1463596
49,POP0017,2062,327394
49,POP1864,2062,925878
49,POP65P,2062,233858
49,TOTPOP,2062,1487130
49,GQPOP,2063,23652
49,HH,2063,571718
49,HHPOP,2063,1482308
49,POP0017,2063,330333
49,POP1864,2063,931758
49,POP65P,2063,243869
49,TOTPOP,2063,1505960
49,GQPOP,2064,23779
49,HH,2064,580855
49,HHPOP,2064,1501044
49,POP0017,2064,333468
49,POP1864,2064,938579
49,POP65P,2064,252776
49,TOTPOP,2064,1524823
49,GQPOP,2065,23924
49,HH,2065,589975
49,HHPOP,2065,1519820
49,POP0017,2065,336762
49,POP1864,2065,944445
49,POP65P,2065,262536
49,TOTPOP,2065,1543744
51,GQPOP,2023,216
51,HH,2023,12556
51,HHPOP,2023,37717
51,POP0017,2023,9560
51,POP1864,2023,22420
51,POP65P,2023,5953
51,TOTPOP,2023,37933
51,GQPOP,2025,245
51,HH,2025,14068
51,HHPOP,2025,39183
51,POP0017,2025,10202
51,POP1864,2025,23093
51,POP65P,2025,6132
51,TOTPOP,2025,39428
51,GQPOP,2026,280
51,HH,2026,14482
51,HHPOP,2026,39710
51,POP0017,2026,9889
51,POP1864,2026,23537
51,POP65P,2026,6565
51,TOTPOP,2026,39990
51,GQPOP,2027,307
51,HH,2027,14905
51,HHPOP,2027,40232
51,POP0017,2027,9603
51,POP1864,2027,23947
51,POP65P,2027,6990
51,TOTPOP,2027,40539
51,GQPOP,2028,329
51,HH,2028,15332
51,HHPOP,2028,40773
51,POP0017,2028,9370
51,POP1864,2028,24332
51,POP65P,2028,7400
51,TOTPOP,2028,41102
51,GQPOP,2029,360
51,HH,2029,15758
51,HHPOP,2029,41341
51,POP0017,2029,9196
51,POP1864,2029,24733
51,POP65P,2029,7772
51,TOTPOP,2029,41701
51,GQPOP,2030,396
51,HH,2030,16186
51,HHPOP,2030,41957
51,POP0017,2030,9064
51,POP1864,2030,25184
51,POP65P,2030,8104
51,TOTPOP,2030,42353
51,GQPOP,2031,432
51,HH,2031,16624
51,HHPOP,2031,42637
51,POP0017,2031,8971
51,POP1864,2031,25652
51,POP65P,2031,8446
51,TOTPOP,2031,43069
51,GQPOP,2032,465
51,HH,2032,17075
51,HHPOP,2032,43390
51,POP0017,2032,8936
51,POP1864,2032,26156
51,POP65P,2032,8764
51,TOTPOP,2032,43855
51,GQPOP,2033,506
51,HH,2033,17530
51,HHPOP,2033,44203
51,POP0017,2033,8919
51,POP1864,2033,26725
51,POP65P,2033,9065
51,TOTPOP,2033,44709
51,GQPOP,2034,556
51,HH,2034,17987
51,HHPOP,2034,45062
51,POP0017,2034,8923
51,POP1864,2034,27348
51,POP65P,2034,9347
51,TOTPOP,2034,45618
51,GQPOP,2035,588
51,HH,2035,18466
51,HHPOP,2035,45980
51,POP0017,2035,8987
51,POP1864,2035,27931
51,POP65P,2035,9650
51,TOTPOP,2035,46568
51,GQPOP,2036,626
51,HH,2036,18948
51,HHPOP,2036,46921
51,POP0017,2036,9105
51,POP1864,2036,28465
51,POP65P,2036,9978
51,TOTPOP,2036,47548
51,GQPOP,2037,678
51,HH,2037,19440
51,HHPOP,2037,47904
51,POP0017,2037,9266
51,POP1864,2037,29010
51,POP65P,2037,10306
51,TOTPOP,2037,48582
51,GQPOP,2038,749
51,HH,2038,19944
51,HHPOP,2038,48932
51,POP0017,2038,9478
51,POP1864,2038,29574
51,POP65P,2038,10629
51,TOTPOP,2038,49680
51,GQPOP,2039,808
51,HH,2039,20476
51,HHPOP,2039,50022
51,POP0017,2039,9739
51,POP1864,2039,30098
51,POP65P,2039,10992
51,TOTPOP,2039,50830
51,GQPOP,2040,855
51,HH,2040,21025
51,HHPOP,2040,51152
51,POP0017,2040,10026
51,POP1864,2040,30559
51,POP65P,2040,11422
51,TOTPOP,2040,52007
51,GQPOP,2041,912
51,HH,2041,21567
51,HHPOP,2041,52276
51,POP0017,2041,10338
51,POP1864,2041,30999
51,POP65P,2041,11851
51,TOTPOP,2041,53188
51,GQPOP,2042,985
51,HH,2042,22098
51,HHPOP,2042,53389
51,POP0017,2042,10590
51,POP1864,2042,31441
51,POP65P,2042,12343
51,TOTPOP,2042,54375
51,GQPOP,2043,1065
51,HH,2043,22630
51,HHPOP,2043,54510
51,POP0017,2043,10916
51,POP1864,2043,31778
51,POP65P,2043,12880
51,TOTPOP,2043,55575
51,GQPOP,2044,1132
51,HH,2044,23182
51,HHPOP,2044,55673
51,POP0017,2044,11268
51,POP1864,2044,32074
51,POP65P,2044,13463
51,TOTPOP,2044,56804
51,GQPOP,2045,1201
51,HH,2045,23749
51,HHPOP,2045,56872
51,POP0017,2045,11616
51,POP1864,2045,32413
51,POP65P,2045,14044
51,TOTPOP,2045,58072
51,GQPOP,2046,1283
51,HH,2046,24328
51,HHPOP,2046,58098
51,POP0017,2046,11949
51,POP1864,2046,32806
51,POP65P,2046,14627
51,TOTPOP,2046,59381
51,GQPOP,2047,1369
51,HH,2047,24927
51,HHPOP,2047,59358
51,POP0017,2047,12253
51,POP1864,2047,33217
51,POP65P,2047,15258
51,TOTPOP,2047,60727
51,GQPOP,2048,1453
51,HH,2048,25546
51,HHPOP,2048,60648
51,POP0017,2048,12517
51,POP1864,2048,33663
51,POP65P,2048,15920
51,TOTPOP,2048,62101
51,GQPOP,2049,1535
51,HH,2049,26180
51,HHPOP,2049,61955
51,POP0017,2049,12736
51,POP1864,2049,34191
51,POP65P,2049,16563
51,TOTPOP,2049,63490
51,GQPOP,2050,1614
51,HH,2050,26821
51,HHPOP,2050,63262
51,POP0017,2050,12906
51,POP1864,2050,34800
51,POP65P,2050,17170
51,TOTPOP,2050,64877
51,GQPOP,2051,1696
51,HH,2051,27455
51,HHPOP,2051,64542
51,POP0017,2051,13025
51,POP1864,2051,35448
51,POP65P,2051,17764
51,TOTPOP,2051,66238
51,GQPOP,2052,1770
51,HH,2052,28087
51,HHPOP,2052,65797
51,POP0017,2052,13099
51,POP1864,2052,36132
51,POP65P,2052,18335
51,TOTPOP,2052,67566
51,GQPOP,2053,1846
51,HH,2053,28712
51,HHPOP,2053,67022
51,POP0017,2053,13137
51,POP1864,2053,36863
51,POP65P,2053,18870
51,TOTPOP,2053,68869
51,GQPOP,2054,1916
51,HH,2054,29342
51,HHPOP,2054,68241
51,POP0017,2054,13153
51,POP1864,2054,37641
51,POP65P,2054,19363
51,TOTPOP,2054,70157
51,GQPOP,2055,1975
51,HH,2055,29984
51,HHPOP,2055,69462
51,POP0017,2055,13155
51,POP1864,2055,38429
51,POP65P,2055,19851
51,TOTPOP,2055,71437
51,GQPOP,2056,2037
51,HH,2056,30628
51,HHPOP,2056,70675
51,POP0017,2056,13149
51,POP1864,2056,39212
51,POP65P,2056,20351
51,TOTPOP,2056,72712
51,GQPOP,2057,2111
51,HH,2057,31264
51,HHPOP,2057,71867
51,POP0017,2057,13137
51,POP1864,2057,40016
51,POP65P,2057,20825
51,TOTPOP,2057,73978
51,GQPOP,2058,2179
51,HH,2058,31907
51,HHPOP,2058,73057
51,POP0017,2058,13122
51,POP1864,2058,40832
51,POP65P,2058,21282
51,TOTPOP,2058,75237
51,GQPOP,2059,2251
51,HH,2059,32552
51,HHPOP,2059,74242
51,POP0017,2059,13110
51,POP1864,2059,41621
51,POP65P,2059,21763
51,TOTPOP,2059,76492
51,GQPOP,2060,2331
51,HH,2060,33198
51,HHPOP,2060,75422
51,POP0017,2060,13102
51,POP1864,2060,42364
51,POP65P,2060,22286
51,TOTPOP,2060,77753
51,GQPOP,2061,2423
51,HH,2061,33841
51,HHPOP,2061,76595
51,POP0017,2061,13104
51,POP1864,2061,43078
51,POP65P,2061,22836
51,TOTPOP,2061,79018
51,GQPOP,2062,2524
51,HH,2062,34481
51,HHPOP,2062,77763
51,POP0017,2062,13120
51,POP1864,2062,43769
51,POP65P,2062,23399
51,TOTPOP,2062,80288
51,GQPOP,2063,2608
51,HH,2063,35136
51,HHPOP,2063,78953
51,POP0017,2063,13151
51,POP1864,2063,44418
51,POP65P,2063,23992
51,TOTPOP,2063,81561
51,GQPOP,2064,2703
51,HH,2064,35787
51,HHPOP,2064,80137
51,POP0017,2064,13200
51,POP1864,2064,45037
51,POP65P,2064,24602
51,TOTPOP,2064,82840
51,GQPOP,2065,2824
51,HH,2065,36420
51,HHPOP,2065,81303
51,POP0017,2065,13268
51,POP1864,2065,45632
51,POP65P,2065,25226
51,TOTPOP,2065,84126
53,GQPOP,2023,3086
53,HH,2023,70844
53,HHPOP,2023,195442
53,POP0017,2023,42893
53,POP1864,2023,109262
53,POP65P,2023,46373
53,TOTPOP,2023,198528
53,GQPOP,2025,3238
53,HH,2025,78388
53,HHPOP,2025,205846
53,POP0017,2025,46983
53,POP1864,2025,113801
53,POP65P,2025,48300
53,TOTPOP,2025,209084
53,GQPOP,2026,3319
53,HH,2026,81084
53,HHPOP,2026,210449
53,POP0017,2026,46387
53,POP1864,2026,116307
53,POP65P,2026,51075
53,TOTPOP,2026,213769
53,GQPOP,2027,3403
53,HH,2027,83763
53,HHPOP,2027,214987
53,POP0017,2027,45906
53,POP1864,2027,118637
53,POP65P,2027,53849
53,TOTPOP,2027,218390
53,GQPOP,2028,3460
53,HH,2028,86405
53,HHPOP,2028,219441
53,POP0017,2028,45541
53,POP1864,2028,120814
53,POP65P,2028,56545
53,TOTPOP,2028,222900
53,GQPOP,2029,3526
53,HH,2029,88956
53,HHPOP,2029,223742
53,POP0017,2029,45272
53,POP1864,2029,122909
53,POP65P,2029,59088
53,TOTPOP,2029,227268
53,GQPOP,2030,3583
53,HH,2030,91413
53,HHPOP,2030,227899
53,POP0017,2030,45185
53,POP1864,2030,124889
53,POP65P,2030,61408
53,TOTPOP,2030,231481
53,GQPOP,2031,3643
53,HH,2031,93756
53,HHPOP,2031,231896
53,POP0017,2031,45213
53,POP1864,2031,126799
53,POP65P,2031,63525
53,TOTPOP,2031,235538
53,GQPOP,2032,3710
53,HH,2032,95990
53,HHPOP,2032,235741
53,POP0017,2032,45249
53,POP1864,2032,128691
53,POP65P,2032,65510
53,TOTPOP,2032,239451
53,GQPOP,2033,3780
53,HH,2033,98132
53,HHPOP,2033,239460
53,POP0017,2033,45339
53,POP1864,2033,130479
53,POP65P,2033,67423
53,TOTPOP,2033,243241
53,GQPOP,2034,3851
53,HH,2034,100195
53,HHPOP,2034,243089
53,POP0017,2034,45559
53,POP1864,2034,132079
53,POP65P,2034,69303
53,TOTPOP,2034,246940
53,GQPOP,2035,3913
53,HH,2035,102208
53,HHPOP,2035,246688
53,POP0017,2035,45868
53,POP1864,2035,133493
53,POP65P,2035,71240
53,TOTPOP,2035,250602
53,GQPOP,2036,3979
53,HH,2036,104228
53,HHPOP,2036,250323
53,POP0017,2036,46287
53,POP1864,2036,134683
53,POP65P,2036,73331
53,TOTPOP,2036,254301
53,GQPOP,2037,4048
53,HH,2037,106348
53,HHPOP,2037,254181
53,POP0017,2037,46778
53,POP1864,2037,135887
53,POP65P,2037,75563
53,TOTPOP,2037,258229
53,GQPOP,2038,4130
53,HH,2038,108615
53,HHPOP,2038,258350
53,POP0017,2038,47349
53,POP1864,2038,137182
53,POP65P,2038,77949
53,TOTPOP,2038,262480
53,GQPOP,2039,4219
53,HH,2039,110965
53,HHPOP,2039,262659
53,POP0017,2039,47820
53,POP1864,2039,138532
53,POP65P,2039,80526
53,TOTPOP,2039,266878
53,GQPOP,2040,4323
53,HH,2040,113307
53,HHPOP,2040,266902
53,POP0017,2040,48249
53,POP1864,2040,139697
53,POP65P,2040,83280
53,TOTPOP,2040,271225
53,GQPOP,2041,4425
53,HH,2041,115662
53,HHPOP,2041,271164
53,POP0017,2041,48623
53,POP1864,2041,140785
53,POP65P,2041,86181
53,TOTPOP,2041,275589
53,GQPOP,2042,4535
53,HH,2042,118006
53,HHPOP,2042,275388
53,POP0017,2042,49013
53,POP1864,2042,141599
53,POP65P,2042,89311
53,TOTPOP,2042,279922
53,GQPOP,2043,4627
53,HH,2043,120375
53,HHPOP,2043,279648
53,POP0017,2043,49508
53,POP1864,2043,142092
53,POP65P,2043,92675
53,TOTPOP,2043,284275
53,GQPOP,2044,4728
53,HH,2044,122777
53,HHPOP,2044,283957
53,POP0017,2044,49971
53,POP1864,2044,142467
53,POP65P,2044,96245
53,TOTPOP,2044,288685
53,GQPOP,2045,4836
53,HH,2045,125288
53,HHPOP,2045,288460
53,POP0017,2045,50404
53,POP1864,2045,142782
53,POP65P,2045,100110
53,TOTPOP,2045,293296
53,GQPOP,2046,4988
53,HH,2046,127926
53,HHPOP,2046,293191
53,POP0017,2046,50794
53,POP1864,2046,143063
53,POP65P,2046,104323
53,TOTPOP,2046,298179
53,GQPOP,2047,5136
53,HH,2047,130715
53,HHPOP,2047,298178
53,POP0017,2047,51119
53,POP1864,2047,143442
53,POP65P,2047,108753
53,TOTPOP,2047,303315
53,GQPOP,2048,5283
53,HH,2048,133616
53,HHPOP,2048,303353
53,POP0017,2048,51367
53,POP1864,2048,143999
53,POP65P,2048,113269
53,TOTPOP,2048,308636
53,GQPOP,2049,5435
53,HH,2049,136569
53,HHPOP,2049,308598
53,POP0017,2049,51530
53,POP1864,2049,144861
53,POP65P,2049,117641
53,TOTPOP,2049,314033
53,GQPOP,2050,5594
53,HH,2050,139474
53,HHPOP,2050,313691
53,POP0017,2050,51578
53,POP1864,2050,145886
53,POP65P,2050,121822
53,TOTPOP,2050,319285
53,GQPOP,2051,5760
53,HH,2051,142331
53,HHPOP,2051,318695
53,POP0017,2051,51557
53,POP1864,2051,147168
53,POP65P,2051,125731
53,TOTPOP,2051,324456
53,GQPOP,2052,5924
53,HH,2052,145115
53,HHPOP,2052,323560
53,POP0017,2052,51477
53,POP1864,2052,148682
53,POP65P,2052,129326
53,TOTPOP,2052,329484
53,GQPOP,2053,6085
53,HH,2053,147821
53,HHPOP,2053,328252
53,POP0017,2053,51344
53,POP1864,2053,150373
53,POP65P,2053,132620
53,TOTPOP,2053,334337
53,GQPOP,2054,6247
53,HH,2054,150453
53,HHPOP,2054,332778
53,POP0017,2054,51178
53,POP1864,2054,152139
53,POP65P,2054,135708
53,TOTPOP,2054,339025
53,GQPOP,2055,6405
53,HH,2055,153008
53,HHPOP,2055,337106
53,POP0017,2055,50969
53,POP1864,2055,153792
53,POP65P,2055,138751
53,TOTPOP,2055,343511
53,GQPOP,2056,6570
53,HH,2056,155487
53,HHPOP,2056,341266
53,POP0017,2056,50739
53,POP1864,2056,155354
53,POP65P,2056,141744
53,TOTPOP,2056,347837
53,GQPOP,2057,6740
53,HH,2057,157901
53,HHPOP,2057,345301
53,POP0017,2057,50515
53,POP1864,2057,156863
53,POP65P,2057,144665
53,TOTPOP,2057,352042
53,GQPOP,2058,6904
53,HH,2058,160276
53,HHPOP,2058,349272
53,POP0017,2058,50314
53,POP1864,2058,158413
53,POP65P,2058,147449
53,TOTPOP,2058,356175
53,GQPOP,2059,7057
53,HH,2059,162650
53,HHPOP,2059,353264
53,POP0017,2059,50160
53,POP1864,2059,160154
53,POP65P,2059,150006
53,TOTPOP,2059,360321
53,GQPOP,2060,7199
53,HH,2060,165015
53,HHPOP,2060,357238
53,POP0017,2060,50044
53,POP1864,2060,161982
53,POP65P,2060,152411
53,TOTPOP,2060,364437
53,GQPOP,2061,7342
53,HH,2061,167358
53,HHPOP,2061,361170
53,POP0017,2061,49961
53,POP1864,2061,163809
53,POP65P,2061,154742
53,TOTPOP,2061,368512
53,GQPOP,2062,7479
53,HH,2062,169681
53,HHPOP,2062,365064
53,POP0017,2062,49911
53,POP1864,2062,165559
53,POP65P,2062,157072
53,TOTPOP,2062,372542
53,GQPOP,2063,7606
53,HH,2063,171978
53,HHPOP,2063,368910
53,POP0017,2063,49892
53,POP1864,2063,167161
53,POP65P,2063,159462
53,TOTPOP,2063,376516
53,GQPOP,2064,7729
53,HH,2064,174252
53,HHPOP,2064,372726
53,POP0017,2064,49918
53,POP1864,2064,168728
53,POP65P,2064,161810
53,TOTPOP,2064,380455
53,GQPOP,2065,7855
53,HH,2065,176492
53,HHPOP,2065,376484
53,POP0017,2065,49986
53,POP1864,2065,170190
53,POP65P,2065,164163
53,TOTPOP,2065,384339
55,GQPOP,2023,0
55,HH,2023,947
55,HHPOP,2023,2523
55,POP0017,2023,559
55,POP1864,2023,1330
55,POP65P,2023,634
55,TOTPOP,2023,2523
55,GQPOP,2025,0
55,HH,2025,969
55,HHPOP,2025,2555
55,POP0017,2025,590
55,POP1864,2025,1332
55,POP65P,2025,633
55,TOTPOP,2025,2555
55,GQPOP,2026,0
55,HH,2026,979
55,HHPOP,2026,2572
55,POP0017,2026,589
55,POP1864,2026,1327
55,POP65P,2026,656
55,TOTPOP,2026,2572
55,GQPOP,2027,0
55,HH,2027,991
55,HHPOP,2027,2594
55,POP0017,2027,590
55,POP1864,2027,1327
55,POP65P,2027,676
55,TOTPOP,2027,2594
55,GQPOP,2028,0
55,HH,2028,1003
55,HHPOP,2028,2619
55,POP0017,2028,594
55,POP1864,2028,1332
55,POP65P,2028,693
55,TOTPOP,2028,2619
55,GQPOP,2029,0
55,HH,2029,1015
55,HHPOP,2029,2648
55,POP0017,2029,606
55,POP1864,2029,1334
55,POP65P,2029,709
55,TOTPOP,2029,2648
55,GQPOP,2030,0
55,HH,2030,1028
55,HHPOP,2030,2679
55,POP0017,2030,616
55,POP1864,2030,1344
55,POP65P,2030,719
55,TOTPOP,2030,2679
55,GQPOP,2031,0
55,HH,2031,1040
55,HHPOP,2031,2712
55,POP0017,2031,628
55,POP1864,2031,1362
55,POP65P,2031,723
55,TOTPOP,2031,2712
55,GQPOP,2032,0
55,HH,2032,1053
55,HHPOP,2032,2747
55,POP0017,2032,636
55,POP1864,2032,1385
55,POP65P,2032,727
55,TOTPOP,2032,2747
55,GQPOP,2033,0
55,HH,2033,1065
55,HHPOP,2033,2783
55,POP0017,2033,645
55,POP1864,2033,1411
55,POP65P,2033,727
55,TOTPOP,2033,2783
55,GQPOP,2034,0
55,HH,2034,1078
55,HHPOP,2034,2820
55,POP0017,2034,654
55,POP1864,2034,1446
55,POP65P,2034,722
55,TOTPOP,2034,2820
55,GQPOP,2035,0
55,HH,2035,1090
55,HHPOP,2035,2858
55,POP0017,2035,665
55,POP1864,2035,1475
55,POP65P,2035,717
55,TOTPOP,2035,2858
55,GQPOP,2036,0
55,HH,2036,1103
55,HHPOP,2036,2895
55,POP0017,2036,676
55,POP1864,2036,1502
55,POP65P,2036,718
55,TOTPOP,2036,2895
55,GQPOP,2037,0
55,HH,2037,1117
55,HHPOP,2037,2936
55,POP0017,2037,689
55,POP1864,2037,1523
55,POP65P,2037,723
55,TOTPOP,2037,2936
55,GQPOP,2038,0
55,HH,2038,1132
55,HHPOP,2038,2978
55,POP0017,2038,702
55,POP1864,2038,1553
55,POP65P,2038,724
55,TOTPOP,2038,2978
55,GQPOP,2039,0
55,HH,2039,1148
55,HHPOP,2039,3021
55,POP0017,2039,702
55,POP1864,2039,1599
55,POP65P,2039,721
55,TOTPOP,2039,3021
55,GQPOP,2040,0
55,HH,2040,1164
55,HHPOP,2040,3064
55,POP0017,2040,712
55,POP1864,2040,1631
55,POP65P,2040,721
55,TOTPOP,2040,3064
55,GQPOP,2041,0
55,HH,2041,1181
55,HHPOP,2041,3107
55,POP0017,2041,718
55,POP1864,2041,1666
55,POP65P,2041,723
55,TOTPOP,2041,3107
55,GQPOP,2042,0
55,HH,2042,1197
55,HHPOP,2042,3148
55,POP0017,2042,721
55,POP1864,2042,1701
55,POP65P,2042,726
55,TOTPOP,2042,3148
55,GQPOP,2043,0
55,HH,2043,1214
55,HHPOP,2043,3189
55,POP0017,2043,729
55,POP1864,2043,1733
55,POP65P,2043,728
55,TOTPOP,2043,3189
55,GQPOP,2044,0
55,HH,2044,1231
55,HHPOP,2044,3229
55,POP0017,2044,734
55,POP1864,2044,1766
55,POP65P,2044,728
55,TOTPOP,2044,3229
55,GQPOP,2045,0
55,HH,2045,1247
55,HHPOP,2045,3266
55,POP0017,2045,740
55,POP1864,2045,1790
55,POP65P,2045,737
55,TOTPOP,2045,3266
55,GQPOP,2046,0
55,HH,2046,1264
55,HHPOP,2046,3305
55,POP0017,2046,744
55,POP1864,2046,1814
55,POP65P,2046,747
55,TOTPOP,2046,3305
55,GQPOP,2047,0
55,HH,2047,1282
55,HHPOP,2047,3344
55,POP0017,2047,747
55,POP1864,2047,1835
55,POP65P,2047,762
55,TOTPOP,2047,3344
55,GQPOP,2048,0
55,HH,2048,1301
55,HHPOP,2048,3384
55,POP0017,2048,750
55,POP1864,2048,1857
55,POP65P,2048,779
55,TOTPOP,2048,3384
55,GQPOP,2049,0
55,HH,2049,1320
55,HHPOP,2049,3424
55,POP0017,2049,751
55,POP1864,2049,1876
55,POP65P,2049,797
55,TOTPOP,2049,3424
55,GQPOP,2050,0
55,HH,2050,1338
55,HHPOP,2050,3461
55,POP0017,2050,750
55,POP1864,2050,1891
55,POP65P,2050,819
55,TOTPOP,2050,3461
55,GQPOP,2051,0
55,HH,2051,1356
55,HHPOP,2051,3496
55,POP0017,2051,750
55,POP1864,2051,1911
55,POP65P,2051,837
55,TOTPOP,2051,3496
55,GQPOP,2052,0
55,HH,2052,1373
55,HHPOP,2052,3530
55,POP0017,2052,748
55,POP1864,2052,1935
55,POP65P,2052,847
55,TOTPOP,2052,3530
55,GQPOP,2053,0
55,HH,2053,1391
55,HHPOP,2053,3563
55,POP0017,2053,746
55,POP1864,2053,1962
55,POP65P,2053,856
55,TOTPOP,2053,3563
55,GQPOP,2054,0
55,HH,2054,1407
55,HHPOP,2054,3593
55,POP0017,2054,744
55,POP1864,2054,1985
55,POP65P,2054,865
55,TOTPOP,2054,3593
55,GQPOP,2055,0
55,HH,2055,1424
55,HHPOP,2055,3621
55,POP0017,2055,741
55,POP1864,2055,2007
55,POP65P,2055,874
55,TOTPOP,2055,3621
55,GQPOP,2056,0
55,HH,2056,1439
55,HHPOP,2056,3646
55,POP0017,2056,737
55,POP1864,2056,2027
55,POP65P,2056,883
55,TOTPOP,2056,3646
55,GQPOP,2057,0
55,HH,2057,1454
55,HHPOP,2057,3669
55,POP0017,2057,733
55,POP1864,2057,2045
55,POP65P,2057,891
55,TOTPOP,2057,3669
55,GQPOP,2058,0
55,HH,2058,1469
55,HHPOP,2058,3691
55,POP0017,2058,729
55,POP1864,2058,2064
55,POP65P,2058,899
55,TOTPOP,2058,3691
55,GQPOP,2059,0
55,HH,2059,1484
55,HHPOP,2059,3715
55,POP0017,2059,725
55,POP1864,2059,2079
55,POP65P,2059,911
55,TOTPOP,2059,3715
55,GQPOP,2060,0
55,HH,2060,1500
55,HHPOP,2060,3740
55,POP0017,2060,722
55,POP1864,2060,2091
55,POP65P,2060,926
55,TOTPOP,2060,3740
55,GQPOP,2061,0
55,HH,2061,1515
55,HHPOP,2061,3763
55,POP0017,2061,719
55,POP1864,2061,2100
55,POP65P,2061,944
55,TOTPOP,2061,3763
55,GQPOP,2062,0
55,HH,2062,1531
55,HHPOP,2062,3787
55,POP0017,2062,717
55,POP1864,2062,2113
55,POP65P,2062,957
55,TOTPOP,2062,3787
55,GQPOP,2063,0
55,HH,2063,1546
55,HHPOP,2063,3813
55,POP0017,2063,715
55,POP1864,2063,2135
55,POP65P,2063,963
55,TOTPOP,2063,3813
55,GQPOP,2064,0
55,HH,2064,1562
55,HHPOP,2064,3837
55,POP0017,2064,713
55,POP1864,2064,2149
55,POP65P,2064,974
55,TOTPOP,2064,3837
55,GQPOP,2065,0
55,HH,2065,1577
55,HHPOP,2065,3861
55,POP0017,2065,712
55,POP1864,2065,2163
55,POP65P,2065,987
55,TOTPOP,2065,3861
57,GQPOP,2023,3773
57,HH,2023,94481
57,HHPOP,2023,266038
57,POP0017,2023,64538
57,POP1864,2023,168059
57,POP65P,2023,37214
57,TOTPOP,2023,269811
57,GQPOP,2025,3853
57,HH,2025,100184
57,HHPOP,2025,269381
57,POP0017,2025,67888
57,POP1864,2025,168118
57,POP65P,2025,37227
57,TOTPOP,2025,273234
57,GQPOP,2026,3894
57,HH,2026,101653
57,HHPOP,2026,270949
57,POP0017,2026,66668
57,POP1864,2026,169561
57,POP65P,2026,38614
57,TOTPOP,2026,274843
57,GQPOP,2027,3934
57,HH,2027,103117
57,HHPOP,2027,272436
57,POP0017,2027,65532
57,POP1864,2027,170857
57,POP65P,2027,39982
57,TOTPOP,2027,276370
57,GQPOP,2028,3967
57,HH,2028,104595
57,HHPOP,2028,273941
57,POP0017,2028,64554
57,POP1864,2028,172179
57,POP65P,2028,41174
57,TOTPOP,2028,277908
57,GQPOP,2029,3996
57,HH,2029,106097
57,HHPOP,2029,275536
57,POP0017,2029,63755
57,POP1864,2029,173494
57,POP65P,2029,42283
57,TOTPOP,2029,279532
57,GQPOP,2030,4027
57,HH,2030,107632
57,HHPOP,2030,277271
57,POP0017,2030,63039
57,POP1864,2030,174945
57,POP65P,2030,43314
57,TOTPOP,2030,281298
57,GQPOP,2031,4061
57,HH,2031,109211
57,HHPOP,2031,279185
57,POP0017,2031,62387
57,POP1864,2031,176619
57,POP65P,2031,44239
57,TOTPOP,2031,283246
57,GQPOP,2032,4097
57,HH,2032,110836
57,HHPOP,2032,281295
57,POP0017,2032,61909
57,POP1864,2032,178413
57,POP65P,2032,45072
57,TOTPOP,2032,285392
57,GQPOP,2033,4135
57,HH,2033,112503
57,HHPOP,2033,283594
57,POP0017,2033,61431
57,POP1864,2033,180465
57,POP65P,2033,45833
57,TOTPOP,2033,287729
57,GQPOP,2034,4175
57,HH,2034,114206
57,HHPOP,2034,286044
57,POP0017,2034,60994
57,POP1864,2034,182538
57,POP65P,2034,46688
57,TOTPOP,2034,290219
57,GQPOP,2035,4213
57,HH,2035,115925
57,HHPOP,2035,288599
57,POP0017,2035,60815
57,POP1864,2035,184317
57,POP65P,2035,47680
57,TOTPOP,2035,292813
57,GQPOP,2036,4249
57,HH,2036,117640
57,HHPOP,2036,291217
57,POP0017,2036,60772
57,POP1864,2036,185911
57,POP65P,2036,48783
57,TOTPOP,2036,295466
57,GQPOP,2037,4283
57,HH,2037,119376
57,HHPOP,2037,293963
57,POP0017,2037,60822
57,POP1864,2037,187629
57,POP65P,2037,49794
57,TOTPOP,2037,298245
57,GQPOP,2038,4318
57,HH,2038,121145
57,HHPOP,2038,296857
57,POP0017,2038,60943
57,POP1864,2038,189500
57,POP65P,2038,50733
57,TOTPOP,2038,301175
57,GQPOP,2039,4357
57,HH,2039,122933
57,HHPOP,2039,299862
57,POP0017,2039,61157
57,POP1864,2039,191284
57,POP65P,2039,51776
57,TOTPOP,2039,304218
57,GQPOP,2040,4396
57,HH,2040,124719
57,HHPOP,2040,302917
57,POP0017,2040,61341
57,POP1864,2040,192999
57,POP65P,2040,52973
57,TOTPOP,2040,307313
57,GQPOP,2041,4438
57,HH,2041,126486
57,HHPOP,2041,305958
57,POP0017,2041,61639
57,POP1864,2041,194448
57,POP65P,2041,54308
57,TOTPOP,2041,310396
57,GQPOP,2042,4478
57,HH,2042,128237
57,HHPOP,2042,308994
57,POP0017,2042,61946
57,POP1864,2042,195690
57,POP65P,2042,55835
57,TOTPOP,2042,313472
57,GQPOP,2043,4518
57,HH,2043,129980
57,HHPOP,2043,312044
57,POP0017,2043,62301
57,POP1864,2043,196834
57,POP65P,2043,57428
57,TOTPOP,2043,316562
57,GQPOP,2044,4561
57,HH,2044,131741
57,HHPOP,2044,315149
57,POP0017,2044,62671
57,POP1864,2044,197955
57,POP65P,2044,59083
57,TOTPOP,2044,319710
57,GQPOP,2045,4608
57,HH,2045,133523
57,HHPOP,2045,318327
57,POP0017,2045,63044
57,POP1864,2045,199109
57,POP65P,2045,60781
57,TOTPOP,2045,322935
57,GQPOP,2046,4657
57,HH,2046,135337
57,HHPOP,2046,321586
57,POP0017,2046,63397
57,POP1864,2046,200379
57,POP65P,2046,62467
57,TOTPOP,2046,326243
57,GQPOP,2047,4708
57,HH,2047,137186
57,HHPOP,2047,324917
57,POP0017,2047,63710
57,POP1864,2047,201752
57,POP65P,2047,64163
57,TOTPOP,2047,329625
57,GQPOP,2048,4762
57,HH,2048,139060
57,HHPOP,2048,328297
57,POP0017,2048,63970
57,POP1864,2048,203273
57,POP65P,2048,65816
57,TOTPOP,2048,333059
57,GQPOP,2049,4820
57,HH,2049,140951
57,HHPOP,2049,331689
57,POP0017,2049,64163
57,POP1864,2049,204966
57,POP65P,2049,67378
57,TOTPOP,2049,336508
57,GQPOP,2050,4882
57,HH,2050,142853
57,HHPOP,2050,335054
57,POP0017,2050,64275
57,POP1864,2050,206628
57,POP65P,2050,69033
57,TOTPOP,2050,339936
57,GQPOP,2051,4946
57,HH,2051,144744
57,HHPOP,2051,338337
57,POP0017,2051,64295
57,POP1864,2051,208403
57,POP65P,2051,70584
57,TOTPOP,2051,343283
57,GQPOP,2052,5011
57,HH,2052,146619
57,HHPOP,2052,341520
57,POP0017,2052,64227
57,POP1864,2052,210272
57,POP65P,2052,72031
57,TOTPOP,2052,346531
57,GQPOP,2053,5077
57,HH,2053,148488
57,HHPOP,2053,344623
57,POP0017,2053,64080
57,POP1864,2053,212134
57,POP65P,2053,73486
57,TOTPOP,2053,349700
57,GQPOP,2054,5143
57,HH,2054,150360
57,HHPOP,2054,347675
57,POP0017,2054,63871
57,POP1864,2054,213839
57,POP65P,2054,75108
57,TOTPOP,2054,352818
57,GQPOP,2055,5210
57,HH,2055,152247
57,HHPOP,2055,350694
57,POP0017,2055,63612
57,POP1864,2055,215345
57,POP65P,2055,76947
57,TOTPOP,2055,355904
57,GQPOP,2056,5277
57,HH,2056,154142
57,HHPOP,2056,353683
57,POP0017,2056,63320
57,POP1864,2056,216733
57,POP65P,2056,78908
57,TOTPOP,2056,358960
57,GQPOP,2057,5341
57,HH,2057,156040
57,HHPOP,2057,356643
57,POP0017,2057,63008
57,POP1864,2057,218087
57,POP65P,2057,80891
57,TOTPOP,2057,361985
57,GQPOP,2058,5405
57,HH,2058,157938
57,HHPOP,2058,359571
57,POP0017,2058,62683
57,POP1864,2058,219443
57,POP65P,2058,82851
57,TOTPOP,2058,364976
57,GQPOP,2059,5469
57,HH,2059,159840
57,HHPOP,2059,362479
57,POP0017,2059,62360
57,POP1864,2059,220895
57,POP65P,2059,84694
57,TOTPOP,2059,367948
57,GQPOP,2060,5532
57,HH,2060,161752
57,HHPOP,2060,365386
57,POP0017,2060,62049
57,POP1864,2060,222350
57,POP65P,2060,86519
57,TOTPOP,2060,370919
57,GQPOP,2061,5591
57,HH,2061,163670
57,HHPOP,2061,368298
57,POP0017,2061,61768
57,POP1864,2061,223802
57,POP65P,2061,88319
57,TOTPOP,2061,373889
57,GQPOP,2062,5646
57,HH,2062,165585
57,HHPOP,2062,371211
57,POP0017,2062,61525
57,POP1864,2062,225234
57,POP65P,2062,90098
57,TOTPOP,2062,376857
57,GQPOP,2063,5701
57,HH,2063,167492
57,HHPOP,2063,374122
57,POP0017,2063,61327
57,POP1864,2063,226730
57,POP65P,2063,91765
57,TOTPOP,2063,379822
57,GQPOP,2064,5757
57,HH,2064,169387
57,HHPOP,2064,377033
57,POP0017,2064,61184
57,POP1864,2064,228389
57,POP65P,2064,93217
57,TOTPOP,2064,382790
57,GQPOP,2065,5814
57,HH,2065,171271
57,HHPOP,2065,379949
57,POP0017,2065,61100
57,POP1864,2065,229875
57,POP65P,2065,94786
57,TOTPOP,2065,385763
9003,GQPOP,2023,78
9003,HH,2023,9191
9003,HHPOP,2023,28710
9003,POP0017,2023,7901
9003,POP1864,2023,16733
9003,POP65P,2023,4153
9003,TOTPOP,2023,28788
9003,GQPOP,2025,79
9003,HH,2025,9811
9003,HHPOP,2025,29345
9003,POP0017,2025,8336
9003,POP1864,2025,16893
9003,POP65P,2025,4195
9003,TOTPOP,2025,29424
9003,GQPOP,2026,78
9003,HH,2026,10023
9003,HHPOP,2026,29611
9003,POP0017,2026,8193
9003,POP1864,2026,17127
9003,POP65P,2026,4369
9003,TOTPOP,2026,29689
9003,GQPOP,2027,78
9003,HH,2027,10219
9003,HHPOP,2027,29941
9003,POP0017,2027,8066
9003,POP1864,2027,17407
9003,POP65P,2027,4546
9003,TOTPOP,2027,30019
9003,GQPOP,2028,78
9003,HH,2028,10444
9003,HHPOP,2028,30275
9003,POP0017,2028,7960
9003,POP1864,2028,17691
9003,POP65P,2028,4702
9003,TOTPOP,2028,30353
9003,GQPOP,2029,78
9003,HH,2029,10674
9003,HHPOP,2029,30617
9003,POP0017,2029,7883
9003,POP1864,2029,17964
9003,POP65P,2029,4847
9003,TOTPOP,2029,30695
9003,GQPOP,2030,79
9003,HH,2030,10883
9003,HHPOP,2030,30966
9003,POP0017,2030,7813
9003,POP1864,2030,18265
9003,POP65P,2030,4968
9003,TOTPOP,2030,31046
9003,GQPOP,2031,80
9003,HH,2031,11121
9003,HHPOP,2031,31262
9003,POP0017,2031,7714
9003,POP1864,2031,18562
9003,POP65P,2031,5066
9003,TOTPOP,2031,31342
9003,GQPOP,2032,80
9003,HH,2032,11339
9003,HHPOP,2032,31635
9003,POP0017,2032,7631
9003,POP1864,2032,18912
9003,POP65P,2032,5172
9003,TOTPOP,2032,31715
9003,GQPOP,2033,80
9003,HH,2033,11586
9003,HHPOP,2033,32021
9003,POP0017,2033,7535
9003,POP1864,2033,19275
9003,POP65P,2033,5290
9003,TOTPOP,2033,32100
9003,GQPOP,2034,79
9003,HH,2034,11811
9003,HHPOP,2034,32350
9003,POP0017,2034,7433
9003,POP1864,2034,19606
9003,POP65P,2034,5389
9003,TOTPOP,2034,32428
9003,GQPOP,2035,79
9003,HH,2035,12064
9003,HHPOP,2035,32754
9003,POP0017,2035,7390
9003,POP1864,2035,19932
9003,POP65P,2035,5510
9003,TOTPOP,2035,32832
9003,GQPOP,2036,78
9003,HH,2036,12290
9003,HHPOP,2036,33169
9003,POP0017,2036,7373
9003,POP1864,2036,20239
9003,POP65P,2036,5635
9003,TOTPOP,2036,33247
9003,GQPOP,2037,78
9003,HH,2037,12548
9003,HHPOP,2037,33533
9003,POP0017,2037,7338
9003,POP1864,2037,20536
9003,POP65P,2037,5736
9003,TOTPOP,2037,33611
9003,GQPOP,2038,78
9003,HH,2038,12785
9003,HHPOP,2038,33989
9003,POP0017,2038,7333
9003,POP1864,2038,20872
9003,POP65P,2038,5861
9003,TOTPOP,2038,34066
9003,GQPOP,2039,78
9003,HH,2039,13052
9003,HHPOP,2039,34463
9003,POP0017,2039,7370
9003,POP1864,2039,21163
9003,POP65P,2039,6007
9003,TOTPOP,2039,34540
9003,GQPOP,2040,78
9003,HH,2040,13291
9003,HHPOP,2040,34873
9003,POP0017,2040,7358
9003,POP1864,2040,21423
9003,POP65P,2040,6170
9003,TOTPOP,2040,34951
9003,GQPOP,2041,77
9003,HH,2041,13557
9003,HHPOP,2041,35358
9003,POP0017,2041,7401
9003,POP1864,2041,21676
9003,POP65P,2041,6358
9003,TOTPOP,2041,35435
9003,GQPOP,2042,77
9003,HH,2042,13792
9003,HHPOP,2042,35844
9003,POP0017,2042,7418
9003,POP1864,2042,21929
9003,POP65P,2042,6573
9003,TOTPOP,2042,35921
9003,GQPOP,2043,76
9003,HH,2043,14057
9003,HHPOP,2043,36260
9003,POP0017,2043,7457
9003,POP1864,2043,22093
9003,POP65P,2043,6786
9003,TOTPOP,2043,36336
9003,GQPOP,2044,77
9003,HH,2044,14295
9003,HHPOP,2044,36760
9003,POP0017,2044,7515
9003,POP1864,2044,22306
9003,POP65P,2044,7016
9003,TOTPOP,2044,36837
9003,GQPOP,2045,77
9003,HH,2045,14565
9003,HHPOP,2045,37197
9003,POP0017,2045,7556
9003,POP1864,2045,22468
9003,POP65P,2045,7250
9003,TOTPOP,2045,37273
9003,GQPOP,2046,77
9003,HH,2046,14811
9003,HHPOP,2046,37724
9003,POP0017,2046,7610
9003,POP1864,2046,22676
9003,POP65P,2046,7514
9003,TOTPOP,2046,37800
9003,GQPOP,2047,77
9003,HH,2047,15061
9003,HHPOP,2047,38185
9003,POP0017,2047,7645
9003,POP1864,2047,22827
9003,POP65P,2047,7789
9003,TOTPOP,2047,38261
9003,GQPOP,2048,77
9003,HH,2048,15348
9003,HHPOP,2048,38734
9003,POP0017,2048,7691
9003,POP1864,2048,23040
9003,POP65P,2048,8079
9003,TOTPOP,2048,38810
9003,GQPOP,2049,77
9003,HH,2049,15605
9003,HHPOP,2049,39206
9003,POP0017,2049,7715
9003,POP1864,2049,23210
9003,POP65P,2049,8359
9003,TOTPOP,2049,39284
9003,GQPOP,2050,78
9003,HH,2050,15897
9003,HHPOP,2050,39759
9003,POP0017,2050,7745
9003,POP1864,2050,23447
9003,POP65P,2050,8645
9003,TOTPOP,2050,39837
9003,GQPOP,2051,78
9003,HH,2051,16153
9003,HHPOP,2051,40221
9003,POP0017,2051,7750
9003,POP1864,2051,23662
9003,POP65P,2051,8887
9003,TOTPOP,2051,40299
9003,GQPOP,2052,79
9003,HH,2052,16407
9003,HHPOP,2052,40753
9003,POP0017,2052,7762
9003,POP1864,2052,23934
9003,POP65P,2052,9136
9003,TOTPOP,2052,40832
9003,GQPOP,2053,79
9003,HH,2053,16694
9003,HHPOP,2053,41193
9003,POP0017,2053,7746
9003,POP1864,2053,24155
9003,POP65P,2053,9371
9003,TOTPOP,2053,41272
9003,GQPOP,2054,79
9003,HH,2054,16947
9003,HHPOP,2054,41711
9003,POP0017,2054,7738
9003,POP1864,2054,24412
9003,POP65P,2054,9641
9003,TOTPOP,2054,41791
9003,GQPOP,2055,80
9003,HH,2055,17202
9003,HHPOP,2055,42141
9003,POP0017,2055,7704
9003,POP1864,2055,24598
9003,POP65P,2055,9920
9003,TOTPOP,2055,42221
9003,GQPOP,2056,80
9003,HH,2056,17495
9003,HHPOP,2056,42656
9003,POP0017,2056,7679
9003,POP1864,2056,24814
9003,POP65P,2056,10243
9003,TOTPOP,2056,42736
9003,GQPOP,2057,81
9003,HH,2057,17752
9003,HHPOP,2057,43080
9003,POP0017,2057,7634
9003,POP1864,2057,24975
9003,POP65P,2057,10551
9003,TOTPOP,2057,43160
9003,GQPOP,2058,81
9003,HH,2058,18048
9003,HHPOP,2058,43588
9003,POP0017,2058,7600
9003,POP1864,2058,25178
9003,POP65P,2058,10891
9003,TOTPOP,2058,43669
9003,GQPOP,2059,81
9003,HH,2059,18309
9003,HHPOP,2059,44007
9003,POP0017,2059,7549
9003,POP1864,2059,25341
9003,POP65P,2059,11198
9003,TOTPOP,2059,44088
9003,GQPOP,2060,81
9003,HH,2060,18571
9003,HHPOP,2060,44427
9003,POP0017,2060,7499
9003,POP1864,2060,25525
9003,POP65P,2060,11483
9003,TOTPOP,2060,44507
9003,GQPOP,2061,81
9003,HH,2061,18835
9003,HHPOP,2061,44937
9003,POP0017,2061,7466
9003,POP1864,2061,25765
9003,POP65P,2061,11787
9003,TOTPOP,2061,45019
9003,GQPOP,2062,81
9003,HH,2062,19140
9003,HHPOP,2062,45358
9003,POP0017,2062,7425
9003,POP1864,2062,25953
9003,POP65P,2062,12062
9003,TOTPOP,2062,45439
9003,GQPOP,2063,82
9003,HH,2063,19404
9003,HHPOP,2063,45872
9003,POP0017,2063,7404
9003,POP1864,2063,26189
9003,POP65P,2063,12360
9003,TOTPOP,2063,45953
9003,GQPOP,2064,81
9003,HH,2064,19668
9003,HHPOP,2064,46295
9003,POP0017,2064,7375
9003,POP1864,2064,26370
9003,POP65P,2064,12630
9003,TOTPOP,2064,46376
9003,GQPOP,2065,81
9003,HH,2065,19973
9003,HHPOP,2065,46813
9003,POP0017,2065,7372
9003,POP1864,2065,26592
9003,POP65P,2065,12930
9003,TOTPOP,2065,46894
9057,GQPOP,2023,121
9057,HH,2023,3212
9057,HHPOP,2023,8513
9057,POP0017,2023,2065
9057,POP1864,2023,5378
9057,POP65P,2023,1191
9057,TOTPOP,2023,8634
9057,GQPOP,2025,123
9057,HH,2025,3506
9057,HHPOP,2025,8620
9057,POP0017,2025,2172
9057,POP1864,2025,5380
9057,POP65P,2025,1191
9057,TOTPOP,2025,8743
9057,GQPOP,2026,125
9057,HH,2026,3558
9057,HHPOP,2026,8670
9057,POP0017,2026,2133
9057,POP1864,2026,5426
9057,POP65P,2026,1236
9057,TOTPOP,2026,8795
9057,GQPOP,2027,126
9057,HH,2027,3609
9057,HHPOP,2027,8718
9057,POP0017,2027,2097
9057,POP1864,2027,5467
9057,POP65P,2027,1279
9057,TOTPOP,2027,8844
9057,GQPOP,2028,127
9057,HH,2028,3661
9057,HHPOP,2028,8766
9057,POP0017,2028,2066
9057,POP1864,2028,5510
9057,POP65P,2028,1318
9057,TOTPOP,2028,8893
9057,GQPOP,2029,128
9057,HH,2029,3713
9057,HHPOP,2029,8817
9057,POP0017,2029,2040
9057,POP1864,2029,5552
9057,POP65P,2029,1353
9057,TOTPOP,2029,8945
9057,GQPOP,2030,129
9057,HH,2030,3875
9057,HHPOP,2030,8873
9057,POP0017,2030,2017
9057,POP1864,2030,5598
9057,POP65P,2030,1386
9057,TOTPOP,2030,9002
9057,GQPOP,2031,130
9057,HH,2031,3932
9057,HHPOP,2031,8934
9057,POP0017,2031,1996
9057,POP1864,2031,5652
9057,POP65P,2031,1416
9057,TOTPOP,2031,9064
9057,GQPOP,2032,131
9057,HH,2032,3990
9057,HHPOP,2032,9001
9057,POP0017,2032,1981
9057,POP1864,2032,5709
9057,POP65P,2032,1442
9057,TOTPOP,2032,9133
9057,GQPOP,2033,132
9057,HH,2033,4050
9057,HHPOP,2033,9075
9057,POP0017,2033,1966
9057,POP1864,2033,5775
9057,POP65P,2033,1467
9057,TOTPOP,2033,9207
9057,GQPOP,2034,134
9057,HH,2034,4111
9057,HHPOP,2034,9153
9057,POP0017,2034,1952
9057,POP1864,2034,5841
9057,POP65P,2034,1494
9057,TOTPOP,2034,9287
9057,GQPOP,2035,135
9057,HH,2035,4173
9057,HHPOP,2035,9235
9057,POP0017,2035,1946
9057,POP1864,2035,5898
9057,POP65P,2035,1526
9057,TOTPOP,2035,9370
9057,GQPOP,2036,136
9057,HH,2036,4235
9057,HHPOP,2036,9319
9057,POP0017,2036,1945
9057,POP1864,2036,5949
9057,POP65P,2036,1561
9057,TOTPOP,2036,9455
9057,GQPOP,2037,137
9057,HH,2037,4417
9057,HHPOP,2037,9407
9057,POP0017,2037,1946
9057,POP1864,2037,6004
9057,POP65P,2037,1593
9057,TOTPOP,2037,9544
9057,GQPOP,2038,138
9057,HH,2038,4482
9057,HHPOP,2038,9499
9057,POP0017,2038,1950
9057,POP1864,2038,6064
9057,POP65P,2038,1623
9057,TOTPOP,2038,9638
9057,GQPOP,2039,139
9057,HH,2039,4549
9057,HHPOP,2039,9596
9057,POP0017,2039,1957
9057,POP1864,2039,6121
9057,POP65P,2039,1657
9057,TOTPOP,2039,9735
9057,GQPOP,2040,141
9057,HH,2040,4615
9057,HHPOP,2040,9693
9057,POP0017,2040,1963
9057,POP1864,2040,6176
9057,POP65P,2040,1695
9057,TOTPOP,2040,9834
9057,GQPOP,2041,142
9057,HH,2041,4680
9057,HHPOP,2041,9791
9057,POP0017,2041,1972
9057,POP1864,2041,6222
9057,POP65P,2041,1738
9057,TOTPOP,2041,9933
9057,GQPOP,2042,143
9057,HH,2042,4745
9057,HHPOP,2042,9888
9057,POP0017,2042,1982
9057,POP1864,2042,6262
9057,POP65P,2042,1787
9057,TOTPOP,2042,10031
9057,GQPOP,2043,145
9057,HH,2043,4809
9057,HHPOP,2043,9985
9057,POP0017,2043,1994
9057,POP1864,2043,6299
9057,POP65P,2043,1838
9057,TOTPOP,2043,10130
9057,GQPOP,2044,146
9057,HH,2044,4874
9057,HHPOP,2044,10085
9057,POP0017,2044,2005
9057,POP1864,2044,6335
9057,POP65P,2044,1891
9057,TOTPOP,2044,10231
9057,GQPOP,2045,147
9057,HH,2045,4940
9057,HHPOP,2045,10186
9057,POP0017,2045,2017
9057,POP1864,2045,6371
9057,POP65P,2045,1945
9057,TOTPOP,2045,10334
9057,GQPOP,2046,149
9057,HH,2046,5143
9057,HHPOP,2046,10291
9057,POP0017,2046,2029
9057,POP1864,2046,6412
9057,POP65P,2046,1999
9057,TOTPOP,2046,10440
9057,GQPOP,2047,155
9057,HH,2047,5213
9057,HHPOP,2047,10722
9057,POP0017,2047,2102
9057,POP1864,2047,6658
9057,POP65P,2047,2117
9057,TOTPOP,2047,10878
9057,GQPOP,2048,157
9057,HH,2048,5284
9057,HHPOP,2048,10834
9057,POP0017,2048,2111
9057,POP1864,2048,6708
9057,POP65P,2048,2172
9057,TOTPOP,2048,10991
9057,GQPOP,2049,159
9057,HH,2049,5356
9057,HHPOP,2049,10946
9057,POP0017,2049,2117
9057,POP1864,2049,6764
9057,POP65P,2049,2223
9057,TOTPOP,2049,11105
9057,GQPOP,2050,161
9057,HH,2050,5428
9057,HHPOP,2050,11057
9057,POP0017,2050,2121
9057,POP1864,2050,6819
9057,POP65P,2050,2278
9057,TOTPOP,2050,11218
9057,GQPOP,2051,163
9057,HH,2051,5500
9057,HHPOP,2051,11165
9057,POP0017,2051,2122
9057,POP1864,2051,6877
9057,POP65P,2051,2329
9057,TOTPOP,2051,11328
9057,GQPOP,2052,165
9057,HH,2052,5572
9057,HHPOP,2052,11270
9057,POP0017,2052,2119
9057,POP1864,2052,6939
9057,POP65P,2052,2377
9057,TOTPOP,2052,11436
9057,GQPOP,2053,168
9057,HH,2053,5643
9057,HHPOP,2053,11373
9057,POP0017,2053,2115
9057,POP1864,2053,7000
9057,POP65P,2053,2425
9057,TOTPOP,2053,11540
9057,GQPOP,2054,170
9057,HH,2054,5714
9057,HHPOP,2054,11473
9057,POP0017,2054,2108
9057,POP1864,2054,7057
9057,POP65P,2054,2479
9057,TOTPOP,2054,11643
9057,GQPOP,2055,172
9057,HH,2055,5785
9057,HHPOP,2055,11573
9057,POP0017,2055,2099
9057,POP1864,2055,7106
9057,POP65P,2055,2539
9057,TOTPOP,2055,11745
9057,GQPOP,2056,174
9057,HH,2056,6012
9057,HHPOP,2056,11672
9057,POP0017,2056,2090
9057,POP1864,2056,7152
9057,POP65P,2056,2604
9057,TOTPOP,2056,11846
9057,GQPOP,2057,176
9057,HH,2057,6086
9057,HHPOP,2057,11769
9057,POP0017,2057,2079
9057,POP1864,2057,7197
9057,POP65P,2057,2669
9057,TOTPOP,2057,11946
9057,GQPOP,2058,178
9057,HH,2058,6160
9057,HHPOP,2058,11866
9057,POP0017,2058,2069
9057,POP1864,2058,7242
9057,POP65P,2058,2734
9057,TOTPOP,2058,12044
9057,GQPOP,2059,180
9057,HH,2059,6234
9057,HHPOP,2059,11962
9057,POP0017,2059,2058
9057,POP1864,2059,7290
9057,POP65P,2059,2795
9057,TOTPOP,2059,12142
9057,GQPOP,2060,183
9057,HH,2060,6308
9057,HHPOP,2060,12058
9057,POP0017,2060,2048
9057,POP1864,2060,7338
9057,POP65P,2060,2855
9057,TOTPOP,2060,12240
9057,GQPOP,2061,185
9057,HH,2061,6383
9057,HHPOP,2061,12154
9057,POP0017,2061,2038
9057,POP1864,2061,7385
9057,POP65P,2061,2915
9057,TOTPOP,2061,12338
9057,GQPOP,2062,186
9057,HH,2062,6458
9057,HHPOP,2062,12250
9057,POP0017,2062,2030
9057,POP1864,2062,7433
9057,POP65P,2062,2973
9057,TOTPOP,2062,12436
9057,GQPOP,2063,188
9057,HH,2063,6532
9057,HHPOP,2063,12346
9057,POP0017,2063,2024
9057,POP1864,2063,7482
9057,POP65P,2063,3028
9057,TOTPOP,2063,12534
9057,GQPOP,2064,190
9057,HH,2064,6606
9057,HHPOP,2064,12442
9057,POP0017,2064,2019
9057,POP1864,2064,7537
9057,POP65P,2064,3076
9057,TOTPOP,2064,12632
9057,GQPOP,2065,192
9057,HH,2065,6680
9057,HHPOP,2065,12538
9057,POP0017,2065,2016
9057,POP1864,2065,7586
9057,POP65P,2065,3128
9057,TOTPOP,2065,12730
9103,GQPOP,2023,88
9103,HH,2023,10833
9103,HHPOP,2023,32375
9103,POP0017,2023,8910
9103,POP1864,2023,18870
9103,POP65P,2023,4684
9103,TOTPOP,2023,32463
9103,GQPOP,2025,88
9103,HH,2025,11518
9103,HHPOP,2025,32827
9103,POP0017,2025,9325
9103,POP1864,2025,18898
9103,POP65P,2025,4692
9103,TOTPOP,2025,32915
9103,GQPOP,2026,88
9103,HH,2026,11718
9103,HHPOP,2026,33124
9103,POP0017,2026,9166
9103,POP1864,2026,19159
9103,POP65P,2026,4887
9103,TOTPOP,2026,33212
9103,GQPOP,2027,87
9103,HH,2027,11948
9103,HHPOP,2027,33359
9103,POP0017,2027,8986
9103,POP1864,2027,19395
9103,POP65P,2027,5064
9103,TOTPOP,2027,33446
9103,GQPOP,2028,87
9103,HH,2028,12161
9103,HHPOP,2028,33597
9103,POP0017,2028,8834
9103,POP1864,2028,19631
9103,POP65P,2028,5218
9103,TOTPOP,2028,33683
9103,GQPOP,2029,87
9103,HH,2029,12379
9103,HHPOP,2029,33839
9103,POP0017,2029,8713
9103,POP1864,2029,19856
9103,POP65P,2029,5358
9103,TOTPOP,2029,33926
9103,GQPOP,2030,88
9103,HH,2030,12623
9103,HHPOP,2030,34089
9103,POP0017,2030,8601
9103,POP1864,2030,20107
9103,POP65P,2030,5468
9103,TOTPOP,2030,34176
9103,GQPOP,2031,88
9103,HH,2031,12847
9103,HHPOP,2031,34414
9103,POP0017,2031,8492
9103,POP1864,2031,20433
9103,POP65P,2031,5576
9103,TOTPOP,2031,34502
9103,GQPOP,2032,88
9103,HH,2032,13099
9103,HHPOP,2032,34685
9103,POP0017,2032,8367
9103,POP1864,2032,20736
9103,POP65P,2032,5671
9103,TOTPOP,2032,34773
9103,GQPOP,2033,87
9103,HH,2033,13330
9103,HHPOP,2033,34968
9103,POP0017,2033,8229
9103,POP1864,2033,21050
9103,POP65P,2033,5776
9103,TOTPOP,2033,35055
9103,GQPOP,2034,86
9103,HH,2034,13590
9103,HHPOP,2034,35327
9103,POP0017,2034,8117
9103,POP1864,2034,21410
9103,POP65P,2034,5886
9103,TOTPOP,2034,35413
9103,GQPOP,2035,85
9103,HH,2035,13824
9103,HHPOP,2035,35626
9103,POP0017,2035,8038
9103,POP1864,2035,21680
9103,POP65P,2035,5994
9103,TOTPOP,2035,35711
9103,GQPOP,2036,85
9103,HH,2036,14084
9103,HHPOP,2036,35933
9103,POP0017,2036,7987
9103,POP1864,2036,21925
9103,POP65P,2036,6105
9103,TOTPOP,2036,36017
9103,GQPOP,2037,84
9103,HH,2037,14321
9103,HHPOP,2037,36327
9103,POP0017,2037,7950
9103,POP1864,2037,22247
9103,POP65P,2037,6215
9103,TOTPOP,2037,36412
9103,GQPOP,2038,84
9103,HH,2038,14591
9103,HHPOP,2038,36674
9103,POP0017,2038,7913
9103,POP1864,2038,22520
9103,POP65P,2038,6325
9103,TOTPOP,2038,36758
9103,GQPOP,2039,83
9103,HH,2039,14837
9103,HHPOP,2039,37036
9103,POP0017,2039,7921
9103,POP1864,2039,22743
9103,POP65P,2039,6456
9103,TOTPOP,2039,37120
9103,GQPOP,2040,83
9103,HH,2040,15108
9103,HHPOP,2040,37478
9103,POP0017,2040,7907
9103,POP1864,2040,23023
9103,POP65P,2040,6630
9103,TOTPOP,2040,37561
9103,GQPOP,2041,83
9103,HH,2041,15349
9103,HHPOP,2041,37846
9103,POP0017,2041,7923
9103,POP1864,2041,23201
9103,POP65P,2041,6805
9103,TOTPOP,2041,37929
9103,GQPOP,2042,82
9103,HH,2042,15616
9103,HHPOP,2042,38214
9103,POP0017,2042,7909
9103,POP1864,2042,23379
9103,POP65P,2042,7008
9103,TOTPOP,2042,38295
9103,GQPOP,2043,82
9103,HH,2043,15852
9103,HHPOP,2043,38657
9103,POP0017,2043,7951
9103,POP1864,2043,23553
9103,POP65P,2043,7234
9103,TOTPOP,2043,38739
9103,GQPOP,2044,81
9103,HH,2044,16119
9103,HHPOP,2044,39034
9103,POP0017,2044,7980
9103,POP1864,2044,23685
9103,POP65P,2044,7449
9103,TOTPOP,2044,39115
9103,GQPOP,2045,81
9103,HH,2045,16359
9103,HHPOP,2045,39498
9103,POP0017,2045,8023
9103,POP1864,2045,23857
9103,POP65P,2045,7698
9103,TOTPOP,2045,39579
9103,GQPOP,2046,81
9103,HH,2046,16635
9103,HHPOP,2046,39897
9103,POP0017,2046,8049
9103,POP1864,2046,23983
9103,POP65P,2046,7946
9103,TOTPOP,2046,39978
9103,GQPOP,2047,81
9103,HH,2047,16916
9103,HHPOP,2047,40384
9103,POP0017,2047,8086
9103,POP1864,2047,24143
9103,POP65P,2047,8237
9103,TOTPOP,2047,40466
9103,GQPOP,2048,81
9103,HH,2048,17169
9103,HHPOP,2048,40801
9103,POP0017,2048,8102
9103,POP1864,2048,24271
9103,POP65P,2048,8510
9103,TOTPOP,2048,40883
9103,GQPOP,2049,82
9103,HH,2049,17456
9103,HHPOP,2049,41300
9103,POP0017,2049,8126
9103,POP1864,2049,24450
9103,POP65P,2049,8806
9103,TOTPOP,2049,41381
9103,GQPOP,2050,81
9103,HH,2050,17711
9103,HHPOP,2050,41715
9103,POP0017,2050,8126
9103,POP1864,2050,24600
9103,POP65P,2050,9070
9103,TOTPOP,2050,41796
9103,GQPOP,2051,82
9103,HH,2051,17998
9103,HHPOP,2051,42199
9103,POP0017,2051,8132
9103,POP1864,2051,24825
9103,POP65P,2051,9324
9103,TOTPOP,2051,42281
9103,GQPOP,2052,82
9103,HH,2052,18280
9103,HHPOP,2052,42587
9103,POP0017,2052,8111
9103,POP1864,2052,25010
9103,POP65P,2052,9548
9103,TOTPOP,2052,42669
9103,GQPOP,2053,82
9103,HH,2053,18526
9103,HHPOP,2053,43046
9103,POP0017,2053,8095
9103,POP1864,2053,25241
9103,POP65P,2053,9793
9103,TOTPOP,2053,43128
9103,GQPOP,2054,83
9103,HH,2054,18806
9103,HHPOP,2054,43414
9103,POP0017,2054,8053
9103,POP1864,2054,25409
9103,POP65P,2054,10034
9103,TOTPOP,2054,43496
9103,GQPOP,2055,83
9103,HH,2055,19089
9103,HHPOP,2055,43862
9103,POP0017,2055,8018
9103,POP1864,2055,25602
9103,POP65P,2055,10324
9103,TOTPOP,2055,43945
9103,GQPOP,2056,83
9103,HH,2056,19336
9103,HHPOP,2056,44219
9103,POP0017,2056,7961
9103,POP1864,2056,25723
9103,POP65P,2056,10618
9103,TOTPOP,2056,44302
9103,GQPOP,2057,83
9103,HH,2057,19621
9103,HHPOP,2057,44659
9103,POP0017,2057,7913
9103,POP1864,2057,25891
9103,POP65P,2057,10937
9103,TOTPOP,2057,44743
9103,GQPOP,2058,83
9103,HH,2058,19869
9103,HHPOP,2058,45006
9103,POP0017,2058,7847
9103,POP1864,2058,25996
9103,POP65P,2058,11246
9103,TOTPOP,2058,45090
9103,GQPOP,2059,84
9103,HH,2059,20155
9103,HHPOP,2059,45438
9103,POP0017,2059,7795
9103,POP1864,2059,26165
9103,POP65P,2059,11562
9103,TOTPOP,2059,45522
9103,GQPOP,2060,84
9103,HH,2060,20444
9103,HHPOP,2060,45871
9103,POP0017,2060,7743
9103,POP1864,2060,26356
9103,POP65P,2060,11857
9103,TOTPOP,2060,45955
9103,GQPOP,2061,84
9103,HH,2061,20734
9103,HHPOP,2061,46214
9103,POP0017,2061,7679
9103,POP1864,2061,26496
9103,POP65P,2061,12121
9103,TOTPOP,2061,46297
9103,GQPOP,2062,84
9103,HH,2062,20985
9103,HHPOP,2062,46646
9103,POP0017,2062,7635
9103,POP1864,2062,26689
9103,POP65P,2062,12405
9103,TOTPOP,2062,46730
9103,GQPOP,2063,83
9103,HH,2063,21275
9103,HHPOP,2063,46986
9103,POP0017,2063,7583
9103,POP1864,2063,26826
9103,POP65P,2063,12661
9103,TOTPOP,2063,47070
9103,GQPOP,2064,83
9103,HH,2064,21565
9103,HHPOP,2064,47419
9103,POP0017,2064,7555
9103,POP1864,2064,27011
9103,POP65P,2064,12937
9103,TOTPOP,2064,47502
9103,GQPOP,2065,83
9103,HH,2065,21812
9103,HHPOP,2065,47759
9103,POP0017,2065,7520
9103,POP1864,2065,27130
9103,POP65P,2065,13192
9103,TOTPOP,2065,47842
9157,GQPOP,2023,3652
9157,HH,2023,91269
9157,HHPOP,2023,257525
9157,POP0017,2023,62473
9157,POP1864,2023,162681
9157,POP65P,2023,36023
9157,TOTPOP,2023,261177
9157,GQPOP,2025,3730
9157,HH,2025,96678
9157,HHPOP,2025,260761
9157,POP0017,2025,65716
9157,POP1864,2025,162738
9157,POP65P,2025,36036
9157,TOTPOP,2025,264491
9157,GQPOP,2026,3769
9157,HH,2026,98095
9157,HHPOP,2026,262279
9157,POP0017,2026,64535
9157,POP1864,2026,164135
9157,POP65P,2026,37378
9157,TOTPOP,2026,266048
9157,GQPOP,2027,3808
9157,HH,2027,99508
9157,HHPOP,2027,263718
9157,POP0017,2027,63435
9157,POP1864,2027,165390
9157,POP65P,2027,38703
9157,TOTPOP,2027,267526
9157,GQPOP,2028,3840
9157,HH,2028,100934
9157,HHPOP,2028,265175
9157,POP0017,2028,62488
9157,POP1864,2028,166669
9157,POP65P,2028,39856
9157,TOTPOP,2028,269015
9157,GQPOP,2029,3868
9157,HH,2029,102384
9157,HHPOP,2029,266719
9157,POP0017,2029,61715
9157,POP1864,2029,167942
9157,POP65P,2029,40930
9157,TOTPOP,2029,270587
9157,GQPOP,2030,3898
9157,HH,2030,103757
9157,HHPOP,2030,268398
9157,POP0017,2030,61022
9157,POP1864,2030,169347
9157,POP65P,2030,41928
9157,TOTPOP,2030,272296
9157,GQPOP,2031,3931
9157,HH,2031,105279
9157,HHPOP,2031,270251
9157,POP0017,2031,60391
9157,POP1864,2031,170967
9157,POP65P,2031,42823
9157,TOTPOP,2031,274182
9157,GQPOP,2032,3966
9157,HH,2032,106846
9157,HHPOP,2032,272294
9157,POP0017,2032,59928
9157,POP1864,2032,172704
9157,POP65P,2032,43630
9157,TOTPOP,2032,276259
9157,GQPOP,2033,4003
9157,HH,2033,108453
9157,HHPOP,2033,274519
9157,POP0017,2033,59465
9157,POP1864,2033,174690
9157,POP65P,2033,44366
9157,TOTPOP,2033,278522
9157,GQPOP,2034,4041
9157,HH,2034,110095
9157,HHPOP,2034,276891
9157,POP0017,2034,59042
9157,POP1864,2034,176697
9157,POP65P,2034,45194
9157,TOTPOP,2034,280932
9157,GQPOP,2035,4078
9157,HH,2035,111752
9157,HHPOP,2035,279364
9157,POP0017,2035,58869
9157,POP1864,2035,178419
9157,POP65P,2035,46154
9157,TOTPOP,2035,283443
9157,GQPOP,2036,4113
9157,HH,2036,113405
9157,HHPOP,2036,281898
9157,POP0017,2036,58827
9157,POP1864,2036,179962
9157,POP65P,2036,47222
9157,TOTPOP,2036,286011
9157,GQPOP,2037,4146
9157,HH,2037,114959
9157,HHPOP,2037,284556
9157,POP0017,2037,58876
9157,POP1864,2037,181625
9157,POP65P,2037,48201
9157,TOTPOP,2037,288701
9157,GQPOP,2038,4180
9157,HH,2038,116663
9157,HHPOP,2038,287358
9157,POP0017,2038,58993
9157,POP1864,2038,183436
9157,POP65P,2038,49110
9157,TOTPOP,2038,291537
9157,GQPOP,2039,4218
9157,HH,2039,118384
9157,HHPOP,2039,290266
9157,POP0017,2039,59200
9157,POP1864,2039,185163
9157,POP65P,2039,50119
9157,TOTPOP,2039,294483
9157,GQPOP,2040,4255
9157,HH,2040,120104
9157,HHPOP,2040,293224
9157,POP0017,2040,59378
9157,POP1864,2040,186823
9157,POP65P,2040,51278
9157,TOTPOP,2040,297479
9157,GQPOP,2041,4296
9157,HH,2041,121806
9157,HHPOP,2041,296167
9157,POP0017,2041,59667
9157,POP1864,2041,188226
9157,POP65P,2041,52570
9157,TOTPOP,2041,300463
9157,GQPOP,2042,4335
9157,HH,2042,123492
9157,HHPOP,2042,299106
9157,POP0017,2042,59964
9157,POP1864,2042,189428
9157,POP65P,2042,54048
9157,TOTPOP,2042,303441
9157,GQPOP,2043,4373
9157,HH,2043,125171
9157,HHPOP,2043,302059
9157,POP0017,2043,60307
9157,POP1864,2043,190535
9157,POP65P,2043,55590
9157,TOTPOP,2043,306432
9157,GQPOP,2044,4415
9157,HH,2044,126867
9157,HHPOP,2044,305064
9157,POP0017,2044,60666
9157,POP1864,2044,191620
9157,POP65P,2044,57192
9157,TOTPOP,2044,309479
9157,GQPOP,2045,4461
9157,HH,2045,128583
9157,HHPOP,2045,308141
9157,POP0017,2045,61027
9157,POP1864,2045,192738
9157,POP65P,2045,58836
9157,TOTPOP,2045,312601
9157,GQPOP,2046,4508
9157,HH,2046,130194
9157,HHPOP,2046,311295
9157,POP0017,2046,61368
9157,POP1864,2046,193967
9157,POP65P,2046,60468
9157,TOTPOP,2046,315803
9157,GQPOP,2047,4553
9157,HH,2047,131973
9157,HHPOP,2047,314195
9157,POP0017,2047,61608
9157,POP1864,2047,195094
9157,POP65P,2047,62046
9157,TOTPOP,2047,318747
9157,GQPOP,2048,4605
9157,HH,2048,133776
9157,HHPOP,2048,317463
9157,POP0017,2048,61859
9157,POP1864,2048,196565
9157,POP65P,2048,63644
9157,TOTPOP,2048,322068
9157,GQPOP,2049,4661
9157,HH,2049,135595
9157,HHPOP,2049,320743
9157,POP0017,2049,62046
9157,POP1864,2049,198202
9157,POP65P,2049,65155
9157,TOTPOP,2049,325403
9157,GQPOP,2050,4721
9157,HH,2050,137425
9157,HHPOP,2050,323997
9157,POP0017,2050,62154
9157,POP1864,2050,199809
9157,POP65P,2050,66755
9157,TOTPOP,2050,328718
9157,GQPOP,2051,4783
9157,HH,2051,139244
9157,HHPOP,2051,327172
9157,POP0017,2051,62173
9157,POP1864,2051,201526
9157,POP65P,2051,68255
9157,TOTPOP,2051,331955
9157,GQPOP,2052,4846
9157,HH,2052,141047
9157,HHPOP,2052,330250
9157,POP0017,2052,62108
9157,POP1864,2052,203333
9157,POP65P,2052,69654
9157,TOTPOP,2052,335095
9157,GQPOP,2053,4909
9157,HH,2053,142845
9157,HHPOP,2053,333250
9157,POP0017,2053,61965
9157,POP1864,2053,205134
9157,POP65P,2053,71061
9157,TOTPOP,2053,338160
9157,GQPOP,2054,4973
9157,HH,2054,144646
9157,HHPOP,2054,336202
9157,POP0017,2054,61763
9157,POP1864,2054,206782
9157,POP65P,2054,72629
9157,TOTPOP,2054,341175
9157,GQPOP,2055,5038
9157,HH,2055,146462
9157,HHPOP,2055,339121
9157,POP0017,2055,61513
9157,POP1864,2055,208239
9157,POP65P,2055,74408
9157,TOTPOP,2055,344159
9157,GQPOP,2056,5103
9157,HH,2056,148130
9157,HHPOP,2056,342011
9157,POP0017,2056,61230
9157,POP1864,2056,209581
9157,POP65P,2056,76304
9157,TOTPOP,2056,347114
9157,GQPOP,2057,5165
9157,HH,2057,149954
9157,HHPOP,2057,344874
9157,POP0017,2057,60929
9157,POP1864,2057,210890
9157,POP65P,2057,78222
9157,TOTPOP,2057,350039
9157,GQPOP,2058,5227
9157,HH,2058,151778
9157,HHPOP,2058,347705
9157,POP0017,2058,60614
9157,POP1864,2058,212201
9157,POP65P,2058,80117
9157,TOTPOP,2058,352932
9157,GQPOP,2059,5289
9157,HH,2059,153606
9157,HHPOP,2059,350517
9157,POP0017,2059,60302
9157,POP1864,2059,213605
9157,POP65P,2059,81899
9157,TOTPOP,2059,355806
9157,GQPOP,2060,5349
9157,HH,2060,155444
9157,HHPOP,2060,353328
9157,POP0017,2060,60001
9157,POP1864,2060,215012
9157,POP65P,2060,83664
9157,TOTPOP,2060,358679
9157,GQPOP,2061,5406
9157,HH,2061,157287
9157,HHPOP,2061,356144
9157,POP0017,2061,59730
9157,POP1864,2061,216417
9157,POP65P,2061,85404
9157,TOTPOP,2061,361551
9157,GQPOP,2062,5460
9157,HH,2062,159127
9157,HHPOP,2062,358961
9157,POP0017,2062,59495
9157,POP1864,2062,217801
9157,POP65P,2062,87125
9157,TOTPOP,2062,364421
9157,GQPOP,2063,5513
9157,HH,2063,160960
9157,HHPOP,2063,361776
9157,POP0017,2063,59303
9157,POP1864,2063,219248
9157,POP65P,2063,88737
9157,TOTPOP,2063,367288
9157,GQPOP,2064,5567
9157,HH,2064,162781
9157,HHPOP,2064,364591
9157,POP0017,2064,59165
9157,POP1864,2064,220852
9157,POP65P,2064,90141
9157,TOTPOP,2064,370158
9157,GQPOP,2065,5622
9157,HH,2065,164591
9157,HHPOP,2065,367411
9157,POP0017,2065,59084
9157,POP1864,2065,222289
9157,POP65P,2065,91658
9157,TOTPOP,2065,373033
