CO_FIPS_split,CO_FIPS,YEAR,VARIABLE,VALUE,HBJPCT,HBJ,NONHBJ
1,1,2023,AGRI,738,0.0283,21,717
1,1,2023,CONS,278,0.0274,8,270
1,1,2023,FOOD,517,0.0181,9,508
1,1,2023,GVED,810,0.0456,37,773
1,1,2023,HLTH,160,0.0334,5,155
1,1,2023,MANU,223,0.0299,7,216
1,1,2023,MING,102,0.0028,0,102
1,1,2023,OFFI,146,0.0922,13,133
1,1,2023,OTHR,937,0.0726,68,869
1,1,2023,RETL,542,0.0313,17,525
1,1,2023,WSLE,275,0.0322,9,266
1,1,2024,AGRI,739,0.0274,20,719
1,1,2024,CONS,302,0.0265,8,294
1,1,2024,FOOD,481,0.0175,8,473
1,1,2024,GVED,801,0.044,35,766
1,1,2024,HLTH,165,0.0323,5,160
1,1,2024,MANU,233,0.0289,7,226
1,1,2024,MING,152,0.0027,0,152
1,1,2024,OFFI,147,0.0891,13,134
1,1,2024,OTHR,1057,0.0707,75,982
1,1,2024,RETL,497,0.0303,15,482
1,1,2024,WSLE,295,0.0307,9,286
1,1,2025,AGRI,736,0.0295,22,714
1,1,2025,CONS,388,0.0285,11,377
1,1,2025,FOOD,483,0.0189,9,474
1,1,2025,GVED,820,0.0474,39,781
1,1,2025,HLTH,173,0.0349,6,167
1,1,2025,MANU,237,0.0312,7,230
1,1,2025,MING,180,0.0029,1,179
1,1,2025,OFFI,149,0.0961,14,135
1,1,2025,OTHR,1060,0.076,81,979
1,1,2025,RETL,506,0.0327,17,489
1,1,2025,WSLE,299,0.0331,10,289
1,1,2026,AGRI,736,0.0299,22,714
1,1,2026,CONS,393,0.0289,11,382
1,1,2026,FOOD,496,0.0192,10,486
1,1,2026,GVED,915,0.0482,44,871
1,1,2026,HLTH,183,0.0354,6,177
1,1,2026,MANU,240,0.0316,8,232
1,1,2026,MING,215,0.003,1,214
1,1,2026,OFFI,149,0.0974,15,134
1,1,2026,OTHR,1082,0.0762,82,1000
1,1,2026,RETL,540,0.0331,18,522
1,1,2026,WSLE,324,0.0333,11,313
1,1,2027,AGRI,733,0.0303,22,711
1,1,2027,CONS,343,0.0292,10,333
1,1,2027,FOOD,497,0.0194,10,487
1,1,2027,GVED,959,0.0488,47,912
1,1,2027,HLTH,187,0.0357,7,180
1,1,2027,MANU,242,0.0319,8,234
1,1,2027,MING,247,0.003,1,246
1,1,2027,OFFI,148,0.0984,15,133
1,1,2027,OTHR,1077,0.0766,82,995
1,1,2027,RETL,542,0.0335,18,524
1,1,2027,WSLE,324,0.0337,11,313
1,1,2028,AGRI,727,0.0305,22,705
1,1,2028,CONS,349,0.0294,10,339
1,1,2028,FOOD,497,0.0195,10,487
1,1,2028,GVED,982,0.0491,48,934
1,1,2028,HLTH,190,0.0359,7,183
1,1,2028,MANU,244,0.0321,8,236
1,1,2028,MING,238,0.003,1,237
1,1,2028,OFFI,150,0.099,15,135
1,1,2028,OTHR,1080,0.0767,83,997
1,1,2028,RETL,544,0.0337,18,526
1,1,2028,WSLE,324,0.0339,11,313
1,1,2029,AGRI,723,0.0306,22,701
1,1,2029,CONS,352,0.0296,10,342
1,1,2029,FOOD,495,0.0196,10,485
1,1,2029,GVED,992,0.0494,49,943
1,1,2029,HLTH,193,0.0361,7,186
1,1,2029,MANU,247,0.0323,8,239
1,1,2029,MING,228,0.003,1,227
1,1,2029,OFFI,151,0.0996,15,136
1,1,2029,OTHR,1085,0.0769,83,1002
1,1,2029,RETL,546,0.0338,18,528
1,1,2029,WSLE,321,0.0341,11,310
1,1,2030,AGRI,719,0.0308,22,697
1,1,2030,CONS,352,0.0298,10,342
1,1,2030,FOOD,492,0.0197,10,482
1,1,2030,GVED,996,0.0497,50,946
1,1,2030,HLTH,195,0.0364,7,188
1,1,2030,MANU,251,0.0325,8,243
1,1,2030,MING,224,0.0031,1,223
1,1,2030,OFFI,152,0.1002,15,137
1,1,2030,OTHR,1089,0.0774,84,1005
1,1,2030,RETL,548,0.0341,19,529
1,1,2030,WSLE,320,0.0344,11,309
1,1,2031,AGRI,715,0.0311,22,693
1,1,2031,CONS,348,0.0301,10,338
1,1,2031,FOOD,486,0.0199,10,476
1,1,2031,GVED,995,0.0502,50,945
1,1,2031,HLTH,197,0.0367,7,190
1,1,2031,MANU,256,0.0328,8,248
1,1,2031,MING,223,0.0031,1,222
1,1,2031,OFFI,152,0.1012,15,137
1,1,2031,OTHR,1091,0.0782,85,1006
1,1,2031,RETL,552,0.0344,19,533
1,1,2031,WSLE,317,0.0347,11,306
1,1,2032,AGRI,711,0.0315,22,689
1,1,2032,CONS,346,0.0304,11,335
1,1,2032,FOOD,481,0.0201,10,471
1,1,2032,GVED,991,0.0508,50,941
1,1,2032,HLTH,199,0.0372,7,192
1,1,2032,MANU,259,0.0332,9,250
1,1,2032,MING,228,0.0031,1,227
1,1,2032,OFFI,153,0.1024,16,137
1,1,2032,OTHR,1091,0.0791,86,1005
1,1,2032,RETL,553,0.0348,19,534
1,1,2032,WSLE,315,0.0352,11,304
1,1,2033,AGRI,710,0.0319,23,687
1,1,2033,CONS,347,0.0307,11,336
1,1,2033,FOOD,480,0.0204,10,470
1,1,2033,GVED,989,0.0513,51,938
1,1,2033,HLTH,201,0.0376,8,193
1,1,2033,MANU,263,0.0336,9,254
1,1,2033,MING,232,0.0032,1,231
1,1,2033,OFFI,153,0.1035,16,137
1,1,2033,OTHR,1099,0.0798,88,1011
1,1,2033,RETL,555,0.0352,20,535
1,1,2033,WSLE,312,0.0356,11,301
1,1,2034,AGRI,710,0.0322,23,687
1,1,2034,CONS,351,0.0311,11,340
1,1,2034,FOOD,482,0.0206,10,472
1,1,2034,GVED,990,0.052,51,939
1,1,2034,HLTH,203,0.038,8,195
1,1,2034,MANU,265,0.034,9,256
1,1,2034,MING,237,0.0032,1,236
1,1,2034,OFFI,154,0.1048,16,138
1,1,2034,OTHR,1116,0.0803,90,1026
1,1,2034,RETL,556,0.0356,20,536
1,1,2034,WSLE,309,0.0361,11,298
1,1,2035,AGRI,708,0.0325,23,685
1,1,2035,CONS,355,0.0314,11,344
1,1,2035,FOOD,478,0.0208,10,468
1,1,2035,GVED,987,0.0525,52,935
1,1,2035,HLTH,203,0.0384,8,195
1,1,2035,MANU,268,0.0343,9,259
1,1,2035,MING,238,0.0032,1,237
1,1,2035,OFFI,156,0.1057,16,140
1,1,2035,OTHR,1093,0.082,90,1003
1,1,2035,RETL,555,0.0359,20,535
1,1,2035,WSLE,305,0.0365,11,294
1,1,2036,AGRI,707,0.0328,23,684
1,1,2036,CONS,361,0.0317,11,350
1,1,2036,FOOD,479,0.021,10,469
1,1,2036,GVED,988,0.053,52,936
1,1,2036,HLTH,205,0.0387,8,197
1,1,2036,MANU,272,0.0346,9,263
1,1,2036,MING,237,0.0033,1,236
1,1,2036,OFFI,158,0.1067,17,141
1,1,2036,OTHR,1099,0.0828,91,1008
1,1,2036,RETL,556,0.0363,20,536
1,1,2036,WSLE,300,0.0369,11,289
1,1,2037,AGRI,706,0.0332,23,683
1,1,2037,CONS,364,0.032,12,352
1,1,2037,FOOD,483,0.0212,10,473
1,1,2037,GVED,991,0.0536,53,938
1,1,2037,HLTH,207,0.0391,8,199
1,1,2037,MANU,276,0.035,10,266
1,1,2037,MING,237,0.0033,1,236
1,1,2037,OFFI,159,0.1078,17,142
1,1,2037,OTHR,1103,0.0837,92,1011
1,1,2037,RETL,559,0.0367,21,538
1,1,2037,WSLE,298,0.0373,11,287
1,1,2038,AGRI,705,0.0335,24,681
1,1,2038,CONS,366,0.0323,12,354
1,1,2038,FOOD,485,0.0214,10,475
1,1,2038,GVED,996,0.0541,54,942
1,1,2038,HLTH,209,0.0395,8,201
1,1,2038,MANU,281,0.0353,10,271
1,1,2038,MING,237,0.0033,1,236
1,1,2038,OFFI,160,0.1089,17,143
1,1,2038,OTHR,1114,0.0844,94,1020
1,1,2038,RETL,563,0.037,21,542
1,1,2038,WSLE,296,0.0378,11,285
1,1,2039,AGRI,703,0.0338,24,679
1,1,2039,CONS,369,0.0326,12,357
1,1,2039,FOOD,487,0.0216,11,476
1,1,2039,GVED,1001,0.0546,55,946
1,1,2039,HLTH,212,0.0399,8,204
1,1,2039,MANU,285,0.0357,10,275
1,1,2039,MING,236,0.0033,1,235
1,1,2039,OFFI,162,0.1099,18,144
1,1,2039,OTHR,1120,0.0851,95,1025
1,1,2039,RETL,566,0.0374,21,545
1,1,2039,WSLE,294,0.0382,11,283
1,1,2040,AGRI,702,0.0342,24,678
1,1,2040,CONS,369,0.033,12,357
1,1,2040,FOOD,487,0.0218,11,476
1,1,2040,GVED,1009,0.0551,56,953
1,1,2040,HLTH,214,0.0403,9,205
1,1,2040,MANU,288,0.036,10,278
1,1,2040,MING,237,0.0034,1,236
1,1,2040,OFFI,162,0.111,18,144
1,1,2040,OTHR,1127,0.0859,97,1030
1,1,2040,RETL,570,0.0377,21,549
1,1,2040,WSLE,293,0.0386,11,282
1,1,2041,AGRI,701,0.0345,24,677
1,1,2041,CONS,367,0.0333,12,355
1,1,2041,FOOD,489,0.0221,11,478
1,1,2041,GVED,1013,0.0557,56,957
1,1,2041,HLTH,216,0.0407,9,207
1,1,2041,MANU,291,0.0364,11,280
1,1,2041,MING,238,0.0034,1,237
1,1,2041,OFFI,163,0.1121,18,145
1,1,2041,OTHR,1131,0.0867,98,1033
1,1,2041,RETL,574,0.0381,22,552
1,1,2041,WSLE,292,0.039,11,281
1,1,2042,AGRI,699,0.0348,24,675
1,1,2042,CONS,367,0.0336,12,355
1,1,2042,FOOD,490,0.0223,11,479
1,1,2042,GVED,1020,0.0562,57,963
1,1,2042,HLTH,217,0.0411,9,208
1,1,2042,MANU,293,0.0367,11,282
1,1,2042,MING,240,0.0034,1,239
1,1,2042,OFFI,165,0.1132,19,146
1,1,2042,OTHR,1136,0.0875,99,1037
1,1,2042,RETL,578,0.0385,22,556
1,1,2042,WSLE,292,0.0395,12,280
1,1,2043,AGRI,696,0.0352,24,672
1,1,2043,CONS,365,0.0339,12,353
1,1,2043,FOOD,491,0.0225,11,480
1,1,2043,GVED,1027,0.0568,58,969
1,1,2043,HLTH,219,0.0415,9,210
1,1,2043,MANU,296,0.0371,11,285
1,1,2043,MING,240,0.0035,1,239
1,1,2043,OFFI,166,0.1143,19,147
1,1,2043,OTHR,1138,0.0883,100,1038
1,1,2043,RETL,581,0.0388,23,558
1,1,2043,WSLE,289,0.0399,12,277
1,1,2044,AGRI,694,0.0355,25,669
1,1,2044,CONS,364,0.0342,12,352
1,1,2044,FOOD,491,0.0227,11,480
1,1,2044,GVED,1033,0.0573,59,974
1,1,2044,HLTH,220,0.0418,9,211
1,1,2044,MANU,299,0.0374,11,288
1,1,2044,MING,241,0.0035,1,240
1,1,2044,OFFI,168,0.1153,19,149
1,1,2044,OTHR,1142,0.089,102,1040
1,1,2044,RETL,583,0.0392,23,560
1,1,2044,WSLE,288,0.0403,12,276
1,1,2045,AGRI,693,0.0358,25,668
1,1,2045,CONS,365,0.0345,13,352
1,1,2045,FOOD,490,0.0229,11,479
1,1,2045,GVED,1040,0.0578,60,980
1,1,2045,HLTH,222,0.0422,9,213
1,1,2045,MANU,302,0.0377,11,291
1,1,2045,MING,241,0.0035,1,240
1,1,2045,OFFI,168,0.1163,20,148
1,1,2045,OTHR,1146,0.0899,103,1043
1,1,2045,RETL,586,0.0395,23,563
1,1,2045,WSLE,288,0.0407,12,276
1,1,2046,AGRI,691,0.0362,25,666
1,1,2046,CONS,370,0.0349,13,357
1,1,2046,FOOD,490,0.0231,11,479
1,1,2046,GVED,1046,0.0584,61,985
1,1,2046,HLTH,223,0.0426,9,214
1,1,2046,MANU,305,0.0381,12,293
1,1,2046,MING,241,0.0036,1,240
1,1,2046,OFFI,171,0.1174,20,151
1,1,2046,OTHR,1148,0.0906,104,1044
1,1,2046,RETL,589,0.0399,24,565
1,1,2046,WSLE,287,0.0411,12,275
1,1,2047,AGRI,689,0.0365,25,664
1,1,2047,CONS,378,0.0352,13,365
1,1,2047,FOOD,491,0.0233,11,480
1,1,2047,GVED,1052,0.059,62,990
1,1,2047,HLTH,226,0.043,10,216
1,1,2047,MANU,309,0.0385,12,297
1,1,2047,MING,243,0.0036,1,242
1,1,2047,OFFI,172,0.1186,20,152
1,1,2047,OTHR,1149,0.0915,105,1044
1,1,2047,RETL,594,0.0403,24,570
1,1,2047,WSLE,286,0.0416,12,274
1,1,2048,AGRI,688,0.0369,25,663
1,1,2048,CONS,386,0.0356,14,372
1,1,2048,FOOD,491,0.0236,12,479
1,1,2048,GVED,1058,0.0596,63,995
1,1,2048,HLTH,227,0.0435,10,217
1,1,2048,MANU,312,0.0389,12,300
1,1,2048,MING,246,0.0037,1,245
1,1,2048,OFFI,174,0.1198,21,153
1,1,2048,OTHR,1148,0.0925,106,1042
1,1,2048,RETL,597,0.0407,24,573
1,1,2048,WSLE,286,0.042,12,274
1,1,2049,AGRI,685,0.0373,26,659
1,1,2049,CONS,397,0.0359,14,383
1,1,2049,FOOD,491,0.0238,12,479
1,1,2049,GVED,1062,0.0602,64,998
1,1,2049,HLTH,229,0.0439,10,219
1,1,2049,MANU,316,0.0392,12,304
1,1,2049,MING,249,0.0037,1,248
1,1,2049,OFFI,176,0.121,21,155
1,1,2049,OTHR,1149,0.0934,107,1042
1,1,2049,RETL,600,0.0411,25,575
1,1,2049,WSLE,286,0.0425,12,274
1,1,2050,AGRI,684,0.0377,26,658
1,1,2050,CONS,409,0.0363,15,394
1,1,2050,FOOD,491,0.024,12,479
1,1,2050,GVED,1067,0.0608,65,1002
1,1,2050,HLTH,231,0.0443,10,221
1,1,2050,MANU,319,0.0396,13,306
1,1,2050,MING,252,0.0037,1,251
1,1,2050,OFFI,179,0.1222,22,157
1,1,2050,OTHR,1150,0.0943,108,1042
1,1,2050,RETL,604,0.0415,25,579
1,1,2050,WSLE,285,0.043,12,273
1,1,2051,AGRI,681,0.0381,26,655
1,1,2051,CONS,422,0.0367,15,407
1,1,2051,FOOD,491,0.0243,12,479
1,1,2051,GVED,1068,0.0614,66,1002
1,1,2051,HLTH,232,0.0448,10,222
1,1,2051,MANU,323,0.04,13,310
1,1,2051,MING,255,0.0038,1,254
1,1,2051,OFFI,180,0.1235,22,158
1,1,2051,OTHR,1151,0.0952,110,1041
1,1,2051,RETL,608,0.042,26,582
1,1,2051,WSLE,284,0.0434,12,272
1,1,2052,AGRI,680,0.0384,26,654
1,1,2052,CONS,436,0.037,16,420
1,1,2052,FOOD,491,0.0245,12,479
1,1,2052,GVED,1071,0.062,66,1005
1,1,2052,HLTH,233,0.0452,11,222
1,1,2052,MANU,327,0.0404,13,314
1,1,2052,MING,258,0.0038,1,257
1,1,2052,OFFI,181,0.1247,23,158
1,1,2052,OTHR,1152,0.0962,111,1041
1,1,2052,RETL,612,0.0424,26,586
1,1,2052,WSLE,284,0.044,12,272
1,1,2053,AGRI,677,0.0388,26,651
1,1,2053,CONS,451,0.0374,17,434
1,1,2053,FOOD,492,0.0248,12,480
1,1,2053,GVED,1074,0.0627,67,1007
1,1,2053,HLTH,234,0.0457,11,223
1,1,2053,MANU,329,0.0409,13,316
1,1,2053,MING,261,0.0038,1,260
1,1,2053,OFFI,181,0.126,23,158
1,1,2053,OTHR,1152,0.0972,112,1040
1,1,2053,RETL,617,0.0428,26,591
1,1,2053,WSLE,283,0.0444,13,270
1,1,2054,AGRI,676,0.0392,26,650
1,1,2054,CONS,467,0.0378,18,449
1,1,2054,FOOD,491,0.025,12,479
1,1,2054,GVED,1076,0.0633,68,1008
1,1,2054,HLTH,235,0.0462,11,224
1,1,2054,MANU,332,0.0413,14,318
1,1,2054,MING,263,0.0039,1,262
1,1,2054,OFFI,182,0.1273,23,159
1,1,2054,OTHR,1153,0.0982,113,1040
1,1,2054,RETL,621,0.0433,27,594
1,1,2054,WSLE,283,0.045,13,270
1,1,2055,AGRI,672,0.0397,27,645
1,1,2055,CONS,484,0.0382,18,466
1,1,2055,FOOD,491,0.0253,12,479
1,1,2055,GVED,1077,0.0639,69,1008
1,1,2055,HLTH,236,0.0466,11,225
1,1,2055,MANU,335,0.0417,14,321
1,1,2055,MING,266,0.0039,1,265
1,1,2055,OFFI,183,0.1285,24,159
1,1,2055,OTHR,1154,0.0991,114,1040
1,1,2055,RETL,625,0.0437,27,598
1,1,2055,WSLE,283,0.0454,13,270
1,1,2056,AGRI,670,0.04,27,643
1,1,2056,CONS,497,0.0385,19,478
1,1,2056,FOOD,490,0.0255,12,478
1,1,2056,GVED,1077,0.0645,69,1008
1,1,2056,HLTH,238,0.0471,11,227
1,1,2056,MANU,337,0.0421,14,323
1,1,2056,MING,266,0.004,1,265
1,1,2056,OFFI,184,0.1297,24,160
1,1,2056,OTHR,1155,0.1,116,1039
1,1,2056,RETL,629,0.0441,28,601
1,1,2056,WSLE,284,0.0459,13,271
1,1,2057,AGRI,667,0.0404,27,640
1,1,2057,CONS,508,0.0389,20,488
1,1,2057,FOOD,489,0.0257,13,476
1,1,2057,GVED,1076,0.0651,70,1006
1,1,2057,HLTH,238,0.0475,11,227
1,1,2057,MANU,339,0.0425,14,325
1,1,2057,MING,265,0.004,1,264
1,1,2057,OFFI,185,0.1309,24,161
1,1,2057,OTHR,1156,0.1009,117,1039
1,1,2057,RETL,630,0.0445,28,602
1,1,2057,WSLE,283,0.0463,13,270
1,1,2058,AGRI,665,0.0407,27,638
1,1,2058,CONS,517,0.0392,20,497
1,1,2058,FOOD,488,0.026,13,475
1,1,2058,GVED,1075,0.0657,71,1004
1,1,2058,HLTH,239,0.0479,11,228
1,1,2058,MANU,342,0.0428,15,327
1,1,2058,MING,263,0.004,1,262
1,1,2058,OFFI,185,0.132,24,161
1,1,2058,OTHR,1159,0.1017,118,1041
1,1,2058,RETL,633,0.0449,28,605
1,1,2058,WSLE,284,0.0468,13,271
1,1,2059,AGRI,662,0.041,27,635
1,1,2059,CONS,525,0.0395,21,504
1,1,2059,FOOD,487,0.0262,13,474
1,1,2059,GVED,1075,0.0663,71,1004
1,1,2059,HLTH,239,0.0483,12,227
1,1,2059,MANU,344,0.0432,15,329
1,1,2059,MING,263,0.0041,1,262
1,1,2059,OFFI,187,0.1331,25,162
1,1,2059,OTHR,1160,0.1025,119,1041
1,1,2059,RETL,636,0.0452,29,607
1,1,2059,WSLE,284,0.0472,13,271
1,1,2060,AGRI,659,0.0414,27,632
1,1,2060,CONS,532,0.0399,21,511
1,1,2060,FOOD,486,0.0264,13,473
1,1,2060,GVED,1077,0.0668,72,1005
1,1,2060,HLTH,240,0.0487,12,228
1,1,2060,MANU,347,0.0435,15,332
1,1,2060,MING,263,0.0041,1,262
1,1,2060,OFFI,187,0.1342,25,162
1,1,2060,OTHR,1161,0.1033,120,1041
1,1,2060,RETL,638,0.0456,29,609
1,1,2060,WSLE,284,0.0477,14,270
1,1,2061,AGRI,656,0.0418,27,629
1,1,2061,CONS,538,0.0402,22,516
1,1,2061,FOOD,485,0.0266,13,472
1,1,2061,GVED,1078,0.0674,73,1005
1,1,2061,HLTH,240,0.0491,12,228
1,1,2061,MANU,349,0.0439,15,334
1,1,2061,MING,262,0.0041,1,261
1,1,2061,OFFI,189,0.1353,26,163
1,1,2061,OTHR,1161,0.1041,121,1040
1,1,2061,RETL,641,0.046,29,612
1,1,2061,WSLE,283,0.0481,14,269
1,1,2062,AGRI,655,0.0421,28,627
1,1,2062,CONS,544,0.0405,22,522
1,1,2062,FOOD,484,0.0268,13,471
1,1,2062,GVED,1081,0.0679,73,1008
1,1,2062,HLTH,242,0.0495,12,230
1,1,2062,MANU,352,0.0443,16,336
1,1,2062,MING,262,0.0042,1,261
1,1,2062,OFFI,189,0.1364,26,163
1,1,2062,OTHR,1163,0.105,122,1041
1,1,2062,RETL,645,0.0464,30,615
1,1,2062,WSLE,284,0.0485,14,270
1,1,2063,AGRI,652,0.0425,28,624
1,1,2063,CONS,550,0.0408,22,528
1,1,2063,FOOD,484,0.0271,13,471
1,1,2063,GVED,1083,0.0685,74,1009
1,1,2063,HLTH,243,0.0499,12,231
1,1,2063,MANU,355,0.0446,16,339
1,1,2063,MING,262,0.0042,1,261
1,1,2063,OFFI,190,0.1375,26,164
1,1,2063,OTHR,1166,0.1058,123,1043
1,1,2063,RETL,649,0.0468,30,619
1,1,2063,WSLE,282,0.049,14,268
1,1,2064,AGRI,650,0.0428,28,622
1,1,2064,CONS,555,0.0412,23,532
1,1,2064,FOOD,483,0.0273,13,470
1,1,2064,GVED,1084,0.069,75,1009
1,1,2064,HLTH,245,0.0503,12,233
1,1,2064,MANU,358,0.045,16,342
1,1,2064,MING,262,0.0042,1,261
1,1,2064,OFFI,191,0.1386,26,165
1,1,2064,OTHR,1168,0.1066,125,1043
1,1,2064,RETL,652,0.0471,31,621
1,1,2064,WSLE,283,0.0494,14,269
1,1,2065,AGRI,648,0.0432,28,620
1,1,2065,CONS,560,0.0415,23,537
1,1,2065,FOOD,482,0.0275,13,469
1,1,2065,GVED,1088,0.0695,76,1012
1,1,2065,HLTH,245,0.0507,12,233
1,1,2065,MANU,361,0.0453,16,345
1,1,2065,MING,262,0.0043,1,261
1,1,2065,OFFI,193,0.1397,27,166
1,1,2065,OTHR,1170,0.1074,126,1044
1,1,2065,RETL,656,0.0475,31,625
1,1,2065,WSLE,282,0.0498,14,268
3,3,2023,AGRI,1694,0.0216,37,1657
3,3,2023,CONS,2747,0.0221,61,2686
3,3,2023,FOOD,2000,0.0146,29,1971
3,3,2023,GVED,3784,0.0348,132,3652
3,3,2023,HLTH,2148,0.027,58,2090
3,3,2023,MANU,8010,0.0241,193,7817
3,3,2023,MING,88,0.0023,0,88
3,3,2023,OFFI,1364,0.0744,101,1263
3,3,2023,OTHR,6315,0.0588,371,5944
3,3,2023,RETL,3061,0.0253,77,2984
3,3,2023,WSLE,3159,0.0265,84,3075
3,3,2024,AGRI,1697,0.0214,36,1661
3,3,2024,CONS,3238,0.0219,71,3167
3,3,2024,FOOD,1838,0.0145,27,1811
3,3,2024,GVED,4063,0.0345,140,3923
3,3,2024,HLTH,2267,0.0268,61,2206
3,3,2024,MANU,7404,0.0239,177,7227
3,3,2024,MING,98,0.0022,0,98
3,3,2024,OFFI,1427,0.0737,105,1322
3,3,2024,OTHR,5953,0.0574,342,5611
3,3,2024,RETL,3082,0.0251,77,3005
3,3,2024,WSLE,3186,0.0261,83,3103
3,3,2025,AGRI,1693,0.0229,39,1654
3,3,2025,CONS,3303,0.0235,78,3225
3,3,2025,FOOD,1836,0.0155,28,1808
3,3,2025,GVED,4129,0.037,153,3976
3,3,2025,HLTH,2353,0.0287,68,2285
3,3,2025,MANU,7496,0.0256,192,7304
3,3,2025,MING,98,0.0024,0,98
3,3,2025,OFFI,1443,0.079,114,1329
3,3,2025,OTHR,6038,0.0615,371,5667
3,3,2025,RETL,3090,0.0268,83,3007
3,3,2025,WSLE,3297,0.0279,92,3205
3,3,2026,AGRI,1692,0.0231,39,1653
3,3,2026,CONS,3371,0.0237,80,3291
3,3,2026,FOOD,1849,0.0157,29,1820
3,3,2026,GVED,4158,0.0373,155,4003
3,3,2026,HLTH,2418,0.0289,70,2348
3,3,2026,MANU,7517,0.0258,194,7323
3,3,2026,MING,101,0.0024,0,101
3,3,2026,OFFI,1429,0.0796,114,1315
3,3,2026,OTHR,6095,0.062,378,5717
3,3,2026,RETL,3079,0.0271,83,2996
3,3,2026,WSLE,3364,0.028,94,3270
3,3,2027,AGRI,1685,0.0234,39,1646
3,3,2027,CONS,3445,0.0239,82,3363
3,3,2027,FOOD,1852,0.0158,29,1823
3,3,2027,GVED,4199,0.0377,158,4041
3,3,2027,HLTH,2474,0.0292,72,2402
3,3,2027,MANU,7538,0.0261,197,7341
3,3,2027,MING,104,0.0025,0,104
3,3,2027,OFFI,1418,0.0804,114,1304
3,3,2027,OTHR,6160,0.0623,384,5776
3,3,2027,RETL,3103,0.0273,85,3018
3,3,2027,WSLE,3436,0.0283,97,3339
3,3,2028,AGRI,1675,0.0236,40,1635
3,3,2028,CONS,3540,0.0241,85,3455
3,3,2028,FOOD,1854,0.016,30,1824
3,3,2028,GVED,4233,0.0381,161,4072
3,3,2028,HLTH,2515,0.0295,74,2441
3,3,2028,MANU,7562,0.0263,199,7363
3,3,2028,MING,100,0.0025,0,100
3,3,2028,OFFI,1418,0.0812,115,1303
3,3,2028,OTHR,6242,0.0626,391,5851
3,3,2028,RETL,3113,0.0276,86,3027
3,3,2028,WSLE,3485,0.0285,99,3386
3,3,2029,AGRI,1665,0.0238,40,1625
3,3,2029,CONS,3637,0.0243,88,3549
3,3,2029,FOOD,1849,0.0161,30,1819
3,3,2029,GVED,4266,0.0385,164,4102
3,3,2029,HLTH,2552,0.0297,76,2476
3,3,2029,MANU,7632,0.0266,203,7429
3,3,2029,MING,94,0.0025,0,94
3,3,2029,OFFI,1426,0.082,117,1309
3,3,2029,OTHR,6333,0.0631,400,5933
3,3,2029,RETL,3128,0.0279,87,3041
3,3,2029,WSLE,3533,0.0287,101,3432
3,3,2030,AGRI,1657,0.024,40,1617
3,3,2030,CONS,3702,0.0246,91,3611
3,3,2030,FOOD,1837,0.0163,30,1807
3,3,2030,GVED,4293,0.0389,167,4126
3,3,2030,HLTH,2594,0.03,78,2516
3,3,2030,MANU,7732,0.0268,207,7525
3,3,2030,MING,93,0.0025,0,93
3,3,2030,OFFI,1437,0.0827,119,1318
3,3,2030,OTHR,6408,0.0637,408,6000
3,3,2030,RETL,3161,0.0281,89,3072
3,3,2030,WSLE,3572,0.029,104,3468
3,3,2031,AGRI,1650,0.0242,40,1610
3,3,2031,CONS,3740,0.0249,93,3647
3,3,2031,FOOD,1814,0.0165,30,1784
3,3,2031,GVED,4299,0.0393,169,4130
3,3,2031,HLTH,2631,0.0304,80,2551
3,3,2031,MANU,7826,0.0271,212,7614
3,3,2031,MING,93,0.0026,0,93
3,3,2031,OFFI,1444,0.0837,121,1323
3,3,2031,OTHR,6467,0.0644,416,6051
3,3,2031,RETL,3196,0.0284,91,3105
3,3,2031,WSLE,3612,0.0293,106,3506
3,3,2032,AGRI,1642,0.0245,40,1602
3,3,2032,CONS,3775,0.0251,95,3680
3,3,2032,FOOD,1798,0.0166,30,1768
3,3,2032,GVED,4314,0.0398,172,4142
3,3,2032,HLTH,2666,0.0307,82,2584
3,3,2032,MANU,7910,0.0274,217,7693
3,3,2032,MING,98,0.0026,0,98
3,3,2032,OFFI,1450,0.0846,123,1327
3,3,2032,OTHR,6535,0.0651,425,6110
3,3,2032,RETL,3220,0.0288,93,3127
3,3,2032,WSLE,3644,0.0296,108,3536
3,3,2033,AGRI,1643,0.0247,41,1602
3,3,2033,CONS,3816,0.0254,97,3719
3,3,2033,FOOD,1793,0.0168,30,1763
3,3,2033,GVED,4323,0.0403,174,4149
3,3,2033,HLTH,2695,0.031,84,2611
3,3,2033,MANU,7970,0.0277,221,7749
3,3,2033,MING,103,0.0026,0,103
3,3,2033,OFFI,1465,0.0855,125,1340
3,3,2033,OTHR,6606,0.0658,435,6171
3,3,2033,RETL,3237,0.0291,94,3143
3,3,2033,WSLE,3674,0.0299,110,3564
3,3,2034,AGRI,1642,0.025,41,1601
3,3,2034,CONS,3863,0.0256,99,3764
3,3,2034,FOOD,1851,0.017,31,1820
3,3,2034,GVED,4347,0.0408,177,4170
3,3,2034,HLTH,2732,0.0313,86,2646
3,3,2034,MANU,8021,0.028,225,7796
3,3,2034,MING,108,0.0026,0,108
3,3,2034,OFFI,1487,0.0864,128,1359
3,3,2034,OTHR,6765,0.0663,449,6316
3,3,2034,RETL,3259,0.0294,96,3163
3,3,2034,WSLE,3647,0.0302,110,3537
3,3,2035,AGRI,1641,0.0252,41,1600
3,3,2035,CONS,3880,0.0259,100,3780
3,3,2035,FOOD,1774,0.0172,31,1743
3,3,2035,GVED,4347,0.0413,180,4167
3,3,2035,HLTH,2736,0.0317,87,2649
3,3,2035,MANU,8074,0.0283,228,7846
3,3,2035,MING,110,0.0027,0,110
3,3,2035,OFFI,1503,0.0873,131,1372
3,3,2035,OTHR,6630,0.0674,447,6183
3,3,2035,RETL,3244,0.0297,96,3148
3,3,2035,WSLE,3581,0.0306,110,3471
3,3,2036,AGRI,1640,0.0254,42,1598
3,3,2036,CONS,3898,0.0262,102,3796
3,3,2036,FOOD,1777,0.0173,31,1746
3,3,2036,GVED,4361,0.0417,182,4179
3,3,2036,HLTH,2753,0.032,88,2665
3,3,2036,MANU,8171,0.0286,234,7937
3,3,2036,MING,109,0.0027,0,109
3,3,2036,OFFI,1521,0.0881,134,1387
3,3,2036,OTHR,6669,0.0681,454,6215
3,3,2036,RETL,3250,0.03,98,3152
3,3,2036,WSLE,3531,0.031,109,3422
3,3,2037,AGRI,1639,0.0257,42,1597
3,3,2037,CONS,3897,0.0264,103,3794
3,3,2037,FOOD,1785,0.0175,31,1754
3,3,2037,GVED,4379,0.0422,185,4194
3,3,2037,HLTH,2773,0.0323,90,2683
3,3,2037,MANU,8270,0.0289,239,8031
3,3,2037,MING,108,0.0027,0,108
3,3,2037,OFFI,1536,0.089,137,1399
3,3,2037,OTHR,6727,0.0687,462,6265
3,3,2037,RETL,3266,0.0303,99,3167
3,3,2037,WSLE,3493,0.0313,109,3384
3,3,2038,AGRI,1638,0.0259,42,1596
3,3,2038,CONS,3893,0.0267,104,3789
3,3,2038,FOOD,1787,0.0177,32,1755
3,3,2038,GVED,4403,0.0426,188,4215
3,3,2038,HLTH,2800,0.0326,91,2709
3,3,2038,MANU,8358,0.0291,243,8115
3,3,2038,MING,109,0.0027,0,109
3,3,2038,OFFI,1551,0.0898,139,1412
3,3,2038,OTHR,6809,0.0694,473,6336
3,3,2038,RETL,3287,0.0305,100,3187
3,3,2038,WSLE,3471,0.0317,110,3361
3,3,2039,AGRI,1636,0.0261,43,1593
3,3,2039,CONS,3887,0.0269,105,3782
3,3,2039,FOOD,1791,0.0178,32,1759
3,3,2039,GVED,4432,0.043,191,4241
3,3,2039,HLTH,2825,0.0329,93,2732
3,3,2039,MANU,8438,0.0294,248,8190
3,3,2039,MING,109,0.0028,0,109
3,3,2039,OFFI,1565,0.0906,142,1423
3,3,2039,OTHR,6890,0.07,482,6408
3,3,2039,RETL,3312,0.0308,102,3210
3,3,2039,WSLE,3451,0.0321,111,3340
3,3,2040,AGRI,1634,0.0263,43,1591
3,3,2040,CONS,3877,0.0272,105,3772
3,3,2040,FOOD,1795,0.018,32,1763
3,3,2040,GVED,4462,0.0435,194,4268
3,3,2040,HLTH,2852,0.0332,95,2757
3,3,2040,MANU,8511,0.0297,253,8258
3,3,2040,MING,109,0.0028,0,109
3,3,2040,OFFI,1578,0.0915,144,1434
3,3,2040,OTHR,6966,0.0706,492,6474
3,3,2040,RETL,3337,0.0311,104,3233
3,3,2040,WSLE,3431,0.0324,111,3320
3,3,2041,AGRI,1633,0.0265,43,1590
3,3,2041,CONS,3858,0.0274,106,3752
3,3,2041,FOOD,1800,0.0182,33,1767
3,3,2041,GVED,4489,0.0439,197,4292
3,3,2041,HLTH,2873,0.0335,96,2777
3,3,2041,MANU,8575,0.03,257,8318
3,3,2041,MING,110,0.0028,0,110
3,3,2041,OFFI,1589,0.0923,147,1442
3,3,2041,OTHR,7030,0.0713,501,6529
3,3,2041,RETL,3362,0.0314,106,3256
3,3,2041,WSLE,3415,0.0328,112,3303
3,3,2042,AGRI,1631,0.0267,44,1587
3,3,2042,CONS,3849,0.0277,107,3742
3,3,2042,FOOD,1803,0.0183,33,1770
3,3,2042,GVED,4514,0.0443,200,4314
3,3,2042,HLTH,2893,0.0338,98,2795
3,3,2042,MANU,8633,0.0302,261,8372
3,3,2042,MING,112,0.0028,0,112
3,3,2042,OFFI,1608,0.0932,150,1458
3,3,2042,OTHR,7101,0.0719,511,6590
3,3,2042,RETL,3387,0.0317,107,3280
3,3,2042,WSLE,3403,0.0331,113,3290
3,3,2043,AGRI,1628,0.027,44,1584
3,3,2043,CONS,3839,0.0279,107,3732
3,3,2043,FOOD,1805,0.0185,33,1772
3,3,2043,GVED,4543,0.0447,203,4340
3,3,2043,HLTH,2906,0.0341,99,2807
3,3,2043,MANU,8673,0.0305,265,8408
3,3,2043,MING,112,0.0029,0,112
3,3,2043,OFFI,1623,0.094,153,1470
3,3,2043,OTHR,7156,0.0725,519,6637
3,3,2043,RETL,3410,0.032,109,3301
3,3,2043,WSLE,3390,0.0335,114,3276
3,3,2044,AGRI,1624,0.0272,44,1580
3,3,2044,CONS,3824,0.0282,108,3716
3,3,2044,FOOD,1805,0.0187,34,1771
3,3,2044,GVED,4570,0.0451,206,4364
3,3,2044,HLTH,2920,0.0344,100,2820
3,3,2044,MANU,8713,0.0308,268,8445
3,3,2044,MING,112,0.0029,0,112
3,3,2044,OFFI,1642,0.0948,156,1486
3,3,2044,OTHR,7213,0.0731,527,6686
3,3,2044,RETL,3428,0.0322,110,3318
3,3,2044,WSLE,3377,0.0338,114,3263
3,3,2045,AGRI,1622,0.0274,44,1578
3,3,2045,CONS,3828,0.0284,109,3719
3,3,2045,FOOD,1805,0.0188,34,1771
3,3,2045,GVED,4597,0.0456,210,4387
3,3,2045,HLTH,2936,0.0347,102,2834
3,3,2045,MANU,8770,0.031,272,8498
3,3,2045,MING,112,0.0029,0,112
3,3,2045,OFFI,1658,0.0956,159,1499
3,3,2045,OTHR,7264,0.0738,536,6728
3,3,2045,RETL,3451,0.0325,112,3339
3,3,2045,WSLE,3366,0.0342,115,3251
3,3,2046,AGRI,1619,0.0276,45,1574
3,3,2046,CONS,3856,0.0287,111,3745
3,3,2046,FOOD,1804,0.019,34,1770
3,3,2046,GVED,4625,0.046,213,4412
3,3,2046,HLTH,2951,0.035,103,2848
3,3,2046,MANU,8831,0.0313,276,8555
3,3,2046,MING,113,0.0029,0,113
3,3,2046,OFFI,1682,0.0965,162,1520
3,3,2046,OTHR,7312,0.0744,544,6768
3,3,2046,RETL,3472,0.0328,114,3358
3,3,2046,WSLE,3352,0.0345,116,3236
3,3,2047,AGRI,1616,0.0279,45,1571
3,3,2047,CONS,3903,0.0289,113,3790
3,3,2047,FOOD,1803,0.0192,35,1768
3,3,2047,GVED,4650,0.0464,216,4434
3,3,2047,HLTH,2966,0.0353,105,2861
3,3,2047,MANU,8888,0.0316,281,8607
3,3,2047,MING,114,0.003,0,114
3,3,2047,OFFI,1709,0.0974,166,1543
3,3,2047,OTHR,7348,0.0751,552,6796
3,3,2047,RETL,3493,0.0331,116,3377
3,3,2047,WSLE,3339,0.0349,117,3222
3,3,2048,AGRI,1614,0.0281,45,1569
3,3,2048,CONS,3965,0.0292,116,3849
3,3,2048,FOOD,1802,0.0193,35,1767
3,3,2048,GVED,4674,0.0468,219,4455
3,3,2048,HLTH,2978,0.0357,106,2872
3,3,2048,MANU,8950,0.0319,286,8664
3,3,2048,MING,115,0.003,0,115
3,3,2048,OFFI,1736,0.0983,171,1565
3,3,2048,OTHR,7380,0.0758,559,6821
3,3,2048,RETL,3515,0.0334,117,3398
3,3,2048,WSLE,3327,0.0353,117,3210
3,3,2049,AGRI,1611,0.0283,46,1565
3,3,2049,CONS,4042,0.0295,119,3923
3,3,2049,FOOD,1802,0.0195,35,1767
3,3,2049,GVED,4702,0.0473,222,4480
3,3,2049,HLTH,2990,0.036,108,2882
3,3,2049,MANU,9015,0.0322,290,8725
3,3,2049,MING,117,0.003,0,117
3,3,2049,OFFI,1766,0.0992,175,1591
3,3,2049,OTHR,7409,0.0765,567,6842
3,3,2049,RETL,3537,0.0337,119,3418
3,3,2049,WSLE,3312,0.0357,118,3194
3,3,2050,AGRI,1608,0.0286,46,1562
3,3,2050,CONS,4124,0.0298,123,4001
3,3,2050,FOOD,1801,0.0197,35,1766
3,3,2050,GVED,4728,0.0477,226,4502
3,3,2050,HLTH,3000,0.0364,109,2891
3,3,2050,MANU,9079,0.0325,295,8784
3,3,2050,MING,119,0.0031,0,119
3,3,2050,OFFI,1791,0.1002,179,1612
3,3,2050,OTHR,7436,0.0772,574,6862
3,3,2050,RETL,3557,0.0341,121,3436
3,3,2050,WSLE,3299,0.0361,119,3180
3,3,2051,AGRI,1605,0.0288,46,1559
3,3,2051,CONS,4210,0.03,126,4084
3,3,2051,FOOD,1799,0.0199,36,1763
3,3,2051,GVED,4748,0.0482,229,4519
3,3,2051,HLTH,3008,0.0367,110,2898
3,3,2051,MANU,9150,0.0328,300,8850
3,3,2051,MING,119,0.0031,0,119
3,3,2051,OFFI,1812,0.1011,183,1629
3,3,2051,OTHR,7459,0.0779,581,6878
3,3,2051,RETL,3577,0.0344,123,3454
3,3,2051,WSLE,3284,0.0365,120,3164
3,3,2052,AGRI,1601,0.0291,47,1554
3,3,2052,CONS,4295,0.0303,130,4165
3,3,2052,FOOD,1796,0.0201,36,1760
3,3,2052,GVED,4769,0.0486,232,4537
3,3,2052,HLTH,3014,0.0371,112,2902
3,3,2052,MANU,9213,0.0331,305,8908
3,3,2052,MING,121,0.0031,0,121
3,3,2052,OFFI,1828,0.1021,187,1641
3,3,2052,OTHR,7478,0.0786,588,6890
3,3,2052,RETL,3593,0.0347,125,3468
3,3,2052,WSLE,3269,0.0369,121,3148
3,3,2053,AGRI,1598,0.0294,47,1551
3,3,2053,CONS,4380,0.0306,134,4246
3,3,2053,FOOD,1792,0.0203,36,1756
3,3,2053,GVED,4792,0.0491,235,4557
3,3,2053,HLTH,3019,0.0374,113,2906
3,3,2053,MANU,9262,0.0334,309,8953
3,3,2053,MING,122,0.0031,0,122
3,3,2053,OFFI,1840,0.1031,190,1650
3,3,2053,OTHR,7503,0.0793,595,6908
3,3,2053,RETL,3607,0.035,126,3481
3,3,2053,WSLE,3256,0.0373,121,3135
3,3,2054,AGRI,1593,0.0296,47,1546
3,3,2054,CONS,4469,0.0309,138,4331
3,3,2054,FOOD,1788,0.0205,37,1751
3,3,2054,GVED,4813,0.0496,239,4574
3,3,2054,HLTH,3021,0.0378,114,2907
3,3,2054,MANU,9304,0.0338,314,8990
3,3,2054,MING,123,0.0032,0,123
3,3,2054,OFFI,1850,0.104,192,1658
3,3,2054,OTHR,7520,0.0801,602,6918
3,3,2054,RETL,3621,0.0354,128,3493
3,3,2054,WSLE,3243,0.0377,122,3121
3,3,2055,AGRI,1588,0.0299,47,1541
3,3,2055,CONS,4558,0.0312,142,4416
3,3,2055,FOOD,1782,0.0207,37,1745
3,3,2055,GVED,4834,0.05,242,4592
3,3,2055,HLTH,3021,0.0381,115,2906
3,3,2055,MANU,9337,0.0341,318,9019
3,3,2055,MING,124,0.0032,0,124
3,3,2055,OFFI,1859,0.105,195,1664
3,3,2055,OTHR,7537,0.0808,609,6928
3,3,2055,RETL,3633,0.0357,130,3503
3,3,2055,WSLE,3230,0.0381,123,3107
3,3,2056,AGRI,1584,0.0301,48,1536
3,3,2056,CONS,4620,0.0315,146,4474
3,3,2056,FOOD,1775,0.0209,37,1738
3,3,2056,GVED,4854,0.0504,245,4609
3,3,2056,HLTH,3028,0.0385,117,2911
3,3,2056,MANU,9359,0.0344,322,9037
3,3,2056,MING,124,0.0032,0,124
3,3,2056,OFFI,1867,0.106,198,1669
3,3,2056,OTHR,7558,0.0815,616,6942
3,3,2056,RETL,3638,0.036,131,3507
3,3,2056,WSLE,3220,0.0385,124,3096
3,3,2057,AGRI,1580,0.0304,48,1532
3,3,2057,CONS,4661,0.0317,148,4513
3,3,2057,FOOD,1765,0.021,37,1728
3,3,2057,GVED,4872,0.0509,248,4624
3,3,2057,HLTH,3033,0.0388,118,2915
3,3,2057,MANU,9387,0.0347,326,9061
3,3,2057,MING,122,0.0033,0,122
3,3,2057,OFFI,1876,0.1069,201,1675
3,3,2057,OTHR,7574,0.0822,623,6951
3,3,2057,RETL,3638,0.0363,132,3506
3,3,2057,WSLE,3208,0.0389,125,3083
3,3,2058,AGRI,1575,0.0306,48,1527
3,3,2058,CONS,4695,0.032,150,4545
3,3,2058,FOOD,1755,0.0212,37,1718
3,3,2058,GVED,4887,0.0513,251,4636
3,3,2058,HLTH,3038,0.0391,119,2919
3,3,2058,MANU,9418,0.035,330,9088
3,3,2058,MING,120,0.0033,0,120
3,3,2058,OFFI,1884,0.1078,203,1681
3,3,2058,OTHR,7588,0.0828,628,6960
3,3,2058,RETL,3640,0.0367,134,3506
3,3,2058,WSLE,3198,0.0393,126,3072
3,3,2059,AGRI,1570,0.0308,48,1522
3,3,2059,CONS,4719,0.0323,152,4567
3,3,2059,FOOD,1744,0.0214,37,1707
3,3,2059,GVED,4902,0.0518,254,4648
3,3,2059,HLTH,3041,0.0395,120,2921
3,3,2059,MANU,9448,0.0353,334,9114
3,3,2059,MING,119,0.0033,0,119
3,3,2059,OFFI,1892,0.1087,206,1686
3,3,2059,OTHR,7596,0.0835,634,6962
3,3,2059,RETL,3638,0.037,135,3503
3,3,2059,WSLE,3184,0.0397,126,3058
3,3,2060,AGRI,1564,0.0311,49,1515
3,3,2060,CONS,4744,0.0326,155,4589
3,3,2060,FOOD,1735,0.0216,37,1698
3,3,2060,GVED,4918,0.0522,257,4661
3,3,2060,HLTH,3045,0.0398,121,2924
3,3,2060,MANU,9478,0.0356,337,9141
3,3,2060,MING,118,0.0033,0,118
3,3,2060,OFFI,1900,0.1096,208,1692
3,3,2060,OTHR,7609,0.0841,640,6969
3,3,2060,RETL,3639,0.0373,136,3503
3,3,2060,WSLE,3173,0.0401,127,3046
3,3,2061,AGRI,1558,0.0313,49,1509
3,3,2061,CONS,4770,0.0328,156,4614
3,3,2061,FOOD,1726,0.0218,38,1688
3,3,2061,GVED,4928,0.0527,260,4668
3,3,2061,HLTH,3049,0.0401,122,2927
3,3,2061,MANU,9510,0.0359,341,9169
3,3,2061,MING,117,0.0034,0,117
3,3,2061,OFFI,1908,0.1105,211,1697
3,3,2061,OTHR,7622,0.0848,646,6976
3,3,2061,RETL,3642,0.0376,137,3505
3,3,2061,WSLE,3162,0.0404,128,3034
3,3,2062,AGRI,1554,0.0315,49,1505
3,3,2062,CONS,4795,0.0331,159,4636
3,3,2062,FOOD,1718,0.0219,38,1680
3,3,2062,GVED,4941,0.0531,262,4679
3,3,2062,HLTH,3053,0.0405,124,2929
3,3,2062,MANU,9544,0.0362,345,9199
3,3,2062,MING,117,0.0034,0,117
3,3,2062,OFFI,1916,0.1115,214,1702
3,3,2062,OTHR,7638,0.0855,653,6985
3,3,2062,RETL,3644,0.0379,138,3506
3,3,2062,WSLE,3149,0.0408,128,3021
3,3,2063,AGRI,1549,0.0318,49,1500
3,3,2063,CONS,4818,0.0334,161,4657
3,3,2063,FOOD,1710,0.0221,38,1672
3,3,2063,GVED,4954,0.0536,266,4688
3,3,2063,HLTH,3056,0.0408,125,2931
3,3,2063,MANU,9581,0.0365,350,9231
3,3,2063,MING,115,0.0034,0,115
3,3,2063,OFFI,1923,0.1124,216,1707
3,3,2063,OTHR,7655,0.0861,659,6996
3,3,2063,RETL,3646,0.0382,139,3507
3,3,2063,WSLE,3138,0.0412,129,3009
3,3,2064,AGRI,1544,0.032,49,1495
3,3,2064,CONS,4840,0.0337,163,4677
3,3,2064,FOOD,1703,0.0223,38,1665
3,3,2064,GVED,4967,0.054,268,4699
3,3,2064,HLTH,3061,0.0411,126,2935
3,3,2064,MANU,9619,0.0368,354,9265
3,3,2064,MING,115,0.0035,0,115
3,3,2064,OFFI,1930,0.1133,219,1711
3,3,2064,OTHR,7671,0.0868,666,7005
3,3,2064,RETL,3649,0.0385,140,3509
3,3,2064,WSLE,3128,0.0416,130,2998
3,3,2065,AGRI,1540,0.0322,50,1490
3,3,2065,CONS,4860,0.0339,165,4695
3,3,2065,FOOD,1695,0.0225,38,1657
3,3,2065,GVED,4981,0.0545,271,4710
3,3,2065,HLTH,3064,0.0415,127,2937
3,3,2065,MANU,9659,0.0371,358,9301
3,3,2065,MING,114,0.0035,0,114
3,3,2065,OFFI,1936,0.1142,221,1715
3,3,2065,OTHR,7690,0.0874,672,7018
3,3,2065,RETL,3651,0.0388,142,3509
3,3,2065,WSLE,3115,0.042,131,2984
5,5,2023,AGRI,1857,0.0145,27,1830
5,5,2023,CONS,4652,0.0155,72,4580
5,5,2023,FOOD,4787,0.0103,49,4738
5,5,2023,GVED,14654,0.0251,368,14286
5,5,2023,HLTH,8115,0.019,154,7961
5,5,2023,MANU,13034,0.017,222,12812
5,5,2023,MING,155,0.0016,0,155
5,5,2023,OFFI,10517,0.0523,550,9967
5,5,2023,OTHR,20398,0.0417,851,19547
5,5,2023,RETL,9824,0.0178,175,9649
5,5,2023,WSLE,4096,0.0207,85,4011
5,5,2024,AGRI,1862,0.0142,26,1836
5,5,2024,CONS,4930,0.0152,75,4855
5,5,2024,FOOD,4837,0.0101,49,4788
5,5,2024,GVED,14880,0.0246,366,14514
5,5,2024,HLTH,8202,0.0186,153,8049
5,5,2024,MANU,12427,0.0166,206,12221
5,5,2024,MING,146,0.0016,0,146
5,5,2024,OFFI,10773,0.0513,553,10220
5,5,2024,OTHR,20638,0.0405,836,19802
5,5,2024,RETL,9366,0.0174,163,9203
5,5,2024,WSLE,3979,0.0204,81,3898
5,5,2025,AGRI,1855,0.0154,29,1826
5,5,2025,CONS,5023,0.0165,83,4940
5,5,2025,FOOD,4852,0.0109,53,4799
5,5,2025,GVED,15205,0.0267,406,14799
5,5,2025,HLTH,8545,0.0202,173,8372
5,5,2025,MANU,12638,0.018,227,12411
5,5,2025,MING,145,0.0017,0,145
5,5,2025,OFFI,10916,0.0555,606,10310
5,5,2025,OTHR,20994,0.0439,922,20072
5,5,2025,RETL,9434,0.0189,178,9256
5,5,2025,WSLE,4057,0.0221,90,3967
5,5,2026,AGRI,1856,0.0156,29,1827
5,5,2026,CONS,5070,0.0167,85,4985
5,5,2026,FOOD,4878,0.0111,54,4824
5,5,2026,GVED,15389,0.0271,417,14972
5,5,2026,HLTH,8798,0.0204,179,8619
5,5,2026,MANU,12725,0.0183,233,12492
5,5,2026,MING,151,0.0017,0,151
5,5,2026,OFFI,10819,0.0563,609,10210
5,5,2026,OTHR,21180,0.0445,943,20237
5,5,2026,RETL,9393,0.0191,179,9214
5,5,2026,WSLE,4085,0.0224,92,3993
5,5,2027,AGRI,1849,0.0158,29,1820
5,5,2027,CONS,5128,0.017,87,5041
5,5,2027,FOOD,4867,0.0112,55,4812
5,5,2027,GVED,15577,0.0275,428,15149
5,5,2027,HLTH,9002,0.0207,186,8816
5,5,2027,MANU,12807,0.0185,237,12570
5,5,2027,MING,154,0.0017,0,154
5,5,2027,OFFI,10729,0.0571,613,10116
5,5,2027,OTHR,21334,0.0449,958,20376
5,5,2027,RETL,9421,0.0194,183,9238
5,5,2027,WSLE,4115,0.0227,93,4022
5,5,2028,AGRI,1837,0.016,29,1808
5,5,2028,CONS,5229,0.0172,90,5139
5,5,2028,FOOD,4844,0.0114,55,4789
5,5,2028,GVED,15735,0.0279,439,15296
5,5,2028,HLTH,9148,0.021,192,8956
5,5,2028,MANU,12893,0.0188,242,12651
5,5,2028,MING,148,0.0018,0,148
5,5,2028,OFFI,10722,0.0579,621,10101
5,5,2028,OTHR,21536,0.0453,976,20560
5,5,2028,RETL,9405,0.0197,185,9220
5,5,2028,WSLE,4116,0.023,95,4021
5,5,2029,AGRI,1827,0.0162,30,1797
5,5,2029,CONS,5339,0.0174,93,5246
5,5,2029,FOOD,4802,0.0115,55,4747
5,5,2029,GVED,15892,0.0282,448,15444
5,5,2029,HLTH,9276,0.0213,198,9078
5,5,2029,MANU,13056,0.019,248,12808
5,5,2029,MING,139,0.0018,0,139
5,5,2029,OFFI,10767,0.0586,631,10136
5,5,2029,OTHR,21756,0.0458,996,20760
5,5,2029,RETL,9401,0.0199,187,9214
5,5,2029,WSLE,4119,0.0233,96,4023
5,5,2030,AGRI,1818,0.0164,30,1788
5,5,2030,CONS,5410,0.0176,95,5315
5,5,2030,FOOD,4752,0.0117,56,4696
5,5,2030,GVED,16004,0.0286,458,15546
5,5,2030,HLTH,9433,0.0215,203,9230
5,5,2030,MANU,13281,0.0193,256,13025
5,5,2030,MING,137,0.0018,0,137
5,5,2030,OFFI,10834,0.0593,642,10192
5,5,2030,OTHR,21935,0.0463,1016,20919
5,5,2030,RETL,9471,0.0202,191,9280
5,5,2030,WSLE,4116,0.0236,97,4019
5,5,2031,AGRI,1809,0.0166,30,1779
5,5,2031,CONS,5453,0.0179,98,5355
5,5,2031,FOOD,4678,0.0118,55,4623
5,5,2031,GVED,16079,0.029,466,15613
5,5,2031,HLTH,9582,0.0218,209,9373
5,5,2031,MANU,13496,0.0195,263,13233
5,5,2031,MING,138,0.0018,0,138
5,5,2031,OFFI,10886,0.0601,654,10232
5,5,2031,OTHR,22091,0.0469,1036,21055
5,5,2031,RETL,9556,0.0204,195,9361
5,5,2031,WSLE,4120,0.0239,98,4022
5,5,2032,AGRI,1802,0.0168,30,1772
5,5,2032,CONS,5501,0.0181,100,5401
5,5,2032,FOOD,4621,0.012,55,4566
5,5,2032,GVED,16158,0.0294,475,15683
5,5,2032,HLTH,9722,0.0221,215,9507
5,5,2032,MANU,13681,0.0197,270,13411
5,5,2032,MING,146,0.0019,0,146
5,5,2032,OFFI,10944,0.0608,665,10279
5,5,2032,OTHR,22293,0.0475,1059,21234
5,5,2032,RETL,9606,0.0207,199,9407
5,5,2032,WSLE,4116,0.0242,100,4016
5,5,2033,AGRI,1802,0.017,31,1771
5,5,2033,CONS,5564,0.0183,102,5462
5,5,2033,FOOD,4605,0.0121,56,4549
5,5,2033,GVED,16239,0.0298,484,15755
5,5,2033,HLTH,9858,0.0223,220,9638
5,5,2033,MANU,13844,0.02,277,13567
5,5,2033,MING,153,0.0019,0,153
5,5,2033,OFFI,11041,0.0615,679,10362
5,5,2033,OTHR,22512,0.048,1081,21431
5,5,2033,RETL,9646,0.0209,202,9444
5,5,2033,WSLE,4111,0.0245,101,4010
5,5,2034,AGRI,1803,0.0172,31,1772
5,5,2034,CONS,5651,0.0185,105,5546
5,5,2034,FOOD,4762,0.0123,59,4703
5,5,2034,GVED,16365,0.0301,493,15872
5,5,2034,HLTH,10026,0.0226,227,9799
5,5,2034,MANU,13992,0.0202,283,13709
5,5,2034,MING,160,0.0019,0,160
5,5,2034,OFFI,11214,0.0623,699,10515
5,5,2034,OTHR,22981,0.0484,1112,21869
5,5,2034,RETL,9709,0.0212,206,9503
5,5,2034,WSLE,4109,0.0249,102,4007
5,5,2035,AGRI,1802,0.0173,31,1771
5,5,2035,CONS,5675,0.0187,106,5569
5,5,2035,FOOD,4560,0.0124,57,4503
5,5,2035,GVED,16411,0.0305,501,15910
5,5,2035,HLTH,10075,0.0228,230,9845
5,5,2035,MANU,14126,0.0204,288,13838
5,5,2035,MING,162,0.0019,0,162
5,5,2035,OFFI,11334,0.0629,713,10621
5,5,2035,OTHR,22627,0.0492,1113,21514
5,5,2035,RETL,9659,0.0214,207,9452
5,5,2035,WSLE,4056,0.0252,102,3954
5,5,2036,AGRI,1800,0.0175,32,1768
5,5,2036,CONS,5713,0.0189,108,5605
5,5,2036,FOOD,4565,0.0125,57,4508
5,5,2036,GVED,16509,0.0308,508,16001
5,5,2036,HLTH,10158,0.0231,235,9923
5,5,2036,MANU,14343,0.0206,295,14048
5,5,2036,MING,162,0.0019,0,162
5,5,2036,OFFI,11460,0.0636,729,10731
5,5,2036,OTHR,22739,0.0497,1130,21609
5,5,2036,RETL,9674,0.0216,209,9465
5,5,2036,WSLE,4025,0.0255,103,3922
5,5,2037,AGRI,1800,0.0177,32,1768
5,5,2037,CONS,5721,0.0191,109,5612
5,5,2037,FOOD,4580,0.0126,58,4522
5,5,2037,GVED,16624,0.0312,519,16105
5,5,2037,HLTH,10248,0.0233,239,10009
5,5,2037,MANU,14561,0.0208,303,14258
5,5,2037,MING,161,0.002,0,161
5,5,2037,OFFI,11565,0.0643,744,10821
5,5,2037,OTHR,22909,0.0503,1152,21757
5,5,2037,RETL,9724,0.0218,212,9512
5,5,2037,WSLE,4008,0.0258,103,3905
5,5,2038,AGRI,1798,0.0178,32,1766
5,5,2038,CONS,5720,0.0193,110,5610
5,5,2038,FOOD,4580,0.0128,59,4521
5,5,2038,GVED,16763,0.0316,530,16233
5,5,2038,HLTH,10362,0.0236,245,10117
5,5,2038,MANU,14756,0.0211,311,14445
5,5,2038,MING,160,0.002,0,160
5,5,2038,OFFI,11673,0.0649,758,10915
5,5,2038,OTHR,23165,0.0509,1179,21986
5,5,2038,RETL,9780,0.0221,216,9564
5,5,2038,WSLE,4008,0.0261,105,3903
5,5,2039,AGRI,1797,0.018,32,1765
5,5,2039,CONS,5722,0.0195,112,5610
5,5,2039,FOOD,4588,0.0129,59,4529
5,5,2039,GVED,16922,0.0319,540,16382
5,5,2039,HLTH,10472,0.0238,249,10223
5,5,2039,MANU,14939,0.0213,318,14621
5,5,2039,MING,160,0.002,0,160
5,5,2039,OFFI,11773,0.0656,772,11001
5,5,2039,OTHR,23419,0.0514,1204,22215
5,5,2039,RETL,9855,0.0223,220,9635
5,5,2039,WSLE,4009,0.0265,106,3903
5,5,2040,AGRI,1796,0.0182,33,1763
5,5,2040,CONS,5719,0.0197,113,5606
5,5,2040,FOOD,4594,0.0131,60,4534
5,5,2040,GVED,17081,0.0323,552,16529
5,5,2040,HLTH,10598,0.0241,255,10343
5,5,2040,MANU,15112,0.0215,325,14787
5,5,2040,MING,161,0.002,0,161
5,5,2040,OFFI,11870,0.0663,787,11083
5,5,2040,OTHR,23661,0.0519,1228,22433
5,5,2040,RETL,9923,0.0226,224,9699
5,5,2040,WSLE,4013,0.0268,108,3905
5,5,2041,AGRI,1794,0.0183,33,1761
5,5,2041,CONS,5702,0.0199,113,5589
5,5,2041,FOOD,4607,0.0132,61,4546
5,5,2041,GVED,17235,0.0326,562,16673
5,5,2041,HLTH,10704,0.0243,260,10444
5,5,2041,MANU,15269,0.0217,331,14938
5,5,2041,MING,162,0.002,0,162
5,5,2041,OFFI,11958,0.067,801,11157
5,5,2041,OTHR,23876,0.0525,1253,22623
5,5,2041,RETL,10000,0.0228,228,9772
5,5,2041,WSLE,4018,0.0271,109,3909
5,5,2042,AGRI,1791,0.0185,33,1758
5,5,2042,CONS,5697,0.0201,115,5582
5,5,2042,FOOD,4613,0.0133,61,4552
5,5,2042,GVED,17388,0.033,574,16814
5,5,2042,HLTH,10806,0.0246,266,10540
5,5,2042,MANU,15417,0.022,339,15078
5,5,2042,MING,164,0.0021,0,164
5,5,2042,OFFI,12096,0.0677,819,11277
5,5,2042,OTHR,24092,0.053,1277,22815
5,5,2042,RETL,10067,0.023,232,9835
5,5,2042,WSLE,4029,0.0274,110,3919
5,5,2043,AGRI,1789,0.0187,33,1756
5,5,2043,CONS,5695,0.0203,116,5579
5,5,2043,FOOD,4627,0.0135,62,4565
5,5,2043,GVED,17559,0.0333,585,16974
5,5,2043,HLTH,10902,0.0248,270,10632
5,5,2043,MANU,15544,0.0222,345,15199
5,5,2043,MING,165,0.0021,0,165
5,5,2043,OFFI,12213,0.0684,835,11378
5,5,2043,OTHR,24291,0.0535,1300,22991
5,5,2043,RETL,10138,0.0233,236,9902
5,5,2043,WSLE,4037,0.0277,112,3925
5,5,2044,AGRI,1786,0.0188,34,1752
5,5,2044,CONS,5688,0.0205,117,5571
5,5,2044,FOOD,4638,0.0136,63,4575
5,5,2044,GVED,17734,0.0337,598,17136
5,5,2044,HLTH,11008,0.0251,276,10732
5,5,2044,MANU,15673,0.0224,351,15322
5,5,2044,MING,165,0.0021,0,165
5,5,2044,OFFI,12354,0.0691,854,11500
5,5,2044,OTHR,24501,0.0541,1326,23175
5,5,2044,RETL,10208,0.0235,240,9968
5,5,2044,WSLE,4049,0.028,113,3936
5,5,2045,AGRI,1783,0.019,34,1749
5,5,2045,CONS,5706,0.0207,118,5588
5,5,2045,FOOD,4651,0.0137,64,4587
5,5,2045,GVED,17917,0.034,609,17308
5,5,2045,HLTH,11120,0.0253,281,10839
5,5,2045,MANU,15831,0.0226,358,15473
5,5,2045,MING,165,0.0021,0,165
5,5,2045,OFFI,12486,0.0698,872,11614
5,5,2045,OTHR,24691,0.0546,1348,23343
5,5,2045,RETL,10287,0.0237,244,10043
5,5,2045,WSLE,4056,0.0283,115,3941
5,5,2046,AGRI,1781,0.0192,34,1747
5,5,2046,CONS,5755,0.0209,120,5635
5,5,2046,FOOD,4654,0.0139,65,4589
5,5,2046,GVED,18099,0.0344,623,17476
5,5,2046,HLTH,11223,0.0256,287,10936
5,5,2046,MANU,15992,0.0229,366,15626
5,5,2046,MING,165,0.0021,0,165
5,5,2046,OFFI,12659,0.0704,891,11768
5,5,2046,OTHR,24858,0.0552,1372,23486
5,5,2046,RETL,10356,0.024,249,10107
5,5,2046,WSLE,4065,0.0286,116,3949
5,5,2047,AGRI,1778,0.0194,34,1744
5,5,2047,CONS,5832,0.0211,123,5709
5,5,2047,FOOD,4658,0.014,65,4593
5,5,2047,GVED,18280,0.0347,634,17646
5,5,2047,HLTH,11320,0.0258,292,11028
5,5,2047,MANU,16150,0.0231,373,15777
5,5,2047,MING,167,0.0022,0,167
5,5,2047,OFFI,12866,0.0711,915,11951
5,5,2047,OTHR,25015,0.0557,1393,23622
5,5,2047,RETL,10439,0.0242,253,10186
5,5,2047,WSLE,4070,0.029,118,3952
5,5,2048,AGRI,1775,0.0195,35,1740
5,5,2048,CONS,5931,0.0213,126,5805
5,5,2048,FOOD,4665,0.0141,66,4599
5,5,2048,GVED,18465,0.035,646,17819
5,5,2048,HLTH,11409,0.0261,298,11111
5,5,2048,MANU,16311,0.0233,380,15931
5,5,2048,MING,168,0.0022,0,168
5,5,2048,OFFI,13084,0.0718,939,12145
5,5,2048,OTHR,25146,0.0562,1413,23733
5,5,2048,RETL,10516,0.0244,257,10259
5,5,2048,WSLE,4076,0.0293,119,3957
5,5,2049,AGRI,1773,0.0197,35,1738
5,5,2049,CONS,6049,0.0215,130,5919
5,5,2049,FOOD,4672,0.0143,67,4605
5,5,2049,GVED,18647,0.0354,660,17987
5,5,2049,HLTH,11495,0.0263,302,11193
5,5,2049,MANU,16479,0.0235,387,16092
5,5,2049,MING,170,0.0022,0,170
5,5,2049,OFFI,13301,0.0725,964,12337
5,5,2049,OTHR,25266,0.0567,1433,23833
5,5,2049,RETL,10593,0.0247,262,10331
5,5,2049,WSLE,4080,0.0296,121,3959
5,5,2050,AGRI,1769,0.0199,35,1734
5,5,2050,CONS,6172,0.0218,135,6037
5,5,2050,FOOD,4682,0.0144,67,4615
5,5,2050,GVED,18834,0.0357,672,18162
5,5,2050,HLTH,11583,0.0266,308,11275
5,5,2050,MANU,16645,0.0238,396,16249
5,5,2050,MING,172,0.0022,0,172
5,5,2050,OFFI,13496,0.0732,988,12508
5,5,2050,OTHR,25384,0.0573,1455,23929
5,5,2050,RETL,10672,0.0249,266,10406
5,5,2050,WSLE,4083,0.0299,122,3961
5,5,2051,AGRI,1766,0.0201,35,1731
5,5,2051,CONS,6297,0.022,139,6158
5,5,2051,FOOD,4685,0.0146,68,4617
5,5,2051,GVED,19003,0.0361,686,18317
5,5,2051,HLTH,11662,0.0269,314,11348
5,5,2051,MANU,16822,0.024,404,16418
5,5,2051,MING,174,0.0023,0,174
5,5,2051,OFFI,13655,0.074,1010,12645
5,5,2051,OTHR,25479,0.0579,1475,24004
5,5,2051,RETL,10740,0.0252,271,10469
5,5,2051,WSLE,4083,0.0302,123,3960
5,5,2052,AGRI,1761,0.0203,36,1725
5,5,2052,CONS,6420,0.0222,143,6277
5,5,2052,FOOD,4689,0.0147,69,4620
5,5,2052,GVED,19175,0.0365,700,18475
5,5,2052,HLTH,11740,0.0271,318,11422
5,5,2052,MANU,16984,0.0242,411,16573
5,5,2052,MING,176,0.0023,0,176
5,5,2052,OFFI,13784,0.0747,1030,12754
5,5,2052,OTHR,25569,0.0585,1496,24073
5,5,2052,RETL,10808,0.0254,275,10533
5,5,2052,WSLE,4083,0.0306,125,3958
5,5,2053,AGRI,1757,0.0205,36,1721
5,5,2053,CONS,6542,0.0224,147,6395
5,5,2053,FOOD,4691,0.0149,70,4621
5,5,2053,GVED,19349,0.0368,712,18637
5,5,2053,HLTH,11826,0.0274,324,11502
5,5,2053,MANU,17120,0.0245,419,16701
5,5,2053,MING,177,0.0023,0,177
5,5,2053,OFFI,13876,0.0755,1048,12828
5,5,2053,OTHR,25670,0.0591,1517,24153
5,5,2053,RETL,10868,0.0257,279,10589
5,5,2053,WSLE,4087,0.0309,126,3961
5,5,2054,AGRI,1754,0.0206,36,1718
5,5,2054,CONS,6666,0.0226,151,6515
5,5,2054,FOOD,4689,0.015,70,4619
5,5,2054,GVED,19517,0.0372,726,18791
5,5,2054,HLTH,11908,0.0277,330,11578
5,5,2054,MANU,17241,0.0247,426,16815
5,5,2054,MING,179,0.0023,0,179
5,5,2054,OFFI,13962,0.0762,1064,12898
5,5,2054,OTHR,25746,0.0596,1534,24212
5,5,2054,RETL,10922,0.0259,283,10639
5,5,2054,WSLE,4087,0.0313,128,3959
5,5,2055,AGRI,1748,0.0208,36,1712
5,5,2055,CONS,6797,0.0229,156,6641
5,5,2055,FOOD,4688,0.0152,71,4617
5,5,2055,GVED,19678,0.0376,740,18938
5,5,2055,HLTH,11984,0.028,336,11648
5,5,2055,MANU,17348,0.025,434,16914
5,5,2055,MING,179,0.0023,0,179
5,5,2055,OFFI,14038,0.077,1081,12957
5,5,2055,OTHR,25829,0.0602,1555,24274
5,5,2055,RETL,10978,0.0262,288,10690
5,5,2055,WSLE,4091,0.0316,129,3962
5,5,2056,AGRI,1743,0.021,37,1706
5,5,2056,CONS,6881,0.0231,159,6722
5,5,2056,FOOD,4681,0.0153,72,4609
5,5,2056,GVED,19827,0.038,753,19074
5,5,2056,HLTH,12064,0.0282,340,11724
5,5,2056,MANU,17432,0.0252,439,16993
5,5,2056,MING,179,0.0024,0,179
5,5,2056,OFFI,14106,0.0777,1096,13010
5,5,2056,OTHR,25925,0.0608,1576,24349
5,5,2056,RETL,11008,0.0264,291,10717
5,5,2056,WSLE,4097,0.0319,131,3966
5,5,2057,AGRI,1738,0.0212,37,1701
5,5,2057,CONS,6938,0.0233,162,6776
5,5,2057,FOOD,4670,0.0154,72,4598
5,5,2057,GVED,19966,0.0383,765,19201
5,5,2057,HLTH,12131,0.0285,346,11785
5,5,2057,MANU,17529,0.0255,447,17082
5,5,2057,MING,175,0.0024,0,175
5,5,2057,OFFI,14176,0.0785,1113,13063
5,5,2057,OTHR,26009,0.0614,1597,24412
5,5,2057,RETL,11028,0.0267,294,10734
5,5,2057,WSLE,4101,0.0323,132,3969
5,5,2058,AGRI,1734,0.0214,37,1697
5,5,2058,CONS,6980,0.0235,164,6816
5,5,2058,FOOD,4659,0.0156,73,4586
5,5,2058,GVED,20096,0.0387,778,19318
5,5,2058,HLTH,12199,0.0288,351,11848
5,5,2058,MANU,17631,0.0257,453,17178
5,5,2058,MING,172,0.0024,0,172
5,5,2058,OFFI,14248,0.0792,1128,13120
5,5,2058,OTHR,26084,0.0619,1615,24469
5,5,2058,RETL,11047,0.0269,297,10750
5,5,2058,WSLE,4102,0.0326,134,3968
5,5,2059,AGRI,1727,0.0216,37,1690
5,5,2059,CONS,7017,0.0237,166,6851
5,5,2059,FOOD,4649,0.0157,73,4576
5,5,2059,GVED,20219,0.039,789,19430
5,5,2059,HLTH,12262,0.029,356,11906
5,5,2059,MANU,17734,0.0259,459,17275
5,5,2059,MING,171,0.0024,0,171
5,5,2059,OFFI,14318,0.0799,1144,13174
5,5,2059,OTHR,26158,0.0625,1635,24523
5,5,2059,RETL,11068,0.0272,301,10767
5,5,2059,WSLE,4105,0.0329,135,3970
5,5,2060,AGRI,1722,0.0217,37,1685
5,5,2060,CONS,7054,0.024,169,6885
5,5,2060,FOOD,4639,0.0159,74,4565
5,5,2060,GVED,20346,0.0394,802,19544
5,5,2060,HLTH,12334,0.0293,361,11973
5,5,2060,MANU,17836,0.0262,467,17369
5,5,2060,MING,169,0.0025,0,169
5,5,2060,OFFI,14387,0.0807,1161,13226
5,5,2060,OTHR,26231,0.063,1653,24578
5,5,2060,RETL,11090,0.0274,304,10786
5,5,2060,WSLE,4109,0.0332,136,3973
5,5,2061,AGRI,1717,0.0219,38,1679
5,5,2061,CONS,7088,0.0242,172,6916
5,5,2061,FOOD,4629,0.016,74,4555
5,5,2061,GVED,20457,0.0398,814,19643
5,5,2061,HLTH,12406,0.0296,367,12039
5,5,2061,MANU,17939,0.0264,474,17465
5,5,2061,MING,168,0.0025,0,168
5,5,2061,OFFI,14454,0.0814,1177,13277
5,5,2061,OTHR,26306,0.0635,1670,24636
5,5,2061,RETL,11116,0.0277,308,10808
5,5,2061,WSLE,4112,0.0336,138,3974
5,5,2062,AGRI,1713,0.0221,38,1675
5,5,2062,CONS,7121,0.0244,174,6947
5,5,2062,FOOD,4619,0.0162,75,4544
5,5,2062,GVED,20576,0.0401,825,19751
5,5,2062,HLTH,12480,0.0298,372,12108
5,5,2062,MANU,18047,0.0267,482,17565
5,5,2062,MING,166,0.0025,0,166
5,5,2062,OFFI,14519,0.0821,1192,13327
5,5,2062,OTHR,26383,0.0641,1691,24692
5,5,2062,RETL,11142,0.0279,311,10831
5,5,2062,WSLE,4114,0.0339,139,3975
5,5,2063,AGRI,1709,0.0223,38,1671
5,5,2063,CONS,7151,0.0246,176,6975
5,5,2063,FOOD,4610,0.0163,75,4535
5,5,2063,GVED,20694,0.0405,838,19856
5,5,2063,HLTH,12553,0.0301,378,12175
5,5,2063,MANU,18156,0.0269,488,17668
5,5,2063,MING,165,0.0025,0,165
5,5,2063,OFFI,14582,0.0829,1209,13373
5,5,2063,OTHR,26462,0.0646,1709,24753
5,5,2063,RETL,11171,0.0282,315,10856
5,5,2063,WSLE,4118,0.0342,141,3977
5,5,2064,AGRI,1704,0.0225,38,1666
5,5,2064,CONS,7179,0.0248,178,7001
5,5,2064,FOOD,4602,0.0165,76,4526
5,5,2064,GVED,20810,0.0409,851,19959
5,5,2064,HLTH,12627,0.0304,384,12243
5,5,2064,MANU,18267,0.0271,495,17772
5,5,2064,MING,164,0.0025,0,164
5,5,2064,OFFI,14642,0.0836,1224,13418
5,5,2064,OTHR,26541,0.0652,1730,24811
5,5,2064,RETL,11201,0.0284,318,10883
5,5,2064,WSLE,4121,0.0346,143,3978
5,5,2065,AGRI,1700,0.0226,38,1662
5,5,2065,CONS,7205,0.0251,181,7024
5,5,2065,FOOD,4594,0.0166,76,4518
5,5,2065,GVED,20927,0.0413,864,20063
5,5,2065,HLTH,12701,0.0306,389,12312
5,5,2065,MANU,18380,0.0274,504,17876
5,5,2065,MING,164,0.0026,0,164
5,5,2065,OFFI,14701,0.0843,1239,13462
5,5,2065,OTHR,26620,0.0657,1749,24871
5,5,2065,RETL,11232,0.0287,322,10910
5,5,2065,WSLE,4123,0.0349,144,3979
7,7,2023,AGRI,429,0.0227,10,419
7,7,2023,CONS,518,0.0269,14,504
7,7,2023,FOOD,798,0.0178,14,784
7,7,2023,GVED,2452,0.0441,108,2344
7,7,2023,HLTH,1259,0.0329,41,1218
7,7,2023,MANU,539,0.0294,16,523
7,7,2023,MING,637,0.0028,2,635
7,7,2023,OFFI,431,0.0906,39,392
7,7,2023,OTHR,2493,0.0678,169,2324
7,7,2023,RETL,1321,0.0308,41,1280
7,7,2023,WSLE,930,0.0341,32,898
7,7,2024,AGRI,430,0.0217,9,421
7,7,2024,CONS,522,0.0258,13,509
7,7,2024,FOOD,779,0.0171,13,766
7,7,2024,GVED,2475,0.0424,105,2370
7,7,2024,HLTH,1264,0.0315,40,1224
7,7,2024,MANU,695,0.0282,20,675
7,7,2024,MING,549,0.0026,1,548
7,7,2024,OFFI,487,0.0868,42,445
7,7,2024,OTHR,2646,0.0658,174,2472
7,7,2024,RETL,1284,0.0295,38,1246
7,7,2024,WSLE,953,0.0329,31,922
7,7,2025,AGRI,429,0.023,10,419
7,7,2025,CONS,518,0.0274,14,504
7,7,2025,FOOD,774,0.0181,14,760
7,7,2025,GVED,2487,0.045,112,2375
7,7,2025,HLTH,1297,0.0334,43,1254
7,7,2025,MANU,706,0.0299,21,685
7,7,2025,MING,538,0.0028,2,536
7,7,2025,OFFI,491,0.0922,45,446
7,7,2025,OTHR,2680,0.0699,187,2493
7,7,2025,RETL,1271,0.0313,40,1231
7,7,2025,WSLE,967,0.0348,34,933
7,7,2026,AGRI,429,0.0231,10,419
7,7,2026,CONS,573,0.0275,16,557
7,7,2026,FOOD,775,0.0182,14,761
7,7,2026,GVED,2478,0.0453,112,2366
7,7,2026,HLTH,1316,0.0336,44,1272
7,7,2026,MANU,714,0.0301,21,693
7,7,2026,MING,545,0.0028,2,543
7,7,2026,OFFI,487,0.0927,45,442
7,7,2026,OTHR,2701,0.0703,190,2511
7,7,2026,RETL,1249,0.0315,39,1210
7,7,2026,WSLE,970,0.0351,34,936
7,7,2027,AGRI,427,0.0233,10,417
7,7,2027,CONS,628,0.0278,17,611
7,7,2027,FOOD,777,0.0184,14,763
7,7,2027,GVED,2478,0.0456,113,2365
7,7,2027,HLTH,1331,0.0339,45,1286
7,7,2027,MANU,723,0.0303,22,701
7,7,2027,MING,547,0.0028,2,545
7,7,2027,OFFI,483,0.0935,45,438
7,7,2027,OTHR,2730,0.0706,193,2537
7,7,2027,RETL,1242,0.0318,39,1203
7,7,2027,WSLE,976,0.0354,35,941
7,7,2028,AGRI,426,0.0234,10,416
7,7,2028,CONS,626,0.0279,17,609
7,7,2028,FOOD,771,0.0185,14,757
7,7,2028,GVED,2486,0.0458,114,2372
7,7,2028,HLTH,1332,0.034,45,1287
7,7,2028,MANU,728,0.0304,22,706
7,7,2028,MING,517,0.0029,1,516
7,7,2028,OFFI,482,0.0938,45,437
7,7,2028,OTHR,2765,0.0706,195,2570
7,7,2028,RETL,1225,0.0319,39,1186
7,7,2028,WSLE,973,0.0355,35,938
7,7,2029,AGRI,424,0.0233,10,414
7,7,2029,CONS,573,0.0279,16,557
7,7,2029,FOOD,758,0.0185,14,744
7,7,2029,GVED,2478,0.0458,113,2365
7,7,2029,HLTH,1331,0.0341,45,1286
7,7,2029,MANU,735,0.0304,22,713
7,7,2029,MING,481,0.0029,1,480
7,7,2029,OFFI,486,0.0939,46,440
7,7,2029,OTHR,2802,0.0707,198,2604
7,7,2029,RETL,1212,0.0319,39,1173
7,7,2029,WSLE,975,0.0355,35,940
7,7,2030,AGRI,422,0.0233,10,412
7,7,2030,CONS,521,0.0279,15,506
7,7,2030,FOOD,743,0.0185,14,729
7,7,2030,GVED,2464,0.0459,113,2351
7,7,2030,HLTH,1333,0.0342,46,1287
7,7,2030,MANU,746,0.0305,23,723
7,7,2030,MING,467,0.0029,1,466
7,7,2030,OFFI,489,0.0941,46,443
7,7,2030,OTHR,2832,0.071,201,2631
7,7,2030,RETL,1207,0.032,39,1168
7,7,2030,WSLE,973,0.0357,35,938
7,7,2031,AGRI,421,0.0235,10,411
7,7,2031,CONS,520,0.0282,15,505
7,7,2031,FOOD,727,0.0187,14,713
7,7,2031,GVED,2454,0.0464,114,2340
7,7,2031,HLTH,1337,0.0345,46,1291
7,7,2031,MANU,759,0.0308,23,736
7,7,2031,MING,465,0.0029,1,464
7,7,2031,OFFI,490,0.095,47,443
7,7,2031,OTHR,2857,0.0717,205,2652
7,7,2031,RETL,1208,0.0323,39,1169
7,7,2031,WSLE,972,0.036,35,937
7,7,2032,AGRI,419,0.0237,10,409
7,7,2032,CONS,521,0.0285,15,506
7,7,2032,FOOD,717,0.0189,14,703
7,7,2032,GVED,2453,0.0468,115,2338
7,7,2032,HLTH,1344,0.0348,47,1297
7,7,2032,MANU,770,0.0311,24,746
7,7,2032,MING,483,0.0029,1,482
7,7,2032,OFFI,491,0.0959,47,444
7,7,2032,OTHR,2888,0.0726,210,2678
7,7,2032,RETL,1209,0.0326,39,1170
7,7,2032,WSLE,969,0.0364,35,934
7,7,2033,AGRI,421,0.0239,10,411
7,7,2033,CONS,523,0.0288,15,508
7,7,2033,FOOD,710,0.0191,14,696
7,7,2033,GVED,2457,0.0473,116,2341
7,7,2033,HLTH,1345,0.0352,47,1298
7,7,2033,MANU,779,0.0314,24,755
7,7,2033,MING,502,0.003,2,500
7,7,2033,OFFI,493,0.0969,48,445
7,7,2033,OTHR,2913,0.0734,214,2699
7,7,2033,RETL,1207,0.0329,40,1167
7,7,2033,WSLE,963,0.0369,36,927
7,7,2034,AGRI,422,0.024,10,412
7,7,2034,CONS,527,0.0291,15,512
7,7,2034,FOOD,709,0.0192,14,695
7,7,2034,GVED,2467,0.0478,118,2349
7,7,2034,HLTH,1354,0.0355,48,1306
7,7,2034,MANU,788,0.0317,25,763
7,7,2034,MING,518,0.003,2,516
7,7,2034,OFFI,499,0.0979,49,450
7,7,2034,OTHR,2959,0.0742,220,2739
7,7,2034,RETL,1209,0.0333,40,1169
7,7,2034,WSLE,958,0.0373,36,922
7,7,2035,AGRI,422,0.0242,10,412
7,7,2035,CONS,529,0.0293,15,514
7,7,2035,FOOD,697,0.0194,14,683
7,7,2035,GVED,2473,0.0483,119,2354
7,7,2035,HLTH,1351,0.0358,48,1303
7,7,2035,MANU,798,0.032,26,772
7,7,2035,MING,524,0.003,2,522
7,7,2035,OFFI,503,0.0988,50,453
7,7,2035,OTHR,2940,0.0752,221,2719
7,7,2035,RETL,1205,0.0336,40,1165
7,7,2035,WSLE,946,0.0378,36,910
7,7,2036,AGRI,423,0.0244,10,413
7,7,2036,CONS,531,0.0296,16,515
7,7,2036,FOOD,696,0.0196,14,682
7,7,2036,GVED,2483,0.0487,121,2362
7,7,2036,HLTH,1353,0.0361,49,1304
7,7,2036,MANU,812,0.0323,26,786
7,7,2036,MING,519,0.003,2,517
7,7,2036,OFFI,509,0.0996,51,458
7,7,2036,OTHR,2966,0.0759,225,2741
7,7,2036,RETL,1205,0.0338,41,1164
7,7,2036,WSLE,936,0.0382,36,900
7,7,2037,AGRI,422,0.0245,10,412
7,7,2037,CONS,535,0.0298,16,519
7,7,2037,FOOD,699,0.0198,14,685
7,7,2037,GVED,2499,0.0491,123,2376
7,7,2037,HLTH,1358,0.0364,49,1309
7,7,2037,MANU,825,0.0326,27,798
7,7,2037,MING,514,0.0031,2,512
7,7,2037,OFFI,513,0.1004,52,461
7,7,2037,OTHR,2998,0.0766,230,2768
7,7,2037,RETL,1209,0.0341,41,1168
7,7,2037,WSLE,931,0.0386,36,895
7,7,2038,AGRI,423,0.0247,10,413
7,7,2038,CONS,539,0.0301,16,523
7,7,2038,FOOD,698,0.0199,14,684
7,7,2038,GVED,2517,0.0496,125,2392
7,7,2038,HLTH,1366,0.0367,50,1316
7,7,2038,MANU,837,0.0328,27,810
7,7,2038,MING,513,0.0031,2,511
7,7,2038,OFFI,517,0.1013,52,465
7,7,2038,OTHR,3041,0.0773,235,2806
7,7,2038,RETL,1215,0.0344,42,1173
7,7,2038,WSLE,928,0.039,36,892
7,7,2039,AGRI,423,0.0248,10,413
7,7,2039,CONS,542,0.0303,16,526
7,7,2039,FOOD,700,0.0201,14,686
7,7,2039,GVED,2541,0.05,127,2414
7,7,2039,HLTH,1374,0.0371,51,1323
7,7,2039,MANU,849,0.0331,28,821
7,7,2039,MING,512,0.0031,2,510
7,7,2039,OFFI,521,0.1021,53,468
7,7,2039,OTHR,3080,0.078,240,2840
7,7,2039,RETL,1222,0.0347,42,1180
7,7,2039,WSLE,926,0.0394,36,890
7,7,2040,AGRI,424,0.025,11,413
7,7,2040,CONS,547,0.0306,17,530
7,7,2040,FOOD,700,0.0203,14,686
7,7,2040,GVED,2565,0.0505,130,2435
7,7,2040,HLTH,1383,0.0374,52,1331
7,7,2040,MANU,861,0.0334,29,832
7,7,2040,MING,513,0.0031,2,511
7,7,2040,OFFI,526,0.103,54,472
7,7,2040,OTHR,3117,0.0787,245,2872
7,7,2040,RETL,1229,0.035,43,1186
7,7,2040,WSLE,925,0.0398,37,888
7,7,2041,AGRI,423,0.0251,11,412
7,7,2041,CONS,550,0.0309,17,533
7,7,2041,FOOD,700,0.0204,14,686
7,7,2041,GVED,2590,0.0509,132,2458
7,7,2041,HLTH,1391,0.0377,52,1339
7,7,2041,MANU,870,0.0337,29,841
7,7,2041,MING,515,0.0032,2,513
7,7,2041,OFFI,528,0.1039,55,473
7,7,2041,OTHR,3147,0.0794,250,2897
7,7,2041,RETL,1237,0.0353,44,1193
7,7,2041,WSLE,924,0.0403,37,887
7,7,2042,AGRI,424,0.0253,11,413
7,7,2042,CONS,556,0.0311,17,539
7,7,2042,FOOD,700,0.0206,14,686
7,7,2042,GVED,2624,0.0514,135,2489
7,7,2042,HLTH,1402,0.038,53,1349
7,7,2042,MANU,881,0.034,30,851
7,7,2042,MING,519,0.0032,2,517
7,7,2042,OFFI,533,0.1048,56,477
7,7,2042,OTHR,3179,0.0802,255,2924
7,7,2042,RETL,1246,0.0356,44,1202
7,7,2042,WSLE,923,0.0407,38,885
7,7,2043,AGRI,424,0.0255,11,413
7,7,2043,CONS,560,0.0314,18,542
7,7,2043,FOOD,701,0.0208,15,686
7,7,2043,GVED,2660,0.0519,138,2522
7,7,2043,HLTH,1411,0.0384,54,1357
7,7,2043,MANU,889,0.0343,30,859
7,7,2043,MING,524,0.0032,2,522
7,7,2043,OFFI,539,0.1058,57,482
7,7,2043,OTHR,3210,0.0809,260,2950
7,7,2043,RETL,1255,0.036,45,1210
7,7,2043,WSLE,923,0.0411,38,885
7,7,2044,AGRI,423,0.0257,11,412
7,7,2044,CONS,565,0.0317,18,547
7,7,2044,FOOD,702,0.021,15,687
7,7,2044,GVED,2695,0.0523,141,2554
7,7,2044,HLTH,1423,0.0387,55,1368
7,7,2044,MANU,898,0.0346,31,867
7,7,2044,MING,523,0.0032,2,521
7,7,2044,OFFI,544,0.1066,58,486
7,7,2044,OTHR,3244,0.0816,265,2979
7,7,2044,RETL,1265,0.0362,46,1219
7,7,2044,WSLE,923,0.0415,38,885
7,7,2045,AGRI,423,0.0258,11,412
7,7,2045,CONS,569,0.0319,18,551
7,7,2045,FOOD,703,0.0212,15,688
7,7,2045,GVED,2730,0.0528,144,2586
7,7,2045,HLTH,1438,0.039,56,1382
7,7,2045,MANU,909,0.0349,32,877
7,7,2045,MING,523,0.0033,2,521
7,7,2045,OFFI,548,0.1076,59,489
7,7,2045,OTHR,3274,0.0824,270,3004
7,7,2045,RETL,1276,0.0366,47,1229
7,7,2045,WSLE,924,0.0419,39,885
7,7,2046,AGRI,423,0.026,11,412
7,7,2046,CONS,577,0.0322,19,558
7,7,2046,FOOD,705,0.0213,15,690
7,7,2046,GVED,2768,0.0533,148,2620
7,7,2046,HLTH,1455,0.0394,57,1398
7,7,2046,MANU,920,0.0352,32,888
7,7,2046,MING,523,0.0033,2,521
7,7,2046,OFFI,557,0.1085,60,497
7,7,2046,OTHR,3304,0.0831,275,3029
7,7,2046,RETL,1289,0.0369,48,1241
7,7,2046,WSLE,924,0.0423,39,885
7,7,2047,AGRI,424,0.0262,11,413
7,7,2047,CONS,583,0.0325,19,564
7,7,2047,FOOD,706,0.0215,15,691
7,7,2047,GVED,2805,0.0538,151,2654
7,7,2047,HLTH,1473,0.0397,58,1415
7,7,2047,MANU,931,0.0355,33,898
7,7,2047,MING,529,0.0033,2,527
7,7,2047,OFFI,565,0.1094,62,503
7,7,2047,OTHR,3331,0.0839,279,3052
7,7,2047,RETL,1302,0.0372,48,1254
7,7,2047,WSLE,924,0.0428,40,884
7,7,2048,AGRI,423,0.0263,11,412
7,7,2048,CONS,590,0.0328,19,571
7,7,2048,FOOD,708,0.0217,15,693
7,7,2048,GVED,2844,0.0543,154,2690
7,7,2048,HLTH,1490,0.0401,60,1430
7,7,2048,MANU,943,0.0358,34,909
7,7,2048,MING,537,0.0034,2,535
7,7,2048,OFFI,573,0.1104,63,510
7,7,2048,OTHR,3354,0.0847,284,3070
7,7,2048,RETL,1316,0.0375,49,1267
7,7,2048,WSLE,925,0.0432,40,885
7,7,2049,AGRI,423,0.0266,11,412
7,7,2049,CONS,598,0.0331,20,578
7,7,2049,FOOD,711,0.0219,16,695
7,7,2049,GVED,2882,0.0548,158,2724
7,7,2049,HLTH,1507,0.0404,61,1446
7,7,2049,MANU,955,0.0362,35,920
7,7,2049,MING,546,0.0034,2,544
7,7,2049,OFFI,582,0.1114,65,517
7,7,2049,OTHR,3378,0.0855,289,3089
7,7,2049,RETL,1331,0.0379,50,1281
7,7,2049,WSLE,926,0.0437,40,886
7,7,2050,AGRI,422,0.0267,11,411
7,7,2050,CONS,605,0.0334,20,585
7,7,2050,FOOD,714,0.0221,16,698
7,7,2050,GVED,2918,0.0553,161,2757
7,7,2050,HLTH,1523,0.0408,62,1461
7,7,2050,MANU,967,0.0365,35,932
7,7,2050,MING,554,0.0034,2,552
7,7,2050,OFFI,590,0.1124,66,524
7,7,2050,OTHR,3404,0.0863,294,3110
7,7,2050,RETL,1346,0.0382,51,1295
7,7,2050,WSLE,927,0.0441,41,886
7,7,2051,AGRI,423,0.0269,11,412
7,7,2051,CONS,612,0.0337,21,591
7,7,2051,FOOD,716,0.0223,16,700
7,7,2051,GVED,2949,0.0558,165,2784
7,7,2051,HLTH,1538,0.0412,63,1475
7,7,2051,MANU,979,0.0368,36,943
7,7,2051,MING,564,0.0035,2,562
7,7,2051,OFFI,598,0.1135,68,530
7,7,2051,OTHR,3425,0.0871,298,3127
7,7,2051,RETL,1361,0.0386,53,1308
7,7,2051,WSLE,927,0.0446,41,886
7,7,2052,AGRI,423,0.0271,11,412
7,7,2052,CONS,619,0.034,21,598
7,7,2052,FOOD,718,0.0225,16,702
7,7,2052,GVED,2980,0.0564,168,2812
7,7,2052,HLTH,1553,0.0416,65,1488
7,7,2052,MANU,991,0.0371,37,954
7,7,2052,MING,572,0.0035,2,570
7,7,2052,OFFI,604,0.1145,69,535
7,7,2052,OTHR,3446,0.088,303,3143
7,7,2052,RETL,1376,0.0389,54,1322
7,7,2052,WSLE,928,0.0451,42,886
7,7,2053,AGRI,421,0.0273,11,410
7,7,2053,CONS,624,0.0343,21,603
7,7,2053,FOOD,721,0.0227,16,705
7,7,2053,GVED,3010,0.0569,171,2839
7,7,2053,HLTH,1566,0.0419,66,1500
7,7,2053,MANU,1001,0.0375,38,963
7,7,2053,MING,582,0.0035,2,580
7,7,2053,OFFI,609,0.1155,70,539
7,7,2053,OTHR,3468,0.0888,308,3160
7,7,2053,RETL,1389,0.0393,55,1334
7,7,2053,WSLE,929,0.0455,42,887
7,7,2054,AGRI,422,0.0275,12,410
7,7,2054,CONS,630,0.0346,22,608
7,7,2054,FOOD,722,0.0229,17,705
7,7,2054,GVED,3035,0.0574,174,2861
7,7,2054,HLTH,1579,0.0423,67,1512
7,7,2054,MANU,1011,0.0378,38,973
7,7,2054,MING,590,0.0036,2,588
7,7,2054,OFFI,613,0.1166,71,542
7,7,2054,OTHR,3489,0.0896,313,3176
7,7,2054,RETL,1403,0.0396,56,1347
7,7,2054,WSLE,930,0.046,43,887
7,7,2055,AGRI,422,0.0277,12,410
7,7,2055,CONS,635,0.0349,22,613
7,7,2055,FOOD,724,0.0231,17,707
7,7,2055,GVED,3058,0.0579,177,2881
7,7,2055,HLTH,1590,0.0427,68,1522
7,7,2055,MANU,1019,0.0381,39,980
7,7,2055,MING,596,0.0036,2,594
7,7,2055,OFFI,618,0.1176,73,545
7,7,2055,OTHR,3510,0.0904,317,3193
7,7,2055,RETL,1414,0.04,57,1357
7,7,2055,WSLE,931,0.0464,43,888
7,7,2056,AGRI,420,0.0279,12,408
7,7,2056,CONS,638,0.0352,22,616
7,7,2056,FOOD,725,0.0233,17,708
7,7,2056,GVED,3074,0.0584,180,2894
7,7,2056,HLTH,1603,0.043,69,1534
7,7,2056,MANU,1026,0.0385,40,986
7,7,2056,MING,597,0.0036,2,595
7,7,2056,OFFI,621,0.1185,74,547
7,7,2056,OTHR,3532,0.0912,322,3210
7,7,2056,RETL,1423,0.0403,57,1366
7,7,2056,WSLE,933,0.0469,44,889
7,7,2057,AGRI,420,0.028,12,408
7,7,2057,CONS,642,0.0355,23,619
7,7,2057,FOOD,725,0.0235,17,708
7,7,2057,GVED,3089,0.0588,182,2907
7,7,2057,HLTH,1612,0.0433,70,1542
7,7,2057,MANU,1034,0.0387,40,994
7,7,2057,MING,590,0.0036,2,588
7,7,2057,OFFI,624,0.1194,75,549
7,7,2057,OTHR,3553,0.0919,327,3226
7,7,2057,RETL,1430,0.0406,58,1372
7,7,2057,WSLE,936,0.0473,44,892
7,7,2058,AGRI,420,0.0281,12,408
7,7,2058,CONS,644,0.0357,23,621
7,7,2058,FOOD,725,0.0237,17,708
7,7,2058,GVED,3103,0.0593,184,2919
7,7,2058,HLTH,1618,0.0437,71,1547
7,7,2058,MANU,1043,0.039,41,1002
7,7,2058,MING,584,0.0037,2,582
7,7,2058,OFFI,628,0.1203,76,552
7,7,2058,OTHR,3573,0.0926,331,3242
7,7,2058,RETL,1436,0.0409,59,1377
7,7,2058,WSLE,937,0.0477,45,892
7,7,2059,AGRI,418,0.0283,12,406
7,7,2059,CONS,646,0.036,23,623
7,7,2059,FOOD,724,0.0238,17,707
7,7,2059,GVED,3113,0.0597,186,2927
7,7,2059,HLTH,1620,0.044,71,1549
7,7,2059,MANU,1051,0.0393,41,1010
7,7,2059,MING,581,0.0037,2,579
7,7,2059,OFFI,632,0.1212,77,555
7,7,2059,OTHR,3593,0.0933,335,3258
7,7,2059,RETL,1441,0.0412,59,1382
7,7,2059,WSLE,938,0.0481,45,893
7,7,2060,AGRI,418,0.0284,12,406
7,7,2060,CONS,648,0.0363,24,624
7,7,2060,FOOD,724,0.024,17,707
7,7,2060,GVED,3128,0.0602,188,2940
7,7,2060,HLTH,1622,0.0443,72,1550
7,7,2060,MANU,1059,0.0396,42,1017
7,7,2060,MING,582,0.0037,2,580
7,7,2060,OFFI,636,0.1221,78,558
7,7,2060,OTHR,3608,0.094,339,3269
7,7,2060,RETL,1445,0.0415,60,1385
7,7,2060,WSLE,939,0.0485,46,893
7,7,2061,AGRI,418,0.0286,12,406
7,7,2061,CONS,650,0.0365,24,626
7,7,2061,FOOD,723,0.0242,17,706
7,7,2061,GVED,3139,0.0607,191,2948
7,7,2061,HLTH,1623,0.0447,73,1550
7,7,2061,MANU,1066,0.0399,43,1023
7,7,2061,MING,583,0.0037,2,581
7,7,2061,OFFI,641,0.123,79,562
7,7,2061,OTHR,3626,0.0948,344,3282
7,7,2061,RETL,1448,0.0418,61,1387
7,7,2061,WSLE,940,0.0489,46,894
7,7,2062,AGRI,418,0.0287,12,406
7,7,2062,CONS,653,0.0368,24,629
7,7,2062,FOOD,723,0.0244,18,705
7,7,2062,GVED,3151,0.0612,193,2958
7,7,2062,HLTH,1625,0.045,73,1552
7,7,2062,MANU,1074,0.0402,43,1031
7,7,2062,MING,585,0.0038,2,583
7,7,2062,OFFI,644,0.1239,80,564
7,7,2062,OTHR,3645,0.0955,348,3297
7,7,2062,RETL,1451,0.0421,61,1390
7,7,2062,WSLE,941,0.0493,46,895
7,7,2063,AGRI,417,0.0289,12,405
7,7,2063,CONS,655,0.0371,24,631
7,7,2063,FOOD,722,0.0246,18,704
7,7,2063,GVED,3163,0.0616,195,2968
7,7,2063,HLTH,1626,0.0453,74,1552
7,7,2063,MANU,1083,0.0405,44,1039
7,7,2063,MING,585,0.0038,2,583
7,7,2063,OFFI,647,0.1249,81,566
7,7,2063,OTHR,3665,0.0962,353,3312
7,7,2063,RETL,1455,0.0425,62,1393
7,7,2063,WSLE,942,0.0498,47,895
7,7,2064,AGRI,417,0.029,12,405
7,7,2064,CONS,658,0.0374,25,633
7,7,2064,FOOD,722,0.0247,18,704
7,7,2064,GVED,3177,0.0621,197,2980
7,7,2064,HLTH,1628,0.0456,74,1554
7,7,2064,MANU,1091,0.0408,45,1046
7,7,2064,MING,586,0.0038,2,584
7,7,2064,OFFI,651,0.1258,82,569
7,7,2064,OTHR,3685,0.0969,357,3328
7,7,2064,RETL,1457,0.0428,62,1395
7,7,2064,WSLE,943,0.0502,47,896
7,7,2065,AGRI,417,0.0292,12,405
7,7,2065,CONS,661,0.0376,25,636
7,7,2065,FOOD,721,0.0249,18,703
7,7,2065,GVED,3190,0.0625,199,2991
7,7,2065,HLTH,1629,0.046,75,1554
7,7,2065,MANU,1099,0.0411,45,1054
7,7,2065,MING,586,0.0039,2,584
7,7,2065,OFFI,653,0.1267,83,570
7,7,2065,OTHR,3704,0.0977,362,3342
7,7,2065,RETL,1461,0.0431,63,1398
7,7,2065,WSLE,944,0.0506,48,896
9,9,2023,AGRI,68,0.03,2,66
9,9,2023,CONS,14,0.0275,0,14
9,9,2023,FOOD,117,0.0182,2,115
9,9,2023,GVED,180,0.0459,8,172
9,9,2023,HLTH,7,0.0336,0,7
9,9,2023,MANU,15,0.03,0,15
9,9,2023,MING,2,0.0028,0,2
9,9,2023,OFFI,31,0.0925,3,28
9,9,2023,OTHR,101,0.0664,7,94
9,9,2023,RETL,68,0.0314,2,66
9,9,2023,WSLE,42,0.0308,1,41
9,9,2024,AGRI,68,0.0296,2,66
9,9,2024,CONS,13,0.0271,0,13
9,9,2024,FOOD,118,0.018,2,116
9,9,2024,GVED,191,0.0454,9,182
9,9,2024,HLTH,6,0.0331,0,6
9,9,2024,MANU,15,0.0296,0,15
9,9,2024,MING,15,0.0028,0,15
9,9,2024,OFFI,32,0.0913,3,29
9,9,2024,OTHR,111,0.0642,7,104
9,9,2024,RETL,70,0.031,2,68
9,9,2024,WSLE,31,0.0313,1,30
9,9,2025,AGRI,67,0.0314,2,65
9,9,2025,CONS,13,0.0288,0,13
9,9,2025,FOOD,117,0.0191,2,115
9,9,2025,GVED,194,0.0482,9,185
9,9,2025,HLTH,7,0.0352,0,7
9,9,2025,MANU,14,0.0314,0,14
9,9,2025,MING,14,0.003,0,14
9,9,2025,OFFI,31,0.0969,3,28
9,9,2025,OTHR,112,0.0685,8,104
9,9,2025,RETL,70,0.0329,2,68
9,9,2025,WSLE,31,0.0331,1,30
9,9,2026,AGRI,67,0.0316,2,65
9,9,2026,CONS,12,0.0289,0,12
9,9,2026,FOOD,119,0.0192,2,117
9,9,2026,GVED,192,0.0484,9,183
9,9,2026,HLTH,7,0.0353,0,7
9,9,2026,MANU,14,0.0316,0,14
9,9,2026,MING,14,0.003,0,14
9,9,2026,OFFI,32,0.0974,3,29
9,9,2026,OTHR,113,0.0684,8,105
9,9,2026,RETL,72,0.0331,2,70
9,9,2026,WSLE,31,0.0333,1,30
9,9,2027,AGRI,67,0.0319,2,65
9,9,2027,CONS,12,0.0292,0,12
9,9,2027,FOOD,120,0.0194,2,118
9,9,2027,GVED,191,0.0489,9,182
9,9,2027,HLTH,7,0.0357,0,7
9,9,2027,MANU,15,0.0319,0,15
9,9,2027,MING,14,0.003,0,14
9,9,2027,OFFI,32,0.0984,3,29
9,9,2027,OTHR,116,0.0679,8,108
9,9,2027,RETL,73,0.0335,2,71
9,9,2027,WSLE,31,0.0337,1,30
9,9,2028,AGRI,67,0.0322,2,65
9,9,2028,CONS,13,0.0295,0,13
9,9,2028,FOOD,120,0.0195,2,118
9,9,2028,GVED,191,0.0493,9,182
9,9,2028,HLTH,6,0.036,0,6
9,9,2028,MANU,15,0.0322,0,15
9,9,2028,MING,14,0.003,0,14
9,9,2028,OFFI,32,0.0992,3,29
9,9,2028,OTHR,119,0.0678,8,111
9,9,2028,RETL,74,0.0337,2,72
9,9,2028,WSLE,31,0.0339,1,30
9,9,2029,AGRI,67,0.0324,2,65
9,9,2029,CONS,13,0.0296,0,13
9,9,2029,FOOD,119,0.0196,2,117
9,9,2029,GVED,191,0.0496,9,182
9,9,2029,HLTH,7,0.0362,0,7
9,9,2029,MANU,15,0.0324,0,15
9,9,2029,MING,13,0.003,0,13
9,9,2029,OFFI,32,0.0998,3,29
9,9,2029,OTHR,122,0.0677,8,114
9,9,2029,RETL,74,0.0339,3,71
9,9,2029,WSLE,32,0.034,1,31
9,9,2030,AGRI,66,0.0324,2,64
9,9,2030,CONS,13,0.0296,0,13
9,9,2030,FOOD,117,0.0196,2,115
9,9,2030,GVED,193,0.0496,10,183
9,9,2030,HLTH,7,0.0362,0,7
9,9,2030,MANU,15,0.0324,0,15
9,9,2030,MING,12,0.003,0,12
9,9,2030,OFFI,33,0.0998,3,30
9,9,2030,OTHR,125,0.0679,8,117
9,9,2030,RETL,75,0.0339,3,72
9,9,2030,WSLE,31,0.0342,1,30
9,9,2031,AGRI,66,0.0327,2,64
9,9,2031,CONS,14,0.0299,0,14
9,9,2031,FOOD,115,0.0198,2,113
9,9,2031,GVED,192,0.0501,10,182
9,9,2031,HLTH,7,0.0366,0,7
9,9,2031,MANU,15,0.0327,0,15
9,9,2031,MING,12,0.0031,0,12
9,9,2031,OFFI,33,0.1008,3,30
9,9,2031,OTHR,126,0.0684,9,117
9,9,2031,RETL,76,0.0343,3,73
9,9,2031,WSLE,31,0.0345,1,30
9,9,2032,AGRI,66,0.0331,2,64
9,9,2032,CONS,14,0.0303,0,14
9,9,2032,FOOD,114,0.02,2,112
9,9,2032,GVED,192,0.0506,10,182
9,9,2032,HLTH,8,0.037,0,8
9,9,2032,MANU,16,0.033,1,15
9,9,2032,MING,13,0.0031,0,13
9,9,2032,OFFI,33,0.1019,3,30
9,9,2032,OTHR,129,0.0691,9,120
9,9,2032,RETL,77,0.0346,3,74
9,9,2032,WSLE,31,0.0348,1,30
9,9,2033,AGRI,66,0.0334,2,64
9,9,2033,CONS,14,0.0306,0,14
9,9,2033,FOOD,113,0.0203,2,111
9,9,2033,GVED,192,0.0512,10,182
9,9,2033,HLTH,8,0.0374,0,8
9,9,2033,MANU,16,0.0334,1,15
9,9,2033,MING,14,0.0031,0,14
9,9,2033,OFFI,33,0.103,3,30
9,9,2033,OTHR,131,0.0699,9,122
9,9,2033,RETL,79,0.035,3,76
9,9,2033,WSLE,31,0.0352,1,30
9,9,2034,AGRI,66,0.0338,2,64
9,9,2034,CONS,15,0.0309,0,15
9,9,2034,FOOD,113,0.0205,2,111
9,9,2034,GVED,192,0.0517,10,182
9,9,2034,HLTH,8,0.0378,0,8
9,9,2034,MANU,16,0.0338,1,15
9,9,2034,MING,14,0.0032,0,14
9,9,2034,OFFI,33,0.1041,3,30
9,9,2034,OTHR,133,0.0705,9,124
9,9,2034,RETL,79,0.0354,3,76
9,9,2034,WSLE,31,0.0356,1,30
9,9,2035,AGRI,65,0.034,2,63
9,9,2035,CONS,15,0.0311,0,15
9,9,2035,FOOD,111,0.0206,2,109
9,9,2035,GVED,191,0.0521,10,181
9,9,2035,HLTH,8,0.038,0,8
9,9,2035,MANU,16,0.034,1,15
9,9,2035,MING,14,0.0032,0,14
9,9,2035,OFFI,33,0.1047,3,30
9,9,2035,OTHR,132,0.0715,9,123
9,9,2035,RETL,80,0.0356,3,77
9,9,2035,WSLE,30,0.036,1,29
9,9,2036,AGRI,65,0.0343,2,63
9,9,2036,CONS,15,0.0314,0,15
9,9,2036,FOOD,111,0.0208,2,109
9,9,2036,GVED,190,0.0526,10,180
9,9,2036,HLTH,9,0.0384,0,9
9,9,2036,MANU,17,0.0343,1,16
9,9,2036,MING,14,0.0032,0,14
9,9,2036,OFFI,33,0.1057,3,30
9,9,2036,OTHR,134,0.0723,10,124
9,9,2036,RETL,79,0.0359,3,76
9,9,2036,WSLE,31,0.0368,1,30
9,9,2037,AGRI,65,0.0345,2,63
9,9,2037,CONS,15,0.0316,0,15
9,9,2037,FOOD,111,0.0209,2,109
9,9,2037,GVED,190,0.053,10,180
9,9,2037,HLTH,9,0.0386,0,9
9,9,2037,MANU,17,0.0345,1,16
9,9,2037,MING,14,0.0032,0,14
9,9,2037,OFFI,34,0.1064,4,30
9,9,2037,OTHR,135,0.073,10,125
9,9,2037,RETL,79,0.0362,3,76
9,9,2037,WSLE,30,0.0372,1,29
9,9,2038,AGRI,65,0.0348,2,63
9,9,2038,CONS,14,0.0318,0,14
9,9,2038,FOOD,110,0.0211,2,108
9,9,2038,GVED,190,0.0534,10,180
9,9,2038,HLTH,9,0.0389,0,9
9,9,2038,MANU,17,0.0348,1,16
9,9,2038,MING,14,0.0033,0,14
9,9,2038,OFFI,35,0.1071,4,31
9,9,2038,OTHR,137,0.0734,10,127
9,9,2038,RETL,79,0.0364,3,76
9,9,2038,WSLE,30,0.0375,1,29
9,9,2039,AGRI,65,0.0351,2,63
9,9,2039,CONS,14,0.0321,0,14
9,9,2039,FOOD,110,0.0212,2,108
9,9,2039,GVED,190,0.0538,10,180
9,9,2039,HLTH,9,0.0392,0,9
9,9,2039,MANU,17,0.035,1,16
9,9,2039,MING,14,0.0033,0,14
9,9,2039,OFFI,35,0.108,4,31
9,9,2039,OTHR,140,0.0741,10,130
9,9,2039,RETL,79,0.0367,3,76
9,9,2039,WSLE,30,0.0378,1,29
9,9,2040,AGRI,65,0.0353,2,63
9,9,2040,CONS,14,0.0323,0,14
9,9,2040,FOOD,109,0.0214,2,107
9,9,2040,GVED,190,0.0542,10,180
9,9,2040,HLTH,10,0.0395,0,10
9,9,2040,MANU,17,0.0353,1,16
9,9,2040,MING,14,0.0033,0,14
9,9,2040,OFFI,35,0.1089,4,31
9,9,2040,OTHR,141,0.0749,11,130
9,9,2040,RETL,79,0.037,3,76
9,9,2040,WSLE,30,0.0381,1,29
9,9,2041,AGRI,65,0.0357,2,63
9,9,2041,CONS,13,0.0326,0,13
9,9,2041,FOOD,109,0.0216,2,107
9,9,2041,GVED,191,0.0547,10,181
9,9,2041,HLTH,10,0.0399,0,10
9,9,2041,MANU,18,0.0356,1,17
9,9,2041,MING,14,0.0033,0,14
9,9,2041,OFFI,36,0.1099,4,32
9,9,2041,OTHR,141,0.0752,11,130
9,9,2041,RETL,78,0.0374,3,75
9,9,2041,WSLE,30,0.0385,1,29
9,9,2042,AGRI,65,0.036,2,63
9,9,2042,CONS,12,0.0329,0,12
9,9,2042,FOOD,109,0.0218,2,107
9,9,2042,GVED,192,0.0552,11,181
9,9,2042,HLTH,10,0.0402,0,10
9,9,2042,MANU,18,0.036,1,17
9,9,2042,MING,14,0.0034,0,14
9,9,2042,OFFI,36,0.1108,4,32
9,9,2042,OTHR,143,0.0757,11,132
9,9,2042,RETL,78,0.0377,3,75
9,9,2042,WSLE,30,0.0388,1,29
9,9,2043,AGRI,64,0.0362,2,62
9,9,2043,CONS,12,0.0331,0,12
9,9,2043,FOOD,108,0.0219,2,106
9,9,2043,GVED,192,0.0555,11,181
9,9,2043,HLTH,10,0.0404,0,10
9,9,2043,MANU,18,0.0361,1,17
9,9,2043,MING,14,0.0034,0,14
9,9,2043,OFFI,36,0.1114,4,32
9,9,2043,OTHR,145,0.0766,11,134
9,9,2043,RETL,78,0.0379,3,75
9,9,2043,WSLE,29,0.0392,1,28
9,9,2044,AGRI,64,0.0364,2,62
9,9,2044,CONS,12,0.0333,0,12
9,9,2044,FOOD,108,0.0221,2,106
9,9,2044,GVED,193,0.0559,11,182
9,9,2044,HLTH,11,0.0407,0,11
9,9,2044,MANU,18,0.0364,1,17
9,9,2044,MING,14,0.0034,0,14
9,9,2044,OFFI,36,0.1122,4,32
9,9,2044,OTHR,147,0.077,11,136
9,9,2044,RETL,79,0.0382,3,76
9,9,2044,WSLE,29,0.0395,1,28
9,9,2045,AGRI,64,0.0368,2,62
9,9,2045,CONS,12,0.0336,0,12
9,9,2045,FOOD,107,0.0223,2,105
9,9,2045,GVED,195,0.0564,11,184
9,9,2045,HLTH,11,0.0411,0,11
9,9,2045,MANU,18,0.0367,1,17
9,9,2045,MING,14,0.0035,0,14
9,9,2045,OFFI,36,0.1132,4,32
9,9,2045,OTHR,147,0.0777,11,136
9,9,2045,RETL,79,0.0385,3,76
9,9,2045,WSLE,29,0.0398,1,28
9,9,2046,AGRI,64,0.0371,2,62
9,9,2046,CONS,12,0.0339,0,12
9,9,2046,FOOD,107,0.0225,2,105
9,9,2046,GVED,195,0.057,11,184
9,9,2046,HLTH,11,0.0415,0,11
9,9,2046,MANU,19,0.0371,1,18
9,9,2046,MING,14,0.0035,0,14
9,9,2046,OFFI,36,0.1143,4,32
9,9,2046,OTHR,148,0.0783,12,136
9,9,2046,RETL,79,0.0389,3,76
9,9,2046,WSLE,29,0.0402,1,28
9,9,2047,AGRI,64,0.0374,2,62
9,9,2047,CONS,12,0.0342,0,12
9,9,2047,FOOD,106,0.0227,2,104
9,9,2047,GVED,196,0.0574,11,185
9,9,2047,HLTH,12,0.0418,1,11
9,9,2047,MANU,19,0.0373,1,18
9,9,2047,MING,14,0.0035,0,14
9,9,2047,OFFI,36,0.1151,4,32
9,9,2047,OTHR,149,0.0791,12,137
9,9,2047,RETL,79,0.0391,3,76
9,9,2047,WSLE,29,0.0405,1,28
9,9,2048,AGRI,63,0.0377,2,61
9,9,2048,CONS,12,0.0345,0,12
9,9,2048,FOOD,106,0.0229,2,104
9,9,2048,GVED,197,0.0579,11,186
9,9,2048,HLTH,13,0.0422,1,12
9,9,2048,MANU,19,0.0377,1,18
9,9,2048,MING,15,0.0035,0,15
9,9,2048,OFFI,37,0.1161,4,33
9,9,2048,OTHR,151,0.0796,12,139
9,9,2048,RETL,80,0.0395,3,77
9,9,2048,WSLE,29,0.0408,1,28
9,9,2049,AGRI,63,0.038,2,61
9,9,2049,CONS,12,0.0348,0,12
9,9,2049,FOOD,106,0.023,2,104
9,9,2049,GVED,197,0.0583,11,186
9,9,2049,HLTH,13,0.0425,1,12
9,9,2049,MANU,19,0.038,1,18
9,9,2049,MING,15,0.0036,0,15
9,9,2049,OFFI,38,0.117,4,34
9,9,2049,OTHR,151,0.0803,12,139
9,9,2049,RETL,80,0.0398,3,77
9,9,2049,WSLE,29,0.0412,1,28
9,9,2050,AGRI,63,0.0383,2,61
9,9,2050,CONS,12,0.035,0,12
9,9,2050,FOOD,105,0.0232,2,103
9,9,2050,GVED,199,0.0588,12,187
9,9,2050,HLTH,13,0.0428,1,12
9,9,2050,MANU,19,0.0383,1,18
9,9,2050,MING,15,0.0036,0,15
9,9,2050,OFFI,38,0.1179,4,34
9,9,2050,OTHR,154,0.0806,12,142
9,9,2050,RETL,81,0.0401,3,78
9,9,2050,WSLE,29,0.0415,1,28
9,9,2051,AGRI,63,0.0387,2,61
9,9,2051,CONS,12,0.0354,0,12
9,9,2051,FOOD,105,0.0235,2,103
9,9,2051,GVED,198,0.0594,12,186
9,9,2051,HLTH,14,0.0433,1,13
9,9,2051,MANU,20,0.0387,1,19
9,9,2051,MING,15,0.0036,0,15
9,9,2051,OFFI,38,0.1192,5,33
9,9,2051,OTHR,155,0.0812,13,142
9,9,2051,RETL,81,0.0405,3,78
9,9,2051,WSLE,29,0.0419,1,28
9,9,2052,AGRI,62,0.0389,2,60
9,9,2052,CONS,12,0.0356,0,12
9,9,2052,FOOD,103,0.0236,2,101
9,9,2052,GVED,199,0.0597,12,187
9,9,2052,HLTH,14,0.0435,1,13
9,9,2052,MANU,20,0.0389,1,19
9,9,2052,MING,15,0.0036,0,15
9,9,2052,OFFI,39,0.1197,5,34
9,9,2052,OTHR,155,0.0818,13,142
9,9,2052,RETL,82,0.0407,3,79
9,9,2052,WSLE,28,0.0423,1,27
9,9,2053,AGRI,62,0.0392,2,60
9,9,2053,CONS,12,0.0359,0,12
9,9,2053,FOOD,103,0.0238,2,101
9,9,2053,GVED,198,0.0602,12,186
9,9,2053,HLTH,14,0.0439,1,13
9,9,2053,MANU,20,0.0392,1,19
9,9,2053,MING,16,0.0037,0,16
9,9,2053,OFFI,39,0.1209,5,34
9,9,2053,OTHR,157,0.0824,13,144
9,9,2053,RETL,82,0.0411,3,79
9,9,2053,WSLE,28,0.0427,1,27
9,9,2054,AGRI,62,0.0395,2,60
9,9,2054,CONS,12,0.0362,0,12
9,9,2054,FOOD,102,0.024,2,100
9,9,2054,GVED,200,0.0607,12,188
9,9,2054,HLTH,15,0.0442,1,14
9,9,2054,MANU,20,0.0395,1,19
9,9,2054,MING,16,0.0037,0,16
9,9,2054,OFFI,39,0.1218,5,34
9,9,2054,OTHR,159,0.0829,13,146
9,9,2054,RETL,81,0.0414,3,78
9,9,2054,WSLE,28,0.043,1,27
9,9,2055,AGRI,62,0.0398,2,60
9,9,2055,CONS,13,0.0364,0,13
9,9,2055,FOOD,102,0.0241,2,100
9,9,2055,GVED,199,0.0611,12,187
9,9,2055,HLTH,15,0.0445,1,14
9,9,2055,MANU,20,0.0398,1,19
9,9,2055,MING,16,0.0037,0,16
9,9,2055,OFFI,40,0.1226,5,35
9,9,2055,OTHR,160,0.0837,13,147
9,9,2055,RETL,83,0.0417,3,80
9,9,2055,WSLE,28,0.0433,1,27
9,9,2056,AGRI,62,0.0401,2,60
9,9,2056,CONS,13,0.0367,0,13
9,9,2056,FOOD,101,0.0243,2,99
9,9,2056,GVED,198,0.0617,12,186
9,9,2056,HLTH,15,0.0449,1,14
9,9,2056,MANU,20,0.0401,1,19
9,9,2056,MING,16,0.0038,0,16
9,9,2056,OFFI,40,0.1236,5,35
9,9,2056,OTHR,161,0.084,14,147
9,9,2056,RETL,82,0.042,3,79
9,9,2056,WSLE,28,0.0437,1,27
9,9,2057,AGRI,62,0.0405,3,59
9,9,2057,CONS,13,0.037,0,13
9,9,2057,FOOD,100,0.0245,2,98
9,9,2057,GVED,197,0.0621,12,185
9,9,2057,HLTH,16,0.0452,1,15
9,9,2057,MANU,21,0.0404,1,20
9,9,2057,MING,16,0.0038,0,16
9,9,2057,OFFI,40,0.1246,5,35
9,9,2057,OTHR,163,0.0845,14,149
9,9,2057,RETL,82,0.0424,3,79
9,9,2057,WSLE,28,0.044,1,27
9,9,2058,AGRI,61,0.0407,2,59
9,9,2058,CONS,13,0.0372,0,13
9,9,2058,FOOD,100,0.0247,2,98
9,9,2058,GVED,196,0.0625,12,184
9,9,2058,HLTH,16,0.0455,1,15
9,9,2058,MANU,21,0.0407,1,20
9,9,2058,MING,15,0.0038,0,15
9,9,2058,OFFI,40,0.1253,5,35
9,9,2058,OTHR,163,0.0852,14,149
9,9,2058,RETL,82,0.0426,3,79
9,9,2058,WSLE,28,0.0443,1,27
9,9,2059,AGRI,61,0.041,3,58
9,9,2059,CONS,13,0.0375,0,13
9,9,2059,FOOD,99,0.0248,2,97
9,9,2059,GVED,196,0.0629,12,184
9,9,2059,HLTH,16,0.0458,1,15
9,9,2059,MANU,21,0.0409,1,20
9,9,2059,MING,15,0.0038,0,15
9,9,2059,OFFI,40,0.1262,5,35
9,9,2059,OTHR,165,0.0857,14,151
9,9,2059,RETL,82,0.0429,4,78
9,9,2059,WSLE,28,0.0453,1,27
9,9,2060,AGRI,61,0.0412,3,58
9,9,2060,CONS,13,0.0377,0,13
9,9,2060,FOOD,98,0.025,2,96
9,9,2060,GVED,196,0.0633,12,184
9,9,2060,HLTH,17,0.046,1,16
9,9,2060,MANU,21,0.0412,1,20
9,9,2060,MING,15,0.0039,0,15
9,9,2060,OFFI,41,0.1268,5,36
9,9,2060,OTHR,167,0.086,14,153
9,9,2060,RETL,81,0.0431,3,78
9,9,2060,WSLE,28,0.0455,1,27
9,9,2061,AGRI,61,0.0415,3,58
9,9,2061,CONS,12,0.038,0,12
9,9,2061,FOOD,98,0.0252,2,96
9,9,2061,GVED,196,0.0638,13,183
9,9,2061,HLTH,18,0.0464,1,17
9,9,2061,MANU,21,0.0415,1,20
9,9,2061,MING,15,0.0039,0,15
9,9,2061,OFFI,41,0.1279,5,36
9,9,2061,OTHR,167,0.0867,14,153
9,9,2061,RETL,81,0.0435,4,77
9,9,2061,WSLE,28,0.0459,1,27
9,9,2062,AGRI,61,0.0418,3,58
9,9,2062,CONS,12,0.0382,0,12
9,9,2062,FOOD,97,0.0253,2,95
9,9,2062,GVED,194,0.0641,12,182
9,9,2062,HLTH,18,0.0467,1,17
9,9,2062,MANU,21,0.0417,1,20
9,9,2062,MING,15,0.0039,0,15
9,9,2062,OFFI,42,0.1286,5,37
9,9,2062,OTHR,169,0.0871,15,154
9,9,2062,RETL,82,0.0437,4,78
9,9,2062,WSLE,28,0.0461,1,27
9,9,2063,AGRI,61,0.042,3,58
9,9,2063,CONS,12,0.0385,0,12
9,9,2063,FOOD,97,0.0255,2,95
9,9,2063,GVED,194,0.0646,13,181
9,9,2063,HLTH,19,0.047,1,18
9,9,2063,MANU,22,0.042,1,21
9,9,2063,MING,15,0.0039,0,15
9,9,2063,OFFI,42,0.1295,5,37
9,9,2063,OTHR,171,0.0878,15,156
9,9,2063,RETL,82,0.044,4,78
9,9,2063,WSLE,28,0.0464,1,27
9,9,2064,AGRI,60,0.0423,3,57
9,9,2064,CONS,12,0.0387,0,12
9,9,2064,FOOD,96,0.0256,2,94
9,9,2064,GVED,194,0.0649,13,181
9,9,2064,HLTH,19,0.0473,1,18
9,9,2064,MANU,22,0.0423,1,21
9,9,2064,MING,15,0.004,0,15
9,9,2064,OFFI,42,0.1302,5,37
9,9,2064,OTHR,172,0.0885,15,157
9,9,2064,RETL,82,0.0443,4,78
9,9,2064,WSLE,28,0.0467,1,27
9,9,2065,AGRI,60,0.0427,3,57
9,9,2065,CONS,12,0.039,0,12
9,9,2065,FOOD,96,0.0259,2,94
9,9,2065,GVED,194,0.0655,13,181
9,9,2065,HLTH,19,0.0477,1,18
9,9,2065,MANU,22,0.0426,1,21
9,9,2065,MING,15,0.004,0,15
9,9,2065,OFFI,42,0.1314,6,36
9,9,2065,OTHR,173,0.0889,15,158
9,9,2065,RETL,82,0.0447,4,78
9,9,2065,WSLE,28,0.0471,1,27
11,11,2023,AGRI,882,0.0117,10,872
11,11,2023,CONS,15195,0.0135,205,14990
11,11,2023,FOOD,12261,0.009,110,12151
11,11,2023,GVED,43984,0.0199,875,43109
11,11,2023,HLTH,18658,0.0165,308,18350
11,11,2023,MANU,14428,0.0148,214,14214
11,11,2023,MING,339,0.0014,0,339
11,11,2023,OFFI,20451,0.0456,933,19518
11,11,2023,OTHR,59305,0.0361,2141,57164
11,11,2023,RETL,22041,0.0155,342,21699
11,11,2023,WSLE,13932,0.0163,227,13705
11,11,2024,AGRI,883,0.0116,10,873
11,11,2024,CONS,15310,0.0134,205,15105
11,11,2024,FOOD,12284,0.0089,109,12175
11,11,2024,GVED,45581,0.0198,903,44678
11,11,2024,HLTH,18992,0.0164,311,18681
11,11,2024,MANU,14856,0.0147,218,14638
11,11,2024,MING,409,0.0014,1,408
11,11,2024,OFFI,20112,0.0452,909,19203
11,11,2024,OTHR,58677,0.0357,2095,56582
11,11,2024,RETL,21875,0.0154,337,21538
11,11,2024,WSLE,13612,0.0162,221,13391
11,11,2025,AGRI,880,0.0126,11,869
11,11,2025,CONS,15580,0.0147,229,15351
11,11,2025,FOOD,12220,0.0097,119,12101
11,11,2025,GVED,46211,0.0216,998,45213
11,11,2025,HLTH,19746,0.0179,353,19393
11,11,2025,MANU,15049,0.016,241,14808
11,11,2025,MING,405,0.0015,1,404
11,11,2025,OFFI,20365,0.0493,1004,19361
11,11,2025,OTHR,59471,0.039,2319,57152
11,11,2025,RETL,21861,0.0168,367,21494
11,11,2025,WSLE,13864,0.0176,244,13620
11,11,2026,AGRI,879,0.0129,11,868
11,11,2026,CONS,15715,0.0149,234,15481
11,11,2026,FOOD,12216,0.0099,121,12095
11,11,2026,GVED,46325,0.0219,1015,45310
11,11,2026,HLTH,20304,0.0182,370,19934
11,11,2026,MANU,15079,0.0163,246,14833
11,11,2026,MING,415,0.0015,1,414
11,11,2026,OFFI,20165,0.0501,1010,19155
11,11,2026,OTHR,59970,0.0396,2375,57595
11,11,2026,RETL,21662,0.017,368,21294
11,11,2026,WSLE,13923,0.0179,249,13674
11,11,2027,AGRI,875,0.0131,11,864
11,11,2027,CONS,15898,0.0151,240,15658
11,11,2027,FOOD,12163,0.01,122,12041
11,11,2027,GVED,46419,0.0222,1031,45388
11,11,2027,HLTH,20804,0.0185,385,20419
11,11,2027,MANU,15122,0.0165,250,14872
11,11,2027,MING,420,0.0016,1,419
11,11,2027,OFFI,19990,0.051,1019,18971
11,11,2027,OTHR,60519,0.0401,2427,58092
11,11,2027,RETL,21738,0.0173,376,21362
11,11,2027,WSLE,14021,0.0182,255,13766
11,11,2028,AGRI,869,0.0133,12,857
11,11,2028,CONS,16141,0.0154,249,15892
11,11,2028,FOOD,12078,0.0102,123,11955
11,11,2028,GVED,46397,0.0226,1049,45348
11,11,2028,HLTH,21140,0.0188,397,20743
11,11,2028,MANU,15161,0.0168,255,14906
11,11,2028,MING,401,0.0016,1,400
11,11,2028,OFFI,19960,0.0517,1032,18928
11,11,2028,OTHR,61140,0.0404,2470,58670
11,11,2028,RETL,21680,0.0176,382,21298
11,11,2028,WSLE,14000,0.0185,259,13741
11,11,2029,AGRI,863,0.0134,12,851
11,11,2029,CONS,16443,0.0156,257,16186
11,11,2029,FOOD,11972,0.0103,123,11849
11,11,2029,GVED,46403,0.0229,1063,45340
11,11,2029,HLTH,21466,0.019,408,21058
11,11,2029,MANU,15306,0.017,260,15046
11,11,2029,MING,376,0.0016,1,375
11,11,2029,OFFI,20059,0.0524,1051,19008
11,11,2029,OTHR,61897,0.0409,2532,59365
11,11,2029,RETL,21717,0.0178,387,21330
11,11,2029,WSLE,13998,0.0187,262,13736
11,11,2030,AGRI,858,0.0136,12,846
11,11,2030,CONS,16649,0.0158,263,16386
11,11,2030,FOOD,11832,0.0104,123,11709
11,11,2030,GVED,46606,0.0232,1081,45525
11,11,2030,HLTH,21835,0.0193,421,21414
11,11,2030,MANU,15517,0.0172,267,15250
11,11,2030,MING,368,0.0016,1,367
11,11,2030,OFFI,20186,0.0531,1072,19114
11,11,2030,OTHR,62469,0.0414,2586,59883
11,11,2030,RETL,21900,0.018,394,21506
11,11,2030,WSLE,13964,0.019,265,13699
11,11,2031,AGRI,854,0.0138,12,842
11,11,2031,CONS,16772,0.016,268,16504
11,11,2031,FOOD,11630,0.0106,123,11507
11,11,2031,GVED,46223,0.0235,1086,45137
11,11,2031,HLTH,22170,0.0195,432,21738
11,11,2031,MANU,15715,0.0174,273,15442
11,11,2031,MING,370,0.0016,1,369
11,11,2031,OFFI,20271,0.0537,1089,19182
11,11,2031,OTHR,62918,0.0419,2636,60282
11,11,2031,RETL,22107,0.0183,405,21702
11,11,2031,WSLE,13942,0.0192,268,13674
11,11,2032,AGRI,849,0.0139,12,837
11,11,2032,CONS,16920,0.0161,272,16648
11,11,2032,FOOD,11475,0.0107,123,11352
11,11,2032,GVED,46051,0.0238,1096,44955
11,11,2032,HLTH,22497,0.0197,443,22054
11,11,2032,MANU,15873,0.0176,279,15594
11,11,2032,MING,385,0.0017,1,384
11,11,2032,OFFI,20358,0.0543,1105,19253
11,11,2032,OTHR,63576,0.0424,2696,60880
11,11,2032,RETL,22249,0.0185,412,21837
11,11,2032,WSLE,13893,0.0194,270,13623
11,11,2033,AGRI,851,0.0141,12,839
11,11,2033,CONS,17175,0.0163,280,16895
11,11,2033,FOOD,11411,0.0108,123,11288
11,11,2033,GVED,45936,0.0241,1107,44829
11,11,2033,HLTH,22819,0.0199,454,22365
11,11,2033,MANU,16030,0.0178,285,15745
11,11,2033,MING,404,0.0017,1,403
11,11,2033,OFFI,20536,0.055,1129,19407
11,11,2033,OTHR,64278,0.0429,2758,61520
11,11,2033,RETL,22387,0.0187,419,21968
11,11,2033,WSLE,13843,0.0197,273,13570
11,11,2034,AGRI,853,0.0142,12,841
11,11,2034,CONS,17548,0.0165,290,17258
11,11,2034,FOOD,11777,0.0109,128,11649
11,11,2034,GVED,45931,0.0245,1125,44806
11,11,2034,HLTH,23226,0.0202,469,22757
11,11,2034,MANU,16176,0.0181,293,15883
11,11,2034,MING,419,0.0017,1,418
11,11,2034,OFFI,20868,0.0557,1162,19706
11,11,2034,OTHR,65701,0.0432,2838,62863
11,11,2034,RETL,22586,0.0189,427,22159
11,11,2034,WSLE,13799,0.02,276,13523
11,11,2035,AGRI,852,0.0143,12,840
11,11,2035,CONS,17662,0.0167,295,17367
11,11,2035,FOOD,11252,0.011,124,11128
11,11,2035,GVED,45738,0.0247,1130,44608
11,11,2035,HLTH,23313,0.0204,476,22837
11,11,2035,MANU,16289,0.0182,296,15993
11,11,2035,MING,424,0.0017,1,423
11,11,2035,OFFI,21069,0.0561,1182,19887
11,11,2035,OTHR,64584,0.044,2842,61742
11,11,2035,RETL,22477,0.0191,429,22048
11,11,2035,WSLE,13538,0.0202,273,13265
11,11,2036,AGRI,851,0.0144,12,839
11,11,2036,CONS,17860,0.0168,300,17560
11,11,2036,FOOD,11262,0.0112,126,11136
11,11,2036,GVED,45689,0.025,1142,44547
11,11,2036,HLTH,23549,0.0206,485,23064
11,11,2036,MANU,16511,0.0184,304,16207
11,11,2036,MING,419,0.0017,1,418
11,11,2036,OFFI,21324,0.0567,1209,20115
11,11,2036,OTHR,64988,0.0445,2892,62096
11,11,2036,RETL,22572,0.0193,436,22136
11,11,2036,WSLE,13379,0.0204,273,13106
11,11,2037,AGRI,852,0.0146,12,840
11,11,2037,CONS,17995,0.017,306,17689
11,11,2037,FOOD,11318,0.0113,128,11190
11,11,2037,GVED,45725,0.0253,1157,44568
11,11,2037,HLTH,23835,0.0208,496,23339
11,11,2037,MANU,16742,0.0186,311,16431
11,11,2037,MING,415,0.0017,1,414
11,11,2037,OFFI,21557,0.0573,1235,20322
11,11,2037,OTHR,65663,0.045,2955,62708
11,11,2037,RETL,22767,0.0195,444,22323
11,11,2037,WSLE,13277,0.0207,275,13002
11,11,2038,AGRI,852,0.0147,13,839
11,11,2038,CONS,18105,0.0172,311,17794
11,11,2038,FOOD,11339,0.0114,129,11210
11,11,2038,GVED,45829,0.0256,1173,44656
11,11,2038,HLTH,24167,0.021,508,23659
11,11,2038,MANU,16948,0.0188,319,16629
11,11,2038,MING,414,0.0018,1,413
11,11,2038,OFFI,21793,0.0579,1262,20531
11,11,2038,OTHR,66639,0.0455,3032,63607
11,11,2038,RETL,22986,0.0197,453,22533
11,11,2038,WSLE,13244,0.0209,277,12967
11,11,2039,AGRI,852,0.0148,13,839
11,11,2039,CONS,18208,0.0174,317,17891
11,11,2039,FOOD,11387,0.0115,131,11256
11,11,2039,GVED,46011,0.0259,1192,44819
11,11,2039,HLTH,24493,0.0212,519,23974
11,11,2039,MANU,17142,0.019,326,16816
11,11,2039,MING,412,0.0018,1,411
11,11,2039,OFFI,22015,0.0585,1288,20727
11,11,2039,OTHR,67638,0.046,3111,64527
11,11,2039,RETL,23243,0.0199,463,22780
11,11,2039,WSLE,13217,0.0212,280,12937
11,11,2040,AGRI,852,0.0149,13,839
11,11,2040,CONS,18288,0.0175,320,17968
11,11,2040,FOOD,11429,0.0116,133,11296
11,11,2040,GVED,46394,0.0262,1216,45178
11,11,2040,HLTH,24845,0.0214,532,24313
11,11,2040,MANU,17325,0.0192,333,16992
11,11,2040,MING,411,0.0018,1,410
11,11,2040,OFFI,22245,0.0591,1315,20930
11,11,2040,OTHR,68571,0.0464,3182,65389
11,11,2040,RETL,23497,0.0201,472,23025
11,11,2040,WSLE,13199,0.0214,282,12917
11,11,2041,AGRI,851,0.0151,13,838
11,11,2041,CONS,18329,0.0177,324,18005
11,11,2041,FOOD,11495,0.0117,134,11361
11,11,2041,GVED,46387,0.0265,1229,45158
11,11,2041,HLTH,25164,0.0217,546,24618
11,11,2041,MANU,17494,0.0194,339,17155
11,11,2041,MING,411,0.0018,1,410
11,11,2041,OFFI,22454,0.0597,1341,21113
11,11,2041,OTHR,69461,0.0469,3258,66203
11,11,2041,RETL,23779,0.0203,483,23296
11,11,2041,WSLE,13193,0.0217,286,12907
11,11,2042,AGRI,850,0.0152,13,837
11,11,2042,CONS,18396,0.0179,329,18067
11,11,2042,FOOD,11539,0.0119,137,11402
11,11,2042,GVED,46595,0.0268,1249,45346
11,11,2042,HLTH,25462,0.0219,558,24904
11,11,2042,MANU,17652,0.0195,344,17308
11,11,2042,MING,414,0.0018,1,413
11,11,2042,OFFI,22745,0.0603,1372,21373
11,11,2042,OTHR,70353,0.0474,3335,67018
11,11,2042,RETL,24028,0.0205,493,23535
11,11,2042,WSLE,13202,0.0219,289,12913
11,11,2043,AGRI,851,0.0153,13,838
11,11,2043,CONS,18467,0.0181,334,18133
11,11,2043,FOOD,11599,0.012,139,11460
11,11,2043,GVED,46838,0.0271,1269,45569
11,11,2043,HLTH,25734,0.0221,569,25165
11,11,2043,MANU,17775,0.0197,350,17425
11,11,2043,MING,417,0.0019,1,416
11,11,2043,OFFI,22997,0.0609,1401,21596
11,11,2043,OTHR,71194,0.0479,3410,67784
11,11,2043,RETL,24291,0.0207,503,23788
11,11,2043,WSLE,13209,0.0222,293,12916
11,11,2044,AGRI,850,0.0154,13,837
11,11,2044,CONS,18518,0.0182,337,18181
11,11,2044,FOOD,11644,0.0121,141,11503
11,11,2044,GVED,47090,0.0273,1286,45804
11,11,2044,HLTH,26034,0.0223,581,25453
11,11,2044,MANU,17899,0.0199,356,17543
11,11,2044,MING,414,0.0019,1,413
11,11,2044,OFFI,23282,0.0615,1432,21850
11,11,2044,OTHR,72050,0.0483,3480,68570
11,11,2044,RETL,24542,0.0209,513,24029
11,11,2044,WSLE,13217,0.0224,296,12921
11,11,2045,AGRI,849,0.0156,13,836
11,11,2045,CONS,18650,0.0184,343,18307
11,11,2045,FOOD,11701,0.0122,143,11558
11,11,2045,GVED,47373,0.0276,1307,46066
11,11,2045,HLTH,26351,0.0225,593,25758
11,11,2045,MANU,18059,0.0201,363,17696
11,11,2045,MING,412,0.0019,1,411
11,11,2045,OFFI,23562,0.0621,1463,22099
11,11,2045,OTHR,72877,0.0488,3556,69321
11,11,2045,RETL,24826,0.0211,524,24302
11,11,2045,WSLE,13224,0.0227,300,12924
11,11,2046,AGRI,849,0.0157,13,836
11,11,2046,CONS,18882,0.0186,351,18531
11,11,2046,FOOD,11743,0.0123,144,11599
11,11,2046,GVED,47673,0.0279,1330,46343
11,11,2046,HLTH,26666,0.0227,605,26061
11,11,2046,MANU,18221,0.0203,370,17851
11,11,2046,MING,412,0.0019,1,411
11,11,2046,OFFI,23910,0.0627,1499,22411
11,11,2046,OTHR,73626,0.0493,3630,69996
11,11,2046,RETL,25089,0.0213,534,24555
11,11,2046,WSLE,13227,0.0229,303,12924
11,11,2047,AGRI,848,0.0158,13,835
11,11,2047,CONS,19193,0.0188,361,18832
11,11,2047,FOOD,11787,0.0124,146,11641
11,11,2047,GVED,47978,0.0282,1353,46625
11,11,2047,HLTH,26975,0.023,620,26355
11,11,2047,MANU,18378,0.0205,377,18001
11,11,2047,MING,412,0.0019,1,411
11,11,2047,OFFI,24317,0.0633,1539,22778
11,11,2047,OTHR,74312,0.0498,3701,70611
11,11,2047,RETL,25377,0.0215,546,24831
11,11,2047,WSLE,13226,0.0232,307,12919
11,11,2048,AGRI,848,0.016,14,834
11,11,2048,CONS,19558,0.019,372,19186
11,11,2048,FOOD,11841,0.0126,149,11692
11,11,2048,GVED,48289,0.0285,1376,46913
11,11,2048,HLTH,27257,0.0232,632,26625
11,11,2048,MANU,18541,0.0207,384,18157
11,11,2048,MING,416,0.0019,1,415
11,11,2048,OFFI,24740,0.0639,1581,23159
11,11,2048,OTHR,74902,0.0503,3768,71134
11,11,2048,RETL,25648,0.0217,557,25091
11,11,2048,WSLE,13220,0.0235,311,12909
11,11,2049,AGRI,846,0.0161,14,832
11,11,2049,CONS,19973,0.0192,383,19590
11,11,2049,FOOD,11901,0.0127,151,11750
11,11,2049,GVED,48592,0.0288,1399,47193
11,11,2049,HLTH,27542,0.0234,644,26898
11,11,2049,MANU,18708,0.0209,391,18317
11,11,2049,MING,418,0.002,1,417
11,11,2049,OFFI,25161,0.0646,1625,23536
11,11,2049,OTHR,75468,0.0509,3841,71627
11,11,2049,RETL,25920,0.0219,568,25352
11,11,2049,WSLE,13210,0.0237,313,12897
11,11,2050,AGRI,844,0.0163,14,830
11,11,2050,CONS,20412,0.0194,396,20016
11,11,2050,FOOD,11964,0.0128,153,11811
11,11,2050,GVED,49111,0.0291,1429,47682
11,11,2050,HLTH,27822,0.0237,659,27163
11,11,2050,MANU,18878,0.0212,400,18478
11,11,2050,MING,421,0.002,1,420
11,11,2050,OFFI,25550,0.0652,1666,23884
11,11,2050,OTHR,76042,0.0514,3909,72133
11,11,2050,RETL,26205,0.0222,582,25623
11,11,2050,WSLE,13203,0.024,317,12886
11,11,2051,AGRI,843,0.0164,14,829
11,11,2051,CONS,20835,0.0196,408,20427
11,11,2051,FOOD,12006,0.013,156,11850
11,11,2051,GVED,49172,0.0294,1446,47726
11,11,2051,HLTH,28060,0.0239,671,27389
11,11,2051,MANU,19055,0.0214,408,18647
11,11,2051,MING,422,0.002,1,421
11,11,2051,OFFI,25869,0.0659,1705,24164
11,11,2051,OTHR,76515,0.0519,3971,72544
11,11,2051,RETL,26447,0.0224,592,25855
11,11,2051,WSLE,13176,0.0243,320,12856
11,11,2052,AGRI,842,0.0166,14,828
11,11,2052,CONS,21239,0.0198,421,20818
11,11,2052,FOOD,12045,0.0131,158,11887
11,11,2052,GVED,49448,0.0297,1469,47979
11,11,2052,HLTH,28280,0.0242,684,27596
11,11,2052,MANU,19215,0.0216,415,18800
11,11,2052,MING,425,0.002,1,424
11,11,2052,OFFI,26136,0.0666,1741,24395
11,11,2052,OTHR,76961,0.0525,4040,72921
11,11,2052,RETL,26678,0.0226,603,26075
11,11,2052,WSLE,13150,0.0245,322,12828
11,11,2053,AGRI,839,0.0167,14,825
11,11,2053,CONS,21639,0.02,433,21206
11,11,2053,FOOD,12081,0.0132,159,11922
11,11,2053,GVED,49727,0.03,1492,48235
11,11,2053,HLTH,28482,0.0244,695,27787
11,11,2053,MANU,19349,0.0218,422,18927
11,11,2053,MING,427,0.002,1,426
11,11,2053,OFFI,26341,0.0672,1770,24571
11,11,2053,OTHR,77441,0.053,4104,73337
11,11,2053,RETL,26896,0.0229,616,26280
11,11,2053,WSLE,13134,0.0248,326,12808
11,11,2054,AGRI,839,0.0169,14,825
11,11,2054,CONS,22059,0.0202,446,21613
11,11,2054,FOOD,12108,0.0134,162,11946
11,11,2054,GVED,50004,0.0304,1520,48484
11,11,2054,HLTH,28672,0.0246,705,27967
11,11,2054,MANU,19471,0.022,428,19043
11,11,2054,MING,429,0.0021,1,428
11,11,2054,OFFI,26538,0.0679,1802,24736
11,11,2054,OTHR,77876,0.0536,4174,73702
11,11,2054,RETL,27111,0.0231,626,26485
11,11,2054,WSLE,13111,0.0251,329,12782
11,11,2055,AGRI,836,0.017,14,822
11,11,2055,CONS,22491,0.0204,459,22032
11,11,2055,FOOD,12132,0.0135,164,11968
11,11,2055,GVED,50265,0.0307,1543,48722
11,11,2055,HLTH,28844,0.0249,718,28126
11,11,2055,MANU,19576,0.0222,435,19141
11,11,2055,MING,429,0.0021,1,428
11,11,2055,OFFI,26714,0.0686,1833,24881
11,11,2055,OTHR,78307,0.0541,4236,74071
11,11,2055,RETL,27314,0.0233,636,26678
11,11,2055,WSLE,13099,0.0254,333,12766
11,11,2056,AGRI,833,0.0172,14,819
11,11,2056,CONS,22773,0.0206,469,22304
11,11,2056,FOOD,12135,0.0136,165,11970
11,11,2056,GVED,50517,0.031,1566,48951
11,11,2056,HLTH,29066,0.0251,730,28336
11,11,2056,MANU,19659,0.0225,442,19217
11,11,2056,MING,424,0.0021,1,423
11,11,2056,OFFI,26878,0.0692,1860,25018
11,11,2056,OTHR,78774,0.0546,4301,74473
11,11,2056,RETL,27458,0.0235,645,26813
11,11,2056,WSLE,13097,0.0257,337,12760
11,11,2057,AGRI,832,0.0173,14,818
11,11,2057,CONS,22952,0.0208,477,22475
11,11,2057,FOOD,12118,0.0138,167,11951
11,11,2057,GVED,50739,0.0313,1588,49151
11,11,2057,HLTH,29266,0.0254,743,28523
11,11,2057,MANU,19755,0.0227,448,19307
11,11,2057,MING,415,0.0021,1,414
11,11,2057,OFFI,27050,0.0699,1891,25159
11,11,2057,OTHR,79153,0.0551,4361,74792
11,11,2057,RETL,27565,0.0238,656,26909
11,11,2057,WSLE,13081,0.0259,339,12742
11,11,2058,AGRI,829,0.0175,15,814
11,11,2058,CONS,23074,0.0209,482,22592
11,11,2058,FOOD,12100,0.0139,168,11932
11,11,2058,GVED,50932,0.0316,1609,49323
11,11,2058,HLTH,29462,0.0256,754,28708
11,11,2058,MANU,19856,0.0229,455,19401
11,11,2058,MING,406,0.0021,1,405
11,11,2058,OFFI,27223,0.0705,1919,25304
11,11,2058,OTHR,79490,0.0557,4428,75062
11,11,2058,RETL,27665,0.024,664,27001
11,11,2058,WSLE,13063,0.0262,342,12721
11,11,2059,AGRI,827,0.0176,15,812
11,11,2059,CONS,23161,0.0211,489,22672
11,11,2059,FOOD,12076,0.014,169,11907
11,11,2059,GVED,51092,0.0319,1630,49462
11,11,2059,HLTH,29664,0.0258,765,28899
11,11,2059,MANU,19958,0.0231,461,19497
11,11,2059,MING,399,0.0022,1,398
11,11,2059,OFFI,27395,0.0712,1951,25444
11,11,2059,OTHR,79791,0.0562,4484,75307
11,11,2059,RETL,27759,0.0242,672,27087
11,11,2059,WSLE,13045,0.0265,346,12699
11,11,2060,AGRI,824,0.0177,15,809
11,11,2060,CONS,23218,0.0213,495,22723
11,11,2060,FOOD,12048,0.0141,170,11878
11,11,2060,GVED,51449,0.0322,1657,49792
11,11,2060,HLTH,29848,0.0261,779,29069
11,11,2060,MANU,20058,0.0233,467,19591
11,11,2060,MING,394,0.0022,1,393
11,11,2060,OFFI,27559,0.0718,1979,25580
11,11,2060,OTHR,80059,0.0567,4539,75520
11,11,2060,RETL,27835,0.0244,679,27156
11,11,2060,WSLE,13025,0.0267,348,12677
11,11,2061,AGRI,823,0.0179,15,808
11,11,2061,CONS,23260,0.0215,500,22760
11,11,2061,FOOD,12021,0.0143,172,11849
11,11,2061,GVED,51311,0.0325,1668,49643
11,11,2061,HLTH,30035,0.0263,790,29245
11,11,2061,MANU,20160,0.0235,474,19686
11,11,2061,MING,392,0.0022,1,391
11,11,2061,OFFI,27717,0.0725,2009,25708
11,11,2061,OTHR,80358,0.0572,4596,75762
11,11,2061,RETL,27920,0.0246,687,27233
11,11,2061,WSLE,13005,0.027,351,12654
11,11,2062,AGRI,821,0.018,15,806
11,11,2062,CONS,23300,0.0217,506,22794
11,11,2062,FOOD,11995,0.0144,173,11822
11,11,2062,GVED,51423,0.0328,1687,49736
11,11,2062,HLTH,30225,0.0265,801,29424
11,11,2062,MANU,20266,0.0237,480,19786
11,11,2062,MING,390,0.0022,1,389
11,11,2062,OFFI,27870,0.0731,2037,25833
11,11,2062,OTHR,80691,0.0576,4648,76043
11,11,2062,RETL,28010,0.0248,695,27315
11,11,2062,WSLE,12985,0.0273,354,12631
11,11,2063,AGRI,820,0.0182,15,805
11,11,2063,CONS,23337,0.0219,511,22826
11,11,2063,FOOD,11971,0.0145,174,11797
11,11,2063,GVED,51532,0.0331,1706,49826
11,11,2063,HLTH,30418,0.0268,815,29603
11,11,2063,MANU,20374,0.0239,487,19887
11,11,2063,MING,389,0.0022,1,388
11,11,2063,OFFI,28018,0.0737,2065,25953
11,11,2063,OTHR,81029,0.0581,4708,76321
11,11,2063,RETL,28105,0.0251,705,27400
11,11,2063,WSLE,12967,0.0275,357,12610
11,11,2064,AGRI,819,0.0183,15,804
11,11,2064,CONS,23371,0.0221,516,22855
11,11,2064,FOOD,11946,0.0146,174,11772
11,11,2064,GVED,51644,0.0334,1725,49919
11,11,2064,HLTH,30612,0.027,827,29785
11,11,2064,MANU,20482,0.0241,494,19988
11,11,2064,MING,387,0.0023,1,386
11,11,2064,OFFI,28163,0.0744,2095,26068
11,11,2064,OTHR,81368,0.0586,4768,76600
11,11,2064,RETL,28205,0.0253,714,27491
11,11,2064,WSLE,12947,0.0278,360,12587
11,11,2065,AGRI,817,0.0184,15,802
11,11,2065,CONS,23403,0.0223,522,22881
11,11,2065,FOOD,11922,0.0148,176,11746
11,11,2065,GVED,51754,0.0337,1744,50010
11,11,2065,HLTH,30807,0.0272,838,29969
11,11,2065,MANU,20591,0.0243,500,20091
11,11,2065,MING,387,0.0023,1,386
11,11,2065,OFFI,28304,0.075,2123,26181
11,11,2065,OTHR,81708,0.0591,4829,76879
11,11,2065,RETL,28307,0.0255,722,27585
11,11,2065,WSLE,12929,0.0281,363,12566
13,13,2023,AGRI,1305,0.0258,34,1271
13,13,2023,CONS,698,0.0287,20,678
13,13,2023,FOOD,532,0.019,10,522
13,13,2023,GVED,2727,0.0479,131,2596
13,13,2023,HLTH,350,0.0351,12,338
13,13,2023,MANU,256,0.0314,8,248
13,13,2023,MING,1928,0.0029,6,1922
13,13,2023,OFFI,776,0.097,75,701
13,13,2023,OTHR,2240,0.0753,169,2071
13,13,2023,RETL,1276,0.0329,42,1234
13,13,2023,WSLE,1089,0.0325,35,1054
13,13,2024,AGRI,1309,0.025,33,1276
13,13,2024,CONS,825,0.0278,23,802
13,13,2024,FOOD,534,0.0184,10,524
13,13,2024,GVED,2784,0.0464,129,2655
13,13,2024,HLTH,331,0.034,11,320
13,13,2024,MANU,290,0.0304,9,281
13,13,2024,MING,1958,0.0029,6,1952
13,13,2024,OFFI,784,0.0939,74,710
13,13,2024,OTHR,2481,0.0733,182,2299
13,13,2024,RETL,1236,0.0318,39,1197
13,13,2024,WSLE,1064,0.0313,33,1031
13,13,2025,AGRI,1305,0.0264,34,1271
13,13,2025,CONS,827,0.0294,24,803
13,13,2025,FOOD,535,0.0195,10,525
13,13,2025,GVED,2898,0.0491,142,2756
13,13,2025,HLTH,343,0.0359,12,331
13,13,2025,MANU,294,0.0321,9,285
13,13,2025,MING,1932,0.003,6,1926
13,13,2025,OFFI,791,0.0993,79,712
13,13,2025,OTHR,2529,0.0776,196,2333
13,13,2025,RETL,1232,0.0337,42,1190
13,13,2025,WSLE,1081,0.0331,36,1045
13,13,2026,AGRI,1309,0.0268,35,1274
13,13,2026,CONS,1391,0.03,42,1349
13,13,2026,FOOD,577,0.0199,11,566
13,13,2026,GVED,2957,0.05,148,2809
13,13,2026,HLTH,358,0.0366,13,345
13,13,2026,MANU,327,0.0327,11,316
13,13,2026,MING,1974,0.0031,6,1968
13,13,2026,OFFI,792,0.1012,80,712
13,13,2026,OTHR,2587,0.079,204,2383
13,13,2026,RETL,1254,0.0343,43,1211
13,13,2026,WSLE,1091,0.0337,37,1054
13,13,2027,AGRI,1305,0.0273,36,1269
13,13,2027,CONS,1958,0.0305,60,1898
13,13,2027,FOOD,617,0.0202,12,605
13,13,2027,GVED,3046,0.051,155,2891
13,13,2027,HLTH,371,0.0373,14,357
13,13,2027,MANU,360,0.0333,12,348
13,13,2027,MING,1997,0.0031,6,1991
13,13,2027,OFFI,785,0.103,81,704
13,13,2027,OTHR,2649,0.0801,212,2437
13,13,2027,RETL,1287,0.0349,45,1242
13,13,2027,WSLE,1100,0.0344,38,1062
13,13,2028,AGRI,1298,0.0272,35,1263
13,13,2028,CONS,1971,0.0305,60,1911
13,13,2028,FOOD,620,0.0202,13,607
13,13,2028,GVED,3096,0.051,158,2938
13,13,2028,HLTH,376,0.0373,14,362
13,13,2028,MANU,362,0.0333,12,350
13,13,2028,MING,1900,0.0031,6,1894
13,13,2028,OFFI,784,0.103,81,703
13,13,2028,OTHR,2685,0.0799,215,2470
13,13,2028,RETL,1287,0.0349,45,1242
13,13,2028,WSLE,1094,0.0344,38,1056
13,13,2029,AGRI,1291,0.0268,35,1256
13,13,2029,CONS,1448,0.0301,44,1404
13,13,2029,FOOD,584,0.0199,12,572
13,13,2029,GVED,3090,0.0503,155,2935
13,13,2029,HLTH,375,0.0368,14,361
13,13,2029,MANU,336,0.0329,11,325
13,13,2029,MING,1777,0.0031,6,1771
13,13,2029,OFFI,798,0.1015,81,717
13,13,2029,OTHR,2705,0.0788,213,2492
13,13,2029,RETL,1264,0.0344,43,1221
13,13,2029,WSLE,1121,0.0338,38,1083
13,13,2030,AGRI,1284,0.0266,34,1250
13,13,2030,CONS,917,0.0298,27,890
13,13,2030,FOOD,546,0.0197,11,535
13,13,2030,GVED,3045,0.0498,152,2893
13,13,2030,HLTH,376,0.0364,14,362
13,13,2030,MANU,311,0.0326,10,301
13,13,2030,MING,1735,0.0031,5,1730
13,13,2030,OFFI,812,0.1006,82,730
13,13,2030,OTHR,2711,0.0781,212,2499
13,13,2030,RETL,1248,0.0341,43,1205
13,13,2030,WSLE,1145,0.0334,38,1107
13,13,2031,AGRI,1280,0.0268,34,1246
13,13,2031,CONS,916,0.0301,28,888
13,13,2031,FOOD,539,0.0199,11,528
13,13,2031,GVED,3029,0.0503,152,2877
13,13,2031,HLTH,383,0.0368,14,369
13,13,2031,MANU,317,0.0329,10,307
13,13,2031,MING,1737,0.0031,5,1732
13,13,2031,OFFI,814,0.1015,83,731
13,13,2031,OTHR,2745,0.0788,216,2529
13,13,2031,RETL,1261,0.0344,43,1218
13,13,2031,WSLE,1137,0.0338,38,1099
13,13,2032,AGRI,1277,0.0271,35,1242
13,13,2032,CONS,920,0.0305,28,892
13,13,2032,FOOD,534,0.0202,11,523
13,13,2032,GVED,3028,0.051,154,2874
13,13,2032,HLTH,390,0.0373,15,375
13,13,2032,MANU,322,0.0333,11,311
13,13,2032,MING,1813,0.0031,6,1807
13,13,2032,OFFI,815,0.103,84,731
13,13,2032,OTHR,2776,0.08,222,2554
13,13,2032,RETL,1272,0.0349,44,1228
13,13,2032,WSLE,1129,0.0343,39,1090
13,13,2033,AGRI,1278,0.0274,35,1243
13,13,2033,CONS,930,0.031,29,901
13,13,2033,FOOD,533,0.0205,11,522
13,13,2033,GVED,3034,0.0518,157,2877
13,13,2033,HLTH,395,0.0378,15,380
13,13,2033,MANU,325,0.0338,11,314
13,13,2033,MING,1888,0.0032,6,1882
13,13,2033,OFFI,817,0.1045,85,732
13,13,2033,OTHR,2804,0.0812,228,2576
13,13,2033,RETL,1282,0.0354,45,1237
13,13,2033,WSLE,1118,0.0349,39,1079
13,13,2034,AGRI,1280,0.0277,35,1245
13,13,2034,CONS,942,0.0313,29,913
13,13,2034,FOOD,531,0.0208,11,520
13,13,2034,GVED,3049,0.0524,160,2889
13,13,2034,HLTH,402,0.0383,15,387
13,13,2034,MANU,329,0.0342,11,318
13,13,2034,MING,1948,0.0032,6,1942
13,13,2034,OFFI,820,0.1057,87,733
13,13,2034,OTHR,2847,0.0823,234,2613
13,13,2034,RETL,1290,0.0359,46,1244
13,13,2034,WSLE,1104,0.0354,39,1065
13,13,2035,AGRI,1279,0.028,36,1243
13,13,2035,CONS,951,0.0317,30,921
13,13,2035,FOOD,528,0.021,11,517
13,13,2035,GVED,3050,0.053,162,2888
13,13,2035,HLTH,404,0.0387,16,388
13,13,2035,MANU,333,0.0346,12,321
13,13,2035,MING,1964,0.0033,6,1958
13,13,2035,OFFI,826,0.1069,88,738
13,13,2035,OTHR,2834,0.0833,236,2598
13,13,2035,RETL,1291,0.0363,47,1244
13,13,2035,WSLE,1083,0.0358,39,1044
13,13,2036,AGRI,1281,0.0281,36,1245
13,13,2036,CONS,956,0.0319,30,926
13,13,2036,FOOD,530,0.0211,11,519
13,13,2036,GVED,3050,0.0534,163,2887
13,13,2036,HLTH,407,0.039,16,391
13,13,2036,MANU,339,0.0349,12,327
13,13,2036,MING,1935,0.0033,6,1929
13,13,2036,OFFI,833,0.1077,90,743
13,13,2036,OTHR,2859,0.0839,240,2619
13,13,2036,RETL,1289,0.0365,47,1242
13,13,2036,WSLE,1064,0.0362,39,1025
13,13,2037,AGRI,1281,0.0283,36,1245
13,13,2037,CONS,954,0.0321,31,923
13,13,2037,FOOD,532,0.0213,11,521
13,13,2037,GVED,3052,0.0537,164,2888
13,13,2037,HLTH,410,0.0392,16,394
13,13,2037,MANU,345,0.0351,12,333
13,13,2037,MING,1901,0.0033,6,1895
13,13,2037,OFFI,840,0.1083,91,749
13,13,2037,OTHR,2893,0.0844,244,2649
13,13,2037,RETL,1290,0.0367,47,1243
13,13,2037,WSLE,1049,0.0364,38,1011
13,13,2038,AGRI,1281,0.0284,36,1245
13,13,2038,CONS,949,0.0323,31,918
13,13,2038,FOOD,534,0.0214,11,523
13,13,2038,GVED,3058,0.0541,165,2893
13,13,2038,HLTH,414,0.0395,16,398
13,13,2038,MANU,350,0.0353,12,338
13,13,2038,MING,1879,0.0033,6,1873
13,13,2038,OFFI,845,0.109,92,753
13,13,2038,OTHR,2935,0.0849,249,2686
13,13,2038,RETL,1293,0.037,48,1245
13,13,2038,WSLE,1039,0.0368,38,1001
13,13,2039,AGRI,1282,0.0285,37,1245
13,13,2039,CONS,947,0.0325,31,916
13,13,2039,FOOD,537,0.0215,12,525
13,13,2039,GVED,3077,0.0544,167,2910
13,13,2039,HLTH,420,0.0397,17,403
13,13,2039,MANU,355,0.0355,13,342
13,13,2039,MING,1862,0.0033,6,1856
13,13,2039,OFFI,851,0.1097,93,758
13,13,2039,OTHR,2979,0.0854,254,2725
13,13,2039,RETL,1299,0.0372,48,1251
13,13,2039,WSLE,1028,0.0371,38,990
13,13,2040,AGRI,1280,0.0287,37,1243
13,13,2040,CONS,942,0.0327,31,911
13,13,2040,FOOD,537,0.0217,12,525
13,13,2040,GVED,3098,0.0548,170,2928
13,13,2040,HLTH,425,0.04,17,408
13,13,2040,MANU,359,0.0358,13,346
13,13,2040,MING,1845,0.0034,6,1839
13,13,2040,OFFI,857,0.1104,95,762
13,13,2040,OTHR,3016,0.0859,259,2757
13,13,2040,RETL,1305,0.0375,49,1256
13,13,2040,WSLE,1019,0.0374,38,981
13,13,2041,AGRI,1280,0.0289,37,1243
13,13,2041,CONS,938,0.033,31,907
13,13,2041,FOOD,540,0.0218,12,528
13,13,2041,GVED,3127,0.0553,173,2954
13,13,2041,HLTH,430,0.0403,17,413
13,13,2041,MANU,364,0.036,13,351
13,13,2041,MING,1837,0.0034,6,1831
13,13,2041,OFFI,861,0.1112,96,765
13,13,2041,OTHR,3053,0.0866,264,2789
13,13,2041,RETL,1315,0.0377,50,1265
13,13,2041,WSLE,1011,0.0377,38,973
13,13,2042,AGRI,1278,0.029,37,1241
13,13,2042,CONS,937,0.0332,31,906
13,13,2042,FOOD,540,0.022,12,528
13,13,2042,GVED,3156,0.0557,176,2980
13,13,2042,HLTH,436,0.0406,18,418
13,13,2042,MANU,368,0.0363,13,355
13,13,2042,MING,1840,0.0034,6,1834
13,13,2042,OFFI,868,0.1121,97,771
13,13,2042,OTHR,3091,0.0872,270,2821
13,13,2042,RETL,1326,0.038,50,1276
13,13,2042,WSLE,1003,0.0381,38,965
13,13,2043,AGRI,1277,0.0292,37,1240
13,13,2043,CONS,936,0.0335,31,905
13,13,2043,FOOD,542,0.0222,12,530
13,13,2043,GVED,3196,0.0562,180,3016
13,13,2043,HLTH,442,0.0409,18,424
13,13,2043,MANU,372,0.0366,14,358
13,13,2043,MING,1840,0.0034,6,1834
13,13,2043,OFFI,872,0.113,99,773
13,13,2043,OTHR,3123,0.0879,275,2848
13,13,2043,RETL,1336,0.0383,51,1285
13,13,2043,WSLE,996,0.0384,38,958
13,13,2044,AGRI,1275,0.0294,37,1238
13,13,2044,CONS,934,0.0337,31,903
13,13,2044,FOOD,543,0.0223,12,531
13,13,2044,GVED,3228,0.0566,183,3045
13,13,2044,HLTH,448,0.0412,18,430
13,13,2044,MANU,376,0.0368,14,362
13,13,2044,MING,1824,0.0035,6,1818
13,13,2044,OFFI,875,0.1138,100,775
13,13,2044,OTHR,3156,0.0884,279,2877
13,13,2044,RETL,1345,0.0386,52,1293
13,13,2044,WSLE,989,0.0387,38,951
13,13,2045,AGRI,1274,0.0296,38,1236
13,13,2045,CONS,937,0.034,32,905
13,13,2045,FOOD,545,0.0225,12,533
13,13,2045,GVED,3260,0.057,186,3074
13,13,2045,HLTH,455,0.0415,19,436
13,13,2045,MANU,381,0.0371,14,367
13,13,2045,MING,1806,0.0035,6,1800
13,13,2045,OFFI,880,0.1145,101,779
13,13,2045,OTHR,3192,0.089,284,2908
13,13,2045,RETL,1357,0.0389,53,1304
13,13,2045,WSLE,983,0.0391,38,945
13,13,2046,AGRI,1273,0.0297,38,1235
13,13,2046,CONS,946,0.0342,32,914
13,13,2046,FOOD,547,0.0226,12,535
13,13,2046,GVED,3294,0.0574,189,3105
13,13,2046,HLTH,463,0.0418,19,444
13,13,2046,MANU,385,0.0373,14,371
13,13,2046,MING,1795,0.0035,6,1789
13,13,2046,OFFI,887,0.1153,102,785
13,13,2046,OTHR,3226,0.0896,289,2937
13,13,2046,RETL,1368,0.0391,53,1315
13,13,2046,WSLE,977,0.0394,38,939
13,13,2047,AGRI,1272,0.0299,38,1234
13,13,2047,CONS,960,0.0345,33,927
13,13,2047,FOOD,548,0.0228,12,536
13,13,2047,GVED,3329,0.0578,192,3137
13,13,2047,HLTH,471,0.0421,20,451
13,13,2047,MANU,390,0.0376,15,375
13,13,2047,MING,1795,0.0035,6,1789
13,13,2047,OFFI,895,0.1162,104,791
13,13,2047,OTHR,3256,0.0903,294,2962
13,13,2047,RETL,1382,0.0395,55,1327
13,13,2047,WSLE,971,0.0398,39,932
13,13,2048,AGRI,1270,0.0302,38,1232
13,13,2048,CONS,979,0.0348,34,945
13,13,2048,FOOD,549,0.023,13,536
13,13,2048,GVED,3363,0.0584,196,3167
13,13,2048,HLTH,478,0.0425,20,458
13,13,2048,MANU,394,0.038,15,379
13,13,2048,MING,1803,0.0036,6,1797
13,13,2048,OFFI,904,0.1172,106,798
13,13,2048,OTHR,3283,0.0911,299,2984
13,13,2048,RETL,1396,0.0398,56,1340
13,13,2048,WSLE,965,0.0402,39,926
13,13,2049,AGRI,1268,0.0304,39,1229
13,13,2049,CONS,999,0.0351,35,964
13,13,2049,FOOD,551,0.0232,13,538
13,13,2049,GVED,3396,0.0589,200,3196
13,13,2049,HLTH,485,0.0428,21,464
13,13,2049,MANU,400,0.0383,15,385
13,13,2049,MING,1812,0.0036,7,1805
13,13,2049,OFFI,912,0.1183,108,804
13,13,2049,OTHR,3308,0.0918,304,3004
13,13,2049,RETL,1410,0.0401,57,1353
13,13,2049,WSLE,959,0.0406,39,920
13,13,2050,AGRI,1266,0.0306,39,1227
13,13,2050,CONS,1019,0.0354,36,983
13,13,2050,FOOD,552,0.0234,13,539
13,13,2050,GVED,3426,0.0594,204,3222
13,13,2050,HLTH,492,0.0432,21,471
13,13,2050,MANU,404,0.0386,16,388
13,13,2050,MING,1822,0.0036,7,1815
13,13,2050,OFFI,919,0.1193,110,809
13,13,2050,OTHR,3333,0.0926,309,3024
13,13,2050,RETL,1423,0.0405,58,1365
13,13,2050,WSLE,952,0.041,39,913
13,13,2051,AGRI,1264,0.0309,39,1225
13,13,2051,CONS,1041,0.0357,37,1004
13,13,2051,FOOD,553,0.0236,13,540
13,13,2051,GVED,3450,0.0599,207,3243
13,13,2051,HLTH,498,0.0436,22,476
13,13,2051,MANU,409,0.039,16,393
13,13,2051,MING,1829,0.0037,7,1822
13,13,2051,OFFI,925,0.1203,111,814
13,13,2051,OTHR,3354,0.0934,313,3041
13,13,2051,RETL,1436,0.0408,59,1377
13,13,2051,WSLE,945,0.0415,39,906
13,13,2052,AGRI,1262,0.0311,39,1223
13,13,2052,CONS,1063,0.036,38,1025
13,13,2052,FOOD,553,0.0238,13,540
13,13,2052,GVED,3472,0.0605,210,3262
13,13,2052,HLTH,505,0.044,22,483
13,13,2052,MANU,414,0.0393,16,398
13,13,2052,MING,1837,0.0037,7,1830
13,13,2052,OFFI,930,0.1214,113,817
13,13,2052,OTHR,3374,0.0942,318,3056
13,13,2052,RETL,1448,0.0412,60,1388
13,13,2052,WSLE,938,0.0419,39,899
13,13,2053,AGRI,1259,0.0313,39,1220
13,13,2053,CONS,1088,0.0363,39,1049
13,13,2053,FOOD,554,0.0241,13,541
13,13,2053,GVED,3494,0.061,213,3281
13,13,2053,HLTH,511,0.0444,23,488
13,13,2053,MANU,418,0.0397,17,401
13,13,2053,MING,1848,0.0037,7,1841
13,13,2053,OFFI,934,0.1224,114,820
13,13,2053,OTHR,3399,0.0951,323,3076
13,13,2053,RETL,1462,0.0416,61,1401
13,13,2053,WSLE,932,0.0423,39,893
13,13,2054,AGRI,1256,0.0316,40,1216
13,13,2054,CONS,1111,0.0366,41,1070
13,13,2054,FOOD,554,0.0243,13,541
13,13,2054,GVED,3511,0.0615,216,3295
13,13,2054,HLTH,518,0.0448,23,495
13,13,2054,MANU,422,0.04,17,405
13,13,2054,MING,1853,0.0038,7,1846
13,13,2054,OFFI,935,0.1235,115,820
13,13,2054,OTHR,3417,0.0959,328,3089
13,13,2054,RETL,1476,0.0419,62,1414
13,13,2054,WSLE,928,0.0428,40,888
13,13,2055,AGRI,1253,0.0318,40,1213
13,13,2055,CONS,1135,0.0369,42,1093
13,13,2055,FOOD,555,0.0245,14,541
13,13,2055,GVED,3525,0.062,219,3306
13,13,2055,HLTH,523,0.0451,24,499
13,13,2055,MANU,425,0.0403,17,408
13,13,2055,MING,1851,0.0038,7,1844
13,13,2055,OFFI,937,0.1245,117,820
13,13,2055,OTHR,3439,0.0967,333,3106
13,13,2055,RETL,1485,0.0423,63,1422
13,13,2055,WSLE,921,0.0432,40,881
13,13,2056,AGRI,1252,0.032,40,1212
13,13,2056,CONS,1143,0.0372,43,1100
13,13,2056,FOOD,553,0.0246,14,539
13,13,2056,GVED,3528,0.0625,220,3308
13,13,2056,HLTH,529,0.0454,24,505
13,13,2056,MANU,428,0.0406,17,411
13,13,2056,MING,1831,0.0038,7,1824
13,13,2056,OFFI,940,0.1254,118,822
13,13,2056,OTHR,3458,0.0973,336,3122
13,13,2056,RETL,1491,0.0426,64,1427
13,13,2056,WSLE,918,0.0435,40,878
13,13,2057,AGRI,1249,0.0321,40,1209
13,13,2057,CONS,1144,0.0374,43,1101
13,13,2057,FOOD,551,0.0248,14,537
13,13,2057,GVED,3525,0.0628,221,3304
13,13,2057,HLTH,535,0.0457,24,511
13,13,2057,MANU,431,0.0408,18,413
13,13,2057,MING,1791,0.0038,7,1784
13,13,2057,OFFI,942,0.126,119,823
13,13,2057,OTHR,3475,0.0978,340,3135
13,13,2057,RETL,1492,0.0428,64,1428
13,13,2057,WSLE,911,0.0438,40,871
13,13,2058,AGRI,1245,0.0323,40,1205
13,13,2058,CONS,1142,0.0376,43,1099
13,13,2058,FOOD,548,0.0249,14,534
13,13,2058,GVED,3523,0.0631,222,3301
13,13,2058,HLTH,539,0.0459,25,514
13,13,2058,MANU,434,0.041,18,416
13,13,2058,MING,1754,0.0039,7,1747
13,13,2058,OFFI,946,0.1267,120,826
13,13,2058,OTHR,3492,0.0983,343,3149
13,13,2058,RETL,1493,0.043,64,1429
13,13,2058,WSLE,905,0.0441,40,865
13,13,2059,AGRI,1241,0.0324,40,1201
13,13,2059,CONS,1141,0.0378,43,1098
13,13,2059,FOOD,546,0.025,14,532
13,13,2059,GVED,3520,0.0635,224,3296
13,13,2059,HLTH,543,0.0462,25,518
13,13,2059,MANU,437,0.0413,18,419
13,13,2059,MING,1725,0.0039,7,1718
13,13,2059,OFFI,949,0.1274,121,828
13,13,2059,OTHR,3507,0.0989,347,3160
13,13,2059,RETL,1493,0.0433,65,1428
13,13,2059,WSLE,902,0.0444,40,862
13,13,2060,AGRI,1237,0.0326,40,1197
13,13,2060,CONS,1139,0.038,43,1096
13,13,2060,FOOD,544,0.0252,14,530
13,13,2060,GVED,3521,0.0639,225,3296
13,13,2060,HLTH,547,0.0465,25,522
13,13,2060,MANU,440,0.0415,18,422
13,13,2060,MING,1707,0.0039,7,1700
13,13,2060,OFFI,952,0.1282,122,830
13,13,2060,OTHR,3523,0.0995,351,3172
13,13,2060,RETL,1495,0.0435,65,1430
13,13,2060,WSLE,896,0.0448,40,856
13,13,2061,AGRI,1235,0.0327,40,1195
13,13,2061,CONS,1137,0.0383,44,1093
13,13,2061,FOOD,541,0.0253,14,527
13,13,2061,GVED,3521,0.0643,226,3295
13,13,2061,HLTH,551,0.0468,26,525
13,13,2061,MANU,444,0.0418,19,425
13,13,2061,MING,1691,0.0039,7,1684
13,13,2061,OFFI,956,0.129,123,833
13,13,2061,OTHR,3539,0.1001,354,3185
13,13,2061,RETL,1497,0.0438,66,1431
13,13,2061,WSLE,892,0.0451,40,852
13,13,2062,AGRI,1233,0.0329,41,1192
13,13,2062,CONS,1135,0.0385,44,1091
13,13,2062,FOOD,540,0.0255,14,526
13,13,2062,GVED,3522,0.0647,228,3294
13,13,2062,HLTH,555,0.0471,26,529
13,13,2062,MANU,447,0.0421,19,428
13,13,2062,MING,1677,0.004,7,1670
13,13,2062,OFFI,959,0.1298,124,835
13,13,2062,OTHR,3556,0.1007,358,3198
13,13,2062,RETL,1499,0.0441,66,1433
13,13,2062,WSLE,887,0.0455,40,847
13,13,2063,AGRI,1231,0.0331,41,1190
13,13,2063,CONS,1133,0.0388,44,1089
13,13,2063,FOOD,538,0.0257,14,524
13,13,2063,GVED,3523,0.0652,230,3293
13,13,2063,HLTH,560,0.0474,27,533
13,13,2063,MANU,451,0.0423,19,432
13,13,2063,MING,1666,0.004,7,1659
13,13,2063,OFFI,962,0.1306,126,836
13,13,2063,OTHR,3575,0.1014,363,3212
13,13,2063,RETL,1500,0.0444,67,1433
13,13,2063,WSLE,883,0.0459,41,842
13,13,2064,AGRI,1228,0.0333,41,1187
13,13,2064,CONS,1131,0.039,44,1087
13,13,2064,FOOD,536,0.0258,14,522
13,13,2064,GVED,3525,0.0656,231,3294
13,13,2064,HLTH,565,0.0477,27,538
13,13,2064,MANU,454,0.0426,19,435
13,13,2064,MING,1656,0.004,7,1649
13,13,2064,OFFI,966,0.1315,127,839
13,13,2064,OTHR,3594,0.102,367,3227
13,13,2064,RETL,1502,0.0446,67,1435
13,13,2064,WSLE,878,0.0462,41,837
13,13,2065,AGRI,1226,0.0334,41,1185
13,13,2065,CONS,1130,0.0393,44,1086
13,13,2065,FOOD,535,0.026,14,521
13,13,2065,GVED,3526,0.066,233,3293
13,13,2065,HLTH,569,0.048,27,542
13,13,2065,MANU,458,0.0429,20,438
13,13,2065,MING,1647,0.004,7,1640
13,13,2065,OFFI,968,0.1323,128,840
13,13,2065,OTHR,3612,0.1027,371,3241
13,13,2065,RETL,1503,0.0449,67,1436
13,13,2065,WSLE,874,0.0466,41,833
15,15,2023,AGRI,603,0.0301,18,585
15,15,2023,CONS,706,0.0275,19,687
15,15,2023,FOOD,277,0.0182,5,272
15,15,2023,GVED,839,0.0454,38,801
15,15,2023,HLTH,229,0.0336,8,221
15,15,2023,MANU,50,0.0301,2,48
15,15,2023,MING,418,0.0028,1,417
15,15,2023,OFFI,372,0.0929,35,337
15,15,2023,OTHR,997,0.0717,71,926
15,15,2023,RETL,721,0.0315,23,698
15,15,2023,WSLE,473,0.0293,14,459
15,15,2024,AGRI,604,0.0309,19,585
15,15,2024,CONS,656,0.0283,19,637
15,15,2024,FOOD,278,0.0188,5,273
15,15,2024,GVED,842,0.0467,39,803
15,15,2024,HLTH,250,0.0346,9,241
15,15,2024,MANU,49,0.0309,2,47
15,15,2024,MING,442,0.0029,1,441
15,15,2024,OFFI,316,0.0956,30,286
15,15,2024,OTHR,790,0.0722,57,733
15,15,2024,RETL,704,0.0324,23,681
15,15,2024,WSLE,543,0.0321,17,526
15,15,2025,AGRI,601,0.0337,20,581
15,15,2025,CONS,962,0.0309,30,932
15,15,2025,FOOD,283,0.0204,6,277
15,15,2025,GVED,864,0.0509,44,820
15,15,2025,HLTH,259,0.0377,10,249
15,15,2025,MANU,50,0.0337,2,48
15,15,2025,MING,502,0.0032,2,500
15,15,2025,OFFI,318,0.1042,33,285
15,15,2025,OTHR,806,0.0785,63,743
15,15,2025,RETL,728,0.0353,26,702
15,15,2025,WSLE,539,0.0351,19,520
15,15,2026,AGRI,602,0.034,20,582
15,15,2026,CONS,795,0.0311,25,770
15,15,2026,FOOD,284,0.0206,6,278
15,15,2026,GVED,876,0.0513,45,831
15,15,2026,HLTH,264,0.038,10,254
15,15,2026,MANU,50,0.034,2,48
15,15,2026,MING,576,0.0032,2,574
15,15,2026,OFFI,317,0.105,33,284
15,15,2026,OTHR,810,0.079,64,746
15,15,2026,RETL,725,0.0356,26,699
15,15,2026,WSLE,536,0.0354,19,517
15,15,2027,AGRI,599,0.0347,21,578
15,15,2027,CONS,869,0.0318,28,841
15,15,2027,FOOD,288,0.021,6,282
15,15,2027,GVED,897,0.0524,47,850
15,15,2027,HLTH,269,0.0388,10,259
15,15,2027,MANU,51,0.0347,2,49
15,15,2027,MING,645,0.0033,2,643
15,15,2027,OFFI,313,0.1072,34,279
15,15,2027,OTHR,820,0.0802,66,754
15,15,2027,RETL,736,0.0363,27,709
15,15,2027,WSLE,540,0.0362,20,520
15,15,2028,AGRI,595,0.0349,21,574
15,15,2028,CONS,686,0.0319,22,664
15,15,2028,FOOD,287,0.0211,6,281
15,15,2028,GVED,906,0.0527,48,858
15,15,2028,HLTH,271,0.039,11,260
15,15,2028,MANU,51,0.0348,2,49
15,15,2028,MING,689,0.0033,2,687
15,15,2028,OFFI,313,0.1077,34,279
15,15,2028,OTHR,828,0.0802,66,762
15,15,2028,RETL,732,0.0365,27,705
15,15,2028,WSLE,526,0.0364,19,507
15,15,2029,AGRI,592,0.0349,21,571
15,15,2029,CONS,666,0.0319,21,645
15,15,2029,FOOD,285,0.0211,6,279
15,15,2029,GVED,909,0.0527,48,861
15,15,2029,HLTH,273,0.039,11,262
15,15,2029,MANU,52,0.0349,2,50
15,15,2029,MING,659,0.0033,2,657
15,15,2029,OFFI,312,0.1077,34,278
15,15,2029,OTHR,837,0.0802,67,770
15,15,2029,RETL,731,0.0365,27,704
15,15,2029,WSLE,514,0.0365,19,495
15,15,2030,AGRI,588,0.035,21,567
15,15,2030,CONS,661,0.032,21,640
15,15,2030,FOOD,281,0.0212,6,275
15,15,2030,GVED,907,0.0529,48,859
15,15,2030,HLTH,277,0.0391,11,266
15,15,2030,MANU,53,0.035,2,51
15,15,2030,MING,646,0.0033,2,644
15,15,2030,OFFI,314,0.1081,34,280
15,15,2030,OTHR,845,0.0804,68,777
15,15,2030,RETL,733,0.0367,27,706
15,15,2030,WSLE,504,0.0367,18,486
15,15,2031,AGRI,584,0.0353,21,563
15,15,2031,CONS,658,0.0323,21,637
15,15,2031,FOOD,277,0.0214,6,271
15,15,2031,GVED,906,0.0534,48,858
15,15,2031,HLTH,280,0.0395,11,269
15,15,2031,MANU,55,0.0353,2,53
15,15,2031,MING,642,0.0033,2,640
15,15,2031,OFFI,314,0.1092,34,280
15,15,2031,OTHR,848,0.0812,69,779
15,15,2031,RETL,738,0.037,27,711
15,15,2031,WSLE,496,0.0371,18,478
15,15,2032,AGRI,581,0.0358,21,560
15,15,2032,CONS,656,0.0327,21,635
15,15,2032,FOOD,273,0.0217,6,267
15,15,2032,GVED,907,0.0541,49,858
15,15,2032,HLTH,283,0.04,11,272
15,15,2032,MANU,56,0.0357,2,54
15,15,2032,MING,655,0.0034,2,653
15,15,2032,OFFI,314,0.1105,35,279
15,15,2032,OTHR,856,0.0821,70,786
15,15,2032,RETL,741,0.0375,28,713
15,15,2032,WSLE,488,0.0376,18,470
15,15,2033,AGRI,581,0.0362,21,560
15,15,2033,CONS,656,0.0331,22,634
15,15,2033,FOOD,272,0.0219,6,266
15,15,2033,GVED,909,0.0547,50,859
15,15,2033,HLTH,286,0.0404,12,274
15,15,2033,MANU,56,0.0362,2,54
15,15,2033,MING,668,0.0034,2,666
15,15,2033,OFFI,314,0.1117,35,279
15,15,2033,OTHR,864,0.083,72,792
15,15,2033,RETL,745,0.0379,28,717
15,15,2033,WSLE,479,0.0381,18,461
15,15,2034,AGRI,581,0.0365,21,560
15,15,2034,CONS,656,0.0334,22,634
15,15,2034,FOOD,273,0.0221,6,267
15,15,2034,GVED,911,0.0553,50,861
15,15,2034,HLTH,289,0.0409,12,277
15,15,2034,MANU,57,0.0365,2,55
15,15,2034,MING,679,0.0034,2,677
15,15,2034,OFFI,315,0.1128,36,279
15,15,2034,OTHR,879,0.0839,74,805
15,15,2034,RETL,749,0.0383,29,720
15,15,2034,WSLE,470,0.0386,18,452
15,15,2035,AGRI,580,0.037,21,559
15,15,2035,CONS,653,0.0338,22,631
15,15,2035,FOOD,269,0.0224,6,263
15,15,2035,GVED,912,0.056,51,861
15,15,2035,HLTH,292,0.0414,12,280
15,15,2035,MANU,57,0.037,2,55
15,15,2035,MING,683,0.0035,2,681
15,15,2035,OFFI,317,0.1142,36,281
15,15,2035,OTHR,864,0.0849,73,791
15,15,2035,RETL,750,0.0387,29,721
15,15,2035,WSLE,462,0.0392,18,444
15,15,2036,AGRI,579,0.0373,22,557
15,15,2036,CONS,653,0.0341,22,631
15,15,2036,FOOD,269,0.0226,6,263
15,15,2036,GVED,912,0.0565,52,860
15,15,2036,HLTH,294,0.0417,12,282
15,15,2036,MANU,58,0.0373,2,56
15,15,2036,MING,680,0.0035,2,678
15,15,2036,OFFI,320,0.1152,37,283
15,15,2036,OTHR,869,0.0856,74,795
15,15,2036,RETL,752,0.0391,29,723
15,15,2036,WSLE,457,0.0396,18,439
15,15,2037,AGRI,578,0.0376,22,556
15,15,2037,CONS,652,0.0344,22,630
15,15,2037,FOOD,270,0.0228,6,264
15,15,2037,GVED,915,0.057,52,863
15,15,2037,HLTH,296,0.0421,12,284
15,15,2037,MANU,59,0.0376,2,57
15,15,2037,MING,676,0.0035,2,674
15,15,2037,OFFI,323,0.1162,38,285
15,15,2037,OTHR,876,0.0863,76,800
15,15,2037,RETL,757,0.0394,30,727
15,15,2037,WSLE,452,0.04,18,434
15,15,2038,AGRI,577,0.0379,22,555
15,15,2038,CONS,652,0.0347,23,629
15,15,2038,FOOD,270,0.023,6,264
15,15,2038,GVED,919,0.0575,53,866
15,15,2038,HLTH,300,0.0424,13,287
15,15,2038,MANU,60,0.0379,2,58
15,15,2038,MING,675,0.0036,2,673
15,15,2038,OFFI,326,0.1171,38,288
15,15,2038,OTHR,887,0.087,77,810
15,15,2038,RETL,761,0.0397,30,731
15,15,2038,WSLE,449,0.0404,18,431
15,15,2039,AGRI,576,0.0383,22,554
15,15,2039,CONS,652,0.035,23,629
15,15,2039,FOOD,271,0.0232,6,265
15,15,2039,GVED,925,0.058,54,871
15,15,2039,HLTH,304,0.0428,13,291
15,15,2039,MANU,61,0.0383,2,59
15,15,2039,MING,674,0.0036,2,672
15,15,2039,OFFI,326,0.1182,39,287
15,15,2039,OTHR,896,0.0876,78,818
15,15,2039,RETL,766,0.0401,31,735
15,15,2039,WSLE,444,0.0408,18,426
15,15,2040,AGRI,574,0.0386,22,552
15,15,2040,CONS,652,0.0353,23,629
15,15,2040,FOOD,271,0.0234,6,265
15,15,2040,GVED,931,0.0585,54,877
15,15,2040,HLTH,307,0.0432,13,294
15,15,2040,MANU,62,0.0386,2,60
15,15,2040,MING,675,0.0036,2,673
15,15,2040,OFFI,330,0.1192,39,291
15,15,2040,OTHR,903,0.0883,80,823
15,15,2040,RETL,771,0.0404,31,740
15,15,2040,WSLE,442,0.0412,18,424
15,15,2041,AGRI,574,0.039,22,552
15,15,2041,CONS,654,0.0357,23,631
15,15,2041,FOOD,272,0.0236,6,266
15,15,2041,GVED,936,0.0591,55,881
15,15,2041,HLTH,311,0.0436,14,297
15,15,2041,MANU,63,0.0389,2,61
15,15,2041,MING,676,0.0037,3,673
15,15,2041,OFFI,331,0.1203,40,291
15,15,2041,OTHR,912,0.089,81,831
15,15,2041,RETL,777,0.0408,32,745
15,15,2041,WSLE,438,0.0417,18,420
15,15,2042,AGRI,572,0.0393,22,550
15,15,2042,CONS,655,0.036,24,631
15,15,2042,FOOD,272,0.0238,6,266
15,15,2042,GVED,944,0.0596,56,888
15,15,2042,HLTH,315,0.044,14,301
15,15,2042,MANU,64,0.0393,3,61
15,15,2042,MING,680,0.0037,3,677
15,15,2042,OFFI,333,0.1215,40,293
15,15,2042,OTHR,918,0.0897,82,836
15,15,2042,RETL,782,0.0412,32,750
15,15,2042,WSLE,435,0.0422,18,417
15,15,2043,AGRI,570,0.0397,23,547
15,15,2043,CONS,657,0.0363,24,633
15,15,2043,FOOD,272,0.0241,7,265
15,15,2043,GVED,953,0.0602,57,896
15,15,2043,HLTH,318,0.0444,14,304
15,15,2043,MANU,64,0.0397,3,61
15,15,2043,MING,683,0.0037,3,680
15,15,2043,OFFI,334,0.1226,41,293
15,15,2043,OTHR,926,0.0905,84,842
15,15,2043,RETL,788,0.0416,33,755
15,15,2043,WSLE,432,0.0426,18,414
15,15,2044,AGRI,569,0.04,23,546
15,15,2044,CONS,658,0.0366,24,634
15,15,2044,FOOD,272,0.0243,7,265
15,15,2044,GVED,962,0.0607,58,904
15,15,2044,HLTH,323,0.0448,14,309
15,15,2044,MANU,65,0.04,3,62
15,15,2044,MING,683,0.0038,3,680
15,15,2044,OFFI,337,0.1236,42,295
15,15,2044,OTHR,931,0.0912,85,846
15,15,2044,RETL,792,0.0419,33,759
15,15,2044,WSLE,430,0.0431,19,411
15,15,2045,AGRI,567,0.0404,23,544
15,15,2045,CONS,661,0.037,24,637
15,15,2045,FOOD,273,0.0245,7,266
15,15,2045,GVED,970,0.0613,59,911
15,15,2045,HLTH,328,0.0452,15,313
15,15,2045,MANU,66,0.0404,3,63
15,15,2045,MING,682,0.0038,3,679
15,15,2045,OFFI,336,0.1247,42,294
15,15,2045,OTHR,938,0.0919,86,852
15,15,2045,RETL,798,0.0423,34,764
15,15,2045,WSLE,427,0.0435,19,408
15,15,2046,AGRI,567,0.0407,23,544
15,15,2046,CONS,665,0.0373,25,640
15,15,2046,FOOD,273,0.0247,7,266
15,15,2046,GVED,979,0.0619,61,918
15,15,2046,HLTH,333,0.0455,15,318
15,15,2046,MANU,66,0.0407,3,63
15,15,2046,MING,683,0.0038,3,680
15,15,2046,OFFI,340,0.1258,43,297
15,15,2046,OTHR,943,0.0926,87,856
15,15,2046,RETL,804,0.0427,34,770
15,15,2046,WSLE,426,0.044,19,407
15,15,2047,AGRI,565,0.0411,23,542
15,15,2047,CONS,670,0.0376,25,645
15,15,2047,FOOD,272,0.0249,7,265
15,15,2047,GVED,988,0.0625,62,926
15,15,2047,HLTH,338,0.046,16,322
15,15,2047,MANU,67,0.0411,3,64
15,15,2047,MING,687,0.0039,3,684
15,15,2047,OFFI,343,0.1269,44,299
15,15,2047,OTHR,947,0.0934,88,859
15,15,2047,RETL,811,0.0431,35,776
15,15,2047,WSLE,424,0.0445,19,405
15,15,2048,AGRI,564,0.0415,23,541
15,15,2048,CONS,675,0.038,26,649
15,15,2048,FOOD,273,0.0252,7,266
15,15,2048,GVED,997,0.0631,63,934
15,15,2048,HLTH,344,0.0464,16,328
15,15,2048,MANU,67,0.0415,3,64
15,15,2048,MING,694,0.0039,3,691
15,15,2048,OFFI,345,0.1282,44,301
15,15,2048,OTHR,951,0.0942,90,861
15,15,2048,RETL,817,0.0435,36,781
15,15,2048,WSLE,421,0.0449,19,402
15,15,2049,AGRI,562,0.0419,24,538
15,15,2049,CONS,682,0.0383,26,656
15,15,2049,FOOD,274,0.0254,7,267
15,15,2049,GVED,1004,0.0637,64,940
15,15,2049,HLTH,349,0.0469,16,333
15,15,2049,MANU,68,0.0419,3,65
15,15,2049,MING,701,0.0039,3,698
15,15,2049,OFFI,349,0.1294,45,304
15,15,2049,OTHR,957,0.095,91,866
15,15,2049,RETL,825,0.0439,36,789
15,15,2049,WSLE,420,0.0454,19,401
15,15,2050,AGRI,561,0.0423,24,537
15,15,2050,CONS,689,0.0387,27,662
15,15,2050,FOOD,274,0.0256,7,267
15,15,2050,GVED,1011,0.0643,65,946
15,15,2050,HLTH,354,0.0473,17,337
15,15,2050,MANU,69,0.0423,3,66
15,15,2050,MING,709,0.004,3,706
15,15,2050,OFFI,352,0.1306,46,306
15,15,2050,OTHR,961,0.0959,92,869
15,15,2050,RETL,833,0.0443,37,796
15,15,2050,WSLE,418,0.046,19,399
15,15,2051,AGRI,559,0.0427,24,535
15,15,2051,CONS,695,0.0391,27,668
15,15,2051,FOOD,274,0.0259,7,267
15,15,2051,GVED,1017,0.065,66,951
15,15,2051,HLTH,358,0.0478,17,341
15,15,2051,MANU,70,0.0427,3,67
15,15,2051,MING,715,0.004,3,712
15,15,2051,OFFI,353,0.1319,47,306
15,15,2051,OTHR,964,0.0967,93,871
15,15,2051,RETL,839,0.0448,38,801
15,15,2051,WSLE,416,0.0465,19,397
15,15,2052,AGRI,557,0.0431,24,533
15,15,2052,CONS,702,0.0395,28,674
15,15,2052,FOOD,273,0.0261,7,266
15,15,2052,GVED,1021,0.0656,67,954
15,15,2052,HLTH,364,0.0482,18,346
15,15,2052,MANU,71,0.0431,3,68
15,15,2052,MING,722,0.0041,3,719
15,15,2052,OFFI,355,0.1332,47,308
15,15,2052,OTHR,969,0.0976,95,874
15,15,2052,RETL,847,0.0452,38,809
15,15,2052,WSLE,415,0.047,20,395
15,15,2053,AGRI,555,0.0436,24,531
15,15,2053,CONS,708,0.0399,28,680
15,15,2053,FOOD,275,0.0264,7,268
15,15,2053,GVED,1023,0.0663,68,955
15,15,2053,HLTH,369,0.0487,18,351
15,15,2053,MANU,72,0.0436,3,69
15,15,2053,MING,730,0.0041,3,727
15,15,2053,OFFI,355,0.1346,48,307
15,15,2053,OTHR,974,0.0985,96,878
15,15,2053,RETL,855,0.0457,39,816
15,15,2053,WSLE,416,0.0475,20,396
15,15,2054,AGRI,554,0.044,24,530
15,15,2054,CONS,714,0.0403,29,685
15,15,2054,FOOD,274,0.0267,7,267
15,15,2054,GVED,1025,0.067,69,956
15,15,2054,HLTH,373,0.0492,18,355
15,15,2054,MANU,72,0.044,3,69
15,15,2054,MING,737,0.0041,3,734
15,15,2054,OFFI,357,0.1358,48,309
15,15,2054,OTHR,977,0.0994,97,880
15,15,2054,RETL,861,0.0461,40,821
15,15,2054,WSLE,414,0.048,20,394
15,15,2055,AGRI,552,0.0444,25,527
15,15,2055,CONS,720,0.0407,29,691
15,15,2055,FOOD,274,0.0269,7,267
15,15,2055,GVED,1025,0.0676,69,956
15,15,2055,HLTH,377,0.0497,19,358
15,15,2055,MANU,73,0.0444,3,70
15,15,2055,MING,742,0.0042,3,739
15,15,2055,OFFI,357,0.1371,49,308
15,15,2055,OTHR,981,0.1002,98,883
15,15,2055,RETL,868,0.0465,40,828
15,15,2055,WSLE,414,0.0485,20,394
15,15,2056,AGRI,550,0.0448,25,525
15,15,2056,CONS,724,0.041,30,694
15,15,2056,FOOD,274,0.0272,7,267
15,15,2056,GVED,1025,0.0682,70,955
15,15,2056,HLTH,381,0.0501,19,362
15,15,2056,MANU,74,0.0448,3,71
15,15,2056,MING,741,0.0042,3,738
15,15,2056,OFFI,357,0.1383,49,308
15,15,2056,OTHR,985,0.101,99,886
15,15,2056,RETL,873,0.0469,41,832
15,15,2056,WSLE,415,0.049,20,395
15,15,2057,AGRI,548,0.0451,25,523
15,15,2057,CONS,726,0.0413,30,696
15,15,2057,FOOD,272,0.0274,7,265
15,15,2057,GVED,1025,0.0687,70,955
15,15,2057,HLTH,385,0.0505,19,366
15,15,2057,MANU,74,0.0451,3,71
15,15,2057,MING,736,0.0042,3,733
15,15,2057,OFFI,358,0.1394,50,308
15,15,2057,OTHR,990,0.1017,101,889
15,15,2057,RETL,876,0.0473,41,835
15,15,2057,WSLE,416,0.0494,21,395
15,15,2058,AGRI,546,0.0455,25,521
15,15,2058,CONS,729,0.0416,30,699
15,15,2058,FOOD,272,0.0276,8,264
15,15,2058,GVED,1023,0.0692,71,952
15,15,2058,HLTH,388,0.0509,20,368
15,15,2058,MANU,74,0.0455,3,71
15,15,2058,MING,732,0.0043,3,729
15,15,2058,OFFI,359,0.1404,50,309
15,15,2058,OTHR,993,0.1023,102,891
15,15,2058,RETL,879,0.0477,42,837
15,15,2058,WSLE,416,0.0498,21,395
15,15,2059,AGRI,543,0.0459,25,518
15,15,2059,CONS,731,0.042,31,700
15,15,2059,FOOD,271,0.0278,8,263
15,15,2059,GVED,1022,0.0698,71,951
15,15,2059,HLTH,390,0.0513,20,370
15,15,2059,MANU,74,0.0458,3,71
15,15,2059,MING,730,0.0043,3,727
15,15,2059,OFFI,360,0.1416,51,309
15,15,2059,OTHR,996,0.103,103,893
15,15,2059,RETL,881,0.048,42,839
15,15,2059,WSLE,416,0.0502,21,395
15,15,2060,AGRI,541,0.0462,25,516
15,15,2060,CONS,733,0.0423,31,702
15,15,2060,FOOD,270,0.028,8,262
15,15,2060,GVED,1020,0.0704,72,948
15,15,2060,HLTH,392,0.0517,20,372
15,15,2060,MANU,75,0.0462,3,72
15,15,2060,MING,729,0.0043,3,726
15,15,2060,OFFI,361,0.1427,52,309
15,15,2060,OTHR,999,0.1038,104,895
15,15,2060,RETL,885,0.0484,43,842
15,15,2060,WSLE,418,0.0507,21,397
15,15,2061,AGRI,539,0.0466,25,514
15,15,2061,CONS,736,0.0427,31,705
15,15,2061,FOOD,270,0.0283,8,262
15,15,2061,GVED,1017,0.0709,72,945
15,15,2061,HLTH,394,0.0521,21,373
15,15,2061,MANU,76,0.0466,4,72
15,15,2061,MING,729,0.0044,3,726
15,15,2061,OFFI,361,0.1439,52,309
15,15,2061,OTHR,1002,0.1046,105,897
15,15,2061,RETL,888,0.0488,43,845
15,15,2061,WSLE,419,0.0512,21,398
15,15,2062,AGRI,538,0.047,25,513
15,15,2062,CONS,738,0.043,32,706
15,15,2062,FOOD,269,0.0285,8,261
15,15,2062,GVED,1015,0.0715,73,942
15,15,2062,HLTH,396,0.0525,21,375
15,15,2062,MANU,77,0.047,4,73
15,15,2062,MING,729,0.0044,3,726
15,15,2062,OFFI,361,0.145,52,309
15,15,2062,OTHR,1007,0.1054,106,901
15,15,2062,RETL,893,0.0492,44,849
15,15,2062,WSLE,418,0.0516,22,396
15,15,2063,AGRI,536,0.0474,25,511
15,15,2063,CONS,740,0.0433,32,708
15,15,2063,FOOD,269,0.0287,8,261
15,15,2063,GVED,1014,0.0721,73,941
15,15,2063,HLTH,399,0.053,21,378
15,15,2063,MANU,77,0.0473,4,73
15,15,2063,MING,729,0.0044,3,726
15,15,2063,OFFI,363,0.1462,53,310
15,15,2063,OTHR,1012,0.1061,107,905
15,15,2063,RETL,897,0.0496,44,853
15,15,2063,WSLE,420,0.052,22,398
15,15,2064,AGRI,534,0.0477,25,509
15,15,2064,CONS,742,0.0437,32,710
15,15,2064,FOOD,269,0.0289,8,261
15,15,2064,GVED,1012,0.0726,73,939
15,15,2064,HLTH,401,0.0534,21,380
15,15,2064,MANU,78,0.0477,4,74
15,15,2064,MING,729,0.0045,3,726
15,15,2064,OFFI,363,0.1473,53,310
15,15,2064,OTHR,1015,0.1069,109,906
15,15,2064,RETL,901,0.05,45,856
15,15,2064,WSLE,420,0.0525,22,398
15,15,2065,AGRI,533,0.0481,26,507
15,15,2065,CONS,744,0.044,33,711
15,15,2065,FOOD,269,0.0291,8,261
15,15,2065,GVED,1011,0.0732,74,937
15,15,2065,HLTH,404,0.0538,22,382
15,15,2065,MANU,79,0.0481,4,75
15,15,2065,MING,728,0.0045,3,725
15,15,2065,OFFI,365,0.1484,54,311
15,15,2065,OTHR,1020,0.1077,110,910
15,15,2065,RETL,905,0.0504,46,859
15,15,2065,WSLE,419,0.0529,22,397
17,17,2023,AGRI,293,0.0324,9,284
17,17,2023,CONS,162,0.0298,5,157
17,17,2023,FOOD,1123,0.0198,22,1101
17,17,2023,GVED,603,0.0491,30,573
17,17,2023,HLTH,264,0.0364,10,254
17,17,2023,MANU,54,0.0326,2,52
17,17,2023,MING,13,0.0031,0,13
17,17,2023,OFFI,183,0.1008,18,165
17,17,2023,OTHR,530,0.0738,39,491
17,17,2023,RETL,296,0.0341,10,286
17,17,2023,WSLE,144,0.038,5,139
17,17,2024,AGRI,293,0.0323,9,284
17,17,2024,CONS,167,0.0298,5,162
17,17,2024,FOOD,1200,0.0197,24,1176
17,17,2024,GVED,610,0.0489,30,580
17,17,2024,HLTH,269,0.0364,10,259
17,17,2024,MANU,51,0.0325,2,49
17,17,2024,MING,11,0.0031,0,11
17,17,2024,OFFI,154,0.1005,15,139
17,17,2024,OTHR,523,0.0757,40,483
17,17,2024,RETL,307,0.0341,10,297
17,17,2024,WSLE,153,0.038,6,147
17,17,2025,AGRI,292,0.0343,10,282
17,17,2025,CONS,171,0.0316,5,166
17,17,2025,FOOD,1203,0.0209,25,1178
17,17,2025,GVED,621,0.0519,32,589
17,17,2025,HLTH,279,0.0386,11,268
17,17,2025,MANU,52,0.0345,2,50
17,17,2025,MING,10,0.0032,0,10
17,17,2025,OFFI,155,0.1066,17,138
17,17,2025,OTHR,534,0.0804,43,491
17,17,2025,RETL,309,0.0362,11,298
17,17,2025,WSLE,154,0.0404,6,148
17,17,2026,AGRI,292,0.0345,10,282
17,17,2026,CONS,174,0.0318,6,168
17,17,2026,FOOD,1213,0.021,25,1188
17,17,2026,GVED,627,0.0522,33,594
17,17,2026,HLTH,289,0.0388,11,278
17,17,2026,MANU,52,0.0347,2,50
17,17,2026,MING,11,0.0033,0,11
17,17,2026,OFFI,155,0.1072,17,138
17,17,2026,OTHR,539,0.0808,44,495
17,17,2026,RETL,311,0.0364,11,300
17,17,2026,WSLE,153,0.0406,6,147
17,17,2027,AGRI,290,0.0347,10,280
17,17,2027,CONS,178,0.032,6,172
17,17,2027,FOOD,1216,0.0212,26,1190
17,17,2027,GVED,632,0.0525,33,599
17,17,2027,HLTH,295,0.0391,12,283
17,17,2027,MANU,53,0.0349,2,51
17,17,2027,MING,11,0.0033,0,11
17,17,2027,OFFI,154,0.1079,17,137
17,17,2027,OTHR,547,0.0808,44,503
17,17,2027,RETL,315,0.0366,12,303
17,17,2027,WSLE,154,0.041,6,148
17,17,2028,AGRI,289,0.035,10,279
17,17,2028,CONS,184,0.0322,6,178
17,17,2028,FOOD,1217,0.0213,26,1191
17,17,2028,GVED,637,0.0529,34,603
17,17,2028,HLTH,299,0.0394,12,287
17,17,2028,MANU,54,0.0352,2,52
17,17,2028,MING,10,0.0033,0,10
17,17,2028,OFFI,153,0.1087,17,136
17,17,2028,OTHR,557,0.0808,45,512
17,17,2028,RETL,318,0.0369,12,306
17,17,2028,WSLE,154,0.0413,6,148
17,17,2029,AGRI,286,0.0352,10,276
17,17,2029,CONS,190,0.0324,6,184
17,17,2029,FOOD,1211,0.0214,26,1185
17,17,2029,GVED,641,0.0532,34,607
17,17,2029,HLTH,303,0.0396,12,291
17,17,2029,MANU,55,0.0354,2,53
17,17,2029,MING,10,0.0033,0,10
17,17,2029,OFFI,154,0.1093,17,137
17,17,2029,OTHR,567,0.081,46,521
17,17,2029,RETL,321,0.0371,12,309
17,17,2029,WSLE,154,0.0417,6,148
17,17,2030,AGRI,285,0.0354,10,275
17,17,2030,CONS,195,0.0326,6,189
17,17,2030,FOOD,1203,0.0216,26,1177
17,17,2030,GVED,645,0.0535,35,610
17,17,2030,HLTH,307,0.0398,12,295
17,17,2030,MANU,56,0.0356,2,54
17,17,2030,MING,9,0.0033,0,9
17,17,2030,OFFI,154,0.1099,17,137
17,17,2030,OTHR,574,0.0814,47,527
17,17,2030,RETL,326,0.0373,12,314
17,17,2030,WSLE,151,0.042,6,145
17,17,2031,AGRI,283,0.0357,10,273
17,17,2031,CONS,197,0.0328,6,191
17,17,2031,FOOD,1187,0.0218,26,1161
17,17,2031,GVED,647,0.054,35,612
17,17,2031,HLTH,312,0.0401,13,299
17,17,2031,MANU,57,0.0359,2,55
17,17,2031,MING,9,0.0034,0,9
17,17,2031,OFFI,154,0.1108,17,137
17,17,2031,OTHR,582,0.082,48,534
17,17,2031,RETL,331,0.0376,12,319
17,17,2031,WSLE,151,0.0425,6,145
17,17,2032,AGRI,282,0.036,10,272
17,17,2032,CONS,199,0.0331,7,192
17,17,2032,FOOD,1176,0.0219,26,1150
17,17,2032,GVED,648,0.0544,35,613
17,17,2032,HLTH,315,0.0405,13,302
17,17,2032,MANU,58,0.0362,2,56
17,17,2032,MING,10,0.0034,0,10
17,17,2032,OFFI,155,0.1118,17,138
17,17,2032,OTHR,587,0.0828,49,538
17,17,2032,RETL,335,0.0379,13,322
17,17,2032,WSLE,150,0.043,6,144
17,17,2033,AGRI,282,0.0363,10,272
17,17,2033,CONS,202,0.0334,7,195
17,17,2033,FOOD,1170,0.0222,26,1144
17,17,2033,GVED,649,0.055,36,613
17,17,2033,HLTH,318,0.0409,13,305
17,17,2033,MANU,59,0.0365,2,57
17,17,2033,MING,10,0.0034,0,10
17,17,2033,OFFI,154,0.1128,17,137
17,17,2033,OTHR,596,0.0835,50,546
17,17,2033,RETL,337,0.0383,13,324
17,17,2033,WSLE,149,0.0434,6,143
17,17,2034,AGRI,281,0.0367,10,271
17,17,2034,CONS,206,0.0338,7,199
17,17,2034,FOOD,1170,0.0224,26,1144
17,17,2034,GVED,651,0.0555,36,615
17,17,2034,HLTH,321,0.0412,13,308
17,17,2034,MANU,60,0.0369,2,58
17,17,2034,MING,11,0.0035,0,11
17,17,2034,OFFI,155,0.1139,18,137
17,17,2034,OTHR,605,0.084,51,554
17,17,2034,RETL,339,0.0386,13,326
17,17,2034,WSLE,148,0.0441,7,141
17,17,2035,AGRI,281,0.0369,10,271
17,17,2035,CONS,207,0.034,7,200
17,17,2035,FOOD,1156,0.0225,26,1130
17,17,2035,GVED,652,0.056,37,615
17,17,2035,HLTH,320,0.0416,13,307
17,17,2035,MANU,61,0.0372,2,59
17,17,2035,MING,11,0.0035,0,11
17,17,2035,OFFI,156,0.1148,18,138
17,17,2035,OTHR,599,0.0853,51,548
17,17,2035,RETL,338,0.0389,13,325
17,17,2035,WSLE,145,0.0445,6,139
17,17,2036,AGRI,280,0.0373,10,270
17,17,2036,CONS,210,0.0343,7,203
17,17,2036,FOOD,1157,0.0227,26,1131
17,17,2036,GVED,654,0.0566,37,617
17,17,2036,HLTH,321,0.0419,13,308
17,17,2036,MANU,61,0.0375,2,59
17,17,2036,MING,11,0.0035,0,11
17,17,2036,OFFI,158,0.1158,18,140
17,17,2036,OTHR,602,0.0861,52,550
17,17,2036,RETL,338,0.0393,13,325
17,17,2036,WSLE,143,0.0451,6,137
17,17,2037,AGRI,280,0.0376,11,269
17,17,2037,CONS,209,0.0346,7,202
17,17,2037,FOOD,1159,0.0229,27,1132
17,17,2037,GVED,658,0.0571,38,620
17,17,2037,HLTH,323,0.0423,14,309
17,17,2037,MANU,62,0.0378,2,60
17,17,2037,MING,10,0.0036,0,10
17,17,2037,OFFI,160,0.1169,19,141
17,17,2037,OTHR,607,0.0869,53,554
17,17,2037,RETL,338,0.0396,13,325
17,17,2037,WSLE,142,0.0456,6,136
17,17,2038,AGRI,280,0.0379,11,269
17,17,2038,CONS,208,0.0349,7,201
17,17,2038,FOOD,1158,0.0231,27,1131
17,17,2038,GVED,662,0.0575,38,624
17,17,2038,HLTH,325,0.0426,14,311
17,17,2038,MANU,63,0.0381,2,61
17,17,2038,MING,10,0.0036,0,10
17,17,2038,OFFI,162,0.1177,19,143
17,17,2038,OTHR,615,0.0875,54,561
17,17,2038,RETL,341,0.0399,14,327
17,17,2038,WSLE,142,0.0461,7,135
17,17,2039,AGRI,279,0.0382,11,268
17,17,2039,CONS,207,0.0352,7,200
17,17,2039,FOOD,1158,0.0233,27,1131
17,17,2039,GVED,668,0.0581,39,629
17,17,2039,HLTH,328,0.043,14,314
17,17,2039,MANU,64,0.0384,2,62
17,17,2039,MING,10,0.0036,0,10
17,17,2039,OFFI,162,0.1187,19,143
17,17,2039,OTHR,622,0.0883,55,567
17,17,2039,RETL,343,0.0403,14,329
17,17,2039,WSLE,141,0.0465,7,134
17,17,2040,AGRI,278,0.0385,11,267
17,17,2040,CONS,206,0.0354,7,199
17,17,2040,FOOD,1155,0.0235,27,1128
17,17,2040,GVED,676,0.0585,40,636
17,17,2040,HLTH,332,0.0433,14,318
17,17,2040,MANU,65,0.0387,3,62
17,17,2040,MING,10,0.0036,0,10
17,17,2040,OFFI,165,0.1196,20,145
17,17,2040,OTHR,629,0.0889,56,573
17,17,2040,RETL,345,0.0406,14,331
17,17,2040,WSLE,141,0.047,7,134
17,17,2041,AGRI,278,0.0388,11,267
17,17,2041,CONS,206,0.0358,7,199
17,17,2041,FOOD,1153,0.0237,27,1126
17,17,2041,GVED,681,0.059,40,641
17,17,2041,HLTH,335,0.0437,15,320
17,17,2041,MANU,66,0.0391,3,63
17,17,2041,MING,10,0.0037,0,10
17,17,2041,OFFI,165,0.1206,20,145
17,17,2041,OTHR,635,0.0896,57,578
17,17,2041,RETL,350,0.0409,14,336
17,17,2041,WSLE,140,0.0475,7,133
17,17,2042,AGRI,277,0.0391,11,266
17,17,2042,CONS,204,0.036,7,197
17,17,2042,FOOD,1150,0.0239,27,1123
17,17,2042,GVED,687,0.0595,41,646
17,17,2042,HLTH,336,0.044,15,321
17,17,2042,MANU,67,0.0393,3,64
17,17,2042,MING,10,0.0037,0,10
17,17,2042,OFFI,166,0.1215,20,146
17,17,2042,OTHR,642,0.0903,58,584
17,17,2042,RETL,352,0.0412,15,337
17,17,2042,WSLE,140,0.048,7,133
17,17,2043,AGRI,276,0.0394,11,265
17,17,2043,CONS,204,0.0363,7,197
17,17,2043,FOOD,1148,0.024,28,1120
17,17,2043,GVED,695,0.06,42,653
17,17,2043,HLTH,338,0.0443,15,323
17,17,2043,MANU,67,0.0396,3,64
17,17,2043,MING,10,0.0037,0,10
17,17,2043,OFFI,167,0.1225,20,147
17,17,2043,OTHR,648,0.091,59,589
17,17,2043,RETL,354,0.0415,15,339
17,17,2043,WSLE,139,0.0484,7,132
17,17,2044,AGRI,276,0.0397,11,265
17,17,2044,CONS,205,0.0365,7,198
17,17,2044,FOOD,1144,0.0242,28,1116
17,17,2044,GVED,702,0.0604,42,660
17,17,2044,HLTH,342,0.0447,15,327
17,17,2044,MANU,68,0.0399,3,65
17,17,2044,MING,10,0.0038,0,10
17,17,2044,OFFI,169,0.1233,21,148
17,17,2044,OTHR,655,0.0916,60,595
17,17,2044,RETL,357,0.0418,15,342
17,17,2044,WSLE,138,0.049,7,131
17,17,2045,AGRI,275,0.04,11,264
17,17,2045,CONS,205,0.0368,8,197
17,17,2045,FOOD,1141,0.0244,28,1113
17,17,2045,GVED,711,0.061,43,668
17,17,2045,HLTH,344,0.045,15,329
17,17,2045,MANU,69,0.0402,3,66
17,17,2045,MING,10,0.0038,0,10
17,17,2045,OFFI,169,0.1243,21,148
17,17,2045,OTHR,660,0.0924,61,599
17,17,2045,RETL,361,0.0422,15,346
17,17,2045,WSLE,138,0.0494,7,131
17,17,2046,AGRI,274,0.0403,11,263
17,17,2046,CONS,208,0.0371,8,200
17,17,2046,FOOD,1137,0.0246,28,1109
17,17,2046,GVED,720,0.0614,44,676
17,17,2046,HLTH,348,0.0454,16,332
17,17,2046,MANU,69,0.0405,3,66
17,17,2046,MING,10,0.0038,0,10
17,17,2046,OFFI,172,0.1252,22,150
17,17,2046,OTHR,666,0.093,62,604
17,17,2046,RETL,365,0.0425,16,349
17,17,2046,WSLE,137,0.0499,7,130
17,17,2047,AGRI,274,0.0406,11,263
17,17,2047,CONS,215,0.0374,8,207
17,17,2047,FOOD,1134,0.0248,28,1106
17,17,2047,GVED,729,0.0619,45,684
17,17,2047,HLTH,351,0.0457,16,335
17,17,2047,MANU,70,0.0409,3,67
17,17,2047,MING,10,0.0038,0,10
17,17,2047,OFFI,172,0.1262,22,150
17,17,2047,OTHR,671,0.0939,63,608
17,17,2047,RETL,370,0.0428,16,354
17,17,2047,WSLE,138,0.0504,7,131
17,17,2048,AGRI,273,0.0409,11,262
17,17,2048,CONS,222,0.0377,8,214
17,17,2048,FOOD,1131,0.025,28,1103
17,17,2048,GVED,738,0.0624,46,692
17,17,2048,HLTH,355,0.0461,16,339
17,17,2048,MANU,71,0.0412,3,68
17,17,2048,MING,10,0.0039,0,10
17,17,2048,OFFI,175,0.1271,22,153
17,17,2048,OTHR,677,0.0945,64,613
17,17,2048,RETL,374,0.0431,16,358
17,17,2048,WSLE,137,0.0508,7,130
17,17,2049,AGRI,273,0.0413,11,262
17,17,2049,CONS,229,0.038,9,220
17,17,2049,FOOD,1129,0.0252,28,1101
17,17,2049,GVED,746,0.063,47,699
17,17,2049,HLTH,357,0.0465,17,340
17,17,2049,MANU,72,0.0416,3,69
17,17,2049,MING,10,0.0039,0,10
17,17,2049,OFFI,175,0.1283,22,153
17,17,2049,OTHR,679,0.0953,65,614
17,17,2049,RETL,377,0.0435,16,361
17,17,2049,WSLE,138,0.0514,7,131
17,17,2050,AGRI,271,0.0416,11,260
17,17,2050,CONS,237,0.0383,9,228
17,17,2050,FOOD,1128,0.0254,29,1099
17,17,2050,GVED,756,0.0635,48,708
17,17,2050,HLTH,361,0.0469,17,344
17,17,2050,MANU,73,0.0419,3,70
17,17,2050,MING,10,0.0039,0,10
17,17,2050,OFFI,177,0.1294,23,154
17,17,2050,OTHR,685,0.096,66,619
17,17,2050,RETL,382,0.0439,17,365
17,17,2050,WSLE,136,0.052,7,129
17,17,2051,AGRI,271,0.042,11,260
17,17,2051,CONS,246,0.0386,9,237
17,17,2051,FOOD,1125,0.0256,29,1096
17,17,2051,GVED,762,0.064,49,713
17,17,2051,HLTH,364,0.0472,17,347
17,17,2051,MANU,74,0.0422,3,71
17,17,2051,MING,10,0.004,0,10
17,17,2051,OFFI,179,0.1304,23,156
17,17,2051,OTHR,690,0.0968,67,623
17,17,2051,RETL,387,0.0442,17,370
17,17,2051,WSLE,136,0.0524,7,129
17,17,2052,AGRI,270,0.0423,11,259
17,17,2052,CONS,255,0.039,10,245
17,17,2052,FOOD,1123,0.0258,29,1094
17,17,2052,GVED,769,0.0645,50,719
17,17,2052,HLTH,366,0.0476,17,349
17,17,2052,MANU,75,0.0426,3,72
17,17,2052,MING,10,0.004,0,10
17,17,2052,OFFI,179,0.1315,24,155
17,17,2052,OTHR,695,0.0976,68,627
17,17,2052,RETL,391,0.0446,17,374
17,17,2052,WSLE,136,0.0529,7,129
17,17,2053,AGRI,269,0.0426,11,258
17,17,2053,CONS,263,0.0393,10,253
17,17,2053,FOOD,1121,0.026,29,1092
17,17,2053,GVED,777,0.065,51,726
17,17,2053,HLTH,369,0.048,18,351
17,17,2053,MANU,75,0.0429,3,72
17,17,2053,MING,10,0.004,0,10
17,17,2053,OFFI,180,0.1325,24,156
17,17,2053,OTHR,700,0.0984,69,631
17,17,2053,RETL,396,0.045,18,378
17,17,2053,WSLE,135,0.0534,7,128
17,17,2054,AGRI,269,0.043,12,257
17,17,2054,CONS,273,0.0396,11,262
17,17,2054,FOOD,1119,0.0262,29,1090
17,17,2054,GVED,784,0.0656,51,733
17,17,2054,HLTH,372,0.0484,18,354
17,17,2054,MANU,76,0.0433,3,73
17,17,2054,MING,10,0.0041,0,10
17,17,2054,OFFI,182,0.1336,24,158
17,17,2054,OTHR,704,0.0991,70,634
17,17,2054,RETL,399,0.0453,18,381
17,17,2054,WSLE,136,0.054,7,129
17,17,2055,AGRI,267,0.0434,12,255
17,17,2055,CONS,282,0.04,11,271
17,17,2055,FOOD,1116,0.0265,30,1086
17,17,2055,GVED,788,0.0662,52,736
17,17,2055,HLTH,373,0.0488,18,355
17,17,2055,MANU,77,0.0436,3,74
17,17,2055,MING,10,0.0041,0,10
17,17,2055,OFFI,181,0.1348,24,157
17,17,2055,OTHR,708,0.0999,71,637
17,17,2055,RETL,404,0.0457,18,386
17,17,2055,WSLE,135,0.0546,7,128
17,17,2056,AGRI,266,0.0437,12,254
17,17,2056,CONS,289,0.0402,12,277
17,17,2056,FOOD,1111,0.0267,30,1081
17,17,2056,GVED,794,0.0666,53,741
17,17,2056,HLTH,375,0.0492,18,357
17,17,2056,MANU,78,0.044,3,75
17,17,2056,MING,10,0.0041,0,10
17,17,2056,OFFI,183,0.1358,25,158
17,17,2056,OTHR,712,0.1006,72,640
17,17,2056,RETL,407,0.0461,19,388
17,17,2056,WSLE,136,0.0551,7,129
17,17,2057,AGRI,266,0.044,12,254
17,17,2057,CONS,295,0.0405,12,283
17,17,2057,FOOD,1105,0.0268,30,1075
17,17,2057,GVED,797,0.0671,53,744
17,17,2057,HLTH,378,0.0495,19,359
17,17,2057,MANU,77,0.0443,3,74
17,17,2057,MING,10,0.0042,0,10
17,17,2057,OFFI,184,0.1367,25,159
17,17,2057,OTHR,717,0.1014,73,644
17,17,2057,RETL,410,0.0464,19,391
17,17,2057,WSLE,136,0.0554,8,128
17,17,2058,AGRI,265,0.0443,12,253
17,17,2058,CONS,298,0.0408,12,286
17,17,2058,FOOD,1100,0.027,30,1070
17,17,2058,GVED,804,0.0676,54,750
17,17,2058,HLTH,378,0.0499,19,359
17,17,2058,MANU,78,0.0446,3,75
17,17,2058,MING,10,0.0042,0,10
17,17,2058,OFFI,184,0.1376,25,159
17,17,2058,OTHR,721,0.1021,74,647
17,17,2058,RETL,410,0.0467,19,391
17,17,2058,WSLE,135,0.0559,8,127
17,17,2059,AGRI,264,0.0446,12,252
17,17,2059,CONS,300,0.0411,12,288
17,17,2059,FOOD,1095,0.0272,30,1065
17,17,2059,GVED,808,0.0681,55,753
17,17,2059,HLTH,379,0.0502,19,360
17,17,2059,MANU,79,0.0449,4,75
17,17,2059,MING,10,0.0042,0,10
17,17,2059,OFFI,185,0.1386,26,159
17,17,2059,OTHR,726,0.1027,75,651
17,17,2059,RETL,412,0.047,19,393
17,17,2059,WSLE,136,0.0564,8,128
17,17,2060,AGRI,262,0.0449,12,250
17,17,2060,CONS,303,0.0414,13,290
17,17,2060,FOOD,1089,0.0274,30,1059
17,17,2060,GVED,814,0.0686,56,758
17,17,2060,HLTH,381,0.0506,19,362
17,17,2060,MANU,79,0.0452,4,75
17,17,2060,MING,10,0.0042,0,10
17,17,2060,OFFI,186,0.1395,26,160
17,17,2060,OTHR,730,0.1034,75,655
17,17,2060,RETL,413,0.0474,20,393
17,17,2060,WSLE,135,0.0569,8,127
17,17,2061,AGRI,262,0.0452,12,250
17,17,2061,CONS,306,0.0416,13,293
17,17,2061,FOOD,1083,0.0276,30,1053
17,17,2061,GVED,816,0.069,56,760
17,17,2061,HLTH,383,0.0509,19,364
17,17,2061,MANU,80,0.0455,4,76
17,17,2061,MING,10,0.0043,0,10
17,17,2061,OFFI,188,0.1405,26,162
17,17,2061,OTHR,734,0.104,76,658
17,17,2061,RETL,414,0.0477,20,394
17,17,2061,WSLE,135,0.0574,8,127
17,17,2062,AGRI,261,0.0455,12,249
17,17,2062,CONS,309,0.0419,13,296
17,17,2062,FOOD,1079,0.0278,30,1049
17,17,2062,GVED,820,0.0695,57,763
17,17,2062,HLTH,385,0.0512,20,365
17,17,2062,MANU,81,0.0458,4,77
17,17,2062,MING,10,0.0043,0,10
17,17,2062,OFFI,189,0.1414,27,162
17,17,2062,OTHR,739,0.1047,77,662
17,17,2062,RETL,416,0.048,20,396
17,17,2062,WSLE,134,0.0579,8,126
17,17,2063,AGRI,260,0.0458,12,248
17,17,2063,CONS,311,0.0422,13,298
17,17,2063,FOOD,1074,0.028,30,1044
17,17,2063,GVED,824,0.0699,58,766
17,17,2063,HLTH,387,0.0516,20,367
17,17,2063,MANU,81,0.0461,4,77
17,17,2063,MING,10,0.0043,0,10
17,17,2063,OFFI,189,0.1424,27,162
17,17,2063,OTHR,744,0.1054,78,666
17,17,2063,RETL,418,0.0483,20,398
17,17,2063,WSLE,134,0.0583,8,126
17,17,2064,AGRI,260,0.0461,12,248
17,17,2064,CONS,314,0.0425,13,301
17,17,2064,FOOD,1070,0.0282,30,1040
17,17,2064,GVED,830,0.0704,58,772
17,17,2064,HLTH,389,0.0519,20,369
17,17,2064,MANU,82,0.0464,4,78
17,17,2064,MING,10,0.0044,0,10
17,17,2064,OFFI,190,0.1433,27,163
17,17,2064,OTHR,750,0.1061,80,670
17,17,2064,RETL,421,0.0486,20,401
17,17,2064,WSLE,134,0.0589,8,126
17,17,2065,AGRI,259,0.0464,12,247
17,17,2065,CONS,316,0.0428,14,302
17,17,2065,FOOD,1066,0.0283,30,1036
17,17,2065,GVED,835,0.0709,59,776
17,17,2065,HLTH,391,0.0523,20,371
17,17,2065,MANU,83,0.0467,4,79
17,17,2065,MING,10,0.0044,0,10
17,17,2065,OFFI,192,0.1443,28,164
17,17,2065,OTHR,753,0.1067,80,673
17,17,2065,RETL,424,0.049,21,403
17,17,2065,WSLE,134,0.0593,8,126
19,19,2023,AGRI,103,0.0305,3,100
19,19,2023,CONS,462,0.0279,13,449
19,19,2023,FOOD,2512,0.0185,46,2466
19,19,2023,GVED,1312,0.0453,59,1253
19,19,2023,HLTH,632,0.0341,22,610
19,19,2023,MANU,162,0.0305,5,157
19,19,2023,MING,117,0.0029,0,117
19,19,2023,OFFI,580,0.0941,55,525
19,19,2023,OTHR,2202,0.0636,140,2062
19,19,2023,RETL,1005,0.032,32,973
19,19,2023,WSLE,389,0.0361,14,375
19,19,2024,AGRI,103,0.0299,3,100
19,19,2024,CONS,501,0.0274,14,487
19,19,2024,FOOD,2466,0.0181,45,2421
19,19,2024,GVED,1373,0.0442,61,1312
19,19,2024,HLTH,655,0.0335,22,633
19,19,2024,MANU,162,0.0299,5,157
19,19,2024,MING,119,0.0028,0,119
19,19,2024,OFFI,583,0.0923,54,529
19,19,2024,OTHR,2159,0.0627,135,2024
19,19,2024,RETL,995,0.0314,31,964
19,19,2024,WSLE,390,0.0353,14,376
19,19,2025,AGRI,102,0.0317,3,99
19,19,2025,CONS,517,0.029,15,502
19,19,2025,FOOD,2471,0.0192,47,2424
19,19,2025,GVED,1398,0.0469,66,1332
19,19,2025,HLTH,675,0.0355,24,651
19,19,2025,MANU,164,0.0317,5,159
19,19,2025,MING,117,0.003,0,117
19,19,2025,OFFI,594,0.0978,58,536
19,19,2025,OTHR,2206,0.0666,147,2059
19,19,2025,RETL,995,0.0332,33,962
19,19,2025,WSLE,396,0.0374,15,381
19,19,2026,AGRI,102,0.0319,3,99
19,19,2026,CONS,523,0.0292,15,508
19,19,2026,FOOD,2489,0.0193,48,2441
19,19,2026,GVED,1398,0.0471,66,1332
19,19,2026,HLTH,684,0.0357,24,660
19,19,2026,MANU,166,0.0319,5,161
19,19,2026,MING,121,0.003,0,121
19,19,2026,OFFI,592,0.0983,58,534
19,19,2026,OTHR,2242,0.0668,150,2092
19,19,2026,RETL,986,0.0334,33,953
19,19,2026,WSLE,399,0.0376,15,384
19,19,2027,AGRI,101,0.0321,3,98
19,19,2027,CONS,526,0.0294,15,511
19,19,2027,FOOD,2493,0.0195,49,2444
19,19,2027,GVED,1395,0.0475,66,1329
19,19,2027,HLTH,690,0.0359,25,665
19,19,2027,MANU,167,0.0321,5,162
19,19,2027,MING,123,0.003,0,123
19,19,2027,OFFI,590,0.099,58,532
19,19,2027,OTHR,2294,0.0665,153,2141
19,19,2027,RETL,983,0.0337,33,950
19,19,2027,WSLE,402,0.0379,15,387
19,19,2028,AGRI,101,0.0323,3,98
19,19,2028,CONS,529,0.0296,16,513
19,19,2028,FOOD,2493,0.0196,49,2444
19,19,2028,GVED,1389,0.0479,67,1322
19,19,2028,HLTH,691,0.0362,25,666
19,19,2028,MANU,168,0.0323,5,163
19,19,2028,MING,117,0.003,0,117
19,19,2028,OFFI,593,0.0997,59,534
19,19,2028,OTHR,2361,0.0662,156,2205
19,19,2028,RETL,977,0.0339,33,944
19,19,2028,WSLE,402,0.0382,15,387
19,19,2029,AGRI,100,0.0325,3,97
19,19,2029,CONS,533,0.0297,16,517
19,19,2029,FOOD,2479,0.0197,49,2430
19,19,2029,GVED,1383,0.0481,67,1316
19,19,2029,HLTH,693,0.0363,25,668
19,19,2029,MANU,170,0.0325,6,164
19,19,2029,MING,110,0.003,0,110
19,19,2029,OFFI,598,0.1001,60,538
19,19,2029,OTHR,2418,0.0663,160,2258
19,19,2029,RETL,974,0.034,33,941
19,19,2029,WSLE,403,0.0384,15,388
19,19,2030,AGRI,100,0.0326,3,97
19,19,2030,CONS,535,0.0298,16,519
19,19,2030,FOOD,2458,0.0198,49,2409
19,19,2030,GVED,1382,0.0483,67,1315
19,19,2030,HLTH,699,0.0364,25,674
19,19,2030,MANU,173,0.0326,6,167
19,19,2030,MING,107,0.0031,0,107
19,19,2030,OFFI,604,0.1004,61,543
19,19,2030,OTHR,2464,0.0666,164,2300
19,19,2030,RETL,977,0.0341,33,944
19,19,2030,WSLE,402,0.0386,16,386
19,19,2031,AGRI,99,0.0328,3,96
19,19,2031,CONS,533,0.03,16,517
19,19,2031,FOOD,2425,0.0199,48,2377
19,19,2031,GVED,1371,0.0487,67,1304
19,19,2031,HLTH,704,0.0367,26,678
19,19,2031,MANU,176,0.0328,6,170
19,19,2031,MING,108,0.0031,0,108
19,19,2031,OFFI,609,0.1011,62,547
19,19,2031,OTHR,2501,0.0671,168,2333
19,19,2031,RETL,983,0.0344,34,949
19,19,2031,WSLE,401,0.0389,16,385
19,19,2032,AGRI,98,0.0331,3,95
19,19,2032,CONS,533,0.0303,16,517
19,19,2032,FOOD,2399,0.02,48,2351
19,19,2032,GVED,1365,0.0491,67,1298
19,19,2032,HLTH,709,0.037,26,683
19,19,2032,MANU,178,0.0331,6,172
19,19,2032,MING,113,0.0031,0,113
19,19,2032,OFFI,614,0.1019,63,551
19,19,2032,OTHR,2535,0.0677,172,2363
19,19,2032,RETL,988,0.0346,34,954
19,19,2032,WSLE,401,0.0392,16,385
19,19,2033,AGRI,98,0.0334,3,95
19,19,2033,CONS,536,0.0305,16,520
19,19,2033,FOOD,2385,0.0202,48,2337
19,19,2033,GVED,1361,0.0496,68,1293
19,19,2033,HLTH,713,0.0373,27,686
19,19,2033,MANU,180,0.0333,6,174
19,19,2033,MING,118,0.0031,0,118
19,19,2033,OFFI,622,0.1028,64,558
19,19,2033,OTHR,2569,0.0682,175,2394
19,19,2033,RETL,991,0.0349,35,956
19,19,2033,WSLE,398,0.0396,16,382
19,19,2034,AGRI,98,0.0336,3,95
19,19,2034,CONS,542,0.0308,17,525
19,19,2034,FOOD,2383,0.0204,49,2334
19,19,2034,GVED,1362,0.05,68,1294
19,19,2034,HLTH,720,0.0376,27,693
19,19,2034,MANU,181,0.0336,6,175
19,19,2034,MING,123,0.0032,0,123
19,19,2034,OFFI,632,0.1036,65,567
19,19,2034,OTHR,2632,0.0686,181,2451
19,19,2034,RETL,999,0.0352,35,964
19,19,2034,WSLE,395,0.0401,16,379
19,19,2035,AGRI,98,0.0339,3,95
19,19,2035,CONS,541,0.031,17,524
19,19,2035,FOOD,2357,0.0205,48,2309
19,19,2035,GVED,1358,0.0504,68,1290
19,19,2035,HLTH,719,0.0379,27,692
19,19,2035,MANU,182,0.0338,6,176
19,19,2035,MING,124,0.0032,0,124
19,19,2035,OFFI,642,0.1043,67,575
19,19,2035,OTHR,2578,0.0697,180,2398
19,19,2035,RETL,996,0.0355,35,961
19,19,2035,WSLE,390,0.0404,16,374
19,19,2036,AGRI,98,0.0341,3,95
19,19,2036,CONS,541,0.0312,17,524
19,19,2036,FOOD,2357,0.0207,49,2308
19,19,2036,GVED,1359,0.0508,69,1290
19,19,2036,HLTH,719,0.0381,27,692
19,19,2036,MANU,185,0.0341,6,179
19,19,2036,MING,123,0.0032,0,123
19,19,2036,OFFI,651,0.1051,68,583
19,19,2036,OTHR,2599,0.0704,183,2416
19,19,2036,RETL,997,0.0357,36,961
19,19,2036,WSLE,386,0.0409,16,370
19,19,2037,AGRI,98,0.0344,3,95
19,19,2037,CONS,539,0.0315,17,522
19,19,2037,FOOD,2365,0.0208,49,2316
19,19,2037,GVED,1367,0.0512,70,1297
19,19,2037,HLTH,721,0.0384,28,693
19,19,2037,MANU,188,0.0344,6,182
19,19,2037,MING,122,0.0032,0,122
19,19,2037,OFFI,660,0.1059,70,590
19,19,2037,OTHR,2625,0.0711,187,2438
19,19,2037,RETL,1002,0.036,36,966
19,19,2037,WSLE,384,0.0413,16,368
19,19,2038,AGRI,98,0.0343,3,95
19,19,2038,CONS,536,0.0317,17,519
19,19,2038,FOOD,2365,0.021,50,2315
19,19,2038,GVED,1375,0.0517,71,1304
19,19,2038,HLTH,724,0.0387,28,696
19,19,2038,MANU,190,0.0346,7,183
19,19,2038,MING,122,0.0033,0,122
19,19,2038,OFFI,667,0.1068,71,596
19,19,2038,OTHR,2656,0.0717,190,2466
19,19,2038,RETL,1005,0.0363,36,969
19,19,2038,WSLE,383,0.0417,16,367
19,19,2039,AGRI,98,0.0346,3,95
19,19,2039,CONS,532,0.032,17,515
19,19,2039,FOOD,2364,0.0212,50,2314
19,19,2039,GVED,1384,0.0521,72,1312
19,19,2039,HLTH,726,0.0391,28,698
19,19,2039,MANU,191,0.0349,7,184
19,19,2039,MING,122,0.0033,0,122
19,19,2039,OFFI,675,0.1076,73,602
19,19,2039,OTHR,2684,0.0723,194,2490
19,19,2039,RETL,1010,0.0366,37,973
19,19,2039,WSLE,382,0.0421,16,366
19,19,2040,AGRI,98,0.0349,3,95
19,19,2040,CONS,528,0.0322,17,511
19,19,2040,FOOD,2361,0.0213,50,2311
19,19,2040,GVED,1397,0.0525,73,1324
19,19,2040,HLTH,729,0.0394,29,700
19,19,2040,MANU,193,0.0352,7,186
19,19,2040,MING,122,0.0033,0,122
19,19,2040,OFFI,683,0.1085,74,609
19,19,2040,OTHR,2712,0.0728,197,2515
19,19,2040,RETL,1014,0.0369,37,977
19,19,2040,WSLE,380,0.0425,16,364
19,19,2041,AGRI,98,0.0352,3,95
19,19,2041,CONS,523,0.0325,17,506
19,19,2041,FOOD,2361,0.0215,51,2310
19,19,2041,GVED,1405,0.053,74,1331
19,19,2041,HLTH,730,0.0397,29,701
19,19,2041,MANU,195,0.0355,7,188
19,19,2041,MING,122,0.0033,0,122
19,19,2041,OFFI,690,0.1094,75,615
19,19,2041,OTHR,2740,0.0734,201,2539
19,19,2041,RETL,1020,0.0372,38,982
19,19,2041,WSLE,380,0.0429,16,364
19,19,2042,AGRI,98,0.0354,3,95
19,19,2042,CONS,519,0.0327,17,502
19,19,2042,FOOD,2357,0.0217,51,2306
19,19,2042,GVED,1418,0.0534,76,1342
19,19,2042,HLTH,731,0.04,29,702
19,19,2042,MANU,197,0.0357,7,190
19,19,2042,MING,123,0.0034,0,123
19,19,2042,OFFI,699,0.1102,77,622
19,19,2042,OTHR,2767,0.0739,204,2563
19,19,2042,RETL,1025,0.0374,38,987
19,19,2042,WSLE,380,0.0433,16,364
19,19,2043,AGRI,98,0.0357,3,95
19,19,2043,CONS,516,0.033,17,499
19,19,2043,FOOD,2355,0.0218,51,2304
19,19,2043,GVED,1433,0.0538,77,1356
19,19,2043,HLTH,730,0.0403,29,701
19,19,2043,MANU,197,0.036,7,190
19,19,2043,MING,124,0.0034,0,124
19,19,2043,OFFI,707,0.111,78,629
19,19,2043,OTHR,2791,0.0745,208,2583
19,19,2043,RETL,1031,0.0377,39,992
19,19,2043,WSLE,379,0.0437,17,362
19,19,2044,AGRI,97,0.036,3,94
19,19,2044,CONS,514,0.0332,17,497
19,19,2044,FOOD,2350,0.022,52,2298
19,19,2044,GVED,1448,0.0542,78,1370
19,19,2044,HLTH,730,0.0406,30,700
19,19,2044,MANU,199,0.0363,7,192
19,19,2044,MING,124,0.0034,0,124
19,19,2044,OFFI,717,0.1118,80,637
19,19,2044,OTHR,2816,0.075,211,2605
19,19,2044,RETL,1036,0.038,39,997
19,19,2044,WSLE,379,0.0441,17,362
19,19,2045,AGRI,97,0.0362,4,93
19,19,2045,CONS,514,0.0334,17,497
19,19,2045,FOOD,2348,0.0222,52,2296
19,19,2045,GVED,1464,0.0547,80,1384
19,19,2045,HLTH,730,0.0409,30,700
19,19,2045,MANU,201,0.0365,7,194
19,19,2045,MING,124,0.0034,0,124
19,19,2045,OFFI,728,0.1126,82,646
19,19,2045,OTHR,2842,0.0756,215,2627
19,19,2045,RETL,1043,0.0383,40,1003
19,19,2045,WSLE,379,0.0444,17,362
19,19,2046,AGRI,97,0.0365,4,93
19,19,2046,CONS,517,0.0337,17,500
19,19,2046,FOOD,2344,0.0223,52,2292
19,19,2046,GVED,1481,0.0551,82,1399
19,19,2046,HLTH,731,0.0412,30,701
19,19,2046,MANU,203,0.0368,7,196
19,19,2046,MING,124,0.0035,0,124
19,19,2046,OFFI,740,0.1134,84,656
19,19,2046,OTHR,2865,0.0761,218,2647
19,19,2046,RETL,1050,0.0386,41,1009
19,19,2046,WSLE,380,0.0448,17,363
19,19,2047,AGRI,97,0.0367,4,93
19,19,2047,CONS,524,0.0339,18,506
19,19,2047,FOOD,2341,0.0225,53,2288
19,19,2047,GVED,1498,0.0555,83,1415
19,19,2047,HLTH,733,0.0415,30,703
19,19,2047,MANU,204,0.0371,8,196
19,19,2047,MING,126,0.0035,0,126
19,19,2047,OFFI,756,0.1143,86,670
19,19,2047,OTHR,2889,0.0766,221,2668
19,19,2047,RETL,1060,0.0388,41,1019
19,19,2047,WSLE,380,0.0452,17,363
19,19,2048,AGRI,96,0.037,4,92
19,19,2048,CONS,532,0.0342,18,514
19,19,2048,FOOD,2342,0.0226,53,2289
19,19,2048,GVED,1514,0.0559,85,1429
19,19,2048,HLTH,733,0.0418,31,702
19,19,2048,MANU,206,0.0373,8,198
19,19,2048,MING,126,0.0035,0,126
19,19,2048,OFFI,770,0.1151,89,681
19,19,2048,OTHR,2910,0.0772,225,2685
19,19,2048,RETL,1069,0.0391,42,1027
19,19,2048,WSLE,380,0.0456,17,363
19,19,2049,AGRI,96,0.0373,4,92
19,19,2049,CONS,544,0.0345,19,525
19,19,2049,FOOD,2344,0.0228,53,2291
19,19,2049,GVED,1531,0.0563,86,1445
19,19,2049,HLTH,735,0.0421,31,704
19,19,2049,MANU,208,0.0376,8,200
19,19,2049,MING,128,0.0035,0,128
19,19,2049,OFFI,787,0.116,91,696
19,19,2049,OTHR,2932,0.0778,228,2704
19,19,2049,RETL,1080,0.0394,43,1037
19,19,2049,WSLE,380,0.046,17,363
19,19,2050,AGRI,96,0.0376,4,92
19,19,2050,CONS,556,0.0347,19,537
19,19,2050,FOOD,2346,0.023,54,2292
19,19,2050,GVED,1549,0.0568,88,1461
19,19,2050,HLTH,737,0.0424,31,706
19,19,2050,MANU,210,0.0379,8,202
19,19,2050,MING,130,0.0036,0,130
19,19,2050,OFFI,803,0.1169,94,709
19,19,2050,OTHR,2955,0.0783,231,2724
19,19,2050,RETL,1093,0.0397,43,1050
19,19,2050,WSLE,381,0.0464,18,363
19,19,2051,AGRI,95,0.0379,4,91
19,19,2051,CONS,567,0.035,20,547
19,19,2051,FOOD,2348,0.0232,54,2294
19,19,2051,GVED,1558,0.0572,89,1469
19,19,2051,HLTH,739,0.0428,32,707
19,19,2051,MANU,211,0.0382,8,203
19,19,2051,MING,132,0.0036,0,132
19,19,2051,OFFI,815,0.1179,96,719
19,19,2051,OTHR,2977,0.0789,235,2742
19,19,2051,RETL,1103,0.0401,44,1059
19,19,2051,WSLE,380,0.0468,18,362
19,19,2052,AGRI,95,0.0382,4,91
19,19,2052,CONS,581,0.0353,21,560
19,19,2052,FOOD,2350,0.0234,55,2295
19,19,2052,GVED,1573,0.0577,91,1482
19,19,2052,HLTH,742,0.0431,32,710
19,19,2052,MANU,213,0.0386,8,205
19,19,2052,MING,134,0.0036,0,134
19,19,2052,OFFI,825,0.1189,98,727
19,19,2052,OTHR,3000,0.0795,238,2762
19,19,2052,RETL,1115,0.0404,45,1070
19,19,2052,WSLE,381,0.0473,18,363
19,19,2053,AGRI,95,0.0385,4,91
19,19,2053,CONS,594,0.0356,21,573
19,19,2053,FOOD,2352,0.0236,56,2296
19,19,2053,GVED,1585,0.0582,92,1493
19,19,2053,HLTH,745,0.0435,32,713
19,19,2053,MANU,215,0.0389,8,207
19,19,2053,MING,136,0.0037,1,135
19,19,2053,OFFI,834,0.1199,100,734
19,19,2053,OTHR,3025,0.0801,242,2783
19,19,2053,RETL,1129,0.0407,46,1083
19,19,2053,WSLE,381,0.0478,18,363
19,19,2054,AGRI,95,0.0389,4,91
19,19,2054,CONS,609,0.0359,22,587
19,19,2054,FOOD,2354,0.0238,56,2298
19,19,2054,GVED,1597,0.0586,94,1503
19,19,2054,HLTH,748,0.0439,33,715
19,19,2054,MANU,216,0.0392,8,208
19,19,2054,MING,137,0.0037,1,136
19,19,2054,OFFI,842,0.1209,102,740
19,19,2054,OTHR,3049,0.0808,246,2803
19,19,2054,RETL,1143,0.0411,47,1096
19,19,2054,WSLE,381,0.0482,18,363
19,19,2055,AGRI,94,0.0392,4,90
19,19,2055,CONS,624,0.0362,23,601
19,19,2055,FOOD,2355,0.024,57,2298
19,19,2055,GVED,1610,0.0591,95,1515
19,19,2055,HLTH,750,0.0442,33,717
19,19,2055,MANU,217,0.0395,9,208
19,19,2055,MING,138,0.0037,1,137
19,19,2055,OFFI,851,0.1219,104,747
19,19,2055,OTHR,3071,0.0814,250,2821
19,19,2055,RETL,1156,0.0414,48,1108
19,19,2055,WSLE,382,0.0487,19,363
19,19,2056,AGRI,94,0.0395,4,90
19,19,2056,CONS,628,0.0365,23,605
19,19,2056,FOOD,2353,0.0242,57,2296
19,19,2056,GVED,1619,0.0596,96,1523
19,19,2056,HLTH,752,0.0446,34,718
19,19,2056,MANU,218,0.0398,9,209
19,19,2056,MING,138,0.0037,1,137
19,19,2056,OFFI,859,0.1229,106,753
19,19,2056,OTHR,3095,0.0819,253,2842
19,19,2056,RETL,1165,0.0418,49,1116
19,19,2056,WSLE,384,0.0491,19,365
19,19,2057,AGRI,94,0.0398,4,90
19,19,2057,CONS,632,0.0367,23,609
19,19,2057,FOOD,2348,0.0243,57,2291
19,19,2057,GVED,1625,0.06,98,1527
19,19,2057,HLTH,753,0.0449,34,719
19,19,2057,MANU,219,0.0401,9,210
19,19,2057,MING,136,0.0038,1,135
19,19,2057,OFFI,866,0.1238,107,759
19,19,2057,OTHR,3120,0.0824,257,2863
19,19,2057,RETL,1174,0.0421,49,1125
19,19,2057,WSLE,384,0.0495,19,365
19,19,2058,AGRI,94,0.0401,4,90
19,19,2058,CONS,636,0.037,24,612
19,19,2058,FOOD,2343,0.0245,57,2286
19,19,2058,GVED,1631,0.0604,99,1532
19,19,2058,HLTH,754,0.0452,34,720
19,19,2058,MANU,220,0.0404,9,211
19,19,2058,MING,134,0.0038,1,133
19,19,2058,OFFI,874,0.1247,109,765
19,19,2058,OTHR,3145,0.0829,261,2884
19,19,2058,RETL,1183,0.0424,50,1133
19,19,2058,WSLE,385,0.0499,19,366
19,19,2059,AGRI,93,0.0404,4,89
19,19,2059,CONS,640,0.0373,24,616
19,19,2059,FOOD,2336,0.0247,58,2278
19,19,2059,GVED,1635,0.0609,100,1535
19,19,2059,HLTH,755,0.0456,34,721
19,19,2059,MANU,221,0.0407,9,212
19,19,2059,MING,133,0.0038,1,132
19,19,2059,OFFI,882,0.1256,111,771
19,19,2059,OTHR,3166,0.0834,264,2902
19,19,2059,RETL,1191,0.0427,51,1140
19,19,2059,WSLE,386,0.0503,19,367
19,19,2060,AGRI,93,0.0407,4,89
19,19,2060,CONS,644,0.0376,24,620
19,19,2060,FOOD,2331,0.0249,58,2273
19,19,2060,GVED,1642,0.0614,101,1541
19,19,2060,HLTH,756,0.0459,35,721
19,19,2060,MANU,221,0.041,9,212
19,19,2060,MING,133,0.0039,1,132
19,19,2060,OFFI,890,0.1265,113,777
19,19,2060,OTHR,3187,0.0839,267,2920
19,19,2060,RETL,1199,0.043,52,1147
19,19,2060,WSLE,386,0.0507,20,366
19,19,2061,AGRI,93,0.041,4,89
19,19,2061,CONS,647,0.0378,24,623
19,19,2061,FOOD,2326,0.0251,58,2268
19,19,2061,GVED,1641,0.0618,101,1540
19,19,2061,HLTH,757,0.0462,35,722
19,19,2061,MANU,223,0.0413,9,214
19,19,2061,MING,133,0.0039,1,132
19,19,2061,OFFI,897,0.1274,114,783
19,19,2061,OTHR,3209,0.0844,271,2938
19,19,2061,RETL,1206,0.0433,52,1154
19,19,2061,WSLE,386,0.0511,20,366
19,19,2062,AGRI,92,0.0413,4,88
19,19,2062,CONS,649,0.0381,25,624
19,19,2062,FOOD,2322,0.0252,59,2263
19,19,2062,GVED,1645,0.0623,102,1543
19,19,2062,HLTH,757,0.0466,35,722
19,19,2062,MANU,224,0.0416,9,215
19,19,2062,MING,133,0.0039,1,132
19,19,2062,OFFI,904,0.1283,116,788
19,19,2062,OTHR,3235,0.0849,275,2960
19,19,2062,RETL,1214,0.0436,53,1161
19,19,2062,WSLE,387,0.0516,20,367
19,19,2063,AGRI,92,0.0416,4,88
19,19,2063,CONS,652,0.0384,25,627
19,19,2063,FOOD,2319,0.0254,59,2260
19,19,2063,GVED,1649,0.0627,103,1546
19,19,2063,HLTH,757,0.0469,36,721
19,19,2063,MANU,226,0.0419,9,217
19,19,2063,MING,133,0.0039,1,132
19,19,2063,OFFI,912,0.1293,118,794
19,19,2063,OTHR,3259,0.0854,278,2981
19,19,2063,RETL,1221,0.0439,54,1167
19,19,2063,WSLE,388,0.052,20,368
19,19,2064,AGRI,91,0.0418,4,87
19,19,2064,CONS,654,0.0387,25,629
19,19,2064,FOOD,2316,0.0256,59,2257
19,19,2064,GVED,1653,0.0632,104,1549
19,19,2064,HLTH,758,0.0472,36,722
19,19,2064,MANU,226,0.0422,10,216
19,19,2064,MING,132,0.004,1,131
19,19,2064,OFFI,919,0.1302,120,799
19,19,2064,OTHR,3284,0.0859,282,3002
19,19,2064,RETL,1228,0.0442,54,1174
19,19,2064,WSLE,388,0.0524,20,368
19,19,2065,AGRI,91,0.0421,4,87
19,19,2065,CONS,656,0.0389,26,630
19,19,2065,FOOD,2314,0.0258,60,2254
19,19,2065,GVED,1657,0.0637,106,1551
19,19,2065,HLTH,758,0.0476,36,722
19,19,2065,MANU,228,0.0425,10,218
19,19,2065,MING,132,0.004,1,131
19,19,2065,OFFI,926,0.1311,121,805
19,19,2065,OTHR,3307,0.0864,286,3021
19,19,2065,RETL,1235,0.0446,55,1180
19,19,2065,WSLE,389,0.0528,21,368
21,21,2023,AGRI,1212,0.0137,17,1195
21,21,2023,CONS,3232,0.0175,57,3175
21,21,2023,FOOD,3009,0.0116,35,2974
21,21,2023,GVED,6304,0.0282,178,6126
21,21,2023,HLTH,3112,0.0213,66,3046
21,21,2023,MANU,2791,0.0191,53,2738
21,21,2023,MING,361,0.0018,1,360
21,21,2023,OFFI,2410,0.0588,142,2268
21,21,2023,OTHR,8441,0.0464,392,8049
21,21,2023,RETL,3814,0.02,76,3738
21,21,2023,WSLE,1427,0.0229,33,1394
21,21,2024,AGRI,1213,0.0134,16,1197
21,21,2024,CONS,3237,0.0171,55,3182
21,21,2024,FOOD,3093,0.0114,35,3058
21,21,2024,GVED,6475,0.0278,180,6295
21,21,2024,HLTH,3218,0.021,68,3150
21,21,2024,MANU,2849,0.0187,53,2796
21,21,2024,MING,378,0.0018,1,377
21,21,2024,OFFI,2151,0.0578,124,2027
21,21,2024,OTHR,9112,0.0456,416,8696
21,21,2024,RETL,3799,0.0196,74,3725
21,21,2024,WSLE,1391,0.0226,31,1360
21,21,2025,AGRI,1208,0.0144,17,1191
21,21,2025,CONS,3344,0.0184,62,3282
21,21,2025,FOOD,3121,0.0122,38,3083
21,21,2025,GVED,6637,0.0298,198,6439
21,21,2025,HLTH,3376,0.0225,76,3300
21,21,2025,MANU,2994,0.0201,60,2934
21,21,2025,MING,272,0.0019,1,271
21,21,2025,OFFI,2255,0.062,140,2115
21,21,2025,OTHR,9309,0.0489,455,8854
21,21,2025,RETL,3868,0.0211,82,3786
21,21,2025,WSLE,1446,0.0241,35,1411
21,21,2026,AGRI,1207,0.0146,18,1189
21,21,2026,CONS,3436,0.0186,64,3372
21,21,2026,FOOD,3169,0.0123,39,3130
21,21,2026,GVED,6764,0.0301,204,6560
21,21,2026,HLTH,3523,0.0227,80,3443
21,21,2026,MANU,3110,0.0203,63,3047
21,21,2026,MING,280,0.0019,1,279
21,21,2026,OFFI,2316,0.0626,145,2171
21,21,2026,OTHR,9478,0.0494,468,9010
21,21,2026,RETL,3919,0.0213,83,3836
21,21,2026,WSLE,1490,0.0242,36,1454
21,21,2027,AGRI,1201,0.0147,18,1183
21,21,2027,CONS,3522,0.0188,66,3456
21,21,2027,FOOD,3197,0.0124,40,3157
21,21,2027,GVED,6900,0.0304,210,6690
21,21,2027,HLTH,3637,0.023,84,3553
21,21,2027,MANU,3221,0.0205,66,3155
21,21,2027,MING,283,0.0019,1,282
21,21,2027,OFFI,2378,0.0633,151,2227
21,21,2027,OTHR,9624,0.0497,478,9146
21,21,2027,RETL,3986,0.0215,86,3900
21,21,2027,WSLE,1534,0.0244,37,1497
21,21,2028,AGRI,1192,0.0149,18,1174
21,21,2028,CONS,3662,0.019,70,3592
21,21,2028,FOOD,3225,0.0126,41,3184
21,21,2028,GVED,7035,0.0308,217,6818
21,21,2028,HLTH,3735,0.0232,87,3648
21,21,2028,MANU,3334,0.0207,69,3265
21,21,2028,MING,264,0.0019,1,263
21,21,2028,OFFI,2456,0.064,157,2299
21,21,2028,OTHR,9821,0.05,491,9330
21,21,2028,RETL,4045,0.0217,88,3957
21,21,2028,WSLE,1569,0.0246,39,1530
21,21,2029,AGRI,1185,0.0151,18,1167
21,21,2029,CONS,3824,0.0192,73,3751
21,21,2029,FOOD,3239,0.0127,41,3198
21,21,2029,GVED,7181,0.0311,223,6958
21,21,2029,HLTH,3826,0.0235,90,3736
21,21,2029,MANU,3464,0.021,73,3391
21,21,2029,MING,339,0.002,1,338
21,21,2029,OFFI,2547,0.0647,165,2382
21,21,2029,OTHR,10031,0.0505,507,9524
21,21,2029,RETL,4105,0.022,90,4015
21,21,2029,WSLE,1603,0.0248,40,1563
21,21,2030,AGRI,1177,0.0152,18,1159
21,21,2030,CONS,3933,0.0194,76,3857
21,21,2030,FOOD,3236,0.0128,41,3195
21,21,2030,GVED,7291,0.0314,229,7062
21,21,2030,HLTH,3918,0.0237,93,3825
21,21,2030,MANU,3594,0.0212,76,3518
21,21,2030,MING,330,0.002,1,329
21,21,2030,OFFI,2640,0.0653,172,2468
21,21,2030,OTHR,10200,0.051,520,9680
21,21,2030,RETL,4177,0.0222,93,4084
21,21,2030,WSLE,1634,0.0249,41,1593
21,21,2031,AGRI,1171,0.0154,18,1153
21,21,2031,CONS,4011,0.0196,79,3932
21,21,2031,FOOD,3218,0.013,42,3176
21,21,2031,GVED,7380,0.0318,235,7145
21,21,2031,HLTH,4012,0.0239,96,3916
21,21,2031,MANU,3719,0.0214,80,3639
21,21,2031,MING,329,0.002,1,328
21,21,2031,OFFI,2729,0.066,180,2549
21,21,2031,OTHR,10356,0.0515,533,9823
21,21,2031,RETL,4255,0.0224,95,4160
21,21,2031,WSLE,1667,0.0251,42,1625
21,21,2032,AGRI,1165,0.0155,18,1147
21,21,2032,CONS,4089,0.0198,81,4008
21,21,2032,FOOD,3210,0.0131,42,3168
21,21,2032,GVED,7470,0.0322,241,7229
21,21,2032,HLTH,4103,0.0242,99,4004
21,21,2032,MANU,3839,0.0216,83,3756
21,21,2032,MING,341,0.002,1,340
21,21,2032,OFFI,2816,0.0666,188,2628
21,21,2032,OTHR,10520,0.0521,548,9972
21,21,2032,RETL,4317,0.0226,98,4219
21,21,2032,WSLE,1698,0.0253,43,1655
21,21,2033,AGRI,1165,0.0157,18,1147
21,21,2033,CONS,4171,0.02,83,4088
21,21,2033,FOOD,3220,0.0132,43,3177
21,21,2033,GVED,7550,0.0326,246,7304
21,21,2033,HLTH,4183,0.0244,102,4081
21,21,2033,MANU,3945,0.0218,86,3859
21,21,2033,MING,354,0.0021,1,353
21,21,2033,OFFI,2910,0.0673,196,2714
21,21,2033,OTHR,10668,0.0526,561,10107
21,21,2033,RETL,4367,0.0229,100,4267
21,21,2033,WSLE,1724,0.0255,44,1680
21,21,2034,AGRI,1164,0.0159,19,1145
21,21,2034,CONS,4259,0.0202,86,4173
21,21,2034,FOOD,3253,0.0134,44,3209
21,21,2034,GVED,7649,0.0329,252,7397
21,21,2034,HLTH,4272,0.0247,106,4166
21,21,2034,MANU,4047,0.0221,89,3958
21,21,2034,MING,366,0.0021,1,365
21,21,2034,OFFI,3015,0.068,205,2810
21,21,2034,OTHR,10912,0.0531,579,10333
21,21,2034,RETL,4418,0.0231,102,4316
21,21,2034,WSLE,1752,0.0257,45,1707
21,21,2035,AGRI,1162,0.016,19,1143
21,21,2035,CONS,4335,0.0204,88,4247
21,21,2035,FOOD,3234,0.0135,44,3190
21,21,2035,GVED,7721,0.0333,257,7464
21,21,2035,HLTH,4320,0.0249,108,4212
21,21,2035,MANU,4154,0.0223,93,4061
21,21,2035,MING,371,0.0021,1,370
21,21,2035,OFFI,3113,0.0687,214,2899
21,21,2035,OTHR,10839,0.0539,584,10255
21,21,2035,RETL,4436,0.0233,103,4333
21,21,2035,WSLE,1766,0.0259,46,1720
21,21,2036,AGRI,1160,0.0162,19,1141
21,21,2036,CONS,4404,0.0206,91,4313
21,21,2036,FOOD,3262,0.0136,44,3218
21,21,2036,GVED,7825,0.0337,264,7561
21,21,2036,HLTH,4385,0.0252,111,4274
21,21,2036,MANU,4274,0.0225,96,4178
21,21,2036,MING,367,0.0021,1,366
21,21,2036,OFFI,3212,0.0694,223,2989
21,21,2036,OTHR,10957,0.0544,596,10361
21,21,2036,RETL,4476,0.0236,106,4370
21,21,2036,WSLE,1786,0.0262,47,1739
21,21,2037,AGRI,1159,0.0163,19,1140
21,21,2037,CONS,4430,0.0208,92,4338
21,21,2037,FOOD,3297,0.0138,45,3252
21,21,2037,GVED,7946,0.0341,271,7675
21,21,2037,HLTH,4460,0.0254,113,4347
21,21,2037,MANU,4396,0.0227,100,4296
21,21,2037,MING,365,0.0021,1,364
21,21,2037,OFFI,3307,0.0701,232,3075
21,21,2037,OTHR,11097,0.055,610,10487
21,21,2037,RETL,4531,0.0238,108,4423
21,21,2037,WSLE,1811,0.0264,48,1763
21,21,2038,AGRI,1157,0.0165,19,1138
21,21,2038,CONS,4441,0.021,93,4348
21,21,2038,FOOD,3323,0.0139,46,3277
21,21,2038,GVED,8083,0.0344,278,7805
21,21,2038,HLTH,4554,0.0257,117,4437
21,21,2038,MANU,4513,0.0229,103,4410
21,21,2038,MING,364,0.0022,1,363
21,21,2038,OFFI,3401,0.0707,240,3161
21,21,2038,OTHR,11281,0.0555,626,10655
21,21,2038,RETL,4590,0.024,110,4480
21,21,2038,WSLE,1842,0.0266,49,1793
21,21,2039,AGRI,1155,0.0166,19,1136
21,21,2039,CONS,4441,0.0212,94,4347
21,21,2039,FOOD,3346,0.014,47,3299
21,21,2039,GVED,8234,0.0348,287,7947
21,21,2039,HLTH,4643,0.0259,120,4523
21,21,2039,MANU,4625,0.0232,107,4518
21,21,2039,MING,365,0.0022,1,364
21,21,2039,OFFI,3491,0.0714,249,3242
21,21,2039,OTHR,11440,0.056,641,10799
21,21,2039,RETL,4652,0.0243,113,4539
21,21,2039,WSLE,1874,0.0268,50,1824
21,21,2040,AGRI,1153,0.0168,19,1134
21,21,2040,CONS,4420,0.0214,95,4325
21,21,2040,FOOD,3359,0.0142,48,3311
21,21,2040,GVED,8372,0.0351,294,8078
21,21,2040,HLTH,4727,0.0262,124,4603
21,21,2040,MANU,4661,0.0234,109,4552
21,21,2040,MING,364,0.0022,1,363
21,21,2040,OFFI,3516,0.0721,254,3262
21,21,2040,OTHR,11568,0.0565,654,10914
21,21,2040,RETL,4701,0.0245,115,4586
21,21,2040,WSLE,1874,0.0271,51,1823
21,21,2041,AGRI,1150,0.017,20,1130
21,21,2041,CONS,4377,0.0216,95,4282
21,21,2041,FOOD,3374,0.0143,48,3326
21,21,2041,GVED,8497,0.0355,302,8195
21,21,2041,HLTH,4806,0.0264,127,4679
21,21,2041,MANU,4692,0.0236,111,4581
21,21,2041,MING,367,0.0022,1,366
21,21,2041,OFFI,3534,0.0728,257,3277
21,21,2041,OTHR,11679,0.0571,667,11012
21,21,2041,RETL,4752,0.0247,117,4635
21,21,2041,WSLE,1876,0.0274,51,1825
21,21,2042,AGRI,1146,0.0171,20,1126
21,21,2042,CONS,4347,0.0218,95,4252
21,21,2042,FOOD,3383,0.0145,49,3334
21,21,2042,GVED,8624,0.0359,310,8314
21,21,2042,HLTH,4880,0.0267,130,4750
21,21,2042,MANU,4723,0.0238,112,4611
21,21,2042,MING,370,0.0022,1,369
21,21,2042,OFFI,3565,0.0735,262,3303
21,21,2042,OTHR,11790,0.0576,679,11111
21,21,2042,RETL,4797,0.025,120,4677
21,21,2042,WSLE,1879,0.0276,52,1827
21,21,2043,AGRI,1144,0.0173,20,1124
21,21,2043,CONS,4317,0.022,95,4222
21,21,2043,FOOD,3393,0.0146,50,3343
21,21,2043,GVED,8765,0.0362,317,8448
21,21,2043,HLTH,4951,0.0269,133,4818
21,21,2043,MANU,4749,0.0241,114,4635
21,21,2043,MING,374,0.0023,1,373
21,21,2043,OFFI,3588,0.0743,267,3321
21,21,2043,OTHR,11880,0.0582,691,11189
21,21,2043,RETL,4841,0.0252,122,4719
21,21,2043,WSLE,1881,0.0279,52,1829
21,21,2044,AGRI,1141,0.0175,20,1121
21,21,2044,CONS,4287,0.0223,96,4191
21,21,2044,FOOD,3400,0.0147,50,3350
21,21,2044,GVED,8906,0.0366,326,8580
21,21,2044,HLTH,5027,0.0272,137,4890
21,21,2044,MANU,4775,0.0243,116,4659
21,21,2044,MING,373,0.0023,1,372
21,21,2044,OFFI,3615,0.075,271,3344
21,21,2044,OTHR,11976,0.0587,703,11273
21,21,2044,RETL,4885,0.0255,125,4760
21,21,2044,WSLE,1884,0.0282,53,1831
21,21,2045,AGRI,1138,0.0176,20,1118
21,21,2045,CONS,4295,0.0225,97,4198
21,21,2045,FOOD,3408,0.0149,51,3357
21,21,2045,GVED,9056,0.037,335,8721
21,21,2045,HLTH,5107,0.0275,140,4967
21,21,2045,MANU,4809,0.0245,118,4691
21,21,2045,MING,373,0.0023,1,372
21,21,2045,OFFI,3642,0.0757,276,3366
21,21,2045,OTHR,12065,0.0593,715,11350
21,21,2045,RETL,4937,0.0257,127,4810
21,21,2045,WSLE,1886,0.0285,54,1832
21,21,2046,AGRI,1135,0.0178,20,1115
21,21,2046,CONS,4347,0.0227,99,4248
21,21,2046,FOOD,3412,0.015,51,3361
21,21,2046,GVED,9207,0.0374,344,8863
21,21,2046,HLTH,5192,0.0277,144,5048
21,21,2046,MANU,4844,0.0248,120,4724
21,21,2046,MING,374,0.0023,1,373
21,21,2046,OFFI,3678,0.0765,281,3397
21,21,2046,OTHR,12143,0.0599,727,11416
21,21,2046,RETL,4985,0.026,130,4855
21,21,2046,WSLE,1890,0.0288,54,1836
21,21,2047,AGRI,1132,0.018,20,1112
21,21,2047,CONS,4436,0.0229,102,4334
21,21,2047,FOOD,3416,0.0152,52,3364
21,21,2047,GVED,9361,0.0378,354,9007
21,21,2047,HLTH,5277,0.028,148,5129
21,21,2047,MANU,4880,0.0251,122,4758
21,21,2047,MING,377,0.0024,1,376
21,21,2047,OFFI,3721,0.0773,288,3433
21,21,2047,OTHR,12215,0.0605,739,11476
21,21,2047,RETL,5041,0.0263,133,4908
21,21,2047,WSLE,1893,0.0291,55,1838
21,21,2048,AGRI,1130,0.0182,21,1109
21,21,2048,CONS,4556,0.0232,106,4450
21,21,2048,FOOD,3422,0.0154,53,3369
21,21,2048,GVED,9511,0.0382,363,9148
21,21,2048,HLTH,5360,0.0283,152,5208
21,21,2048,MANU,4917,0.0253,124,4793
21,21,2048,MING,384,0.0024,1,383
21,21,2048,OFFI,3766,0.0781,294,3472
21,21,2048,OTHR,12270,0.0611,750,11520
21,21,2048,RETL,5094,0.0265,135,4959
21,21,2048,WSLE,1898,0.0295,56,1842
21,21,2049,AGRI,1127,0.0184,21,1106
21,21,2049,CONS,4700,0.0234,110,4590
21,21,2049,FOOD,3428,0.0155,53,3375
21,21,2049,GVED,9661,0.0386,373,9288
21,21,2049,HLTH,5440,0.0286,156,5284
21,21,2049,MANU,4956,0.0256,127,4829
21,21,2049,MING,390,0.0024,1,389
21,21,2049,OFFI,3810,0.079,301,3509
21,21,2049,OTHR,12321,0.0618,761,11560
21,21,2049,RETL,5148,0.0268,138,5010
21,21,2049,WSLE,1900,0.0298,57,1843
21,21,2050,AGRI,1124,0.0186,21,1103
21,21,2050,CONS,4853,0.0237,115,4738
21,21,2050,FOOD,3433,0.0157,54,3379
21,21,2050,GVED,9806,0.0391,383,9423
21,21,2050,HLTH,5513,0.029,160,5353
21,21,2050,MANU,4993,0.0259,129,4864
21,21,2050,MING,396,0.0024,1,395
21,21,2050,OFFI,3848,0.0798,307,3541
21,21,2050,OTHR,12372,0.0625,773,11599
21,21,2050,RETL,5200,0.0271,141,5059
21,21,2050,WSLE,1902,0.0301,57,1845
21,21,2051,AGRI,1121,0.0188,21,1100
21,21,2051,CONS,5020,0.024,120,4900
21,21,2051,FOOD,3435,0.0159,55,3380
21,21,2051,GVED,9941,0.0395,393,9548
21,21,2051,HLTH,5587,0.0293,164,5423
21,21,2051,MANU,5035,0.0262,132,4903
21,21,2051,MING,402,0.0025,1,401
21,21,2051,OFFI,3880,0.0807,313,3567
21,21,2051,OTHR,12419,0.0631,784,11635
21,21,2051,RETL,5256,0.0274,144,5112
21,21,2051,WSLE,1904,0.0305,58,1846
21,21,2052,AGRI,1118,0.019,21,1097
21,21,2052,CONS,5192,0.0242,126,5066
21,21,2052,FOOD,3438,0.016,55,3383
21,21,2052,GVED,10089,0.04,404,9685
21,21,2052,HLTH,5660,0.0296,168,5492
21,21,2052,MANU,5073,0.0265,134,4939
21,21,2052,MING,408,0.0025,1,407
21,21,2052,OFFI,3908,0.0816,319,3589
21,21,2052,OTHR,12463,0.0638,795,11668
21,21,2052,RETL,5310,0.0277,147,5163
21,21,2052,WSLE,1908,0.0308,59,1849
21,21,2053,AGRI,1114,0.0192,21,1093
21,21,2053,CONS,5378,0.0245,132,5246
21,21,2053,FOOD,3441,0.0162,56,3385
21,21,2053,GVED,10234,0.0404,413,9821
21,21,2053,HLTH,5732,0.0299,171,5561
21,21,2053,MANU,5106,0.0268,137,4969
21,21,2053,MING,415,0.0025,1,414
21,21,2053,OFFI,3926,0.0825,324,3602
21,21,2053,OTHR,12518,0.0645,807,11711
21,21,2053,RETL,5370,0.028,150,5220
21,21,2053,WSLE,1912,0.0312,60,1852
21,21,2054,AGRI,1111,0.0194,22,1089
21,21,2054,CONS,5564,0.0248,138,5426
21,21,2054,FOOD,3442,0.0164,56,3386
21,21,2054,GVED,10376,0.0409,424,9952
21,21,2054,HLTH,5797,0.0303,176,5621
21,21,2054,MANU,5134,0.0271,139,4995
21,21,2054,MING,420,0.0025,1,419
21,21,2054,OFFI,3945,0.0834,329,3616
21,21,2054,OTHR,12563,0.0652,819,11744
21,21,2054,RETL,5425,0.0284,154,5271
21,21,2054,WSLE,1915,0.0315,60,1855
21,21,2055,AGRI,1107,0.0197,22,1085
21,21,2055,CONS,5761,0.025,144,5617
21,21,2055,FOOD,3441,0.0166,57,3384
21,21,2055,GVED,10509,0.0413,434,10075
21,21,2055,HLTH,5856,0.0306,179,5677
21,21,2055,MANU,5160,0.0274,141,5019
21,21,2055,MING,425,0.0026,1,424
21,21,2055,OFFI,3960,0.0843,334,3626
21,21,2055,OTHR,12606,0.0659,831,11775
21,21,2055,RETL,5478,0.0287,157,5321
21,21,2055,WSLE,1919,0.0319,61,1858
21,21,2056,AGRI,1104,0.0199,22,1082
21,21,2056,CONS,5910,0.0253,150,5760
21,21,2056,FOOD,3437,0.0168,58,3379
21,21,2056,GVED,10637,0.0418,445,10192
21,21,2056,HLTH,5923,0.0309,183,5740
21,21,2056,MANU,5179,0.0276,143,5036
21,21,2056,MING,425,0.0026,1,424
21,21,2056,OFFI,3974,0.0852,339,3635
21,21,2056,OTHR,12660,0.0665,842,11818
21,21,2056,RETL,5520,0.029,160,5360
21,21,2056,WSLE,1924,0.0322,62,1862
21,21,2057,AGRI,1099,0.02,22,1077
21,21,2057,CONS,6021,0.0255,154,5867
21,21,2057,FOOD,3431,0.0169,58,3373
21,21,2057,GVED,10761,0.0422,454,10307
21,21,2057,HLTH,5986,0.0312,187,5799
21,21,2057,MANU,5203,0.0279,145,5058
21,21,2057,MING,419,0.0026,1,418
21,21,2057,OFFI,3992,0.086,343,3649
21,21,2057,OTHR,12713,0.0671,853,11860
21,21,2057,RETL,5556,0.0292,162,5394
21,21,2057,WSLE,1930,0.0325,63,1867
21,21,2058,AGRI,1095,0.0202,22,1073
21,21,2058,CONS,6109,0.0258,158,5951
21,21,2058,FOOD,3424,0.0171,59,3365
21,21,2058,GVED,10882,0.0426,464,10418
21,21,2058,HLTH,6046,0.0315,190,5856
21,21,2058,MANU,5228,0.0282,147,5081
21,21,2058,MING,414,0.0026,1,413
21,21,2058,OFFI,4009,0.0869,348,3661
21,21,2058,OTHR,12764,0.0677,864,11900
21,21,2058,RETL,5589,0.0295,165,5424
21,21,2058,WSLE,1937,0.0329,64,1873
21,21,2059,AGRI,1092,0.0204,22,1070
21,21,2059,CONS,6178,0.026,161,6017
21,21,2059,FOOD,3419,0.0172,59,3360
21,21,2059,GVED,11005,0.043,473,10532
21,21,2059,HLTH,6100,0.0318,194,5906
21,21,2059,MANU,5252,0.0284,149,5103
21,21,2059,MING,412,0.0027,1,411
21,21,2059,OFFI,4027,0.0877,353,3674
21,21,2059,OTHR,12813,0.0683,875,11938
21,21,2059,RETL,5619,0.0298,167,5452
21,21,2059,WSLE,1941,0.0332,64,1877
21,21,2060,AGRI,1088,0.0206,22,1066
21,21,2060,CONS,6236,0.0263,164,6072
21,21,2060,FOOD,3416,0.0174,59,3357
21,21,2060,GVED,11128,0.0434,483,10645
21,21,2060,HLTH,6150,0.0321,197,5953
21,21,2060,MANU,5277,0.0287,151,5126
21,21,2060,MING,412,0.0027,1,411
21,21,2060,OFFI,4044,0.0885,358,3686
21,21,2060,OTHR,12867,0.0688,885,11982
21,21,2060,RETL,5652,0.0301,170,5482
21,21,2060,WSLE,1946,0.0335,65,1881
21,21,2061,AGRI,1085,0.0208,23,1062
21,21,2061,CONS,6289,0.0265,167,6122
21,21,2061,FOOD,3412,0.0176,60,3352
21,21,2061,GVED,11246,0.0438,493,10753
21,21,2061,HLTH,6199,0.0324,201,5998
21,21,2061,MANU,5305,0.0289,153,5152
21,21,2061,MING,411,0.0027,1,410
21,21,2061,OFFI,4064,0.0892,363,3701
21,21,2061,OTHR,12922,0.0694,897,12025
21,21,2061,RETL,5687,0.0303,172,5515
21,21,2061,WSLE,1947,0.0338,66,1881
21,21,2062,AGRI,1081,0.0209,23,1058
21,21,2062,CONS,6338,0.0267,169,6169
21,21,2062,FOOD,3408,0.0177,60,3348
21,21,2062,GVED,11372,0.0442,503,10869
21,21,2062,HLTH,6250,0.0327,204,6046
21,21,2062,MANU,5333,0.0292,156,5177
21,21,2062,MING,411,0.0027,1,410
21,21,2062,OFFI,4081,0.09,367,3714
21,21,2062,OTHR,12975,0.07,908,12067
21,21,2062,RETL,5723,0.0306,175,5548
21,21,2062,WSLE,1948,0.0341,66,1882
21,21,2063,AGRI,1078,0.0211,23,1055
21,21,2063,CONS,6386,0.027,172,6214
21,21,2063,FOOD,3405,0.0179,61,3344
21,21,2063,GVED,11502,0.0446,513,10989
21,21,2063,HLTH,6302,0.0329,207,6095
21,21,2063,MANU,5360,0.0295,158,5202
21,21,2063,MING,411,0.0028,1,410
21,21,2063,OFFI,4096,0.0908,372,3724
21,21,2063,OTHR,13032,0.0706,920,12112
21,21,2063,RETL,5761,0.0309,178,5583
21,21,2063,WSLE,1948,0.0344,67,1881
21,21,2064,AGRI,1075,0.0213,23,1052
21,21,2064,CONS,6431,0.0272,175,6256
21,21,2064,FOOD,3401,0.018,61,3340
21,21,2064,GVED,11634,0.045,524,11110
21,21,2064,HLTH,6353,0.0332,211,6142
21,21,2064,MANU,5389,0.0297,160,5229
21,21,2064,MING,410,0.0028,1,409
21,21,2064,OFFI,4112,0.0916,377,3735
21,21,2064,OTHR,13087,0.0711,930,12157
21,21,2064,RETL,5798,0.0311,180,5618
21,21,2064,WSLE,1950,0.0348,68,1882
21,21,2065,AGRI,1071,0.0215,23,1048
21,21,2065,CONS,6475,0.0274,177,6298
21,21,2065,FOOD,3399,0.0182,62,3337
21,21,2065,GVED,11768,0.0454,534,11234
21,21,2065,HLTH,6405,0.0335,215,6190
21,21,2065,MANU,5417,0.03,163,5254
21,21,2065,MING,410,0.0028,1,409
21,21,2065,OFFI,4129,0.0924,382,3747
21,21,2065,OTHR,13142,0.0717,942,12200
21,21,2065,RETL,5835,0.0314,183,5652
21,21,2065,WSLE,1950,0.0351,68,1882
23,23,2023,AGRI,485,0.0246,12,473
23,23,2023,CONS,566,0.027,15,551
23,23,2023,FOOD,394,0.0179,7,387
23,23,2023,GVED,1091,0.0439,48,1043
23,23,2023,HLTH,674,0.033,22,652
23,23,2023,MANU,903,0.0295,27,876
23,23,2023,MING,98,0.0028,0,98
23,23,2023,OFFI,434,0.0909,39,395
23,23,2023,OTHR,996,0.0676,67,929
23,23,2023,RETL,533,0.0309,16,517
23,23,2023,WSLE,147,0.0362,5,142
23,23,2024,AGRI,487,0.0244,12,475
23,23,2024,CONS,602,0.0268,16,586
23,23,2024,FOOD,481,0.0178,9,472
23,23,2024,GVED,1109,0.0436,48,1061
23,23,2024,HLTH,833,0.0328,27,806
23,23,2024,MANU,857,0.0293,25,832
23,23,2024,MING,61,0.0028,0,61
23,23,2024,OFFI,385,0.0903,35,350
23,23,2024,OTHR,996,0.0681,68,928
23,23,2024,RETL,536,0.0307,16,520
23,23,2024,WSLE,171,0.0368,6,165
23,23,2025,AGRI,486,0.0259,13,473
23,23,2025,CONS,621,0.0286,18,603
23,23,2025,FOOD,482,0.019,9,473
23,23,2025,GVED,1139,0.0465,53,1086
23,23,2025,HLTH,867,0.035,30,837
23,23,2025,MANU,874,0.0313,27,847
23,23,2025,MING,79,0.0029,0,79
23,23,2025,OFFI,389,0.0964,37,352
23,23,2025,OTHR,1016,0.0727,74,942
23,23,2025,RETL,541,0.0328,18,523
23,23,2025,WSLE,173,0.0393,7,166
23,23,2026,AGRI,486,0.0262,13,473
23,23,2026,CONS,633,0.0289,18,615
23,23,2026,FOOD,487,0.0191,9,478
23,23,2026,GVED,1160,0.047,55,1105
23,23,2026,HLTH,894,0.0353,32,862
23,23,2026,MANU,882,0.0315,28,854
23,23,2026,MING,100,0.003,0,100
23,23,2026,OFFI,385,0.0972,37,348
23,23,2026,OTHR,1029,0.0732,75,954
23,23,2026,RETL,542,0.0331,18,524
23,23,2026,WSLE,173,0.0397,7,166
23,23,2027,AGRI,485,0.0264,13,472
23,23,2027,CONS,650,0.0292,19,631
23,23,2027,FOOD,491,0.0193,9,482
23,23,2027,GVED,1185,0.0475,56,1129
23,23,2027,HLTH,918,0.0357,33,885
23,23,2027,MANU,891,0.0319,28,863
23,23,2027,MING,119,0.003,0,119
23,23,2027,OFFI,381,0.0982,37,344
23,23,2027,OTHR,1045,0.0737,77,968
23,23,2027,RETL,552,0.0334,18,534
23,23,2027,WSLE,174,0.0402,7,167
23,23,2028,AGRI,482,0.0266,13,469
23,23,2028,CONS,673,0.0295,20,653
23,23,2028,FOOD,492,0.0195,10,482
23,23,2028,GVED,1207,0.048,58,1149
23,23,2028,HLTH,934,0.036,34,900
23,23,2028,MANU,899,0.0322,29,870
23,23,2028,MING,136,0.003,0,136
23,23,2028,OFFI,380,0.0992,38,342
23,23,2028,OTHR,1064,0.0741,79,985
23,23,2028,RETL,557,0.0337,19,538
23,23,2028,WSLE,174,0.0407,7,167
23,23,2029,AGRI,480,0.0268,13,467
23,23,2029,CONS,697,0.0297,21,676
23,23,2029,FOOD,492,0.0197,10,482
23,23,2029,GVED,1232,0.0485,60,1172
23,23,2029,HLTH,950,0.0363,34,916
23,23,2029,MANU,914,0.0325,30,884
23,23,2029,MING,150,0.0031,0,150
23,23,2029,OFFI,382,0.1001,38,344
23,23,2029,OTHR,1087,0.0747,81,1006
23,23,2029,RETL,565,0.034,19,546
23,23,2029,WSLE,173,0.0411,7,166
23,23,2030,AGRI,477,0.0271,13,464
23,23,2030,CONS,713,0.03,21,692
23,23,2030,FOOD,491,0.0199,10,481
23,23,2030,GVED,1252,0.0491,61,1191
23,23,2030,HLTH,968,0.0367,36,932
23,23,2030,MANU,931,0.0328,31,900
23,23,2030,MING,167,0.0031,1,166
23,23,2030,OFFI,383,0.1011,39,344
23,23,2030,OTHR,1103,0.0754,83,1020
23,23,2030,RETL,573,0.0344,20,553
23,23,2030,WSLE,172,0.0417,7,165
23,23,2031,AGRI,475,0.0274,13,462
23,23,2031,CONS,727,0.0304,22,705
23,23,2031,FOOD,487,0.0202,10,477
23,23,2031,GVED,1273,0.0498,63,1210
23,23,2031,HLTH,984,0.0372,37,947
23,23,2031,MANU,948,0.0333,32,916
23,23,2031,MING,187,0.0031,1,186
23,23,2031,OFFI,383,0.1025,39,344
23,23,2031,OTHR,1120,0.0764,86,1034
23,23,2031,RETL,584,0.0348,20,564
23,23,2031,WSLE,172,0.0422,7,165
23,23,2032,AGRI,474,0.0277,13,461
23,23,2032,CONS,738,0.0308,23,715
23,23,2032,FOOD,485,0.0204,10,475
23,23,2032,GVED,1292,0.0505,65,1227
23,23,2032,HLTH,999,0.0377,38,961
23,23,2032,MANU,964,0.0337,32,932
23,23,2032,MING,208,0.0032,1,207
23,23,2032,OFFI,384,0.1038,40,344
23,23,2032,OTHR,1136,0.0775,88,1048
23,23,2032,RETL,593,0.0353,21,572
23,23,2032,WSLE,172,0.0429,7,165
23,23,2033,AGRI,474,0.028,13,461
23,23,2033,CONS,749,0.0312,23,726
23,23,2033,FOOD,486,0.0206,10,476
23,23,2033,GVED,1305,0.051,67,1238
23,23,2033,HLTH,1010,0.0381,38,972
23,23,2033,MANU,976,0.034,33,943
23,23,2033,MING,209,0.0032,1,208
23,23,2033,OFFI,386,0.1049,40,346
23,23,2033,OTHR,1154,0.0783,90,1064
23,23,2033,RETL,600,0.0357,21,579
23,23,2033,WSLE,171,0.0435,7,164
23,23,2034,AGRI,474,0.0282,13,461
23,23,2034,CONS,760,0.0315,24,736
23,23,2034,FOOD,499,0.0209,10,489
23,23,2034,GVED,1320,0.0516,68,1252
23,23,2034,HLTH,1026,0.0385,40,986
23,23,2034,MANU,988,0.0344,34,954
23,23,2034,MING,212,0.0032,1,211
23,23,2034,OFFI,392,0.106,42,350
23,23,2034,OTHR,1181,0.0788,93,1088
23,23,2034,RETL,607,0.0361,22,585
23,23,2034,WSLE,170,0.0441,7,163
23,23,2035,AGRI,475,0.0284,13,462
23,23,2035,CONS,766,0.0318,24,742
23,23,2035,FOOD,486,0.0211,10,476
23,23,2035,GVED,1325,0.0522,69,1256
23,23,2035,HLTH,1029,0.0389,40,989
23,23,2035,MANU,1000,0.0347,35,965
23,23,2035,MING,213,0.0033,1,212
23,23,2035,OFFI,394,0.107,42,352
23,23,2035,OTHR,1168,0.0801,94,1074
23,23,2035,RETL,609,0.0364,22,587
23,23,2035,WSLE,168,0.0447,8,160
23,23,2036,AGRI,475,0.0287,14,461
23,23,2036,CONS,769,0.0321,25,744
23,23,2036,FOOD,489,0.0213,10,479
23,23,2036,GVED,1334,0.0528,70,1264
23,23,2036,HLTH,1035,0.0392,41,994
23,23,2036,MANU,1017,0.0351,36,981
23,23,2036,MING,213,0.0033,1,212
23,23,2036,OFFI,397,0.1081,43,354
23,23,2036,OTHR,1179,0.081,95,1084
23,23,2036,RETL,612,0.0368,23,589
23,23,2036,WSLE,166,0.0454,8,158
23,23,2037,AGRI,474,0.0289,14,460
23,23,2037,CONS,771,0.0324,25,746
23,23,2037,FOOD,494,0.0215,11,483
23,23,2037,GVED,1345,0.0533,72,1273
23,23,2037,HLTH,1045,0.0396,41,1004
23,23,2037,MANU,1035,0.0354,37,998
23,23,2037,MING,211,0.0033,1,210
23,23,2037,OFFI,401,0.1091,44,357
23,23,2037,OTHR,1197,0.0817,98,1099
23,23,2037,RETL,619,0.0371,23,596
23,23,2037,WSLE,165,0.0459,8,157
23,23,2038,AGRI,475,0.0291,14,461
23,23,2038,CONS,769,0.0327,25,744
23,23,2038,FOOD,496,0.0217,11,485
23,23,2038,GVED,1356,0.0538,73,1283
23,23,2038,HLTH,1055,0.04,42,1013
23,23,2038,MANU,1051,0.0357,38,1013
23,23,2038,MING,212,0.0034,1,211
23,23,2038,OFFI,403,0.1101,44,359
23,23,2038,OTHR,1213,0.0825,100,1113
23,23,2038,RETL,625,0.0374,23,602
23,23,2038,WSLE,165,0.0465,8,157
23,23,2039,AGRI,475,0.0294,14,461
23,23,2039,CONS,767,0.033,25,742
23,23,2039,FOOD,501,0.0219,11,490
23,23,2039,GVED,1367,0.0543,74,1293
23,23,2039,HLTH,1064,0.0403,43,1021
23,23,2039,MANU,1066,0.0361,38,1028
23,23,2039,MING,212,0.0034,1,211
23,23,2039,OFFI,406,0.1111,45,361
23,23,2039,OTHR,1233,0.0833,103,1130
23,23,2039,RETL,633,0.0378,24,609
23,23,2039,WSLE,164,0.0471,8,156
23,23,2040,AGRI,475,0.0296,14,461
23,23,2040,CONS,765,0.0333,25,740
23,23,2040,FOOD,503,0.0221,11,492
23,23,2040,GVED,1379,0.0549,76,1303
23,23,2040,HLTH,1072,0.0407,44,1028
23,23,2040,MANU,1080,0.0364,39,1041
23,23,2040,MING,212,0.0034,1,211
23,23,2040,OFFI,407,0.1122,46,361
23,23,2040,OTHR,1249,0.084,105,1144
23,23,2040,RETL,639,0.0382,24,615
23,23,2040,WSLE,165,0.0476,8,157
23,23,2041,AGRI,475,0.0298,14,461
23,23,2041,CONS,759,0.0336,26,733
23,23,2041,FOOD,507,0.0223,11,496
23,23,2041,GVED,1390,0.0554,77,1313
23,23,2041,HLTH,1080,0.0411,44,1036
23,23,2041,MANU,1093,0.0367,40,1053
23,23,2041,MING,212,0.0035,1,211
23,23,2041,OFFI,409,0.1132,46,363
23,23,2041,OTHR,1263,0.0848,107,1156
23,23,2041,RETL,646,0.0385,25,621
23,23,2041,WSLE,165,0.0481,8,157
23,23,2042,AGRI,473,0.03,14,459
23,23,2042,CONS,754,0.0339,26,728
23,23,2042,FOOD,508,0.0225,11,497
23,23,2042,GVED,1399,0.0559,78,1321
23,23,2042,HLTH,1084,0.0415,45,1039
23,23,2042,MANU,1106,0.0371,41,1065
23,23,2042,MING,212,0.0035,1,211
23,23,2042,OFFI,412,0.1142,47,365
23,23,2042,OTHR,1278,0.0855,109,1169
23,23,2042,RETL,649,0.0388,25,624
23,23,2042,WSLE,165,0.0487,8,157
23,23,2043,AGRI,474,0.0302,14,460
23,23,2043,CONS,750,0.0342,26,724
23,23,2043,FOOD,511,0.0227,12,499
23,23,2043,GVED,1408,0.0564,79,1329
23,23,2043,HLTH,1090,0.0418,46,1044
23,23,2043,MANU,1117,0.0374,42,1075
23,23,2043,MING,213,0.0035,1,212
23,23,2043,OFFI,415,0.1152,48,367
23,23,2043,OTHR,1291,0.0862,111,1180
23,23,2043,RETL,655,0.0392,26,629
23,23,2043,WSLE,165,0.0493,8,157
23,23,2044,AGRI,473,0.0304,14,459
23,23,2044,CONS,746,0.0345,26,720
23,23,2044,FOOD,512,0.0229,12,500
23,23,2044,GVED,1417,0.057,81,1336
23,23,2044,HLTH,1093,0.0422,46,1047
23,23,2044,MANU,1128,0.0377,43,1085
23,23,2044,MING,213,0.0035,1,212
23,23,2044,OFFI,417,0.1162,48,369
23,23,2044,OTHR,1303,0.087,113,1190
23,23,2044,RETL,660,0.0395,26,634
23,23,2044,WSLE,165,0.0499,8,157
23,23,2045,AGRI,473,0.0307,15,458
23,23,2045,CONS,747,0.0348,26,721
23,23,2045,FOOD,514,0.0231,12,502
23,23,2045,GVED,1426,0.0575,82,1344
23,23,2045,HLTH,1099,0.0426,47,1052
23,23,2045,MANU,1142,0.038,43,1099
23,23,2045,MING,213,0.0036,1,212
23,23,2045,OFFI,421,0.1172,49,372
23,23,2045,OTHR,1316,0.0877,115,1201
23,23,2045,RETL,666,0.0399,27,639
23,23,2045,WSLE,164,0.0504,8,156
23,23,2046,AGRI,472,0.0309,15,457
23,23,2046,CONS,750,0.0351,26,724
23,23,2046,FOOD,515,0.0233,12,503
23,23,2046,GVED,1435,0.058,83,1352
23,23,2046,HLTH,1103,0.0429,47,1056
23,23,2046,MANU,1156,0.0384,44,1112
23,23,2046,MING,213,0.0036,1,212
23,23,2046,OFFI,425,0.1183,50,375
23,23,2046,OTHR,1327,0.0885,117,1210
23,23,2046,RETL,669,0.0402,27,642
23,23,2046,WSLE,165,0.0509,8,157
23,23,2047,AGRI,473,0.0311,15,458
23,23,2047,CONS,758,0.0355,27,731
23,23,2047,FOOD,515,0.0235,12,503
23,23,2047,GVED,1443,0.0585,84,1359
23,23,2047,HLTH,1108,0.0433,48,1060
23,23,2047,MANU,1170,0.0387,45,1125
23,23,2047,MING,213,0.0036,1,212
23,23,2047,OFFI,431,0.1193,51,380
23,23,2047,OTHR,1337,0.0893,119,1218
23,23,2047,RETL,675,0.0406,27,648
23,23,2047,WSLE,164,0.0515,8,156
23,23,2048,AGRI,472,0.0314,15,457
23,23,2048,CONS,768,0.0358,27,741
23,23,2048,FOOD,516,0.0237,12,504
23,23,2048,GVED,1452,0.059,86,1366
23,23,2048,HLTH,1111,0.0437,49,1062
23,23,2048,MANU,1184,0.0391,46,1138
23,23,2048,MING,214,0.0037,1,213
23,23,2048,OFFI,436,0.1204,52,384
23,23,2048,OTHR,1343,0.0901,121,1222
23,23,2048,RETL,679,0.0409,28,651
23,23,2048,WSLE,164,0.0521,9,155
23,23,2049,AGRI,471,0.0316,15,456
23,23,2049,CONS,779,0.0361,28,751
23,23,2049,FOOD,517,0.0239,12,505
23,23,2049,GVED,1459,0.0595,87,1372
23,23,2049,HLTH,1114,0.0441,49,1065
23,23,2049,MANU,1198,0.0394,47,1151
23,23,2049,MING,215,0.0037,1,214
23,23,2049,OFFI,443,0.1215,54,389
23,23,2049,OTHR,1349,0.0909,123,1226
23,23,2049,RETL,683,0.0413,28,655
23,23,2049,WSLE,165,0.0526,9,156
23,23,2050,AGRI,471,0.0319,15,456
23,23,2050,CONS,793,0.0364,29,764
23,23,2050,FOOD,518,0.0241,12,506
23,23,2050,GVED,1465,0.0601,88,1377
23,23,2050,HLTH,1116,0.0445,50,1066
23,23,2050,MANU,1213,0.0398,48,1165
23,23,2050,MING,216,0.0037,1,215
23,23,2050,OFFI,447,0.1226,55,392
23,23,2050,OTHR,1358,0.0917,125,1233
23,23,2050,RETL,687,0.0417,29,658
23,23,2050,WSLE,165,0.0532,9,156
23,23,2051,AGRI,470,0.0321,15,455
23,23,2051,CONS,806,0.0368,30,776
23,23,2051,FOOD,518,0.0243,13,505
23,23,2051,GVED,1471,0.0606,89,1382
23,23,2051,HLTH,1118,0.0449,50,1068
23,23,2051,MANU,1229,0.0401,49,1180
23,23,2051,MING,217,0.0038,1,216
23,23,2051,OFFI,452,0.1237,56,396
23,23,2051,OTHR,1365,0.0925,126,1239
23,23,2051,RETL,691,0.0421,29,662
23,23,2051,WSLE,164,0.0538,9,155
23,23,2052,AGRI,469,0.0324,15,454
23,23,2052,CONS,820,0.0371,30,790
23,23,2052,FOOD,518,0.0246,13,505
23,23,2052,GVED,1477,0.0612,90,1387
23,23,2052,HLTH,1117,0.0453,51,1066
23,23,2052,MANU,1243,0.0405,50,1193
23,23,2052,MING,218,0.0038,1,217
23,23,2052,OFFI,454,0.1248,57,397
23,23,2052,OTHR,1370,0.0934,128,1242
23,23,2052,RETL,695,0.0425,30,665
23,23,2052,WSLE,165,0.0544,9,156
23,23,2053,AGRI,469,0.0326,15,454
23,23,2053,CONS,834,0.0374,31,803
23,23,2053,FOOD,518,0.0248,13,505
23,23,2053,GVED,1483,0.0618,92,1391
23,23,2053,HLTH,1119,0.0458,51,1068
23,23,2053,MANU,1257,0.0409,51,1206
23,23,2053,MING,219,0.0038,1,218
23,23,2053,OFFI,456,0.126,57,399
23,23,2053,OTHR,1377,0.0943,130,1247
23,23,2053,RETL,698,0.0429,30,668
23,23,2053,WSLE,165,0.055,9,156
23,23,2054,AGRI,468,0.0328,15,453
23,23,2054,CONS,850,0.0378,32,818
23,23,2054,FOOD,518,0.025,13,505
23,23,2054,GVED,1488,0.0623,93,1395
23,23,2054,HLTH,1119,0.0462,52,1067
23,23,2054,MANU,1268,0.0413,52,1216
23,23,2054,MING,218,0.0039,1,217
23,23,2054,OFFI,456,0.1272,58,398
23,23,2054,OTHR,1382,0.0952,132,1250
23,23,2054,RETL,701,0.0433,30,671
23,23,2054,WSLE,165,0.0556,9,156
23,23,2055,AGRI,467,0.0331,15,452
23,23,2055,CONS,867,0.0381,33,834
23,23,2055,FOOD,518,0.0253,13,505
23,23,2055,GVED,1495,0.0629,94,1401
23,23,2055,HLTH,1119,0.0466,52,1067
23,23,2055,MANU,1279,0.0417,53,1226
23,23,2055,MING,219,0.0039,1,218
23,23,2055,OFFI,457,0.1284,59,398
23,23,2055,OTHR,1389,0.096,133,1256
23,23,2055,RETL,705,0.0437,31,674
23,23,2055,WSLE,165,0.0563,9,156
23,23,2056,AGRI,467,0.0333,16,451
23,23,2056,CONS,880,0.0385,34,846
23,23,2056,FOOD,517,0.0255,13,504
23,23,2056,GVED,1499,0.0635,95,1404
23,23,2056,HLTH,1120,0.047,53,1067
23,23,2056,MANU,1289,0.042,54,1235
23,23,2056,MING,219,0.0039,1,218
23,23,2056,OFFI,458,0.1295,59,399
23,23,2056,OTHR,1397,0.0968,135,1262
23,23,2056,RETL,707,0.044,31,676
23,23,2056,WSLE,166,0.0568,9,157
23,23,2057,AGRI,465,0.0336,16,449
23,23,2057,CONS,889,0.0388,34,855
23,23,2057,FOOD,516,0.0257,13,503
23,23,2057,GVED,1506,0.064,96,1410
23,23,2057,HLTH,1121,0.0474,53,1068
23,23,2057,MANU,1298,0.0424,55,1243
23,23,2057,MING,217,0.004,1,216
23,23,2057,OFFI,459,0.1306,60,399
23,23,2057,OTHR,1403,0.0976,137,1266
23,23,2057,RETL,708,0.0444,31,677
23,23,2057,WSLE,165,0.0574,9,156
23,23,2058,AGRI,465,0.0338,16,449
23,23,2058,CONS,894,0.0391,35,859
23,23,2058,FOOD,513,0.0259,13,500
23,23,2058,GVED,1510,0.0645,97,1413
23,23,2058,HLTH,1122,0.0478,54,1068
23,23,2058,MANU,1310,0.0427,56,1254
23,23,2058,MING,216,0.004,1,215
23,23,2058,OFFI,461,0.1317,61,400
23,23,2058,OTHR,1407,0.0984,138,1269
23,23,2058,RETL,709,0.0448,32,677
23,23,2058,WSLE,166,0.0579,10,156
23,23,2059,AGRI,463,0.0341,16,447
23,23,2059,CONS,899,0.0395,36,863
23,23,2059,FOOD,512,0.0261,13,499
23,23,2059,GVED,1516,0.0651,99,1417
23,23,2059,HLTH,1123,0.0482,54,1069
23,23,2059,MANU,1320,0.0431,57,1263
23,23,2059,MING,216,0.004,1,215
23,23,2059,OFFI,460,0.1328,61,399
23,23,2059,OTHR,1414,0.0992,140,1274
23,23,2059,RETL,711,0.0452,32,679
23,23,2059,WSLE,166,0.0586,10,156
23,23,2060,AGRI,463,0.0342,16,447
23,23,2060,CONS,904,0.0398,36,868
23,23,2060,FOOD,510,0.0263,13,497
23,23,2060,GVED,1521,0.0656,100,1421
23,23,2060,HLTH,1123,0.0486,55,1068
23,23,2060,MANU,1331,0.0434,58,1273
23,23,2060,MING,215,0.0041,1,214
23,23,2060,OFFI,463,0.1338,62,401
23,23,2060,OTHR,1419,0.0999,142,1277
23,23,2060,RETL,711,0.0455,32,679
23,23,2060,WSLE,167,0.0591,10,157
23,23,2061,AGRI,462,0.0345,16,446
23,23,2061,CONS,908,0.0401,36,872
23,23,2061,FOOD,509,0.0266,14,495
23,23,2061,GVED,1528,0.0661,101,1427
23,23,2061,HLTH,1123,0.049,55,1068
23,23,2061,MANU,1341,0.0438,59,1282
23,23,2061,MING,214,0.0041,1,213
23,23,2061,OFFI,463,0.1349,62,401
23,23,2061,OTHR,1424,0.1007,143,1281
23,23,2061,RETL,712,0.0459,33,679
23,23,2061,WSLE,166,0.0597,10,156
23,23,2062,AGRI,461,0.0347,16,445
23,23,2062,CONS,911,0.0404,37,874
23,23,2062,FOOD,508,0.0268,14,494
23,23,2062,GVED,1534,0.0667,102,1432
23,23,2062,HLTH,1124,0.0494,56,1068
23,23,2062,MANU,1352,0.0441,60,1292
23,23,2062,MING,213,0.0041,1,212
23,23,2062,OFFI,465,0.136,63,402
23,23,2062,OTHR,1431,0.1015,145,1286
23,23,2062,RETL,714,0.0462,33,681
23,23,2062,WSLE,167,0.0603,10,157
23,23,2063,AGRI,462,0.0349,16,446
23,23,2063,CONS,914,0.0407,37,877
23,23,2063,FOOD,506,0.027,14,492
23,23,2063,GVED,1542,0.0672,104,1438
23,23,2063,HLTH,1124,0.0498,56,1068
23,23,2063,MANU,1362,0.0445,61,1301
23,23,2063,MING,213,0.0042,1,212
23,23,2063,OFFI,465,0.137,64,401
23,23,2063,OTHR,1437,0.1023,147,1290
23,23,2063,RETL,716,0.0466,33,683
23,23,2063,WSLE,167,0.0609,10,157
23,23,2064,AGRI,461,0.0352,16,445
23,23,2064,CONS,917,0.041,38,879
23,23,2064,FOOD,505,0.0272,14,491
23,23,2064,GVED,1548,0.0677,105,1443
23,23,2064,HLTH,1124,0.0501,56,1068
23,23,2064,MANU,1373,0.0448,62,1311
23,23,2064,MING,213,0.0042,1,212
23,23,2064,OFFI,466,0.1381,64,402
23,23,2064,OTHR,1443,0.1031,149,1294
23,23,2064,RETL,717,0.047,34,683
23,23,2064,WSLE,166,0.0615,10,156
23,23,2065,AGRI,460,0.0353,16,444
23,23,2065,CONS,920,0.0414,38,882
23,23,2065,FOOD,504,0.0274,14,490
23,23,2065,GVED,1554,0.0683,106,1448
23,23,2065,HLTH,1124,0.0505,57,1067
23,23,2065,MANU,1383,0.0452,63,1320
23,23,2065,MING,213,0.0042,1,212
23,23,2065,OFFI,467,0.1392,65,402
23,23,2065,OTHR,1449,0.1039,151,1298
23,23,2065,RETL,719,0.0473,34,685
23,23,2065,WSLE,167,0.062,10,157
25,25,2023,AGRI,170,0.0275,5,165
25,25,2023,CONS,306,0.0251,8,298
25,25,2023,FOOD,1255,0.0167,21,1234
25,25,2023,GVED,841,0.0415,35,806
25,25,2023,HLTH,188,0.0307,6,182
25,25,2023,MANU,166,0.0275,5,161
25,25,2023,MING,40,0.0026,0,40
25,25,2023,OFFI,310,0.0847,26,284
25,25,2023,OTHR,2175,0.0594,129,2046
25,25,2023,RETL,610,0.0288,18,592
25,25,2023,WSLE,211,0.0299,6,205
25,25,2024,AGRI,170,0.0263,4,166
25,25,2024,CONS,275,0.024,7,268
25,25,2024,FOOD,1251,0.0159,20,1231
25,25,2024,GVED,851,0.0397,34,817
25,25,2024,HLTH,153,0.0294,4,149
25,25,2024,MANU,165,0.0263,4,161
25,25,2024,MING,40,0.0025,0,40
25,25,2024,OFFI,362,0.0811,29,333
25,25,2024,OTHR,2249,0.0575,129,2120
25,25,2024,RETL,580,0.0275,16,564
25,25,2024,WSLE,215,0.029,6,209
25,25,2025,AGRI,169,0.0279,5,164
25,25,2025,CONS,282,0.0255,7,275
25,25,2025,FOOD,1254,0.0169,21,1233
25,25,2025,GVED,864,0.0421,36,828
25,25,2025,HLTH,159,0.0312,5,154
25,25,2025,MANU,167,0.0279,5,162
25,25,2025,MING,39,0.0026,0,39
25,25,2025,OFFI,364,0.0861,31,333
25,25,2025,OTHR,2292,0.0611,140,2152
25,25,2025,RETL,588,0.0292,17,571
25,25,2025,WSLE,215,0.0309,7,208
25,25,2026,AGRI,169,0.0281,5,164
25,25,2026,CONS,286,0.0257,7,279
25,25,2026,FOOD,1264,0.017,21,1243
25,25,2026,GVED,867,0.0424,37,830
25,25,2026,HLTH,165,0.0314,5,160
25,25,2026,MANU,169,0.0281,5,164
25,25,2026,MING,40,0.0026,0,40
25,25,2026,OFFI,362,0.0866,31,331
25,25,2026,OTHR,2319,0.0613,142,2177
25,25,2026,RETL,589,0.0294,17,572
25,25,2026,WSLE,214,0.0311,7,207
25,25,2027,AGRI,169,0.0283,5,164
25,25,2027,CONS,290,0.0259,8,282
25,25,2027,FOOD,1265,0.0172,22,1243
25,25,2027,GVED,870,0.0427,37,833
25,25,2027,HLTH,169,0.0317,5,164
25,25,2027,MANU,171,0.0283,5,166
25,25,2027,MING,41,0.0027,0,41
25,25,2027,OFFI,360,0.0873,31,329
25,25,2027,OTHR,2355,0.0614,145,2210
25,25,2027,RETL,595,0.0296,18,577
25,25,2027,WSLE,214,0.0314,7,207
25,25,2028,AGRI,167,0.0285,5,162
25,25,2028,CONS,300,0.0261,8,292
25,25,2028,FOOD,1265,0.0173,22,1243
25,25,2028,GVED,877,0.0431,38,839
25,25,2028,HLTH,173,0.0319,6,167
25,25,2028,MANU,173,0.0285,5,168
25,25,2028,MING,39,0.0027,0,39
25,25,2028,OFFI,358,0.0881,32,326
25,25,2028,OTHR,2405,0.0615,148,2257
25,25,2028,RETL,598,0.0299,18,580
25,25,2028,WSLE,211,0.0317,7,204
25,25,2029,AGRI,166,0.0287,5,161
25,25,2029,CONS,310,0.0263,8,302
25,25,2029,FOOD,1261,0.0174,22,1239
25,25,2029,GVED,881,0.0434,38,843
25,25,2029,HLTH,177,0.0321,6,171
25,25,2029,MANU,175,0.0287,5,170
25,25,2029,MING,37,0.0027,0,37
25,25,2029,OFFI,361,0.0886,32,329
25,25,2029,OTHR,2453,0.0617,151,2302
25,25,2029,RETL,603,0.0301,18,585
25,25,2029,WSLE,210,0.032,7,203
25,25,2030,AGRI,165,0.0289,5,160
25,25,2030,CONS,317,0.0264,8,309
25,25,2030,FOOD,1250,0.0175,22,1228
25,25,2030,GVED,886,0.0436,39,847
25,25,2030,HLTH,180,0.0323,6,174
25,25,2030,MANU,179,0.0289,5,174
25,25,2030,MING,36,0.0027,0,36
25,25,2030,OFFI,363,0.089,32,331
25,25,2030,OTHR,2491,0.0621,155,2336
25,25,2030,RETL,609,0.0302,18,591
25,25,2030,WSLE,208,0.0322,7,201
25,25,2031,AGRI,165,0.0291,5,160
25,25,2031,CONS,322,0.0266,9,313
25,25,2031,FOOD,1234,0.0176,22,1212
25,25,2031,GVED,888,0.044,39,849
25,25,2031,HLTH,184,0.0326,6,178
25,25,2031,MANU,183,0.0291,5,178
25,25,2031,MING,36,0.0027,0,36
25,25,2031,OFFI,364,0.0898,33,331
25,25,2031,OTHR,2525,0.0626,158,2367
25,25,2031,RETL,616,0.0305,19,597
25,25,2031,WSLE,205,0.0326,7,198
25,25,2032,AGRI,163,0.0294,5,158
25,25,2032,CONS,328,0.0269,9,319
25,25,2032,FOOD,1221,0.0178,22,1199
25,25,2032,GVED,890,0.0444,40,850
25,25,2032,HLTH,188,0.0328,6,182
25,25,2032,MANU,185,0.0293,5,180
25,25,2032,MING,38,0.0028,0,38
25,25,2032,OFFI,366,0.0906,33,333
25,25,2032,OTHR,2557,0.0632,162,2395
25,25,2032,RETL,622,0.0308,19,603
25,25,2032,WSLE,205,0.0329,7,198
25,25,2033,AGRI,163,0.0297,5,158
25,25,2033,CONS,335,0.0271,9,326
25,25,2033,FOOD,1215,0.018,22,1193
25,25,2033,GVED,892,0.0448,40,852
25,25,2033,HLTH,190,0.0332,6,184
25,25,2033,MANU,188,0.0296,6,182
25,25,2033,MING,40,0.0028,0,40
25,25,2033,OFFI,368,0.0915,34,334
25,25,2033,OTHR,2585,0.0638,165,2420
25,25,2033,RETL,627,0.0311,19,608
25,25,2033,WSLE,201,0.0334,7,194
25,25,2034,AGRI,163,0.0299,5,158
25,25,2034,CONS,342,0.0274,9,333
25,25,2034,FOOD,1214,0.0181,22,1192
25,25,2034,GVED,897,0.0453,41,856
25,25,2034,HLTH,193,0.0335,6,187
25,25,2034,MANU,190,0.0299,6,184
25,25,2034,MING,41,0.0028,0,41
25,25,2034,OFFI,370,0.0923,34,336
25,25,2034,OTHR,2633,0.0643,169,2464
25,25,2034,RETL,630,0.0313,20,610
25,25,2034,WSLE,199,0.0337,7,192
25,25,2035,AGRI,163,0.0302,5,158
25,25,2035,CONS,346,0.0276,10,336
25,25,2035,FOOD,1200,0.0183,22,1178
25,25,2035,GVED,897,0.0456,41,856
25,25,2035,HLTH,193,0.0337,7,186
25,25,2035,MANU,192,0.0302,6,186
25,25,2035,MING,42,0.0028,0,42
25,25,2035,OFFI,375,0.0931,35,340
25,25,2035,OTHR,2599,0.0651,169,2430
25,25,2035,RETL,627,0.0316,20,607
25,25,2035,WSLE,196,0.0342,7,189
25,25,2036,AGRI,163,0.0304,5,158
25,25,2036,CONS,349,0.0278,10,339
25,25,2036,FOOD,1200,0.0184,22,1178
25,25,2036,GVED,902,0.0461,42,860
25,25,2036,HLTH,195,0.034,7,188
25,25,2036,MANU,195,0.0304,6,189
25,25,2036,MING,42,0.0029,0,42
25,25,2036,OFFI,378,0.0939,35,343
25,25,2036,OTHR,2621,0.0658,172,2449
25,25,2036,RETL,629,0.0319,20,609
25,25,2036,WSLE,192,0.0346,7,185
25,25,2037,AGRI,162,0.0307,5,157
25,25,2037,CONS,351,0.0281,10,341
25,25,2037,FOOD,1205,0.0186,22,1183
25,25,2037,GVED,909,0.0465,42,867
25,25,2037,HLTH,197,0.0344,7,190
25,25,2037,MANU,198,0.0307,6,192
25,25,2037,MING,42,0.0029,0,42
25,25,2037,OFFI,381,0.0948,36,345
25,25,2037,OTHR,2647,0.0664,176,2471
25,25,2037,RETL,633,0.0322,20,613
25,25,2037,WSLE,191,0.035,7,184
25,25,2038,AGRI,162,0.031,5,157
25,25,2038,CONS,351,0.0283,10,341
25,25,2038,FOOD,1203,0.0188,23,1180
25,25,2038,GVED,918,0.0469,43,875
25,25,2038,HLTH,200,0.0346,7,193
25,25,2038,MANU,201,0.031,6,195
25,25,2038,MING,42,0.0029,0,42
25,25,2038,OFFI,385,0.0956,37,348
25,25,2038,OTHR,2681,0.067,180,2501
25,25,2038,RETL,636,0.0324,21,615
25,25,2038,WSLE,190,0.0354,7,183
25,25,2039,AGRI,162,0.0313,5,157
25,25,2039,CONS,352,0.0286,10,342
25,25,2039,FOOD,1203,0.019,23,1180
25,25,2039,GVED,927,0.0474,44,883
25,25,2039,HLTH,202,0.035,7,195
25,25,2039,MANU,203,0.0312,6,197
25,25,2039,MING,42,0.0029,0,42
25,25,2039,OFFI,387,0.0964,37,350
25,25,2039,OTHR,2709,0.0675,183,2526
25,25,2039,RETL,642,0.0327,21,621
25,25,2039,WSLE,188,0.0358,7,181
25,25,2040,AGRI,162,0.0315,5,157
25,25,2040,CONS,350,0.0288,10,340
25,25,2040,FOOD,1201,0.0191,23,1178
25,25,2040,GVED,937,0.0478,45,892
25,25,2040,HLTH,205,0.0353,7,198
25,25,2040,MANU,205,0.0315,6,199
25,25,2040,MING,42,0.003,0,42
25,25,2040,OFFI,392,0.0972,38,354
25,25,2040,OTHR,2740,0.068,186,2554
25,25,2040,RETL,646,0.033,21,625
25,25,2040,WSLE,186,0.0361,7,179
25,25,2041,AGRI,162,0.0318,5,157
25,25,2041,CONS,347,0.0291,10,337
25,25,2041,FOOD,1200,0.0193,23,1177
25,25,2041,GVED,946,0.0483,46,900
25,25,2041,HLTH,207,0.0356,7,200
25,25,2041,MANU,208,0.0318,7,201
25,25,2041,MING,41,0.003,0,41
25,25,2041,OFFI,392,0.0982,38,354
25,25,2041,OTHR,2763,0.0686,190,2573
25,25,2041,RETL,652,0.0333,22,630
25,25,2041,WSLE,185,0.0366,7,178
25,25,2042,AGRI,160,0.0321,5,155
25,25,2042,CONS,346,0.0294,10,336
25,25,2042,FOOD,1197,0.0195,23,1174
25,25,2042,GVED,956,0.0487,47,909
25,25,2042,HLTH,210,0.0359,8,202
25,25,2042,MANU,209,0.0321,7,202
25,25,2042,MING,41,0.003,0,41
25,25,2042,OFFI,397,0.099,39,358
25,25,2042,OTHR,2787,0.0692,193,2594
25,25,2042,RETL,656,0.0336,22,634
25,25,2042,WSLE,184,0.0369,7,177
25,25,2043,AGRI,161,0.0322,5,156
25,25,2043,CONS,345,0.0296,10,335
25,25,2043,FOOD,1196,0.0196,23,1173
25,25,2043,GVED,968,0.0492,48,920
25,25,2043,HLTH,211,0.0362,8,203
25,25,2043,MANU,211,0.0324,7,204
25,25,2043,MING,42,0.003,0,42
25,25,2043,OFFI,399,0.0999,40,359
25,25,2043,OTHR,2809,0.0697,196,2613
25,25,2043,RETL,661,0.0339,22,639
25,25,2043,WSLE,184,0.0374,7,177
25,25,2044,AGRI,161,0.0325,5,156
25,25,2044,CONS,344,0.0299,10,334
25,25,2044,FOOD,1193,0.0198,24,1169
25,25,2044,GVED,979,0.0496,49,930
25,25,2044,HLTH,215,0.0365,8,207
25,25,2044,MANU,213,0.0326,7,206
25,25,2044,MING,42,0.0031,0,42
25,25,2044,OFFI,403,0.1007,41,362
25,25,2044,OTHR,2832,0.0703,199,2633
25,25,2044,RETL,665,0.0342,23,642
25,25,2044,WSLE,182,0.0378,7,175
25,25,2045,AGRI,161,0.0328,5,156
25,25,2045,CONS,346,0.0302,10,336
25,25,2045,FOOD,1191,0.02,24,1167
25,25,2045,GVED,992,0.0501,50,942
25,25,2045,HLTH,217,0.0369,8,209
25,25,2045,MANU,215,0.0329,7,208
25,25,2045,MING,42,0.0031,0,42
25,25,2045,OFFI,405,0.1016,41,364
25,25,2045,OTHR,2854,0.0709,202,2652
25,25,2045,RETL,671,0.0345,23,648
25,25,2045,WSLE,181,0.0382,7,174
25,25,2046,AGRI,160,0.0331,5,155
25,25,2046,CONS,351,0.0304,11,340
25,25,2046,FOOD,1188,0.0202,24,1164
25,25,2046,GVED,1005,0.0505,51,954
25,25,2046,HLTH,220,0.0372,8,212
25,25,2046,MANU,217,0.0332,7,210
25,25,2046,MING,42,0.0031,0,42
25,25,2046,OFFI,410,0.1025,42,368
25,25,2046,OTHR,2875,0.0715,206,2669
25,25,2046,RETL,677,0.0348,24,653
25,25,2046,WSLE,181,0.0386,7,174
25,25,2047,AGRI,160,0.0334,5,155
25,25,2047,CONS,360,0.0307,11,349
25,25,2047,FOOD,1186,0.0203,24,1162
25,25,2047,GVED,1016,0.051,52,964
25,25,2047,HLTH,224,0.0375,8,216
25,25,2047,MANU,219,0.0335,7,212
25,25,2047,MING,42,0.0031,0,42
25,25,2047,OFFI,416,0.1034,43,373
25,25,2047,OTHR,2897,0.072,209,2688
25,25,2047,RETL,685,0.0351,24,661
25,25,2047,WSLE,179,0.039,7,172
25,25,2048,AGRI,159,0.0337,5,154
25,25,2048,CONS,371,0.031,12,359
25,25,2048,FOOD,1185,0.0205,24,1161
25,25,2048,GVED,1030,0.0515,53,977
25,25,2048,HLTH,226,0.0379,9,217
25,25,2048,MANU,222,0.0339,8,214
25,25,2048,MING,43,0.0032,0,43
25,25,2048,OFFI,421,0.1044,44,377
25,25,2048,OTHR,2913,0.0727,212,2701
25,25,2048,RETL,690,0.0355,24,666
25,25,2048,WSLE,179,0.0395,7,172
25,25,2049,AGRI,159,0.034,5,154
25,25,2049,CONS,383,0.0313,12,371
25,25,2049,FOOD,1185,0.0207,25,1160
25,25,2049,GVED,1041,0.052,54,987
25,25,2049,HLTH,230,0.0382,9,221
25,25,2049,MANU,224,0.0342,8,216
25,25,2049,MING,44,0.0032,0,44
25,25,2049,OFFI,426,0.1055,45,381
25,25,2049,OTHR,2929,0.0733,215,2714
25,25,2049,RETL,698,0.0358,25,673
25,25,2049,WSLE,178,0.0399,7,171
25,25,2050,AGRI,158,0.0343,5,153
25,25,2050,CONS,397,0.0316,13,384
25,25,2050,FOOD,1185,0.0209,25,1160
25,25,2050,GVED,1052,0.0525,55,997
25,25,2050,HLTH,233,0.0386,9,224
25,25,2050,MANU,226,0.0345,8,218
25,25,2050,MING,44,0.0032,0,44
25,25,2050,OFFI,431,0.1065,46,385
25,25,2050,OTHR,2949,0.0739,218,2731
25,25,2050,RETL,704,0.0362,25,679
25,25,2050,WSLE,179,0.0404,7,172
25,25,2051,AGRI,158,0.0347,5,153
25,25,2051,CONS,412,0.0319,13,399
25,25,2051,FOOD,1185,0.0211,25,1160
25,25,2051,GVED,1060,0.0531,56,1004
25,25,2051,HLTH,236,0.039,9,227
25,25,2051,MANU,229,0.0348,8,221
25,25,2051,MING,45,0.0033,0,45
25,25,2051,OFFI,436,0.1075,47,389
25,25,2051,OTHR,2967,0.0745,221,2746
25,25,2051,RETL,713,0.0365,26,687
25,25,2051,WSLE,177,0.0409,7,170
25,25,2052,AGRI,158,0.035,6,152
25,25,2052,CONS,428,0.0322,14,414
25,25,2052,FOOD,1185,0.0213,25,1160
25,25,2052,GVED,1069,0.0536,57,1012
25,25,2052,HLTH,239,0.0394,9,230
25,25,2052,MANU,231,0.0352,8,223
25,25,2052,MING,46,0.0033,0,46
25,25,2052,OFFI,440,0.1086,48,392
25,25,2052,OTHR,2985,0.0752,224,2761
25,25,2052,RETL,719,0.0369,27,692
25,25,2052,WSLE,176,0.0413,7,169
25,25,2053,AGRI,157,0.0354,6,151
25,25,2053,CONS,445,0.0325,14,431
25,25,2053,FOOD,1186,0.0216,26,1160
25,25,2053,GVED,1077,0.0541,58,1019
25,25,2053,HLTH,241,0.0398,10,231
25,25,2053,MANU,233,0.0355,8,225
25,25,2053,MING,46,0.0033,0,46
25,25,2053,OFFI,442,0.1096,48,394
25,25,2053,OTHR,3006,0.0758,228,2778
25,25,2053,RETL,728,0.0372,27,701
25,25,2053,WSLE,177,0.0418,7,170
25,25,2054,AGRI,157,0.0357,6,151
25,25,2054,CONS,461,0.0329,15,446
25,25,2054,FOOD,1186,0.0218,26,1160
25,25,2054,GVED,1085,0.0547,59,1026
25,25,2054,HLTH,244,0.0402,10,234
25,25,2054,MANU,235,0.0359,8,227
25,25,2054,MING,47,0.0034,0,47
25,25,2054,OFFI,444,0.1107,49,395
25,25,2054,OTHR,3025,0.0765,231,2794
25,25,2054,RETL,737,0.0376,28,709
25,25,2054,WSLE,175,0.0423,7,168
25,25,2055,AGRI,156,0.0361,6,150
25,25,2055,CONS,479,0.0332,16,463
25,25,2055,FOOD,1186,0.022,26,1160
25,25,2055,GVED,1092,0.0552,60,1032
25,25,2055,HLTH,246,0.0406,10,236
25,25,2055,MANU,237,0.0363,9,228
25,25,2055,MING,47,0.0034,0,47
25,25,2055,OFFI,446,0.1118,50,396
25,25,2055,OTHR,3043,0.0771,235,2808
25,25,2055,RETL,743,0.038,28,715
25,25,2055,WSLE,175,0.0428,7,168
25,25,2056,AGRI,155,0.0364,6,149
25,25,2056,CONS,493,0.0335,17,476
25,25,2056,FOOD,1183,0.0222,26,1157
25,25,2056,GVED,1099,0.0557,61,1038
25,25,2056,HLTH,248,0.0409,10,238
25,25,2056,MANU,238,0.0366,9,229
25,25,2056,MING,47,0.0034,0,47
25,25,2056,OFFI,448,0.1128,51,397
25,25,2056,OTHR,3063,0.0777,238,2825
25,25,2056,RETL,747,0.0383,29,718
25,25,2056,WSLE,175,0.0432,8,167
25,25,2057,AGRI,155,0.0367,6,149
25,25,2057,CONS,502,0.0338,17,485
25,25,2057,FOOD,1179,0.0224,26,1153
25,25,2057,GVED,1105,0.0562,62,1043
25,25,2057,HLTH,251,0.0413,10,241
25,25,2057,MANU,239,0.0369,9,230
25,25,2057,MING,46,0.0035,0,46
25,25,2057,OFFI,448,0.1138,51,397
25,25,2057,OTHR,3080,0.0783,241,2839
25,25,2057,RETL,750,0.0387,29,721
25,25,2057,WSLE,175,0.0437,8,167
25,25,2058,AGRI,154,0.037,6,148
25,25,2058,CONS,508,0.0341,17,491
25,25,2058,FOOD,1176,0.0226,27,1149
25,25,2058,GVED,1108,0.0567,63,1045
25,25,2058,HLTH,253,0.0417,11,242
25,25,2058,MANU,241,0.0372,9,232
25,25,2058,MING,46,0.0035,0,46
25,25,2058,OFFI,452,0.1148,52,400
25,25,2058,OTHR,3099,0.0788,244,2855
25,25,2058,RETL,754,0.039,29,725
25,25,2058,WSLE,176,0.0441,8,168
25,25,2059,AGRI,154,0.0374,6,148
25,25,2059,CONS,513,0.0344,18,495
25,25,2059,FOOD,1172,0.0228,27,1145
25,25,2059,GVED,1112,0.0572,64,1048
25,25,2059,HLTH,254,0.042,11,243
25,25,2059,MANU,242,0.0375,9,233
25,25,2059,MING,45,0.0035,0,45
25,25,2059,OFFI,453,0.1158,52,401
25,25,2059,OTHR,3118,0.0793,247,2871
25,25,2059,RETL,757,0.0393,30,727
25,25,2059,WSLE,175,0.0445,8,167
25,25,2060,AGRI,153,0.0377,6,147
25,25,2060,CONS,519,0.0347,18,501
25,25,2060,FOOD,1169,0.023,27,1142
25,25,2060,GVED,1118,0.0577,65,1053
25,25,2060,HLTH,257,0.0424,11,246
25,25,2060,MANU,244,0.0379,9,235
25,25,2060,MING,45,0.0036,0,45
25,25,2060,OFFI,455,0.1167,53,402
25,25,2060,OTHR,3137,0.0799,251,2886
25,25,2060,RETL,760,0.0397,30,730
25,25,2060,WSLE,176,0.0449,8,168
25,25,2061,AGRI,153,0.038,6,147
25,25,2061,CONS,525,0.0349,18,507
25,25,2061,FOOD,1166,0.0231,27,1139
25,25,2061,GVED,1123,0.0582,65,1058
25,25,2061,HLTH,259,0.0427,11,248
25,25,2061,MANU,245,0.0382,9,236
25,25,2061,MING,45,0.0036,0,45
25,25,2061,OFFI,457,0.1177,54,403
25,25,2061,OTHR,3157,0.0804,254,2903
25,25,2061,RETL,763,0.04,31,732
25,25,2061,WSLE,174,0.0454,8,166
25,25,2062,AGRI,153,0.0383,6,147
25,25,2062,CONS,530,0.0352,19,511
25,25,2062,FOOD,1163,0.0233,27,1136
25,25,2062,GVED,1130,0.0587,66,1064
25,25,2062,HLTH,261,0.043,11,250
25,25,2062,MANU,247,0.0385,10,237
25,25,2062,MING,45,0.0036,0,45
25,25,2062,OFFI,460,0.1187,55,405
25,25,2062,OTHR,3178,0.081,257,2921
25,25,2062,RETL,766,0.0403,31,735
25,25,2062,WSLE,174,0.0459,8,166
25,25,2063,AGRI,152,0.0386,6,146
25,25,2063,CONS,536,0.0355,19,517
25,25,2063,FOOD,1161,0.0235,27,1134
25,25,2063,GVED,1136,0.0592,67,1069
25,25,2063,HLTH,264,0.0434,11,253
25,25,2063,MANU,249,0.0388,10,239
25,25,2063,MING,45,0.0036,0,45
25,25,2063,OFFI,461,0.1197,55,406
25,25,2063,OTHR,3199,0.0815,261,2938
25,25,2063,RETL,772,0.0407,31,741
25,25,2063,WSLE,174,0.0462,8,166
25,25,2064,AGRI,152,0.0389,6,146
25,25,2064,CONS,540,0.0358,19,521
25,25,2064,FOOD,1159,0.0237,27,1132
25,25,2064,GVED,1142,0.0597,68,1074
25,25,2064,HLTH,266,0.0438,12,254
25,25,2064,MANU,250,0.0391,10,240
25,25,2064,MING,44,0.0037,0,44
25,25,2064,OFFI,464,0.1206,56,408
25,25,2064,OTHR,3220,0.082,264,2956
25,25,2064,RETL,777,0.041,32,745
25,25,2064,WSLE,174,0.0468,8,166
25,25,2065,AGRI,152,0.0392,6,146
25,25,2065,CONS,544,0.0361,20,524
25,25,2065,FOOD,1157,0.0239,28,1129
25,25,2065,GVED,1149,0.0601,69,1080
25,25,2065,HLTH,268,0.0441,12,256
25,25,2065,MANU,252,0.0394,10,242
25,25,2065,MING,44,0.0037,0,44
25,25,2065,OFFI,466,0.1216,57,409
25,25,2065,OTHR,3241,0.0826,268,2973
25,25,2065,RETL,782,0.0413,32,750
25,25,2065,WSLE,173,0.0472,8,165
27,27,2023,AGRI,1292,0.0251,32,1260
27,27,2023,CONS,460,0.0262,12,448
27,27,2023,FOOD,375,0.0174,7,368
27,27,2023,GVED,1180,0.043,51,1129
27,27,2023,HLTH,696,0.032,22,674
27,27,2023,MANU,297,0.0286,8,289
27,27,2023,MING,137,0.0027,0,137
27,27,2023,OFFI,269,0.0883,24,245
27,27,2023,OTHR,1652,0.0738,122,1530
27,27,2023,RETL,875,0.03,26,849
27,27,2023,WSLE,752,0.0313,24,728
27,27,2024,AGRI,1296,0.024,31,1265
27,27,2024,CONS,554,0.0251,14,540
27,27,2024,FOOD,393,0.0167,7,386
27,27,2024,GVED,1217,0.0412,50,1167
27,27,2024,HLTH,711,0.0307,22,689
27,27,2024,MANU,299,0.0275,8,291
27,27,2024,MING,106,0.0026,0,106
27,27,2024,OFFI,474,0.0846,40,434
27,27,2024,OTHR,1632,0.071,116,1516
27,27,2024,RETL,920,0.0288,26,894
27,27,2024,WSLE,772,0.03,23,749
27,27,2025,AGRI,1291,0.0255,33,1258
27,27,2025,CONS,554,0.0267,15,539
27,27,2025,FOOD,390,0.0177,7,383
27,27,2025,GVED,1227,0.0438,54,1173
27,27,2025,HLTH,740,0.0327,24,716
27,27,2025,MANU,304,0.0292,9,295
27,27,2025,MING,104,0.0027,0,104
27,27,2025,OFFI,480,0.09,43,437
27,27,2025,OTHR,1646,0.0754,124,1522
27,27,2025,RETL,924,0.0306,28,896
27,27,2025,WSLE,770,0.0319,25,745
27,27,2026,AGRI,1292,0.0256,33,1259
27,27,2026,CONS,552,0.0268,15,537
27,27,2026,FOOD,391,0.0178,7,384
27,27,2026,GVED,1235,0.044,54,1181
27,27,2026,HLTH,761,0.0328,25,736
27,27,2026,MANU,307,0.0293,9,298
27,27,2026,MING,106,0.0028,0,106
27,27,2026,OFFI,474,0.0903,43,431
27,27,2026,OTHR,1663,0.0757,126,1537
27,27,2026,RETL,924,0.0307,28,896
27,27,2026,WSLE,759,0.0321,24,735
27,27,2027,AGRI,1286,0.0258,33,1253
27,27,2027,CONS,550,0.027,15,535
27,27,2027,FOOD,390,0.0179,7,383
27,27,2027,GVED,1238,0.0443,55,1183
27,27,2027,HLTH,775,0.033,26,749
27,27,2027,MANU,308,0.0295,9,299
27,27,2027,MING,107,0.0028,0,107
27,27,2027,OFFI,470,0.0909,43,427
27,27,2027,OTHR,1670,0.076,127,1543
27,27,2027,RETL,925,0.0309,29,896
27,27,2027,WSLE,753,0.0324,24,729
27,27,2028,AGRI,1279,0.0259,33,1246
27,27,2028,CONS,552,0.0271,15,537
27,27,2028,FOOD,388,0.018,7,381
27,27,2028,GVED,1242,0.0445,55,1187
27,27,2028,HLTH,786,0.0332,26,760
27,27,2028,MANU,311,0.0296,9,302
27,27,2028,MING,102,0.0028,0,102
27,27,2028,OFFI,469,0.0914,43,426
27,27,2028,OTHR,1694,0.0762,129,1565
27,27,2028,RETL,923,0.0311,29,894
27,27,2028,WSLE,743,0.0326,24,719
27,27,2029,AGRI,1273,0.026,33,1240
27,27,2029,CONS,554,0.0272,15,539
27,27,2029,FOOD,385,0.018,7,378
27,27,2029,GVED,1247,0.0446,56,1191
27,27,2029,HLTH,795,0.0333,26,769
27,27,2029,MANU,315,0.0297,9,306
27,27,2029,MING,96,0.0028,0,96
27,27,2029,OFFI,469,0.0917,43,426
27,27,2029,OTHR,1730,0.0765,132,1598
27,27,2029,RETL,922,0.0312,29,893
27,27,2029,WSLE,733,0.0328,24,709
27,27,2030,AGRI,1267,0.026,33,1234
27,27,2030,CONS,556,0.0273,15,541
27,27,2030,FOOD,381,0.0181,7,374
27,27,2030,GVED,1251,0.0448,56,1195
27,27,2030,HLTH,806,0.0334,27,779
27,27,2030,MANU,321,0.0299,10,311
27,27,2030,MING,93,0.0028,0,93
27,27,2030,OFFI,471,0.092,43,428
27,27,2030,OTHR,1764,0.077,136,1628
27,27,2030,RETL,926,0.0313,29,897
27,27,2030,WSLE,723,0.033,24,699
27,27,2031,AGRI,1261,0.0262,33,1228
27,27,2031,CONS,556,0.0276,15,541
27,27,2031,FOOD,374,0.0183,7,367
27,27,2031,GVED,1250,0.0452,56,1194
27,27,2031,HLTH,815,0.0337,27,788
27,27,2031,MANU,326,0.0301,10,316
27,27,2031,MING,92,0.0028,0,92
27,27,2031,OFFI,473,0.0927,44,429
27,27,2031,OTHR,1790,0.0777,139,1651
27,27,2031,RETL,930,0.0315,29,901
27,27,2031,WSLE,716,0.0333,24,692
27,27,2032,AGRI,1256,0.0264,33,1223
27,27,2032,CONS,558,0.0278,16,542
27,27,2032,FOOD,368,0.0184,7,361
27,27,2032,GVED,1251,0.0456,57,1194
27,27,2032,HLTH,823,0.034,28,795
27,27,2032,MANU,331,0.0304,10,321
27,27,2032,MING,96,0.0029,0,96
27,27,2032,OFFI,474,0.0936,44,430
27,27,2032,OTHR,1813,0.0785,142,1671
27,27,2032,RETL,933,0.0318,30,903
27,27,2032,WSLE,709,0.0337,24,685
27,27,2033,AGRI,1256,0.0266,33,1223
27,27,2033,CONS,562,0.028,16,546
27,27,2033,FOOD,366,0.0186,7,359
27,27,2033,GVED,1252,0.046,58,1194
27,27,2033,HLTH,829,0.0343,28,801
27,27,2033,MANU,334,0.0306,10,324
27,27,2033,MING,100,0.0029,0,100
27,27,2033,OFFI,475,0.0944,45,430
27,27,2033,OTHR,1838,0.0793,146,1692
27,27,2033,RETL,935,0.0321,30,905
27,27,2033,WSLE,699,0.0341,24,675
27,27,2034,AGRI,1258,0.0268,34,1224
27,27,2034,CONS,567,0.0283,16,551
27,27,2034,FOOD,366,0.0187,7,359
27,27,2034,GVED,1255,0.0464,58,1197
27,27,2034,HLTH,837,0.0346,29,808
27,27,2034,MANU,338,0.0309,10,328
27,27,2034,MING,104,0.0029,0,104
27,27,2034,OFFI,480,0.0952,46,434
27,27,2034,OTHR,1870,0.08,150,1720
27,27,2034,RETL,936,0.0324,30,906
27,27,2034,WSLE,690,0.0345,24,666
27,27,2035,AGRI,1256,0.027,34,1222
27,27,2035,CONS,571,0.0285,16,555
27,27,2035,FOOD,360,0.0189,7,353
27,27,2035,GVED,1254,0.0468,59,1195
27,27,2035,HLTH,841,0.0349,29,812
27,27,2035,MANU,341,0.0312,11,330
27,27,2035,MING,105,0.0029,0,105
27,27,2035,OFFI,484,0.096,46,438
27,27,2035,OTHR,1868,0.081,151,1717
27,27,2035,RETL,935,0.0327,31,904
27,27,2035,WSLE,679,0.0349,24,655
27,27,2036,AGRI,1256,0.0272,34,1222
27,27,2036,CONS,575,0.0288,17,558
27,27,2036,FOOD,360,0.0191,7,353
27,27,2036,GVED,1257,0.0472,59,1198
27,27,2036,HLTH,845,0.0351,30,815
27,27,2036,MANU,347,0.0314,11,336
27,27,2036,MING,104,0.003,0,104
27,27,2036,OFFI,487,0.0968,47,440
27,27,2036,OTHR,1890,0.0818,155,1735
27,27,2036,RETL,935,0.0329,31,904
27,27,2036,WSLE,673,0.0352,24,649
27,27,2037,AGRI,1255,0.0274,34,1221
27,27,2037,CONS,576,0.029,17,559
27,27,2037,FOOD,361,0.0192,7,354
27,27,2037,GVED,1263,0.0476,60,1203
27,27,2037,HLTH,850,0.0354,30,820
27,27,2037,MANU,352,0.0317,11,341
27,27,2037,MING,103,0.003,0,103
27,27,2037,OFFI,490,0.0976,48,442
27,27,2037,OTHR,1914,0.0825,158,1756
27,27,2037,RETL,938,0.0332,31,907
27,27,2037,WSLE,668,0.0356,24,644
27,27,2038,AGRI,1254,0.0276,35,1219
27,27,2038,CONS,579,0.0292,17,562
27,27,2038,FOOD,361,0.0194,7,354
27,27,2038,GVED,1267,0.048,61,1206
27,27,2038,HLTH,857,0.0357,31,826
27,27,2038,MANU,357,0.0319,11,346
27,27,2038,MING,103,0.003,0,103
27,27,2038,OFFI,493,0.0984,49,444
27,27,2038,OTHR,1941,0.0832,161,1780
27,27,2038,RETL,941,0.0335,32,909
27,27,2038,WSLE,666,0.0359,24,642
27,27,2039,AGRI,1253,0.0278,35,1218
27,27,2039,CONS,580,0.0295,17,563
27,27,2039,FOOD,361,0.0195,7,354
27,27,2039,GVED,1270,0.0485,62,1208
27,27,2039,HLTH,864,0.036,31,833
27,27,2039,MANU,361,0.0322,12,349
27,27,2039,MING,103,0.003,0,103
27,27,2039,OFFI,494,0.0993,49,445
27,27,2039,OTHR,1965,0.0839,165,1800
27,27,2039,RETL,946,0.0338,32,914
27,27,2039,WSLE,662,0.0363,24,638
27,27,2040,AGRI,1252,0.0281,35,1217
27,27,2040,CONS,583,0.0298,17,566
27,27,2040,FOOD,362,0.0197,7,355
27,27,2040,GVED,1277,0.0489,62,1215
27,27,2040,HLTH,872,0.0364,32,840
27,27,2040,MANU,366,0.0325,12,354
27,27,2040,MING,103,0.0031,0,103
27,27,2040,OFFI,495,0.1002,50,445
27,27,2040,OTHR,1987,0.0846,168,1819
27,27,2040,RETL,951,0.0341,32,919
27,27,2040,WSLE,659,0.0367,24,635
27,27,2041,AGRI,1251,0.0283,35,1216
27,27,2041,CONS,585,0.03,18,567
27,27,2041,FOOD,363,0.0199,7,356
27,27,2041,GVED,1282,0.0494,63,1219
27,27,2041,HLTH,881,0.0367,32,849
27,27,2041,MANU,369,0.0328,12,357
27,27,2041,MING,104,0.0031,0,104
27,27,2041,OFFI,497,0.1011,50,447
27,27,2041,OTHR,2008,0.0854,171,1837
27,27,2041,RETL,958,0.0344,33,925
27,27,2041,WSLE,657,0.0371,24,633
27,27,2042,AGRI,1249,0.0285,36,1213
27,27,2042,CONS,587,0.0303,18,569
27,27,2042,FOOD,362,0.0201,7,355
27,27,2042,GVED,1287,0.0498,64,1223
27,27,2042,HLTH,889,0.037,33,856
27,27,2042,MANU,373,0.0331,12,361
27,27,2042,MING,105,0.0031,0,105
27,27,2042,OFFI,500,0.102,51,449
27,27,2042,OTHR,2026,0.0861,174,1852
27,27,2042,RETL,962,0.0347,33,929
27,27,2042,WSLE,653,0.0375,24,629
27,27,2043,AGRI,1246,0.0287,36,1210
27,27,2043,CONS,589,0.0305,18,571
27,27,2043,FOOD,363,0.0202,7,356
27,27,2043,GVED,1297,0.0502,65,1232
27,27,2043,HLTH,896,0.0373,33,863
27,27,2043,MANU,375,0.0334,13,362
27,27,2043,MING,106,0.0031,0,106
27,27,2043,OFFI,504,0.1028,52,452
27,27,2043,OTHR,2045,0.0869,178,1867
27,27,2043,RETL,968,0.035,34,934
27,27,2043,WSLE,650,0.0379,25,625
27,27,2044,AGRI,1244,0.029,36,1208
27,27,2044,CONS,592,0.0308,18,574
27,27,2044,FOOD,363,0.0204,7,356
27,27,2044,GVED,1306,0.0507,66,1240
27,27,2044,HLTH,905,0.0376,34,871
27,27,2044,MANU,379,0.0336,13,366
27,27,2044,MING,106,0.0032,0,106
27,27,2044,OFFI,507,0.1037,53,454
27,27,2044,OTHR,2064,0.0876,181,1883
27,27,2044,RETL,973,0.0353,34,939
27,27,2044,WSLE,649,0.0383,25,624
27,27,2045,AGRI,1242,0.0292,36,1206
27,27,2045,CONS,598,0.0311,19,579
27,27,2045,FOOD,363,0.0206,7,356
27,27,2045,GVED,1313,0.0512,67,1246
27,27,2045,HLTH,913,0.038,35,878
27,27,2045,MANU,382,0.0339,13,369
27,27,2045,MING,105,0.0032,0,105
27,27,2045,OFFI,510,0.1046,53,457
27,27,2045,OTHR,2082,0.0884,184,1898
27,27,2045,RETL,979,0.0356,35,944
27,27,2045,WSLE,646,0.0387,25,621
27,27,2046,AGRI,1241,0.0294,36,1205
27,27,2046,CONS,607,0.0313,19,588
27,27,2046,FOOD,363,0.0208,8,355
27,27,2046,GVED,1321,0.0516,68,1253
27,27,2046,HLTH,924,0.0383,35,889
27,27,2046,MANU,386,0.0342,13,373
27,27,2046,MING,105,0.0032,0,105
27,27,2046,OFFI,515,0.1055,54,461
27,27,2046,OTHR,2098,0.0891,187,1911
27,27,2046,RETL,987,0.0359,35,952
27,27,2046,WSLE,646,0.039,25,621
27,27,2047,AGRI,1239,0.0296,37,1202
27,27,2047,CONS,616,0.0316,19,597
27,27,2047,FOOD,364,0.0209,8,356
27,27,2047,GVED,1329,0.0521,69,1260
27,27,2047,HLTH,933,0.0386,36,897
27,27,2047,MANU,389,0.0345,13,376
27,27,2047,MING,106,0.0032,0,106
27,27,2047,OFFI,521,0.1064,55,466
27,27,2047,OTHR,2112,0.0899,190,1922
27,27,2047,RETL,993,0.0362,36,957
27,27,2047,WSLE,645,0.0394,25,620
27,27,2048,AGRI,1237,0.0299,37,1200
27,27,2048,CONS,629,0.0319,20,609
27,27,2048,FOOD,364,0.0211,8,356
27,27,2048,GVED,1338,0.0526,70,1268
27,27,2048,HLTH,941,0.039,37,904
27,27,2048,MANU,394,0.0349,14,380
27,27,2048,MING,108,0.0033,0,108
27,27,2048,OFFI,529,0.1074,57,472
27,27,2048,OTHR,2119,0.0907,192,1927
27,27,2048,RETL,1000,0.0365,36,964
27,27,2048,WSLE,644,0.0398,26,618
27,27,2049,AGRI,1236,0.0301,37,1199
27,27,2049,CONS,642,0.0322,21,621
27,27,2049,FOOD,363,0.0213,8,355
27,27,2049,GVED,1346,0.0531,71,1275
27,27,2049,HLTH,950,0.0393,37,913
27,27,2049,MANU,397,0.0352,14,383
27,27,2049,MING,109,0.0033,0,109
27,27,2049,OFFI,536,0.1084,58,478
27,27,2049,OTHR,2132,0.0915,195,1937
27,27,2049,RETL,1007,0.0369,37,970
27,27,2049,WSLE,642,0.0402,26,616
27,27,2050,AGRI,1234,0.0304,38,1196
27,27,2050,CONS,655,0.0325,21,634
27,27,2050,FOOD,363,0.0215,8,355
27,27,2050,GVED,1353,0.0536,73,1280
27,27,2050,HLTH,959,0.0397,38,921
27,27,2050,MANU,402,0.0355,14,388
27,27,2050,MING,111,0.0033,0,111
27,27,2050,OFFI,541,0.1093,59,482
27,27,2050,OTHR,2142,0.0924,198,1944
27,27,2050,RETL,1014,0.0372,38,976
27,27,2050,WSLE,642,0.0407,26,616
27,27,2051,AGRI,1230,0.0306,38,1192
27,27,2051,CONS,669,0.0328,22,647
27,27,2051,FOOD,364,0.0217,8,356
27,27,2051,GVED,1358,0.0541,73,1285
27,27,2051,HLTH,968,0.0401,39,929
27,27,2051,MANU,406,0.0358,15,391
27,27,2051,MING,113,0.0034,0,113
27,27,2051,OFFI,547,0.1103,60,487
27,27,2051,OTHR,2152,0.0932,201,1951
27,27,2051,RETL,1021,0.0375,38,983
27,27,2051,WSLE,640,0.0411,26,614
27,27,2052,AGRI,1228,0.0309,38,1190
27,27,2052,CONS,684,0.0331,23,661
27,27,2052,FOOD,363,0.0219,8,355
27,27,2052,GVED,1363,0.0546,74,1289
27,27,2052,HLTH,976,0.0404,39,937
27,27,2052,MANU,410,0.0361,15,395
27,27,2052,MING,113,0.0034,0,113
27,27,2052,OFFI,550,0.1113,61,489
27,27,2052,OTHR,2161,0.0941,203,1958
27,27,2052,RETL,1028,0.0379,39,989
27,27,2052,WSLE,640,0.0415,27,613
27,27,2053,AGRI,1226,0.0311,38,1188
27,27,2053,CONS,699,0.0334,23,676
27,27,2053,FOOD,363,0.0221,8,355
27,27,2053,GVED,1368,0.0551,75,1293
27,27,2053,HLTH,984,0.0408,40,944
27,27,2053,MANU,413,0.0365,15,398
27,27,2053,MING,115,0.0034,0,115
27,27,2053,OFFI,551,0.1124,62,489
27,27,2053,OTHR,2172,0.0949,206,1966
27,27,2053,RETL,1036,0.0382,40,996
27,27,2053,WSLE,640,0.0419,27,613
27,27,2054,AGRI,1223,0.0314,38,1185
27,27,2054,CONS,712,0.0337,24,688
27,27,2054,FOOD,363,0.0223,8,355
27,27,2054,GVED,1374,0.0556,76,1298
27,27,2054,HLTH,992,0.0412,41,951
27,27,2054,MANU,417,0.0368,15,402
27,27,2054,MING,117,0.0035,0,117
27,27,2054,OFFI,553,0.1134,63,490
27,27,2054,OTHR,2181,0.0958,209,1972
27,27,2054,RETL,1042,0.0386,40,1002
27,27,2054,WSLE,640,0.0424,27,613
27,27,2055,AGRI,1219,0.0317,39,1180
27,27,2055,CONS,725,0.034,25,700
27,27,2055,FOOD,362,0.0225,8,354
27,27,2055,GVED,1376,0.0561,77,1299
27,27,2055,HLTH,998,0.0416,42,956
27,27,2055,MANU,419,0.0371,16,403
27,27,2055,MING,118,0.0035,0,118
27,27,2055,OFFI,553,0.1145,63,490
27,27,2055,OTHR,2189,0.0967,212,1977
27,27,2055,RETL,1047,0.0389,41,1006
27,27,2055,WSLE,640,0.0428,27,613
27,27,2056,AGRI,1216,0.0319,39,1177
27,27,2056,CONS,733,0.0343,25,708
27,27,2056,FOOD,361,0.0227,8,353
27,27,2056,GVED,1377,0.0566,78,1299
27,27,2056,HLTH,1003,0.0419,42,961
27,27,2056,MANU,422,0.0375,16,406
27,27,2056,MING,118,0.0035,0,118
27,27,2056,OFFI,554,0.1154,64,490
27,27,2056,OTHR,2197,0.0975,214,1983
27,27,2056,RETL,1050,0.0393,41,1009
27,27,2056,WSLE,643,0.0432,28,615
27,27,2057,AGRI,1213,0.0321,39,1174
27,27,2057,CONS,736,0.0346,25,711
27,27,2057,FOOD,359,0.0229,8,351
27,27,2057,GVED,1381,0.0571,79,1302
27,27,2057,HLTH,1006,0.0422,42,964
27,27,2057,MANU,424,0.0378,16,408
27,27,2057,MING,116,0.0035,0,116
27,27,2057,OFFI,555,0.1163,65,490
27,27,2057,OTHR,2205,0.0983,217,1988
27,27,2057,RETL,1052,0.0396,42,1010
27,27,2057,WSLE,644,0.0435,28,616
27,27,2058,AGRI,1210,0.0323,39,1171
27,27,2058,CONS,740,0.0348,26,714
27,27,2058,FOOD,358,0.0231,8,350
27,27,2058,GVED,1382,0.0576,80,1302
27,27,2058,HLTH,1008,0.0426,43,965
27,27,2058,MANU,427,0.0381,16,411
27,27,2058,MING,115,0.0036,0,115
27,27,2058,OFFI,555,0.1173,65,490
27,27,2058,OTHR,2213,0.099,219,1994
27,27,2058,RETL,1053,0.0399,42,1011
27,27,2058,WSLE,645,0.0439,28,617
27,27,2059,AGRI,1206,0.0326,39,1167
27,27,2059,CONS,742,0.0351,26,716
27,27,2059,FOOD,356,0.0233,8,348
27,27,2059,GVED,1384,0.058,80,1304
27,27,2059,HLTH,1010,0.0429,43,967
27,27,2059,MANU,430,0.0384,17,413
27,27,2059,MING,114,0.0036,0,114
27,27,2059,OFFI,556,0.1182,66,490
27,27,2059,OTHR,2220,0.0998,222,1998
27,27,2059,RETL,1054,0.0402,42,1012
27,27,2059,WSLE,647,0.0442,29,618
27,27,2060,AGRI,1202,0.0328,39,1163
27,27,2060,CONS,745,0.0354,26,719
27,27,2060,FOOD,354,0.0235,8,346
27,27,2060,GVED,1389,0.0585,81,1308
27,27,2060,HLTH,1011,0.0433,44,967
27,27,2060,MANU,432,0.0387,17,415
27,27,2060,MING,114,0.0036,0,114
27,27,2060,OFFI,555,0.1192,66,489
27,27,2060,OTHR,2227,0.1006,224,2003
27,27,2060,RETL,1056,0.0405,43,1013
27,27,2060,WSLE,648,0.0446,29,619
27,27,2061,AGRI,1200,0.033,40,1160
27,27,2061,CONS,748,0.0357,27,721
27,27,2061,FOOD,353,0.0236,8,345
27,27,2061,GVED,1391,0.059,82,1309
27,27,2061,HLTH,1012,0.0436,44,968
27,27,2061,MANU,435,0.039,17,418
27,27,2061,MING,114,0.0037,0,114
27,27,2061,OFFI,555,0.1201,67,488
27,27,2061,OTHR,2234,0.1014,227,2007
27,27,2061,RETL,1057,0.0408,43,1014
27,27,2061,WSLE,649,0.045,29,620
27,27,2062,AGRI,1197,0.0332,40,1157
27,27,2062,CONS,751,0.036,27,724
27,27,2062,FOOD,352,0.0238,8,344
27,27,2062,GVED,1396,0.0594,83,1313
27,27,2062,HLTH,1013,0.0439,44,969
27,27,2062,MANU,438,0.0393,17,421
27,27,2062,MING,114,0.0037,0,114
27,27,2062,OFFI,554,0.121,67,487
27,27,2062,OTHR,2244,0.1022,229,2015
27,27,2062,RETL,1059,0.0412,44,1015
27,27,2062,WSLE,649,0.0454,29,620
27,27,2063,AGRI,1193,0.0335,40,1153
27,27,2063,CONS,753,0.0362,27,726
27,27,2063,FOOD,351,0.024,8,343
27,27,2063,GVED,1400,0.0599,84,1316
27,27,2063,HLTH,1014,0.0443,45,969
27,27,2063,MANU,441,0.0396,17,424
27,27,2063,MING,113,0.0037,0,113
27,27,2063,OFFI,554,0.122,68,486
27,27,2063,OTHR,2252,0.103,232,2020
27,27,2063,RETL,1060,0.0415,44,1016
27,27,2063,WSLE,651,0.0458,30,621
27,27,2064,AGRI,1189,0.0337,40,1149
27,27,2064,CONS,756,0.0365,28,728
27,27,2064,FOOD,349,0.0242,8,341
27,27,2064,GVED,1404,0.0604,85,1319
27,27,2064,HLTH,1014,0.0446,45,969
27,27,2064,MANU,444,0.0399,18,426
27,27,2064,MING,113,0.0037,0,113
27,27,2064,OFFI,553,0.1229,68,485
27,27,2064,OTHR,2262,0.1037,235,2027
27,27,2064,RETL,1061,0.0418,44,1017
27,27,2064,WSLE,651,0.0461,30,621
27,27,2065,AGRI,1186,0.0339,40,1146
27,27,2065,CONS,759,0.0368,28,731
27,27,2065,FOOD,349,0.0244,9,340
27,27,2065,GVED,1409,0.0609,86,1323
27,27,2065,HLTH,1015,0.0449,46,969
27,27,2065,MANU,447,0.0402,18,429
27,27,2065,MING,113,0.0038,0,113
27,27,2065,OFFI,553,0.1238,68,485
27,27,2065,OTHR,2273,0.1045,238,2035
27,27,2065,RETL,1062,0.0421,45,1017
27,27,2065,WSLE,652,0.0465,30,622
29,29,2023,AGRI,457,0.0172,8,449
29,29,2023,CONS,816,0.0225,18,798
29,29,2023,FOOD,230,0.0149,3,227
29,29,2023,GVED,841,0.0359,30,811
29,29,2023,HLTH,194,0.0275,5,189
29,29,2023,MANU,201,0.0246,5,196
29,29,2023,MING,80,0.0023,0,80
29,29,2023,OFFI,491,0.0757,37,454
29,29,2023,OTHR,2111,0.06,127,1984
29,29,2023,RETL,566,0.0257,15,551
29,29,2023,WSLE,272,0.0324,9,263
29,29,2024,AGRI,457,0.0175,8,449
29,29,2024,CONS,900,0.0229,21,879
29,29,2024,FOOD,318,0.0152,5,313
29,29,2024,GVED,910,0.0362,33,877
29,29,2024,HLTH,198,0.028,6,192
29,29,2024,MANU,211,0.025,5,206
29,29,2024,MING,70,0.0024,0,70
29,29,2024,OFFI,528,0.0771,41,487
29,29,2024,OTHR,2018,0.0587,118,1900
29,29,2024,RETL,585,0.0262,15,570
29,29,2024,WSLE,279,0.033,9,270
29,29,2025,AGRI,455,0.0186,8,447
29,29,2025,CONS,927,0.0244,23,904
29,29,2025,FOOD,316,0.0161,5,311
29,29,2025,GVED,923,0.0385,36,887
29,29,2025,HLTH,207,0.0298,6,201
29,29,2025,MANU,213,0.0266,6,207
29,29,2025,MING,68,0.0025,0,68
29,29,2025,OFFI,533,0.082,44,489
29,29,2025,OTHR,2049,0.0625,128,1921
29,29,2025,RETL,584,0.0279,16,568
29,29,2025,WSLE,279,0.0351,10,269
29,29,2026,AGRI,454,0.0188,9,445
29,29,2026,CONS,954,0.0245,23,931
29,29,2026,FOOD,318,0.0162,5,313
29,29,2026,GVED,929,0.0388,36,893
29,29,2026,HLTH,214,0.03,6,208
29,29,2026,MANU,215,0.0268,6,209
29,29,2026,MING,70,0.0025,0,70
29,29,2026,OFFI,525,0.0826,43,482
29,29,2026,OTHR,2073,0.0628,130,1943
29,29,2026,RETL,583,0.0281,16,567
29,29,2026,WSLE,281,0.0353,10,271
29,29,2027,AGRI,451,0.019,9,442
29,29,2027,CONS,977,0.0248,24,953
29,29,2027,FOOD,316,0.0164,5,311
29,29,2027,GVED,938,0.0392,37,901
29,29,2027,HLTH,219,0.0303,7,212
29,29,2027,MANU,216,0.0271,6,210
29,29,2027,MING,71,0.0025,0,71
29,29,2027,OFFI,521,0.0834,43,478
29,29,2027,OTHR,2102,0.063,132,1970
29,29,2027,RETL,587,0.0284,17,570
29,29,2027,WSLE,281,0.0357,10,271
29,29,2028,AGRI,449,0.0192,9,440
29,29,2028,CONS,1001,0.025,25,976
29,29,2028,FOOD,316,0.0166,5,311
29,29,2028,GVED,944,0.0396,37,907
29,29,2028,HLTH,223,0.0306,7,216
29,29,2028,MANU,218,0.0273,6,212
29,29,2028,MING,68,0.0026,0,68
29,29,2028,OFFI,520,0.0842,44,476
29,29,2028,OTHR,2134,0.063,134,2000
29,29,2028,RETL,589,0.0286,17,572
29,29,2028,WSLE,280,0.0362,10,270
29,29,2029,AGRI,445,0.0193,9,436
29,29,2029,CONS,1025,0.0252,26,999
29,29,2029,FOOD,315,0.0167,5,310
29,29,2029,GVED,951,0.04,38,913
29,29,2029,HLTH,228,0.0308,7,221
29,29,2029,MANU,220,0.0276,6,214
29,29,2029,MING,63,0.0026,0,63
29,29,2029,OFFI,520,0.085,44,476
29,29,2029,OTHR,2160,0.0633,137,2023
29,29,2029,RETL,593,0.0289,17,576
29,29,2029,WSLE,279,0.0366,10,269
29,29,2030,AGRI,442,0.0195,9,433
29,29,2030,CONS,1039,0.0255,26,1013
29,29,2030,FOOD,312,0.0169,5,307
29,29,2030,GVED,956,0.0404,39,917
29,29,2030,HLTH,233,0.0311,7,226
29,29,2030,MANU,224,0.0278,6,218
29,29,2030,MING,62,0.0026,0,62
29,29,2030,OFFI,522,0.0857,45,477
29,29,2030,OTHR,2175,0.0637,139,2036
29,29,2030,RETL,600,0.0292,18,582
29,29,2030,WSLE,279,0.037,10,269
29,29,2031,AGRI,441,0.0197,9,432
29,29,2031,CONS,1048,0.0258,27,1021
29,29,2031,FOOD,308,0.0171,5,303
29,29,2031,GVED,959,0.0409,39,920
29,29,2031,HLTH,238,0.0315,7,231
29,29,2031,MANU,228,0.0281,6,222
29,29,2031,MING,62,0.0026,0,62
29,29,2031,OFFI,525,0.0867,46,479
29,29,2031,OTHR,2188,0.0644,141,2047
29,29,2031,RETL,607,0.0295,18,589
29,29,2031,WSLE,277,0.0375,10,267
29,29,2032,AGRI,438,0.02,9,429
29,29,2032,CONS,1057,0.026,27,1030
29,29,2032,FOOD,304,0.0173,5,299
29,29,2032,GVED,962,0.0414,40,922
29,29,2032,HLTH,241,0.0318,8,233
29,29,2032,MANU,231,0.0284,7,224
29,29,2032,MING,65,0.0027,0,65
29,29,2032,OFFI,525,0.0877,46,479
29,29,2032,OTHR,2212,0.065,144,2068
29,29,2032,RETL,614,0.0298,18,596
29,29,2032,WSLE,277,0.038,11,266
29,29,2033,AGRI,439,0.0202,9,430
29,29,2033,CONS,1071,0.0263,28,1043
29,29,2033,FOOD,304,0.0175,5,299
29,29,2033,GVED,966,0.0419,40,926
29,29,2033,HLTH,246,0.0322,8,238
29,29,2033,MANU,234,0.0288,7,227
29,29,2033,MING,68,0.0027,0,68
29,29,2033,OFFI,531,0.0887,47,484
29,29,2033,OTHR,2240,0.0656,147,2093
29,29,2033,RETL,619,0.0302,19,600
29,29,2033,WSLE,276,0.0385,11,265
29,29,2034,AGRI,439,0.0204,9,430
29,29,2034,CONS,1092,0.0267,29,1063
29,29,2034,FOOD,310,0.0177,5,305
29,29,2034,GVED,977,0.0425,42,935
29,29,2034,HLTH,251,0.0326,8,243
29,29,2034,MANU,236,0.0291,7,229
29,29,2034,MING,70,0.0027,0,70
29,29,2034,OFFI,539,0.0897,48,491
29,29,2034,OTHR,2290,0.0661,151,2139
29,29,2034,RETL,627,0.0305,19,608
29,29,2034,WSLE,277,0.0391,11,266
29,29,2035,AGRI,438,0.0205,9,429
29,29,2035,CONS,1095,0.0269,29,1066
29,29,2035,FOOD,302,0.0178,5,297
29,29,2035,GVED,979,0.0429,42,937
29,29,2035,HLTH,252,0.0328,8,244
29,29,2035,MANU,238,0.0293,7,231
29,29,2035,MING,71,0.0028,0,71
29,29,2035,OFFI,545,0.0904,49,496
29,29,2035,OTHR,2241,0.0673,151,2090
29,29,2035,RETL,625,0.0308,19,606
29,29,2035,WSLE,273,0.0395,11,262
29,29,2036,AGRI,439,0.0207,9,430
29,29,2036,CONS,1104,0.0271,30,1074
29,29,2036,FOOD,302,0.018,5,297
29,29,2036,GVED,984,0.0434,43,941
29,29,2036,HLTH,254,0.0332,8,246
29,29,2036,MANU,243,0.0296,7,236
29,29,2036,MING,70,0.0028,0,70
29,29,2036,OFFI,550,0.0913,50,500
29,29,2036,OTHR,2253,0.0679,153,2100
29,29,2036,RETL,630,0.0311,20,610
29,29,2036,WSLE,272,0.0401,11,261
29,29,2037,AGRI,439,0.0209,9,430
29,29,2037,CONS,1106,0.0274,30,1076
29,29,2037,FOOD,305,0.0182,6,299
29,29,2037,GVED,991,0.0439,44,947
29,29,2037,HLTH,258,0.0335,9,249
29,29,2037,MANU,247,0.0299,7,240
29,29,2037,MING,70,0.0028,0,70
29,29,2037,OFFI,555,0.0922,51,504
29,29,2037,OTHR,2274,0.0686,156,2118
29,29,2037,RETL,636,0.0314,20,616
29,29,2037,WSLE,271,0.0406,11,260
29,29,2038,AGRI,439,0.021,9,430
29,29,2038,CONS,1107,0.0276,31,1076
29,29,2038,FOOD,307,0.0183,6,301
29,29,2038,GVED,1003,0.0443,44,959
29,29,2038,HLTH,262,0.0338,9,253
29,29,2038,MANU,250,0.0302,8,242
29,29,2038,MING,70,0.0028,0,70
29,29,2038,OFFI,560,0.093,52,508
29,29,2038,OTHR,2309,0.0692,160,2149
29,29,2038,RETL,643,0.0316,20,623
29,29,2038,WSLE,271,0.041,11,260
29,29,2039,AGRI,438,0.0211,9,429
29,29,2039,CONS,1109,0.0279,31,1078
29,29,2039,FOOD,309,0.0185,6,303
29,29,2039,GVED,1014,0.0447,45,969
29,29,2039,HLTH,265,0.0341,9,256
29,29,2039,MANU,254,0.0304,8,246
29,29,2039,MING,70,0.0029,0,70
29,29,2039,OFFI,564,0.0938,53,511
29,29,2039,OTHR,2343,0.0698,164,2179
29,29,2039,RETL,650,0.0319,21,629
29,29,2039,WSLE,272,0.0414,11,261
29,29,2040,AGRI,438,0.0213,9,429
29,29,2040,CONS,1111,0.0281,31,1080
29,29,2040,FOOD,310,0.0186,6,304
29,29,2040,GVED,1025,0.0452,46,979
29,29,2040,HLTH,268,0.0344,9,259
29,29,2040,MANU,257,0.0307,8,249
29,29,2040,MING,70,0.0029,0,70
29,29,2040,OFFI,568,0.0946,54,514
29,29,2040,OTHR,2375,0.0704,167,2208
29,29,2040,RETL,659,0.0322,21,638
29,29,2040,WSLE,273,0.0419,11,262
29,29,2041,AGRI,438,0.0215,9,429
29,29,2041,CONS,1108,0.0284,31,1077
29,29,2041,FOOD,312,0.0188,6,306
29,29,2041,GVED,1037,0.0456,47,990
29,29,2041,HLTH,272,0.0347,9,263
29,29,2041,MANU,259,0.031,8,251
29,29,2041,MING,70,0.0029,0,70
29,29,2041,OFFI,573,0.0955,55,518
29,29,2041,OTHR,2401,0.071,170,2231
29,29,2041,RETL,665,0.0325,22,643
29,29,2041,WSLE,274,0.0424,12,262
29,29,2042,AGRI,437,0.0216,9,428
29,29,2042,CONS,1108,0.0286,32,1076
29,29,2042,FOOD,314,0.019,6,308
29,29,2042,GVED,1047,0.046,48,999
29,29,2042,HLTH,275,0.035,10,265
29,29,2042,MANU,262,0.0313,8,254
29,29,2042,MING,71,0.0029,0,71
29,29,2042,OFFI,578,0.0963,56,522
29,29,2042,OTHR,2428,0.0716,174,2254
29,29,2042,RETL,672,0.0328,22,650
29,29,2042,WSLE,274,0.0429,12,262
29,29,2043,AGRI,437,0.0218,10,427
29,29,2043,CONS,1106,0.0289,32,1074
29,29,2043,FOOD,316,0.0191,6,310
29,29,2043,GVED,1058,0.0465,49,1009
29,29,2043,HLTH,277,0.0353,10,267
29,29,2043,MANU,265,0.0315,8,257
29,29,2043,MING,72,0.003,0,72
29,29,2043,OFFI,583,0.0972,57,526
29,29,2043,OTHR,2454,0.0722,177,2277
29,29,2043,RETL,678,0.033,22,656
29,29,2043,WSLE,275,0.0433,12,263
29,29,2044,AGRI,437,0.022,10,427
29,29,2044,CONS,1103,0.0291,32,1071
29,29,2044,FOOD,316,0.0193,6,310
29,29,2044,GVED,1068,0.0469,50,1018
29,29,2044,HLTH,280,0.0356,10,270
29,29,2044,MANU,268,0.0318,9,259
29,29,2044,MING,72,0.003,0,72
29,29,2044,OFFI,589,0.098,58,531
29,29,2044,OTHR,2478,0.0728,180,2298
29,29,2044,RETL,684,0.0333,23,661
29,29,2044,WSLE,276,0.0437,12,264
29,29,2045,AGRI,436,0.0221,10,426
29,29,2045,CONS,1105,0.0294,32,1073
29,29,2045,FOOD,317,0.0194,6,311
29,29,2045,GVED,1077,0.0473,51,1026
29,29,2045,HLTH,283,0.0359,10,273
29,29,2045,MANU,270,0.0321,9,261
29,29,2045,MING,71,0.003,0,71
29,29,2045,OFFI,594,0.0988,59,535
29,29,2045,OTHR,2500,0.0734,184,2316
29,29,2045,RETL,690,0.0336,23,667
29,29,2045,WSLE,276,0.0442,12,264
29,29,2046,AGRI,436,0.0223,10,426
29,29,2046,CONS,1112,0.0296,33,1079
29,29,2046,FOOD,318,0.0196,6,312
29,29,2046,GVED,1086,0.0477,52,1034
29,29,2046,HLTH,286,0.0362,10,276
29,29,2046,MANU,274,0.0323,9,265
29,29,2046,MING,71,0.003,0,71
29,29,2046,OFFI,603,0.0997,60,543
29,29,2046,OTHR,2522,0.074,187,2335
29,29,2046,RETL,696,0.0339,24,672
29,29,2046,WSLE,277,0.0447,12,265
29,29,2047,AGRI,435,0.0224,10,425
29,29,2047,CONS,1123,0.0299,34,1089
29,29,2047,FOOD,318,0.0198,6,312
29,29,2047,GVED,1094,0.0482,53,1041
29,29,2047,HLTH,288,0.0365,11,277
29,29,2047,MANU,277,0.0326,9,268
29,29,2047,MING,71,0.0031,0,71
29,29,2047,OFFI,613,0.1005,62,551
29,29,2047,OTHR,2540,0.0746,189,2351
29,29,2047,RETL,700,0.0342,24,676
29,29,2047,WSLE,277,0.0451,12,265
29,29,2048,AGRI,435,0.0226,10,425
29,29,2048,CONS,1136,0.0301,34,1102
29,29,2048,FOOD,318,0.02,6,312
29,29,2048,GVED,1103,0.0486,54,1049
29,29,2048,HLTH,290,0.0368,11,279
29,29,2048,MANU,279,0.0329,9,270
29,29,2048,MING,72,0.0031,0,72
29,29,2048,OFFI,623,0.1014,63,560
29,29,2048,OTHR,2554,0.0753,192,2362
29,29,2048,RETL,706,0.0345,24,682
29,29,2048,WSLE,278,0.0457,13,265
29,29,2049,AGRI,434,0.0228,10,424
29,29,2049,CONS,1152,0.0304,35,1117
29,29,2049,FOOD,319,0.0202,6,313
29,29,2049,GVED,1109,0.0491,54,1055
29,29,2049,HLTH,292,0.0372,11,281
29,29,2049,MANU,283,0.0332,9,274
29,29,2049,MING,73,0.0031,0,73
29,29,2049,OFFI,632,0.1024,65,567
29,29,2049,OTHR,2565,0.0759,195,2370
29,29,2049,RETL,710,0.0348,25,685
29,29,2049,WSLE,280,0.0461,13,267
29,29,2050,AGRI,433,0.023,10,423
29,29,2050,CONS,1171,0.0307,36,1135
29,29,2050,FOOD,318,0.0203,6,312
29,29,2050,GVED,1113,0.0495,55,1058
29,29,2050,HLTH,295,0.0375,11,284
29,29,2050,MANU,287,0.0335,10,277
29,29,2050,MING,74,0.0032,0,74
29,29,2050,OFFI,642,0.1033,66,576
29,29,2050,OTHR,2578,0.0766,197,2381
29,29,2050,RETL,714,0.0351,25,689
29,29,2050,WSLE,280,0.0466,13,267
29,29,2051,AGRI,433,0.0232,10,423
29,29,2051,CONS,1189,0.031,37,1152
29,29,2051,FOOD,317,0.0205,6,311
29,29,2051,GVED,1119,0.05,56,1063
29,29,2051,HLTH,295,0.0379,11,284
29,29,2051,MANU,289,0.0339,10,279
29,29,2051,MING,75,0.0032,0,75
29,29,2051,OFFI,648,0.1044,68,580
29,29,2051,OTHR,2585,0.0773,200,2385
29,29,2051,RETL,717,0.0355,25,692
29,29,2051,WSLE,279,0.0472,13,266
29,29,2052,AGRI,433,0.0234,10,423
29,29,2052,CONS,1205,0.0313,38,1167
29,29,2052,FOOD,316,0.0207,7,309
29,29,2052,GVED,1123,0.0505,57,1066
29,29,2052,HLTH,297,0.0383,11,286
29,29,2052,MANU,293,0.0342,10,283
29,29,2052,MING,76,0.0032,0,76
29,29,2052,OFFI,654,0.1053,69,585
29,29,2052,OTHR,2595,0.078,202,2393
29,29,2052,RETL,720,0.0358,26,694
29,29,2052,WSLE,279,0.0478,13,266
29,29,2053,AGRI,431,0.0236,10,421
29,29,2053,CONS,1222,0.0316,39,1183
29,29,2053,FOOD,315,0.0209,7,308
29,29,2053,GVED,1127,0.0509,57,1070
29,29,2053,HLTH,299,0.0386,12,287
29,29,2053,MANU,295,0.0345,10,285
29,29,2053,MING,77,0.0032,0,77
29,29,2053,OFFI,657,0.1064,70,587
29,29,2053,OTHR,2603,0.0787,205,2398
29,29,2053,RETL,722,0.0362,26,696
29,29,2053,WSLE,280,0.0483,14,266
29,29,2054,AGRI,430,0.0238,10,420
29,29,2054,CONS,1239,0.0319,40,1199
29,29,2054,FOOD,313,0.0211,7,306
29,29,2054,GVED,1130,0.0514,58,1072
29,29,2054,HLTH,299,0.039,12,287
29,29,2054,MANU,298,0.0348,10,288
29,29,2054,MING,78,0.0033,0,78
29,29,2054,OFFI,660,0.1074,71,589
29,29,2054,OTHR,2611,0.0793,207,2404
29,29,2054,RETL,724,0.0365,26,698
29,29,2054,WSLE,279,0.0489,14,265
29,29,2055,AGRI,429,0.024,10,419
29,29,2055,CONS,1256,0.0322,40,1216
29,29,2055,FOOD,311,0.0213,7,304
29,29,2055,GVED,1133,0.0519,59,1074
29,29,2055,HLTH,301,0.0394,12,289
29,29,2055,MANU,301,0.0352,11,290
29,29,2055,MING,79,0.0033,0,79
29,29,2055,OFFI,662,0.1084,72,590
29,29,2055,OTHR,2620,0.0801,210,2410
29,29,2055,RETL,726,0.0369,27,699
29,29,2055,WSLE,281,0.0494,14,267
29,29,2056,AGRI,428,0.0242,10,418
29,29,2056,CONS,1265,0.0325,41,1224
29,29,2056,FOOD,308,0.0215,7,301
29,29,2056,GVED,1136,0.0523,59,1077
29,29,2056,HLTH,302,0.0397,12,290
29,29,2056,MANU,302,0.0355,11,291
29,29,2056,MING,78,0.0033,0,78
29,29,2056,OFFI,664,0.1094,73,591
29,29,2056,OTHR,2627,0.0807,212,2415
29,29,2056,RETL,726,0.0372,27,699
29,29,2056,WSLE,282,0.0499,14,268
29,29,2057,AGRI,428,0.0244,10,418
29,29,2057,CONS,1270,0.0328,42,1228
29,29,2057,FOOD,306,0.0217,7,299
29,29,2057,GVED,1138,0.0528,60,1078
29,29,2057,HLTH,304,0.0401,12,292
29,29,2057,MANU,305,0.0358,11,294
29,29,2057,MING,77,0.0034,0,77
29,29,2057,OFFI,666,0.1103,73,593
29,29,2057,OTHR,2636,0.0813,214,2422
29,29,2057,RETL,726,0.0375,27,699
29,29,2057,WSLE,283,0.0504,14,269
29,29,2058,AGRI,427,0.0245,10,417
29,29,2058,CONS,1271,0.0331,42,1229
29,29,2058,FOOD,303,0.0219,7,296
29,29,2058,GVED,1139,0.0532,61,1078
29,29,2058,HLTH,306,0.0404,12,294
29,29,2058,MANU,308,0.0361,11,297
29,29,2058,MING,75,0.0034,0,75
29,29,2058,OFFI,668,0.1112,74,594
29,29,2058,OTHR,2642,0.0819,216,2426
29,29,2058,RETL,725,0.0378,27,698
29,29,2058,WSLE,283,0.0509,14,269
29,29,2059,AGRI,425,0.0247,10,415
29,29,2059,CONS,1273,0.0333,42,1231
29,29,2059,FOOD,300,0.0221,7,293
29,29,2059,GVED,1141,0.0537,61,1080
29,29,2059,HLTH,307,0.0407,12,295
29,29,2059,MANU,309,0.0364,11,298
29,29,2059,MING,74,0.0034,0,74
29,29,2059,OFFI,670,0.1122,75,595
29,29,2059,OTHR,2648,0.0824,218,2430
29,29,2059,RETL,725,0.0382,28,697
29,29,2059,WSLE,284,0.0514,15,269
29,29,2060,AGRI,424,0.0249,11,413
29,29,2060,CONS,1275,0.0336,43,1232
29,29,2060,FOOD,297,0.0223,7,290
29,29,2060,GVED,1142,0.0541,62,1080
29,29,2060,HLTH,307,0.0411,13,294
29,29,2060,MANU,312,0.0367,11,301
29,29,2060,MING,74,0.0034,0,74
29,29,2060,OFFI,673,0.1131,76,597
29,29,2060,OTHR,2654,0.083,220,2434
29,29,2060,RETL,724,0.0385,28,696
29,29,2060,WSLE,284,0.0519,15,269
29,29,2061,AGRI,424,0.0251,11,413
29,29,2061,CONS,1276,0.0339,43,1233
29,29,2061,FOOD,294,0.0225,7,287
29,29,2061,GVED,1144,0.0546,62,1082
29,29,2061,HLTH,309,0.0414,13,296
29,29,2061,MANU,315,0.037,12,303
29,29,2061,MING,74,0.0035,0,74
29,29,2061,OFFI,673,0.1141,77,596
29,29,2061,OTHR,2658,0.0836,222,2436
29,29,2061,RETL,724,0.0388,28,696
29,29,2061,WSLE,284,0.0525,15,269
29,29,2062,AGRI,423,0.0253,11,412
29,29,2062,CONS,1278,0.0342,44,1234
29,29,2062,FOOD,292,0.0227,7,285
29,29,2062,GVED,1146,0.0551,63,1083
29,29,2062,HLTH,311,0.0418,13,298
29,29,2062,MANU,317,0.0373,12,305
29,29,2062,MING,74,0.0035,0,74
29,29,2062,OFFI,674,0.1151,78,596
29,29,2062,OTHR,2663,0.0842,224,2439
29,29,2062,RETL,724,0.0391,28,696
29,29,2062,WSLE,284,0.053,15,269
29,29,2063,AGRI,422,0.0254,11,411
29,29,2063,CONS,1279,0.0345,44,1235
29,29,2063,FOOD,289,0.0228,7,282
29,29,2063,GVED,1147,0.0555,64,1083
29,29,2063,HLTH,312,0.0421,13,299
29,29,2063,MANU,319,0.0377,12,307
29,29,2063,MING,74,0.0035,0,74
29,29,2063,OFFI,676,0.116,78,598
29,29,2063,OTHR,2667,0.0848,226,2441
29,29,2063,RETL,724,0.0395,29,695
29,29,2063,WSLE,286,0.0535,15,271
29,29,2064,AGRI,422,0.0256,11,411
29,29,2064,CONS,1280,0.0348,45,1235
29,29,2064,FOOD,287,0.023,7,280
29,29,2064,GVED,1147,0.056,64,1083
29,29,2064,HLTH,314,0.0425,13,301
29,29,2064,MANU,322,0.038,12,310
29,29,2064,MING,74,0.0036,0,74
29,29,2064,OFFI,676,0.117,79,597
29,29,2064,OTHR,2672,0.0854,228,2444
29,29,2064,RETL,724,0.0398,29,695
29,29,2064,WSLE,286,0.054,15,271
29,29,2065,AGRI,421,0.0258,11,410
29,29,2065,CONS,1281,0.035,45,1236
29,29,2065,FOOD,285,0.0232,7,278
29,29,2065,GVED,1148,0.0565,65,1083
29,29,2065,HLTH,316,0.0428,14,302
29,29,2065,MANU,324,0.0383,12,312
29,29,2065,MING,74,0.0036,0,74
29,29,2065,OFFI,678,0.1179,80,598
29,29,2065,OTHR,2677,0.086,230,2447
29,29,2065,RETL,725,0.0401,29,696
29,29,2065,WSLE,286,0.0545,16,270
31,31,2023,AGRI,156,0.0288,4,152
31,31,2023,CONS,20,0.0263,1,19
31,31,2023,FOOD,48,0.0174,1,47
31,31,2023,GVED,130,0.0433,6,124
31,31,2023,HLTH,47,0.0322,2,45
31,31,2023,MANU,21,0.0288,1,20
31,31,2023,MING,25,0.0027,0,25
31,31,2023,OFFI,25,0.0888,2,23
31,31,2023,OTHR,147,0.0705,10,137
31,31,2023,RETL,31,0.0301,1,30
31,31,2023,WSLE,42,0.0304,1,41
31,31,2024,AGRI,156,0.0282,4,152
31,31,2024,CONS,26,0.0258,1,25
31,31,2024,FOOD,52,0.0171,1,51
31,31,2024,GVED,132,0.0425,6,126
31,31,2024,HLTH,48,0.0316,2,46
31,31,2024,MANU,21,0.0282,1,20
31,31,2024,MING,24,0.0027,0,24
31,31,2024,OFFI,26,0.0871,2,24
31,31,2024,OTHR,147,0.0699,10,137
31,31,2024,RETL,32,0.0296,1,31
31,31,2024,WSLE,42,0.0298,1,41
31,31,2025,AGRI,155,0.0302,5,150
31,31,2025,CONS,25,0.0277,1,24
31,31,2025,FOOD,50,0.0183,1,49
31,31,2025,GVED,130,0.0452,6,124
31,31,2025,HLTH,50,0.0338,2,48
31,31,2025,MANU,20,0.0302,1,19
31,31,2025,MING,23,0.0028,0,23
31,31,2025,OFFI,25,0.0933,2,23
31,31,2025,OTHR,143,0.0745,11,132
31,31,2025,RETL,31,0.0317,1,30
31,31,2025,WSLE,42,0.0318,1,41
31,31,2026,AGRI,155,0.0305,5,150
31,31,2026,CONS,24,0.0279,1,23
31,31,2026,FOOD,49,0.0185,1,48
31,31,2026,GVED,129,0.0457,6,123
31,31,2026,HLTH,53,0.0341,2,51
31,31,2026,MANU,20,0.0305,1,19
31,31,2026,MING,24,0.0029,0,24
31,31,2026,OFFI,25,0.0943,2,23
31,31,2026,OTHR,141,0.0747,11,130
31,31,2026,RETL,31,0.032,1,30
31,31,2026,WSLE,43,0.0321,1,42
31,31,2027,AGRI,155,0.0309,5,150
31,31,2027,CONS,25,0.0283,1,24
31,31,2027,FOOD,49,0.0187,1,48
31,31,2027,GVED,128,0.0462,6,122
31,31,2027,HLTH,55,0.0346,2,53
31,31,2027,MANU,20,0.0309,1,19
31,31,2027,MING,25,0.0029,0,25
31,31,2027,OFFI,25,0.0954,2,23
31,31,2027,OTHR,140,0.075,10,130
31,31,2027,RETL,31,0.0324,1,30
31,31,2027,WSLE,43,0.0325,1,42
31,31,2028,AGRI,154,0.0312,5,149
31,31,2028,CONS,23,0.0286,1,22
31,31,2028,FOOD,48,0.0189,1,47
31,31,2028,GVED,128,0.0466,6,122
31,31,2028,HLTH,56,0.0349,2,54
31,31,2028,MANU,21,0.0312,1,20
31,31,2028,MING,24,0.0029,0,24
31,31,2028,OFFI,25,0.0964,2,23
31,31,2028,OTHR,138,0.075,10,128
31,31,2028,RETL,30,0.0327,1,29
31,31,2028,WSLE,43,0.0329,1,42
31,31,2029,AGRI,152,0.0315,5,147
31,31,2029,CONS,23,0.0288,1,22
31,31,2029,FOOD,48,0.0191,1,47
31,31,2029,GVED,127,0.047,6,121
31,31,2029,HLTH,58,0.0352,2,56
31,31,2029,MANU,21,0.0315,1,20
31,31,2029,MING,23,0.003,0,23
31,31,2029,OFFI,25,0.0973,2,23
31,31,2029,OTHR,135,0.0755,10,125
31,31,2029,RETL,29,0.033,1,28
31,31,2029,WSLE,41,0.0333,1,40
31,31,2030,AGRI,151,0.0318,5,146
31,31,2030,CONS,23,0.0291,1,22
31,31,2030,FOOD,47,0.0193,1,46
31,31,2030,GVED,127,0.0474,6,121
31,31,2030,HLTH,60,0.0355,2,58
31,31,2030,MANU,21,0.0318,1,20
31,31,2030,MING,22,0.003,0,22
31,31,2030,OFFI,25,0.0981,2,23
31,31,2030,OTHR,135,0.0756,10,125
31,31,2030,RETL,29,0.0333,1,28
31,31,2030,WSLE,41,0.0335,1,40
31,31,2031,AGRI,151,0.0323,5,146
31,31,2031,CONS,23,0.0295,1,22
31,31,2031,FOOD,46,0.0196,1,45
31,31,2031,GVED,127,0.0481,6,121
31,31,2031,HLTH,61,0.0361,2,59
31,31,2031,MANU,22,0.0322,1,21
31,31,2031,MING,22,0.003,0,22
31,31,2031,OFFI,25,0.0996,2,23
31,31,2031,OTHR,133,0.0765,10,123
31,31,2031,RETL,30,0.0338,1,29
31,31,2031,WSLE,41,0.034,1,40
31,31,2032,AGRI,150,0.0327,5,145
31,31,2032,CONS,23,0.0299,1,22
31,31,2032,FOOD,45,0.0198,1,44
31,31,2032,GVED,126,0.0488,6,120
31,31,2032,HLTH,63,0.0366,2,61
31,31,2032,MANU,22,0.0327,1,21
31,31,2032,MING,24,0.0031,0,24
31,31,2032,OFFI,25,0.101,3,22
31,31,2032,OTHR,133,0.0773,10,123
31,31,2032,RETL,30,0.0343,1,29
31,31,2032,WSLE,40,0.0346,1,39
31,31,2033,AGRI,149,0.0331,5,144
31,31,2033,CONS,24,0.0303,1,23
31,31,2033,FOOD,45,0.0201,1,44
31,31,2033,GVED,126,0.0494,6,120
31,31,2033,HLTH,65,0.037,2,63
31,31,2033,MANU,22,0.0331,1,21
31,31,2033,MING,25,0.0031,0,25
31,31,2033,OFFI,26,0.1022,3,23
31,31,2033,OTHR,134,0.0777,10,124
31,31,2033,RETL,30,0.0347,1,29
31,31,2033,WSLE,39,0.0351,1,38
31,31,2034,AGRI,149,0.0336,5,144
31,31,2034,CONS,24,0.0307,1,23
31,31,2034,FOOD,46,0.0204,1,45
31,31,2034,GVED,128,0.0501,6,122
31,31,2034,HLTH,67,0.0376,3,64
31,31,2034,MANU,23,0.0336,1,22
31,31,2034,MING,26,0.0032,0,26
31,31,2034,OFFI,26,0.1037,3,23
31,31,2034,OTHR,134,0.0787,11,123
31,31,2034,RETL,30,0.0352,1,29
31,31,2034,WSLE,40,0.0356,1,39
31,31,2035,AGRI,149,0.034,5,144
31,31,2035,CONS,24,0.0311,1,23
31,31,2035,FOOD,44,0.0206,1,43
31,31,2035,GVED,127,0.0507,6,121
31,31,2035,HLTH,68,0.038,3,65
31,31,2035,MANU,23,0.034,1,22
31,31,2035,MING,26,0.0032,0,26
31,31,2035,OFFI,26,0.1048,3,23
31,31,2035,OTHR,130,0.0798,10,120
31,31,2035,RETL,30,0.0356,1,29
31,31,2035,WSLE,39,0.0366,1,38
31,31,2036,AGRI,149,0.0342,5,144
31,31,2036,CONS,24,0.0313,1,23
31,31,2036,FOOD,44,0.0207,1,43
31,31,2036,GVED,125,0.0514,6,119
31,31,2036,HLTH,70,0.0383,3,67
31,31,2036,MANU,23,0.0342,1,22
31,31,2036,MING,26,0.0032,0,26
31,31,2036,OFFI,28,0.1056,3,25
31,31,2036,OTHR,130,0.0801,10,120
31,31,2036,RETL,30,0.0358,1,29
31,31,2036,WSLE,38,0.037,1,37
31,31,2037,AGRI,149,0.0346,5,144
31,31,2037,CONS,24,0.0316,1,23
31,31,2037,FOOD,44,0.021,1,43
31,31,2037,GVED,126,0.052,7,119
31,31,2037,HLTH,71,0.0387,3,68
31,31,2037,MANU,24,0.0346,1,23
31,31,2037,MING,26,0.0032,0,26
31,31,2037,OFFI,28,0.1068,3,25
31,31,2037,OTHR,130,0.081,11,119
31,31,2037,RETL,30,0.0362,1,29
31,31,2037,WSLE,37,0.0375,1,36
31,31,2038,AGRI,148,0.0351,5,143
31,31,2038,CONS,24,0.0321,1,23
31,31,2038,FOOD,44,0.0213,1,43
31,31,2038,GVED,126,0.0527,7,119
31,31,2038,HLTH,73,0.0392,3,70
31,31,2038,MANU,24,0.0351,1,23
31,31,2038,MING,26,0.0033,0,26
31,31,2038,OFFI,28,0.1083,3,25
31,31,2038,OTHR,128,0.0818,10,118
31,31,2038,RETL,31,0.0367,1,30
31,31,2038,WSLE,37,0.0381,1,36
31,31,2039,AGRI,148,0.0354,5,143
31,31,2039,CONS,24,0.0324,1,23
31,31,2039,FOOD,44,0.0215,1,43
31,31,2039,GVED,125,0.0532,7,118
31,31,2039,HLTH,75,0.0396,3,72
31,31,2039,MANU,24,0.0354,1,23
31,31,2039,MING,26,0.0033,0,26
31,31,2039,OFFI,28,0.1093,3,25
31,31,2039,OTHR,130,0.0824,11,119
31,31,2039,RETL,30,0.0371,1,29
31,31,2039,WSLE,36,0.0386,1,35
31,31,2040,AGRI,148,0.0358,5,143
31,31,2040,CONS,23,0.0327,1,22
31,31,2040,FOOD,44,0.0217,1,43
31,31,2040,GVED,125,0.0537,7,118
31,31,2040,HLTH,77,0.04,3,74
31,31,2040,MANU,25,0.0358,1,24
31,31,2040,MING,26,0.0034,0,26
31,31,2040,OFFI,29,0.1105,3,26
31,31,2040,OTHR,130,0.0829,11,119
31,31,2040,RETL,30,0.0375,1,29
31,31,2040,WSLE,36,0.039,1,35
31,31,2041,AGRI,148,0.0361,5,143
31,31,2041,CONS,23,0.0331,1,22
31,31,2041,FOOD,44,0.0219,1,43
31,31,2041,GVED,125,0.0543,7,118
31,31,2041,HLTH,78,0.0404,3,75
31,31,2041,MANU,25,0.0361,1,24
31,31,2041,MING,26,0.0034,0,26
31,31,2041,OFFI,29,0.1116,3,26
31,31,2041,OTHR,129,0.0838,11,118
31,31,2041,RETL,30,0.0379,1,29
31,31,2041,WSLE,35,0.0395,1,34
31,31,2042,AGRI,148,0.0366,5,143
31,31,2042,CONS,22,0.0335,1,21
31,31,2042,FOOD,43,0.0222,1,42
31,31,2042,GVED,125,0.055,7,118
31,31,2042,HLTH,81,0.041,3,78
31,31,2042,MANU,25,0.0366,1,24
31,31,2042,MING,27,0.0034,0,27
31,31,2042,OFFI,29,0.113,3,26
31,31,2042,OTHR,129,0.0842,11,118
31,31,2042,RETL,30,0.0384,1,29
31,31,2042,WSLE,35,0.04,1,34
31,31,2043,AGRI,147,0.037,5,142
31,31,2043,CONS,22,0.0339,1,21
31,31,2043,FOOD,43,0.0224,1,42
31,31,2043,GVED,126,0.0556,7,119
31,31,2043,HLTH,82,0.0414,3,79
31,31,2043,MANU,25,0.037,1,24
31,31,2043,MING,27,0.0035,0,27
31,31,2043,OFFI,29,0.1143,3,26
31,31,2043,OTHR,128,0.085,11,117
31,31,2043,RETL,30,0.0388,1,29
31,31,2043,WSLE,34,0.0406,1,33
31,31,2044,AGRI,146,0.0375,5,141
31,31,2044,CONS,22,0.0343,1,21
31,31,2044,FOOD,43,0.0227,1,42
31,31,2044,GVED,126,0.0562,7,119
31,31,2044,HLTH,84,0.0419,4,80
31,31,2044,MANU,25,0.0375,1,24
31,31,2044,MING,27,0.0035,0,27
31,31,2044,OFFI,29,0.1157,3,26
31,31,2044,OTHR,127,0.0859,11,116
31,31,2044,RETL,30,0.0392,1,29
31,31,2044,WSLE,34,0.0411,1,33
31,31,2045,AGRI,146,0.0377,6,140
31,31,2045,CONS,21,0.0345,1,20
31,31,2045,FOOD,43,0.0229,1,42
31,31,2045,GVED,125,0.0566,7,118
31,31,2045,HLTH,86,0.0422,4,82
31,31,2045,MANU,26,0.0377,1,25
31,31,2045,MING,27,0.0035,0,27
31,31,2045,OFFI,30,0.1164,3,27
31,31,2045,OTHR,128,0.0867,11,117
31,31,2045,RETL,30,0.0395,1,29
31,31,2045,WSLE,33,0.0416,1,32
31,31,2046,AGRI,146,0.0381,6,140
31,31,2046,CONS,22,0.0349,1,21
31,31,2046,FOOD,41,0.0231,1,40
31,31,2046,GVED,126,0.0572,7,119
31,31,2046,HLTH,89,0.0426,4,85
31,31,2046,MANU,26,0.0381,1,25
31,31,2046,MING,27,0.0036,0,27
31,31,2046,OFFI,30,0.1177,4,26
31,31,2046,OTHR,127,0.0874,11,116
31,31,2046,RETL,31,0.0399,1,30
31,31,2046,WSLE,33,0.042,1,32
31,31,2047,AGRI,146,0.0387,6,140
31,31,2047,CONS,22,0.0354,1,21
31,31,2047,FOOD,41,0.0234,1,40
31,31,2047,GVED,126,0.058,7,119
31,31,2047,HLTH,90,0.0432,4,86
31,31,2047,MANU,26,0.0387,1,25
31,31,2047,MING,27,0.0036,0,27
31,31,2047,OFFI,30,0.1194,4,26
31,31,2047,OTHR,126,0.0878,11,115
31,31,2047,RETL,31,0.0405,1,30
31,31,2047,WSLE,33,0.0426,1,32
31,31,2048,AGRI,145,0.0389,6,139
31,31,2048,CONS,22,0.0356,1,21
31,31,2048,FOOD,41,0.0236,1,40
31,31,2048,GVED,127,0.0584,7,120
31,31,2048,HLTH,93,0.0435,4,89
31,31,2048,MANU,26,0.0389,1,25
31,31,2048,MING,28,0.0037,0,28
31,31,2048,OFFI,32,0.1202,4,28
31,31,2048,OTHR,126,0.0885,11,115
31,31,2048,RETL,31,0.0408,1,30
31,31,2048,WSLE,32,0.0431,1,31
31,31,2049,AGRI,145,0.0394,6,139
31,31,2049,CONS,22,0.036,1,21
31,31,2049,FOOD,41,0.0239,1,40
31,31,2049,GVED,126,0.059,7,119
31,31,2049,HLTH,96,0.044,4,92
31,31,2049,MANU,27,0.0393,1,26
31,31,2049,MING,28,0.0037,0,28
31,31,2049,OFFI,32,0.1215,4,28
31,31,2049,OTHR,125,0.0894,11,114
31,31,2049,RETL,31,0.0412,1,30
31,31,2049,WSLE,32,0.0436,1,31
31,31,2050,AGRI,145,0.0396,6,139
31,31,2050,CONS,22,0.0363,1,21
31,31,2050,FOOD,41,0.024,1,40
31,31,2050,GVED,126,0.0595,7,119
31,31,2050,HLTH,97,0.0443,4,93
31,31,2050,MANU,27,0.0396,1,26
31,31,2050,MING,28,0.0037,0,28
31,31,2050,OFFI,32,0.1224,4,28
31,31,2050,OTHR,125,0.0901,11,114
31,31,2050,RETL,31,0.0415,1,30
31,31,2050,WSLE,31,0.0441,1,30
31,31,2051,AGRI,144,0.0401,6,138
31,31,2051,CONS,22,0.0367,1,21
31,31,2051,FOOD,40,0.0243,1,39
31,31,2051,GVED,126,0.0601,8,118
31,31,2051,HLTH,100,0.0448,4,96
31,31,2051,MANU,27,0.0401,1,26
31,31,2051,MING,29,0.0038,0,29
31,31,2051,OFFI,32,0.1237,4,28
31,31,2051,OTHR,124,0.0909,11,113
31,31,2051,RETL,30,0.042,1,29
31,31,2051,WSLE,31,0.0446,1,30
31,31,2052,AGRI,143,0.0406,6,137
31,31,2052,CONS,22,0.0371,1,21
31,31,2052,FOOD,40,0.0246,1,39
31,31,2052,GVED,125,0.061,8,117
31,31,2052,HLTH,103,0.0454,5,98
31,31,2052,MANU,28,0.0406,1,27
31,31,2052,MING,28,0.0038,0,28
31,31,2052,OFFI,32,0.1253,4,28
31,31,2052,OTHR,124,0.0913,11,113
31,31,2052,RETL,31,0.0425,1,30
31,31,2052,WSLE,31,0.0451,1,30
31,31,2053,AGRI,143,0.0409,6,137
31,31,2053,CONS,23,0.0374,1,22
31,31,2053,FOOD,40,0.0248,1,39
31,31,2053,GVED,126,0.0615,8,118
31,31,2053,HLTH,105,0.0457,5,100
31,31,2053,MANU,27,0.0409,1,26
31,31,2053,MING,29,0.0038,0,29
31,31,2053,OFFI,33,0.1262,4,29
31,31,2053,OTHR,125,0.0922,12,113
31,31,2053,RETL,31,0.0428,1,30
31,31,2053,WSLE,30,0.0457,1,29
31,31,2054,AGRI,142,0.0413,6,136
31,31,2054,CONS,23,0.0378,1,22
31,31,2054,FOOD,40,0.0251,1,39
31,31,2054,GVED,125,0.0621,8,117
31,31,2054,HLTH,108,0.0462,5,103
31,31,2054,MANU,27,0.0413,1,26
31,31,2054,MING,29,0.0039,0,29
31,31,2054,OFFI,33,0.1276,4,29
31,31,2054,OTHR,124,0.093,12,112
31,31,2054,RETL,31,0.0433,1,30
31,31,2054,WSLE,30,0.0462,1,29
31,31,2055,AGRI,142,0.0418,6,136
31,31,2055,CONS,22,0.0382,1,21
31,31,2055,FOOD,40,0.0253,1,39
31,31,2055,GVED,125,0.0628,8,117
31,31,2055,HLTH,111,0.0467,5,106
31,31,2055,MANU,27,0.0418,1,26
31,31,2055,MING,29,0.0039,0,29
31,31,2055,OFFI,33,0.1289,4,29
31,31,2055,OTHR,123,0.0938,12,111
31,31,2055,RETL,31,0.0438,1,30
31,31,2055,WSLE,31,0.0473,1,30
31,31,2056,AGRI,142,0.0421,6,136
31,31,2056,CONS,22,0.0385,1,21
31,31,2056,FOOD,39,0.0255,1,38
31,31,2056,GVED,125,0.0633,8,117
31,31,2056,HLTH,113,0.0471,5,108
31,31,2056,MANU,27,0.0421,1,26
31,31,2056,MING,29,0.004,0,29
31,31,2056,OFFI,33,0.13,4,29
31,31,2056,OTHR,123,0.0946,12,111
31,31,2056,RETL,31,0.0441,1,30
31,31,2056,WSLE,30,0.0479,1,29
31,31,2057,AGRI,141,0.0425,6,135
31,31,2057,CONS,23,0.0389,1,22
31,31,2057,FOOD,39,0.0258,1,38
31,31,2057,GVED,125,0.0639,8,117
31,31,2057,HLTH,115,0.0476,5,110
31,31,2057,MANU,27,0.0425,1,26
31,31,2057,MING,28,0.004,0,28
31,31,2057,OFFI,33,0.1313,4,29
31,31,2057,OTHR,123,0.0948,12,111
31,31,2057,RETL,31,0.0446,1,30
31,31,2057,WSLE,30,0.0484,1,29
31,31,2058,AGRI,141,0.0429,6,135
31,31,2058,CONS,23,0.0393,1,22
31,31,2058,FOOD,39,0.026,1,38
31,31,2058,GVED,125,0.0645,8,117
31,31,2058,HLTH,117,0.048,6,111
31,31,2058,MANU,28,0.0429,1,27
31,31,2058,MING,28,0.004,0,28
31,31,2058,OFFI,33,0.1325,4,29
31,31,2058,OTHR,123,0.0957,12,111
31,31,2058,RETL,32,0.045,1,31
31,31,2058,WSLE,30,0.0489,1,29
31,31,2059,AGRI,140,0.0432,6,134
31,31,2059,CONS,23,0.0395,1,22
31,31,2059,FOOD,39,0.0262,1,38
31,31,2059,GVED,125,0.0649,8,117
31,31,2059,HLTH,119,0.0483,6,113
31,31,2059,MANU,28,0.0432,1,27
31,31,2059,MING,28,0.0041,0,28
31,31,2059,OFFI,34,0.1334,5,29
31,31,2059,OTHR,123,0.0964,12,111
31,31,2059,RETL,32,0.0453,1,31
31,31,2059,WSLE,29,0.0495,1,28
31,31,2060,AGRI,140,0.0437,6,134
31,31,2060,CONS,22,0.0399,1,21
31,31,2060,FOOD,38,0.0265,1,37
31,31,2060,GVED,125,0.0656,8,117
31,31,2060,HLTH,121,0.0488,6,115
31,31,2060,MANU,28,0.0436,1,27
31,31,2060,MING,28,0.0041,0,28
31,31,2060,OFFI,34,0.1347,5,29
31,31,2060,OTHR,122,0.0966,12,110
31,31,2060,RETL,32,0.0457,1,31
31,31,2060,WSLE,29,0.05,1,28
31,31,2061,AGRI,140,0.044,6,134
31,31,2061,CONS,23,0.0403,1,22
31,31,2061,FOOD,38,0.0267,1,37
31,31,2061,GVED,125,0.0662,8,117
31,31,2061,HLTH,122,0.0492,6,116
31,31,2061,MANU,28,0.044,1,27
31,31,2061,MING,28,0.0041,0,28
31,31,2061,OFFI,34,0.1358,5,29
31,31,2061,OTHR,122,0.0974,12,110
31,31,2061,RETL,32,0.0461,1,31
31,31,2061,WSLE,28,0.0507,1,27
31,31,2062,AGRI,138,0.0444,6,132
31,31,2062,CONS,22,0.0406,1,21
31,31,2062,FOOD,38,0.0269,1,37
31,31,2062,GVED,125,0.0667,8,117
31,31,2062,HLTH,125,0.0496,6,119
31,31,2062,MANU,28,0.0444,1,27
31,31,2062,MING,28,0.0042,0,28
31,31,2062,OFFI,35,0.137,5,30
31,31,2062,OTHR,121,0.098,12,109
31,31,2062,RETL,32,0.0465,1,31
31,31,2062,WSLE,28,0.0512,1,27
31,31,2063,AGRI,138,0.0448,6,132
31,31,2063,CONS,22,0.041,1,21
31,31,2063,FOOD,37,0.0271,1,36
31,31,2063,GVED,125,0.0673,8,117
31,31,2063,HLTH,127,0.0501,6,121
31,31,2063,MANU,29,0.0448,1,28
31,31,2063,MING,28,0.0042,0,28
31,31,2063,OFFI,35,0.1382,5,30
31,31,2063,OTHR,122,0.0983,12,110
31,31,2063,RETL,32,0.0469,2,30
31,31,2063,WSLE,28,0.0516,1,27
31,31,2064,AGRI,138,0.0452,6,132
31,31,2064,CONS,22,0.0414,1,21
31,31,2064,FOOD,37,0.0274,1,36
31,31,2064,GVED,125,0.068,8,117
31,31,2064,HLTH,129,0.0506,7,122
31,31,2064,MANU,29,0.0452,1,28
31,31,2064,MING,28,0.0042,0,28
31,31,2064,OFFI,35,0.1395,5,30
31,31,2064,OTHR,121,0.0991,12,109
31,31,2064,RETL,32,0.0474,2,30
31,31,2064,WSLE,27,0.0524,1,26
31,31,2065,AGRI,138,0.0457,6,132
31,31,2065,CONS,22,0.0418,1,21
31,31,2065,FOOD,37,0.0277,1,36
31,31,2065,GVED,125,0.0687,9,116
31,31,2065,HLTH,131,0.0511,7,124
31,31,2065,MANU,29,0.0456,1,28
31,31,2065,MING,28,0.0043,0,28
31,31,2065,OFFI,35,0.1409,5,30
31,31,2065,OTHR,120,0.0998,12,108
31,31,2065,RETL,32,0.0478,2,30
31,31,2065,WSLE,27,0.053,1,26
33,33,2023,AGRI,202,0.026,5,197
33,33,2023,CONS,142,0.0238,3,139
33,33,2023,FOOD,209,0.0158,3,206
33,33,2023,GVED,249,0.0386,10,239
33,33,2023,HLTH,69,0.0291,2,67
33,33,2023,MANU,48,0.026,1,47
33,33,2023,MING,37,0.0024,0,37
33,33,2023,OFFI,102,0.0802,8,94
33,33,2023,OTHR,634,0.065,41,593
33,33,2023,RETL,222,0.0272,6,216
33,33,2023,WSLE,114,0.0269,3,111
33,33,2024,AGRI,202,0.0256,5,197
33,33,2024,CONS,153,0.0234,4,149
33,33,2024,FOOD,218,0.0155,3,215
33,33,2024,GVED,254,0.038,10,244
33,33,2024,HLTH,46,0.0286,1,45
33,33,2024,MANU,48,0.0256,1,47
33,33,2024,MING,37,0.0024,0,37
33,33,2024,OFFI,102,0.0789,8,94
33,33,2024,OTHR,672,0.0646,43,629
33,33,2024,RETL,210,0.0268,6,204
33,33,2024,WSLE,210,0.0252,5,205
33,33,2025,AGRI,201,0.0271,5,196
33,33,2025,CONS,155,0.0248,4,151
33,33,2025,FOOD,217,0.0165,4,213
33,33,2025,GVED,257,0.0403,10,247
33,33,2025,HLTH,47,0.0304,1,46
33,33,2025,MANU,48,0.0271,1,47
33,33,2025,MING,36,0.0025,0,36
33,33,2025,OFFI,102,0.0837,9,93
33,33,2025,OTHR,685,0.0686,47,638
33,33,2025,RETL,212,0.0284,6,206
33,33,2025,WSLE,209,0.0268,6,203
33,33,2026,AGRI,201,0.0272,5,196
33,33,2026,CONS,153,0.0249,4,149
33,33,2026,FOOD,219,0.0165,4,215
33,33,2026,GVED,259,0.0404,10,249
33,33,2026,HLTH,48,0.0305,1,47
33,33,2026,MANU,48,0.0272,1,47
33,33,2026,MING,37,0.0026,0,37
33,33,2026,OFFI,102,0.084,9,93
33,33,2026,OTHR,689,0.0688,47,642
33,33,2026,RETL,211,0.0285,6,205
33,33,2026,WSLE,205,0.0269,6,199
33,33,2027,AGRI,201,0.0274,6,195
33,33,2027,CONS,153,0.0251,4,149
33,33,2027,FOOD,219,0.0166,4,215
33,33,2027,GVED,261,0.0407,11,250
33,33,2027,HLTH,49,0.0307,2,47
33,33,2027,MANU,49,0.0274,1,48
33,33,2027,MING,38,0.0026,0,38
33,33,2027,OFFI,101,0.0846,9,92
33,33,2027,OTHR,695,0.069,48,647
33,33,2027,RETL,214,0.0287,6,208
33,33,2027,WSLE,203,0.0272,6,197
33,33,2028,AGRI,199,0.0276,5,194
33,33,2028,CONS,156,0.0252,4,152
33,33,2028,FOOD,219,0.0167,4,215
33,33,2028,GVED,264,0.041,11,253
33,33,2028,HLTH,50,0.0308,2,48
33,33,2028,MANU,49,0.0276,1,48
33,33,2028,MING,36,0.0026,0,36
33,33,2028,OFFI,102,0.085,9,93
33,33,2028,OTHR,704,0.0691,49,655
33,33,2028,RETL,215,0.0289,6,209
33,33,2028,WSLE,199,0.0273,5,194
33,33,2029,AGRI,198,0.0277,5,193
33,33,2029,CONS,159,0.0253,4,155
33,33,2029,FOOD,217,0.0168,4,213
33,33,2029,GVED,265,0.0412,11,254
33,33,2029,HLTH,51,0.031,2,49
33,33,2029,MANU,50,0.0277,1,49
33,33,2029,MING,34,0.0026,0,34
33,33,2029,OFFI,102,0.0854,9,93
33,33,2029,OTHR,714,0.0693,49,665
33,33,2029,RETL,215,0.029,6,209
33,33,2029,WSLE,196,0.0275,5,191
33,33,2030,AGRI,197,0.0278,5,192
33,33,2030,CONS,161,0.0255,4,157
33,33,2030,FOOD,215,0.0169,4,211
33,33,2030,GVED,267,0.0414,11,256
33,33,2030,HLTH,51,0.0311,2,49
33,33,2030,MANU,51,0.0278,1,50
33,33,2030,MING,33,0.0026,0,33
33,33,2030,OFFI,103,0.0858,9,94
33,33,2030,OTHR,725,0.0696,50,675
33,33,2030,RETL,218,0.0291,6,212
33,33,2030,WSLE,192,0.0276,5,187
33,33,2031,AGRI,195,0.028,5,190
33,33,2031,CONS,163,0.0257,4,159
33,33,2031,FOOD,212,0.017,4,208
33,33,2031,GVED,269,0.0417,11,258
33,33,2031,HLTH,52,0.0314,2,50
33,33,2031,MANU,52,0.028,1,51
33,33,2031,MING,33,0.0026,0,33
33,33,2031,OFFI,102,0.0865,9,93
33,33,2031,OTHR,735,0.0702,52,683
33,33,2031,RETL,221,0.0294,6,215
33,33,2031,WSLE,189,0.0279,5,184
33,33,2032,AGRI,194,0.0283,5,189
33,33,2032,CONS,165,0.0259,4,161
33,33,2032,FOOD,210,0.0171,4,206
33,33,2032,GVED,269,0.0421,11,258
33,33,2032,HLTH,52,0.0316,2,50
33,33,2032,MANU,52,0.0283,1,51
33,33,2032,MING,35,0.0027,0,35
33,33,2032,OFFI,103,0.0872,9,94
33,33,2032,OTHR,743,0.0708,53,690
33,33,2032,RETL,222,0.0296,7,215
33,33,2032,WSLE,185,0.0281,5,180
33,33,2033,AGRI,195,0.0285,6,189
33,33,2033,CONS,166,0.0261,4,162
33,33,2033,FOOD,209,0.0173,4,205
33,33,2033,GVED,270,0.0425,11,259
33,33,2033,HLTH,52,0.0319,2,50
33,33,2033,MANU,53,0.0285,2,51
33,33,2033,MING,36,0.0027,0,36
33,33,2033,OFFI,104,0.088,9,95
33,33,2033,OTHR,752,0.0715,54,698
33,33,2033,RETL,224,0.0299,7,217
33,33,2033,WSLE,182,0.0284,5,177
33,33,2034,AGRI,195,0.0288,6,189
33,33,2034,CONS,169,0.0264,4,165
33,33,2034,FOOD,215,0.0175,4,211
33,33,2034,GVED,272,0.043,12,260
33,33,2034,HLTH,53,0.0323,2,51
33,33,2034,MANU,54,0.0288,2,52
33,33,2034,MING,37,0.0027,0,37
33,33,2034,OFFI,105,0.0889,9,96
33,33,2034,OTHR,767,0.072,55,712
33,33,2034,RETL,224,0.0302,7,217
33,33,2034,WSLE,179,0.0288,5,174
33,33,2035,AGRI,194,0.029,6,188
33,33,2035,CONS,169,0.0265,4,165
33,33,2035,FOOD,207,0.0176,4,203
33,33,2035,GVED,272,0.0433,12,260
33,33,2035,HLTH,53,0.0324,2,51
33,33,2035,MANU,54,0.029,2,52
33,33,2035,MING,38,0.0027,0,38
33,33,2035,OFFI,106,0.0894,9,97
33,33,2035,OTHR,758,0.073,55,703
33,33,2035,RETL,223,0.0304,7,216
33,33,2035,WSLE,176,0.029,5,171
33,33,2036,AGRI,194,0.0292,6,188
33,33,2036,CONS,170,0.0267,5,165
33,33,2036,FOOD,208,0.0177,4,204
33,33,2036,GVED,275,0.0437,12,263
33,33,2036,HLTH,53,0.0327,2,51
33,33,2036,MANU,55,0.0292,2,53
33,33,2036,MING,38,0.0027,0,38
33,33,2036,OFFI,108,0.0901,10,98
33,33,2036,OTHR,766,0.0736,56,710
33,33,2036,RETL,223,0.0306,7,216
33,33,2036,WSLE,174,0.0292,5,169
33,33,2037,AGRI,194,0.0295,6,188
33,33,2037,CONS,170,0.027,5,165
33,33,2037,FOOD,209,0.0179,4,205
33,33,2037,GVED,276,0.0441,12,264
33,33,2037,HLTH,53,0.033,2,51
33,33,2037,MANU,55,0.0295,2,53
33,33,2037,MING,38,0.0028,0,38
33,33,2037,OFFI,107,0.0909,10,97
33,33,2037,OTHR,774,0.0743,58,716
33,33,2037,RETL,223,0.0309,7,216
33,33,2037,WSLE,173,0.0296,5,168
33,33,2038,AGRI,193,0.0297,6,187
33,33,2038,CONS,170,0.0272,5,165
33,33,2038,FOOD,208,0.018,4,204
33,33,2038,GVED,278,0.0444,12,266
33,33,2038,HLTH,53,0.0332,2,51
33,33,2038,MANU,56,0.0297,2,54
33,33,2038,MING,38,0.0028,0,38
33,33,2038,OFFI,109,0.0915,10,99
33,33,2038,OTHR,782,0.0749,59,723
33,33,2038,RETL,225,0.0311,7,218
33,33,2038,WSLE,171,0.0298,5,166
33,33,2039,AGRI,192,0.0299,6,186
33,33,2039,CONS,171,0.0274,5,166
33,33,2039,FOOD,209,0.0181,4,205
33,33,2039,GVED,280,0.0448,13,267
33,33,2039,HLTH,53,0.0335,2,51
33,33,2039,MANU,56,0.0299,2,54
33,33,2039,MING,38,0.0028,0,38
33,33,2039,OFFI,110,0.0922,10,100
33,33,2039,OTHR,792,0.0755,60,732
33,33,2039,RETL,226,0.0313,7,219
33,33,2039,WSLE,169,0.03,5,164
33,33,2040,AGRI,192,0.0302,6,186
33,33,2040,CONS,171,0.0276,5,166
33,33,2040,FOOD,210,0.0183,4,206
33,33,2040,GVED,282,0.0452,13,269
33,33,2040,HLTH,55,0.0337,2,53
33,33,2040,MANU,57,0.0302,2,55
33,33,2040,MING,38,0.0028,0,38
33,33,2040,OFFI,110,0.093,10,100
33,33,2040,OTHR,803,0.0761,61,742
33,33,2040,RETL,228,0.0316,7,221
33,33,2040,WSLE,168,0.0303,5,163
33,33,2041,AGRI,192,0.0304,6,186
33,33,2041,CONS,171,0.0278,5,166
33,33,2041,FOOD,211,0.0184,4,207
33,33,2041,GVED,286,0.0456,13,273
33,33,2041,HLTH,55,0.034,2,53
33,33,2041,MANU,58,0.0304,2,56
33,33,2041,MING,38,0.0029,0,38
33,33,2041,OFFI,111,0.0938,10,101
33,33,2041,OTHR,810,0.0768,62,748
33,33,2041,RETL,230,0.0319,7,223
33,33,2041,WSLE,167,0.0306,5,162
33,33,2042,AGRI,192,0.0307,6,186
33,33,2042,CONS,171,0.0281,5,166
33,33,2042,FOOD,212,0.0186,4,208
33,33,2042,GVED,288,0.046,13,275
33,33,2042,HLTH,55,0.0343,2,53
33,33,2042,MANU,58,0.0306,2,56
33,33,2042,MING,39,0.0029,0,39
33,33,2042,OFFI,113,0.0945,11,102
33,33,2042,OTHR,819,0.0774,63,756
33,33,2042,RETL,231,0.0321,7,224
33,33,2042,WSLE,166,0.0308,5,161
33,33,2043,AGRI,190,0.0309,6,184
33,33,2043,CONS,170,0.0283,5,165
33,33,2043,FOOD,213,0.0187,4,209
33,33,2043,GVED,290,0.0464,13,277
33,33,2043,HLTH,54,0.0346,2,52
33,33,2043,MANU,59,0.0309,2,57
33,33,2043,MING,39,0.0029,0,39
33,33,2043,OFFI,113,0.0953,11,102
33,33,2043,OTHR,827,0.078,65,762
33,33,2043,RETL,232,0.0324,8,224
33,33,2043,WSLE,165,0.0311,5,160
33,33,2044,AGRI,190,0.0312,6,184
33,33,2044,CONS,170,0.0285,5,165
33,33,2044,FOOD,213,0.0189,4,209
33,33,2044,GVED,293,0.0467,14,279
33,33,2044,HLTH,54,0.0348,2,52
33,33,2044,MANU,59,0.0311,2,57
33,33,2044,MING,38,0.0029,0,38
33,33,2044,OFFI,113,0.0961,11,102
33,33,2044,OTHR,835,0.0787,66,769
33,33,2044,RETL,234,0.0326,8,226
33,33,2044,WSLE,164,0.0314,5,159
33,33,2045,AGRI,190,0.0314,6,184
33,33,2045,CONS,171,0.0287,5,166
33,33,2045,FOOD,214,0.019,4,210
33,33,2045,GVED,294,0.0471,14,280
33,33,2045,HLTH,54,0.0351,2,52
33,33,2045,MANU,60,0.0314,2,58
33,33,2045,MING,38,0.0029,0,38
33,33,2045,OFFI,115,0.0968,11,104
33,33,2045,OTHR,842,0.0793,67,775
33,33,2045,RETL,236,0.0329,8,228
33,33,2045,WSLE,163,0.0317,5,158
33,33,2046,AGRI,189,0.0316,6,183
33,33,2046,CONS,173,0.029,5,168
33,33,2046,FOOD,213,0.0192,4,209
33,33,2046,GVED,296,0.0475,14,282
33,33,2046,HLTH,55,0.0354,2,53
33,33,2046,MANU,60,0.0316,2,58
33,33,2046,MING,38,0.003,0,38
33,33,2046,OFFI,116,0.0975,11,105
33,33,2046,OTHR,850,0.08,68,782
33,33,2046,RETL,238,0.0331,8,230
33,33,2046,WSLE,163,0.032,5,158
33,33,2047,AGRI,189,0.0319,6,183
33,33,2047,CONS,176,0.0292,5,171
33,33,2047,FOOD,214,0.0194,4,210
33,33,2047,GVED,298,0.0479,14,284
33,33,2047,HLTH,55,0.0357,2,53
33,33,2047,MANU,61,0.0319,2,59
33,33,2047,MING,39,0.003,0,39
33,33,2047,OFFI,118,0.0984,12,106
33,33,2047,OTHR,856,0.0807,69,787
33,33,2047,RETL,240,0.0334,8,232
33,33,2047,WSLE,161,0.0323,5,156
33,33,2048,AGRI,189,0.0322,6,183
33,33,2048,CONS,179,0.0295,5,174
33,33,2048,FOOD,215,0.0195,4,211
33,33,2048,GVED,301,0.0483,15,286
33,33,2048,HLTH,55,0.036,2,53
33,33,2048,MANU,61,0.0322,2,59
33,33,2048,MING,39,0.003,0,39
33,33,2048,OFFI,119,0.0993,12,107
33,33,2048,OTHR,861,0.0814,70,791
33,33,2048,RETL,241,0.0337,8,233
33,33,2048,WSLE,161,0.0326,5,156
33,33,2049,AGRI,188,0.0325,6,182
33,33,2049,CONS,183,0.0297,5,178
33,33,2049,FOOD,216,0.0197,4,212
33,33,2049,GVED,303,0.0487,15,288
33,33,2049,HLTH,55,0.0363,2,53
33,33,2049,MANU,62,0.0324,2,60
33,33,2049,MING,40,0.003,0,40
33,33,2049,OFFI,122,0.1001,12,110
33,33,2049,OTHR,869,0.0821,71,798
33,33,2049,RETL,242,0.034,8,234
33,33,2049,WSLE,160,0.0328,5,155
33,33,2050,AGRI,187,0.0328,6,181
33,33,2050,CONS,188,0.03,6,182
33,33,2050,FOOD,216,0.0199,4,212
33,33,2050,GVED,304,0.0493,15,289
33,33,2050,HLTH,55,0.0367,2,53
33,33,2050,MANU,63,0.0328,2,61
33,33,2050,MING,41,0.0031,0,41
33,33,2050,OFFI,122,0.101,12,110
33,33,2050,OTHR,873,0.0829,72,801
33,33,2050,RETL,244,0.0343,8,236
33,33,2050,WSLE,160,0.0332,5,155
33,33,2051,AGRI,187,0.0331,6,181
33,33,2051,CONS,193,0.0303,6,187
33,33,2051,FOOD,217,0.02,4,213
33,33,2051,GVED,305,0.0497,15,290
33,33,2051,HLTH,55,0.037,2,53
33,33,2051,MANU,62,0.0331,2,60
33,33,2051,MING,41,0.0031,0,41
33,33,2051,OFFI,123,0.1019,13,110
33,33,2051,OTHR,877,0.0836,73,804
33,33,2051,RETL,247,0.0346,9,238
33,33,2051,WSLE,159,0.0335,5,154
33,33,2052,AGRI,186,0.0334,6,180
33,33,2052,CONS,197,0.0305,6,191
33,33,2052,FOOD,218,0.0202,4,214
33,33,2052,GVED,308,0.0502,15,293
33,33,2052,HLTH,55,0.0373,2,53
33,33,2052,MANU,63,0.0333,2,61
33,33,2052,MING,42,0.0031,0,42
33,33,2052,OFFI,124,0.1028,13,111
33,33,2052,OTHR,883,0.0844,75,808
33,33,2052,RETL,249,0.0349,9,240
33,33,2052,WSLE,158,0.0338,5,153
33,33,2053,AGRI,186,0.0337,6,180
33,33,2053,CONS,203,0.0308,6,197
33,33,2053,FOOD,217,0.0204,4,213
33,33,2053,GVED,309,0.0506,16,293
33,33,2053,HLTH,55,0.0376,2,53
33,33,2053,MANU,63,0.0336,2,61
33,33,2053,MING,43,0.0032,0,43
33,33,2053,OFFI,125,0.1037,13,112
33,33,2053,OTHR,889,0.0851,76,813
33,33,2053,RETL,250,0.0353,9,241
33,33,2053,WSLE,157,0.0341,5,152
33,33,2054,AGRI,186,0.034,6,180
33,33,2054,CONS,207,0.0311,6,201
33,33,2054,FOOD,217,0.0206,4,213
33,33,2054,GVED,311,0.0511,16,295
33,33,2054,HLTH,55,0.038,2,53
33,33,2054,MANU,64,0.0339,2,62
33,33,2054,MING,43,0.0032,0,43
33,33,2054,OFFI,125,0.1047,13,112
33,33,2054,OTHR,894,0.0859,77,817
33,33,2054,RETL,252,0.0356,9,243
33,33,2054,WSLE,156,0.0344,5,151
33,33,2055,AGRI,185,0.0343,6,179
33,33,2055,CONS,212,0.0314,7,205
33,33,2055,FOOD,218,0.0208,5,213
33,33,2055,GVED,312,0.0515,16,296
33,33,2055,HLTH,55,0.0383,2,53
33,33,2055,MANU,64,0.0343,2,62
33,33,2055,MING,44,0.0032,0,44
33,33,2055,OFFI,126,0.1056,13,113
33,33,2055,OTHR,898,0.0867,78,820
33,33,2055,RETL,253,0.0359,9,244
33,33,2055,WSLE,156,0.0347,5,151
33,33,2056,AGRI,183,0.0346,6,177
33,33,2056,CONS,216,0.0316,7,209
33,33,2056,FOOD,218,0.0209,5,213
33,33,2056,GVED,314,0.0519,16,298
33,33,2056,HLTH,55,0.0386,2,53
33,33,2056,MANU,64,0.0345,2,62
33,33,2056,MING,44,0.0032,0,44
33,33,2056,OFFI,127,0.1065,14,113
33,33,2056,OTHR,904,0.0874,79,825
33,33,2056,RETL,253,0.0362,9,244
33,33,2056,WSLE,158,0.0351,6,152
33,33,2057,AGRI,183,0.0348,6,177
33,33,2057,CONS,219,0.0319,7,212
33,33,2057,FOOD,217,0.0211,5,212
33,33,2057,GVED,316,0.0523,17,299
33,33,2057,HLTH,54,0.0389,2,52
33,33,2057,MANU,65,0.0348,2,63
33,33,2057,MING,43,0.0033,0,43
33,33,2057,OFFI,127,0.1073,14,113
33,33,2057,OTHR,908,0.088,80,828
33,33,2057,RETL,254,0.0365,9,245
33,33,2057,WSLE,158,0.0354,6,152
33,33,2058,AGRI,182,0.0351,6,176
33,33,2058,CONS,220,0.0321,7,213
33,33,2058,FOOD,216,0.0213,5,211
33,33,2058,GVED,318,0.0527,17,301
33,33,2058,HLTH,54,0.0392,2,52
33,33,2058,MANU,65,0.0351,2,63
33,33,2058,MING,43,0.0033,0,43
33,33,2058,OFFI,127,0.1081,14,113
33,33,2058,OTHR,913,0.0887,81,832
33,33,2058,RETL,255,0.0367,9,246
33,33,2058,WSLE,157,0.0357,6,151
33,33,2059,AGRI,182,0.0353,6,176
33,33,2059,CONS,222,0.0323,7,215
33,33,2059,FOOD,215,0.0214,5,210
33,33,2059,GVED,318,0.0532,17,301
33,33,2059,HLTH,55,0.0395,2,53
33,33,2059,MANU,66,0.0353,2,64
33,33,2059,MING,42,0.0033,0,42
33,33,2059,OFFI,127,0.109,14,113
33,33,2059,OTHR,917,0.0894,82,835
33,33,2059,RETL,256,0.037,9,247
33,33,2059,WSLE,158,0.0359,6,152
33,33,2060,AGRI,181,0.0356,6,175
33,33,2060,CONS,222,0.0326,7,215
33,33,2060,FOOD,215,0.0216,5,210
33,33,2060,GVED,320,0.0535,17,303
33,33,2060,HLTH,55,0.0398,2,53
33,33,2060,MANU,66,0.0356,2,64
33,33,2060,MING,42,0.0033,0,42
33,33,2060,OFFI,129,0.1097,14,115
33,33,2060,OTHR,921,0.09,83,838
33,33,2060,RETL,256,0.0373,10,246
33,33,2060,WSLE,158,0.0362,6,152
33,33,2061,AGRI,181,0.0359,6,175
33,33,2061,CONS,224,0.0328,7,217
33,33,2061,FOOD,215,0.0217,5,210
33,33,2061,GVED,321,0.0539,17,304
33,33,2061,HLTH,54,0.0401,2,52
33,33,2061,MANU,67,0.0358,2,65
33,33,2061,MING,42,0.0034,0,42
33,33,2061,OFFI,130,0.1105,14,116
33,33,2061,OTHR,926,0.0906,84,842
33,33,2061,RETL,257,0.0376,10,247
33,33,2061,WSLE,157,0.0364,6,151
33,33,2062,AGRI,180,0.0361,6,174
33,33,2062,CONS,224,0.0331,7,217
33,33,2062,FOOD,216,0.0219,5,211
33,33,2062,GVED,324,0.0543,18,306
33,33,2062,HLTH,54,0.0404,2,52
33,33,2062,MANU,67,0.0361,2,65
33,33,2062,MING,42,0.0034,0,42
33,33,2062,OFFI,131,0.1113,15,116
33,33,2062,OTHR,932,0.0913,85,847
33,33,2062,RETL,258,0.0378,10,248
33,33,2062,WSLE,156,0.0367,6,150
33,33,2063,AGRI,180,0.0364,7,173
33,33,2063,CONS,224,0.0333,7,217
33,33,2063,FOOD,216,0.022,5,211
33,33,2063,GVED,325,0.0547,18,307
33,33,2063,HLTH,54,0.0407,2,52
33,33,2063,MANU,68,0.0364,2,66
33,33,2063,MING,43,0.0034,0,43
33,33,2063,OFFI,133,0.1121,15,118
33,33,2063,OTHR,936,0.0919,86,850
33,33,2063,RETL,260,0.0381,10,250
33,33,2063,WSLE,155,0.037,6,149
33,33,2064,AGRI,179,0.0366,7,172
33,33,2064,CONS,225,0.0335,8,217
33,33,2064,FOOD,216,0.0222,5,211
33,33,2064,GVED,326,0.0551,18,308
33,33,2064,HLTH,54,0.041,2,52
33,33,2064,MANU,68,0.0366,2,66
33,33,2064,MING,43,0.0034,0,43
33,33,2064,OFFI,132,0.1129,15,117
33,33,2064,OTHR,941,0.0926,87,854
33,33,2064,RETL,260,0.0384,10,250
33,33,2064,WSLE,155,0.0373,6,149
33,33,2065,AGRI,178,0.0369,7,171
33,33,2065,CONS,226,0.0338,8,218
33,33,2065,FOOD,216,0.0224,5,211
33,33,2065,GVED,329,0.0555,18,311
33,33,2065,HLTH,54,0.0413,2,52
33,33,2065,MANU,68,0.0369,3,65
33,33,2065,MING,43,0.0035,0,43
33,33,2065,OFFI,133,0.1138,15,118
33,33,2065,OTHR,946,0.0933,88,858
33,33,2065,RETL,262,0.0387,10,252
33,33,2065,WSLE,155,0.0375,6,149
35,35,2023,AGRI,1269,0.0097,12,1257
35,35,2023,CONS,66705,0.0136,907,65798
35,35,2023,FOOD,60895,0.009,548,60347
35,35,2023,GVED,151597,0.0214,3244,148353
35,35,2023,HLTH,83975,0.0167,1402,82573
35,35,2023,MANU,64169,0.0149,956,63213
35,35,2023,MING,4558,0.0014,6,4552
35,35,2023,OFFI,148308,0.046,6822,141486
35,35,2023,OTHR,281867,0.0386,10880,270987
35,35,2023,RETL,89596,0.0156,1398,88198
35,35,2023,WSLE,103789,0.0177,1837,101952
35,35,2024,AGRI,1268,0.0096,12,1256
35,35,2024,CONS,67905,0.0135,917,66988
35,35,2024,FOOD,61400,0.0089,546,60854
35,35,2024,GVED,156843,0.0212,3325,153518
35,35,2024,HLTH,86094,0.0165,1421,84673
35,35,2024,MANU,63078,0.0147,927,62151
35,35,2024,MING,4668,0.0014,7,4661
35,35,2024,OFFI,147362,0.0454,6690,140672
35,35,2024,OTHR,284026,0.038,10793,273233
35,35,2024,RETL,88609,0.0154,1365,87244
35,35,2024,WSLE,105310,0.0176,1853,103457
35,35,2025,AGRI,1263,0.0104,13,1250
35,35,2025,CONS,69458,0.0147,1021,68437
35,35,2025,FOOD,61148,0.0097,593,60555
35,35,2025,GVED,159542,0.0232,3701,155841
35,35,2025,HLTH,89580,0.018,1612,87968
35,35,2025,MANU,63907,0.0161,1029,62878
35,35,2025,MING,4612,0.0015,7,4605
35,35,2025,OFFI,149299,0.0495,7390,141909
35,35,2025,OTHR,288170,0.0414,11930,276240
35,35,2025,RETL,89385,0.0168,1502,87883
35,35,2025,WSLE,107333,0.0191,2050,105283
35,35,2026,AGRI,1259,0.0106,13,1246
35,35,2026,CONS,69946,0.0149,1042,68904
35,35,2026,FOOD,61066,0.0099,605,60461
35,35,2026,GVED,159607,0.0235,3751,155856
35,35,2026,HLTH,91933,0.0182,1673,90260
35,35,2026,MANU,63919,0.0163,1042,62877
35,35,2026,MING,4710,0.0015,7,4703
35,35,2026,OFFI,148128,0.0503,7451,140677
35,35,2026,OTHR,290639,0.0421,12236,278403
35,35,2026,RETL,88788,0.0171,1518,87270
35,35,2026,WSLE,107944,0.0194,2094,105850
35,35,2027,AGRI,1252,0.0108,14,1238
35,35,2027,CONS,73373,0.0152,1115,72258
35,35,2027,FOOD,60876,0.01,609,60267
35,35,2027,GVED,161205,0.0239,3853,157352
35,35,2027,HLTH,94241,0.0185,1743,92498
35,35,2027,MANU,64112,0.0166,1064,63048
35,35,2027,MING,4775,0.0016,8,4767
35,35,2027,OFFI,148154,0.0511,7571,140583
35,35,2027,OTHR,293897,0.0426,12520,281377
35,35,2027,RETL,89643,0.0174,1560,88083
35,35,2027,WSLE,109084,0.0197,2149,106935
35,35,2028,AGRI,1241,0.011,14,1227
35,35,2028,CONS,74186,0.0154,1142,73044
35,35,2028,FOOD,60435,0.0102,616,59819
35,35,2028,GVED,162285,0.0242,3927,158358
35,35,2028,HLTH,95528,0.0188,1796,93732
35,35,2028,MANU,64183,0.0168,1078,63105
35,35,2028,MING,4545,0.0016,7,4538
35,35,2028,OFFI,148849,0.0518,7710,141139
35,35,2028,OTHR,296515,0.0431,12780,283735
35,35,2028,RETL,89762,0.0176,1580,88182
35,35,2028,WSLE,109111,0.0199,2171,106940
35,35,2029,AGRI,1233,0.0111,14,1219
35,35,2029,CONS,76107,0.0156,1187,74920
35,35,2029,FOOD,59829,0.0103,616,59213
35,35,2029,GVED,163439,0.0245,4004,159435
35,35,2029,HLTH,96849,0.019,1840,95009
35,35,2029,MANU,64749,0.017,1101,63648
35,35,2029,MING,4262,0.0016,7,4255
35,35,2029,OFFI,150676,0.0524,7895,142781
35,35,2029,OTHR,300410,0.0436,13098,287312
35,35,2029,RETL,90106,0.0178,1604,88502
35,35,2029,WSLE,109341,0.0202,2209,107132
35,35,2030,AGRI,1224,0.0112,14,1210
35,35,2030,CONS,76633,0.0157,1203,75430
35,35,2030,FOOD,59278,0.0104,616,58662
35,35,2030,GVED,164354,0.0248,4076,160278
35,35,2030,HLTH,98445,0.0192,1890,96555
35,35,2030,MANU,65630,0.0172,1129,64501
35,35,2030,MING,4172,0.0016,7,4165
35,35,2030,OFFI,153366,0.053,8128,145238
35,35,2030,OTHR,304380,0.0441,13423,290957
35,35,2030,RETL,91478,0.018,1647,89831
35,35,2030,WSLE,109394,0.0204,2232,107162
35,35,2031,AGRI,1217,0.0114,14,1203
35,35,2031,CONS,76069,0.0159,1209,74860
35,35,2031,FOOD,58388,0.0105,613,57775
35,35,2031,GVED,164432,0.0251,4127,160305
35,35,2031,HLTH,99904,0.0194,1938,97966
35,35,2031,MANU,66453,0.0174,1156,65297
35,35,2031,MING,4181,0.0016,7,4174
35,35,2031,OFFI,155187,0.0536,8318,146869
35,35,2031,OTHR,307405,0.0446,13710,293695
35,35,2031,RETL,92945,0.0182,1692,91253
35,35,2031,WSLE,109464,0.0206,2255,107209
35,35,2032,AGRI,1211,0.0115,14,1197
35,35,2032,CONS,76769,0.0161,1236,75533
35,35,2032,FOOD,57689,0.0106,612,57077
35,35,2032,GVED,164763,0.0254,4185,160578
35,35,2032,HLTH,101734,0.0196,1994,99740
35,35,2032,MANU,67282,0.0175,1177,66105
35,35,2032,MING,4371,0.0016,7,4364
35,35,2032,OFFI,157367,0.0541,8514,148853
35,35,2032,OTHR,312080,0.0451,14075,298005
35,35,2032,RETL,94177,0.0184,1733,92444
35,35,2032,WSLE,109527,0.0208,2278,107249
35,35,2033,AGRI,1215,0.0115,14,1201
35,35,2033,CONS,76638,0.0162,1242,75396
35,35,2033,FOOD,57467,0.0107,615,56852
35,35,2033,GVED,165215,0.0257,4246,160969
35,35,2033,HLTH,103157,0.0198,2043,101114
35,35,2033,MANU,67982,0.0177,1203,66779
35,35,2033,MING,4576,0.0017,8,4568
35,35,2033,OFFI,160781,0.0546,8779,152002
35,35,2033,OTHR,317874,0.0455,14463,303411
35,35,2033,RETL,95439,0.0185,1766,93673
35,35,2033,WSLE,109417,0.021,2298,107119
35,35,2034,AGRI,1218,0.0116,14,1204
35,35,2034,CONS,78407,0.0164,1286,77121
35,35,2034,FOOD,59283,0.0109,646,58637
35,35,2034,GVED,166108,0.0261,4335,161773
35,35,2034,HLTH,105112,0.02,2102,103010
35,35,2034,MANU,68797,0.0179,1231,67566
35,35,2034,MING,4756,0.0017,8,4748
35,35,2034,OFFI,164062,0.0552,9056,155006
35,35,2034,OTHR,325131,0.0459,14924,310207
35,35,2034,RETL,96301,0.0188,1810,94491
35,35,2034,WSLE,109493,0.0213,2332,107161
35,35,2035,AGRI,1216,0.0117,14,1202
35,35,2035,CONS,80111,0.0165,1322,78789
35,35,2035,FOOD,57026,0.0109,622,56404
35,35,2035,GVED,166263,0.0263,4373,161890
35,35,2035,HLTH,105670,0.0202,2135,103535
35,35,2035,MANU,69348,0.018,1248,68100
35,35,2035,MING,4812,0.0017,8,4804
35,35,2035,OFFI,167245,0.0556,9299,157946
35,35,2035,OTHR,323300,0.0466,15066,308234
35,35,2035,RETL,96343,0.0189,1821,94522
35,35,2035,WSLE,108065,0.0215,2323,105742
35,35,2036,AGRI,1218,0.0118,14,1204
35,35,2036,CONS,79521,0.0166,1320,78201
35,35,2036,FOOD,57288,0.011,630,56658
35,35,2036,GVED,167027,0.0265,4426,162601
35,35,2036,HLTH,106736,0.0203,2167,104569
35,35,2036,MANU,70385,0.0182,1281,69104
35,35,2036,MING,4774,0.0017,8,4766
35,35,2036,OFFI,171369,0.056,9597,161772
35,35,2036,OTHR,327511,0.0471,15426,312085
35,35,2036,RETL,96864,0.019,1840,95024
35,35,2036,WSLE,107330,0.0217,2329,105001
35,35,2037,AGRI,1220,0.0119,15,1205
35,35,2037,CONS,81137,0.0168,1363,79774
35,35,2037,FOOD,57726,0.0111,641,57085
35,35,2037,GVED,168218,0.0268,4508,163710
35,35,2037,HLTH,108071,0.0205,2215,105856
35,35,2037,MANU,71477,0.0183,1308,70169
35,35,2037,MING,4728,0.0017,8,4720
35,35,2037,OFFI,174527,0.0566,9878,164649
35,35,2037,OTHR,332504,0.0476,15827,316677
35,35,2037,RETL,97957,0.0192,1881,96076
35,35,2037,WSLE,106991,0.022,2354,104637
35,35,2038,AGRI,1221,0.0119,15,1206
35,35,2038,CONS,80943,0.0169,1368,79575
35,35,2038,FOOD,57976,0.0112,649,57327
35,35,2038,GVED,169752,0.0271,4600,165152
35,35,2038,HLTH,109621,0.0207,2269,107352
35,35,2038,MANU,72468,0.0185,1341,71127
35,35,2038,MING,4713,0.0017,8,4705
35,35,2038,OFFI,178427,0.057,10170,168257
35,35,2038,OTHR,339512,0.048,16297,323215
35,35,2038,RETL,98828,0.0194,1917,96911
35,35,2038,WSLE,107146,0.0222,2379,104767
35,35,2039,AGRI,1223,0.012,15,1208
35,35,2039,CONS,81095,0.0171,1387,79708
35,35,2039,FOOD,58306,0.0113,659,57647
35,35,2039,GVED,171601,0.0274,4702,166899
35,35,2039,HLTH,111097,0.0209,2322,108775
35,35,2039,MANU,73402,0.0186,1365,72037
35,35,2039,MING,4705,0.0018,8,4697
35,35,2039,OFFI,181810,0.0575,10454,171356
35,35,2039,OTHR,345803,0.0485,16771,329032
35,35,2039,RETL,99836,0.0195,1947,97889
35,35,2039,WSLE,107316,0.0224,2404,104912
35,35,2040,AGRI,1224,0.0121,15,1209
35,35,2040,CONS,81121,0.0172,1395,79726
35,35,2040,FOOD,58681,0.0114,669,58012
35,35,2040,GVED,173697,0.0276,4794,168903
35,35,2040,HLTH,112840,0.021,2370,110470
35,35,2040,MANU,74337,0.0188,1398,72939
35,35,2040,MING,4704,0.0018,8,4696
35,35,2040,OFFI,185703,0.058,10771,174932
35,35,2040,OTHR,352025,0.0489,17214,334811
35,35,2040,RETL,100874,0.0197,1987,98887
35,35,2040,WSLE,107558,0.0226,2431,105127
35,35,2041,AGRI,1226,0.0121,15,1211
35,35,2041,CONS,81158,0.0174,1412,79746
35,35,2041,FOOD,59148,0.0115,680,58468
35,35,2041,GVED,175565,0.0279,4898,170667
35,35,2041,HLTH,114409,0.0212,2425,111984
35,35,2041,MANU,75207,0.019,1429,73778
35,35,2041,MING,4724,0.0018,9,4715
35,35,2041,OFFI,189106,0.0585,11063,178043
35,35,2041,OTHR,357789,0.0494,17675,340114
35,35,2041,RETL,102029,0.0199,2030,99999
35,35,2041,WSLE,107894,0.0229,2471,105423
35,35,2042,AGRI,1228,0.0122,15,1213
35,35,2042,CONS,80831,0.0175,1415,79416
35,35,2042,FOOD,59488,0.0116,690,58798
35,35,2042,GVED,177562,0.0281,4989,172573
35,35,2042,HLTH,115860,0.0214,2479,113381
35,35,2042,MANU,76016,0.0191,1452,74564
35,35,2042,MING,4769,0.0018,9,4760
35,35,2042,OFFI,192825,0.059,11377,181448
35,35,2042,OTHR,363361,0.0499,18132,345229
35,35,2042,RETL,102920,0.0201,2069,100851
35,35,2042,WSLE,108320,0.0231,2502,105818
35,35,2043,AGRI,1229,0.0123,15,1214
35,35,2043,CONS,80736,0.0177,1429,79307
35,35,2043,FOOD,59964,0.0117,702,59262
35,35,2043,GVED,179798,0.0284,5106,174692
35,35,2043,HLTH,117315,0.0216,2534,114781
35,35,2043,MANU,76708,0.0193,1480,75228
35,35,2043,MING,4807,0.0018,9,4798
35,35,2043,OFFI,196585,0.0596,11716,184869
35,35,2043,OTHR,369330,0.0503,18577,350753
35,35,2043,RETL,104015,0.0202,2101,101914
35,35,2043,WSLE,108785,0.0233,2535,106250
35,35,2044,AGRI,1231,0.0123,15,1216
35,35,2044,CONS,80910,0.0178,1440,79470
35,35,2044,FOOD,60409,0.0118,713,59696
35,35,2044,GVED,182199,0.0287,5229,176970
35,35,2044,HLTH,118903,0.0218,2592,116311
35,35,2044,MANU,77431,0.0195,1510,75921
35,35,2044,MING,4802,0.0018,9,4793
35,35,2044,OFFI,200403,0.0601,12044,188359
35,35,2044,OTHR,375337,0.0508,19067,356270
35,35,2044,RETL,105087,0.0204,2144,102943
35,35,2044,WSLE,109308,0.0236,2580,106728
35,35,2045,AGRI,1232,0.0124,15,1217
35,35,2045,CONS,81555,0.018,1468,80087
35,35,2045,FOOD,60927,0.0119,725,60202
35,35,2045,GVED,184821,0.0289,5341,179480
35,35,2045,HLTH,120646,0.022,2654,117992
35,35,2045,MANU,78316,0.0197,1543,76773
35,35,2045,MING,4792,0.0018,9,4783
35,35,2045,OFFI,204375,0.0606,12385,191990
35,35,2045,OTHR,381124,0.0513,19552,361572
35,35,2045,RETL,106338,0.0206,2191,104147
35,35,2045,WSLE,109840,0.0238,2614,107226
35,35,2046,AGRI,1234,0.0125,15,1219
35,35,2046,CONS,82736,0.0182,1506,81230
35,35,2046,FOOD,61380,0.012,737,60643
35,35,2046,GVED,187557,0.0292,5477,182080
35,35,2046,HLTH,122403,0.0222,2717,119686
35,35,2046,MANU,79210,0.0198,1568,77642
35,35,2046,MING,4795,0.0019,9,4786
35,35,2046,OFFI,208541,0.0612,12763,195778
35,35,2046,OTHR,386456,0.0518,20018,366438
35,35,2046,RETL,107547,0.0208,2237,105310
35,35,2046,WSLE,110364,0.024,2649,107715
35,35,2047,AGRI,1235,0.0126,16,1219
35,35,2047,CONS,84331,0.0183,1543,82788
35,35,2047,FOOD,61861,0.0121,749,61112
35,35,2047,GVED,190351,0.0295,5615,184736
35,35,2047,HLTH,124166,0.0224,2781,121385
35,35,2047,MANU,80098,0.02,1602,78496
35,35,2047,MING,4829,0.0019,9,4820
35,35,2047,OFFI,213240,0.0617,13157,200083
35,35,2047,OTHR,391521,0.0523,20477,371044
35,35,2047,RETL,108878,0.021,2286,106592
35,35,2047,WSLE,110865,0.0243,2694,108171
35,35,2048,AGRI,1236,0.0127,16,1220
35,35,2048,CONS,86295,0.0185,1596,84699
35,35,2048,FOOD,62422,0.0123,768,61654
35,35,2048,GVED,193277,0.0298,5760,187517
35,35,2048,HLTH,125887,0.0226,2845,123042
35,35,2048,MANU,81011,0.0202,1636,79375
35,35,2048,MING,4883,0.0019,9,4874
35,35,2048,OFFI,218101,0.0623,13588,204513
35,35,2048,OTHR,396239,0.0528,20921,375318
35,35,2048,RETL,110211,0.0212,2336,107875
35,35,2048,WSLE,111348,0.0246,2739,108609
35,35,2049,AGRI,1237,0.0127,16,1221
35,35,2049,CONS,88592,0.0187,1657,86935
35,35,2049,FOOD,63014,0.0124,781,62233
35,35,2049,GVED,196235,0.0301,5907,190328
35,35,2049,HLTH,127642,0.0228,2910,124732
35,35,2049,MANU,81968,0.0204,1672,80296
35,35,2049,MING,4938,0.0019,9,4929
35,35,2049,OFFI,222915,0.0629,14021,208894
35,35,2049,OTHR,400917,0.0533,21369,379548
35,35,2049,RETL,111576,0.0214,2388,109188
35,35,2049,WSLE,111812,0.0248,2773,109039
35,35,2050,AGRI,1238,0.0128,16,1222
35,35,2050,CONS,91109,0.0189,1722,89387
35,35,2050,FOOD,63695,0.0125,796,62899
35,35,2050,GVED,199523,0.0304,6065,193458
35,35,2050,HLTH,129524,0.023,2979,126545
35,35,2050,MANU,82959,0.0206,1709,81250
35,35,2050,MING,4992,0.0019,9,4983
35,35,2050,OFFI,227931,0.0635,14474,213457
35,35,2050,OTHR,406043,0.0538,21845,384198
35,35,2050,RETL,113095,0.0216,2443,110652
35,35,2050,WSLE,112350,0.0251,2820,109530
35,35,2051,AGRI,1239,0.0129,16,1223
35,35,2051,CONS,93628,0.0191,1788,91840
35,35,2051,FOOD,64245,0.0126,809,63436
35,35,2051,GVED,202341,0.0307,6212,196129
35,35,2051,HLTH,131195,0.0233,3057,128138
35,35,2051,MANU,83961,0.0208,1746,82215
35,35,2051,MING,5038,0.002,10,5028
35,35,2051,OFFI,231283,0.0642,14848,216435
35,35,2051,OTHR,410222,0.0544,22316,387906
35,35,2051,RETL,114430,0.0218,2495,111935
35,35,2051,WSLE,112714,0.0254,2863,109851
35,35,2052,AGRI,1240,0.013,16,1224
35,35,2052,CONS,96208,0.0193,1857,94351
35,35,2052,FOOD,64844,0.0128,830,64014
35,35,2052,GVED,205410,0.031,6368,199042
35,35,2052,HLTH,132867,0.0235,3122,129745
35,35,2052,MANU,84915,0.021,1783,83132
35,35,2052,MING,5090,0.002,10,5080
35,35,2052,OFFI,234300,0.0649,15206,219094
35,35,2052,OTHR,414579,0.055,22802,391777
35,35,2052,RETL,115831,0.022,2548,113283
35,35,2052,WSLE,113156,0.0257,2908,110248
35,35,2053,AGRI,1239,0.0131,16,1223
35,35,2053,CONS,98857,0.0195,1928,96929
35,35,2053,FOOD,65468,0.0129,845,64623
35,35,2053,GVED,208535,0.0313,6527,202008
35,35,2053,HLTH,134512,0.0238,3201,131311
35,35,2053,MANU,85763,0.0212,1818,83945
35,35,2053,MING,5148,0.002,10,5138
35,35,2053,OFFI,236890,0.0655,15516,221374
35,35,2053,OTHR,419242,0.0556,23310,395932
35,35,2053,RETL,117227,0.0223,2614,114613
35,35,2053,WSLE,113693,0.026,2956,110737
35,35,2054,AGRI,1240,0.0132,16,1224
35,35,2054,CONS,101648,0.0197,2002,99646
35,35,2054,FOOD,66084,0.013,859,65225
35,35,2054,GVED,211707,0.0317,6711,204996
35,35,2054,HLTH,136134,0.024,3267,132867
35,35,2054,MANU,86580,0.0215,1861,84719
35,35,2054,MING,5189,0.002,10,5179
35,35,2054,OFFI,239507,0.0662,15855,223652
35,35,2054,OTHR,423873,0.0561,23779,400094
35,35,2054,RETL,118668,0.0225,2670,115998
35,35,2054,WSLE,114220,0.0263,3004,111216
35,35,2055,AGRI,1240,0.0133,16,1224
35,35,2055,CONS,104591,0.0199,2081,102510
35,35,2055,FOOD,66731,0.0132,881,65850
35,35,2055,GVED,214960,0.032,6879,208081
35,35,2055,HLTH,137755,0.0243,3347,134408
35,35,2055,MANU,87346,0.0217,1895,85451
35,35,2055,MING,5214,0.002,10,5204
35,35,2055,OFFI,242009,0.0669,16190,225819
35,35,2055,OTHR,428714,0.0567,24308,404406
35,35,2055,RETL,120140,0.0227,2727,117413
35,35,2055,WSLE,114846,0.0266,3055,111791
35,35,2056,AGRI,1242,0.0134,17,1225
35,35,2056,CONS,106938,0.0201,2149,104789
35,35,2056,FOOD,67316,0.0133,895,66421
35,35,2056,GVED,218681,0.0323,7063,211618
35,35,2056,HLTH,139673,0.0245,3422,136251
35,35,2056,MANU,88033,0.0219,1928,86105
35,35,2056,MING,5191,0.0021,11,5180
35,35,2056,OFFI,244531,0.0676,16530,228001
35,35,2056,OTHR,433998,0.0573,24868,409130
35,35,2056,RETL,121433,0.023,2793,118640
35,35,2056,WSLE,115629,0.0268,3099,112530
35,35,2057,AGRI,1242,0.0135,17,1225
35,35,2057,CONS,108765,0.0202,2197,106568
35,35,2057,FOOD,67790,0.0134,908,66882
35,35,2057,GVED,221662,0.0326,7226,214436
35,35,2057,HLTH,141473,0.0247,3494,137979
35,35,2057,MANU,88764,0.0221,1962,86802
35,35,2057,MING,5106,0.0021,11,5095
35,35,2057,OFFI,247148,0.0682,16855,230293
35,35,2057,OTHR,438765,0.0578,25361,413404
35,35,2057,RETL,122579,0.0232,2844,119735
35,35,2057,WSLE,116257,0.0271,3151,113106
35,35,2058,AGRI,1243,0.0135,17,1226
35,35,2058,CONS,110319,0.0204,2251,108068
35,35,2058,FOOD,68258,0.0135,921,67337
35,35,2058,GVED,224521,0.0329,7387,217134
35,35,2058,HLTH,143284,0.025,3582,139702
35,35,2058,MANU,89521,0.0223,1996,87525
35,35,2058,MING,5027,0.0021,11,5016
35,35,2058,OFFI,249839,0.0688,17189,232650
35,35,2058,OTHR,443349,0.0584,25892,417457
35,35,2058,RETL,123715,0.0234,2895,120820
35,35,2058,WSLE,116880,0.0274,3203,113677
35,35,2059,AGRI,1243,0.0136,17,1226
35,35,2059,CONS,111682,0.0206,2301,109381
35,35,2059,FOOD,68714,0.0137,941,67773
35,35,2059,GVED,227245,0.0333,7567,219678
35,35,2059,HLTH,145091,0.0252,3656,141435
35,35,2059,MANU,90285,0.0225,2031,88254
35,35,2059,MING,4975,0.0021,10,4965
35,35,2059,OFFI,252552,0.0695,17552,235000
35,35,2059,OTHR,447820,0.0589,26377,421443
35,35,2059,RETL,124840,0.0236,2946,121894
35,35,2059,WSLE,117494,0.0277,3255,114239
35,35,2060,AGRI,1242,0.0137,17,1225
35,35,2060,CONS,112908,0.0208,2348,110560
35,35,2060,FOOD,69157,0.0138,954,68203
35,35,2060,GVED,230019,0.0336,7729,222290
35,35,2060,HLTH,146951,0.0254,3733,143218
35,35,2060,MANU,91054,0.0227,2067,88987
35,35,2060,MING,4949,0.0021,10,4939
35,35,2060,OFFI,255269,0.0701,17894,237375
35,35,2060,OTHR,452237,0.0594,26863,425374
35,35,2060,RETL,125952,0.0238,2998,122954
35,35,2060,WSLE,118112,0.028,3307,114805
35,35,2061,AGRI,1243,0.0138,17,1226
35,35,2061,CONS,114022,0.021,2394,111628
35,35,2061,FOOD,69657,0.0139,968,68689
35,35,2061,GVED,232317,0.0339,7876,224441
35,35,2061,HLTH,148728,0.0257,3822,144906
35,35,2061,MANU,91809,0.0229,2102,89707
35,35,2061,MING,4936,0.0022,11,4925
35,35,2061,OFFI,257827,0.0708,18254,239573
35,35,2061,OTHR,456632,0.06,27398,429234
35,35,2061,RETL,127055,0.024,3049,124006
35,35,2061,WSLE,118631,0.0282,3345,115286
35,35,2062,AGRI,1242,0.0138,17,1225
35,35,2062,CONS,115101,0.0212,2440,112661
35,35,2062,FOOD,70167,0.014,982,69185
35,35,2062,GVED,234833,0.0342,8031,226802
35,35,2062,HLTH,150506,0.0259,3898,146608
35,35,2062,MANU,92570,0.0231,2138,90432
35,35,2062,MING,4926,0.0022,11,4915
35,35,2062,OFFI,260288,0.0714,18585,241703
35,35,2062,OTHR,461031,0.0605,27892,433139
35,35,2062,RETL,128191,0.0243,3115,125076
35,35,2062,WSLE,119159,0.0285,3396,115763
35,35,2063,AGRI,1242,0.0139,17,1225
35,35,2063,CONS,116146,0.0214,2486,113660
35,35,2063,FOOD,70684,0.0142,1004,69680
35,35,2063,GVED,237366,0.0345,8189,229177
35,35,2063,HLTH,152307,0.0261,3975,148332
35,35,2063,MANU,93332,0.0234,2184,91148
35,35,2063,MING,4918,0.0022,11,4907
35,35,2063,OFFI,262672,0.072,18912,243760
35,35,2063,OTHR,465428,0.061,28391,437037
35,35,2063,RETL,129355,0.0245,3169,126186
35,35,2063,WSLE,119696,0.0288,3447,116249
35,35,2064,AGRI,1243,0.014,17,1226
35,35,2064,CONS,117156,0.0216,2531,114625
35,35,2064,FOOD,71213,0.0143,1018,70195
35,35,2064,GVED,239922,0.0349,8373,231549
35,35,2064,HLTH,154127,0.0264,4069,150058
35,35,2064,MANU,94093,0.0236,2221,91872
35,35,2064,MING,4911,0.0022,11,4900
35,35,2064,OFFI,264993,0.0727,19265,245728
35,35,2064,OTHR,469820,0.0616,28941,440879
35,35,2064,RETL,130547,0.0247,3225,127322
35,35,2064,WSLE,120239,0.0291,3499,116740
35,35,2065,AGRI,1243,0.0141,18,1225
35,35,2065,CONS,118132,0.0218,2575,115557
35,35,2065,FOOD,71750,0.0144,1033,70717
35,35,2065,GVED,242500,0.0352,8536,233964
35,35,2065,HLTH,155968,0.0266,4149,151819
35,35,2065,MANU,94854,0.0238,2258,92596
35,35,2065,MING,4905,0.0022,11,4894
35,35,2065,OFFI,267262,0.0733,19590,247672
35,35,2065,OTHR,474213,0.0621,29449,444764
35,35,2065,RETL,131764,0.0249,3281,128483
35,35,2065,WSLE,120788,0.0294,3551,117237
37,37,2023,AGRI,808,0.0286,23,785
37,37,2023,CONS,317,0.0291,9,308
37,37,2023,FOOD,712,0.0193,14,698
37,37,2023,GVED,1841,0.048,88,1753
37,37,2023,HLTH,973,0.0356,35,938
37,37,2023,MANU,117,0.0318,4,113
37,37,2023,MING,370,0.003,1,369
37,37,2023,OFFI,195,0.098,19,176
37,37,2023,OTHR,1270,0.0651,83,1187
37,37,2023,RETL,473,0.0333,16,457
37,37,2023,WSLE,120,0.0375,4,116
37,37,2024,AGRI,810,0.0286,23,787
37,37,2024,CONS,311,0.0291,9,302
37,37,2024,FOOD,732,0.0192,14,718
37,37,2024,GVED,1850,0.0479,89,1761
37,37,2024,HLTH,996,0.0355,35,961
37,37,2024,MANU,115,0.0317,4,111
37,37,2024,MING,476,0.003,1,475
37,37,2024,OFFI,211,0.0978,21,190
37,37,2024,OTHR,1217,0.0647,79,1138
37,37,2024,RETL,495,0.0333,16,479
37,37,2024,WSLE,118,0.0376,4,114
37,37,2025,AGRI,807,0.0303,24,783
37,37,2025,CONS,299,0.0308,9,290
37,37,2025,FOOD,727,0.0204,15,712
37,37,2025,GVED,1862,0.0509,95,1767
37,37,2025,HLTH,1028,0.0377,39,989
37,37,2025,MANU,116,0.0337,4,112
37,37,2025,MING,470,0.0032,2,468
37,37,2025,OFFI,212,0.1038,22,190
37,37,2025,OTHR,1230,0.0687,85,1145
37,37,2025,RETL,484,0.0353,17,467
37,37,2025,WSLE,118,0.0398,5,113
37,37,2026,AGRI,808,0.0304,25,783
37,37,2026,CONS,291,0.031,9,282
37,37,2026,FOOD,727,0.0205,15,712
37,37,2026,GVED,1844,0.0512,94,1750
37,37,2026,HLTH,1048,0.0379,40,1008
37,37,2026,MANU,118,0.0339,4,114
37,37,2026,MING,480,0.0032,2,478
37,37,2026,OFFI,210,0.1045,22,188
37,37,2026,OTHR,1242,0.069,86,1156
37,37,2026,RETL,474,0.0355,17,457
37,37,2026,WSLE,119,0.0402,5,114
37,37,2027,AGRI,805,0.0307,25,780
37,37,2027,CONS,286,0.0313,9,277
37,37,2027,FOOD,724,0.0207,15,709
37,37,2027,GVED,1828,0.0516,94,1734
37,37,2027,HLTH,1061,0.0382,41,1020
37,37,2027,MANU,119,0.0341,4,115
37,37,2027,MING,487,0.0032,2,485
37,37,2027,OFFI,208,0.1053,22,186
37,37,2027,OTHR,1261,0.069,87,1174
37,37,2027,RETL,468,0.0358,17,451
37,37,2027,WSLE,119,0.0405,5,114
37,37,2028,AGRI,800,0.0308,25,775
37,37,2028,CONS,289,0.0314,9,280
37,37,2028,FOOD,720,0.0208,15,705
37,37,2028,GVED,1812,0.0518,94,1718
37,37,2028,HLTH,1070,0.0384,41,1029
37,37,2028,MANU,120,0.0343,4,116
37,37,2028,MING,463,0.0032,1,462
37,37,2028,OFFI,209,0.1057,22,187
37,37,2028,OTHR,1290,0.0686,88,1202
37,37,2028,RETL,464,0.0359,17,447
37,37,2028,WSLE,119,0.0408,5,114
37,37,2029,AGRI,796,0.0308,25,771
37,37,2029,CONS,295,0.0315,9,286
37,37,2029,FOOD,713,0.0209,15,698
37,37,2029,GVED,1800,0.052,94,1706
37,37,2029,HLTH,1079,0.0385,42,1037
37,37,2029,MANU,122,0.0344,4,118
37,37,2029,MING,435,0.0032,1,434
37,37,2029,OFFI,211,0.106,22,189
37,37,2029,OTHR,1313,0.0686,90,1223
37,37,2029,RETL,462,0.036,17,445
37,37,2029,WSLE,119,0.041,5,114
37,37,2030,AGRI,792,0.031,25,767
37,37,2030,CONS,299,0.0317,9,290
37,37,2030,FOOD,703,0.021,15,688
37,37,2030,GVED,1792,0.0523,94,1698
37,37,2030,HLTH,1093,0.0387,42,1051
37,37,2030,MANU,124,0.0346,4,120
37,37,2030,MING,425,0.0032,1,424
37,37,2030,OFFI,212,0.1066,23,189
37,37,2030,OTHR,1331,0.0689,92,1239
37,37,2030,RETL,462,0.0362,17,445
37,37,2030,WSLE,117,0.0413,5,112
37,37,2031,AGRI,788,0.0313,25,763
37,37,2031,CONS,305,0.032,10,295
37,37,2031,FOOD,689,0.0212,15,674
37,37,2031,GVED,1778,0.0528,94,1684
37,37,2031,HLTH,1110,0.0391,43,1067
37,37,2031,MANU,126,0.0349,4,122
37,37,2031,MING,426,0.0033,1,425
37,37,2031,OFFI,212,0.1077,23,189
37,37,2031,OTHR,1345,0.0696,94,1251
37,37,2031,RETL,465,0.0366,17,448
37,37,2031,WSLE,118,0.0418,5,113
37,37,2032,AGRI,785,0.0316,25,760
37,37,2032,CONS,312,0.0324,10,302
37,37,2032,FOOD,679,0.0214,15,664
37,37,2032,GVED,1772,0.0535,95,1677
37,37,2032,HLTH,1126,0.0395,44,1082
37,37,2032,MANU,128,0.0353,5,123
37,37,2032,MING,444,0.0033,1,443
37,37,2032,OFFI,214,0.109,23,191
37,37,2032,OTHR,1359,0.0705,96,1263
37,37,2032,RETL,467,0.037,17,450
37,37,2032,WSLE,116,0.0424,5,111
37,37,2033,AGRI,785,0.032,25,760
37,37,2033,CONS,318,0.0328,10,308
37,37,2033,FOOD,671,0.0217,15,656
37,37,2033,GVED,1766,0.0541,96,1670
37,37,2033,HLTH,1140,0.04,46,1094
37,37,2033,MANU,130,0.0358,5,125
37,37,2033,MING,462,0.0034,2,460
37,37,2033,OFFI,215,0.1103,24,191
37,37,2033,OTHR,1369,0.0714,98,1271
37,37,2033,RETL,469,0.0375,18,451
37,37,2033,WSLE,116,0.043,5,111
37,37,2034,AGRI,785,0.0323,25,760
37,37,2034,CONS,325,0.0331,11,314
37,37,2034,FOOD,668,0.022,15,653
37,37,2034,GVED,1768,0.0548,97,1671
37,37,2034,HLTH,1157,0.0405,47,1110
37,37,2034,MANU,131,0.0362,5,126
37,37,2034,MING,476,0.0034,2,474
37,37,2034,OFFI,218,0.1116,24,194
37,37,2034,OTHR,1383,0.0722,100,1283
37,37,2034,RETL,471,0.0379,18,453
37,37,2034,WSLE,114,0.0436,5,109
37,37,2035,AGRI,783,0.0327,26,757
37,37,2035,CONS,329,0.0335,11,318
37,37,2035,FOOD,654,0.0222,15,639
37,37,2035,GVED,1766,0.0553,98,1668
37,37,2035,HLTH,1165,0.0409,48,1117
37,37,2035,MANU,132,0.0366,5,127
37,37,2035,MING,480,0.0034,2,478
37,37,2035,OFFI,219,0.1127,25,194
37,37,2035,OTHR,1377,0.0731,101,1276
37,37,2035,RETL,471,0.0383,18,453
37,37,2035,WSLE,114,0.0443,5,109
37,37,2036,AGRI,783,0.0329,26,757
37,37,2036,CONS,332,0.0338,11,321
37,37,2036,FOOD,650,0.0224,15,635
37,37,2036,GVED,1771,0.0558,99,1672
37,37,2036,HLTH,1171,0.0413,48,1123
37,37,2036,MANU,134,0.0369,5,129
37,37,2036,MING,473,0.0035,2,471
37,37,2036,OFFI,221,0.1137,25,196
37,37,2036,OTHR,1384,0.0738,102,1282
37,37,2036,RETL,471,0.0386,18,453
37,37,2036,WSLE,112,0.0447,5,107
37,37,2037,AGRI,782,0.0332,26,756
37,37,2037,CONS,332,0.034,11,321
37,37,2037,FOOD,649,0.0225,15,634
37,37,2037,GVED,1781,0.0563,100,1681
37,37,2037,HLTH,1182,0.0416,49,1133
37,37,2037,MANU,136,0.0372,5,131
37,37,2037,MING,464,0.0035,2,462
37,37,2037,OFFI,222,0.1146,25,197
37,37,2037,OTHR,1396,0.0744,104,1292
37,37,2037,RETL,472,0.039,18,454
37,37,2037,WSLE,111,0.0452,5,106
37,37,2038,AGRI,781,0.0334,26,755
37,37,2038,CONS,330,0.0343,11,319
37,37,2038,FOOD,644,0.0227,15,629
37,37,2038,GVED,1793,0.0568,102,1691
37,37,2038,HLTH,1193,0.0419,50,1143
37,37,2038,MANU,137,0.0375,5,132
37,37,2038,MING,459,0.0035,2,457
37,37,2038,OFFI,223,0.1155,26,197
37,37,2038,OTHR,1414,0.075,106,1308
37,37,2038,RETL,473,0.0393,19,454
37,37,2038,WSLE,110,0.0456,5,105
37,37,2039,AGRI,780,0.0336,26,754
37,37,2039,CONS,329,0.0346,11,318
37,37,2039,FOOD,641,0.0229,15,626
37,37,2039,GVED,1804,0.0572,103,1701
37,37,2039,HLTH,1203,0.0422,51,1152
37,37,2039,MANU,138,0.0377,5,133
37,37,2039,MING,454,0.0035,2,452
37,37,2039,OFFI,225,0.1164,26,199
37,37,2039,OTHR,1433,0.0756,108,1325
37,37,2039,RETL,475,0.0396,19,456
37,37,2039,WSLE,110,0.0462,5,105
37,37,2040,AGRI,780,0.0339,26,754
37,37,2040,CONS,326,0.0348,11,315
37,37,2040,FOOD,637,0.0231,15,622
37,37,2040,GVED,1819,0.0577,105,1714
37,37,2040,HLTH,1213,0.0426,52,1161
37,37,2040,MANU,140,0.0381,5,135
37,37,2040,MING,450,0.0036,2,448
37,37,2040,OFFI,225,0.1173,26,199
37,37,2040,OTHR,1447,0.0762,110,1337
37,37,2040,RETL,477,0.0399,19,458
37,37,2040,WSLE,110,0.0466,5,105
37,37,2041,AGRI,778,0.0341,27,751
37,37,2041,CONS,324,0.0351,11,313
37,37,2041,FOOD,632,0.0233,15,617
37,37,2041,GVED,1835,0.0582,107,1728
37,37,2041,HLTH,1224,0.0429,53,1171
37,37,2041,MANU,141,0.0384,5,136
37,37,2041,MING,448,0.0036,2,446
37,37,2041,OFFI,226,0.1183,27,199
37,37,2041,OTHR,1463,0.0768,112,1351
37,37,2041,RETL,479,0.0402,19,460
37,37,2041,WSLE,109,0.047,5,104
37,37,2042,AGRI,777,0.0344,27,750
37,37,2042,CONS,321,0.0354,11,310
37,37,2042,FOOD,628,0.0235,15,613
37,37,2042,GVED,1856,0.0587,109,1747
37,37,2042,HLTH,1231,0.0433,53,1178
37,37,2042,MANU,142,0.0387,5,137
37,37,2042,MING,449,0.0036,2,447
37,37,2042,OFFI,227,0.1192,27,200
37,37,2042,OTHR,1476,0.0774,114,1362
37,37,2042,RETL,480,0.0405,19,461
37,37,2042,WSLE,110,0.0476,5,105
37,37,2043,AGRI,776,0.0346,27,749
37,37,2043,CONS,318,0.0357,11,307
37,37,2043,FOOD,623,0.0236,15,608
37,37,2043,GVED,1877,0.0592,111,1766
37,37,2043,HLTH,1236,0.0436,54,1182
37,37,2043,MANU,143,0.039,6,137
37,37,2043,MING,448,0.0037,2,446
37,37,2043,OFFI,229,0.1201,28,201
37,37,2043,OTHR,1489,0.0781,116,1373
37,37,2043,RETL,482,0.0408,20,462
37,37,2043,WSLE,108,0.0481,5,103
37,37,2044,AGRI,773,0.0349,27,746
37,37,2044,CONS,315,0.0359,11,304
37,37,2044,FOOD,618,0.0238,15,603
37,37,2044,GVED,1899,0.0596,113,1786
37,37,2044,HLTH,1244,0.0439,55,1189
37,37,2044,MANU,144,0.0392,6,138
37,37,2044,MING,444,0.0037,2,442
37,37,2044,OFFI,230,0.121,28,202
37,37,2044,OTHR,1503,0.0787,118,1385
37,37,2044,RETL,483,0.0411,20,463
37,37,2044,WSLE,108,0.0485,5,103
37,37,2045,AGRI,771,0.0351,27,744
37,37,2045,CONS,314,0.0362,11,303
37,37,2045,FOOD,613,0.024,15,598
37,37,2045,GVED,1921,0.06,115,1806
37,37,2045,HLTH,1252,0.0442,55,1197
37,37,2045,MANU,144,0.0395,6,138
37,37,2045,MING,440,0.0037,2,438
37,37,2045,OFFI,232,0.1219,28,204
37,37,2045,OTHR,1516,0.0792,120,1396
37,37,2045,RETL,484,0.0414,20,464
37,37,2045,WSLE,108,0.0489,5,103
37,37,2046,AGRI,770,0.0354,27,743
37,37,2046,CONS,314,0.0365,11,303
37,37,2046,FOOD,609,0.0241,15,594
37,37,2046,GVED,1942,0.0605,117,1825
37,37,2046,HLTH,1260,0.0445,56,1204
37,37,2046,MANU,146,0.0398,6,140
37,37,2046,MING,436,0.0037,2,434
37,37,2046,OFFI,234,0.1228,29,205
37,37,2046,OTHR,1526,0.0798,122,1404
37,37,2046,RETL,484,0.0417,20,464
37,37,2046,WSLE,107,0.0494,5,102
37,37,2047,AGRI,768,0.0356,27,741
37,37,2047,CONS,316,0.0367,12,304
37,37,2047,FOOD,604,0.0243,15,589
37,37,2047,GVED,1967,0.061,120,1847
37,37,2047,HLTH,1268,0.0449,57,1211
37,37,2047,MANU,147,0.0401,6,141
37,37,2047,MING,437,0.0038,2,435
37,37,2047,OFFI,236,0.1237,29,207
37,37,2047,OTHR,1536,0.0805,124,1412
37,37,2047,RETL,486,0.0421,20,466
37,37,2047,WSLE,108,0.0499,5,103
37,37,2048,AGRI,767,0.0359,28,739
37,37,2048,CONS,318,0.037,12,306
37,37,2048,FOOD,601,0.0245,15,586
37,37,2048,GVED,1987,0.0615,122,1865
37,37,2048,HLTH,1278,0.0453,58,1220
37,37,2048,MANU,149,0.0404,6,143
37,37,2048,MING,438,0.0038,2,436
37,37,2048,OFFI,240,0.1247,30,210
37,37,2048,OTHR,1546,0.0812,126,1420
37,37,2048,RETL,487,0.0424,21,466
37,37,2048,WSLE,108,0.0503,5,103
37,37,2049,AGRI,766,0.0362,28,738
37,37,2049,CONS,323,0.0373,12,311
37,37,2049,FOOD,597,0.0247,15,582
37,37,2049,GVED,2007,0.062,124,1883
37,37,2049,HLTH,1287,0.0456,59,1228
37,37,2049,MANU,150,0.0408,6,144
37,37,2049,MING,441,0.0038,2,439
37,37,2049,OFFI,244,0.1257,31,213
37,37,2049,OTHR,1556,0.0818,127,1429
37,37,2049,RETL,489,0.0427,21,468
37,37,2049,WSLE,107,0.0508,5,102
37,37,2050,AGRI,764,0.0364,28,736
37,37,2050,CONS,327,0.0376,12,315
37,37,2050,FOOD,594,0.0249,15,579
37,37,2050,GVED,2028,0.0625,127,1901
37,37,2050,HLTH,1298,0.046,60,1238
37,37,2050,MANU,151,0.0411,6,145
37,37,2050,MING,442,0.0039,2,440
37,37,2050,OFFI,246,0.1267,31,215
37,37,2050,OTHR,1567,0.0825,129,1438
37,37,2050,RETL,490,0.0431,21,469
37,37,2050,WSLE,108,0.0513,6,102
37,37,2051,AGRI,762,0.0367,28,734
37,37,2051,CONS,333,0.0379,13,320
37,37,2051,FOOD,591,0.0251,15,576
37,37,2051,GVED,2043,0.063,129,1914
37,37,2051,HLTH,1308,0.0464,61,1247
37,37,2051,MANU,152,0.0414,6,146
37,37,2051,MING,444,0.0039,2,442
37,37,2051,OFFI,248,0.1277,32,216
37,37,2051,OTHR,1574,0.0832,131,1443
37,37,2051,RETL,492,0.0434,21,471
37,37,2051,WSLE,108,0.0518,6,102
37,37,2052,AGRI,760,0.037,28,732
37,37,2052,CONS,338,0.0383,13,325
37,37,2052,FOOD,587,0.0253,15,572
37,37,2052,GVED,2058,0.0636,131,1927
37,37,2052,HLTH,1320,0.0467,62,1258
37,37,2052,MANU,154,0.0418,6,148
37,37,2052,MING,446,0.0039,2,444
37,37,2052,OFFI,249,0.1288,32,217
37,37,2052,OTHR,1584,0.0839,133,1451
37,37,2052,RETL,494,0.0438,22,472
37,37,2052,WSLE,108,0.0522,6,102
37,37,2053,AGRI,758,0.0373,28,730
37,37,2053,CONS,344,0.0386,13,331
37,37,2053,FOOD,584,0.0256,15,569
37,37,2053,GVED,2075,0.0641,133,1942
37,37,2053,HLTH,1333,0.0471,63,1270
37,37,2053,MANU,155,0.0421,7,148
37,37,2053,MING,449,0.004,2,447
37,37,2053,OFFI,250,0.1299,32,218
37,37,2053,OTHR,1596,0.0846,135,1461
37,37,2053,RETL,496,0.0442,22,474
37,37,2053,WSLE,108,0.0529,6,102
37,37,2054,AGRI,756,0.0376,28,728
37,37,2054,CONS,350,0.0389,14,336
37,37,2054,FOOD,580,0.0258,15,565
37,37,2054,GVED,2092,0.0646,135,1957
37,37,2054,HLTH,1346,0.0475,64,1282
37,37,2054,MANU,156,0.0425,7,149
37,37,2054,MING,450,0.004,2,448
37,37,2054,OFFI,250,0.1309,33,217
37,37,2054,OTHR,1605,0.0853,137,1468
37,37,2054,RETL,498,0.0445,22,476
37,37,2054,WSLE,108,0.0533,6,102
37,37,2055,AGRI,754,0.0379,29,725
37,37,2055,CONS,357,0.0392,14,343
37,37,2055,FOOD,577,0.026,15,562
37,37,2055,GVED,2106,0.0651,137,1969
37,37,2055,HLTH,1359,0.0479,65,1294
37,37,2055,MANU,157,0.0428,7,150
37,37,2055,MING,449,0.004,2,447
37,37,2055,OFFI,251,0.132,33,218
37,37,2055,OTHR,1616,0.086,139,1477
37,37,2055,RETL,501,0.0449,22,479
37,37,2055,WSLE,108,0.0539,6,102
37,37,2056,AGRI,752,0.0381,29,723
37,37,2056,CONS,358,0.0395,14,344
37,37,2056,FOOD,573,0.0262,15,558
37,37,2056,GVED,2118,0.0656,139,1979
37,37,2056,HLTH,1372,0.0483,66,1306
37,37,2056,MANU,156,0.0431,7,149
37,37,2056,MING,444,0.0041,2,442
37,37,2056,OFFI,251,0.1329,33,218
37,37,2056,OTHR,1627,0.0866,141,1486
37,37,2056,RETL,501,0.0452,23,478
37,37,2056,WSLE,108,0.0543,6,102
37,37,2057,AGRI,749,0.0384,29,720
37,37,2057,CONS,359,0.0397,14,345
37,37,2057,FOOD,567,0.0263,15,552
37,37,2057,GVED,2126,0.066,140,1986
37,37,2057,HLTH,1382,0.0486,67,1315
37,37,2057,MANU,157,0.0434,7,150
37,37,2057,MING,434,0.0041,2,432
37,37,2057,OFFI,251,0.1338,34,217
37,37,2057,OTHR,1637,0.0872,143,1494
37,37,2057,RETL,501,0.0455,23,478
37,37,2057,WSLE,107,0.0547,6,101
37,37,2058,AGRI,746,0.0386,29,717
37,37,2058,CONS,360,0.04,14,346
37,37,2058,FOOD,562,0.0265,15,547
37,37,2058,GVED,2134,0.0665,142,1992
37,37,2058,HLTH,1393,0.0489,68,1325
37,37,2058,MANU,158,0.0437,7,151
37,37,2058,MING,425,0.0041,2,423
37,37,2058,OFFI,251,0.1347,34,217
37,37,2058,OTHR,1646,0.0878,145,1501
37,37,2058,RETL,501,0.0458,23,478
37,37,2058,WSLE,108,0.0552,6,102
37,37,2059,AGRI,744,0.0389,29,715
37,37,2059,CONS,361,0.0403,15,346
37,37,2059,FOOD,557,0.0267,15,542
37,37,2059,GVED,2142,0.0669,143,1999
37,37,2059,HLTH,1404,0.0492,69,1335
37,37,2059,MANU,159,0.044,7,152
37,37,2059,MING,418,0.0041,2,416
37,37,2059,OFFI,251,0.1356,34,217
37,37,2059,OTHR,1656,0.0884,146,1510
37,37,2059,RETL,501,0.0461,23,478
37,37,2059,WSLE,108,0.0556,6,102
37,37,2060,AGRI,741,0.0391,29,712
37,37,2060,CONS,364,0.0405,15,349
37,37,2060,FOOD,552,0.0269,15,537
37,37,2060,GVED,2154,0.0674,145,2009
37,37,2060,HLTH,1416,0.0495,70,1346
37,37,2060,MANU,160,0.0443,7,153
37,37,2060,MING,414,0.0042,2,412
37,37,2060,OFFI,252,0.1365,34,218
37,37,2060,OTHR,1667,0.089,148,1519
37,37,2060,RETL,503,0.0464,23,480
37,37,2060,WSLE,108,0.056,6,102
37,37,2061,AGRI,739,0.0394,29,710
37,37,2061,CONS,366,0.0408,15,351
37,37,2061,FOOD,546,0.027,15,531
37,37,2061,GVED,2160,0.0679,147,2013
37,37,2061,HLTH,1427,0.0499,71,1356
37,37,2061,MANU,161,0.0446,7,154
37,37,2061,MING,412,0.0042,2,410
37,37,2061,OFFI,252,0.1375,35,217
37,37,2061,OTHR,1678,0.0896,150,1528
37,37,2061,RETL,504,0.0467,24,480
37,37,2061,WSLE,108,0.0566,6,102
37,37,2062,AGRI,737,0.0397,29,708
37,37,2062,CONS,367,0.0411,15,352
37,37,2062,FOOD,541,0.0272,15,526
37,37,2062,GVED,2171,0.0684,148,2023
37,37,2062,HLTH,1438,0.0503,72,1366
37,37,2062,MANU,161,0.0449,7,154
37,37,2062,MING,409,0.0042,2,407
37,37,2062,OFFI,252,0.1385,35,217
37,37,2062,OTHR,1689,0.0903,153,1536
37,37,2062,RETL,505,0.0471,24,481
37,37,2062,WSLE,108,0.057,6,102
37,37,2063,AGRI,735,0.0399,29,706
37,37,2063,CONS,369,0.0414,15,354
37,37,2063,FOOD,537,0.0274,15,522
37,37,2063,GVED,2182,0.0689,150,2032
37,37,2063,HLTH,1449,0.0506,73,1376
37,37,2063,MANU,162,0.0452,7,155
37,37,2063,MING,408,0.0042,2,406
37,37,2063,OFFI,251,0.1394,35,216
37,37,2063,OTHR,1702,0.0909,155,1547
37,37,2063,RETL,507,0.0474,24,483
37,37,2063,WSLE,108,0.0574,6,102
37,37,2064,AGRI,734,0.0401,29,705
37,37,2064,CONS,370,0.0417,15,355
37,37,2064,FOOD,532,0.0276,15,517
37,37,2064,GVED,2191,0.0694,152,2039
37,37,2064,HLTH,1459,0.051,74,1385
37,37,2064,MANU,163,0.0455,7,156
37,37,2064,MING,407,0.0043,2,405
37,37,2064,OFFI,252,0.1404,35,217
37,37,2064,OTHR,1713,0.0915,157,1556
37,37,2064,RETL,509,0.0477,24,485
37,37,2064,WSLE,108,0.0581,6,102
37,37,2065,AGRI,732,0.0404,30,702
37,37,2065,CONS,371,0.042,16,355
37,37,2065,FOOD,527,0.0278,15,512
37,37,2065,GVED,2203,0.0699,154,2049
37,37,2065,HLTH,1470,0.0513,75,1395
37,37,2065,MANU,164,0.0459,8,156
37,37,2065,MING,406,0.0043,2,404
37,37,2065,OFFI,252,0.1414,36,216
37,37,2065,OTHR,1724,0.0922,159,1565
37,37,2065,RETL,510,0.0481,25,485
37,37,2065,WSLE,108,0.0585,6,102
39,39,2023,AGRI,1261,0.023,29,1232
39,39,2023,CONS,1103,0.0252,28,1075
39,39,2023,FOOD,647,0.0167,11,636
39,39,2023,GVED,3826,0.0409,156,3670
39,39,2023,HLTH,935,0.0307,29,906
39,39,2023,MANU,1512,0.0275,42,1470
39,39,2023,MING,123,0.0026,0,123
39,39,2023,OFFI,926,0.0849,79,847
39,39,2023,OTHR,2872,0.0667,192,2680
39,39,2023,RETL,1442,0.0288,42,1400
39,39,2023,WSLE,537,0.0334,18,519
39,39,2024,AGRI,1264,0.0231,29,1235
39,39,2024,CONS,1110,0.0252,28,1082
39,39,2024,FOOD,676,0.0167,11,665
39,39,2024,GVED,3901,0.0411,160,3741
39,39,2024,HLTH,921,0.0308,28,893
39,39,2024,MANU,1528,0.0275,42,1486
39,39,2024,MING,159,0.0026,0,159
39,39,2024,OFFI,1013,0.085,86,927
39,39,2024,OTHR,2425,0.0651,158,2267
39,39,2024,RETL,1367,0.0289,40,1327
39,39,2024,WSLE,505,0.0332,17,488
39,39,2025,AGRI,1259,0.0245,31,1228
39,39,2025,CONS,1140,0.0268,31,1109
39,39,2025,FOOD,673,0.0178,12,661
39,39,2025,GVED,3965,0.0437,173,3792
39,39,2025,HLTH,960,0.0328,31,929
39,39,2025,MANU,1565,0.0293,46,1519
39,39,2025,MING,158,0.0028,0,158
39,39,2025,OFFI,1022,0.0904,92,930
39,39,2025,OTHR,2464,0.0693,171,2293
39,39,2025,RETL,1371,0.0307,42,1329
39,39,2025,WSLE,511,0.0353,18,493
39,39,2026,AGRI,1260,0.0247,31,1229
39,39,2026,CONS,1161,0.027,31,1130
39,39,2026,FOOD,674,0.0179,12,662
39,39,2026,GVED,4017,0.0439,176,3841
39,39,2026,HLTH,988,0.033,33,955
39,39,2026,MANU,1585,0.0295,47,1538
39,39,2026,MING,164,0.0028,0,164
39,39,2026,OFFI,1015,0.091,92,923
39,39,2026,OTHR,2490,0.0697,174,2316
39,39,2026,RETL,1366,0.0309,42,1324
39,39,2026,WSLE,511,0.0356,18,493
39,39,2027,AGRI,1255,0.0248,31,1224
39,39,2027,CONS,1182,0.0272,32,1150
39,39,2027,FOOD,676,0.018,12,664
39,39,2027,GVED,4066,0.0443,180,3886
39,39,2027,HLTH,1012,0.0332,34,978
39,39,2027,MANU,1607,0.0297,48,1559
39,39,2027,MING,168,0.0028,0,168
39,39,2027,OFFI,1008,0.0916,92,916
39,39,2027,OTHR,2523,0.07,177,2346
39,39,2027,RETL,1375,0.0311,43,1332
39,39,2027,WSLE,513,0.0359,18,495
39,39,2028,AGRI,1249,0.025,31,1218
39,39,2028,CONS,1211,0.0274,33,1178
39,39,2028,FOOD,681,0.0181,12,669
39,39,2028,GVED,4129,0.0446,184,3945
39,39,2028,HLTH,1030,0.0334,34,996
39,39,2028,MANU,1630,0.0299,49,1581
39,39,2028,MING,161,0.0028,0,161
39,39,2028,OFFI,1008,0.0922,93,915
39,39,2028,OTHR,2575,0.0702,181,2394
39,39,2028,RETL,1384,0.0313,43,1341
39,39,2028,WSLE,513,0.0362,19,494
39,39,2029,AGRI,1242,0.0251,31,1211
39,39,2029,CONS,1244,0.0275,34,1210
39,39,2029,FOOD,682,0.0182,12,670
39,39,2029,GVED,4195,0.0449,188,4007
39,39,2029,HLTH,1048,0.0336,35,1013
39,39,2029,MANU,1664,0.0301,50,1614
39,39,2029,MING,152,0.0028,0,152
39,39,2029,OFFI,1014,0.0928,94,920
39,39,2029,OTHR,2635,0.0706,186,2449
39,39,2029,RETL,1397,0.0315,44,1353
39,39,2029,WSLE,512,0.0365,19,493
39,39,2030,AGRI,1235,0.0253,31,1204
39,39,2030,CONS,1270,0.0277,35,1235
39,39,2030,FOOD,679,0.0184,12,667
39,39,2030,GVED,4230,0.0452,191,4039
39,39,2030,HLTH,1065,0.0339,36,1029
39,39,2030,MANU,1703,0.0303,52,1651
39,39,2030,MING,149,0.0028,0,149
39,39,2030,OFFI,1023,0.0934,96,927
39,39,2030,OTHR,2684,0.0712,191,2493
39,39,2030,RETL,1414,0.0317,45,1369
39,39,2030,WSLE,510,0.0368,19,491
39,39,2031,AGRI,1230,0.0255,31,1199
39,39,2031,CONS,1290,0.028,36,1254
39,39,2031,FOOD,674,0.0186,13,661
39,39,2031,GVED,4267,0.0457,195,4072
39,39,2031,HLTH,1083,0.0342,37,1046
39,39,2031,MANU,1742,0.0306,53,1689
39,39,2031,MING,151,0.0029,0,151
39,39,2031,OFFI,1029,0.0944,97,932
39,39,2031,OTHR,2732,0.072,197,2535
39,39,2031,RETL,1435,0.0321,46,1389
39,39,2031,WSLE,508,0.0372,19,489
39,39,2032,AGRI,1225,0.0258,32,1193
39,39,2032,CONS,1313,0.0283,37,1276
39,39,2032,FOOD,671,0.0187,13,658
39,39,2032,GVED,4308,0.0462,199,4109
39,39,2032,HLTH,1099,0.0346,38,1061
39,39,2032,MANU,1777,0.0309,55,1722
39,39,2032,MING,158,0.0029,0,158
39,39,2032,OFFI,1034,0.0954,99,935
39,39,2032,OTHR,2776,0.0729,202,2574
39,39,2032,RETL,1453,0.0324,47,1406
39,39,2032,WSLE,506,0.0377,19,487
39,39,2033,AGRI,1226,0.026,32,1194
39,39,2033,CONS,1333,0.0286,38,1295
39,39,2033,FOOD,671,0.0189,13,658
39,39,2033,GVED,4344,0.0467,203,4141
39,39,2033,HLTH,1111,0.0349,39,1072
39,39,2033,MANU,1807,0.0312,56,1751
39,39,2033,MING,165,0.0029,0,165
39,39,2033,OFFI,1043,0.0963,100,943
39,39,2033,OTHR,2824,0.0737,208,2616
39,39,2033,RETL,1466,0.0327,48,1418
39,39,2033,WSLE,503,0.0382,19,484
39,39,2034,AGRI,1226,0.0262,32,1194
39,39,2034,CONS,1354,0.0288,39,1315
39,39,2034,FOOD,677,0.0191,13,664
39,39,2034,GVED,4391,0.0471,207,4184
39,39,2034,HLTH,1126,0.0352,40,1086
39,39,2034,MANU,1833,0.0315,58,1775
39,39,2034,MING,172,0.003,1,171
39,39,2034,OFFI,1054,0.0971,102,952
39,39,2034,OTHR,2912,0.0745,217,2695
39,39,2034,RETL,1482,0.033,49,1433
39,39,2034,WSLE,498,0.0387,19,479
39,39,2035,AGRI,1225,0.0264,32,1193
39,39,2035,CONS,1365,0.0291,40,1325
39,39,2035,FOOD,673,0.0193,13,660
39,39,2035,GVED,4424,0.0477,211,4213
39,39,2035,HLTH,1134,0.0356,40,1094
39,39,2035,MANU,1862,0.0318,59,1803
39,39,2035,MING,175,0.003,1,174
39,39,2035,OFFI,1068,0.0982,105,963
39,39,2035,OTHR,2887,0.0755,218,2669
39,39,2035,RETL,1490,0.0333,50,1440
39,39,2035,WSLE,492,0.0392,19,473
39,39,2036,AGRI,1223,0.0266,33,1190
39,39,2036,CONS,1374,0.0294,40,1334
39,39,2036,FOOD,677,0.0195,13,664
39,39,2036,GVED,4465,0.0481,215,4250
39,39,2036,HLTH,1143,0.0359,41,1102
39,39,2036,MANU,1898,0.0321,61,1837
39,39,2036,MING,173,0.003,1,172
39,39,2036,OFFI,1081,0.099,107,974
39,39,2036,OTHR,2930,0.0763,224,2706
39,39,2036,RETL,1500,0.0336,50,1450
39,39,2036,WSLE,487,0.0397,19,468
39,39,2037,AGRI,1223,0.0269,33,1190
39,39,2037,CONS,1376,0.0296,41,1335
39,39,2037,FOOD,684,0.0196,13,671
39,39,2037,GVED,4513,0.0486,219,4294
39,39,2037,HLTH,1154,0.0362,42,1112
39,39,2037,MANU,1935,0.0324,63,1872
39,39,2037,MING,172,0.003,1,171
39,39,2037,OFFI,1091,0.0999,109,982
39,39,2037,OTHR,2980,0.077,229,2751
39,39,2037,RETL,1514,0.0339,51,1463
39,39,2037,WSLE,481,0.0402,19,462
39,39,2038,AGRI,1222,0.0271,33,1189
39,39,2038,CONS,1375,0.0299,41,1334
39,39,2038,FOOD,689,0.0198,14,675
39,39,2038,GVED,4562,0.049,224,4338
39,39,2038,HLTH,1167,0.0365,43,1124
39,39,2038,MANU,1968,0.0327,64,1904
39,39,2038,MING,172,0.0031,1,171
39,39,2038,OFFI,1100,0.1008,111,989
39,39,2038,OTHR,3042,0.0778,237,2805
39,39,2038,RETL,1529,0.0342,52,1477
39,39,2038,WSLE,479,0.0407,19,460
39,39,2039,AGRI,1221,0.0273,33,1188
39,39,2039,CONS,1371,0.0302,41,1330
39,39,2039,FOOD,693,0.02,14,679
39,39,2039,GVED,4609,0.0495,228,4381
39,39,2039,HLTH,1179,0.0369,44,1135
39,39,2039,MANU,2000,0.0329,66,1934
39,39,2039,MING,172,0.0031,1,171
39,39,2039,OFFI,1108,0.1017,113,995
39,39,2039,OTHR,3096,0.0785,243,2853
39,39,2039,RETL,1545,0.0345,53,1492
39,39,2039,WSLE,477,0.0412,20,457
39,39,2040,AGRI,1220,0.0275,34,1186
39,39,2040,CONS,1367,0.0304,42,1325
39,39,2040,FOOD,695,0.0202,14,681
39,39,2040,GVED,4657,0.0499,232,4425
39,39,2040,HLTH,1190,0.0372,44,1146
39,39,2040,MANU,2029,0.0332,67,1962
39,39,2040,MING,172,0.0031,1,171
39,39,2040,OFFI,1117,0.1025,114,1003
39,39,2040,OTHR,3144,0.0792,249,2895
39,39,2040,RETL,1559,0.0348,54,1505
39,39,2040,WSLE,473,0.0416,20,453
39,39,2041,AGRI,1217,0.0277,34,1183
39,39,2041,CONS,1358,0.0307,42,1316
39,39,2041,FOOD,697,0.0203,14,683
39,39,2041,GVED,4703,0.0504,237,4466
39,39,2041,HLTH,1200,0.0375,45,1155
39,39,2041,MANU,2056,0.0335,69,1987
39,39,2041,MING,172,0.0031,1,171
39,39,2041,OFFI,1121,0.1034,116,1005
39,39,2041,OTHR,3186,0.0799,255,2931
39,39,2041,RETL,1572,0.0351,55,1517
39,39,2041,WSLE,470,0.0421,20,450
39,39,2042,AGRI,1216,0.0279,34,1182
39,39,2042,CONS,1350,0.0309,42,1308
39,39,2042,FOOD,697,0.0205,14,683
39,39,2042,GVED,4747,0.0508,241,4506
39,39,2042,HLTH,1209,0.0378,46,1163
39,39,2042,MANU,2082,0.0338,70,2012
39,39,2042,MING,174,0.0032,1,173
39,39,2042,OFFI,1130,0.1043,118,1012
39,39,2042,OTHR,3227,0.0806,260,2967
39,39,2042,RETL,1582,0.0354,56,1526
39,39,2042,WSLE,469,0.0426,20,449
39,39,2043,AGRI,1214,0.0281,34,1180
39,39,2043,CONS,1341,0.0312,42,1299
39,39,2043,FOOD,697,0.0207,14,683
39,39,2043,GVED,4794,0.0513,246,4548
39,39,2043,HLTH,1217,0.0381,46,1171
39,39,2043,MANU,2096,0.0341,71,2025
39,39,2043,MING,176,0.0032,1,175
39,39,2043,OFFI,1137,0.1052,120,1017
39,39,2043,OTHR,3265,0.0814,266,2999
39,39,2043,RETL,1593,0.0357,57,1536
39,39,2043,WSLE,465,0.043,20,445
39,39,2044,AGRI,1211,0.0284,34,1177
39,39,2044,CONS,1330,0.0315,42,1288
39,39,2044,FOOD,696,0.0208,14,682
39,39,2044,GVED,4838,0.0517,250,4588
39,39,2044,HLTH,1225,0.0384,47,1178
39,39,2044,MANU,2110,0.0344,73,2037
39,39,2044,MING,176,0.0032,1,175
39,39,2044,OFFI,1143,0.106,121,1022
39,39,2044,OTHR,3301,0.0821,271,3030
39,39,2044,RETL,1601,0.036,58,1543
39,39,2044,WSLE,464,0.0435,20,444
39,39,2045,AGRI,1209,0.0286,35,1174
39,39,2045,CONS,1322,0.0317,42,1280
39,39,2045,FOOD,694,0.021,15,679
39,39,2045,GVED,4879,0.0521,254,4625
39,39,2045,HLTH,1233,0.0387,48,1185
39,39,2045,MANU,2127,0.0346,74,2053
39,39,2045,MING,176,0.0033,1,175
39,39,2045,OFFI,1148,0.1069,123,1025
39,39,2045,OTHR,3333,0.0829,276,3057
39,39,2045,RETL,1609,0.0363,58,1551
39,39,2045,WSLE,462,0.044,20,442
39,39,2046,AGRI,1207,0.0288,35,1172
39,39,2046,CONS,1321,0.032,42,1279
39,39,2046,FOOD,692,0.0212,15,677
39,39,2046,GVED,4921,0.0526,259,4662
39,39,2046,HLTH,1240,0.0391,48,1192
39,39,2046,MANU,2145,0.0349,75,2070
39,39,2046,MING,175,0.0033,1,174
39,39,2046,OFFI,1159,0.1077,125,1034
39,39,2046,OTHR,3362,0.0836,281,3081
39,39,2046,RETL,1616,0.0366,59,1557
39,39,2046,WSLE,458,0.0444,20,438
39,39,2047,AGRI,1205,0.029,35,1170
39,39,2047,CONS,1322,0.0322,43,1279
39,39,2047,FOOD,690,0.0213,15,675
39,39,2047,GVED,4961,0.053,263,4698
39,39,2047,HLTH,1248,0.0394,49,1199
39,39,2047,MANU,2164,0.0352,76,2088
39,39,2047,MING,177,0.0033,1,176
39,39,2047,OFFI,1171,0.1086,127,1044
39,39,2047,OTHR,3385,0.0844,286,3099
39,39,2047,RETL,1623,0.0369,60,1563
39,39,2047,WSLE,456,0.0449,20,436
39,39,2048,AGRI,1204,0.0292,35,1169
39,39,2048,CONS,1327,0.0325,43,1284
39,39,2048,FOOD,687,0.0215,15,672
39,39,2048,GVED,4996,0.0534,267,4729
39,39,2048,HLTH,1255,0.0397,50,1205
39,39,2048,MANU,2182,0.0355,77,2105
39,39,2048,MING,179,0.0033,1,178
39,39,2048,OFFI,1184,0.1095,130,1054
39,39,2048,OTHR,3406,0.0852,290,3116
39,39,2048,RETL,1630,0.0372,61,1569
39,39,2048,WSLE,453,0.0454,21,432
39,39,2049,AGRI,1201,0.0294,35,1166
39,39,2049,CONS,1335,0.0328,44,1291
39,39,2049,FOOD,685,0.0217,15,670
39,39,2049,GVED,5029,0.0539,271,4758
39,39,2049,HLTH,1261,0.04,50,1211
39,39,2049,MANU,2201,0.0358,79,2122
39,39,2049,MING,182,0.0034,1,181
39,39,2049,OFFI,1196,0.1104,132,1064
39,39,2049,OTHR,3428,0.0859,294,3134
39,39,2049,RETL,1637,0.0375,61,1576
39,39,2049,WSLE,450,0.0459,21,429
39,39,2050,AGRI,1199,0.0297,36,1163
39,39,2050,CONS,1345,0.033,44,1301
39,39,2050,FOOD,682,0.0219,15,667
39,39,2050,GVED,5058,0.0544,275,4783
39,39,2050,HLTH,1267,0.0404,51,1216
39,39,2050,MANU,2220,0.0361,80,2140
39,39,2050,MING,183,0.0034,1,182
39,39,2050,OFFI,1206,0.1113,134,1072
39,39,2050,OTHR,3449,0.0867,299,3150
39,39,2050,RETL,1642,0.0378,62,1580
39,39,2050,WSLE,448,0.0464,21,427
39,39,2051,AGRI,1196,0.0299,36,1160
39,39,2051,CONS,1354,0.0333,45,1309
39,39,2051,FOOD,679,0.0221,15,664
39,39,2051,GVED,5084,0.0548,279,4805
39,39,2051,HLTH,1269,0.0407,52,1217
39,39,2051,MANU,2241,0.0364,82,2159
39,39,2051,MING,185,0.0034,1,184
39,39,2051,OFFI,1212,0.1122,136,1076
39,39,2051,OTHR,3465,0.0876,304,3161
39,39,2051,RETL,1647,0.0381,63,1584
39,39,2051,WSLE,446,0.0468,21,425
39,39,2052,AGRI,1194,0.0301,36,1158
39,39,2052,CONS,1363,0.0336,46,1317
39,39,2052,FOOD,674,0.0222,15,659
39,39,2052,GVED,5114,0.0553,283,4831
39,39,2052,HLTH,1272,0.041,52,1220
39,39,2052,MANU,2260,0.0367,83,2177
39,39,2052,MING,188,0.0034,1,187
39,39,2052,OFFI,1218,0.1132,138,1080
39,39,2052,OTHR,3484,0.0884,308,3176
39,39,2052,RETL,1652,0.0384,63,1589
39,39,2052,WSLE,444,0.0473,21,423
39,39,2053,AGRI,1191,0.0304,36,1155
39,39,2053,CONS,1375,0.0339,47,1328
39,39,2053,FOOD,671,0.0224,15,656
39,39,2053,GVED,5139,0.0558,287,4852
39,39,2053,HLTH,1276,0.0414,53,1223
39,39,2053,MANU,2276,0.037,84,2192
39,39,2053,MING,190,0.0035,1,189
39,39,2053,OFFI,1219,0.1141,139,1080
39,39,2053,OTHR,3502,0.0892,312,3190
39,39,2053,RETL,1657,0.0388,64,1593
39,39,2053,WSLE,441,0.0479,21,420
39,39,2054,AGRI,1189,0.0306,36,1153
39,39,2054,CONS,1385,0.0342,47,1338
39,39,2054,FOOD,667,0.0226,15,652
39,39,2054,GVED,5163,0.0563,291,4872
39,39,2054,HLTH,1278,0.0417,53,1225
39,39,2054,MANU,2290,0.0373,85,2205
39,39,2054,MING,191,0.0035,1,190
39,39,2054,OFFI,1221,0.1151,141,1080
39,39,2054,OTHR,3521,0.0901,317,3204
39,39,2054,RETL,1661,0.0391,65,1596
39,39,2054,WSLE,439,0.0484,21,418
39,39,2055,AGRI,1185,0.0308,36,1149
39,39,2055,CONS,1397,0.0344,48,1349
39,39,2055,FOOD,662,0.0228,15,647
39,39,2055,GVED,5183,0.0567,294,4889
39,39,2055,HLTH,1281,0.0421,54,1227
39,39,2055,MANU,2302,0.0376,87,2215
39,39,2055,MING,192,0.0035,1,191
39,39,2055,OFFI,1222,0.116,142,1080
39,39,2055,OTHR,3541,0.0909,322,3219
39,39,2055,RETL,1666,0.0394,66,1600
39,39,2055,WSLE,437,0.0489,21,416
39,39,2056,AGRI,1182,0.031,37,1145
39,39,2056,CONS,1398,0.0347,49,1349
39,39,2056,FOOD,657,0.023,15,642
39,39,2056,GVED,5199,0.0572,297,4902
39,39,2056,HLTH,1281,0.0424,54,1227
39,39,2056,MANU,2311,0.0379,88,2223
39,39,2056,MING,192,0.0036,1,191
39,39,2056,OFFI,1221,0.1169,143,1078
39,39,2056,OTHR,3562,0.0917,327,3235
39,39,2056,RETL,1665,0.0397,66,1599
39,39,2056,WSLE,434,0.0494,21,413
39,39,2057,AGRI,1178,0.0312,37,1141
39,39,2057,CONS,1395,0.0349,49,1346
39,39,2057,FOOD,652,0.0232,15,637
39,39,2057,GVED,5214,0.0576,300,4914
39,39,2057,HLTH,1282,0.0427,55,1227
39,39,2057,MANU,2323,0.0382,89,2234
39,39,2057,MING,189,0.0036,1,188
39,39,2057,OFFI,1223,0.1178,144,1079
39,39,2057,OTHR,3580,0.0924,331,3249
39,39,2057,RETL,1665,0.04,67,1598
39,39,2057,WSLE,433,0.0498,22,411
39,39,2058,AGRI,1175,0.0314,37,1138
39,39,2058,CONS,1391,0.0352,49,1342
39,39,2058,FOOD,647,0.0233,15,632
39,39,2058,GVED,5229,0.0581,304,4925
39,39,2058,HLTH,1281,0.043,55,1226
39,39,2058,MANU,2334,0.0385,90,2244
39,39,2058,MING,186,0.0036,1,185
39,39,2058,OFFI,1223,0.1186,145,1078
39,39,2058,OTHR,3599,0.0931,335,3264
39,39,2058,RETL,1664,0.0403,67,1597
39,39,2058,WSLE,431,0.0503,22,409
39,39,2059,AGRI,1172,0.0316,37,1135
39,39,2059,CONS,1388,0.0355,49,1339
39,39,2059,FOOD,641,0.0235,15,626
39,39,2059,GVED,5246,0.0585,307,4939
39,39,2059,HLTH,1278,0.0433,55,1223
39,39,2059,MANU,2347,0.0387,91,2256
39,39,2059,MING,184,0.0036,1,183
39,39,2059,OFFI,1224,0.1195,146,1078
39,39,2059,OTHR,3619,0.0939,340,3279
39,39,2059,RETL,1662,0.0406,67,1595
39,39,2059,WSLE,428,0.0508,22,406
39,39,2060,AGRI,1168,0.0318,37,1131
39,39,2060,CONS,1384,0.0357,49,1335
39,39,2060,FOOD,637,0.0237,15,622
39,39,2060,GVED,5263,0.0589,310,4953
39,39,2060,HLTH,1275,0.0436,56,1219
39,39,2060,MANU,2358,0.039,92,2266
39,39,2060,MING,183,0.0037,1,182
39,39,2060,OFFI,1226,0.1203,147,1079
39,39,2060,OTHR,3639,0.0946,344,3295
39,39,2060,RETL,1661,0.0409,68,1593
39,39,2060,WSLE,427,0.0512,22,405
39,39,2061,AGRI,1165,0.032,37,1128
39,39,2061,CONS,1382,0.036,50,1332
39,39,2061,FOOD,633,0.0238,15,618
39,39,2061,GVED,5281,0.0594,314,4967
39,39,2061,HLTH,1272,0.0439,56,1216
39,39,2061,MANU,2370,0.0393,93,2277
39,39,2061,MING,182,0.0037,1,181
39,39,2061,OFFI,1227,0.1212,149,1078
39,39,2061,OTHR,3660,0.0954,349,3311
39,39,2061,RETL,1660,0.0412,68,1592
39,39,2061,WSLE,425,0.0517,22,403
39,39,2062,AGRI,1162,0.0322,37,1125
39,39,2062,CONS,1379,0.0362,50,1329
39,39,2062,FOOD,628,0.024,15,613
39,39,2062,GVED,5300,0.0598,317,4983
39,39,2062,HLTH,1269,0.0443,56,1213
39,39,2062,MANU,2382,0.0396,94,2288
39,39,2062,MING,182,0.0037,1,181
39,39,2062,OFFI,1227,0.122,150,1077
39,39,2062,OTHR,3678,0.0962,354,3324
39,39,2062,RETL,1659,0.0415,69,1590
39,39,2062,WSLE,423,0.0522,22,401
39,39,2063,AGRI,1160,0.0324,38,1122
39,39,2063,CONS,1377,0.0365,50,1327
39,39,2063,FOOD,625,0.0242,15,610
39,39,2063,GVED,5318,0.0602,320,4998
39,39,2063,HLTH,1266,0.0446,56,1210
39,39,2063,MANU,2395,0.0398,95,2300
39,39,2063,MING,181,0.0037,1,180
39,39,2063,OFFI,1228,0.1229,151,1077
39,39,2063,OTHR,3699,0.0969,358,3341
39,39,2063,RETL,1658,0.0417,69,1589
39,39,2063,WSLE,421,0.0527,22,399
39,39,2064,AGRI,1156,0.0326,38,1118
39,39,2064,CONS,1374,0.0367,50,1324
39,39,2064,FOOD,621,0.0243,15,606
39,39,2064,GVED,5338,0.0607,324,5014
39,39,2064,HLTH,1263,0.0449,57,1206
39,39,2064,MANU,2407,0.0401,97,2310
39,39,2064,MING,180,0.0038,1,179
39,39,2064,OFFI,1229,0.1238,152,1077
39,39,2064,OTHR,3716,0.0977,363,3353
39,39,2064,RETL,1657,0.042,70,1587
39,39,2064,WSLE,419,0.0532,22,397
39,39,2065,AGRI,1155,0.0328,38,1117
39,39,2065,CONS,1372,0.037,51,1321
39,39,2065,FOOD,617,0.0245,15,602
39,39,2065,GVED,5358,0.0611,327,5031
39,39,2065,HLTH,1261,0.0452,57,1204
39,39,2065,MANU,2419,0.0404,98,2321
39,39,2065,MING,179,0.0038,1,178
39,39,2065,OFFI,1228,0.1247,153,1075
39,39,2065,OTHR,3734,0.0984,367,3367
39,39,2065,RETL,1656,0.0423,70,1586
39,39,2065,WSLE,418,0.0536,22,396
41,41,2023,AGRI,950,0.0246,23,927
41,41,2023,CONS,747,0.0282,21,726
41,41,2023,FOOD,1143,0.0187,21,1122
41,41,2023,GVED,2180,0.0464,101,2079
41,41,2023,HLTH,1142,0.0344,39,1103
41,41,2023,MANU,570,0.0308,18,552
41,41,2023,MING,689,0.0029,2,687
41,41,2023,OFFI,773,0.0948,73,700
41,41,2023,OTHR,2207,0.0711,157,2050
41,41,2023,RETL,1843,0.0322,59,1784
41,41,2023,WSLE,1507,0.0333,50,1457
41,41,2024,AGRI,953,0.0244,23,930
41,41,2024,CONS,733,0.028,21,712
41,41,2024,FOOD,1164,0.0186,22,1142
41,41,2024,GVED,2209,0.0462,102,2107
41,41,2024,HLTH,1155,0.0342,40,1115
41,41,2024,MANU,602,0.0306,18,584
41,41,2024,MING,748,0.0029,2,746
41,41,2024,OFFI,723,0.0943,68,655
41,41,2024,OTHR,2161,0.0699,151,2010
41,41,2024,RETL,1830,0.0321,59,1771
41,41,2024,WSLE,1517,0.0336,51,1466
41,41,2025,AGRI,951,0.0259,25,926
41,41,2025,CONS,731,0.0298,22,709
41,41,2025,FOOD,1162,0.0197,23,1139
41,41,2025,GVED,2251,0.049,110,2141
41,41,2025,HLTH,1209,0.0364,44,1165
41,41,2025,MANU,612,0.0325,20,592
41,41,2025,MING,737,0.0031,2,735
41,41,2025,OFFI,731,0.1002,73,658
41,41,2025,OTHR,2189,0.0743,163,2026
41,41,2025,RETL,1841,0.0341,63,1778
41,41,2025,WSLE,1546,0.0356,55,1491
41,41,2026,AGRI,951,0.026,25,926
41,41,2026,CONS,733,0.0299,22,711
41,41,2026,FOOD,1168,0.0198,23,1145
41,41,2026,GVED,2278,0.0493,112,2166
41,41,2026,HLTH,1250,0.0365,46,1204
41,41,2026,MANU,617,0.0327,20,597
41,41,2026,MING,753,0.0031,2,751
41,41,2026,OFFI,729,0.1007,73,656
41,41,2026,OTHR,2216,0.0746,165,2051
41,41,2026,RETL,1844,0.0342,63,1781
41,41,2026,WSLE,1556,0.0358,56,1500
41,41,2027,AGRI,948,0.0262,25,923
41,41,2027,CONS,737,0.0301,22,715
41,41,2027,FOOD,1171,0.0199,23,1148
41,41,2027,GVED,2301,0.0496,114,2187
41,41,2027,HLTH,1284,0.0368,47,1237
41,41,2027,MANU,622,0.0329,20,602
41,41,2027,MING,760,0.0031,2,758
41,41,2027,OFFI,725,0.1014,74,651
41,41,2027,OTHR,2245,0.0748,168,2077
41,41,2027,RETL,1857,0.0345,64,1793
41,41,2027,WSLE,1569,0.0361,57,1512
41,41,2028,AGRI,943,0.0263,25,918
41,41,2028,CONS,747,0.0302,23,724
41,41,2028,FOOD,1173,0.02,23,1150
41,41,2028,GVED,2324,0.0498,116,2208
41,41,2028,HLTH,1309,0.0369,48,1261
41,41,2028,MANU,627,0.033,21,606
41,41,2028,MING,723,0.0031,2,721
41,41,2028,OFFI,728,0.1018,74,654
41,41,2028,OTHR,2285,0.0748,171,2114
41,41,2028,RETL,1861,0.0346,64,1797
41,41,2028,WSLE,1571,0.0362,57,1514
41,41,2029,AGRI,939,0.0263,25,914
41,41,2029,CONS,759,0.0303,23,736
41,41,2029,FOOD,1169,0.0201,23,1146
41,41,2029,GVED,2347,0.05,117,2230
41,41,2029,HLTH,1332,0.037,49,1283
41,41,2029,MANU,636,0.0331,21,615
41,41,2029,MING,675,0.0031,2,673
41,41,2029,OFFI,734,0.102,75,659
41,41,2029,OTHR,2327,0.0749,174,2153
41,41,2029,RETL,1868,0.0347,65,1803
41,41,2029,WSLE,1570,0.0363,57,1513
41,41,2030,AGRI,935,0.0264,25,910
41,41,2030,CONS,767,0.0305,23,744
41,41,2030,FOOD,1162,0.0202,23,1139
41,41,2030,GVED,2361,0.0503,119,2242
41,41,2030,HLTH,1357,0.0372,50,1307
41,41,2030,MANU,648,0.0333,22,626
41,41,2030,MING,658,0.0031,2,656
41,41,2030,OFFI,741,0.1026,76,665
41,41,2030,OTHR,2359,0.0753,178,2181
41,41,2030,RETL,1886,0.0349,66,1820
41,41,2030,WSLE,1566,0.0365,57,1509
41,41,2031,AGRI,931,0.0266,25,906
41,41,2031,CONS,772,0.0308,24,748
41,41,2031,FOOD,1148,0.0204,23,1125
41,41,2031,GVED,2369,0.0507,120,2249
41,41,2031,HLTH,1383,0.0376,52,1331
41,41,2031,MANU,659,0.0336,22,637
41,41,2031,MING,656,0.0032,2,654
41,41,2031,OFFI,746,0.1035,77,669
41,41,2031,OTHR,2389,0.076,182,2207
41,41,2031,RETL,1904,0.0352,67,1837
41,41,2031,WSLE,1563,0.0369,58,1505
41,41,2032,AGRI,928,0.0269,25,903
41,41,2032,CONS,779,0.0311,24,755
41,41,2032,FOOD,1137,0.0206,23,1114
41,41,2032,GVED,2382,0.0513,122,2260
41,41,2032,HLTH,1406,0.038,53,1353
41,41,2032,MANU,668,0.034,23,645
41,41,2032,MING,683,0.0032,2,681
41,41,2032,OFFI,750,0.1047,79,671
41,41,2032,OTHR,2415,0.0769,186,2229
41,41,2032,RETL,1918,0.0356,68,1850
41,41,2032,WSLE,1554,0.0373,58,1496
41,41,2033,AGRI,930,0.0271,25,905
41,41,2033,CONS,789,0.0314,25,764
41,41,2033,FOOD,1135,0.0208,24,1111
41,41,2033,GVED,2391,0.0519,124,2267
41,41,2033,HLTH,1423,0.0384,55,1368
41,41,2033,MANU,675,0.0343,23,652
41,41,2033,MING,711,0.0032,2,709
41,41,2033,OFFI,757,0.1058,80,677
41,41,2033,OTHR,2446,0.0779,191,2255
41,41,2033,RETL,1927,0.036,69,1858
41,41,2033,WSLE,1545,0.0378,58,1487
41,41,2034,AGRI,931,0.0273,25,906
41,41,2034,CONS,802,0.0317,25,777
41,41,2034,FOOD,1140,0.021,24,1116
41,41,2034,GVED,2407,0.0523,126,2281
41,41,2034,HLTH,1445,0.0387,56,1389
41,41,2034,MANU,682,0.0346,24,658
41,41,2034,MING,734,0.0033,2,732
41,41,2034,OFFI,766,0.1067,82,684
41,41,2034,OTHR,2515,0.0787,198,2317
41,41,2034,RETL,1939,0.0363,70,1869
41,41,2034,WSLE,1534,0.0382,59,1475
41,41,2035,AGRI,931,0.0276,26,905
41,41,2035,CONS,809,0.0321,26,783
41,41,2035,FOOD,1130,0.0213,24,1106
41,41,2035,GVED,2418,0.053,128,2290
41,41,2035,HLTH,1457,0.0392,57,1400
41,41,2035,MANU,689,0.035,24,665
41,41,2035,MING,746,0.0033,2,744
41,41,2035,OFFI,777,0.108,84,693
41,41,2035,OTHR,2472,0.0796,197,2275
41,41,2035,RETL,1941,0.0367,71,1870
41,41,2035,WSLE,1509,0.0388,59,1450
41,41,2036,AGRI,930,0.0278,26,904
41,41,2036,CONS,819,0.0324,27,792
41,41,2036,FOOD,1135,0.0214,24,1111
41,41,2036,GVED,2434,0.0535,130,2304
41,41,2036,HLTH,1472,0.0395,58,1414
41,41,2036,MANU,700,0.0353,25,675
41,41,2036,MING,741,0.0033,2,739
41,41,2036,OFFI,787,0.1089,86,701
41,41,2036,OTHR,2495,0.0804,201,2294
41,41,2036,RETL,1949,0.037,72,1877
41,41,2036,WSLE,1488,0.0392,58,1430
41,41,2037,AGRI,931,0.028,26,905
41,41,2037,CONS,829,0.0326,27,802
41,41,2037,FOOD,1144,0.0216,25,1119
41,41,2037,GVED,2456,0.054,133,2323
41,41,2037,HLTH,1490,0.0399,59,1431
41,41,2037,MANU,711,0.0356,25,686
41,41,2037,MING,737,0.0033,2,735
41,41,2037,OFFI,795,0.1099,87,708
41,41,2037,OTHR,2528,0.0811,205,2323
41,41,2037,RETL,1963,0.0374,73,1890
41,41,2037,WSLE,1473,0.0396,58,1415
41,41,2038,AGRI,931,0.0282,26,905
41,41,2038,CONS,839,0.0329,28,811
41,41,2038,FOOD,1150,0.0218,25,1125
41,41,2038,GVED,2477,0.0544,135,2342
41,41,2038,HLTH,1512,0.0402,61,1451
41,41,2038,MANU,720,0.0359,26,694
41,41,2038,MING,737,0.0034,3,734
41,41,2038,OFFI,805,0.1108,89,716
41,41,2038,OTHR,2570,0.0818,210,2360
41,41,2038,RETL,1979,0.0377,75,1904
41,41,2038,WSLE,1467,0.04,59,1408
41,41,2039,AGRI,930,0.0284,26,904
41,41,2039,CONS,849,0.0332,28,821
41,41,2039,FOOD,1158,0.022,25,1133
41,41,2039,GVED,2501,0.0549,137,2364
41,41,2039,HLTH,1532,0.0406,62,1470
41,41,2039,MANU,729,0.0363,26,703
41,41,2039,MING,738,0.0034,3,735
41,41,2039,OFFI,813,0.1117,91,722
41,41,2039,OTHR,2611,0.0825,215,2396
41,41,2039,RETL,1995,0.038,76,1919
41,41,2039,WSLE,1459,0.0404,59,1400
41,41,2040,AGRI,930,0.0286,27,903
41,41,2040,CONS,858,0.0335,29,829
41,41,2040,FOOD,1163,0.0222,26,1137
41,41,2040,GVED,2526,0.0554,140,2386
41,41,2040,HLTH,1553,0.0409,64,1489
41,41,2040,MANU,737,0.0366,27,710
41,41,2040,MING,739,0.0034,3,736
41,41,2040,OFFI,821,0.1127,93,728
41,41,2040,OTHR,2649,0.0832,220,2429
41,41,2040,RETL,2012,0.0383,77,1935
41,41,2040,WSLE,1453,0.0408,59,1394
41,41,2041,AGRI,929,0.0288,27,902
41,41,2041,CONS,865,0.0338,29,836
41,41,2041,FOOD,1169,0.0224,26,1143
41,41,2041,GVED,2550,0.0559,143,2407
41,41,2041,HLTH,1576,0.0413,65,1511
41,41,2041,MANU,744,0.0369,27,717
41,41,2041,MING,744,0.0035,3,741
41,41,2041,OFFI,827,0.1137,94,733
41,41,2041,OTHR,2681,0.0839,225,2456
41,41,2041,RETL,2031,0.0387,79,1952
41,41,2041,WSLE,1448,0.0413,60,1388
41,41,2042,AGRI,928,0.029,27,901
41,41,2042,CONS,875,0.0341,30,845
41,41,2042,FOOD,1173,0.0226,27,1146
41,41,2042,GVED,2574,0.0565,145,2429
41,41,2042,HLTH,1599,0.0416,67,1532
41,41,2042,MANU,750,0.0372,28,722
41,41,2042,MING,753,0.0035,3,750
41,41,2042,OFFI,839,0.1147,96,743
41,41,2042,OTHR,2715,0.0846,230,2485
41,41,2042,RETL,2050,0.039,80,1970
41,41,2042,WSLE,1444,0.0417,60,1384
41,41,2043,AGRI,927,0.0292,27,900
41,41,2043,CONS,883,0.0344,30,853
41,41,2043,FOOD,1179,0.0228,27,1152
41,41,2043,GVED,2607,0.057,149,2458
41,41,2043,HLTH,1620,0.042,68,1552
41,41,2043,MANU,756,0.0376,28,728
41,41,2043,MING,761,0.0035,3,758
41,41,2043,OFFI,847,0.1157,98,749
41,41,2043,OTHR,2747,0.0854,235,2512
41,41,2043,RETL,2069,0.0394,82,1987
41,41,2043,WSLE,1439,0.0421,61,1378
41,41,2044,AGRI,927,0.0294,27,900
41,41,2044,CONS,891,0.0347,31,860
41,41,2044,FOOD,1183,0.023,27,1156
41,41,2044,GVED,2637,0.0575,152,2485
41,41,2044,HLTH,1644,0.0424,70,1574
41,41,2044,MANU,761,0.0379,29,732
41,41,2044,MING,762,0.0036,3,759
41,41,2044,OFFI,858,0.1167,100,758
41,41,2044,OTHR,2778,0.0861,239,2539
41,41,2044,RETL,2087,0.0397,83,2004
41,41,2044,WSLE,1436,0.0425,61,1375
41,41,2045,AGRI,926,0.0296,27,899
41,41,2045,CONS,902,0.035,32,870
41,41,2045,FOOD,1188,0.0232,28,1160
41,41,2045,GVED,2665,0.058,155,2510
41,41,2045,HLTH,1666,0.0427,71,1595
41,41,2045,MANU,768,0.0382,29,739
41,41,2045,MING,762,0.0036,3,759
41,41,2045,OFFI,867,0.1177,102,765
41,41,2045,OTHR,2807,0.0868,244,2563
41,41,2045,RETL,2107,0.04,84,2023
41,41,2045,WSLE,1432,0.0429,61,1371
41,41,2046,AGRI,925,0.0298,28,897
41,41,2046,CONS,916,0.0352,32,884
41,41,2046,FOOD,1190,0.0233,28,1162
41,41,2046,GVED,2698,0.0585,158,2540
41,41,2046,HLTH,1691,0.0431,73,1618
41,41,2046,MANU,776,0.0385,30,746
41,41,2046,MING,765,0.0036,3,762
41,41,2046,OFFI,881,0.1186,104,777
41,41,2046,OTHR,2833,0.0876,248,2585
41,41,2046,RETL,2126,0.0403,86,2040
41,41,2046,WSLE,1430,0.0434,62,1368
41,41,2047,AGRI,924,0.03,28,896
41,41,2047,CONS,931,0.0355,33,898
41,41,2047,FOOD,1193,0.0235,28,1165
41,41,2047,GVED,2729,0.059,161,2568
41,41,2047,HLTH,1715,0.0434,74,1641
41,41,2047,MANU,783,0.0388,30,753
41,41,2047,MING,774,0.0036,3,771
41,41,2047,OFFI,896,0.1196,107,789
41,41,2047,OTHR,2856,0.0883,252,2604
41,41,2047,RETL,2146,0.0407,87,2059
41,41,2047,WSLE,1427,0.0438,63,1364
41,41,2048,AGRI,924,0.0303,28,896
41,41,2048,CONS,950,0.0359,34,916
41,41,2048,FOOD,1197,0.0238,28,1169
41,41,2048,GVED,2760,0.0596,164,2596
41,41,2048,HLTH,1740,0.0438,76,1664
41,41,2048,MANU,791,0.0392,31,760
41,41,2048,MING,787,0.0037,3,784
41,41,2048,OFFI,913,0.1207,110,803
41,41,2048,OTHR,2877,0.0891,256,2621
41,41,2048,RETL,2168,0.041,89,2079
41,41,2048,WSLE,1424,0.0442,63,1361
41,41,2049,AGRI,922,0.0305,28,894
41,41,2049,CONS,971,0.0362,35,936
41,41,2049,FOOD,1200,0.024,29,1171
41,41,2049,GVED,2792,0.0601,168,2624
41,41,2049,HLTH,1764,0.0442,78,1686
41,41,2049,MANU,799,0.0395,32,767
41,41,2049,MING,801,0.0037,3,798
41,41,2049,OFFI,930,0.1218,113,817
41,41,2049,OTHR,2898,0.0898,260,2638
41,41,2049,RETL,2189,0.0414,91,2098
41,41,2049,WSLE,1420,0.0447,63,1357
41,41,2050,AGRI,920,0.0308,28,892
41,41,2050,CONS,992,0.0365,36,956
41,41,2050,FOOD,1203,0.0242,29,1174
41,41,2050,GVED,2825,0.0607,171,2654
41,41,2050,HLTH,1788,0.0446,80,1708
41,41,2050,MANU,806,0.0399,32,774
41,41,2050,MING,816,0.0037,3,813
41,41,2050,OFFI,946,0.1228,116,830
41,41,2050,OTHR,2917,0.0907,265,2652
41,41,2050,RETL,2210,0.0418,92,2118
41,41,2050,WSLE,1418,0.0451,64,1354
41,41,2051,AGRI,919,0.031,28,891
41,41,2051,CONS,1014,0.0368,37,977
41,41,2051,FOOD,1206,0.0244,29,1177
41,41,2051,GVED,2850,0.0612,174,2676
41,41,2051,HLTH,1810,0.045,81,1729
41,41,2051,MANU,815,0.0402,33,782
41,41,2051,MING,830,0.0038,3,827
41,41,2051,OFFI,958,0.1239,119,839
41,41,2051,OTHR,2935,0.0915,269,2666
41,41,2051,RETL,2232,0.0421,94,2138
41,41,2051,WSLE,1413,0.0456,64,1349
41,41,2052,AGRI,918,0.0312,29,889
41,41,2052,CONS,1037,0.0372,39,998
41,41,2052,FOOD,1208,0.0246,30,1178
41,41,2052,GVED,2881,0.0618,178,2703
41,41,2052,HLTH,1833,0.0454,83,1750
41,41,2052,MANU,823,0.0406,33,790
41,41,2052,MING,844,0.0038,3,841
41,41,2052,OFFI,970,0.1251,121,849
41,41,2052,OTHR,2953,0.0923,273,2680
41,41,2052,RETL,2253,0.0425,96,2157
41,41,2052,WSLE,1411,0.0461,65,1346
41,41,2053,AGRI,917,0.0315,29,888
41,41,2053,CONS,1060,0.0375,40,1020
41,41,2053,FOOD,1210,0.0248,30,1180
41,41,2053,GVED,2910,0.0624,182,2728
41,41,2053,HLTH,1856,0.0458,85,1771
41,41,2053,MANU,830,0.041,34,796
41,41,2053,MING,860,0.0038,3,857
41,41,2053,OFFI,979,0.1262,124,855
41,41,2053,OTHR,2975,0.0932,277,2698
41,41,2053,RETL,2277,0.0429,98,2179
41,41,2053,WSLE,1409,0.0465,66,1343
41,41,2054,AGRI,915,0.0317,29,886
41,41,2054,CONS,1083,0.0378,41,1042
41,41,2054,FOOD,1212,0.0251,30,1182
41,41,2054,GVED,2939,0.063,185,2754
41,41,2054,HLTH,1877,0.0462,87,1790
41,41,2054,MANU,836,0.0413,35,801
41,41,2054,MING,873,0.0039,3,870
41,41,2054,OFFI,987,0.1273,126,861
41,41,2054,OTHR,2993,0.094,281,2712
41,41,2054,RETL,2298,0.0433,100,2198
41,41,2054,WSLE,1407,0.047,66,1341
41,41,2055,AGRI,912,0.032,29,883
41,41,2055,CONS,1107,0.0382,42,1065
41,41,2055,FOOD,1214,0.0253,31,1183
41,41,2055,GVED,2965,0.0635,188,2777
41,41,2055,HLTH,1897,0.0466,88,1809
41,41,2055,MANU,841,0.0417,35,806
41,41,2055,MING,883,0.0039,3,880
41,41,2055,OFFI,996,0.1285,128,868
41,41,2055,OTHR,3012,0.0948,286,2726
41,41,2055,RETL,2317,0.0437,101,2216
41,41,2055,WSLE,1406,0.0475,67,1339
41,41,2056,AGRI,911,0.0322,29,882
41,41,2056,CONS,1123,0.0385,43,1080
41,41,2056,FOOD,1214,0.0255,31,1183
41,41,2056,GVED,2990,0.0641,192,2798
41,41,2056,HLTH,1916,0.047,90,1826
41,41,2056,MANU,845,0.042,35,810
41,41,2056,MING,885,0.0039,3,882
41,41,2056,OFFI,1003,0.1295,130,873
41,41,2056,OTHR,3033,0.0956,290,2743
41,41,2056,RETL,2334,0.044,103,2231
41,41,2056,WSLE,1406,0.0479,67,1339
41,41,2057,AGRI,909,0.0323,29,880
41,41,2057,CONS,1134,0.0387,44,1090
41,41,2057,FOOD,1212,0.0257,31,1181
41,41,2057,GVED,3013,0.0646,195,2818
41,41,2057,HLTH,1931,0.0473,91,1840
41,41,2057,MANU,849,0.0423,36,813
41,41,2057,MING,877,0.004,4,873
41,41,2057,OFFI,1011,0.1304,132,879
41,41,2057,OTHR,3053,0.0962,294,2759
41,41,2057,RETL,2348,0.0443,104,2244
41,41,2057,WSLE,1405,0.0483,68,1337
41,41,2058,AGRI,907,0.0325,29,878
41,41,2058,CONS,1144,0.039,45,1099
41,41,2058,FOOD,1211,0.0259,31,1180
41,41,2058,GVED,3037,0.065,197,2840
41,41,2058,HLTH,1944,0.0477,93,1851
41,41,2058,MANU,854,0.0426,36,818
41,41,2058,MING,868,0.004,3,865
41,41,2058,OFFI,1019,0.1313,134,885
41,41,2058,OTHR,3069,0.0969,297,2772
41,41,2058,RETL,2360,0.0447,105,2255
41,41,2058,WSLE,1403,0.0487,68,1335
41,41,2059,AGRI,905,0.0327,30,875
41,41,2059,CONS,1154,0.0393,45,1109
41,41,2059,FOOD,1210,0.026,31,1179
41,41,2059,GVED,3062,0.0655,201,2861
41,41,2059,HLTH,1958,0.048,94,1864
41,41,2059,MANU,860,0.0429,37,823
41,41,2059,MING,865,0.004,3,862
41,41,2059,OFFI,1027,0.1323,136,891
41,41,2059,OTHR,3089,0.0976,301,2788
41,41,2059,RETL,2374,0.045,107,2267
41,41,2059,WSLE,1402,0.0491,69,1333
41,41,2060,AGRI,902,0.0329,30,872
41,41,2060,CONS,1164,0.0396,46,1118
41,41,2060,FOOD,1210,0.0262,32,1178
41,41,2060,GVED,3091,0.0661,204,2887
41,41,2060,HLTH,1971,0.0484,95,1876
41,41,2060,MANU,865,0.0433,37,828
41,41,2060,MING,866,0.0041,4,862
41,41,2060,OFFI,1034,0.1333,138,896
41,41,2060,OTHR,3108,0.0983,306,2802
41,41,2060,RETL,2387,0.0453,108,2279
41,41,2060,WSLE,1400,0.0495,69,1331
41,41,2061,AGRI,900,0.0331,30,870
41,41,2061,CONS,1175,0.0399,47,1128
41,41,2061,FOOD,1210,0.0264,32,1178
41,41,2061,GVED,3115,0.0666,207,2908
41,41,2061,HLTH,1984,0.0488,97,1887
41,41,2061,MANU,870,0.0436,38,832
41,41,2061,MING,867,0.0041,4,863
41,41,2061,OFFI,1040,0.1343,140,900
41,41,2061,OTHR,3127,0.0991,310,2817
41,41,2061,RETL,2402,0.0457,110,2292
41,41,2061,WSLE,1398,0.05,70,1328
41,41,2062,AGRI,898,0.0333,30,868
41,41,2062,CONS,1184,0.0402,48,1136
41,41,2062,FOOD,1210,0.0266,32,1178
41,41,2062,GVED,3139,0.0671,211,2928
41,41,2062,HLTH,1997,0.0491,98,1899
41,41,2062,MANU,875,0.0439,38,837
41,41,2062,MING,868,0.0041,4,864
41,41,2062,OFFI,1047,0.1353,142,905
41,41,2062,OTHR,3148,0.0998,314,2834
41,41,2062,RETL,2416,0.046,111,2305
41,41,2062,WSLE,1395,0.0504,70,1325
41,41,2063,AGRI,896,0.0335,30,866
41,41,2063,CONS,1194,0.0405,48,1146
41,41,2063,FOOD,1210,0.0268,32,1178
41,41,2063,GVED,3166,0.0676,214,2952
41,41,2063,HLTH,2010,0.0495,99,1911
41,41,2063,MANU,881,0.0442,39,842
41,41,2063,MING,869,0.0042,4,865
41,41,2063,OFFI,1054,0.1363,144,910
41,41,2063,OTHR,3167,0.1005,318,2849
41,41,2063,RETL,2430,0.0464,113,2317
41,41,2063,WSLE,1394,0.0508,71,1323
41,41,2064,AGRI,893,0.0337,30,863
41,41,2064,CONS,1202,0.0408,49,1153
41,41,2064,FOOD,1210,0.027,33,1177
41,41,2064,GVED,3192,0.0681,217,2975
41,41,2064,HLTH,2024,0.0498,101,1923
41,41,2064,MANU,886,0.0445,39,847
41,41,2064,MING,869,0.0042,4,865
41,41,2064,OFFI,1060,0.1373,146,914
41,41,2064,OTHR,3188,0.1012,323,2865
41,41,2064,RETL,2445,0.0467,114,2331
41,41,2064,WSLE,1391,0.0513,71,1320
41,41,2065,AGRI,892,0.0339,30,862
41,41,2065,CONS,1212,0.0411,50,1162
41,41,2065,FOOD,1209,0.0272,33,1176
41,41,2065,GVED,3216,0.0686,221,2995
41,41,2065,HLTH,2037,0.0502,102,1935
41,41,2065,MANU,892,0.0449,40,852
41,41,2065,MING,869,0.0042,4,865
41,41,2065,OFFI,1067,0.1382,147,920
41,41,2065,OTHR,3206,0.1019,327,2879
41,41,2065,RETL,2459,0.047,116,2343
41,41,2065,WSLE,1388,0.0517,72,1316
43,43,2023,AGRI,923,0.029,27,896
43,43,2023,CONS,3384,0.0376,127,3257
43,43,2023,FOOD,7599,0.0249,189,7410
43,43,2023,GVED,3917,0.0579,227,3690
43,43,2023,HLTH,2429,0.046,112,2317
43,43,2023,MANU,1380,0.0411,57,1323
43,43,2023,MING,91,0.0039,0,91
43,43,2023,OFFI,5478,0.1267,694,4784
43,43,2023,OTHR,18889,0.0908,1715,17174
43,43,2023,RETL,4332,0.0431,187,4145
43,43,2023,WSLE,1338,0.0529,71,1267
43,43,2024,AGRI,925,0.0288,27,898
43,43,2024,CONS,3731,0.0373,139,3592
43,43,2024,FOOD,7648,0.0247,189,7459
43,43,2024,GVED,4214,0.0578,244,3970
43,43,2024,HLTH,2600,0.0456,119,2481
43,43,2024,MANU,1308,0.0407,53,1255
43,43,2024,MING,68,0.0038,0,68
43,43,2024,OFFI,5472,0.1256,687,4785
43,43,2024,OTHR,18717,0.0898,1681,17036
43,43,2024,RETL,4563,0.0427,195,4368
43,43,2024,WSLE,1182,0.0534,63,1119
43,43,2025,AGRI,923,0.031,29,894
43,43,2025,CONS,3989,0.0402,160,3829
43,43,2025,FOOD,7703,0.0266,205,7498
43,43,2025,GVED,4335,0.0624,271,4064
43,43,2025,HLTH,2726,0.0491,134,2592
43,43,2025,MANU,1335,0.0439,59,1276
43,43,2025,MING,67,0.0041,0,67
43,43,2025,OFFI,5577,0.1354,755,4822
43,43,2025,OTHR,19168,0.0971,1861,17307
43,43,2025,RETL,4618,0.046,212,4406
43,43,2025,WSLE,1206,0.0575,69,1137
43,43,2026,AGRI,924,0.0313,29,895
43,43,2026,CONS,4219,0.0407,172,4047
43,43,2026,FOOD,7786,0.027,210,7576
43,43,2026,GVED,4421,0.0633,280,4141
43,43,2026,HLTH,2823,0.0498,141,2682
43,43,2026,MANU,1345,0.0445,60,1285
43,43,2026,MING,70,0.0042,0,70
43,43,2026,OFFI,5567,0.1371,763,4804
43,43,2026,OTHR,19496,0.0983,1916,17580
43,43,2026,RETL,4624,0.0466,215,4409
43,43,2026,WSLE,1215,0.0582,71,1144
43,43,2027,AGRI,920,0.0318,29,891
43,43,2027,CONS,4398,0.0413,182,4216
43,43,2027,FOOD,7831,0.0274,215,7616
43,43,2027,GVED,4510,0.0644,290,4220
43,43,2027,HLTH,2908,0.0505,147,2761
43,43,2027,MANU,1357,0.0452,61,1296
43,43,2027,MING,71,0.0042,0,71
43,43,2027,OFFI,5554,0.1392,773,4781
43,43,2027,OTHR,19943,0.099,1974,17969
43,43,2027,RETL,4683,0.0473,222,4461
43,43,2027,WSLE,1230,0.0591,73,1157
43,43,2028,AGRI,916,0.0322,29,887
43,43,2028,CONS,4548,0.042,191,4357
43,43,2028,FOOD,7861,0.0278,219,7642
43,43,2028,GVED,4589,0.0654,300,4289
43,43,2028,HLTH,2975,0.0513,153,2822
43,43,2028,MANU,1368,0.0458,63,1305
43,43,2028,MING,69,0.0043,0,69
43,43,2028,OFFI,5573,0.1413,787,4786
43,43,2028,OTHR,20421,0.0995,2032,18389
43,43,2028,RETL,4717,0.048,226,4491
43,43,2028,WSLE,1233,0.06,74,1159
43,43,2029,AGRI,911,0.0326,30,881
43,43,2029,CONS,4687,0.0424,199,4488
43,43,2029,FOOD,7874,0.0281,221,7653
43,43,2029,GVED,4666,0.0663,309,4357
43,43,2029,HLTH,3040,0.0518,157,2883
43,43,2029,MANU,1389,0.0463,64,1325
43,43,2029,MING,65,0.0044,0,65
43,43,2029,OFFI,5627,0.1429,804,4823
43,43,2029,OTHR,20854,0.1003,2092,18762
43,43,2029,RETL,4772,0.0486,232,4540
43,43,2029,WSLE,1241,0.0608,75,1166
43,43,2030,AGRI,909,0.0328,30,879
43,43,2030,CONS,4785,0.0429,205,4580
43,43,2030,FOOD,7864,0.0284,223,7641
43,43,2030,GVED,4729,0.0671,317,4412
43,43,2030,HLTH,3115,0.0524,163,2952
43,43,2030,MANU,1418,0.0468,66,1352
43,43,2030,MING,64,0.0044,0,64
43,43,2030,OFFI,5689,0.1444,821,4868
43,43,2030,OTHR,21192,0.1013,2147,19045
43,43,2030,RETL,4860,0.0491,239,4621
43,43,2030,WSLE,1248,0.0615,77,1171
43,43,2031,AGRI,906,0.0331,30,876
43,43,2031,CONS,4859,0.0433,210,4649
43,43,2031,FOOD,7813,0.0287,224,7589
43,43,2031,GVED,4779,0.068,325,4454
43,43,2031,HLTH,3188,0.0529,169,3019
43,43,2031,MANU,1446,0.0473,68,1378
43,43,2031,MING,65,0.0044,0,65
43,43,2031,OFFI,5744,0.1459,838,4906
43,43,2031,OTHR,21521,0.1024,2204,19317
43,43,2031,RETL,4962,0.0496,246,4716
43,43,2031,WSLE,1257,0.0623,78,1179
43,43,2032,AGRI,904,0.0334,30,874
43,43,2032,CONS,4945,0.0438,217,4728
43,43,2032,FOOD,7793,0.029,226,7567
43,43,2032,GVED,4827,0.0688,332,4495
43,43,2032,HLTH,3258,0.0535,174,3084
43,43,2032,MANU,1472,0.0478,70,1402
43,43,2032,MING,69,0.0045,0,69
43,43,2032,OFFI,5806,0.1474,856,4950
43,43,2032,OTHR,21933,0.1035,2270,19663
43,43,2032,RETL,5051,0.0501,253,4798
43,43,2032,WSLE,1268,0.063,80,1188
43,43,2033,AGRI,906,0.0337,31,875
43,43,2033,CONS,5021,0.0443,222,4799
43,43,2033,FOOD,7813,0.0293,229,7584
43,43,2033,GVED,4876,0.0698,340,4536
43,43,2033,HLTH,3310,0.0541,179,3131
43,43,2033,MANU,1494,0.0484,72,1422
43,43,2033,MING,72,0.0045,0,72
43,43,2033,OFFI,5877,0.1491,876,5001
43,43,2033,OTHR,22362,0.1044,2335,20027
43,43,2033,RETL,5116,0.0507,259,4857
43,43,2033,WSLE,1274,0.0639,81,1193
43,43,2034,AGRI,909,0.0341,31,878
43,43,2034,CONS,5117,0.0449,230,4887
43,43,2034,FOOD,8059,0.0298,240,7819
43,43,2034,GVED,4946,0.071,351,4595
43,43,2034,HLTH,3376,0.0549,185,3191
43,43,2034,MANU,1516,0.0491,74,1442
43,43,2034,MING,76,0.0046,0,76
43,43,2034,OFFI,5999,0.1513,908,5091
43,43,2034,OTHR,23042,0.1052,2424,20618
43,43,2034,RETL,5209,0.0514,268,4941
43,43,2034,WSLE,1287,0.0649,84,1203
43,43,2035,AGRI,911,0.034,31,880
43,43,2035,CONS,5137,0.045,231,4906
43,43,2035,FOOD,7825,0.0298,233,7592
43,43,2035,GVED,4975,0.0713,355,4620
43,43,2035,HLTH,3398,0.055,187,3211
43,43,2035,MANU,1532,0.0492,75,1457
43,43,2035,MING,77,0.0046,0,77
43,43,2035,OFFI,6073,0.1516,921,5152
43,43,2035,OTHR,22502,0.1073,2414,20088
43,43,2035,RETL,5205,0.0515,268,4937
43,43,2035,WSLE,1275,0.0652,83,1192
43,43,2036,AGRI,911,0.0342,31,880
43,43,2036,CONS,5187,0.0454,235,4952
43,43,2036,FOOD,7895,0.0301,238,7657
43,43,2036,GVED,5025,0.0722,363,4662
43,43,2036,HLTH,3448,0.0555,191,3257
43,43,2036,MANU,1562,0.0496,77,1485
43,43,2036,MING,77,0.0047,0,77
43,43,2036,OFFI,6168,0.153,944,5224
43,43,2036,OTHR,22763,0.1086,2472,20291
43,43,2036,RETL,5268,0.052,274,4994
43,43,2036,WSLE,1279,0.066,84,1195
43,43,2037,AGRI,914,0.0344,31,883
43,43,2037,CONS,5213,0.0459,239,4974
43,43,2037,FOOD,7982,0.0304,243,7739
43,43,2037,GVED,5084,0.073,371,4713
43,43,2037,HLTH,3502,0.0561,196,3306
43,43,2037,MANU,1591,0.0501,80,1511
43,43,2037,MING,77,0.0047,0,77
43,43,2037,OFFI,6255,0.1545,966,5289
43,43,2037,OTHR,23076,0.1098,2534,20542
43,43,2037,RETL,5345,0.0525,281,5064
43,43,2037,WSLE,1285,0.0668,86,1199
43,43,2038,AGRI,916,0.0346,32,884
43,43,2038,CONS,5227,0.0463,242,4985
43,43,2038,FOOD,8041,0.0307,247,7794
43,43,2038,GVED,5147,0.0738,380,4767
43,43,2038,HLTH,3564,0.0566,202,3362
43,43,2038,MANU,1618,0.0506,82,1536
43,43,2038,MING,76,0.0047,0,76
43,43,2038,OFFI,6343,0.1559,989,5354
43,43,2038,OTHR,23485,0.111,2607,20878
43,43,2038,RETL,5427,0.053,288,5139
43,43,2038,WSLE,1295,0.0675,87,1208
43,43,2039,AGRI,919,0.0348,32,887
43,43,2039,CONS,5234,0.0467,244,4990
43,43,2039,FOOD,8107,0.0309,251,7856
43,43,2039,GVED,5223,0.0746,390,4833
43,43,2039,HLTH,3622,0.0571,207,3415
43,43,2039,MANU,1643,0.051,84,1559
43,43,2039,MING,76,0.0048,0,76
43,43,2039,OFFI,6426,0.1573,1011,5415
43,43,2039,OTHR,23890,0.1122,2680,21210
43,43,2039,RETL,5515,0.0535,295,5220
43,43,2039,WSLE,1306,0.0682,89,1217
43,43,2040,AGRI,920,0.035,32,888
43,43,2040,CONS,5232,0.0471,246,4986
43,43,2040,FOOD,8159,0.0312,255,7904
43,43,2040,GVED,5295,0.0754,399,4896
43,43,2040,HLTH,3680,0.0576,212,3468
43,43,2040,MANU,1667,0.0515,86,1581
43,43,2040,MING,77,0.0048,0,77
43,43,2040,OFFI,6509,0.1588,1034,5475
43,43,2040,OTHR,24269,0.1133,2750,21519
43,43,2040,RETL,5595,0.054,302,5293
43,43,2040,WSLE,1315,0.069,91,1224
43,43,2041,AGRI,921,0.0352,32,889
43,43,2041,CONS,5217,0.0476,248,4969
43,43,2041,FOOD,8219,0.0315,259,7960
43,43,2041,GVED,5370,0.0761,409,4961
43,43,2041,HLTH,3731,0.0582,217,3514
43,43,2041,MANU,1691,0.052,88,1603
43,43,2041,MING,77,0.0049,0,77
43,43,2041,OFFI,6584,0.1603,1055,5529
43,43,2041,OTHR,24623,0.1144,2817,21806
43,43,2041,RETL,5678,0.0545,309,5369
43,43,2041,WSLE,1324,0.0697,92,1232
43,43,2042,AGRI,923,0.0354,33,890
43,43,2042,CONS,5204,0.048,250,4954
43,43,2042,FOOD,8263,0.0318,263,8000
43,43,2042,GVED,5441,0.0769,418,5023
43,43,2042,HLTH,3775,0.0587,222,3553
43,43,2042,MANU,1711,0.0524,90,1621
43,43,2042,MING,78,0.0049,0,78
43,43,2042,OFFI,6684,0.1616,1080,5604
43,43,2042,OTHR,24963,0.1155,2883,22080
43,43,2042,RETL,5751,0.0549,316,5435
43,43,2042,WSLE,1334,0.0705,94,1240
43,43,2043,AGRI,925,0.0356,33,892
43,43,2043,CONS,5203,0.0484,252,4951
43,43,2043,FOOD,8320,0.0321,267,8053
43,43,2043,GVED,5519,0.0776,428,5091
43,43,2043,HLTH,3821,0.0592,226,3595
43,43,2043,MANU,1732,0.0529,92,1640
43,43,2043,MING,79,0.005,0,79
43,43,2043,OFFI,6772,0.1631,1105,5667
43,43,2043,OTHR,25297,0.1166,2950,22347
43,43,2043,RETL,5835,0.0554,323,5512
43,43,2043,WSLE,1346,0.0712,96,1250
43,43,2044,AGRI,926,0.0358,33,893
43,43,2044,CONS,5203,0.0489,254,4949
43,43,2044,FOOD,8365,0.0324,271,8094
43,43,2044,GVED,5595,0.0784,439,5156
43,43,2044,HLTH,3870,0.0597,231,3639
43,43,2044,MANU,1752,0.0534,94,1658
43,43,2044,MING,80,0.005,0,80
43,43,2044,OFFI,6873,0.1645,1131,5742
43,43,2044,OTHR,25643,0.1177,3018,22625
43,43,2044,RETL,5915,0.0559,331,5584
43,43,2044,WSLE,1358,0.0719,98,1260
43,43,2045,AGRI,927,0.036,33,894
43,43,2045,CONS,5226,0.0493,258,4968
43,43,2045,FOOD,8417,0.0327,275,8142
43,43,2045,GVED,5677,0.0791,449,5228
43,43,2045,HLTH,3920,0.0602,236,3684
43,43,2045,MANU,1775,0.0538,95,1680
43,43,2045,MING,80,0.0051,0,80
43,43,2045,OFFI,6973,0.166,1158,5815
43,43,2045,OTHR,25975,0.1189,3088,22887
43,43,2045,RETL,6005,0.0564,339,5666
43,43,2045,WSLE,1369,0.0726,99,1270
43,43,2046,AGRI,928,0.0362,34,894
43,43,2046,CONS,5285,0.0497,263,5022
43,43,2046,FOOD,8458,0.0329,278,8180
43,43,2046,GVED,5759,0.0798,460,5299
43,43,2046,HLTH,3974,0.0608,242,3732
43,43,2046,MANU,1799,0.0543,98,1701
43,43,2046,MING,80,0.0051,0,80
43,43,2046,OFFI,7094,0.1674,1188,5906
43,43,2046,OTHR,26295,0.12,3155,23140
43,43,2046,RETL,6093,0.0569,347,5746
43,43,2046,WSLE,1380,0.0733,101,1279
43,43,2047,AGRI,928,0.0364,34,894
43,43,2047,CONS,5365,0.0502,269,5096
43,43,2047,FOOD,8500,0.0332,282,8218
43,43,2047,GVED,5845,0.0806,471,5374
43,43,2047,HLTH,4026,0.0613,247,3779
43,43,2047,MANU,1822,0.0548,100,1722
43,43,2047,MING,81,0.0051,0,81
43,43,2047,OFFI,7233,0.1689,1222,6011
43,43,2047,OTHR,26586,0.1212,3222,23364
43,43,2047,RETL,6185,0.0574,355,5830
43,43,2047,WSLE,1390,0.0741,103,1287
43,43,2048,AGRI,929,0.0367,34,895
43,43,2048,CONS,5470,0.0506,277,5193
43,43,2048,FOOD,8554,0.0335,287,8267
43,43,2048,GVED,5930,0.0813,482,5448
43,43,2048,HLTH,4076,0.0619,252,3824
43,43,2048,MANU,1846,0.0553,102,1744
43,43,2048,MING,83,0.0052,0,83
43,43,2048,OFFI,7379,0.1705,1258,6121
43,43,2048,OTHR,26863,0.1224,3288,23575
43,43,2048,RETL,6280,0.0579,364,5916
43,43,2048,WSLE,1401,0.0748,105,1296
43,43,2049,AGRI,930,0.0369,34,896
43,43,2049,CONS,5588,0.0511,286,5302
43,43,2049,FOOD,8607,0.0338,291,8316
43,43,2049,GVED,6017,0.0821,494,5523
43,43,2049,HLTH,4123,0.0624,257,3866
43,43,2049,MANU,1870,0.0558,104,1766
43,43,2049,MING,84,0.0052,0,84
43,43,2049,OFFI,7524,0.172,1294,6230
43,43,2049,OTHR,27120,0.1236,3352,23768
43,43,2049,RETL,6370,0.0585,373,5997
43,43,2049,WSLE,1412,0.0756,107,1305
43,43,2050,AGRI,931,0.0371,35,896
43,43,2050,CONS,5725,0.0516,295,5430
43,43,2050,FOOD,8666,0.0342,296,8370
43,43,2050,GVED,6104,0.0829,506,5598
43,43,2050,HLTH,4172,0.063,263,3909
43,43,2050,MANU,1895,0.0563,107,1788
43,43,2050,MING,85,0.0053,0,85
43,43,2050,OFFI,7663,0.1736,1330,6333
43,43,2050,OTHR,27403,0.1248,3420,23983
43,43,2050,RETL,6473,0.059,382,6091
43,43,2050,WSLE,1422,0.0764,109,1313
43,43,2051,AGRI,932,0.0374,35,897
43,43,2051,CONS,5869,0.0521,306,5563
43,43,2051,FOOD,8714,0.0345,301,8413
43,43,2051,GVED,6192,0.0837,518,5674
43,43,2051,HLTH,4218,0.0636,268,3950
43,43,2051,MANU,1922,0.0569,109,1813
43,43,2051,MING,85,0.0053,0,85
43,43,2051,OFFI,7782,0.1753,1364,6418
43,43,2051,OTHR,27661,0.1261,3488,24173
43,43,2051,RETL,6572,0.0596,392,6180
43,43,2051,WSLE,1431,0.0772,110,1321
43,43,2052,AGRI,932,0.0376,35,897
43,43,2052,CONS,6014,0.0526,316,5698
43,43,2052,FOOD,8766,0.0348,305,8461
43,43,2052,GVED,6280,0.0845,531,5749
43,43,2052,HLTH,4261,0.0642,274,3987
43,43,2052,MANU,1946,0.0574,112,1834
43,43,2052,MING,87,0.0054,0,87
43,43,2052,OFFI,7886,0.177,1396,6490
43,43,2052,OTHR,27928,0.1273,3555,24373
43,43,2052,RETL,6671,0.0602,402,6269
43,43,2052,WSLE,1441,0.0781,113,1328
43,43,2053,AGRI,932,0.0379,35,897
43,43,2053,CONS,6157,0.0531,327,5830
43,43,2053,FOOD,8815,0.0352,310,8505
43,43,2053,GVED,6370,0.0853,543,5827
43,43,2053,HLTH,4302,0.0648,279,4023
43,43,2053,MANU,1968,0.058,114,1854
43,43,2053,MING,88,0.0054,0,88
43,43,2053,OFFI,7972,0.1787,1425,6547
43,43,2053,OTHR,28205,0.1286,3627,24578
43,43,2053,RETL,6766,0.0607,411,6355
43,43,2053,WSLE,1452,0.0789,115,1337
43,43,2054,AGRI,932,0.0381,36,896
43,43,2054,CONS,6311,0.0536,338,5973
43,43,2054,FOOD,8862,0.0355,315,8547
43,43,2054,GVED,6461,0.0861,556,5905
43,43,2054,HLTH,4343,0.0655,284,4059
43,43,2054,MANU,1988,0.0585,116,1872
43,43,2054,MING,89,0.0055,0,89
43,43,2054,OFFI,8058,0.1804,1454,6604
43,43,2054,OTHR,28477,0.1299,3699,24778
43,43,2054,RETL,6864,0.0613,421,6443
43,43,2054,WSLE,1461,0.0798,117,1344
43,43,2055,AGRI,931,0.0384,36,895
43,43,2055,CONS,6463,0.0541,350,6113
43,43,2055,FOOD,8908,0.0358,319,8589
43,43,2055,GVED,6552,0.0869,569,5983
43,43,2055,HLTH,4380,0.0661,290,4090
43,43,2055,MANU,2006,0.0591,119,1887
43,43,2055,MING,90,0.0056,1,89
43,43,2055,OFFI,8137,0.1821,1482,6655
43,43,2055,OTHR,28748,0.1312,3772,24976
43,43,2055,RETL,6957,0.0619,431,6526
43,43,2055,WSLE,1472,0.0806,119,1353
43,43,2056,AGRI,933,0.0386,36,897
43,43,2056,CONS,6584,0.0546,359,6225
43,43,2056,FOOD,8945,0.0362,324,8621
43,43,2056,GVED,6642,0.0877,583,6059
43,43,2056,HLTH,4430,0.0667,295,4135
43,43,2056,MANU,2024,0.0596,121,1903
43,43,2056,MING,90,0.0056,1,89
43,43,2056,OFFI,8216,0.1838,1510,6706
43,43,2056,OTHR,29066,0.1324,3848,25218
43,43,2056,RETL,7046,0.0625,440,6606
43,43,2056,WSLE,1486,0.0814,121,1365
43,43,2057,AGRI,932,0.0389,36,896
43,43,2057,CONS,6687,0.0551,368,6319
43,43,2057,FOOD,8972,0.0365,327,8645
43,43,2057,GVED,6730,0.0885,596,6134
43,43,2057,HLTH,4480,0.0673,302,4178
43,43,2057,MANU,2042,0.0602,123,1919
43,43,2057,MING,88,0.0057,1,87
43,43,2057,OFFI,8298,0.1854,1538,6760
43,43,2057,OTHR,29363,0.1336,3923,25440
43,43,2057,RETL,7131,0.063,449,6682
43,43,2057,WSLE,1499,0.0822,123,1376
43,43,2058,AGRI,932,0.039,36,896
43,43,2058,CONS,6765,0.0556,376,6389
43,43,2058,FOOD,8994,0.0368,331,8663
43,43,2058,GVED,6815,0.0894,609,6206
43,43,2058,HLTH,4528,0.0679,307,4221
43,43,2058,MANU,2061,0.0607,125,1936
43,43,2058,MING,87,0.0057,0,87
43,43,2058,OFFI,8379,0.1871,1568,6811
43,43,2058,OTHR,29643,0.1347,3993,25650
43,43,2058,RETL,7208,0.0636,458,6750
43,43,2058,WSLE,1509,0.083,125,1384
43,43,2059,AGRI,931,0.0393,37,894
43,43,2059,CONS,6845,0.056,383,6462
43,43,2059,FOOD,9019,0.0371,335,8684
43,43,2059,GVED,6898,0.0902,622,6276
43,43,2059,HLTH,4579,0.0685,314,4265
43,43,2059,MANU,2081,0.0612,127,1954
43,43,2059,MING,87,0.0058,1,86
43,43,2059,OFFI,8462,0.1887,1597,6865
43,43,2059,OTHR,29933,0.1359,4068,25865
43,43,2059,RETL,7294,0.0642,468,6826
43,43,2059,WSLE,1522,0.0838,128,1394
43,43,2060,AGRI,932,0.0395,37,895
43,43,2060,CONS,6930,0.0565,392,6538
43,43,2060,FOOD,9045,0.0374,338,8707
43,43,2060,GVED,6981,0.091,635,6346
43,43,2060,HLTH,4630,0.0691,320,4310
43,43,2060,MANU,2102,0.0617,130,1972
43,43,2060,MING,86,0.0058,0,86
43,43,2060,OFFI,8549,0.1903,1627,6922
43,43,2060,OTHR,30230,0.137,4142,26088
43,43,2060,RETL,7381,0.0647,478,6903
43,43,2060,WSLE,1535,0.0846,130,1405
43,43,2061,AGRI,932,0.0396,37,895
43,43,2061,CONS,7011,0.057,400,6611
43,43,2061,FOOD,9069,0.0378,343,8726
43,43,2061,GVED,7062,0.0918,648,6414
43,43,2061,HLTH,4676,0.0697,326,4350
43,43,2061,MANU,2122,0.0623,132,1990
43,43,2061,MING,85,0.0059,1,84
43,43,2061,OFFI,8631,0.192,1657,6974
43,43,2061,OTHR,30510,0.1382,4216,26294
43,43,2061,RETL,7470,0.0653,488,6982
43,43,2061,WSLE,1545,0.0854,132,1413
43,43,2062,AGRI,931,0.0399,37,894
43,43,2062,CONS,7089,0.0575,408,6681
43,43,2062,FOOD,9096,0.0381,347,8749
43,43,2062,GVED,7141,0.0927,662,6479
43,43,2062,HLTH,4723,0.0703,332,4391
43,43,2062,MANU,2142,0.0628,135,2007
43,43,2062,MING,85,0.0059,1,84
43,43,2062,OFFI,8713,0.1936,1687,7026
43,43,2062,OTHR,30786,0.1393,4288,26498
43,43,2062,RETL,7561,0.0658,498,7063
43,43,2062,WSLE,1555,0.0862,134,1421
43,43,2063,AGRI,932,0.0401,37,895
43,43,2063,CONS,7168,0.058,416,6752
43,43,2063,FOOD,9124,0.0384,350,8774
43,43,2063,GVED,7221,0.0935,675,6546
43,43,2063,HLTH,4769,0.0709,338,4431
43,43,2063,MANU,2162,0.0633,137,2025
43,43,2063,MING,85,0.006,1,84
43,43,2063,OFFI,8792,0.1953,1717,7075
43,43,2063,OTHR,31057,0.1405,4364,26693
43,43,2063,RETL,7653,0.0664,508,7145
43,43,2063,WSLE,1566,0.0871,136,1430
43,43,2064,AGRI,932,0.0403,38,894
43,43,2064,CONS,7245,0.0585,424,6821
43,43,2064,FOOD,9153,0.0387,354,8799
43,43,2064,GVED,7301,0.0944,689,6612
43,43,2064,HLTH,4815,0.0715,344,4471
43,43,2064,MANU,2181,0.0639,139,2042
43,43,2064,MING,84,0.006,1,83
43,43,2064,OFFI,8869,0.1969,1746,7123
43,43,2064,OTHR,31322,0.1417,4438,26884
43,43,2064,RETL,7746,0.0669,518,7228
43,43,2064,WSLE,1576,0.0879,139,1437
43,43,2065,AGRI,932,0.0405,38,894
43,43,2065,CONS,7320,0.059,432,6888
43,43,2065,FOOD,9185,0.0391,359,8826
43,43,2065,GVED,7379,0.0952,702,6677
43,43,2065,HLTH,4860,0.0721,350,4510
43,43,2065,MANU,2201,0.0644,142,2059
43,43,2065,MING,84,0.0061,1,83
43,43,2065,OFFI,8947,0.1986,1777,7170
43,43,2065,OTHR,31583,0.1428,4510,27073
43,43,2065,RETL,7841,0.0675,529,7312
43,43,2065,WSLE,1585,0.0887,141,1444
45,45,2023,AGRI,564,0.0148,8,556
45,45,2023,CONS,1851,0.0136,25,1826
45,45,2023,FOOD,1930,0.009,17,1913
45,45,2023,GVED,5791,0.0214,124,5667
45,45,2023,HLTH,2312,0.0166,38,2274
45,45,2023,MANU,2117,0.0148,31,2086
45,45,2023,MING,263,0.0014,0,263
45,45,2023,OFFI,1478,0.0456,67,1411
45,45,2023,OTHR,6495,0.0355,231,6264
45,45,2023,RETL,3089,0.0155,48,3041
45,45,2023,WSLE,2762,0.0148,41,2721
45,45,2024,AGRI,566,0.0144,8,558
45,45,2024,CONS,1964,0.0132,26,1938
45,45,2024,FOOD,1944,0.0088,17,1927
45,45,2024,GVED,5999,0.0209,125,5874
45,45,2024,HLTH,2456,0.0162,40,2416
45,45,2024,MANU,2289,0.0144,33,2256
45,45,2024,MING,274,0.0014,0,274
45,45,2024,OFFI,1799,0.0445,80,1719
45,45,2024,OTHR,7111,0.0351,250,6861
45,45,2024,RETL,3146,0.0151,48,3098
45,45,2024,WSLE,3644,0.0141,51,3593
45,45,2025,AGRI,564,0.0157,9,555
45,45,2025,CONS,2062,0.0144,30,2032
45,45,2025,FOOD,1965,0.0095,19,1946
45,45,2025,GVED,6122,0.0227,139,5983
45,45,2025,HLTH,2569,0.0176,45,2524
45,45,2025,MANU,2329,0.0157,37,2292
45,45,2025,MING,272,0.0015,0,272
45,45,2025,OFFI,1824,0.0485,88,1736
45,45,2025,OTHR,7257,0.0382,277,6980
45,45,2025,RETL,3184,0.0165,53,3131
45,45,2025,WSLE,3697,0.0154,57,3640
45,45,2026,AGRI,564,0.0159,9,555
45,45,2026,CONS,2156,0.0146,31,2125
45,45,2026,FOOD,1997,0.0097,19,1978
45,45,2026,GVED,6188,0.0231,143,6045
45,45,2026,HLTH,2662,0.0178,47,2615
45,45,2026,MANU,2345,0.016,38,2307
45,45,2026,MING,280,0.0015,0,280
45,45,2026,OFFI,1810,0.0492,89,1721
45,45,2026,OTHR,7395,0.0387,286,7109
45,45,2026,RETL,3206,0.0167,54,3152
45,45,2026,WSLE,3695,0.0156,58,3637
45,45,2027,AGRI,561,0.0162,9,552
45,45,2027,CONS,2256,0.0148,33,2223
45,45,2027,FOOD,2025,0.0098,20,2005
45,45,2027,GVED,6265,0.0235,147,6118
45,45,2027,HLTH,2752,0.0181,50,2702
45,45,2027,MANU,2364,0.0162,38,2326
45,45,2027,MING,285,0.0015,0,285
45,45,2027,OFFI,1799,0.05,90,1709
45,45,2027,OTHR,7530,0.0392,295,7235
45,45,2027,RETL,3278,0.017,56,3222
45,45,2027,WSLE,3714,0.0158,59,3655
45,45,2028,AGRI,557,0.0164,9,548
45,45,2028,CONS,2357,0.015,35,2322
45,45,2028,FOOD,2049,0.01,20,2029
45,45,2028,GVED,6331,0.0238,151,6180
45,45,2028,HLTH,2823,0.0184,52,2771
45,45,2028,MANU,2382,0.0164,39,2343
45,45,2028,MING,273,0.0015,0,273
45,45,2028,OFFI,1804,0.0506,91,1713
45,45,2028,OTHR,7702,0.0396,305,7397
45,45,2028,RETL,3328,0.0172,57,3271
45,45,2028,WSLE,3706,0.0161,60,3646
45,45,2029,AGRI,555,0.0165,9,546
45,45,2029,CONS,2457,0.0152,37,2420
45,45,2029,FOOD,2068,0.0101,21,2047
45,45,2029,GVED,6402,0.0241,154,6248
45,45,2029,HLTH,2892,0.0186,54,2838
45,45,2029,MANU,2416,0.0166,40,2376
45,45,2029,MING,257,0.0016,0,257
45,45,2029,OFFI,1816,0.0512,93,1723
45,45,2029,OTHR,7912,0.04,316,7596
45,45,2029,RETL,3391,0.0174,59,3332
45,45,2029,WSLE,3696,0.0163,60,3636
45,45,2030,AGRI,551,0.0167,9,542
45,45,2030,CONS,2530,0.0154,39,2491
45,45,2030,FOOD,2079,0.0102,21,2058
45,45,2030,GVED,6481,0.0244,158,6323
45,45,2030,HLTH,2966,0.0188,56,2910
45,45,2030,MANU,2462,0.0168,41,2421
45,45,2030,MING,251,0.0016,0,251
45,45,2030,OFFI,1831,0.0518,95,1736
45,45,2030,OTHR,8109,0.0405,328,7781
45,45,2030,RETL,3473,0.0176,61,3412
45,45,2030,WSLE,3683,0.0164,60,3623
45,45,2031,AGRI,549,0.0169,9,540
45,45,2031,CONS,2578,0.0155,40,2538
45,45,2031,FOOD,2074,0.0103,21,2053
45,45,2031,GVED,6502,0.0247,161,6341
45,45,2031,HLTH,3032,0.019,58,2974
45,45,2031,MANU,2504,0.017,43,2461
45,45,2031,MING,252,0.0016,0,252
45,45,2031,OFFI,1844,0.0523,96,1748
45,45,2031,OTHR,8277,0.041,339,7938
45,45,2031,RETL,3557,0.0178,63,3494
45,45,2031,WSLE,3674,0.0166,61,3613
45,45,2032,AGRI,546,0.0171,9,537
45,45,2032,CONS,2622,0.0157,41,2581
45,45,2032,FOOD,2078,0.0104,22,2056
45,45,2032,GVED,6545,0.025,164,6381
45,45,2032,HLTH,3097,0.0192,59,3038
45,45,2032,MANU,2543,0.0172,44,2499
45,45,2032,MING,264,0.0016,0,264
45,45,2032,OFFI,1856,0.0529,98,1758
45,45,2032,OTHR,8451,0.0415,351,8100
45,45,2032,RETL,3629,0.018,65,3564
45,45,2032,WSLE,3661,0.0168,62,3599
45,45,2033,AGRI,547,0.0172,9,538
45,45,2033,CONS,2663,0.0159,42,2621
45,45,2033,FOOD,2094,0.0105,22,2072
45,45,2033,GVED,6585,0.0253,167,6418
45,45,2033,HLTH,3159,0.0194,61,3098
45,45,2033,MANU,2575,0.0173,45,2530
45,45,2033,MING,276,0.0016,0,276
45,45,2033,OFFI,1876,0.0535,100,1776
45,45,2033,OTHR,8621,0.0419,361,8260
45,45,2033,RETL,3695,0.0182,67,3628
45,45,2033,WSLE,3637,0.017,62,3575
45,45,2034,AGRI,548,0.0174,10,538
45,45,2034,CONS,2709,0.0161,44,2665
45,45,2034,FOOD,2180,0.0106,23,2157
45,45,2034,GVED,6641,0.0256,170,6471
45,45,2034,HLTH,3230,0.0196,63,3167
45,45,2034,MANU,2607,0.0175,46,2561
45,45,2034,MING,287,0.0016,0,287
45,45,2034,OFFI,1909,0.0541,103,1806
45,45,2034,OTHR,8876,0.0423,375,8501
45,45,2034,RETL,3772,0.0184,69,3703
45,45,2034,WSLE,3611,0.0172,62,3549
45,45,2035,AGRI,547,0.0175,10,537
45,45,2035,CONS,2725,0.0162,44,2681
45,45,2035,FOOD,2113,0.0107,23,2090
45,45,2035,GVED,6672,0.0259,173,6499
45,45,2035,HLTH,3258,0.0198,65,3193
45,45,2035,MANU,2636,0.0177,47,2589
45,45,2035,MING,292,0.0017,0,292
45,45,2035,OFFI,1931,0.0545,105,1826
45,45,2035,OTHR,8859,0.0429,380,8479
45,45,2035,RETL,3794,0.0185,70,3724
45,45,2035,WSLE,3547,0.0174,62,3485
45,45,2036,AGRI,546,0.0177,10,536
45,45,2036,CONS,2741,0.0163,45,2696
45,45,2036,FOOD,2136,0.0108,23,2113
45,45,2036,GVED,6719,0.0262,176,6543
45,45,2036,HLTH,3301,0.02,66,3235
45,45,2036,MANU,2683,0.0179,48,2635
45,45,2036,MING,290,0.0017,0,290
45,45,2036,OFFI,1956,0.055,108,1848
45,45,2036,OTHR,9005,0.0434,391,8614
45,45,2036,RETL,3843,0.0187,72,3771
45,45,2036,WSLE,3507,0.0176,62,3445
45,45,2037,AGRI,546,0.0178,10,536
45,45,2037,CONS,2746,0.0165,45,2701
45,45,2037,FOOD,2167,0.0109,24,2143
45,45,2037,GVED,6776,0.0264,179,6597
45,45,2037,HLTH,3352,0.0202,68,3284
45,45,2037,MANU,2732,0.018,49,2683
45,45,2037,MING,289,0.0017,0,289
45,45,2037,OFFI,1979,0.0556,110,1869
45,45,2037,OTHR,9179,0.0438,402,8777
45,45,2037,RETL,3910,0.0189,74,3836
45,45,2037,WSLE,3479,0.0178,62,3417
45,45,2038,AGRI,546,0.018,10,536
45,45,2038,CONS,2744,0.0167,46,2698
45,45,2038,FOOD,2189,0.011,24,2165
45,45,2038,GVED,6838,0.0267,183,6655
45,45,2038,HLTH,3407,0.0204,70,3337
45,45,2038,MANU,2777,0.0182,51,2726
45,45,2038,MING,289,0.0017,0,289
45,45,2038,OFFI,1999,0.0561,112,1887
45,45,2038,OTHR,9377,0.0442,414,8963
45,45,2038,RETL,3977,0.0191,76,3901
45,45,2038,WSLE,3465,0.0179,62,3403
45,45,2039,AGRI,546,0.0181,10,536
45,45,2039,CONS,2743,0.0168,46,2697
45,45,2039,FOOD,2214,0.0111,25,2189
45,45,2039,GVED,6909,0.027,187,6722
45,45,2039,HLTH,3459,0.0206,71,3388
45,45,2039,MANU,2818,0.0184,52,2766
45,45,2039,MING,289,0.0017,0,289
45,45,2039,OFFI,2019,0.0566,114,1905
45,45,2039,OTHR,9566,0.0447,428,9138
45,45,2039,RETL,4048,0.0193,78,3970
45,45,2039,WSLE,3452,0.0181,62,3390
45,45,2040,AGRI,545,0.0183,10,535
45,45,2040,CONS,2735,0.017,46,2689
45,45,2040,FOOD,2234,0.0112,25,2209
45,45,2040,GVED,6995,0.0273,191,6804
45,45,2040,HLTH,3511,0.0208,73,3438
45,45,2040,MANU,2859,0.0185,53,2806
45,45,2040,MING,290,0.0017,0,290
45,45,2040,OFFI,2038,0.0572,117,1921
45,45,2040,OTHR,9742,0.0451,439,9303
45,45,2040,RETL,4113,0.0194,80,4033
45,45,2040,WSLE,3440,0.0183,63,3377
45,45,2041,AGRI,545,0.0184,10,535
45,45,2041,CONS,2720,0.0171,47,2673
45,45,2041,FOOD,2258,0.0114,26,2232
45,45,2041,GVED,7046,0.0276,194,6852
45,45,2041,HLTH,3557,0.021,75,3482
45,45,2041,MANU,2897,0.0187,54,2843
45,45,2041,MING,292,0.0018,1,291
45,45,2041,OFFI,2054,0.0577,119,1935
45,45,2041,OTHR,9911,0.0455,451,9460
45,45,2041,RETL,4182,0.0196,82,4100
45,45,2041,WSLE,3429,0.0185,63,3366
45,45,2042,AGRI,544,0.0186,10,534
45,45,2042,CONS,2711,0.0173,47,2664
45,45,2042,FOOD,2276,0.0115,26,2250
45,45,2042,GVED,7114,0.0279,198,6916
45,45,2042,HLTH,3598,0.0211,76,3522
45,45,2042,MANU,2933,0.0189,55,2878
45,45,2042,MING,295,0.0018,1,294
45,45,2042,OFFI,2079,0.0583,121,1958
45,45,2042,OTHR,10075,0.046,463,9612
45,45,2042,RETL,4244,0.0198,84,4160
45,45,2042,WSLE,3423,0.0187,64,3359
45,45,2043,AGRI,543,0.0188,10,533
45,45,2043,CONS,2703,0.0175,47,2656
45,45,2043,FOOD,2296,0.0116,27,2269
45,45,2043,GVED,7188,0.0281,202,6986
45,45,2043,HLTH,3636,0.0213,77,3559
45,45,2043,MANU,2965,0.0191,57,2908
45,45,2043,MING,299,0.0018,1,298
45,45,2043,OFFI,2099,0.0588,123,1976
45,45,2043,OTHR,10235,0.0464,475,9760
45,45,2043,RETL,4309,0.02,86,4223
45,45,2043,WSLE,3415,0.0189,65,3350
45,45,2044,AGRI,542,0.0189,10,532
45,45,2044,CONS,2695,0.0176,47,2648
45,45,2044,FOOD,2314,0.0117,27,2287
45,45,2044,GVED,7262,0.0284,206,7056
45,45,2044,HLTH,3673,0.0215,79,3594
45,45,2044,MANU,2998,0.0193,58,2940
45,45,2044,MING,298,0.0018,1,297
45,45,2044,OFFI,2123,0.0594,126,1997
45,45,2044,OTHR,10394,0.0468,486,9908
45,45,2044,RETL,4368,0.0202,88,4280
45,45,2044,WSLE,3408,0.0191,65,3343
45,45,2045,AGRI,542,0.019,10,532
45,45,2045,CONS,2702,0.0178,48,2654
45,45,2045,FOOD,2334,0.0118,28,2306
45,45,2045,GVED,7338,0.0287,211,7127
45,45,2045,HLTH,3711,0.0217,81,3630
45,45,2045,MANU,3036,0.0194,59,2977
45,45,2045,MING,299,0.0018,1,298
45,45,2045,OFFI,2147,0.0599,129,2018
45,45,2045,OTHR,10551,0.0473,499,10052
45,45,2045,RETL,4436,0.0204,90,4346
45,45,2045,WSLE,3402,0.0193,66,3336
45,45,2046,AGRI,541,0.0192,10,531
45,45,2046,CONS,2727,0.018,49,2678
45,45,2046,FOOD,2349,0.0119,28,2321
45,45,2046,GVED,7416,0.029,215,7201
45,45,2046,HLTH,3749,0.0219,82,3667
45,45,2046,MANU,3075,0.0196,60,3015
45,45,2046,MING,300,0.0018,1,299
45,45,2046,OFFI,2179,0.0605,132,2047
45,45,2046,OTHR,10693,0.0478,511,10182
45,45,2046,RETL,4499,0.0206,93,4406
45,45,2046,WSLE,3397,0.0194,66,3331
45,45,2047,AGRI,541,0.0194,10,531
45,45,2047,CONS,2766,0.0181,50,2716
45,45,2047,FOOD,2366,0.012,28,2338
45,45,2047,GVED,7495,0.0293,220,7275
45,45,2047,HLTH,3785,0.0222,84,3701
45,45,2047,MANU,3113,0.0198,62,3051
45,45,2047,MING,302,0.0019,1,301
45,45,2047,OFFI,2216,0.0611,135,2081
45,45,2047,OTHR,10825,0.0482,522,10303
45,45,2047,RETL,4564,0.0208,95,4469
45,45,2047,WSLE,3392,0.0196,66,3326
45,45,2048,AGRI,539,0.0196,11,528
45,45,2048,CONS,2817,0.0183,52,2765
45,45,2048,FOOD,2386,0.0121,29,2357
45,45,2048,GVED,7575,0.0296,224,7351
45,45,2048,HLTH,3819,0.0224,86,3733
45,45,2048,MANU,3154,0.02,63,3091
45,45,2048,MING,307,0.0019,1,306
45,45,2048,OFFI,2253,0.0617,139,2114
45,45,2048,OTHR,10946,0.0487,533,10413
45,45,2048,RETL,4631,0.021,97,4534
45,45,2048,WSLE,3387,0.0199,67,3320
45,45,2049,AGRI,539,0.0197,11,528
45,45,2049,CONS,2880,0.0185,53,2827
45,45,2049,FOOD,2407,0.0123,30,2377
45,45,2049,GVED,7655,0.0299,229,7426
45,45,2049,HLTH,3854,0.0226,87,3767
45,45,2049,MANU,3195,0.0202,65,3130
45,45,2049,MING,312,0.0019,1,311
45,45,2049,OFFI,2292,0.0623,143,2149
45,45,2049,OTHR,11068,0.0492,545,10523
45,45,2049,RETL,4699,0.0212,100,4599
45,45,2049,WSLE,3380,0.0201,68,3312
45,45,2050,AGRI,537,0.0199,11,526
45,45,2050,CONS,2950,0.0187,55,2895
45,45,2050,FOOD,2428,0.0124,30,2398
45,45,2050,GVED,7754,0.0302,234,7520
45,45,2050,HLTH,3886,0.0228,89,3797
45,45,2050,MANU,3236,0.0204,66,3170
45,45,2050,MING,316,0.0019,1,315
45,45,2050,OFFI,2327,0.0629,146,2181
45,45,2050,OTHR,11197,0.0497,556,10641
45,45,2050,RETL,4770,0.0214,102,4668
45,45,2050,WSLE,3374,0.0203,68,3306
45,45,2051,AGRI,537,0.0201,11,526
45,45,2051,CONS,3017,0.0189,57,2960
45,45,2051,FOOD,2446,0.0125,31,2415
45,45,2051,GVED,7812,0.0305,238,7574
45,45,2051,HLTH,3912,0.023,90,3822
45,45,2051,MANU,3280,0.0206,68,3212
45,45,2051,MING,321,0.0019,1,320
45,45,2051,OFFI,2355,0.0635,150,2205
45,45,2051,OTHR,11309,0.0502,568,10741
45,45,2051,RETL,4834,0.0216,104,4730
45,45,2051,WSLE,3362,0.0205,69,3293
45,45,2052,AGRI,535,0.0203,11,524
45,45,2052,CONS,3084,0.019,59,3025
45,45,2052,FOOD,2463,0.0126,31,2432
45,45,2052,GVED,7888,0.0308,243,7645
45,45,2052,HLTH,3935,0.0233,92,3843
45,45,2052,MANU,3320,0.0208,69,3251
45,45,2052,MING,325,0.002,1,324
45,45,2052,OFFI,2376,0.0641,152,2224
45,45,2052,OTHR,11420,0.0507,579,10841
45,45,2052,RETL,4897,0.0218,107,4790
45,45,2052,WSLE,3353,0.0207,69,3284
45,45,2053,AGRI,535,0.0204,11,524
45,45,2053,CONS,3154,0.0192,61,3093
45,45,2053,FOOD,2481,0.0127,32,2449
45,45,2053,GVED,7963,0.0311,248,7715
45,45,2053,HLTH,3957,0.0235,93,3864
45,45,2053,MANU,3356,0.021,70,3286
45,45,2053,MING,330,0.002,1,329
45,45,2053,OFFI,2392,0.0648,155,2237
45,45,2053,OTHR,11537,0.0513,592,10945
45,45,2053,RETL,4960,0.022,109,4851
45,45,2053,WSLE,3348,0.0209,70,3278
45,45,2054,AGRI,533,0.0206,11,522
45,45,2054,CONS,3226,0.0194,63,3163
45,45,2054,FOOD,2497,0.0129,32,2465
45,45,2054,GVED,8041,0.0314,252,7789
45,45,2054,HLTH,3977,0.0237,94,3883
45,45,2054,MANU,3389,0.0212,72,3317
45,45,2054,MING,334,0.002,1,333
45,45,2054,OFFI,2407,0.0654,157,2250
45,45,2054,OTHR,11650,0.0518,603,11047
45,45,2054,RETL,5024,0.0222,112,4912
45,45,2054,WSLE,3343,0.0211,71,3272
45,45,2055,AGRI,531,0.0209,11,520
45,45,2055,CONS,3301,0.0196,65,3236
45,45,2055,FOOD,2514,0.013,33,2481
45,45,2055,GVED,8116,0.0317,257,7859
45,45,2055,HLTH,3997,0.024,96,3901
45,45,2055,MANU,3421,0.0214,73,3348
45,45,2055,MING,337,0.002,1,336
45,45,2055,OFFI,2420,0.0661,160,2260
45,45,2055,OTHR,11762,0.0523,615,11147
45,45,2055,RETL,5087,0.0225,114,4973
45,45,2055,WSLE,3341,0.0214,71,3270
45,45,2056,AGRI,530,0.021,11,519
45,45,2056,CONS,3354,0.0198,66,3288
45,45,2056,FOOD,2526,0.0131,33,2493
45,45,2056,GVED,8189,0.032,262,7927
45,45,2056,HLTH,4021,0.0242,97,3924
45,45,2056,MANU,3447,0.0216,74,3373
45,45,2056,MING,336,0.002,1,335
45,45,2056,OFFI,2430,0.0667,162,2268
45,45,2056,OTHR,11878,0.0528,627,11251
45,45,2056,RETL,5138,0.0227,117,5021
45,45,2056,WSLE,3344,0.0216,72,3272
45,45,2057,AGRI,528,0.0212,11,517
45,45,2057,CONS,3389,0.02,68,3321
45,45,2057,FOOD,2534,0.0132,33,2501
45,45,2057,GVED,8259,0.0323,267,7992
45,45,2057,HLTH,4044,0.0244,99,3945
45,45,2057,MANU,3476,0.0218,76,3400
45,45,2057,MING,332,0.0021,1,331
45,45,2057,OFFI,2441,0.0673,164,2277
45,45,2057,OTHR,11984,0.0533,639,11345
45,45,2057,RETL,5184,0.0229,119,5065
45,45,2057,WSLE,3344,0.0218,73,3271
45,45,2058,AGRI,527,0.0213,11,516
45,45,2058,CONS,3417,0.0202,69,3348
45,45,2058,FOOD,2541,0.0134,34,2507
45,45,2058,GVED,8325,0.0326,271,8054
45,45,2058,HLTH,4067,0.0246,100,3967
45,45,2058,MANU,3506,0.022,77,3429
45,45,2058,MING,328,0.0021,1,327
45,45,2058,OFFI,2453,0.0679,167,2286
45,45,2058,OTHR,12090,0.0538,650,11440
45,45,2058,RETL,5228,0.0231,121,5107
45,45,2058,WSLE,3344,0.022,74,3270
45,45,2059,AGRI,526,0.0215,11,515
45,45,2059,CONS,3438,0.0203,70,3368
45,45,2059,FOOD,2547,0.0135,34,2513
45,45,2059,GVED,8387,0.0329,276,8111
45,45,2059,HLTH,4089,0.0249,102,3987
45,45,2059,MANU,3536,0.0222,78,3458
45,45,2059,MING,325,0.0021,1,324
45,45,2059,OFFI,2463,0.0685,169,2294
45,45,2059,OTHR,12191,0.0542,661,11530
45,45,2059,RETL,5270,0.0233,123,5147
45,45,2059,WSLE,3343,0.0222,74,3269
45,45,2060,AGRI,524,0.0217,11,513
45,45,2060,CONS,3455,0.0205,71,3384
45,45,2060,FOOD,2552,0.0136,35,2517
45,45,2060,GVED,8465,0.0332,281,8184
45,45,2060,HLTH,4107,0.0251,103,4004
45,45,2060,MANU,3566,0.0224,80,3486
45,45,2060,MING,324,0.0021,1,323
45,45,2060,OFFI,2473,0.0691,171,2302
45,45,2060,OTHR,12290,0.0547,672,11618
45,45,2060,RETL,5310,0.0235,125,5185
45,45,2060,WSLE,3343,0.0224,75,3268
45,45,2061,AGRI,523,0.0219,11,512
45,45,2061,CONS,3471,0.0207,72,3399
45,45,2061,FOOD,2555,0.0137,35,2520
45,45,2061,GVED,8498,0.0335,285,8213
45,45,2061,HLTH,4125,0.0253,104,4021
45,45,2061,MANU,3595,0.0226,81,3514
45,45,2061,MING,325,0.0021,1,324
45,45,2061,OFFI,2482,0.0697,173,2309
45,45,2061,OTHR,12385,0.0552,684,11701
45,45,2061,RETL,5351,0.0237,127,5224
45,45,2061,WSLE,3341,0.0226,76,3265
45,45,2062,AGRI,523,0.022,12,511
45,45,2062,CONS,3486,0.0209,73,3413
45,45,2062,FOOD,2559,0.0138,35,2524
45,45,2062,GVED,8554,0.0338,289,8265
45,45,2062,HLTH,4143,0.0255,106,4037
45,45,2062,MANU,3625,0.0228,83,3542
45,45,2062,MING,326,0.0021,1,325
45,45,2062,OFFI,2490,0.0703,175,2315
45,45,2062,OTHR,12479,0.0557,695,11784
45,45,2062,RETL,5394,0.0239,129,5265
45,45,2062,WSLE,3338,0.0228,76,3262
45,45,2063,AGRI,521,0.0222,12,509
45,45,2063,CONS,3500,0.021,74,3426
45,45,2063,FOOD,2562,0.0139,36,2526
45,45,2063,GVED,8607,0.0341,293,8314
45,45,2063,HLTH,4161,0.0257,107,4054
45,45,2063,MANU,3654,0.023,84,3570
45,45,2063,MING,326,0.0022,1,325
45,45,2063,OFFI,2499,0.0709,177,2322
45,45,2063,OTHR,12575,0.0562,707,11868
45,45,2063,RETL,5438,0.0241,131,5307
45,45,2063,WSLE,3336,0.023,77,3259
45,45,2064,AGRI,520,0.0224,12,508
45,45,2064,CONS,3513,0.0212,74,3439
45,45,2064,FOOD,2566,0.0141,36,2530
45,45,2064,GVED,8663,0.0344,298,8365
45,45,2064,HLTH,4180,0.0259,108,4072
45,45,2064,MANU,3683,0.0232,85,3598
45,45,2064,MING,326,0.0022,1,325
45,45,2064,OFFI,2507,0.0715,179,2328
45,45,2064,OTHR,12668,0.0566,717,11951
45,45,2064,RETL,5482,0.0243,133,5349
45,45,2064,WSLE,3335,0.0232,77,3258
45,45,2065,AGRI,518,0.0225,12,506
45,45,2065,CONS,3525,0.0214,75,3450
45,45,2065,FOOD,2569,0.0142,36,2533
45,45,2065,GVED,8718,0.0347,303,8415
45,45,2065,HLTH,4199,0.0262,110,4089
45,45,2065,MANU,3712,0.0234,87,3625
45,45,2065,MING,326,0.0022,1,325
45,45,2065,OFFI,2515,0.0721,181,2334
45,45,2065,OTHR,12761,0.0571,729,12032
45,45,2065,RETL,5525,0.0245,135,5390
45,45,2065,WSLE,3332,0.0234,78,3254
47,47,2023,AGRI,1333,0.0287,38,1295
47,47,2023,CONS,1756,0.0283,50,1706
47,47,2023,FOOD,1351,0.0188,25,1326
47,47,2023,GVED,3610,0.0461,166,3444
47,47,2023,HLTH,1211,0.0346,42,1169
47,47,2023,MANU,488,0.0309,15,473
47,47,2023,MING,2228,0.0029,6,2222
47,47,2023,OFFI,981,0.0954,94,887
47,47,2023,OTHR,3879,0.074,287,3592
47,47,2023,RETL,2175,0.0324,70,2105
47,47,2023,WSLE,1804,0.0341,62,1742
47,47,2024,AGRI,1335,0.0284,38,1297
47,47,2024,CONS,2224,0.0281,62,2162
47,47,2024,FOOD,1359,0.0186,25,1334
47,47,2024,GVED,3819,0.0456,174,3645
47,47,2024,HLTH,1239,0.0343,42,1197
47,47,2024,MANU,462,0.0307,14,448
47,47,2024,MING,2534,0.0029,7,2527
47,47,2024,OFFI,983,0.0947,93,890
47,47,2024,OTHR,4074,0.0739,301,3773
47,47,2024,RETL,2211,0.0321,71,2140
47,47,2024,WSLE,1865,0.0336,63,1802
47,47,2025,AGRI,1330,0.0301,40,1290
47,47,2025,CONS,2258,0.0298,67,2191
47,47,2025,FOOD,1362,0.0197,27,1335
47,47,2025,GVED,3948,0.0484,191,3757
47,47,2025,HLTH,1284,0.0364,47,1237
47,47,2025,MANU,471,0.0325,15,456
47,47,2025,MING,2519,0.0031,8,2511
47,47,2025,OFFI,995,0.1003,100,895
47,47,2025,OTHR,4149,0.0784,325,3824
47,47,2025,RETL,2209,0.0341,75,2134
47,47,2025,WSLE,1898,0.0356,68,1830
47,47,2026,AGRI,1331,0.0303,40,1291
47,47,2026,CONS,2349,0.03,70,2279
47,47,2026,FOOD,1387,0.0199,28,1359
47,47,2026,GVED,3953,0.0487,193,3760
47,47,2026,HLTH,1319,0.0367,48,1271
47,47,2026,MANU,481,0.0328,16,465
47,47,2026,MING,2594,0.0031,8,2586
47,47,2026,OFFI,991,0.1011,100,891
47,47,2026,OTHR,4223,0.0789,333,3890
47,47,2026,RETL,2204,0.0343,76,2128
47,47,2026,WSLE,1912,0.0358,68,1844
47,47,2027,AGRI,1327,0.0305,40,1287
47,47,2027,CONS,2442,0.0303,74,2368
47,47,2027,FOOD,1405,0.02,28,1377
47,47,2027,GVED,3968,0.0491,195,3773
47,47,2027,HLTH,1346,0.037,50,1296
47,47,2027,MANU,489,0.033,16,473
47,47,2027,MING,2643,0.0031,8,2635
47,47,2027,OFFI,985,0.102,100,885
47,47,2027,OTHR,4293,0.0794,341,3952
47,47,2027,RETL,2216,0.0346,77,2139
47,47,2027,WSLE,1929,0.0362,70,1859
47,47,2028,AGRI,1318,0.0306,40,1278
47,47,2028,CONS,2491,0.0303,75,2416
47,47,2028,FOOD,1411,0.0201,28,1383
47,47,2028,GVED,3976,0.0492,196,3780
47,47,2028,HLTH,1361,0.037,50,1311
47,47,2028,MANU,495,0.0331,16,479
47,47,2028,MING,2534,0.0031,8,2526
47,47,2028,OFFI,987,0.1022,101,886
47,47,2028,OTHR,4357,0.0793,346,4011
47,47,2028,RETL,2216,0.0347,77,2139
47,47,2028,WSLE,1929,0.0362,70,1859
47,47,2029,AGRI,1312,0.0305,40,1272
47,47,2029,CONS,2483,0.0303,75,2408
47,47,2029,FOOD,1402,0.0201,28,1374
47,47,2029,GVED,3985,0.0492,196,3789
47,47,2029,HLTH,1369,0.037,51,1318
47,47,2029,MANU,500,0.0331,17,483
47,47,2029,MING,2387,0.0031,7,2380
47,47,2029,OFFI,993,0.1021,101,892
47,47,2029,OTHR,4416,0.0791,349,4067
47,47,2029,RETL,2212,0.0347,77,2135
47,47,2029,WSLE,1930,0.0362,70,1860
47,47,2030,AGRI,1304,0.0307,40,1264
47,47,2030,CONS,2455,0.0304,75,2380
47,47,2030,FOOD,1384,0.0202,28,1356
47,47,2030,GVED,3986,0.0495,197,3789
47,47,2030,HLTH,1383,0.0372,51,1332
47,47,2030,MANU,507,0.0332,17,490
47,47,2030,MING,2346,0.0031,7,2339
47,47,2030,OFFI,1000,0.1025,102,898
47,47,2030,OTHR,4455,0.0795,354,4101
47,47,2030,RETL,2222,0.0348,77,2145
47,47,2030,WSLE,1924,0.0364,70,1854
47,47,2031,AGRI,1299,0.031,40,1259
47,47,2031,CONS,2478,0.0308,76,2402
47,47,2031,FOOD,1369,0.0204,28,1341
47,47,2031,GVED,3979,0.05,199,3780
47,47,2031,HLTH,1404,0.0376,53,1351
47,47,2031,MANU,518,0.0336,17,501
47,47,2031,MING,2360,0.0032,8,2352
47,47,2031,OFFI,1004,0.1036,104,900
47,47,2031,OTHR,4500,0.0803,361,4139
47,47,2031,RETL,2249,0.0352,79,2170
47,47,2031,WSLE,1921,0.0368,71,1850
47,47,2032,AGRI,1293,0.0314,41,1252
47,47,2032,CONS,2508,0.0312,78,2430
47,47,2032,FOOD,1357,0.0207,28,1329
47,47,2032,GVED,3980,0.0507,202,3778
47,47,2032,HLTH,1424,0.0381,54,1370
47,47,2032,MANU,527,0.0341,18,509
47,47,2032,MING,2477,0.0032,8,2469
47,47,2032,OFFI,1008,0.1051,106,902
47,47,2032,OTHR,4558,0.0814,371,4187
47,47,2032,RETL,2271,0.0357,81,2190
47,47,2032,WSLE,1916,0.0374,72,1844
47,47,2033,AGRI,1294,0.0318,41,1253
47,47,2033,CONS,2545,0.0316,80,2465
47,47,2033,FOOD,1353,0.0209,28,1325
47,47,2033,GVED,3983,0.0515,205,3778
47,47,2033,HLTH,1442,0.0386,56,1386
47,47,2033,MANU,534,0.0345,18,516
47,47,2033,MING,2593,0.0032,8,2585
47,47,2033,OFFI,1014,0.1065,108,906
47,47,2033,OTHR,4605,0.0826,380,4225
47,47,2033,RETL,2290,0.0362,83,2207
47,47,2033,WSLE,1902,0.038,72,1830
47,47,2034,AGRI,1293,0.0322,42,1251
47,47,2034,CONS,2587,0.032,83,2504
47,47,2034,FOOD,1360,0.0212,29,1331
47,47,2034,GVED,3990,0.0522,208,3782
47,47,2034,HLTH,1463,0.0391,57,1406
47,47,2034,MANU,541,0.035,19,522
47,47,2034,MING,2690,0.0033,9,2681
47,47,2034,OFFI,1022,0.1078,110,912
47,47,2034,OTHR,4691,0.0836,392,4299
47,47,2034,RETL,2310,0.0366,85,2225
47,47,2034,WSLE,1887,0.0385,73,1814
47,47,2035,AGRI,1292,0.0325,42,1250
47,47,2035,CONS,2619,0.0324,85,2534
47,47,2035,FOOD,1345,0.0215,29,1316
47,47,2035,GVED,3980,0.0529,211,3769
47,47,2035,HLTH,1469,0.0396,58,1411
47,47,2035,MANU,547,0.0354,19,528
47,47,2035,MING,2730,0.0033,9,2721
47,47,2035,OFFI,1033,0.1092,113,920
47,47,2035,OTHR,4649,0.0848,394,4255
47,47,2035,RETL,2312,0.0371,86,2226
47,47,2035,WSLE,1860,0.0391,73,1787
47,47,2036,AGRI,1290,0.0328,42,1248
47,47,2036,CONS,2638,0.0327,86,2552
47,47,2036,FOOD,1349,0.0216,29,1320
47,47,2036,GVED,3966,0.0534,212,3754
47,47,2036,HLTH,1473,0.0399,59,1414
47,47,2036,MANU,558,0.0357,20,538
47,47,2036,MING,2707,0.0034,9,2698
47,47,2036,OFFI,1044,0.1101,115,929
47,47,2036,OTHR,4681,0.0855,400,4281
47,47,2036,RETL,2310,0.0374,86,2224
47,47,2036,WSLE,1835,0.0395,72,1763
47,47,2037,AGRI,1290,0.033,43,1247
47,47,2037,CONS,2639,0.0329,87,2552
47,47,2037,FOOD,1357,0.0218,30,1327
47,47,2037,GVED,3957,0.0538,213,3744
47,47,2037,HLTH,1481,0.0402,60,1421
47,47,2037,MANU,568,0.0359,20,548
47,47,2037,MING,2677,0.0034,9,2668
47,47,2037,OFFI,1052,0.1109,117,935
47,47,2037,OTHR,4732,0.0861,407,4325
47,47,2037,RETL,2315,0.0377,87,2228
47,47,2037,WSLE,1818,0.0399,73,1745
47,47,2038,AGRI,1288,0.0332,43,1245
47,47,2038,CONS,2637,0.0331,87,2550
47,47,2038,FOOD,1363,0.022,30,1333
47,47,2038,GVED,3954,0.0542,214,3740
47,47,2038,HLTH,1493,0.0405,60,1433
47,47,2038,MANU,577,0.0362,21,556
47,47,2038,MING,2665,0.0034,9,2656
47,47,2038,OFFI,1062,0.1117,119,943
47,47,2038,OTHR,4808,0.0867,417,4391
47,47,2038,RETL,2322,0.0379,88,2234
47,47,2038,WSLE,1812,0.0403,73,1739
47,47,2039,AGRI,1288,0.0334,43,1245
47,47,2039,CONS,2633,0.0334,88,2545
47,47,2039,FOOD,1370,0.0221,30,1340
47,47,2039,GVED,3967,0.0547,217,3750
47,47,2039,HLTH,1506,0.0408,61,1445
47,47,2039,MANU,585,0.0365,21,564
47,47,2039,MING,2657,0.0034,9,2648
47,47,2039,OFFI,1069,0.1125,120,949
47,47,2039,OTHR,4883,0.0873,426,4457
47,47,2039,RETL,2334,0.0382,89,2245
47,47,2039,WSLE,1803,0.0406,73,1730
47,47,2040,AGRI,1286,0.0337,43,1243
47,47,2040,CONS,2627,0.0336,88,2539
47,47,2040,FOOD,1373,0.0223,31,1342
47,47,2040,GVED,3988,0.0551,220,3768
47,47,2040,HLTH,1522,0.0411,63,1459
47,47,2040,MANU,593,0.0367,22,571
47,47,2040,MING,2651,0.0035,9,2642
47,47,2040,OFFI,1077,0.1133,122,955
47,47,2040,OTHR,4944,0.088,435,4509
47,47,2040,RETL,2348,0.0385,90,2258
47,47,2040,WSLE,1795,0.041,74,1721
47,47,2041,AGRI,1283,0.0339,43,1240
47,47,2041,CONS,2619,0.0339,89,2530
47,47,2041,FOOD,1380,0.0225,31,1349
47,47,2041,GVED,4009,0.0556,223,3786
47,47,2041,HLTH,1540,0.0414,64,1476
47,47,2041,MANU,601,0.037,22,579
47,47,2041,MING,2658,0.0035,9,2649
47,47,2041,OFFI,1082,0.1143,124,958
47,47,2041,OTHR,5002,0.0887,444,4558
47,47,2041,RETL,2368,0.0388,92,2276
47,47,2041,WSLE,1789,0.0414,74,1715
47,47,2042,AGRI,1281,0.0342,44,1237
47,47,2042,CONS,2617,0.0342,90,2527
47,47,2042,FOOD,1384,0.0227,31,1353
47,47,2042,GVED,4039,0.0561,227,3812
47,47,2042,HLTH,1559,0.0418,65,1494
47,47,2042,MANU,608,0.0374,23,585
47,47,2042,MING,2679,0.0035,9,2670
47,47,2042,OFFI,1093,0.1153,126,967
47,47,2042,OTHR,5061,0.0894,452,4609
47,47,2042,RETL,2388,0.0392,94,2294
47,47,2042,WSLE,1786,0.0418,75,1711
47,47,2043,AGRI,1279,0.0345,44,1235
47,47,2043,CONS,2620,0.0345,90,2530
47,47,2043,FOOD,1391,0.0229,32,1359
47,47,2043,GVED,4080,0.0567,231,3849
47,47,2043,HLTH,1577,0.0422,67,1510
47,47,2043,MANU,615,0.0377,23,592
47,47,2043,MING,2695,0.0035,9,2686
47,47,2043,OFFI,1099,0.1163,128,971
47,47,2043,OTHR,5117,0.0902,462,4655
47,47,2043,RETL,2411,0.0395,95,2316
47,47,2043,WSLE,1781,0.0423,75,1706
47,47,2044,AGRI,1275,0.0347,44,1231
47,47,2044,CONS,2622,0.0348,91,2531
47,47,2044,FOOD,1396,0.023,32,1364
47,47,2044,GVED,4116,0.0571,235,3881
47,47,2044,HLTH,1596,0.0425,68,1528
47,47,2044,MANU,622,0.038,24,598
47,47,2044,MING,2689,0.0036,10,2679
47,47,2044,OFFI,1108,0.1172,130,978
47,47,2044,OTHR,5176,0.0908,470,4706
47,47,2044,RETL,2433,0.0398,97,2336
47,47,2044,WSLE,1779,0.0427,76,1703
47,47,2045,AGRI,1273,0.035,45,1228
47,47,2045,CONS,2636,0.035,92,2544
47,47,2045,FOOD,1402,0.0232,33,1369
47,47,2045,GVED,4152,0.0576,239,3913
47,47,2045,HLTH,1618,0.0428,69,1549
47,47,2045,MANU,629,0.0383,24,605
47,47,2045,MING,2680,0.0036,10,2670
47,47,2045,OFFI,1117,0.1181,132,985
47,47,2045,OTHR,5230,0.0915,479,4751
47,47,2045,RETL,2455,0.0401,98,2357
47,47,2045,WSLE,1775,0.043,76,1699
47,47,2046,AGRI,1271,0.0353,45,1226
47,47,2046,CONS,2667,0.0353,94,2573
47,47,2046,FOOD,1407,0.0234,33,1374
47,47,2046,GVED,4190,0.0581,243,3947
47,47,2046,HLTH,1640,0.0432,71,1569
47,47,2046,MANU,637,0.0386,25,612
47,47,2046,MING,2680,0.0036,10,2670
47,47,2046,OFFI,1129,0.119,134,995
47,47,2046,OTHR,5283,0.0922,487,4796
47,47,2046,RETL,2478,0.0404,100,2378
47,47,2046,WSLE,1775,0.0435,77,1698
47,47,2047,AGRI,1269,0.0355,45,1224
47,47,2047,CONS,2716,0.0356,97,2619
47,47,2047,FOOD,1413,0.0236,33,1380
47,47,2047,GVED,4232,0.0586,248,3984
47,47,2047,HLTH,1664,0.0435,72,1592
47,47,2047,MANU,645,0.0389,25,620
47,47,2047,MING,2698,0.0037,10,2688
47,47,2047,OFFI,1145,0.1201,138,1007
47,47,2047,OTHR,5334,0.093,496,4838
47,47,2047,RETL,2506,0.0408,102,2404
47,47,2047,WSLE,1772,0.0439,78,1694
47,47,2048,AGRI,1266,0.0359,45,1221
47,47,2048,CONS,2778,0.036,100,2678
47,47,2048,FOOD,1419,0.0238,34,1385
47,47,2048,GVED,4273,0.0592,253,4020
47,47,2048,HLTH,1688,0.044,74,1614
47,47,2048,MANU,653,0.0393,26,627
47,47,2048,MING,2727,0.0037,10,2717
47,47,2048,OFFI,1162,0.1212,141,1021
47,47,2048,OTHR,5376,0.0939,505,4871
47,47,2048,RETL,2535,0.0412,104,2431
47,47,2048,WSLE,1771,0.0444,79,1692
47,47,2049,AGRI,1264,0.0362,46,1218
47,47,2049,CONS,2851,0.0363,103,2748
47,47,2049,FOOD,1426,0.0241,34,1392
47,47,2049,GVED,4315,0.0598,258,4057
47,47,2049,HLTH,1709,0.0444,76,1633
47,47,2049,MANU,663,0.0397,26,637
47,47,2049,MING,2759,0.0037,10,2749
47,47,2049,OFFI,1177,0.1224,144,1033
47,47,2049,OTHR,5420,0.0948,514,4906
47,47,2049,RETL,2566,0.0416,107,2459
47,47,2049,WSLE,1767,0.0449,79,1688
47,47,2050,AGRI,1261,0.0365,46,1215
47,47,2050,CONS,2927,0.0367,107,2820
47,47,2050,FOOD,1433,0.0243,35,1398
47,47,2050,GVED,4358,0.0604,263,4095
47,47,2050,HLTH,1730,0.0448,78,1652
47,47,2050,MANU,671,0.0401,27,644
47,47,2050,MING,2790,0.0038,11,2779
47,47,2050,OFFI,1192,0.1236,147,1045
47,47,2050,OTHR,5463,0.0957,523,4940
47,47,2050,RETL,2596,0.042,109,2487
47,47,2050,WSLE,1766,0.0454,80,1686
47,47,2051,AGRI,1259,0.0369,46,1213
47,47,2051,CONS,3009,0.0371,112,2897
47,47,2051,FOOD,1439,0.0245,35,1404
47,47,2051,GVED,4387,0.061,268,4119
47,47,2051,HLTH,1751,0.0453,79,1672
47,47,2051,MANU,680,0.0405,28,652
47,47,2051,MING,2817,0.0038,11,2806
47,47,2051,OFFI,1202,0.1248,150,1052
47,47,2051,OTHR,5504,0.0966,532,4972
47,47,2051,RETL,2627,0.0424,111,2516
47,47,2051,WSLE,1762,0.0459,81,1681
47,47,2052,AGRI,1255,0.0372,47,1208
47,47,2052,CONS,3093,0.0374,116,2977
47,47,2052,FOOD,1443,0.0248,36,1407
47,47,2052,GVED,4419,0.0616,272,4147
47,47,2052,HLTH,1770,0.0457,81,1689
47,47,2052,MANU,688,0.0409,28,660
47,47,2052,MING,2848,0.0038,11,2837
47,47,2052,OFFI,1212,0.1261,153,1059
47,47,2052,OTHR,5542,0.0975,540,5002
47,47,2052,RETL,2659,0.0428,114,2545
47,47,2052,WSLE,1761,0.0464,82,1679
47,47,2053,AGRI,1252,0.0376,47,1205
47,47,2053,CONS,3181,0.0378,120,3061
47,47,2053,FOOD,1449,0.025,36,1413
47,47,2053,GVED,4450,0.0622,277,4173
47,47,2053,HLTH,1791,0.0462,83,1708
47,47,2053,MANU,695,0.0413,29,666
47,47,2053,MING,2884,0.0039,11,2873
47,47,2053,OFFI,1218,0.1274,155,1063
47,47,2053,OTHR,5585,0.0985,550,5035
47,47,2053,RETL,2690,0.0433,116,2574
47,47,2053,WSLE,1759,0.047,83,1676
47,47,2054,AGRI,1249,0.0379,47,1202
47,47,2054,CONS,3269,0.0382,125,3144
47,47,2054,FOOD,1453,0.0253,37,1416
47,47,2054,GVED,4475,0.0628,281,4194
47,47,2054,HLTH,1808,0.0466,84,1724
47,47,2054,MANU,702,0.0417,29,673
47,47,2054,MING,2908,0.0039,11,2897
47,47,2054,OFFI,1223,0.1286,157,1066
47,47,2054,OTHR,5625,0.0995,560,5065
47,47,2054,RETL,2720,0.0437,119,2601
47,47,2054,WSLE,1758,0.0475,84,1674
47,47,2055,AGRI,1245,0.0383,48,1197
47,47,2055,CONS,3357,0.0385,129,3228
47,47,2055,FOOD,1457,0.0255,37,1420
47,47,2055,GVED,4495,0.0634,285,4210
47,47,2055,HLTH,1822,0.0471,86,1736
47,47,2055,MANU,708,0.0421,30,678
47,47,2055,MING,2923,0.004,12,2911
47,47,2055,OFFI,1227,0.1298,159,1068
47,47,2055,OTHR,5666,0.1004,569,5097
47,47,2055,RETL,2748,0.0441,121,2627
47,47,2055,WSLE,1757,0.048,84,1673
47,47,2056,AGRI,1240,0.0386,48,1192
47,47,2056,CONS,3398,0.0388,132,3266
47,47,2056,FOOD,1458,0.0257,37,1421
47,47,2056,GVED,4507,0.0639,288,4219
47,47,2056,HLTH,1842,0.0475,87,1755
47,47,2056,MANU,714,0.0424,30,684
47,47,2056,MING,2910,0.004,12,2898
47,47,2056,OFFI,1231,0.1308,161,1070
47,47,2056,OTHR,5707,0.1011,577,5130
47,47,2056,RETL,2767,0.0444,123,2644
47,47,2056,WSLE,1759,0.0484,85,1674
47,47,2057,AGRI,1236,0.0388,48,1188
47,47,2057,CONS,3417,0.0391,134,3283
47,47,2057,FOOD,1457,0.0259,38,1419
47,47,2057,GVED,4506,0.0643,290,4216
47,47,2057,HLTH,1854,0.0478,89,1765
47,47,2057,MANU,719,0.0427,31,688
47,47,2057,MING,2865,0.004,11,2854
47,47,2057,OFFI,1235,0.1316,163,1072
47,47,2057,OTHR,5742,0.1017,584,5158
47,47,2057,RETL,2777,0.0447,124,2653
47,47,2057,WSLE,1759,0.0487,86,1673
47,47,2058,AGRI,1232,0.039,48,1184
47,47,2058,CONS,3430,0.0393,135,3295
47,47,2058,FOOD,1456,0.026,38,1418
47,47,2058,GVED,4502,0.0648,292,4210
47,47,2058,HLTH,1865,0.048,90,1775
47,47,2058,MANU,725,0.0429,31,694
47,47,2058,MING,2822,0.004,11,2811
47,47,2058,OFFI,1240,0.1324,164,1076
47,47,2058,OTHR,5778,0.1023,591,5187
47,47,2058,RETL,2785,0.045,125,2660
47,47,2058,WSLE,1758,0.0491,86,1672
47,47,2059,AGRI,1228,0.0393,48,1180
47,47,2059,CONS,3443,0.0396,136,3307
47,47,2059,FOOD,1454,0.0262,38,1416
47,47,2059,GVED,4501,0.0652,293,4208
47,47,2059,HLTH,1875,0.0484,91,1784
47,47,2059,MANU,730,0.0432,32,698
47,47,2059,MING,2794,0.0041,11,2783
47,47,2059,OFFI,1244,0.1333,166,1078
47,47,2059,OTHR,5808,0.103,598,5210
47,47,2059,RETL,2796,0.0453,127,2669
47,47,2059,WSLE,1758,0.0495,87,1671
47,47,2060,AGRI,1223,0.0395,48,1175
47,47,2060,CONS,3457,0.0399,138,3319
47,47,2060,FOOD,1452,0.0264,38,1414
47,47,2060,GVED,4507,0.0657,296,4211
47,47,2060,HLTH,1881,0.0487,92,1789
47,47,2060,MANU,735,0.0436,32,703
47,47,2060,MING,2780,0.0041,11,2769
47,47,2060,OFFI,1247,0.1343,167,1080
47,47,2060,OTHR,5836,0.1037,605,5231
47,47,2060,RETL,2806,0.0456,128,2678
47,47,2060,WSLE,1756,0.0499,88,1668
47,47,2061,AGRI,1220,0.0398,49,1171
47,47,2061,CONS,3470,0.0402,139,3331
47,47,2061,FOOD,1450,0.0266,39,1411
47,47,2061,GVED,4499,0.0663,298,4201
47,47,2061,HLTH,1888,0.0491,93,1795
47,47,2061,MANU,740,0.0439,32,708
47,47,2061,MING,2775,0.0041,11,2764
47,47,2061,OFFI,1250,0.1353,169,1081
47,47,2061,OTHR,5867,0.1044,613,5254
47,47,2061,RETL,2818,0.046,130,2688
47,47,2061,WSLE,1755,0.0503,88,1667
47,47,2062,AGRI,1216,0.0401,49,1167
47,47,2062,CONS,3481,0.0405,141,3340
47,47,2062,FOOD,1448,0.0268,39,1409
47,47,2062,GVED,4498,0.0668,300,4198
47,47,2062,HLTH,1896,0.0495,94,1802
47,47,2062,MANU,747,0.0442,33,714
47,47,2062,MING,2771,0.0042,12,2759
47,47,2062,OFFI,1254,0.1363,171,1083
47,47,2062,OTHR,5898,0.1051,620,5278
47,47,2062,RETL,2829,0.0463,131,2698
47,47,2062,WSLE,1755,0.0508,89,1666
47,47,2063,AGRI,1212,0.0404,49,1163
47,47,2063,CONS,3492,0.0408,142,3350
47,47,2063,FOOD,1445,0.027,39,1406
47,47,2063,GVED,4497,0.0673,303,4194
47,47,2063,HLTH,1905,0.0498,95,1810
47,47,2063,MANU,752,0.0445,33,719
47,47,2063,MING,2768,0.0042,12,2756
47,47,2063,OFFI,1256,0.1373,172,1084
47,47,2063,OTHR,5931,0.1059,628,5303
47,47,2063,RETL,2842,0.0467,133,2709
47,47,2063,WSLE,1753,0.0512,90,1663
47,47,2064,AGRI,1208,0.0406,49,1159
47,47,2064,CONS,3502,0.0411,144,3358
47,47,2064,FOOD,1443,0.0272,39,1404
47,47,2064,GVED,4499,0.0678,305,4194
47,47,2064,HLTH,1914,0.0502,96,1818
47,47,2064,MANU,758,0.0449,34,724
47,47,2064,MING,2765,0.0042,12,2753
47,47,2064,OFFI,1258,0.1383,174,1084
47,47,2064,OTHR,5965,0.1066,636,5329
47,47,2064,RETL,2855,0.047,134,2721
47,47,2064,WSLE,1753,0.0516,90,1663
47,47,2065,AGRI,1204,0.0409,49,1155
47,47,2065,CONS,3510,0.0414,145,3365
47,47,2065,FOOD,1441,0.0274,39,1402
47,47,2065,GVED,4498,0.0683,307,4191
47,47,2065,HLTH,1924,0.0505,97,1827
47,47,2065,MANU,763,0.0452,34,729
47,47,2065,MING,2762,0.0042,12,2750
47,47,2065,OFFI,1261,0.1393,176,1085
47,47,2065,OTHR,6000,0.1073,644,5356
47,47,2065,RETL,2869,0.0473,136,2733
47,47,2065,WSLE,1750,0.052,91,1659
49,49,2023,AGRI,3859,0.0148,57,3802
49,49,2023,CONS,36923,0.0166,613,36310
49,49,2023,FOOD,25781,0.011,284,25497
49,49,2023,GVED,65949,0.0241,1589,64360
49,49,2023,HLTH,41007,0.0202,828,40179
49,49,2023,MANU,25700,0.0181,465,25235
49,49,2023,MING,884,0.0017,2,882
49,49,2023,OFFI,66590,0.0558,3716,62874
49,49,2023,OTHR,114585,0.0452,5179,109406
49,49,2023,RETL,49869,0.0189,943,48926
49,49,2023,WSLE,21646,0.0217,470,21176
49,49,2024,AGRI,3869,0.0147,57,3812
49,49,2024,CONS,37290,0.0165,615,36675
49,49,2024,FOOD,26312,0.0109,287,26025
49,49,2024,GVED,67565,0.024,1622,65943
49,49,2024,HLTH,43674,0.0201,878,42796
49,49,2024,MANU,26056,0.018,469,25587
49,49,2024,MING,967,0.0017,2,965
49,49,2024,OFFI,65498,0.0556,3642,61856
49,49,2024,OTHR,114981,0.0445,5117,109864
49,49,2024,RETL,49387,0.0189,933,48454
49,49,2024,WSLE,22309,0.0213,475,21834
49,49,2025,AGRI,3862,0.016,62,3800
49,49,2025,CONS,38953,0.018,701,38252
49,49,2025,FOOD,26760,0.0119,318,26442
49,49,2025,GVED,69221,0.0262,1814,67407
49,49,2025,HLTH,46022,0.022,1012,45010
49,49,2025,MANU,26734,0.0196,524,26210
49,49,2025,MING,964,0.0018,2,962
49,49,2025,OFFI,66894,0.0606,4054,62840
49,49,2025,OTHR,118179,0.0486,5743,112436
49,49,2025,RETL,50420,0.0206,1039,49381
49,49,2025,WSLE,22993,0.0232,533,22460
49,49,2026,AGRI,3866,0.0163,63,3803
49,49,2026,CONS,40497,0.0183,741,39756
49,49,2026,FOOD,27289,0.0121,330,26959
49,49,2026,GVED,70471,0.0267,1882,68589
49,49,2026,HLTH,47902,0.0223,1068,46834
49,49,2026,MANU,27100,0.02,542,26558
49,49,2026,MING,998,0.0019,2,996
49,49,2026,OFFI,67059,0.0616,4131,62928
49,49,2026,OTHR,120602,0.0493,5946,114656
49,49,2026,RETL,50878,0.0209,1063,49815
49,49,2026,WSLE,23351,0.0236,551,22800
49,49,2027,AGRI,3853,0.0166,64,3789
49,49,2027,CONS,41974,0.0186,781,41193
49,49,2027,FOOD,27644,0.0123,340,27304
49,49,2027,GVED,71753,0.0272,1952,69801
49,49,2027,HLTH,49589,0.0227,1126,48463
49,49,2027,MANU,27452,0.0203,557,26895
49,49,2027,MING,1021,0.0019,2,1019
49,49,2027,OFFI,67016,0.0627,4202,62814
49,49,2027,OTHR,122826,0.05,6141,116685
49,49,2027,RETL,51806,0.0213,1103,50703
49,49,2027,WSLE,23749,0.024,570,23179
49,49,2028,AGRI,3831,0.0168,64,3767
49,49,2028,CONS,43461,0.0189,821,42640
49,49,2028,FOOD,27936,0.0125,349,27587
49,49,2028,GVED,72753,0.0277,2015,70738
49,49,2028,HLTH,50957,0.0231,1177,49780
49,49,2028,MANU,27786,0.0206,572,27214
49,49,2028,MING,980,0.0019,2,978
49,49,2028,OFFI,67433,0.0637,4295,63138
49,49,2028,OTHR,125410,0.0505,6333,119077
49,49,2028,RETL,52427,0.0216,1132,51295
49,49,2028,WSLE,23950,0.0244,584,23366
49,49,2029,AGRI,3812,0.017,65,3747
49,49,2029,CONS,44808,0.0191,856,43952
49,49,2029,FOOD,28094,0.0127,357,27737
49,49,2029,GVED,73687,0.0281,2071,71616
49,49,2029,HLTH,52232,0.0234,1222,51010
49,49,2029,MANU,28294,0.0209,591,27703
49,49,2029,MING,926,0.002,2,924
49,49,2029,OFFI,68281,0.0646,4411,63870
49,49,2029,OTHR,128191,0.0511,6551,121640
49,49,2029,RETL,53072,0.0219,1162,51910
49,49,2029,WSLE,24163,0.0247,597,23566
49,49,2030,AGRI,3795,0.0172,65,3730
49,49,2030,CONS,45722,0.0194,887,44835
49,49,2030,FOOD,28146,0.0128,360,27786
49,49,2030,GVED,74324,0.0286,2126,72198
49,49,2030,HLTH,53632,0.0237,1271,52361
49,49,2030,MANU,28918,0.0212,613,28305
49,49,2030,MING,911,0.002,2,909
49,49,2030,OFFI,69208,0.0654,4526,64682
49,49,2030,OTHR,130645,0.0517,6754,123891
49,49,2030,RETL,54029,0.0222,1199,52830
49,49,2030,WSLE,24318,0.025,608,23710
49,49,2031,AGRI,3779,0.0174,66,3713
49,49,2031,CONS,46386,0.0196,909,45477
49,49,2031,FOOD,28058,0.013,365,27693
49,49,2031,GVED,74558,0.029,2162,72396
49,49,2031,HLTH,55005,0.024,1320,53685
49,49,2031,MANU,29529,0.0214,632,28897
49,49,2031,MING,918,0.002,2,916
49,49,2031,OFFI,70019,0.0662,4635,65384
49,49,2031,OTHR,132882,0.0523,6950,125932
49,49,2031,RETL,55060,0.0225,1239,53821
49,49,2031,WSLE,24502,0.0253,620,23882
49,49,2032,AGRI,3767,0.0176,66,3701
49,49,2032,CONS,47059,0.0198,932,46127
49,49,2032,FOOD,28100,0.0131,368,27732
49,49,2032,GVED,74717,0.0294,2197,72520
49,49,2032,HLTH,56395,0.0242,1365,55030
49,49,2032,MANU,30111,0.0217,653,29458
49,49,2032,MING,964,0.002,2,962
49,49,2032,OFFI,70964,0.0669,4747,66217
49,49,2032,OTHR,135632,0.053,7188,128444
49,49,2032,RETL,55951,0.0227,1270,54681
49,49,2032,WSLE,24705,0.0256,632,24073
49,49,2033,AGRI,3775,0.0177,67,3708
49,49,2033,CONS,47719,0.0201,959,46760
49,49,2033,FOOD,28304,0.0133,376,27928
49,49,2033,GVED,74837,0.0299,2238,72599
49,49,2033,HLTH,57676,0.0245,1413,56263
49,49,2033,MANU,30582,0.0219,670,29912
49,49,2033,MING,1011,0.0021,2,1009
49,49,2033,OFFI,71987,0.0677,4874,67113
49,49,2033,OTHR,138167,0.0535,7392,130775
49,49,2033,RETL,56681,0.023,1304,55377
49,49,2033,WSLE,24801,0.0259,642,24159
49,49,2034,AGRI,3783,0.0179,68,3715
49,49,2034,CONS,48518,0.0203,985,47533
49,49,2034,FOOD,29544,0.0135,399,29145
49,49,2034,GVED,75140,0.0303,2277,72863
49,49,2034,HLTH,59250,0.0248,1469,57781
49,49,2034,MANU,31080,0.0222,690,30390
49,49,2034,MING,1052,0.0021,2,1050
49,49,2034,OFFI,73383,0.0685,5027,68356
49,49,2034,OTHR,142467,0.054,7693,134774
49,49,2034,RETL,57607,0.0232,1336,56271
49,49,2034,WSLE,24982,0.0263,657,24325
49,49,2035,AGRI,3780,0.018,68,3712
49,49,2035,CONS,48737,0.0205,999,47738
49,49,2035,FOOD,28631,0.0136,389,28242
49,49,2035,GVED,74946,0.0307,2301,72645
49,49,2035,HLTH,59961,0.025,1499,58462
49,49,2035,MANU,31455,0.0224,705,30750
49,49,2035,MING,1067,0.0021,2,1065
49,49,2035,OFFI,74362,0.069,5131,69231
49,49,2035,OTHR,141401,0.0548,7749,133652
49,49,2035,RETL,57691,0.0234,1350,56341
49,49,2035,WSLE,24744,0.0266,658,24086
49,49,2036,AGRI,3784,0.0181,68,3716
49,49,2036,CONS,49041,0.0207,1015,48026
49,49,2036,FOOD,28959,0.0137,397,28562
49,49,2036,GVED,75078,0.0311,2335,72743
49,49,2036,HLTH,60994,0.0253,1543,59451
49,49,2036,MANU,32056,0.0226,724,31332
49,49,2036,MING,1060,0.0021,2,1058
49,49,2036,OFFI,75677,0.0697,5275,70402
49,49,2036,OTHR,143364,0.0554,7942,135422
49,49,2036,RETL,58241,0.0237,1380,56861
49,49,2036,WSLE,24691,0.0269,664,24027
49,49,2037,AGRI,3786,0.0183,69,3717
49,49,2037,CONS,49054,0.0209,1025,48029
49,49,2037,FOOD,29340,0.0138,405,28935
49,49,2037,GVED,75380,0.0315,2374,73006
49,49,2037,HLTH,62054,0.0255,1582,60472
49,49,2037,MANU,32656,0.0228,745,31911
49,49,2037,MING,1051,0.0021,2,1049
49,49,2037,OFFI,76830,0.0704,5409,71421
49,49,2037,OTHR,145574,0.056,8152,137422
49,49,2037,RETL,58952,0.0239,1409,57543
49,49,2037,WSLE,24697,0.0272,672,24025
49,49,2038,AGRI,3787,0.0184,70,3717
49,49,2038,CONS,48986,0.0211,1034,47952
49,49,2038,FOOD,29623,0.014,415,29208
49,49,2038,GVED,75884,0.0319,2421,73463
49,49,2038,HLTH,63259,0.0258,1632,61627
49,49,2038,MANU,33220,0.023,764,32456
49,49,2038,MING,1049,0.0022,2,1047
49,49,2038,OFFI,77968,0.0711,5544,72424
49,49,2038,OTHR,148385,0.0566,8399,139986
49,49,2038,RETL,59719,0.0241,1439,58280
49,49,2038,WSLE,24828,0.0275,683,24145
49,49,2039,AGRI,3789,0.0186,70,3719
49,49,2039,CONS,48888,0.0213,1041,47847
49,49,2039,FOOD,29907,0.0141,422,29485
49,49,2039,GVED,76600,0.0322,2467,74133
49,49,2039,HLTH,64354,0.026,1673,62681
49,49,2039,MANU,33750,0.0233,786,32964
49,49,2039,MING,1049,0.0022,2,1047
49,49,2039,OFFI,79021,0.0718,5674,73347
49,49,2039,OTHR,150991,0.0572,8637,142354
49,49,2039,RETL,60524,0.0244,1477,59047
49,49,2039,WSLE,24953,0.0279,696,24257
49,49,2040,AGRI,3789,0.0187,71,3718
49,49,2040,CONS,48712,0.0215,1047,47665
49,49,2040,FOOD,30141,0.0143,431,29710
49,49,2040,GVED,77348,0.0326,2522,74826
49,49,2040,HLTH,65465,0.0263,1722,63743
49,49,2040,MANU,34260,0.0235,805,33455
49,49,2040,MING,1049,0.0022,2,1047
49,49,2040,OFFI,80180,0.0725,5813,74367
49,49,2040,OTHR,153409,0.0578,8867,144542
49,49,2040,RETL,61274,0.0246,1507,59767
49,49,2040,WSLE,25081,0.0282,707,24374
49,49,2041,AGRI,3787,0.0189,72,3715
49,49,2041,CONS,48428,0.0217,1051,47377
49,49,2041,FOOD,30415,0.0144,438,29977
49,49,2041,GVED,78108,0.033,2578,75530
49,49,2041,HLTH,66473,0.0266,1768,64705
49,49,2041,MANU,34742,0.0237,823,33919
49,49,2041,MING,1054,0.0022,2,1052
49,49,2041,OFFI,81171,0.0733,5950,75221
49,49,2041,OTHR,155679,0.0583,9076,146603
49,49,2041,RETL,62072,0.0249,1546,60526
49,49,2041,WSLE,25229,0.0285,719,24510
49,49,2042,AGRI,3786,0.019,72,3714
49,49,2042,CONS,48237,0.0219,1056,47181
49,49,2042,FOOD,30620,0.0145,444,30176
49,49,2042,GVED,78859,0.0333,2626,76233
49,49,2042,HLTH,67432,0.0268,1807,65625
49,49,2042,MANU,35198,0.024,845,34353
49,49,2042,MING,1064,0.0023,2,1062
49,49,2042,OFFI,82407,0.074,6098,76309
49,49,2042,OTHR,157893,0.0589,9300,148593
49,49,2042,RETL,62773,0.0251,1576,61197
49,49,2042,WSLE,25398,0.0288,731,24667
49,49,2043,AGRI,3783,0.0192,73,3710
49,49,2043,CONS,48087,0.0222,1068,47019
49,49,2043,FOOD,30863,0.0147,454,30409
49,49,2043,GVED,79698,0.0337,2686,77012
49,49,2043,HLTH,68350,0.0271,1852,66498
49,49,2043,MANU,35613,0.0242,862,34751
49,49,2043,MING,1073,0.0023,2,1071
49,49,2043,OFFI,83474,0.0747,6236,77238
49,49,2043,OTHR,159974,0.0595,9518,150456
49,49,2043,RETL,63512,0.0254,1613,61899
49,49,2043,WSLE,25563,0.0291,744,24819
49,49,2044,AGRI,3781,0.0194,73,3708
49,49,2044,CONS,47931,0.0224,1074,46857
49,49,2044,FOOD,31073,0.0148,460,30613
49,49,2044,GVED,80607,0.0341,2749,77858
49,49,2044,HLTH,69321,0.0273,1892,67429
49,49,2044,MANU,35995,0.0244,878,35117
49,49,2044,MING,1072,0.0023,2,1070
49,49,2044,OFFI,84644,0.0754,6382,78262
49,49,2044,OTHR,162128,0.0601,9744,152384
49,49,2044,RETL,64232,0.0256,1644,62588
49,49,2044,WSLE,25736,0.0294,757,24979
49,49,2045,AGRI,3777,0.0195,74,3703
49,49,2045,CONS,48040,0.0226,1086,46954
49,49,2045,FOOD,31293,0.015,469,30824
49,49,2045,GVED,81627,0.0344,2808,78819
49,49,2045,HLTH,70331,0.0276,1941,68390
49,49,2045,MANU,36443,0.0247,900,35543
49,49,2045,MING,1069,0.0023,2,1067
49,49,2045,OFFI,85811,0.0762,6539,79272
49,49,2045,OTHR,164189,0.0607,9966,154223
49,49,2045,RETL,65038,0.0259,1684,63354
49,49,2045,WSLE,25904,0.0297,769,25135
49,49,2046,AGRI,3774,0.0197,74,3700
49,49,2046,CONS,48457,0.0228,1105,47352
49,49,2046,FOOD,31448,0.0151,475,30973
49,49,2046,GVED,82713,0.0348,2878,79835
49,49,2046,HLTH,71281,0.0279,1989,69292
49,49,2046,MANU,36883,0.0249,918,35965
49,49,2046,MING,1069,0.0023,2,1067
49,49,2046,OFFI,87200,0.0769,6706,80494
49,49,2046,OTHR,166031,0.0613,10178,155853
49,49,2046,RETL,65770,0.0261,1717,64053
49,49,2046,WSLE,26057,0.03,782,25275
49,49,2047,AGRI,3770,0.0198,75,3695
49,49,2047,CONS,49112,0.023,1130,47982
49,49,2047,FOOD,31590,0.0153,483,31107
49,49,2047,GVED,83815,0.0351,2942,80873
49,49,2047,HLTH,72162,0.0281,2028,70134
49,49,2047,MANU,37309,0.0252,940,36369
49,49,2047,MING,1076,0.0024,3,1073
49,49,2047,OFFI,88814,0.0777,6901,81913
49,49,2047,OTHR,167707,0.0619,10381,157326
49,49,2047,RETL,66554,0.0264,1757,64797
49,49,2047,WSLE,26196,0.0304,796,25400
49,49,2048,AGRI,3765,0.02,75,3690
49,49,2048,CONS,49976,0.0233,1164,48812
49,49,2048,FOOD,31762,0.0154,489,31273
49,49,2048,GVED,84955,0.0354,3007,81948
49,49,2048,HLTH,73001,0.0284,2073,70928
49,49,2048,MANU,37742,0.0254,959,36783
49,49,2048,MING,1087,0.0024,3,1084
49,49,2048,OFFI,90473,0.0784,7093,83380
49,49,2048,OTHR,169205,0.0626,10592,158613
49,49,2048,RETL,67322,0.0266,1791,65531
49,49,2048,WSLE,26324,0.0307,808,25516
49,49,2049,AGRI,3760,0.0202,76,3684
49,49,2049,CONS,51035,0.0235,1199,49836
49,49,2049,FOOD,31930,0.0156,498,31432
49,49,2049,GVED,86107,0.0358,3083,83024
49,49,2049,HLTH,73796,0.0287,2118,71678
49,49,2049,MANU,38184,0.0257,981,37203
49,49,2049,MING,1097,0.0024,3,1094
49,49,2049,OFFI,92141,0.0792,7298,84843
49,49,2049,OTHR,170690,0.0632,10788,159902
49,49,2049,RETL,68099,0.0269,1832,66267
49,49,2049,WSLE,26446,0.031,820,25626
49,49,2050,AGRI,3756,0.0204,77,3679
49,49,2050,CONS,52201,0.0237,1237,50964
49,49,2050,FOOD,32111,0.0157,504,31607
49,49,2050,GVED,87296,0.0361,3151,84145
49,49,2050,HLTH,74583,0.029,2163,72420
49,49,2050,MANU,38630,0.0259,1001,37629
49,49,2050,MING,1108,0.0024,3,1105
49,49,2050,OFFI,93720,0.08,7498,86222
49,49,2050,OTHR,172263,0.0638,10990,161273
49,49,2050,RETL,68932,0.0272,1875,67057
49,49,2050,WSLE,26577,0.0314,835,25742
49,49,2051,AGRI,3749,0.0206,77,3672
49,49,2051,CONS,53398,0.024,1282,52116
49,49,2051,FOOD,32251,0.0159,513,31738
49,49,2051,GVED,88436,0.0365,3228,85208
49,49,2051,HLTH,75301,0.0293,2206,73095
49,49,2051,MANU,39092,0.0262,1024,38068
49,49,2051,MING,1117,0.0025,3,1114
49,49,2051,OFFI,95083,0.0808,7683,87400
49,49,2051,OTHR,173659,0.0645,11201,162458
49,49,2051,RETL,69698,0.0274,1910,67788
49,49,2051,WSLE,26672,0.0317,846,25826
49,49,2052,AGRI,3741,0.0208,78,3663
49,49,2052,CONS,54613,0.0242,1322,53291
49,49,2052,FOOD,32394,0.016,518,31876
49,49,2052,GVED,89621,0.0369,3307,86314
49,49,2052,HLTH,76048,0.0296,2251,73797
49,49,2052,MANU,39520,0.0265,1047,38473
49,49,2052,MING,1126,0.0025,3,1123
49,49,2052,OFFI,96296,0.0817,7867,88429
49,49,2052,OTHR,175053,0.0652,11413,163640
49,49,2052,RETL,70472,0.0277,1952,68520
49,49,2052,WSLE,26776,0.0321,860,25916
49,49,2053,AGRI,3734,0.021,78,3656
49,49,2053,CONS,55900,0.0245,1370,54530
49,49,2053,FOOD,32554,0.0162,527,32027
49,49,2053,GVED,90859,0.0373,3389,87470
49,49,2053,HLTH,76852,0.0299,2298,74554
49,49,2053,MANU,39903,0.0267,1065,38838
49,49,2053,MING,1138,0.0025,3,1135
49,49,2053,OFFI,97318,0.0825,8029,89289
49,49,2053,OTHR,176632,0.0659,11640,164992
49,49,2053,RETL,71276,0.028,1996,69280
49,49,2053,WSLE,26913,0.0324,872,26041
49,49,2054,AGRI,3726,0.0212,79,3647
49,49,2054,CONS,57258,0.0247,1414,55844
49,49,2054,FOOD,32694,0.0164,536,32158
49,49,2054,GVED,92123,0.0376,3464,88659
49,49,2054,HLTH,77689,0.0302,2346,75343
49,49,2054,MANU,40261,0.027,1087,39174
49,49,2054,MING,1146,0.0025,3,1143
49,49,2054,OFFI,98332,0.0834,8201,90131
49,49,2054,OTHR,178110,0.0666,11862,166248
49,49,2054,RETL,72076,0.0283,2040,70036
49,49,2054,WSLE,27039,0.0328,887,26152
49,49,2055,AGRI,3717,0.0214,80,3637
49,49,2055,CONS,58705,0.025,1468,57237
49,49,2055,FOOD,32851,0.0166,545,32306
49,49,2055,GVED,93378,0.038,3548,89830
49,49,2055,HLTH,78506,0.0305,2394,76112
49,49,2055,MANU,40592,0.0273,1108,39484
49,49,2055,MING,1149,0.0026,3,1146
49,49,2055,OFFI,99273,0.0843,8369,90904
49,49,2055,OTHR,179674,0.0673,12092,167582
49,49,2055,RETL,72901,0.0286,2085,70816
49,49,2055,WSLE,27190,0.0332,903,26287
49,49,2056,AGRI,3708,0.0216,80,3628
49,49,2056,CONS,59808,0.0252,1507,58301
49,49,2056,FOOD,32982,0.0167,551,32431
49,49,2056,GVED,94603,0.0384,3633,90970
49,49,2056,HLTH,79418,0.0309,2454,76964
49,49,2056,MANU,40882,0.0276,1128,39754
49,49,2056,MING,1142,0.0026,3,1139
49,49,2056,OFFI,100210,0.0851,8528,91682
49,49,2056,OTHR,181414,0.0679,12318,169096
49,49,2056,RETL,73610,0.0289,2127,71483
49,49,2056,WSLE,27376,0.0335,917,26459
49,49,2057,AGRI,3700,0.0217,80,3620
49,49,2057,CONS,60682,0.0255,1547,59135
49,49,2057,FOOD,33086,0.0169,559,32527
49,49,2057,GVED,95757,0.0388,3715,92042
49,49,2057,HLTH,80248,0.0311,2496,77752
49,49,2057,MANU,41202,0.0278,1145,40057
49,49,2057,MING,1122,0.0026,3,1119
49,49,2057,OFFI,101249,0.0859,8697,92552
49,49,2057,OTHR,183074,0.0686,12559,170515
49,49,2057,RETL,74263,0.0292,2168,72095
49,49,2057,WSLE,27540,0.0339,934,26606
49,49,2058,AGRI,3690,0.0219,81,3609
49,49,2058,CONS,61451,0.0257,1579,59872
49,49,2058,FOOD,33203,0.017,564,32639
49,49,2058,GVED,96844,0.0391,3787,93057
49,49,2058,HLTH,81117,0.0314,2547,78570
49,49,2058,MANU,41538,0.0281,1167,40371
49,49,2058,MING,1103,0.0026,3,1100
49,49,2058,OFFI,102343,0.0867,8873,93470
49,49,2058,OTHR,184728,0.0692,12783,171945
49,49,2058,RETL,74938,0.0295,2211,72727
49,49,2058,WSLE,27705,0.0342,948,26757
49,49,2059,AGRI,3681,0.0221,81,3600
49,49,2059,CONS,62158,0.026,1616,60542
49,49,2059,FOOD,33334,0.0172,573,32761
49,49,2059,GVED,97862,0.0395,3866,93996
49,49,2059,HLTH,81929,0.0317,2597,79332
49,49,2059,MANU,41879,0.0284,1189,40690
49,49,2059,MING,1089,0.0027,3,1086
49,49,2059,OFFI,103455,0.0875,9052,94403
49,49,2059,OTHR,186397,0.0698,13011,173386
49,49,2059,RETL,75621,0.0297,2246,73375
49,49,2059,WSLE,27875,0.0345,962,26913
49,49,2060,AGRI,3671,0.0223,82,3589
49,49,2060,CONS,62822,0.0262,1646,61176
49,49,2060,FOOD,33480,0.0174,583,32897
49,49,2060,GVED,98818,0.0399,3943,94875
49,49,2060,HLTH,82711,0.032,2647,80064
49,49,2060,MANU,42224,0.0286,1208,41016
49,49,2060,MING,1082,0.0027,3,1079
49,49,2060,OFFI,104568,0.0883,9233,95335
49,49,2060,OTHR,188090,0.0704,13242,174848
49,49,2060,RETL,76310,0.03,2289,74021
49,49,2060,WSLE,28048,0.0349,979,27069
49,49,2061,AGRI,3662,0.0224,82,3580
49,49,2061,CONS,63446,0.0264,1675,61771
49,49,2061,FOOD,33626,0.0175,588,33038
49,49,2061,GVED,99735,0.0403,4019,95716
49,49,2061,HLTH,83486,0.0323,2697,80789
49,49,2061,MANU,42565,0.0289,1230,41335
49,49,2061,MING,1077,0.0027,3,1074
49,49,2061,OFFI,105613,0.0891,9410,96203
49,49,2061,OTHR,189749,0.0711,13491,176258
49,49,2061,RETL,77033,0.0303,2334,74699
49,49,2061,WSLE,28202,0.0352,993,27209
49,49,2062,AGRI,3653,0.0226,83,3570
49,49,2062,CONS,64047,0.0267,1710,62337
49,49,2062,FOOD,33773,0.0177,598,33175
49,49,2062,GVED,100673,0.0407,4097,96576
49,49,2062,HLTH,84261,0.0326,2747,81514
49,49,2062,MANU,42903,0.0291,1248,41655
49,49,2062,MING,1074,0.0027,3,1071
49,49,2062,OFFI,106607,0.0899,9584,97023
49,49,2062,OTHR,191383,0.0717,13722,177661
49,49,2062,RETL,77771,0.0305,2372,75399
49,49,2062,WSLE,28356,0.0356,1009,27347
49,49,2063,AGRI,3643,0.0228,83,3560
49,49,2063,CONS,64627,0.0269,1738,62889
49,49,2063,FOOD,33919,0.0178,604,33315
49,49,2063,GVED,101611,0.0411,4176,97435
49,49,2063,HLTH,85034,0.0329,2798,82236
49,49,2063,MANU,43237,0.0294,1271,41966
49,49,2063,MING,1071,0.0028,3,1068
49,49,2063,OFFI,107559,0.0907,9756,97803
49,49,2063,OTHR,192987,0.0723,13953,179034
49,49,2063,RETL,78520,0.0308,2418,76102
49,49,2063,WSLE,28508,0.0359,1023,27485
49,49,2064,AGRI,3636,0.0229,83,3553
49,49,2064,CONS,65187,0.0272,1773,63414
49,49,2064,FOOD,34065,0.018,613,33452
49,49,2064,GVED,102547,0.0415,4256,98291
49,49,2064,HLTH,85805,0.0332,2849,82956
49,49,2064,MANU,43568,0.0297,1294,42274
49,49,2064,MING,1069,0.0028,3,1066
49,49,2064,OFFI,108474,0.0915,9925,98549
49,49,2064,OTHR,194565,0.073,14203,180362
49,49,2064,RETL,79274,0.0311,2465,76809
49,49,2064,WSLE,28660,0.0363,1040,27620
49,49,2065,AGRI,3627,0.0231,84,3543
49,49,2065,CONS,65725,0.0274,1801,63924
49,49,2065,FOOD,34212,0.0181,619,33593
49,49,2065,GVED,103485,0.0419,4336,99149
49,49,2065,HLTH,86574,0.0335,2900,83674
49,49,2065,MANU,43897,0.0299,1313,42584
49,49,2065,MING,1067,0.0028,3,1064
49,49,2065,OFFI,109358,0.0923,10094,99264
49,49,2065,OTHR,196113,0.0736,14434,181679
49,49,2065,RETL,80032,0.0314,2513,77519
49,49,2065,WSLE,28813,0.0366,1055,27758
51,51,2023,AGRI,520,0.0252,13,507
51,51,2023,CONS,2542,0.0254,65,2477
51,51,2023,FOOD,1634,0.0169,28,1606
51,51,2023,GVED,2701,0.0397,107,2594
51,51,2023,HLTH,1586,0.0311,49,1537
51,51,2023,MANU,743,0.0278,21,722
51,51,2023,MING,87,0.0026,0,87
51,51,2023,OFFI,2607,0.0857,223,2384
51,51,2023,OTHR,8396,0.0684,574,7822
51,51,2023,RETL,1974,0.0291,57,1917
51,51,2023,WSLE,779,0.0334,26,753
51,51,2024,AGRI,520,0.0248,13,507
51,51,2024,CONS,2559,0.0251,64,2495
51,51,2024,FOOD,1528,0.0166,25,1503
51,51,2024,GVED,2599,0.0396,103,2496
51,51,2024,HLTH,1695,0.0306,52,1643
51,51,2024,MANU,899,0.0274,25,874
51,51,2024,MING,128,0.0026,0,128
51,51,2024,OFFI,2794,0.0844,236,2558
51,51,2024,OTHR,7949,0.0676,537,7412
51,51,2024,RETL,1981,0.0287,57,1924
51,51,2024,WSLE,826,0.0334,28,798
51,51,2025,AGRI,518,0.0268,14,504
51,51,2025,CONS,2709,0.027,73,2636
51,51,2025,FOOD,1550,0.0179,28,1522
51,51,2025,GVED,2680,0.0428,115,2565
51,51,2025,HLTH,1778,0.033,59,1719
51,51,2025,MANU,919,0.0295,27,892
51,51,2025,MING,127,0.0028,0,127
51,51,2025,OFFI,2845,0.091,259,2586
51,51,2025,OTHR,8167,0.0729,595,7572
51,51,2025,RETL,2016,0.0309,62,1954
51,51,2025,WSLE,845,0.036,30,815
51,51,2026,AGRI,518,0.0271,14,504
51,51,2026,CONS,2843,0.0274,78,2765
51,51,2026,FOOD,1579,0.0181,29,1550
51,51,2026,GVED,2739,0.0434,119,2620
51,51,2026,HLTH,1844,0.0335,62,1782
51,51,2026,MANU,931,0.0299,28,903
51,51,2026,MING,131,0.0028,0,131
51,51,2026,OFFI,2836,0.0921,261,2575
51,51,2026,OTHR,8328,0.0738,615,7713
51,51,2026,RETL,2034,0.0313,64,1970
51,51,2026,WSLE,852,0.0364,31,821
51,51,2027,AGRI,515,0.0275,14,501
51,51,2027,CONS,2958,0.0278,82,2876
51,51,2027,FOOD,1598,0.0184,29,1569
51,51,2027,GVED,2800,0.0441,123,2677
51,51,2027,HLTH,1901,0.0339,64,1837
51,51,2027,MANU,942,0.0303,29,913
51,51,2027,MING,134,0.0029,0,134
51,51,2027,OFFI,2828,0.0935,264,2564
51,51,2027,OTHR,8479,0.0745,632,7847
51,51,2027,RETL,2071,0.0318,66,2005
51,51,2027,WSLE,862,0.037,32,830
51,51,2028,AGRI,512,0.0279,14,498
51,51,2028,CONS,3064,0.0282,86,2978
51,51,2028,FOOD,1616,0.0187,30,1586
51,51,2028,GVED,2853,0.0447,128,2725
51,51,2028,HLTH,1945,0.0344,67,1878
51,51,2028,MANU,952,0.0308,29,923
51,51,2028,MING,129,0.0029,0,129
51,51,2028,OFFI,2836,0.0948,269,2567
51,51,2028,OTHR,8647,0.075,649,7998
51,51,2028,RETL,2098,0.0322,68,2030
51,51,2028,WSLE,864,0.0376,32,832
51,51,2029,AGRI,509,0.0282,14,495
51,51,2029,CONS,3159,0.0285,90,3069
51,51,2029,FOOD,1628,0.0189,31,1597
51,51,2029,GVED,2904,0.0453,132,2772
51,51,2029,HLTH,1987,0.0348,69,1918
51,51,2029,MANU,969,0.0311,30,939
51,51,2029,MING,122,0.0029,0,122
51,51,2029,OFFI,2861,0.0959,274,2587
51,51,2029,OTHR,8824,0.0757,668,8156
51,51,2029,RETL,2128,0.0326,69,2059
51,51,2029,WSLE,866,0.038,33,833
51,51,2030,AGRI,506,0.0285,14,492
51,51,2030,CONS,3221,0.0288,93,3128
51,51,2030,FOOD,1634,0.0191,31,1603
51,51,2030,GVED,2948,0.0459,135,2813
51,51,2030,HLTH,2033,0.0352,72,1961
51,51,2030,MANU,992,0.0314,31,961
51,51,2030,MING,120,0.003,0,120
51,51,2030,OFFI,2886,0.0969,280,2606
51,51,2030,OTHR,8978,0.0764,686,8292
51,51,2030,RETL,2174,0.033,72,2102
51,51,2030,WSLE,868,0.0385,33,835
51,51,2031,AGRI,502,0.0289,15,487
51,51,2031,CONS,3258,0.0291,95,3163
51,51,2031,FOOD,1631,0.0193,31,1600
51,51,2031,GVED,2981,0.0465,139,2842
51,51,2031,HLTH,2079,0.0356,74,2005
51,51,2031,MANU,1014,0.0318,32,982
51,51,2031,MING,120,0.003,0,120
51,51,2031,OFFI,2905,0.0981,285,2620
51,51,2031,OTHR,9125,0.0773,705,8420
51,51,2031,RETL,2221,0.0334,74,2147
51,51,2031,WSLE,871,0.0391,34,837
51,51,2032,AGRI,501,0.0292,15,486
51,51,2032,CONS,3291,0.0295,97,3194
51,51,2032,FOOD,1636,0.0195,32,1604
51,51,2032,GVED,3016,0.0471,142,2874
51,51,2032,HLTH,2122,0.036,76,2046
51,51,2032,MANU,1033,0.0322,33,1000
51,51,2032,MING,126,0.003,0,126
51,51,2032,OFFI,2925,0.0992,290,2635
51,51,2032,OTHR,9307,0.0781,727,8580
51,51,2032,RETL,2263,0.0337,76,2187
51,51,2032,WSLE,874,0.0396,35,839
51,51,2033,AGRI,500,0.0296,15,485
51,51,2033,CONS,3328,0.0299,100,3228
51,51,2033,FOOD,1650,0.0198,33,1617
51,51,2033,GVED,3053,0.0478,146,2907
51,51,2033,HLTH,2159,0.0365,79,2080
51,51,2033,MANU,1050,0.0326,34,1016
51,51,2033,MING,132,0.0031,0,132
51,51,2033,OFFI,2953,0.1005,297,2656
51,51,2033,OTHR,9513,0.0788,750,8763
51,51,2033,RETL,2301,0.0342,79,2222
51,51,2033,WSLE,874,0.0402,35,839
51,51,2034,AGRI,501,0.03,15,486
51,51,2034,CONS,3384,0.0304,103,3281
51,51,2034,FOOD,1831,0.0201,37,1794
51,51,2034,GVED,3112,0.0488,152,2960
51,51,2034,HLTH,2205,0.0371,82,2123
51,51,2034,MANU,1067,0.0332,35,1032
51,51,2034,MING,137,0.0031,0,137
51,51,2034,OFFI,3007,0.1022,307,2700
51,51,2034,OTHR,9878,0.0793,783,9095
51,51,2034,RETL,2360,0.0348,82,2278
51,51,2034,WSLE,877,0.041,36,841
51,51,2035,AGRI,500,0.0301,15,485
51,51,2035,CONS,3371,0.0304,102,3269
51,51,2035,FOOD,1662,0.0201,33,1629
51,51,2035,GVED,3127,0.0489,153,2974
51,51,2035,HLTH,2216,0.0372,82,2134
51,51,2035,MANU,1081,0.0332,36,1045
51,51,2035,MING,139,0.0031,0,139
51,51,2035,OFFI,3037,0.1024,311,2726
51,51,2035,OTHR,9612,0.0809,778,8834
51,51,2035,RETL,2347,0.0348,82,2265
51,51,2035,WSLE,866,0.0412,36,830
51,51,2036,AGRI,499,0.0304,15,484
51,51,2036,CONS,3374,0.0307,104,3270
51,51,2036,FOOD,1680,0.0204,34,1646
51,51,2036,GVED,3159,0.0495,156,3003
51,51,2036,HLTH,2244,0.0375,84,2160
51,51,2036,MANU,1102,0.0336,37,1065
51,51,2036,MING,138,0.0032,0,138
51,51,2036,OFFI,3071,0.1034,318,2753
51,51,2036,OTHR,9731,0.0817,795,8936
51,51,2036,RETL,2374,0.0352,84,2290
51,51,2036,WSLE,861,0.0418,36,825
51,51,2037,AGRI,499,0.0307,15,484
51,51,2037,CONS,3364,0.031,104,3260
51,51,2037,FOOD,1703,0.0206,35,1668
51,51,2037,GVED,3194,0.0501,160,3034
51,51,2037,HLTH,2274,0.0379,86,2188
51,51,2037,MANU,1125,0.0339,38,1087
51,51,2037,MING,137,0.0032,0,137
51,51,2037,OFFI,3100,0.1044,324,2776
51,51,2037,OTHR,9876,0.0826,816,9060
51,51,2037,RETL,2408,0.0355,85,2323
51,51,2037,WSLE,859,0.0423,36,823
51,51,2038,AGRI,498,0.0309,15,483
51,51,2038,CONS,3351,0.0313,105,3246
51,51,2038,FOOD,1720,0.0207,36,1684
51,51,2038,GVED,3233,0.0506,164,3069
51,51,2038,HLTH,2310,0.0383,88,2222
51,51,2038,MANU,1144,0.0342,39,1105
51,51,2038,MING,137,0.0032,0,137
51,51,2038,OFFI,3134,0.1054,330,2804
51,51,2038,OTHR,10064,0.0833,838,9226
51,51,2038,RETL,2445,0.0358,88,2357
51,51,2038,WSLE,860,0.0429,37,823
51,51,2039,AGRI,497,0.0312,16,481
51,51,2039,CONS,3341,0.0316,106,3235
51,51,2039,FOOD,1739,0.0209,36,1703
51,51,2039,GVED,3280,0.0511,168,3112
51,51,2039,HLTH,2345,0.0386,91,2254
51,51,2039,MANU,1164,0.0345,40,1124
51,51,2039,MING,137,0.0032,0,137
51,51,2039,OFFI,3163,0.1064,337,2826
51,51,2039,OTHR,10250,0.0841,862,9388
51,51,2039,RETL,2487,0.0362,90,2397
51,51,2039,WSLE,862,0.0434,37,825
51,51,2040,AGRI,496,0.0315,16,480
51,51,2040,CONS,3326,0.0319,106,3220
51,51,2040,FOOD,1754,0.0211,37,1717
51,51,2040,GVED,3323,0.0517,172,3151
51,51,2040,HLTH,2379,0.039,93,2286
51,51,2040,MANU,1182,0.0349,41,1141
51,51,2040,MING,137,0.0033,0,137
51,51,2040,OFFI,3192,0.1074,343,2849
51,51,2040,OTHR,10421,0.0849,885,9536
51,51,2040,RETL,2525,0.0365,92,2433
51,51,2040,WSLE,864,0.0439,38,826
51,51,2041,AGRI,496,0.0318,16,480
51,51,2041,CONS,3303,0.0322,106,3197
51,51,2041,FOOD,1772,0.0214,38,1734
51,51,2041,GVED,3368,0.0522,176,3192
51,51,2041,HLTH,2409,0.0394,95,2314
51,51,2041,MANU,1200,0.0352,42,1158
51,51,2041,MING,138,0.0033,0,138
51,51,2041,OFFI,3217,0.1085,349,2868
51,51,2041,OTHR,10579,0.0856,906,9673
51,51,2041,RETL,2564,0.0369,95,2469
51,51,2041,WSLE,865,0.0444,38,827
51,51,2042,AGRI,494,0.0321,16,478
51,51,2042,CONS,3291,0.0325,107,3184
51,51,2042,FOOD,1787,0.0216,39,1748
51,51,2042,GVED,3411,0.0527,180,3231
51,51,2042,HLTH,2437,0.0398,97,2340
51,51,2042,MANU,1217,0.0355,43,1174
51,51,2042,MING,139,0.0033,0,139
51,51,2042,OFFI,3255,0.1095,356,2899
51,51,2042,OTHR,10745,0.0864,928,9817
51,51,2042,RETL,2603,0.0372,97,2506
51,51,2042,WSLE,869,0.0449,39,830
51,51,2043,AGRI,493,0.0324,16,477
51,51,2043,CONS,3279,0.0328,108,3171
51,51,2043,FOOD,1803,0.0218,39,1764
51,51,2043,GVED,3456,0.0533,184,3272
51,51,2043,HLTH,2462,0.0401,99,2363
51,51,2043,MANU,1232,0.0359,44,1188
51,51,2043,MING,140,0.0034,0,140
51,51,2043,OFFI,3290,0.1105,364,2926
51,51,2043,OTHR,10891,0.0872,950,9941
51,51,2043,RETL,2639,0.0376,99,2540
51,51,2043,WSLE,872,0.0454,40,832
51,51,2044,AGRI,492,0.0327,16,476
51,51,2044,CONS,3268,0.0331,108,3160
51,51,2044,FOOD,1816,0.022,40,1776
51,51,2044,GVED,3501,0.0538,188,3313
51,51,2044,HLTH,2487,0.0405,101,2386
51,51,2044,MANU,1248,0.0362,45,1203
51,51,2044,MING,140,0.0034,0,140
51,51,2044,OFFI,3327,0.1115,371,2956
51,51,2044,OTHR,11045,0.0879,971,10074
51,51,2044,RETL,2676,0.0379,101,2575
51,51,2044,WSLE,875,0.046,40,835
51,51,2045,AGRI,491,0.033,16,475
51,51,2045,CONS,3275,0.0334,109,3166
51,51,2045,FOOD,1831,0.0222,41,1790
51,51,2045,GVED,3544,0.0543,192,3352
51,51,2045,HLTH,2513,0.0409,103,2410
51,51,2045,MANU,1265,0.0365,46,1219
51,51,2045,MING,140,0.0034,0,140
51,51,2045,OFFI,3364,0.1126,379,2985
51,51,2045,OTHR,11188,0.0887,992,10196
51,51,2045,RETL,2714,0.0383,104,2610
51,51,2045,WSLE,877,0.0465,41,836
51,51,2046,AGRI,489,0.0333,16,473
51,51,2046,CONS,3305,0.0338,112,3193
51,51,2046,FOOD,1842,0.0224,41,1801
51,51,2046,GVED,3588,0.0549,197,3391
51,51,2046,HLTH,2538,0.0413,105,2433
51,51,2046,MANU,1283,0.0369,47,1236
51,51,2046,MING,140,0.0035,0,140
51,51,2046,OFFI,3410,0.1136,387,3023
51,51,2046,OTHR,11324,0.0896,1015,10309
51,51,2046,RETL,2753,0.0387,107,2646
51,51,2046,WSLE,880,0.047,41,839
51,51,2047,AGRI,489,0.0336,16,473
51,51,2047,CONS,3346,0.0341,114,3232
51,51,2047,FOOD,1852,0.0226,42,1810
51,51,2047,GVED,3629,0.0554,201,3428
51,51,2047,HLTH,2561,0.0417,107,2454
51,51,2047,MANU,1301,0.0372,48,1253
51,51,2047,MING,141,0.0035,0,141
51,51,2047,OFFI,3463,0.1147,397,3066
51,51,2047,OTHR,11435,0.0904,1034,10401
51,51,2047,RETL,2788,0.039,109,2679
51,51,2047,WSLE,882,0.0476,42,840
51,51,2048,AGRI,487,0.0339,17,470
51,51,2048,CONS,3398,0.0344,117,3281
51,51,2048,FOOD,1862,0.0228,42,1820
51,51,2048,GVED,3669,0.056,205,3464
51,51,2048,HLTH,2581,0.0421,109,2472
51,51,2048,MANU,1318,0.0376,50,1268
51,51,2048,MING,142,0.0035,0,142
51,51,2048,OFFI,3517,0.1159,408,3109
51,51,2048,OTHR,11531,0.0913,1053,10478
51,51,2048,RETL,2821,0.0394,111,2710
51,51,2048,WSLE,883,0.0481,42,841
51,51,2049,AGRI,486,0.0343,17,469
51,51,2049,CONS,3463,0.0348,121,3342
51,51,2049,FOOD,1871,0.023,43,1828
51,51,2049,GVED,3705,0.0565,209,3496
51,51,2049,HLTH,2600,0.0425,111,2489
51,51,2049,MANU,1336,0.038,51,1285
51,51,2049,MING,144,0.0036,1,143
51,51,2049,OFFI,3570,0.117,418,3152
51,51,2049,OTHR,11626,0.0921,1071,10555
51,51,2049,RETL,2855,0.0398,114,2741
51,51,2049,WSLE,884,0.0487,43,841
51,51,2050,AGRI,484,0.0347,17,467
51,51,2050,CONS,3536,0.0351,124,3412
51,51,2050,FOOD,1881,0.0233,44,1837
51,51,2050,GVED,3743,0.0571,214,3529
51,51,2050,HLTH,2619,0.0429,112,2507
51,51,2050,MANU,1353,0.0384,52,1301
51,51,2050,MING,146,0.0036,1,145
51,51,2050,OFFI,3619,0.1182,428,3191
51,51,2050,OTHR,11724,0.093,1090,10634
51,51,2050,RETL,2891,0.0402,116,2775
51,51,2050,WSLE,885,0.0493,44,841
51,51,2051,AGRI,483,0.035,17,466
51,51,2051,CONS,3607,0.0355,128,3479
51,51,2051,FOOD,1887,0.0235,44,1843
51,51,2051,GVED,3775,0.0577,218,3557
51,51,2051,HLTH,2633,0.0434,114,2519
51,51,2051,MANU,1372,0.0388,53,1319
51,51,2051,MING,147,0.0036,1,146
51,51,2051,OFFI,3658,0.1194,437,3221
51,51,2051,OTHR,11801,0.0939,1108,10693
51,51,2051,RETL,2921,0.0406,119,2802
51,51,2051,WSLE,885,0.0499,44,841
51,51,2052,AGRI,482,0.0354,17,465
51,51,2052,CONS,3676,0.0358,132,3544
51,51,2052,FOOD,1891,0.0237,45,1846
51,51,2052,GVED,3804,0.0583,222,3582
51,51,2052,HLTH,2646,0.0438,116,2530
51,51,2052,MANU,1389,0.0392,54,1335
51,51,2052,MING,149,0.0037,1,148
51,51,2052,OFFI,3690,0.1206,445,3245
51,51,2052,OTHR,11874,0.0949,1127,10747
51,51,2052,RETL,2948,0.041,121,2827
51,51,2052,WSLE,884,0.0505,45,839
51,51,2053,AGRI,481,0.0357,17,464
51,51,2053,CONS,3746,0.0362,136,3610
51,51,2053,FOOD,1895,0.024,45,1850
51,51,2053,GVED,3834,0.0589,226,3608
51,51,2053,HLTH,2658,0.0443,118,2540
51,51,2053,MANU,1404,0.0396,56,1348
51,51,2053,MING,151,0.0037,1,150
51,51,2053,OFFI,3712,0.1219,452,3260
51,51,2053,OTHR,11956,0.0958,1145,10811
51,51,2053,RETL,2976,0.0415,124,2852
51,51,2053,WSLE,885,0.0511,45,840
51,51,2054,AGRI,477,0.0362,17,460
51,51,2054,CONS,3818,0.0366,140,3678
51,51,2054,FOOD,1896,0.0242,46,1850
51,51,2054,GVED,3860,0.0595,230,3630
51,51,2054,HLTH,2667,0.0447,119,2548
51,51,2054,MANU,1418,0.04,57,1361
51,51,2054,MING,151,0.0038,1,150
51,51,2054,OFFI,3733,0.1231,460,3273
51,51,2054,OTHR,12023,0.0967,1163,10860
51,51,2054,RETL,3001,0.0419,126,2875
51,51,2054,WSLE,885,0.0517,46,839
51,51,2055,AGRI,476,0.0365,17,459
51,51,2055,CONS,3890,0.037,144,3746
51,51,2055,FOOD,1896,0.0245,46,1850
51,51,2055,GVED,3888,0.0601,234,3654
51,51,2055,HLTH,2676,0.0452,121,2555
51,51,2055,MANU,1431,0.0404,58,1373
51,51,2055,MING,152,0.0038,1,151
51,51,2055,OFFI,3750,0.1244,466,3284
51,51,2055,OTHR,12088,0.0977,1181,10907
51,51,2055,RETL,3024,0.0423,128,2896
51,51,2055,WSLE,886,0.0523,46,840
51,51,2056,AGRI,475,0.0368,17,458
51,51,2056,CONS,3935,0.0373,147,3788
51,51,2056,FOOD,1893,0.0247,47,1846
51,51,2056,GVED,3911,0.0606,237,3674
51,51,2056,HLTH,2687,0.0456,123,2564
51,51,2056,MANU,1442,0.0407,59,1383
51,51,2056,MING,151,0.0038,1,150
51,51,2056,OFFI,3767,0.1255,473,3294
51,51,2056,OTHR,12159,0.0985,1198,10961
51,51,2056,RETL,3039,0.0427,130,2909
51,51,2056,WSLE,888,0.0529,47,841
51,51,2057,AGRI,473,0.0372,18,455
51,51,2057,CONS,3965,0.0376,149,3816
51,51,2057,FOOD,1888,0.0249,47,1841
51,51,2057,GVED,3934,0.0612,241,3693
51,51,2057,HLTH,2699,0.046,124,2575
51,51,2057,MANU,1454,0.0411,60,1394
51,51,2057,MING,149,0.0039,1,148
51,51,2057,OFFI,3783,0.1267,479,3304
51,51,2057,OTHR,12222,0.0994,1215,11007
51,51,2057,RETL,3053,0.0431,132,2921
51,51,2057,WSLE,889,0.0535,48,841
51,51,2058,AGRI,470,0.0376,18,452
51,51,2058,CONS,3989,0.038,152,3837
51,51,2058,FOOD,1882,0.0252,47,1835
51,51,2058,GVED,3955,0.0617,244,3711
51,51,2058,HLTH,2711,0.0464,126,2585
51,51,2058,MANU,1466,0.0415,61,1405
51,51,2058,MING,146,0.0039,1,145
51,51,2058,OFFI,3799,0.1278,486,3313
51,51,2058,OTHR,12285,0.1002,1231,11054
51,51,2058,RETL,3068,0.0435,133,2935
51,51,2058,WSLE,890,0.0541,48,842
51,51,2059,AGRI,469,0.0379,18,451
51,51,2059,CONS,4007,0.0383,153,3854
51,51,2059,FOOD,1875,0.0254,48,1827
51,51,2059,GVED,3973,0.0623,248,3725
51,51,2059,HLTH,2721,0.0468,127,2594
51,51,2059,MANU,1479,0.0419,62,1417
51,51,2059,MING,145,0.0039,1,144
51,51,2059,OFFI,3814,0.1289,492,3322
51,51,2059,OTHR,12340,0.101,1246,11094
51,51,2059,RETL,3079,0.0439,135,2944
51,51,2059,WSLE,892,0.0546,49,843
51,51,2060,AGRI,467,0.0382,18,449
51,51,2060,CONS,4026,0.0387,156,3870
51,51,2060,FOOD,1869,0.0256,48,1821
51,51,2060,GVED,3996,0.0629,251,3745
51,51,2060,HLTH,2731,0.0472,129,2602
51,51,2060,MANU,1492,0.0422,63,1429
51,51,2060,MING,144,0.004,1,143
51,51,2060,OFFI,3831,0.1301,498,3333
51,51,2060,OTHR,12400,0.1018,1262,11138
51,51,2060,RETL,3093,0.0442,137,2956
51,51,2060,WSLE,893,0.0552,49,844
51,51,2061,AGRI,466,0.0385,18,448
51,51,2061,CONS,4047,0.039,158,3889
51,51,2061,FOOD,1863,0.0258,48,1815
51,51,2061,GVED,4017,0.0634,255,3762
51,51,2061,HLTH,2741,0.0476,130,2611
51,51,2061,MANU,1505,0.0426,64,1441
51,51,2061,MING,143,0.004,1,142
51,51,2061,OFFI,3847,0.1312,505,3342
51,51,2061,OTHR,12459,0.1026,1278,11181
51,51,2061,RETL,3108,0.0446,139,2969
51,51,2061,WSLE,893,0.0558,50,843
51,51,2062,AGRI,465,0.0389,18,447
51,51,2062,CONS,4064,0.0393,160,3904
51,51,2062,FOOD,1856,0.0261,48,1808
51,51,2062,GVED,4037,0.064,258,3779
51,51,2062,HLTH,2750,0.0481,132,2618
51,51,2062,MANU,1518,0.043,65,1453
51,51,2062,MING,143,0.004,1,142
51,51,2062,OFFI,3862,0.1324,511,3351
51,51,2062,OTHR,12519,0.1035,1296,11223
51,51,2062,RETL,3124,0.045,141,2983
51,51,2062,WSLE,894,0.0563,50,844
51,51,2063,AGRI,463,0.0392,18,445
51,51,2063,CONS,4082,0.0397,162,3920
51,51,2063,FOOD,1851,0.0263,49,1802
51,51,2063,GVED,4059,0.0646,262,3797
51,51,2063,HLTH,2760,0.0485,134,2626
51,51,2063,MANU,1531,0.0433,66,1465
51,51,2063,MING,142,0.0041,1,141
51,51,2063,OFFI,3876,0.1335,517,3359
51,51,2063,OTHR,12579,0.1043,1312,11267
51,51,2063,RETL,3141,0.0454,143,2998
51,51,2063,WSLE,895,0.0569,51,844
51,51,2064,AGRI,461,0.0396,18,443
51,51,2064,CONS,4098,0.04,164,3934
51,51,2064,FOOD,1845,0.0265,49,1796
51,51,2064,GVED,4082,0.0651,266,3816
51,51,2064,HLTH,2771,0.0489,136,2635
51,51,2064,MANU,1544,0.0437,67,1477
51,51,2064,MING,142,0.0041,1,141
51,51,2064,OFFI,3891,0.1346,524,3367
51,51,2064,OTHR,12638,0.1051,1328,11310
51,51,2064,RETL,3157,0.0458,145,3012
51,51,2064,WSLE,895,0.0575,51,844
51,51,2065,AGRI,460,0.0399,18,442
51,51,2065,CONS,4113,0.0403,166,3947
51,51,2065,FOOD,1840,0.0267,49,1791
51,51,2065,GVED,4103,0.0657,270,3833
51,51,2065,HLTH,2782,0.0493,137,2645
51,51,2065,MANU,1557,0.0441,69,1488
51,51,2065,MING,141,0.0041,1,140
51,51,2065,OFFI,3904,0.1358,530,3374
51,51,2065,OTHR,12698,0.1059,1345,11353
51,51,2065,RETL,3174,0.0462,147,3027
51,51,2065,WSLE,895,0.0581,52,843
53,53,2023,AGRI,747,0.0187,14,733
53,53,2023,CONS,12377,0.0221,274,12103
53,53,2023,FOOD,11049,0.0147,162,10887
53,53,2023,GVED,13302,0.0347,462,12840
53,53,2023,HLTH,14982,0.027,405,14577
53,53,2023,MANU,4581,0.0242,111,4470
53,53,2023,MING,708,0.0023,2,706
53,53,2023,OFFI,11388,0.0746,850,10538
53,53,2023,OTHR,36416,0.0602,2192,34224
53,53,2023,RETL,16002,0.0253,405,15597
53,53,2023,WSLE,8878,0.027,240,8638
53,53,2024,AGRI,750,0.0183,14,736
53,53,2024,CONS,13189,0.0218,288,12901
53,53,2024,FOOD,11571,0.0144,167,11404
53,53,2024,GVED,13707,0.0341,467,13240
53,53,2024,HLTH,15705,0.0266,418,15287
53,53,2024,MANU,4769,0.0238,114,4655
53,53,2024,MING,706,0.0022,2,704
53,53,2024,OFFI,11534,0.0733,845,10689
53,53,2024,OTHR,38226,0.0594,2271,35955
53,53,2024,RETL,16211,0.0249,404,15807
53,53,2024,WSLE,9165,0.0266,244,8921
53,53,2025,AGRI,749,0.0197,15,734
53,53,2025,CONS,13726,0.0235,323,13403
53,53,2025,FOOD,11661,0.0155,181,11480
53,53,2025,GVED,14039,0.0368,517,13522
53,53,2025,HLTH,16481,0.0287,473,16008
53,53,2025,MANU,4885,0.0256,125,4760
53,53,2025,MING,705,0.0024,2,703
53,53,2025,OFFI,11760,0.0791,930,10830
53,53,2025,OTHR,39172,0.0642,2515,36657
53,53,2025,RETL,16496,0.0269,444,16052
53,53,2025,WSLE,9413,0.0286,269,9144
53,53,2026,AGRI,751,0.0199,15,736
53,53,2026,CONS,14262,0.0238,339,13923
53,53,2026,FOOD,11802,0.0157,185,11617
53,53,2026,GVED,14253,0.0372,530,13723
53,53,2026,HLTH,17134,0.029,497,16637
53,53,2026,MANU,4946,0.0259,128,4818
53,53,2026,MING,731,0.0024,2,729
53,53,2026,OFFI,11757,0.08,941,10816
53,53,2026,OTHR,39853,0.0649,2586,37267
53,53,2026,RETL,16628,0.0272,452,16176
53,53,2026,WSLE,9520,0.029,276,9244
53,53,2027,AGRI,750,0.0201,15,735
53,53,2027,CONS,14601,0.0241,352,14249
53,53,2027,FOOD,11874,0.0159,189,11685
53,53,2027,GVED,14467,0.0377,545,13922
53,53,2027,HLTH,17652,0.0294,519,17133
53,53,2027,MANU,5004,0.0263,132,4872
53,53,2027,MING,749,0.0025,2,747
53,53,2027,OFFI,11734,0.0811,952,10782
53,53,2027,OTHR,40453,0.0655,2650,37803
53,53,2027,RETL,16859,0.0276,465,16394
53,53,2027,WSLE,9634,0.0293,282,9352
53,53,2028,AGRI,747,0.0203,15,732
53,53,2028,CONS,15124,0.0244,369,14755
53,53,2028,FOOD,11932,0.0161,192,11740
53,53,2028,GVED,14674,0.0382,561,14113
53,53,2028,HLTH,18066,0.0298,538,17528
53,53,2028,MANU,5064,0.0266,135,4929
53,53,2028,MING,722,0.0025,2,720
53,53,2028,OFFI,11790,0.0821,968,10822
53,53,2028,OTHR,41189,0.0661,2723,38466
53,53,2028,RETL,17018,0.0279,475,16543
53,53,2028,WSLE,9677,0.0297,287,9390
53,53,2029,AGRI,745,0.0205,15,730
53,53,2029,CONS,15709,0.0246,386,15323
53,53,2029,FOOD,11941,0.0163,195,11746
53,53,2029,GVED,14867,0.0386,574,14293
53,53,2029,HLTH,18443,0.0301,555,17888
53,53,2029,MANU,5160,0.0269,139,5021
53,53,2029,MING,683,0.0025,2,681
53,53,2029,OFFI,11916,0.083,989,10927
53,53,2029,OTHR,42008,0.0667,2802,39206
53,53,2029,RETL,17200,0.0282,485,16715
53,53,2029,WSLE,9720,0.0301,293,9427
53,53,2030,AGRI,742,0.0207,15,727
53,53,2030,CONS,16101,0.0249,401,15700
53,53,2030,FOOD,11908,0.0165,196,11712
53,53,2030,GVED,15013,0.039,586,14427
53,53,2030,HLTH,18861,0.0304,573,18288
53,53,2030,MANU,5278,0.0272,144,5134
53,53,2030,MING,674,0.0026,2,672
53,53,2030,OFFI,12049,0.0838,1010,11039
53,53,2030,OTHR,42716,0.0674,2879,39837
53,53,2030,RETL,17485,0.0285,498,16987
53,53,2030,WSLE,9735,0.0304,296,9439
53,53,2031,AGRI,741,0.0208,15,726
53,53,2031,CONS,16367,0.0252,412,15955
53,53,2031,FOOD,11813,0.0167,197,11616
53,53,2031,GVED,15094,0.0395,596,14498
53,53,2031,HLTH,19272,0.0307,592,18680
53,53,2031,MANU,5393,0.0275,148,5245
53,53,2031,MING,682,0.0026,2,680
53,53,2031,OFFI,12153,0.0847,1029,11124
53,53,2031,OTHR,43362,0.0682,2957,40405
53,53,2031,RETL,17792,0.0288,512,17280
53,53,2031,WSLE,9761,0.0308,301,9460
53,53,2032,AGRI,739,0.021,16,723
53,53,2032,CONS,16649,0.0254,423,16226
53,53,2032,FOOD,11755,0.0168,197,11558
53,53,2032,GVED,15164,0.04,607,14557
53,53,2032,HLTH,19658,0.0311,611,19047
53,53,2032,MANU,5501,0.0278,153,5348
53,53,2032,MING,717,0.0026,2,715
53,53,2032,OFFI,12265,0.0856,1050,11215
53,53,2032,OTHR,44094,0.069,3042,41052
53,53,2032,RETL,18027,0.0291,525,17502
53,53,2032,WSLE,9782,0.0311,304,9478
53,53,2033,AGRI,741,0.0212,16,725
53,53,2033,CONS,16959,0.0257,436,16523
53,53,2033,FOOD,11748,0.017,200,11548
53,53,2033,GVED,15221,0.0405,616,14605
53,53,2033,HLTH,19960,0.0314,627,19333
53,53,2033,MANU,5581,0.0281,157,5424
53,53,2033,MING,753,0.0026,2,751
53,53,2033,OFFI,12388,0.0866,1073,11315
53,53,2033,OTHR,44643,0.0698,3116,41527
53,53,2033,RETL,18197,0.0294,535,17662
53,53,2033,WSLE,9747,0.0315,307,9440
53,53,2034,AGRI,743,0.0213,16,727
53,53,2034,CONS,17295,0.026,450,16845
53,53,2034,FOOD,11818,0.0172,203,11615
53,53,2034,GVED,15320,0.041,628,14692
53,53,2034,HLTH,20285,0.0317,643,19642
53,53,2034,MANU,5658,0.0284,161,5497
53,53,2034,MING,784,0.0027,2,782
53,53,2034,OFFI,12588,0.0875,1101,11487
53,53,2034,OTHR,45508,0.0705,3208,42300
53,53,2034,RETL,18360,0.0297,545,17815
53,53,2034,WSLE,9716,0.0319,310,9406
53,53,2035,AGRI,743,0.0215,16,727
53,53,2035,CONS,17594,0.0262,461,17133
53,53,2035,FOOD,11727,0.0174,204,11523
53,53,2035,GVED,15345,0.0414,635,14710
53,53,2035,HLTH,20446,0.0321,656,19790
53,53,2035,MANU,5736,0.0287,165,5571
53,53,2035,MING,799,0.0027,2,797
53,53,2035,OFFI,12763,0.0884,1128,11635
53,53,2035,OTHR,45382,0.0715,3245,42137
53,53,2035,RETL,18429,0.03,553,17876
53,53,2035,WSLE,9587,0.0323,310,9277
53,53,2036,AGRI,743,0.0217,16,727
53,53,2036,CONS,17858,0.0265,473,17385
53,53,2036,FOOD,11785,0.0175,206,11579
53,53,2036,GVED,15442,0.0419,647,14795
53,53,2036,HLTH,20648,0.0324,669,19979
53,53,2036,MANU,5842,0.0289,169,5673
53,53,2036,MING,795,0.0027,2,793
53,53,2036,OFFI,12937,0.0892,1154,11783
53,53,2036,OTHR,45833,0.0723,3314,42519
53,53,2036,RETL,18553,0.0303,562,17991
53,53,2036,WSLE,9489,0.0327,310,9179
53,53,2037,AGRI,745,0.0218,16,729
53,53,2037,CONS,17950,0.0268,481,17469
53,53,2037,FOOD,11876,0.0177,210,11666
53,53,2037,GVED,15582,0.0424,661,14921
53,53,2037,HLTH,20914,0.0327,684,20230
53,53,2037,MANU,5948,0.0292,174,5774
53,53,2037,MING,789,0.0027,2,787
53,53,2037,OFFI,13096,0.0901,1180,11916
53,53,2037,OTHR,46395,0.0731,3391,43004
53,53,2037,RETL,18753,0.0306,574,18179
53,53,2037,WSLE,9421,0.0331,312,9109
53,53,2038,AGRI,746,0.022,16,730
53,53,2038,CONS,17979,0.027,485,17494
53,53,2038,FOOD,11931,0.0179,214,11717
53,53,2038,GVED,15757,0.0429,676,15081
53,53,2038,HLTH,21262,0.033,702,20560
53,53,2038,MANU,6048,0.0295,178,5870
53,53,2038,MING,788,0.0028,2,786
53,53,2038,OFFI,13260,0.0909,1205,12055
53,53,2038,OTHR,47150,0.0738,3480,43670
53,53,2038,RETL,18973,0.0309,586,18387
53,53,2038,WSLE,9408,0.0335,315,9093
53,53,2039,AGRI,747,0.0221,17,730
53,53,2039,CONS,17969,0.0272,489,17480
53,53,2039,FOOD,11990,0.0181,217,11773
53,53,2039,GVED,15963,0.0433,691,15272
53,53,2039,HLTH,21602,0.0333,719,20883
53,53,2039,MANU,6141,0.0298,183,5958
53,53,2039,MING,789,0.0028,2,787
53,53,2039,OFFI,13409,0.0918,1231,12178
53,53,2039,OTHR,47843,0.0745,3564,44279
53,53,2039,RETL,19216,0.0312,600,18616
53,53,2039,WSLE,9391,0.0339,318,9073
53,53,2040,AGRI,747,0.0223,17,730
53,53,2040,CONS,17915,0.0275,493,17422
53,53,2040,FOOD,12027,0.0182,219,11808
53,53,2040,GVED,16189,0.0438,709,15480
53,53,2040,HLTH,21964,0.0336,738,21226
53,53,2040,MANU,6226,0.03,187,6039
53,53,2040,MING,790,0.0028,2,788
53,53,2040,OFFI,13556,0.0926,1255,12301
53,53,2040,OTHR,48467,0.0752,3645,44822
53,53,2040,RETL,19444,0.0315,612,18832
53,53,2040,WSLE,9372,0.0342,321,9051
53,53,2041,AGRI,748,0.0224,17,731
53,53,2041,CONS,17792,0.0278,495,17297
53,53,2041,FOOD,12079,0.0184,222,11857
53,53,2041,GVED,16397,0.0442,725,15672
53,53,2041,HLTH,22292,0.0339,756,21536
53,53,2041,MANU,6307,0.0303,191,6116
53,53,2041,MING,795,0.0028,2,793
53,53,2041,OFFI,13686,0.0935,1280,12406
53,53,2041,OTHR,49035,0.076,3727,45308
53,53,2041,RETL,19694,0.0318,626,19068
53,53,2041,WSLE,9360,0.0346,324,9036
53,53,2042,AGRI,748,0.0226,17,731
53,53,2042,CONS,17724,0.028,496,17228
53,53,2042,FOOD,12111,0.0186,225,11886
53,53,2042,GVED,16625,0.0447,743,15882
53,53,2042,HLTH,22608,0.0342,773,21835
53,53,2042,MANU,6384,0.0306,195,6189
53,53,2042,MING,804,0.0029,2,802
53,53,2042,OFFI,13866,0.0944,1309,12557
53,53,2042,OTHR,49618,0.0767,3806,45812
53,53,2042,RETL,19931,0.0321,640,19291
53,53,2042,WSLE,9365,0.035,328,9037
53,53,2043,AGRI,747,0.0228,17,730
53,53,2043,CONS,17668,0.0283,500,17168
53,53,2043,FOOD,12149,0.0187,227,11922
53,53,2043,GVED,16889,0.0451,762,16127
53,53,2043,HLTH,22894,0.0346,792,22102
53,53,2043,MANU,6451,0.0309,199,6252
53,53,2043,MING,811,0.0029,2,809
53,53,2043,OFFI,14018,0.0952,1335,12683
53,53,2043,OTHR,50131,0.0774,3880,46251
53,53,2043,RETL,20171,0.0324,654,19517
53,53,2043,WSLE,9363,0.0354,331,9032
53,53,2044,AGRI,747,0.0229,17,730
53,53,2044,CONS,17614,0.0285,502,17112
53,53,2044,FOOD,12171,0.0189,230,11941
53,53,2044,GVED,17162,0.0456,783,16379
53,53,2044,HLTH,23200,0.0349,810,22390
53,53,2044,MANU,6518,0.0312,203,6315
53,53,2044,MING,812,0.0029,2,810
53,53,2044,OFFI,14189,0.0961,1364,12825
53,53,2044,OTHR,50664,0.0782,3962,46702
53,53,2044,RETL,20409,0.0327,667,19742
53,53,2044,WSLE,9361,0.0357,334,9027
53,53,2045,AGRI,747,0.0231,17,730
53,53,2045,CONS,17706,0.0288,510,17196
53,53,2045,FOOD,12202,0.0191,233,11969
53,53,2045,GVED,17450,0.046,803,16647
53,53,2045,HLTH,23529,0.0352,828,22701
53,53,2045,MANU,6596,0.0315,208,6388
53,53,2045,MING,813,0.003,2,811
53,53,2045,OFFI,14355,0.097,1392,12963
53,53,2045,OTHR,51167,0.079,4042,47125
53,53,2045,RETL,20676,0.033,682,19994
53,53,2045,WSLE,9357,0.0361,338,9019
53,53,2046,AGRI,747,0.0233,17,730
53,53,2046,CONS,17978,0.0291,523,17455
53,53,2046,FOOD,12223,0.0193,236,11987
53,53,2046,GVED,17748,0.0465,825,16923
53,53,2046,HLTH,23876,0.0355,848,23028
53,53,2046,MANU,6677,0.0318,212,6465
53,53,2046,MING,815,0.003,2,813
53,53,2046,OFFI,14563,0.098,1427,13136
53,53,2046,OTHR,51642,0.0798,4121,47521
53,53,2046,RETL,20937,0.0333,697,20240
53,53,2046,WSLE,9358,0.0365,342,9016
53,53,2047,AGRI,746,0.0235,18,728
53,53,2047,CONS,18403,0.0294,541,17862
53,53,2047,FOOD,12246,0.0195,239,12007
53,53,2047,GVED,18049,0.047,848,17201
53,53,2047,HLTH,24229,0.0359,870,23359
53,53,2047,MANU,6756,0.0321,217,6539
53,53,2047,MING,823,0.003,2,821
53,53,2047,OFFI,14810,0.099,1466,13344
53,53,2047,OTHR,52073,0.0806,4197,47876
53,53,2047,RETL,21228,0.0336,713,20515
53,53,2047,WSLE,9358,0.0369,345,9013
53,53,2048,AGRI,745,0.0237,18,727
53,53,2048,CONS,18969,0.0297,563,18406
53,53,2048,FOOD,12287,0.0197,242,12045
53,53,2048,GVED,18348,0.0475,872,17476
53,53,2048,HLTH,24589,0.0363,893,23696
53,53,2048,MANU,6838,0.0324,222,6616
53,53,2048,MING,834,0.003,3,831
53,53,2048,OFFI,15068,0.1,1507,13561
53,53,2048,OTHR,52462,0.0815,4276,48186
53,53,2048,RETL,21534,0.034,732,20802
53,53,2048,WSLE,9357,0.0374,350,9007
53,53,2049,AGRI,745,0.0239,18,727
53,53,2049,CONS,19634,0.03,589,19045
53,53,2049,FOOD,12329,0.0199,245,12084
53,53,2049,GVED,18642,0.0481,897,17745
53,53,2049,HLTH,24952,0.0367,916,24036
53,53,2049,MANU,6923,0.0328,227,6696
53,53,2049,MING,846,0.0031,3,843
53,53,2049,OFFI,15323,0.1011,1549,13774
53,53,2049,OTHR,52839,0.0824,4354,48485
53,53,2049,RETL,21844,0.0344,751,21093
53,53,2049,WSLE,9354,0.0378,354,9000
53,53,2050,AGRI,744,0.0241,18,726
53,53,2050,CONS,20342,0.0303,616,19726
53,53,2050,FOOD,12370,0.0201,249,12121
53,53,2050,GVED,18932,0.0486,920,18012
53,53,2050,HLTH,25291,0.0371,938,24353
53,53,2050,MANU,7003,0.0331,232,6771
53,53,2050,MING,857,0.0031,3,854
53,53,2050,OFFI,15557,0.1022,1590,13967
53,53,2050,OTHR,53210,0.0833,4432,48778
53,53,2050,RETL,22160,0.0347,769,21391
53,53,2050,WSLE,9347,0.0383,358,8989
53,53,2051,AGRI,742,0.0244,18,724
53,53,2051,CONS,21104,0.0307,648,20456
53,53,2051,FOOD,12404,0.0203,252,12152
53,53,2051,GVED,19187,0.0492,944,18243
53,53,2051,HLTH,25620,0.0375,961,24659
53,53,2051,MANU,7089,0.0335,237,6852
53,53,2051,MING,868,0.0031,3,865
53,53,2051,OFFI,15752,0.1033,1627,14125
53,53,2051,OTHR,53545,0.0843,4514,49031
53,53,2051,RETL,22471,0.0351,789,21682
53,53,2051,WSLE,9334,0.0388,362,8972
53,53,2052,AGRI,742,0.0246,18,724
53,53,2052,CONS,21893,0.031,679,21214
53,53,2052,FOOD,12442,0.0206,256,12186
53,53,2052,GVED,19463,0.0497,967,18496
53,53,2052,HLTH,25947,0.0379,983,24964
53,53,2052,MANU,7168,0.0339,243,6925
53,53,2052,MING,880,0.0032,3,877
53,53,2052,OFFI,15921,0.1045,1664,14257
53,53,2052,OTHR,53901,0.0853,4598,49303
53,53,2052,RETL,22796,0.0355,809,21987
53,53,2052,WSLE,9326,0.0393,367,8959
53,53,2053,AGRI,740,0.0249,18,722
53,53,2053,CONS,22725,0.0314,714,22011
53,53,2053,FOOD,12479,0.0208,260,12219
53,53,2053,GVED,19731,0.0503,992,18739
53,53,2053,HLTH,26249,0.0383,1005,25244
53,53,2053,MANU,7235,0.0343,248,6987
53,53,2053,MING,893,0.0032,3,890
53,53,2053,OFFI,16049,0.1057,1696,14353
53,53,2053,OTHR,54269,0.0862,4678,49591
53,53,2053,RETL,23114,0.0359,830,22284
53,53,2053,WSLE,9324,0.0398,371,8953
53,53,2054,AGRI,740,0.0251,19,721
53,53,2054,CONS,23568,0.0317,747,22821
53,53,2054,FOOD,12511,0.021,263,12248
53,53,2054,GVED,19991,0.0509,1018,18973
53,53,2054,HLTH,26514,0.0388,1029,25485
53,53,2054,MANU,7296,0.0347,253,7043
53,53,2054,MING,903,0.0033,3,900
53,53,2054,OFFI,16176,0.1068,1728,14448
53,53,2054,OTHR,54620,0.0872,4763,49857
53,53,2054,RETL,23424,0.0363,850,22574
53,53,2054,WSLE,9317,0.0403,375,8942
53,53,2055,AGRI,737,0.0254,19,718
53,53,2055,CONS,24457,0.0321,785,23672
53,53,2055,FOOD,12538,0.0212,266,12272
53,53,2055,GVED,20233,0.0515,1042,19191
53,53,2055,HLTH,26748,0.0392,1049,25699
53,53,2055,MANU,7350,0.035,257,7093
53,53,2055,MING,910,0.0033,3,907
53,53,2055,OFFI,16285,0.108,1759,14526
53,53,2055,OTHR,54955,0.0882,4847,50108
53,53,2055,RETL,23730,0.0367,871,22859
53,53,2055,WSLE,9313,0.0407,379,8934
53,53,2056,AGRI,735,0.0256,19,716
53,53,2056,CONS,25066,0.0324,812,24254
53,53,2056,FOOD,12545,0.0215,270,12275
53,53,2056,GVED,20455,0.052,1064,19391
53,53,2056,HLTH,27008,0.0396,1070,25938
53,53,2056,MANU,7393,0.0354,262,7131
53,53,2056,MING,908,0.0033,3,905
53,53,2056,OFFI,16387,0.1091,1788,14599
53,53,2056,OTHR,55316,0.0891,4929,50387
53,53,2056,RETL,23958,0.0371,889,23069
53,53,2056,WSLE,9315,0.0412,384,8931
53,53,2057,AGRI,734,0.0258,19,715
53,53,2057,CONS,25572,0.0327,836,24736
53,53,2057,FOOD,12542,0.0217,272,12270
53,53,2057,GVED,20662,0.0525,1085,19577
53,53,2057,HLTH,27258,0.04,1090,26168
53,53,2057,MANU,7444,0.0357,266,7178
53,53,2057,MING,896,0.0034,3,893
53,53,2057,OFFI,16501,0.1101,1817,14684
53,53,2057,OTHR,55672,0.09,5010,50662
53,53,2057,RETL,24165,0.0374,904,23261
53,53,2057,WSLE,9318,0.0416,388,8930
53,53,2058,AGRI,731,0.026,19,712
53,53,2058,CONS,25973,0.033,857,25116
53,53,2058,FOOD,12543,0.0219,275,12268
53,53,2058,GVED,20860,0.053,1106,19754
53,53,2058,HLTH,27491,0.0403,1108,26383
53,53,2058,MANU,7498,0.0361,271,7227
53,53,2058,MING,884,0.0034,3,881
53,53,2058,OFFI,16619,0.1112,1848,14771
53,53,2058,OTHR,56025,0.0908,5087,50938
53,53,2058,RETL,24361,0.0378,921,23440
53,53,2058,WSLE,9322,0.0421,392,8930
53,53,2059,AGRI,730,0.0262,19,711
53,53,2059,CONS,26320,0.0333,876,25444
53,53,2059,FOOD,12547,0.0221,277,12270
53,53,2059,GVED,21057,0.0535,1127,19930
53,53,2059,HLTH,27726,0.0407,1128,26598
53,53,2059,MANU,7556,0.0364,275,7281
53,53,2059,MING,877,0.0034,3,874
53,53,2059,OFFI,16742,0.1122,1878,14864
53,53,2059,OTHR,56394,0.0916,5166,51228
53,53,2059,RETL,24566,0.0381,936,23630
53,53,2059,WSLE,9329,0.0425,396,8933
53,53,2060,AGRI,728,0.0264,19,709
53,53,2060,CONS,26619,0.0336,894,25725
53,53,2060,FOOD,12551,0.0223,280,12271
53,53,2060,GVED,21257,0.0541,1150,20107
53,53,2060,HLTH,27953,0.0411,1149,26804
53,53,2060,MANU,7612,0.0367,279,7333
53,53,2060,MING,874,0.0034,3,871
53,53,2060,OFFI,16863,0.1132,1909,14954
53,53,2060,OTHR,56752,0.0925,5250,51502
53,53,2060,RETL,24766,0.0385,953,23813
53,53,2060,WSLE,9335,0.0429,400,8935
53,53,2061,AGRI,728,0.0266,19,709
53,53,2061,CONS,26882,0.0339,911,25971
53,53,2061,FOOD,12554,0.0225,282,12272
53,53,2061,GVED,21433,0.0546,1170,20263
53,53,2061,HLTH,28180,0.0414,1167,27013
53,53,2061,MANU,7668,0.037,284,7384
53,53,2061,MING,875,0.0035,3,872
53,53,2061,OFFI,16981,0.1141,1938,15043
53,53,2061,OTHR,57118,0.0933,5329,51789
53,53,2061,RETL,24970,0.0388,969,24001
53,53,2061,WSLE,9335,0.0433,404,8931
53,53,2062,AGRI,727,0.0268,19,708
53,53,2062,CONS,27132,0.0342,928,26204
53,53,2062,FOOD,12556,0.0226,284,12272
53,53,2062,GVED,21627,0.0551,1192,20435
53,53,2062,HLTH,28410,0.0418,1188,27222
53,53,2062,MANU,7725,0.0373,288,7437
53,53,2062,MING,877,0.0035,3,874
53,53,2062,OFFI,17099,0.1151,1968,15131
53,53,2062,OTHR,57488,0.0941,5410,52078
53,53,2062,RETL,25176,0.0391,984,24192
53,53,2062,WSLE,9336,0.0438,409,8927
53,53,2063,AGRI,726,0.027,20,706
53,53,2063,CONS,27372,0.0345,944,26428
53,53,2063,FOOD,12559,0.0228,286,12273
53,53,2063,GVED,21825,0.0556,1213,20612
53,53,2063,HLTH,28639,0.0421,1206,27433
53,53,2063,MANU,7782,0.0377,293,7489
53,53,2063,MING,877,0.0035,3,874
53,53,2063,OFFI,17214,0.1161,1999,15215
53,53,2063,OTHR,57858,0.0949,5491,52367
53,53,2063,RETL,25384,0.0395,1003,24381
53,53,2063,WSLE,9335,0.0442,413,8922
53,53,2064,AGRI,724,0.0272,20,704
53,53,2064,CONS,27599,0.0348,960,26639
53,53,2064,FOOD,12562,0.023,289,12273
53,53,2064,GVED,22027,0.0561,1236,20791
53,53,2064,HLTH,28870,0.0425,1227,27643
53,53,2064,MANU,7840,0.038,298,7542
53,53,2064,MING,877,0.0036,3,874
53,53,2064,OFFI,17330,0.1171,2029,15301
53,53,2064,OTHR,58227,0.0957,5572,52655
53,53,2064,RETL,25595,0.0398,1019,24576
53,53,2064,WSLE,9335,0.0446,416,8919
53,53,2065,AGRI,724,0.0273,20,704
53,53,2065,CONS,27818,0.0351,976,26842
53,53,2065,FOOD,12564,0.0232,291,12273
53,53,2065,GVED,22234,0.0566,1258,20976
53,53,2065,HLTH,29100,0.0428,1245,27855
53,53,2065,MANU,7898,0.0383,302,7596
53,53,2065,MING,877,0.0036,3,874
53,53,2065,OFFI,17443,0.1181,2060,15383
53,53,2065,OTHR,58594,0.0965,5654,52940
53,53,2065,RETL,25807,0.0401,1035,24772
53,53,2065,WSLE,9335,0.045,420,8915
55,55,2023,AGRI,199,0.0293,6,193
55,55,2023,CONS,286,0.0268,8,278
55,55,2023,FOOD,336,0.0178,6,330
55,55,2023,GVED,308,0.0446,14,294
55,55,2023,HLTH,151,0.0328,5,146
55,55,2023,MANU,38,0.0293,1,37
55,55,2023,MING,27,0.0028,0,27
55,55,2023,OFFI,81,0.0903,7,74
55,55,2023,OTHR,517,0.0695,36,481
55,55,2023,RETL,196,0.0307,6,190
55,55,2023,WSLE,91,0.034,3,88
55,55,2024,AGRI,199,0.0259,5,194
55,55,2024,CONS,327,0.0237,8,319
55,55,2024,FOOD,344,0.0157,5,339
55,55,2024,GVED,293,0.0392,11,282
55,55,2024,HLTH,129,0.029,4,125
55,55,2024,MANU,37,0.0259,1,36
55,55,2024,MING,25,0.0024,0,25
55,55,2024,OFFI,86,0.0798,7,79
55,55,2024,OTHR,779,0.0665,52,727
55,55,2024,RETL,207,0.0271,6,201
55,55,2024,WSLE,93,0.0299,3,90
55,55,2025,AGRI,198,0.0276,5,193
55,55,2025,CONS,341,0.0253,9,332
55,55,2025,FOOD,346,0.0167,6,340
55,55,2025,GVED,297,0.0419,12,285
55,55,2025,HLTH,134,0.0309,4,130
55,55,2025,MANU,37,0.0276,1,36
55,55,2025,MING,24,0.0026,0,24
55,55,2025,OFFI,87,0.0851,7,80
55,55,2025,OTHR,784,0.0709,56,728
55,55,2025,RETL,209,0.0289,6,203
55,55,2025,WSLE,93,0.0318,3,90
55,55,2026,AGRI,198,0.0279,6,192
55,55,2026,CONS,351,0.0255,9,342
55,55,2026,FOOD,350,0.0169,6,344
55,55,2026,GVED,299,0.0423,13,286
55,55,2026,HLTH,139,0.0312,4,135
55,55,2026,MANU,37,0.0279,1,36
55,55,2026,MING,25,0.0026,0,25
55,55,2026,OFFI,87,0.086,7,80
55,55,2026,OTHR,778,0.0714,56,722
55,55,2026,RETL,209,0.0292,6,203
55,55,2026,WSLE,93,0.0324,3,90
55,55,2027,AGRI,198,0.0282,6,192
55,55,2027,CONS,359,0.0259,9,350
55,55,2027,FOOD,352,0.0171,6,346
55,55,2027,GVED,300,0.0428,13,287
55,55,2027,HLTH,141,0.0316,4,137
55,55,2027,MANU,37,0.0282,1,36
55,55,2027,MING,26,0.0027,0,26
55,55,2027,OFFI,86,0.0871,7,79
55,55,2027,OTHR,775,0.072,56,719
55,55,2027,RETL,210,0.0296,6,204
55,55,2027,WSLE,94,0.0327,3,91
55,55,2028,AGRI,196,0.0285,6,190
55,55,2028,CONS,364,0.0261,10,354
55,55,2028,FOOD,354,0.0173,6,348
55,55,2028,GVED,302,0.0433,13,289
55,55,2028,HLTH,144,0.0319,5,139
55,55,2028,MANU,38,0.0285,1,37
55,55,2028,MING,25,0.0027,0,25
55,55,2028,OFFI,87,0.0879,8,79
55,55,2028,OTHR,776,0.0723,56,720
55,55,2028,RETL,211,0.0299,6,205
55,55,2028,WSLE,94,0.033,3,91
55,55,2029,AGRI,195,0.0288,6,189
55,55,2029,CONS,372,0.0264,10,362
55,55,2029,FOOD,353,0.0175,6,347
55,55,2029,GVED,304,0.0437,13,291
55,55,2029,HLTH,145,0.0322,5,140
55,55,2029,MANU,39,0.0288,1,38
55,55,2029,MING,23,0.0027,0,23
55,55,2029,OFFI,87,0.0888,8,79
55,55,2029,OTHR,778,0.0727,57,721
55,55,2029,RETL,212,0.0302,6,206
55,55,2029,WSLE,93,0.0334,3,90
55,55,2030,AGRI,194,0.0291,6,188
55,55,2030,CONS,375,0.0266,10,365
55,55,2030,FOOD,352,0.0176,6,346
55,55,2030,GVED,309,0.0441,14,295
55,55,2030,HLTH,146,0.0325,5,141
55,55,2030,MANU,39,0.0291,1,38
55,55,2030,MING,23,0.0027,0,23
55,55,2030,OFFI,88,0.0896,8,80
55,55,2030,OTHR,777,0.0733,57,720
55,55,2030,RETL,213,0.0304,6,207
55,55,2030,WSLE,94,0.0338,3,91
55,55,2031,AGRI,192,0.0294,6,186
55,55,2031,CONS,377,0.0269,10,367
55,55,2031,FOOD,349,0.0178,6,343
55,55,2031,GVED,307,0.0446,14,293
55,55,2031,HLTH,148,0.0329,5,143
55,55,2031,MANU,40,0.0294,1,39
55,55,2031,MING,23,0.0028,0,23
55,55,2031,OFFI,89,0.0906,8,81
55,55,2031,OTHR,781,0.074,58,723
55,55,2031,RETL,215,0.0308,7,208
55,55,2031,WSLE,92,0.0343,3,89
55,55,2032,AGRI,192,0.0298,6,186
55,55,2032,CONS,379,0.0272,10,369
55,55,2032,FOOD,347,0.018,6,341
55,55,2032,GVED,310,0.0452,14,296
55,55,2032,HLTH,149,0.0333,5,144
55,55,2032,MANU,41,0.0298,1,40
55,55,2032,MING,24,0.0028,0,24
55,55,2032,OFFI,88,0.0918,8,80
55,55,2032,OTHR,777,0.0749,58,719
55,55,2032,RETL,216,0.0312,7,209
55,55,2032,WSLE,92,0.0348,3,89
55,55,2033,AGRI,192,0.0301,6,186
55,55,2033,CONS,380,0.0276,10,370
55,55,2033,FOOD,347,0.0183,6,341
55,55,2033,GVED,311,0.0457,14,297
55,55,2033,HLTH,150,0.0337,5,145
55,55,2033,MANU,42,0.0301,1,41
55,55,2033,MING,26,0.0028,0,26
55,55,2033,OFFI,90,0.0929,8,82
55,55,2033,OTHR,776,0.0757,59,717
55,55,2033,RETL,217,0.0316,7,210
55,55,2033,WSLE,91,0.0352,3,88
55,55,2034,AGRI,192,0.0305,6,186
55,55,2034,CONS,381,0.0279,11,370
55,55,2034,FOOD,349,0.0185,6,343
55,55,2034,GVED,312,0.0463,14,298
55,55,2034,HLTH,151,0.0341,5,146
55,55,2034,MANU,42,0.0305,1,41
55,55,2034,MING,27,0.0029,0,27
55,55,2034,OFFI,89,0.094,8,81
55,55,2034,OTHR,780,0.0765,60,720
55,55,2034,RETL,218,0.032,7,211
55,55,2034,WSLE,90,0.036,3,87
55,55,2035,AGRI,191,0.0309,6,185
55,55,2035,CONS,382,0.0283,11,371
55,55,2035,FOOD,345,0.0187,6,339
55,55,2035,GVED,313,0.0469,15,298
55,55,2035,HLTH,151,0.0345,5,146
55,55,2035,MANU,43,0.0309,1,42
55,55,2035,MING,27,0.0029,0,27
55,55,2035,OFFI,92,0.0952,9,83
55,55,2035,OTHR,764,0.0775,59,705
55,55,2035,RETL,218,0.0324,7,211
55,55,2035,WSLE,89,0.0365,3,86
55,55,2036,AGRI,191,0.0313,6,185
55,55,2036,CONS,380,0.0286,11,369
55,55,2036,FOOD,347,0.019,7,340
55,55,2036,GVED,314,0.0475,15,299
55,55,2036,HLTH,150,0.035,5,145
55,55,2036,MANU,44,0.0312,1,43
55,55,2036,MING,27,0.0029,0,27
55,55,2036,OFFI,93,0.0964,9,84
55,55,2036,OTHR,759,0.0784,60,699
55,55,2036,RETL,217,0.0327,7,210
55,55,2036,WSLE,88,0.037,3,85
55,55,2037,AGRI,191,0.0316,6,185
55,55,2037,CONS,378,0.0289,11,367
55,55,2037,FOOD,349,0.0192,7,342
55,55,2037,GVED,316,0.048,15,301
55,55,2037,HLTH,150,0.0354,5,145
55,55,2037,MANU,44,0.0316,1,43
55,55,2037,MING,27,0.003,0,27
55,55,2037,OFFI,93,0.0975,9,84
55,55,2037,OTHR,757,0.0792,60,697
55,55,2037,RETL,217,0.0331,7,210
55,55,2037,WSLE,87,0.0375,3,84
55,55,2038,AGRI,190,0.032,6,184
55,55,2038,CONS,375,0.0293,11,364
55,55,2038,FOOD,350,0.0194,7,343
55,55,2038,GVED,318,0.0486,15,303
55,55,2038,HLTH,151,0.0358,5,146
55,55,2038,MANU,45,0.032,1,44
55,55,2038,MING,27,0.003,0,27
55,55,2038,OFFI,94,0.0986,9,85
55,55,2038,OTHR,755,0.0799,60,695
55,55,2038,RETL,217,0.0335,7,210
55,55,2038,WSLE,87,0.0379,3,84
55,55,2039,AGRI,189,0.0323,6,183
55,55,2039,CONS,372,0.0296,11,361
55,55,2039,FOOD,352,0.0196,7,345
55,55,2039,GVED,318,0.0491,16,302
55,55,2039,HLTH,151,0.0361,5,146
55,55,2039,MANU,46,0.0323,1,45
55,55,2039,MING,27,0.003,0,27
55,55,2039,OFFI,96,0.0995,10,86
55,55,2039,OTHR,757,0.0806,61,696
55,55,2039,RETL,218,0.0338,7,211
55,55,2039,WSLE,87,0.0385,3,84
55,55,2040,AGRI,189,0.0327,6,183
55,55,2040,CONS,370,0.0299,11,359
55,55,2040,FOOD,352,0.0198,7,345
55,55,2040,GVED,320,0.0496,16,304
55,55,2040,HLTH,152,0.0365,6,146
55,55,2040,MANU,46,0.0326,1,45
55,55,2040,MING,27,0.0031,0,27
55,55,2040,OFFI,96,0.1006,10,86
55,55,2040,OTHR,755,0.0813,61,694
55,55,2040,RETL,218,0.0342,7,211
55,55,2040,WSLE,86,0.0391,3,83
55,55,2041,AGRI,189,0.033,6,183
55,55,2041,CONS,367,0.0302,11,356
55,55,2041,FOOD,353,0.02,7,346
55,55,2041,GVED,321,0.0502,16,305
55,55,2041,HLTH,152,0.0369,6,146
55,55,2041,MANU,46,0.033,2,44
55,55,2041,MING,27,0.0031,0,27
55,55,2041,OFFI,96,0.1018,10,86
55,55,2041,OTHR,753,0.0822,62,691
55,55,2041,RETL,219,0.0346,8,211
55,55,2041,WSLE,86,0.0395,3,83
55,55,2042,AGRI,189,0.0334,6,183
55,55,2042,CONS,365,0.0305,11,354
55,55,2042,FOOD,353,0.0202,7,346
55,55,2042,GVED,322,0.0507,16,306
55,55,2042,HLTH,153,0.0373,6,147
55,55,2042,MANU,47,0.0334,2,45
55,55,2042,MING,27,0.0031,0,27
55,55,2042,OFFI,96,0.1029,10,86
55,55,2042,OTHR,751,0.083,62,689
55,55,2042,RETL,220,0.035,8,212
55,55,2042,WSLE,85,0.04,3,82
55,55,2043,AGRI,188,0.0337,6,182
55,55,2043,CONS,365,0.0309,11,354
55,55,2043,FOOD,354,0.0205,7,347
55,55,2043,GVED,324,0.0513,17,307
55,55,2043,HLTH,153,0.0377,6,147
55,55,2043,MANU,47,0.0337,2,45
55,55,2043,MING,28,0.0032,0,28
55,55,2043,OFFI,98,0.104,10,88
55,55,2043,OTHR,749,0.0837,63,686
55,55,2043,RETL,221,0.0353,8,213
55,55,2043,WSLE,85,0.0406,3,82
55,55,2044,AGRI,187,0.0341,6,181
55,55,2044,CONS,364,0.0312,11,353
55,55,2044,FOOD,354,0.0207,7,347
55,55,2044,GVED,327,0.0519,17,310
55,55,2044,HLTH,154,0.0382,6,148
55,55,2044,MANU,48,0.0341,2,46
55,55,2044,MING,28,0.0032,0,28
55,55,2044,OFFI,98,0.1052,10,88
55,55,2044,OTHR,747,0.0845,63,684
55,55,2044,RETL,222,0.0357,8,214
55,55,2044,WSLE,85,0.0411,3,82
55,55,2045,AGRI,187,0.0345,6,181
55,55,2045,CONS,365,0.0316,12,353
55,55,2045,FOOD,355,0.0209,7,348
55,55,2045,GVED,328,0.0524,17,311
55,55,2045,HLTH,155,0.0386,6,149
55,55,2045,MANU,49,0.0345,2,47
55,55,2045,MING,28,0.0032,0,28
55,55,2045,OFFI,100,0.1063,11,89
55,55,2045,OTHR,744,0.0853,63,681
55,55,2045,RETL,223,0.0361,8,215
55,55,2045,WSLE,84,0.0416,3,81
55,55,2046,AGRI,187,0.0348,7,180
55,55,2046,CONS,367,0.0319,12,355
55,55,2046,FOOD,354,0.0211,7,347
55,55,2046,GVED,330,0.053,17,313
55,55,2046,HLTH,154,0.039,6,148
55,55,2046,MANU,49,0.0348,2,47
55,55,2046,MING,28,0.0033,0,28
55,55,2046,OFFI,102,0.1074,11,91
55,55,2046,OTHR,741,0.0861,64,677
55,55,2046,RETL,223,0.0365,8,215
55,55,2046,WSLE,84,0.0421,4,80
55,55,2047,AGRI,186,0.0352,7,179
55,55,2047,CONS,373,0.0322,12,361
55,55,2047,FOOD,354,0.0214,8,346
55,55,2047,GVED,331,0.0536,18,313
55,55,2047,HLTH,155,0.0394,6,149
55,55,2047,MANU,50,0.0352,2,48
55,55,2047,MING,28,0.0033,0,28
55,55,2047,OFFI,102,0.1086,11,91
55,55,2047,OTHR,739,0.087,64,675
55,55,2047,RETL,224,0.0369,8,216
55,55,2047,WSLE,85,0.0427,4,81
55,55,2048,AGRI,186,0.0356,7,179
55,55,2048,CONS,378,0.0326,12,366
55,55,2048,FOOD,354,0.0216,8,346
55,55,2048,GVED,331,0.0542,18,313
55,55,2048,HLTH,156,0.0398,6,150
55,55,2048,MANU,51,0.0356,2,49
55,55,2048,MING,28,0.0033,0,28
55,55,2048,OFFI,103,0.1098,11,92
55,55,2048,OTHR,734,0.0879,65,669
55,55,2048,RETL,225,0.0373,8,217
55,55,2048,WSLE,84,0.0433,4,80
55,55,2049,AGRI,185,0.0361,7,178
55,55,2049,CONS,385,0.033,13,372
55,55,2049,FOOD,354,0.0219,8,346
55,55,2049,GVED,333,0.0549,18,315
55,55,2049,HLTH,156,0.0403,6,150
55,55,2049,MANU,52,0.0361,2,50
55,55,2049,MING,29,0.0034,0,29
55,55,2049,OFFI,104,0.1112,12,92
55,55,2049,OTHR,730,0.0888,65,665
55,55,2049,RETL,226,0.0378,9,217
55,55,2049,WSLE,84,0.0438,4,80
55,55,2050,AGRI,184,0.0365,7,177
55,55,2050,CONS,392,0.0334,13,379
55,55,2050,FOOD,355,0.0221,8,347
55,55,2050,GVED,335,0.0556,19,316
55,55,2050,HLTH,157,0.0408,6,151
55,55,2050,MANU,52,0.0365,2,50
55,55,2050,MING,29,0.0034,0,29
55,55,2050,OFFI,106,0.1124,12,94
55,55,2050,OTHR,726,0.0897,65,661
55,55,2050,RETL,228,0.0382,9,219
55,55,2050,WSLE,84,0.0443,4,80
55,55,2051,AGRI,184,0.0369,7,177
55,55,2051,CONS,401,0.0338,14,387
55,55,2051,FOOD,355,0.0224,8,347
55,55,2051,GVED,334,0.0563,19,315
55,55,2051,HLTH,158,0.0413,7,151
55,55,2051,MANU,53,0.0369,2,51
55,55,2051,MING,29,0.0035,0,29
55,55,2051,OFFI,106,0.1139,12,94
55,55,2051,OTHR,722,0.0907,65,657
55,55,2051,RETL,229,0.0387,9,220
55,55,2051,WSLE,84,0.0451,4,80
55,55,2052,AGRI,184,0.0373,7,177
55,55,2052,CONS,409,0.0342,14,395
55,55,2052,FOOD,354,0.0226,8,346
55,55,2052,GVED,336,0.0569,19,317
55,55,2052,HLTH,157,0.0418,7,150
55,55,2052,MANU,54,0.0373,2,52
55,55,2052,MING,29,0.0035,0,29
55,55,2052,OFFI,107,0.1151,12,95
55,55,2052,OTHR,720,0.0916,66,654
55,55,2052,RETL,231,0.0391,9,222
55,55,2052,WSLE,83,0.0457,4,79
55,55,2053,AGRI,183,0.0378,7,176
55,55,2053,CONS,417,0.0346,14,403
55,55,2053,FOOD,355,0.0229,8,347
55,55,2053,GVED,336,0.0576,19,317
55,55,2053,HLTH,158,0.0422,7,151
55,55,2053,MANU,55,0.0378,2,53
55,55,2053,MING,29,0.0035,0,29
55,55,2053,OFFI,108,0.1164,13,95
55,55,2053,OTHR,716,0.0925,66,650
55,55,2053,RETL,231,0.0396,9,222
55,55,2053,WSLE,83,0.0463,4,79
55,55,2054,AGRI,183,0.0382,7,176
55,55,2054,CONS,425,0.035,15,410
55,55,2054,FOOD,355,0.0232,8,347
55,55,2054,GVED,339,0.0583,20,319
55,55,2054,HLTH,159,0.0427,7,152
55,55,2054,MANU,55,0.0382,2,53
55,55,2054,MING,30,0.0036,0,30
55,55,2054,OFFI,109,0.1178,13,96
55,55,2054,OTHR,713,0.0934,67,646
55,55,2054,RETL,233,0.04,9,224
55,55,2054,WSLE,83,0.0468,4,79
55,55,2055,AGRI,182,0.0386,7,175
55,55,2055,CONS,432,0.0354,15,417
55,55,2055,FOOD,354,0.0234,8,346
55,55,2055,GVED,339,0.0589,20,319
55,55,2055,HLTH,158,0.0432,7,151
55,55,2055,MANU,55,0.0386,2,53
55,55,2055,MING,30,0.0036,0,30
55,55,2055,OFFI,109,0.1191,13,96
55,55,2055,OTHR,709,0.0944,67,642
55,55,2055,RETL,234,0.0405,9,225
55,55,2055,WSLE,84,0.0475,4,80
55,55,2056,AGRI,181,0.039,7,174
55,55,2056,CONS,435,0.0357,16,419
55,55,2056,FOOD,353,0.0237,8,345
55,55,2056,GVED,339,0.0596,20,319
55,55,2056,HLTH,158,0.0437,7,151
55,55,2056,MANU,55,0.039,2,53
55,55,2056,MING,30,0.0037,0,30
55,55,2056,OFFI,108,0.1203,13,95
55,55,2056,OTHR,705,0.0952,67,638
55,55,2056,RETL,235,0.0409,10,225
55,55,2056,WSLE,83,0.0481,4,79
55,55,2057,AGRI,180,0.0394,7,173
55,55,2057,CONS,438,0.0361,16,422
55,55,2057,FOOD,353,0.0239,8,345
55,55,2057,GVED,340,0.0601,20,320
55,55,2057,HLTH,158,0.0441,7,151
55,55,2057,MANU,56,0.0394,2,54
55,55,2057,MING,29,0.0037,0,29
55,55,2057,OFFI,110,0.1215,13,97
55,55,2057,OTHR,701,0.096,67,634
55,55,2057,RETL,235,0.0413,10,225
55,55,2057,WSLE,83,0.0486,4,79
55,55,2058,AGRI,179,0.0398,7,172
55,55,2058,CONS,440,0.0364,16,424
55,55,2058,FOOD,352,0.0241,8,344
55,55,2058,GVED,341,0.0607,21,320
55,55,2058,HLTH,157,0.0445,7,150
55,55,2058,MANU,57,0.0398,2,55
55,55,2058,MING,29,0.0037,0,29
55,55,2058,OFFI,111,0.1226,14,97
55,55,2058,OTHR,698,0.0967,67,631
55,55,2058,RETL,234,0.0417,10,224
55,55,2058,WSLE,82,0.049,4,78
55,55,2059,AGRI,179,0.0402,7,172
55,55,2059,CONS,441,0.0368,16,425
55,55,2059,FOOD,350,0.0244,9,341
55,55,2059,GVED,340,0.0613,21,319
55,55,2059,HLTH,156,0.0449,7,149
55,55,2059,MANU,57,0.0401,2,55
55,55,2059,MING,29,0.0038,0,29
55,55,2059,OFFI,111,0.1238,14,97
55,55,2059,OTHR,696,0.0975,68,628
55,55,2059,RETL,235,0.0421,10,225
55,55,2059,WSLE,83,0.0497,4,79
55,55,2060,AGRI,178,0.0406,7,171
55,55,2060,CONS,442,0.0371,16,426
55,55,2060,FOOD,350,0.0246,9,341
55,55,2060,GVED,343,0.0619,21,322
55,55,2060,HLTH,155,0.0454,7,148
55,55,2060,MANU,58,0.0405,2,56
55,55,2060,MING,29,0.0038,0,29
55,55,2060,OFFI,112,0.125,14,98
55,55,2060,OTHR,691,0.0983,68,623
55,55,2060,RETL,236,0.0425,10,226
55,55,2060,WSLE,84,0.05,4,80
55,55,2061,AGRI,178,0.041,7,171
55,55,2061,CONS,444,0.0375,17,427
55,55,2061,FOOD,350,0.0248,9,341
55,55,2061,GVED,342,0.0625,21,321
55,55,2061,HLTH,154,0.0458,7,147
55,55,2061,MANU,58,0.0409,2,56
55,55,2061,MING,29,0.0038,0,29
55,55,2061,OFFI,112,0.1263,14,98
55,55,2061,OTHR,688,0.0992,68,620
55,55,2061,RETL,237,0.0429,10,227
55,55,2061,WSLE,83,0.0507,4,79
55,55,2062,AGRI,177,0.0413,7,170
55,55,2062,CONS,444,0.0378,17,427
55,55,2062,FOOD,350,0.0251,9,341
55,55,2062,GVED,344,0.0631,22,322
55,55,2062,HLTH,153,0.0462,7,146
55,55,2062,MANU,59,0.0413,2,57
55,55,2062,MING,29,0.0039,0,29
55,55,2062,OFFI,113,0.1274,14,99
55,55,2062,OTHR,684,0.0999,68,616
55,55,2062,RETL,238,0.0433,10,228
55,55,2062,WSLE,83,0.0511,4,79
55,55,2063,AGRI,177,0.0417,7,170
55,55,2063,CONS,446,0.0382,17,429
55,55,2063,FOOD,349,0.0253,9,340
55,55,2063,GVED,345,0.0637,22,323
55,55,2063,HLTH,152,0.0467,7,145
55,55,2063,MANU,60,0.0417,3,57
55,55,2063,MING,29,0.0039,0,29
55,55,2063,OFFI,114,0.1286,15,99
55,55,2063,OTHR,682,0.1007,69,613
55,55,2063,RETL,239,0.0437,10,229
55,55,2063,WSLE,84,0.0518,4,80
55,55,2064,AGRI,177,0.0421,7,170
55,55,2064,CONS,447,0.0386,17,430
55,55,2064,FOOD,349,0.0255,9,340
55,55,2064,GVED,345,0.0643,22,323
55,55,2064,HLTH,152,0.0471,7,145
55,55,2064,MANU,61,0.0421,3,58
55,55,2064,MING,29,0.004,0,29
55,55,2064,OFFI,114,0.1299,15,99
55,55,2064,OTHR,677,0.1015,69,608
55,55,2064,RETL,240,0.0441,11,229
55,55,2064,WSLE,84,0.0523,4,80
55,55,2065,AGRI,175,0.0425,7,168
55,55,2065,CONS,448,0.0389,17,431
55,55,2065,FOOD,349,0.0258,9,340
55,55,2065,GVED,347,0.0649,23,324
55,55,2065,HLTH,152,0.0476,7,145
55,55,2065,MANU,61,0.0425,3,58
55,55,2065,MING,29,0.004,0,29
55,55,2065,OFFI,114,0.1311,15,99
55,55,2065,OTHR,674,0.1023,69,605
55,55,2065,RETL,241,0.0446,11,230
55,55,2065,WSLE,83,0.0529,4,79
57,57,2023,AGRI,1612,0.011,18,1594
57,57,2023,CONS,11015,0.0135,149,10866
57,57,2023,FOOD,9676,0.0089,86,9590
57,57,2023,GVED,27143,0.0217,589,26554
57,57,2023,HLTH,16256,0.0165,268,15988
57,57,2023,MANU,19515,0.0147,287,19228
57,57,2023,MING,210,0.0014,0,210
57,57,2023,OFFI,11496,0.0453,521,10975
57,57,2023,OTHR,39215,0.036,1412,37803
57,57,2023,RETL,16106,0.0154,248,15858
57,57,2023,WSLE,10475,0.018,189,10286
57,57,2024,AGRI,1611,0.011,18,1593
57,57,2024,CONS,11651,0.0134,156,11495
57,57,2024,FOOD,9991,0.0089,89,9902
57,57,2024,GVED,27836,0.0217,604,27232
57,57,2024,HLTH,16364,0.0164,268,16096
57,57,2024,MANU,20606,0.0147,303,20303
57,57,2024,MING,155,0.0014,0,155
57,57,2024,OFFI,10449,0.0452,472,9977
57,57,2024,OTHR,39698,0.0357,1417,38281
57,57,2024,RETL,15793,0.0154,243,15550
57,57,2024,WSLE,10682,0.0179,191,10491
57,57,2025,AGRI,1600,0.012,19,1581
57,57,2025,CONS,11837,0.0146,173,11664
57,57,2025,FOOD,9976,0.0097,97,9879
57,57,2025,GVED,28286,0.0236,668,27618
57,57,2025,HLTH,17005,0.0178,303,16702
57,57,2025,MANU,20868,0.0159,332,20536
57,57,2025,MING,154,0.0015,0,154
57,57,2025,OFFI,10565,0.0492,520,10045
57,57,2025,OTHR,40218,0.0388,1560,38658
57,57,2025,RETL,15816,0.0167,264,15552
57,57,2025,WSLE,10852,0.0195,212,10640
57,57,2026,AGRI,1595,0.0122,19,1576
57,57,2026,CONS,11961,0.0148,177,11784
57,57,2026,FOOD,10016,0.0098,98,9918
57,57,2026,GVED,28441,0.024,683,27758
57,57,2026,HLTH,17500,0.0181,317,17183
57,57,2026,MANU,20928,0.0162,339,20589
57,57,2026,MING,159,0.0015,0,159
57,57,2026,OFFI,10460,0.0499,522,9938
57,57,2026,OTHR,40633,0.0393,1597,39036
57,57,2026,RETL,15713,0.0169,266,15447
57,57,2026,WSLE,10908,0.0197,215,10693
57,57,2027,AGRI,1585,0.0124,20,1565
57,57,2027,CONS,12131,0.015,182,11949
57,57,2027,FOOD,10007,0.01,100,9907
57,57,2027,GVED,28599,0.0243,695,27904
57,57,2027,HLTH,17930,0.0184,330,17600
57,57,2027,MANU,20996,0.0164,344,20652
57,57,2027,MING,162,0.0015,0,162
57,57,2027,OFFI,10366,0.0507,526,9840
57,57,2027,OTHR,41013,0.0398,1632,39381
57,57,2027,RETL,15787,0.0172,272,15515
57,57,2027,WSLE,10995,0.02,220,10775
57,57,2028,AGRI,1570,0.0126,20,1550
57,57,2028,CONS,12391,0.0153,190,12201
57,57,2028,FOOD,9978,0.0101,101,9877
57,57,2028,GVED,28710,0.0247,709,28001
57,57,2028,HLTH,18234,0.0186,339,17895
57,57,2028,MANU,21072,0.0167,352,20720
57,57,2028,MING,155,0.0016,0,155
57,57,2028,OFFI,10354,0.0514,532,9822
57,57,2028,OTHR,41534,0.0401,1666,39868
57,57,2028,RETL,15782,0.0175,276,15506
57,57,2028,WSLE,10998,0.0203,223,10775
57,57,2029,AGRI,1557,0.0128,20,1537
57,57,2029,CONS,12691,0.0154,195,12496
57,57,2029,FOOD,9917,0.0102,101,9816
57,57,2029,GVED,28842,0.025,721,28121
57,57,2029,HLTH,18516,0.0189,350,18166
57,57,2029,MANU,21282,0.0169,360,20922
57,57,2029,MING,146,0.0016,0,146
57,57,2029,OFFI,10400,0.052,541,9859
57,57,2029,OTHR,42159,0.0406,1712,40447
57,57,2029,RETL,15817,0.0177,280,15537
57,57,2029,WSLE,11017,0.0206,227,10790
57,57,2030,AGRI,1545,0.013,20,1525
57,57,2030,CONS,12891,0.0156,201,12690
57,57,2030,FOOD,9824,0.0104,102,9722
57,57,2030,GVED,29072,0.0253,736,28336
57,57,2030,HLTH,18835,0.0191,360,18475
57,57,2030,MANU,21583,0.0171,369,21214
57,57,2030,MING,144,0.0016,0,144
57,57,2030,OFFI,10465,0.0526,550,9915
57,57,2030,OTHR,42671,0.0411,1754,40917
57,57,2030,RETL,15952,0.0179,286,15666
57,57,2030,WSLE,11010,0.0209,230,10780
57,57,2031,AGRI,1534,0.0132,20,1514
57,57,2031,CONS,13016,0.0158,206,12810
57,57,2031,FOOD,9682,0.0105,102,9580
57,57,2031,GVED,28980,0.0256,742,28238
57,57,2031,HLTH,19141,0.0193,369,18772
57,57,2031,MANU,21867,0.0173,378,21489
57,57,2031,MING,144,0.0016,0,144
57,57,2031,OFFI,10515,0.0533,560,9955
57,57,2031,OTHR,43082,0.0416,1792,41290
57,57,2031,RETL,16110,0.0181,292,15818
57,57,2031,WSLE,11022,0.0211,233,10789
57,57,2032,AGRI,1524,0.0133,20,1504
57,57,2032,CONS,13155,0.016,210,12945
57,57,2032,FOOD,9577,0.0106,102,9475
57,57,2032,GVED,29031,0.026,755,28276
57,57,2032,HLTH,19450,0.0196,381,19069
57,57,2032,MANU,22110,0.0175,387,21723
57,57,2032,MING,151,0.0016,0,151
57,57,2032,OFFI,10571,0.0539,570,10001
57,57,2032,OTHR,43597,0.0421,1835,41762
57,57,2032,RETL,16221,0.0183,297,15924
57,57,2032,WSLE,11017,0.0214,236,10781
57,57,2033,AGRI,1523,0.0135,21,1502
57,57,2033,CONS,13338,0.0162,216,13122
57,57,2033,FOOD,9538,0.0107,102,9436
57,57,2033,GVED,29089,0.0263,765,28324
57,57,2033,HLTH,19732,0.0198,391,19341
57,57,2033,MANU,22323,0.0177,395,21928
57,57,2033,MING,159,0.0017,0,159
57,57,2033,OFFI,10671,0.0545,582,10089
57,57,2033,OTHR,44133,0.0425,1876,42257
57,57,2033,RETL,16309,0.0185,302,16007
57,57,2033,WSLE,11009,0.0217,239,10770
57,57,2034,AGRI,1520,0.0137,21,1499
57,57,2034,CONS,13583,0.0164,223,13360
57,57,2034,FOOD,9838,0.0109,107,9731
57,57,2034,GVED,29221,0.0266,777,28444
57,57,2034,HLTH,20086,0.02,402,19684
57,57,2034,MANU,22516,0.0179,403,22113
57,57,2034,MING,166,0.0017,0,166
57,57,2034,OFFI,10847,0.0552,599,10248
57,57,2034,OTHR,45164,0.0429,1938,43226
57,57,2034,RETL,16440,0.0188,309,16131
57,57,2034,WSLE,11010,0.022,242,10768
57,57,2035,AGRI,1514,0.0138,21,1493
57,57,2035,CONS,13644,0.0165,225,13419
57,57,2035,FOOD,9426,0.011,104,9322
57,57,2035,GVED,29227,0.0269,786,28441
57,57,2035,HLTH,20169,0.0202,407,19762
57,57,2035,MANU,22676,0.0181,410,22266
57,57,2035,MING,168,0.0017,0,168
57,57,2035,OFFI,10949,0.0557,610,10339
57,57,2035,OTHR,44463,0.0436,1939,42524
57,57,2035,RETL,16348,0.0189,309,16039
57,57,2035,WSLE,10857,0.0222,241,10616
57,57,2036,AGRI,1509,0.014,21,1488
57,57,2036,CONS,13756,0.0167,230,13526
57,57,2036,FOOD,9443,0.0111,105,9338
57,57,2036,GVED,29315,0.0272,797,28518
57,57,2036,HLTH,20381,0.0204,416,19965
57,57,2036,MANU,22984,0.0183,421,22563
57,57,2036,MING,167,0.0017,0,167
57,57,2036,OFFI,11091,0.0563,624,10467
57,57,2036,OTHR,44809,0.0442,1981,42828
57,57,2036,RETL,16405,0.0191,313,16092
57,57,2036,WSLE,10784,0.0225,243,10541
57,57,2037,AGRI,1506,0.0141,21,1485
57,57,2037,CONS,13803,0.0169,233,13570
57,57,2037,FOOD,9486,0.0112,106,9380
57,57,2037,GVED,29442,0.0275,810,28632
57,57,2037,HLTH,20614,0.0206,425,20189
57,57,2037,MANU,23296,0.0184,429,22867
57,57,2037,MING,166,0.0017,0,166
57,57,2037,OFFI,11214,0.0569,638,10576
57,57,2037,OTHR,45279,0.0447,2024,43255
57,57,2037,RETL,16514,0.0193,319,16195
57,57,2037,WSLE,10743,0.0228,245,10498
57,57,2038,AGRI,1502,0.0143,21,1481
57,57,2038,CONS,13830,0.0171,236,13594
57,57,2038,FOOD,9499,0.0113,107,9392
57,57,2038,GVED,29601,0.0278,823,28778
57,57,2038,HLTH,20901,0.0208,435,20466
57,57,2038,MANU,23580,0.0186,439,23141
57,57,2038,MING,166,0.0018,0,166
57,57,2038,OFFI,11339,0.0575,652,10687
57,57,2038,OTHR,45933,0.0451,2072,43861
57,57,2038,RETL,16641,0.0195,324,16317
57,57,2038,WSLE,10753,0.0231,248,10505
57,57,2039,AGRI,1498,0.0144,22,1476
57,57,2039,CONS,13860,0.0172,238,13622
57,57,2039,FOOD,9526,0.0114,109,9417
57,57,2039,GVED,29796,0.0281,837,28959
57,57,2039,HLTH,21182,0.0211,447,20735
57,57,2039,MANU,23844,0.0188,448,23396
57,57,2039,MING,166,0.0018,0,166
57,57,2039,OFFI,11455,0.0581,666,10789
57,57,2039,OTHR,46580,0.0456,2124,44456
57,57,2039,RETL,16798,0.0197,331,16467
57,57,2039,WSLE,10768,0.0233,251,10517
57,57,2040,AGRI,1494,0.0146,22,1472
57,57,2040,CONS,13868,0.0174,241,13627
57,57,2040,FOOD,9546,0.0115,110,9436
57,57,2040,GVED,30095,0.0284,855,29240
57,57,2040,HLTH,21484,0.0213,458,21026
57,57,2040,MANU,24093,0.019,458,23635
57,57,2040,MING,166,0.0018,0,166
57,57,2040,OFFI,11577,0.0587,680,10897
57,57,2040,OTHR,47175,0.0461,2175,45000
57,57,2040,RETL,16943,0.0199,337,16606
57,57,2040,WSLE,10783,0.0236,254,10529
57,57,2041,AGRI,1489,0.0148,22,1467
57,57,2041,CONS,13842,0.0176,244,13598
57,57,2041,FOOD,9578,0.0117,112,9466
57,57,2041,GVED,30165,0.0287,866,29299
57,57,2041,HLTH,21754,0.0215,468,21286
57,57,2041,MANU,24319,0.0192,467,23852
57,57,2041,MING,167,0.0018,0,167
57,57,2041,OFFI,11681,0.0593,693,10988
57,57,2041,OTHR,47720,0.0465,2219,45501
57,57,2041,RETL,17100,0.0201,344,16756
57,57,2041,WSLE,10806,0.0239,258,10548
57,57,2042,AGRI,1485,0.0149,22,1463
57,57,2042,CONS,13845,0.0178,246,13599
57,57,2042,FOOD,9594,0.0118,113,9481
57,57,2042,GVED,30355,0.029,880,29475
57,57,2042,HLTH,22021,0.0217,478,21543
57,57,2042,MANU,24531,0.0194,476,24055
57,57,2042,MING,169,0.0018,0,169
57,57,2042,OFFI,11833,0.0599,709,11124
57,57,2042,OTHR,48277,0.047,2269,46008
57,57,2042,RETL,17246,0.0203,350,16896
57,57,2042,WSLE,10844,0.0242,262,10582
57,57,2043,AGRI,1479,0.0151,22,1457
57,57,2043,CONS,13854,0.0179,248,13606
57,57,2043,FOOD,9622,0.0119,115,9507
57,57,2043,GVED,30566,0.0293,896,29670
57,57,2043,HLTH,22257,0.0219,487,21770
57,57,2043,MANU,24694,0.0196,484,24210
57,57,2043,MING,171,0.0018,0,171
57,57,2043,OFFI,11962,0.0605,724,11238
57,57,2043,OTHR,48792,0.0475,2318,46474
57,57,2043,RETL,17397,0.0205,357,17040
57,57,2043,WSLE,10877,0.0244,265,10612
57,57,2044,AGRI,1475,0.0152,22,1453
57,57,2044,CONS,13851,0.0181,251,13600
57,57,2044,FOOD,9639,0.012,116,9523
57,57,2044,GVED,30782,0.0296,911,29871
57,57,2044,HLTH,22516,0.0221,498,22018
57,57,2044,MANU,24860,0.0198,492,24368
57,57,2044,MING,171,0.0019,0,171
57,57,2044,OFFI,12108,0.061,739,11369
57,57,2044,OTHR,49329,0.0479,2363,46966
57,57,2044,RETL,17543,0.0207,363,17180
57,57,2044,WSLE,10913,0.0247,270,10643
57,57,2045,AGRI,1470,0.0154,23,1447
57,57,2045,CONS,13912,0.0183,255,13657
57,57,2045,FOOD,9666,0.0121,117,9549
57,57,2045,GVED,31010,0.0299,927,30083
57,57,2045,HLTH,22792,0.0224,511,22281
57,57,2045,MANU,25072,0.02,501,24571
57,57,2045,MING,170,0.0019,0,170
57,57,2045,OFFI,12250,0.0617,756,11494
57,57,2045,OTHR,49837,0.0484,2412,47425
57,57,2045,RETL,17711,0.0209,370,17341
57,57,2045,WSLE,10947,0.025,274,10673
57,57,2046,AGRI,1463,0.0156,23,1440
57,57,2046,CONS,14064,0.0185,260,13804
57,57,2046,FOOD,9683,0.0122,118,9565
57,57,2046,GVED,31245,0.0302,944,30301
57,57,2046,HLTH,23077,0.0226,522,22555
57,57,2046,MANU,25292,0.0202,511,24781
57,57,2046,MING,170,0.0019,0,170
57,57,2046,OFFI,12432,0.0623,775,11657
57,57,2046,OTHR,50309,0.0489,2460,47849
57,57,2046,RETL,17879,0.0212,379,17500
57,57,2046,WSLE,10983,0.0253,278,10705
57,57,2047,AGRI,1458,0.0157,23,1435
57,57,2047,CONS,14276,0.0187,267,14009
57,57,2047,FOOD,9699,0.0124,120,9579
57,57,2047,GVED,31483,0.0305,960,30523
57,57,2047,HLTH,23350,0.0228,532,22818
57,57,2047,MANU,25504,0.0204,520,24984
57,57,2047,MING,171,0.0019,0,171
57,57,2047,OFFI,12645,0.0629,795,11850
57,57,2047,OTHR,50719,0.0494,2506,48213
57,57,2047,RETL,18055,0.0214,386,17669
57,57,2047,WSLE,11013,0.0255,281,10732
57,57,2048,AGRI,1454,0.0159,23,1431
57,57,2048,CONS,14552,0.0189,275,14277
57,57,2048,FOOD,9730,0.0125,122,9608
57,57,2048,GVED,31728,0.0309,980,30748
57,57,2048,HLTH,23618,0.0231,546,23072
57,57,2048,MANU,25727,0.0206,530,25197
57,57,2048,MING,173,0.0019,0,173
57,57,2048,OFFI,12869,0.0635,817,12052
57,57,2048,OTHR,51092,0.0499,2549,48543
57,57,2048,RETL,18239,0.0216,394,17845
57,57,2048,WSLE,11044,0.0258,285,10759
57,57,2049,AGRI,1448,0.0161,23,1425
57,57,2049,CONS,14877,0.0191,284,14593
57,57,2049,FOOD,9764,0.0126,123,9641
57,57,2049,GVED,31970,0.0312,997,30973
57,57,2049,HLTH,23882,0.0233,556,23326
57,57,2049,MANU,25957,0.0208,540,25417
57,57,2049,MING,176,0.002,0,176
57,57,2049,OFFI,13091,0.0642,840,12251
57,57,2049,OTHR,51458,0.0504,2593,48865
57,57,2049,RETL,18422,0.0218,402,18020
57,57,2049,WSLE,11068,0.0261,289,10779
57,57,2050,AGRI,1442,0.0163,24,1418
57,57,2050,CONS,15224,0.0193,294,14930
57,57,2050,FOOD,9803,0.0128,125,9678
57,57,2050,GVED,32339,0.0315,1019,31320
57,57,2050,HLTH,24147,0.0235,567,23580
57,57,2050,MANU,26188,0.021,550,25638
57,57,2050,MING,178,0.002,0,178
57,57,2050,OFFI,13295,0.0649,863,12432
57,57,2050,OTHR,51832,0.0509,2638,49194
57,57,2050,RETL,18615,0.022,410,18205
57,57,2050,WSLE,11096,0.0264,293,10803
57,57,2051,AGRI,1437,0.0165,24,1413
57,57,2051,CONS,15574,0.0195,304,15270
57,57,2051,FOOD,9829,0.0129,127,9702
57,57,2051,GVED,32446,0.0318,1032,31414
57,57,2051,HLTH,24387,0.0238,580,23807
57,57,2051,MANU,26434,0.0213,563,25871
57,57,2051,MING,178,0.002,0,178
57,57,2051,OFFI,13461,0.0656,883,12578
57,57,2051,OTHR,52152,0.0515,2686,49466
57,57,2051,RETL,18789,0.0223,419,18370
57,57,2051,WSLE,11113,0.0267,297,10816
57,57,2052,AGRI,1429,0.0167,24,1405
57,57,2052,CONS,15934,0.0197,314,15620
57,57,2052,FOOD,9859,0.013,128,9731
57,57,2052,GVED,32681,0.0322,1052,31629
57,57,2052,HLTH,24624,0.024,591,24033
57,57,2052,MANU,26659,0.0215,573,26086
57,57,2052,MING,180,0.002,0,180
57,57,2052,OFFI,13605,0.0662,901,12704
57,57,2052,OTHR,52484,0.052,2729,49755
57,57,2052,RETL,18972,0.0225,427,18545
57,57,2052,WSLE,11133,0.027,301,10832
57,57,2053,AGRI,1423,0.0169,24,1399
57,57,2053,CONS,16291,0.0199,324,15967
57,57,2053,FOOD,9890,0.0132,131,9759
57,57,2053,GVED,32918,0.0325,1070,31848
57,57,2053,HLTH,24845,0.0243,604,24241
57,57,2053,MANU,26842,0.0217,582,26260
57,57,2053,MING,182,0.002,0,182
57,57,2053,OFFI,13710,0.0669,917,12793
57,57,2053,OTHR,52828,0.0525,2773,50055
57,57,2053,RETL,19137,0.0227,434,18703
57,57,2053,WSLE,11159,0.0274,306,10853
57,57,2054,AGRI,1416,0.0171,24,1392
57,57,2054,CONS,16659,0.0201,335,16324
57,57,2054,FOOD,9915,0.0133,132,9783
57,57,2054,GVED,33157,0.0328,1088,32069
57,57,2054,HLTH,25055,0.0245,614,24441
57,57,2054,MANU,27008,0.0219,591,26417
57,57,2054,MING,184,0.0021,0,184
57,57,2054,OFFI,13813,0.0676,934,12879
57,57,2054,OTHR,53143,0.0531,2822,50321
57,57,2054,RETL,19302,0.023,444,18858
57,57,2054,WSLE,11179,0.0277,310,10869
57,57,2055,AGRI,1409,0.0173,24,1385
57,57,2055,CONS,17034,0.0203,346,16688
57,57,2055,FOOD,9940,0.0134,133,9807
57,57,2055,GVED,33385,0.0332,1108,32277
57,57,2055,HLTH,25252,0.0248,626,24626
57,57,2055,MANU,27148,0.0222,603,26545
57,57,2055,MING,184,0.0021,0,184
57,57,2055,OFFI,13901,0.0683,949,12952
57,57,2055,OTHR,53456,0.0536,2865,50591
57,57,2055,RETL,19460,0.0232,451,19009
57,57,2055,WSLE,11207,0.028,314,10893
57,57,2056,AGRI,1403,0.0175,25,1378
57,57,2056,CONS,17301,0.0205,355,16946
57,57,2056,FOOD,9952,0.0136,135,9817
57,57,2056,GVED,33613,0.0335,1126,32487
57,57,2056,HLTH,25494,0.025,637,24857
57,57,2056,MANU,27256,0.0224,611,26645
57,57,2056,MING,182,0.0021,0,182
57,57,2056,OFFI,13985,0.069,965,13020
57,57,2056,OTHR,53807,0.0541,2911,50896
57,57,2056,RETL,19581,0.0234,458,19123
57,57,2056,WSLE,11243,0.0283,318,10925
57,57,2057,AGRI,1396,0.0176,25,1371
57,57,2057,CONS,17497,0.0207,362,17135
57,57,2057,FOOD,9951,0.0137,136,9815
57,57,2057,GVED,33828,0.0338,1143,32685
57,57,2057,HLTH,25721,0.0253,651,25070
57,57,2057,MANU,27385,0.0226,619,26766
57,57,2057,MING,179,0.0021,0,179
57,57,2057,OFFI,14077,0.0696,980,13097
57,57,2057,OTHR,54118,0.0546,2955,51163
57,57,2057,RETL,19683,0.0237,466,19217
57,57,2057,WSLE,11270,0.0286,322,10948
57,57,2058,AGRI,1389,0.0178,25,1364
57,57,2058,CONS,17650,0.0209,369,17281
57,57,2058,FOOD,9948,0.0138,137,9811
57,57,2058,GVED,34032,0.0342,1164,32868
57,57,2058,HLTH,25948,0.0255,662,25286
57,57,2058,MANU,27518,0.0228,627,26891
57,57,2058,MING,176,0.0021,0,176
57,57,2058,OFFI,14170,0.0703,996,13174
57,57,2058,OTHR,54402,0.0551,2998,51404
57,57,2058,RETL,19777,0.0239,473,19304
57,57,2058,WSLE,11294,0.0289,326,10968
57,57,2059,AGRI,1380,0.018,25,1355
57,57,2059,CONS,17775,0.0211,375,17400
57,57,2059,FOOD,9942,0.014,139,9803
57,57,2059,GVED,34225,0.0345,1181,33044
57,57,2059,HLTH,26171,0.0257,673,25498
57,57,2059,MANU,27651,0.023,636,27015
57,57,2059,MING,173,0.0022,0,173
57,57,2059,OFFI,14263,0.071,1013,13250
57,57,2059,OTHR,54666,0.0556,3039,51627
57,57,2059,RETL,19865,0.0241,479,19386
57,57,2059,WSLE,11315,0.0292,330,10985
57,57,2060,AGRI,1372,0.0182,25,1347
57,57,2060,CONS,17876,0.0213,381,17495
57,57,2060,FOOD,9934,0.0141,140,9794
57,57,2060,GVED,34533,0.0348,1202,33331
57,57,2060,HLTH,26386,0.026,686,25700
57,57,2060,MANU,27781,0.0232,645,27136
57,57,2060,MING,172,0.0022,0,172
57,57,2060,OFFI,14352,0.0716,1028,13324
57,57,2060,OTHR,54914,0.0561,3081,51833
57,57,2060,RETL,19943,0.0243,485,19458
57,57,2060,WSLE,11334,0.0295,334,11000
57,57,2061,AGRI,1364,0.0184,25,1339
57,57,2061,CONS,17958,0.0215,386,17572
57,57,2061,FOOD,9927,0.0142,141,9786
57,57,2061,GVED,34551,0.0351,1213,33338
57,57,2061,HLTH,26598,0.0262,697,25901
57,57,2061,MANU,27914,0.0234,653,27261
57,57,2061,MING,171,0.0022,0,171
57,57,2061,OFFI,14439,0.0723,1044,13395
57,57,2061,OTHR,55173,0.0566,3123,52050
57,57,2061,RETL,20023,0.0246,493,19530
57,57,2061,WSLE,11358,0.0298,338,11020
57,57,2062,AGRI,1357,0.0186,25,1332
57,57,2062,CONS,18037,0.0216,390,17647
57,57,2062,FOOD,9922,0.0143,142,9780
57,57,2062,GVED,34710,0.0355,1232,33478
57,57,2062,HLTH,26807,0.0265,710,26097
57,57,2062,MANU,28056,0.0236,662,27394
57,57,2062,MING,171,0.0022,0,171
57,57,2062,OFFI,14524,0.0729,1059,13465
57,57,2062,OTHR,55444,0.0571,3166,52278
57,57,2062,RETL,20108,0.0248,499,19609
57,57,2062,WSLE,11381,0.0301,343,11038
57,57,2063,AGRI,1350,0.0188,25,1325
57,57,2063,CONS,18110,0.0218,395,17715
57,57,2063,FOOD,9917,0.0145,144,9773
57,57,2063,GVED,34867,0.0358,1248,33619
57,57,2063,HLTH,27015,0.0267,721,26294
57,57,2063,MANU,28204,0.0239,674,27530
57,57,2063,MING,170,0.0022,0,170
57,57,2063,OFFI,14605,0.0736,1075,13530
57,57,2063,OTHR,55725,0.0576,3210,52515
57,57,2063,RETL,20194,0.025,505,19689
57,57,2063,WSLE,11404,0.0304,347,11057
57,57,2064,AGRI,1344,0.019,26,1318
57,57,2064,CONS,18178,0.022,400,17778
57,57,2064,FOOD,9910,0.0146,145,9765
57,57,2064,GVED,35024,0.0361,1264,33760
57,57,2064,HLTH,27221,0.0269,732,26489
57,57,2064,MANU,28353,0.0241,683,27670
57,57,2064,MING,170,0.0023,0,170
57,57,2064,OFFI,14685,0.0742,1090,13595
57,57,2064,OTHR,56014,0.0581,3254,52760
57,57,2064,RETL,20284,0.0252,511,19773
57,57,2064,WSLE,11427,0.0306,350,11077
57,57,2065,AGRI,1336,0.0191,26,1310
57,57,2065,CONS,18243,0.0222,405,17838
57,57,2065,FOOD,9904,0.0147,146,9758
57,57,2065,GVED,35181,0.0364,1281,33900
57,57,2065,HLTH,27426,0.0272,746,26680
57,57,2065,MANU,28506,0.0243,693,27813
57,57,2065,MING,169,0.0023,0,169
57,57,2065,OFFI,14763,0.0749,1106,13657
57,57,2065,OTHR,56307,0.0586,3300,53007
57,57,2065,RETL,20376,0.0254,518,19858
57,57,2065,WSLE,11450,0.0309,354,11096
9003,3,2023,AGRI,693,0.0216,15,678
9003,3,2023,CONS,1123,0.0221,25,1098
9003,3,2023,FOOD,678,0.0146,10,668
9003,3,2023,GVED,1547,0.0348,54,1493
9003,3,2023,HLTH,878,0.027,24,854
9003,3,2023,MANU,4982,0.0241,120,4862
9003,3,2023,MING,36,0.0023,0,36
9003,3,2023,OFFI,390,0.0744,29,361
9003,3,2023,OTHR,2582,0.0588,152,2430
9003,3,2023,RETL,1038,0.0253,26,1012
9003,3,2023,WSLE,1965,0.0265,52,1913
9003,3,2024,AGRI,703,0.0214,15,688
9003,3,2024,CONS,1342,0.0219,29,1313
9003,3,2024,FOOD,616,0.0145,9,607
9003,3,2024,GVED,1684,0.0345,58,1626
9003,3,2024,HLTH,940,0.0268,25,915
9003,3,2024,MANU,4583,0.0239,110,4473
9003,3,2024,MING,41,0.0022,0,41
9003,3,2024,OFFI,410,0.0737,30,380
9003,3,2024,OTHR,2468,0.0574,142,2326
9003,3,2024,RETL,1032,0.0251,26,1006
9003,3,2024,WSLE,1972,0.0261,51,1921
9003,3,2025,AGRI,697,0.0229,16,681
9003,3,2025,CONS,1360,0.0235,32,1328
9003,3,2025,FOOD,610,0.0155,9,601
9003,3,2025,GVED,1700,0.037,63,1637
9003,3,2025,HLTH,969,0.0287,28,941
9003,3,2025,MANU,4625,0.0256,118,4507
9003,3,2025,MING,40,0.0024,0,40
9003,3,2025,OFFI,414,0.079,33,381
9003,3,2025,OTHR,2486,0.0615,153,2333
9003,3,2025,RETL,1026,0.0268,27,999
9003,3,2025,WSLE,2034,0.0279,57,1977
9003,3,2026,AGRI,697,0.0231,16,681
9003,3,2026,CONS,1390,0.0237,33,1357
9003,3,2026,FOOD,608,0.0157,10,598
9003,3,2026,GVED,1714,0.0373,64,1650
9003,3,2026,HLTH,997,0.0289,29,968
9003,3,2026,MANU,4615,0.0258,119,4496
9003,3,2026,MING,42,0.0024,0,42
9003,3,2026,OFFI,410,0.0796,33,377
9003,3,2026,OTHR,2512,0.062,156,2356
9003,3,2026,RETL,1013,0.0271,27,986
9003,3,2026,WSLE,2065,0.028,58,2007
9003,3,2027,AGRI,691,0.0234,16,675
9003,3,2027,CONS,1412,0.0239,34,1378
9003,3,2027,FOOD,606,0.0158,10,596
9003,3,2027,GVED,1721,0.0377,65,1656
9003,3,2027,HLTH,1014,0.0292,30,984
9003,3,2027,MANU,4613,0.0261,120,4493
9003,3,2027,MING,43,0.0025,0,43
9003,3,2027,OFFI,407,0.0804,33,374
9003,3,2027,OTHR,2525,0.0623,157,2368
9003,3,2027,RETL,1015,0.0273,28,987
9003,3,2027,WSLE,2103,0.0283,60,2043
9003,3,2028,AGRI,683,0.0236,16,667
9003,3,2028,CONS,1444,0.0241,35,1409
9003,3,2028,FOOD,601,0.016,10,591
9003,3,2028,GVED,1727,0.0381,66,1661
9003,3,2028,HLTH,1026,0.0295,30,996
9003,3,2028,MANU,4613,0.0263,121,4492
9003,3,2028,MING,41,0.0025,0,41
9003,3,2028,OFFI,407,0.0812,33,374
9003,3,2028,OTHR,2547,0.0626,159,2388
9003,3,2028,RETL,1009,0.0276,28,981
9003,3,2028,WSLE,2126,0.0285,61,2065
9003,3,2029,AGRI,679,0.0238,16,663
9003,3,2029,CONS,1484,0.0243,36,1448
9003,3,2029,FOOD,594,0.0161,10,584
9003,3,2029,GVED,1740,0.0385,67,1673
9003,3,2029,HLTH,1041,0.0297,31,1010
9003,3,2029,MANU,4640,0.0266,123,4517
9003,3,2029,MING,38,0.0025,0,38
9003,3,2029,OFFI,409,0.082,34,375
9003,3,2029,OTHR,2583,0.0631,163,2420
9003,3,2029,RETL,1004,0.0279,28,976
9003,3,2029,WSLE,2148,0.0287,62,2086
9003,3,2030,AGRI,673,0.024,16,657
9003,3,2030,CONS,1503,0.0246,37,1466
9003,3,2030,FOOD,586,0.0163,10,576
9003,3,2030,GVED,1743,0.0389,68,1675
9003,3,2030,HLTH,1053,0.03,32,1021
9003,3,2030,MANU,4678,0.0268,125,4553
9003,3,2030,MING,38,0.0025,0,38
9003,3,2030,OFFI,412,0.0827,34,378
9003,3,2030,OTHR,2601,0.0637,166,2435
9003,3,2030,RETL,1008,0.0281,28,980
9003,3,2030,WSLE,2161,0.029,63,2098
9003,3,2031,AGRI,669,0.0242,16,653
9003,3,2031,CONS,1516,0.0249,38,1478
9003,3,2031,FOOD,573,0.0165,9,564
9003,3,2031,GVED,1742,0.0393,68,1674
9003,3,2031,HLTH,1066,0.0304,32,1034
9003,3,2031,MANU,4719,0.0271,128,4591
9003,3,2031,MING,38,0.0026,0,38
9003,3,2031,OFFI,414,0.0837,35,379
9003,3,2031,OTHR,2621,0.0644,169,2452
9003,3,2031,RETL,1010,0.0284,29,981
9003,3,2031,WSLE,2178,0.0293,64,2114
9003,3,2032,AGRI,661,0.0245,16,645
9003,3,2032,CONS,1520,0.0251,38,1482
9003,3,2032,FOOD,565,0.0166,9,556
9003,3,2032,GVED,1737,0.0398,69,1668
9003,3,2032,HLTH,1074,0.0307,33,1041
9003,3,2032,MANU,4754,0.0274,130,4624
9003,3,2032,MING,39,0.0026,0,39
9003,3,2032,OFFI,416,0.0846,35,381
9003,3,2032,OTHR,2632,0.0651,171,2461
9003,3,2032,RETL,1011,0.0288,29,982
9003,3,2032,WSLE,2190,0.0296,65,2125
9003,3,2033,AGRI,661,0.0247,16,645
9003,3,2033,CONS,1536,0.0254,39,1497
9003,3,2033,FOOD,559,0.0168,9,550
9003,3,2033,GVED,1740,0.0403,70,1670
9003,3,2033,HLTH,1084,0.031,34,1050
9003,3,2033,MANU,4774,0.0277,132,4642
9003,3,2033,MING,41,0.0026,0,41
9003,3,2033,OFFI,420,0.0855,36,384
9003,3,2033,OTHR,2658,0.0658,175,2483
9003,3,2033,RETL,1010,0.0291,29,981
9003,3,2033,WSLE,2201,0.0299,66,2135
9003,3,2034,AGRI,661,0.025,17,644
9003,3,2034,CONS,1554,0.0256,40,1514
9003,3,2034,FOOD,572,0.017,10,562
9003,3,2034,GVED,1749,0.0408,71,1678
9003,3,2034,HLTH,1099,0.0313,34,1065
9003,3,2034,MANU,4805,0.028,135,4670
9003,3,2034,MING,43,0.0026,0,43
9003,3,2034,OFFI,427,0.0864,37,390
9003,3,2034,OTHR,2722,0.0663,180,2542
9003,3,2034,RETL,1007,0.0294,30,977
9003,3,2034,WSLE,2185,0.0302,66,2119
9003,3,2035,AGRI,657,0.0252,17,640
9003,3,2035,CONS,1553,0.0259,40,1513
9003,3,2035,FOOD,545,0.0172,9,536
9003,3,2035,GVED,1740,0.0413,72,1668
9003,3,2035,HLTH,1095,0.0317,35,1060
9003,3,2035,MANU,4836,0.0283,137,4699
9003,3,2035,MING,44,0.0027,0,44
9003,3,2035,OFFI,431,0.0873,38,393
9003,3,2035,OTHR,2654,0.0674,179,2475
9003,3,2035,RETL,996,0.0297,30,966
9003,3,2035,WSLE,2145,0.0306,66,2079
9003,3,2036,AGRI,651,0.0254,17,634
9003,3,2036,CONS,1547,0.0262,41,1506
9003,3,2036,FOOD,542,0.0173,9,533
9003,3,2036,GVED,1731,0.0417,72,1659
9003,3,2036,HLTH,1093,0.032,35,1058
9003,3,2036,MANU,4894,0.0286,140,4754
9003,3,2036,MING,43,0.0027,0,43
9003,3,2036,OFFI,438,0.0881,39,399
9003,3,2036,OTHR,2647,0.0681,180,2467
9003,3,2036,RETL,991,0.03,30,961
9003,3,2036,WSLE,2115,0.031,66,2049
9003,3,2037,AGRI,648,0.0257,17,631
9003,3,2037,CONS,1541,0.0264,41,1500
9003,3,2037,FOOD,541,0.0175,9,532
9003,3,2037,GVED,1732,0.0422,73,1659
9003,3,2037,HLTH,1097,0.0323,35,1062
9003,3,2037,MANU,4954,0.0289,143,4811
9003,3,2037,MING,43,0.0027,0,43
9003,3,2037,OFFI,442,0.089,39,403
9003,3,2037,OTHR,2661,0.0687,183,2478
9003,3,2037,RETL,990,0.0303,30,960
9003,3,2037,WSLE,2092,0.0313,65,2027
9003,3,2038,AGRI,646,0.0259,17,629
9003,3,2038,CONS,1535,0.0267,41,1494
9003,3,2038,FOOD,538,0.0177,10,528
9003,3,2038,GVED,1736,0.0426,74,1662
9003,3,2038,HLTH,1104,0.0326,36,1068
9003,3,2038,MANU,5006,0.0291,146,4860
9003,3,2038,MING,43,0.0027,0,43
9003,3,2038,OFFI,447,0.0898,40,407
9003,3,2038,OTHR,2684,0.0694,186,2498
9003,3,2038,RETL,989,0.0305,30,959
9003,3,2038,WSLE,2079,0.0317,66,2013
9003,3,2039,AGRI,643,0.0261,17,626
9003,3,2039,CONS,1527,0.0269,41,1486
9003,3,2039,FOOD,536,0.0178,10,526
9003,3,2039,GVED,1741,0.043,75,1666
9003,3,2039,HLTH,1110,0.0329,37,1073
9003,3,2039,MANU,5054,0.0294,149,4905
9003,3,2039,MING,43,0.0028,0,43
9003,3,2039,OFFI,451,0.0906,41,410
9003,3,2039,OTHR,2706,0.07,189,2517
9003,3,2039,RETL,990,0.0308,30,960
9003,3,2039,WSLE,2067,0.0321,66,2001
9003,3,2040,AGRI,640,0.0263,17,623
9003,3,2040,CONS,1518,0.0272,41,1477
9003,3,2040,FOOD,533,0.018,10,523
9003,3,2040,GVED,1747,0.0435,76,1671
9003,3,2040,HLTH,1117,0.0332,37,1080
9003,3,2040,MANU,5098,0.0297,151,4947
9003,3,2040,MING,43,0.0028,0,43
9003,3,2040,OFFI,454,0.0915,42,412
9003,3,2040,OTHR,2728,0.0706,193,2535
9003,3,2040,RETL,991,0.0311,31,960
9003,3,2040,WSLE,2055,0.0324,67,1988
9003,3,2041,AGRI,637,0.0265,17,620
9003,3,2041,CONS,1505,0.0274,41,1464
9003,3,2041,FOOD,533,0.0182,10,523
9003,3,2041,GVED,1751,0.0439,77,1674
9003,3,2041,HLTH,1120,0.0335,38,1082
9003,3,2041,MANU,5136,0.03,154,4982
9003,3,2041,MING,43,0.0028,0,43
9003,3,2041,OFFI,458,0.0923,42,416
9003,3,2041,OTHR,2742,0.0713,196,2546
9003,3,2041,RETL,995,0.0314,31,964
9003,3,2041,WSLE,2046,0.0328,67,1979
9003,3,2042,AGRI,634,0.0267,17,617
9003,3,2042,CONS,1497,0.0277,41,1456
9003,3,2042,FOOD,530,0.0183,10,520
9003,3,2042,GVED,1755,0.0443,78,1677
9003,3,2042,HLTH,1125,0.0338,38,1087
9003,3,2042,MANU,5171,0.0302,156,5015
9003,3,2042,MING,44,0.0028,0,44
9003,3,2042,OFFI,463,0.0932,43,420
9003,3,2042,OTHR,2762,0.0719,199,2563
9003,3,2042,RETL,996,0.0317,32,964
9003,3,2042,WSLE,2038,0.0331,67,1971
9003,3,2043,AGRI,631,0.027,17,614
9003,3,2043,CONS,1488,0.0279,42,1446
9003,3,2043,FOOD,527,0.0185,10,517
9003,3,2043,GVED,1761,0.0447,79,1682
9003,3,2043,HLTH,1127,0.0341,38,1089
9003,3,2043,MANU,5195,0.0305,158,5037
9003,3,2043,MING,43,0.0029,0,43
9003,3,2043,OFFI,467,0.094,44,423
9003,3,2043,OTHR,2774,0.0725,201,2573
9003,3,2043,RETL,996,0.032,32,964
9003,3,2043,WSLE,2031,0.0335,68,1963
9003,3,2044,AGRI,627,0.0272,17,610
9003,3,2044,CONS,1477,0.0282,42,1435
9003,3,2044,FOOD,525,0.0187,10,515
9003,3,2044,GVED,1765,0.0451,80,1685
9003,3,2044,HLTH,1128,0.0344,39,1089
9003,3,2044,MANU,5219,0.0308,161,5058
9003,3,2044,MING,43,0.0029,0,43
9003,3,2044,OFFI,473,0.0948,45,428
9003,3,2044,OTHR,2786,0.0731,204,2582
9003,3,2044,RETL,998,0.0322,32,966
9003,3,2044,WSLE,2023,0.0338,68,1955
9003,3,2045,AGRI,624,0.0274,17,607
9003,3,2045,CONS,1474,0.0284,42,1432
9003,3,2045,FOOD,522,0.0188,10,512
9003,3,2045,GVED,1770,0.0456,81,1689
9003,3,2045,HLTH,1130,0.0347,39,1091
9003,3,2045,MANU,5253,0.031,163,5090
9003,3,2045,MING,43,0.0029,0,43
9003,3,2045,OFFI,478,0.0956,46,432
9003,3,2045,OTHR,2797,0.0738,206,2591
9003,3,2045,RETL,997,0.0325,32,965
9003,3,2045,WSLE,2016,0.0342,69,1947
9003,3,2046,AGRI,621,0.0276,17,604
9003,3,2046,CONS,1480,0.0287,42,1438
9003,3,2046,FOOD,518,0.019,10,508
9003,3,2046,GVED,1775,0.046,82,1693
9003,3,2046,HLTH,1133,0.035,40,1093
9003,3,2046,MANU,5290,0.0313,166,5124
9003,3,2046,MING,43,0.0029,0,43
9003,3,2046,OFFI,484,0.0965,47,437
9003,3,2046,OTHR,2806,0.0744,209,2597
9003,3,2046,RETL,996,0.0328,33,963
9003,3,2046,WSLE,2008,0.0345,69,1939
9003,3,2047,AGRI,618,0.0279,17,601
9003,3,2047,CONS,1492,0.0289,43,1449
9003,3,2047,FOOD,516,0.0192,10,506
9003,3,2047,GVED,1778,0.0464,82,1696
9003,3,2047,HLTH,1134,0.0353,40,1094
9003,3,2047,MANU,5324,0.0316,168,5156
9003,3,2047,MING,44,0.003,0,44
9003,3,2047,OFFI,492,0.0974,48,444
9003,3,2047,OTHR,2809,0.0751,211,2598
9003,3,2047,RETL,999,0.0331,33,966
9003,3,2047,WSLE,2000,0.0349,70,1930
9003,3,2048,AGRI,615,0.0281,17,598
9003,3,2048,CONS,1511,0.0292,44,1467
9003,3,2048,FOOD,512,0.0193,10,502
9003,3,2048,GVED,1782,0.0468,83,1699
9003,3,2048,HLTH,1135,0.0357,41,1094
9003,3,2048,MANU,5361,0.0319,171,5190
9003,3,2048,MING,44,0.003,0,44
9003,3,2048,OFFI,500,0.0983,49,451
9003,3,2048,OTHR,2813,0.0758,213,2600
9003,3,2048,RETL,998,0.0334,33,965
9003,3,2048,WSLE,1993,0.0353,70,1923
9003,3,2049,AGRI,612,0.0283,17,595
9003,3,2049,CONS,1535,0.0295,45,1490
9003,3,2049,FOOD,510,0.0195,10,500
9003,3,2049,GVED,1786,0.0473,84,1702
9003,3,2049,HLTH,1136,0.036,41,1095
9003,3,2049,MANU,5400,0.0322,174,5226
9003,3,2049,MING,44,0.003,0,44
9003,3,2049,OFFI,509,0.0992,50,459
9003,3,2049,OTHR,2814,0.0765,215,2599
9003,3,2049,RETL,1001,0.0337,34,967
9003,3,2049,WSLE,1984,0.0357,71,1913
9003,3,2050,AGRI,608,0.0286,17,591
9003,3,2050,CONS,1561,0.0298,47,1514
9003,3,2050,FOOD,508,0.0197,10,498
9003,3,2050,GVED,1789,0.0477,85,1704
9003,3,2050,HLTH,1135,0.0364,41,1094
9003,3,2050,MANU,5438,0.0325,177,5261
9003,3,2050,MING,45,0.0031,0,45
9003,3,2050,OFFI,516,0.1002,52,464
9003,3,2050,OTHR,2814,0.0772,217,2597
9003,3,2050,RETL,1003,0.0341,34,969
9003,3,2050,WSLE,1976,0.0361,71,1905
9003,3,2051,AGRI,608,0.0288,18,590
9003,3,2051,CONS,1596,0.03,48,1548
9003,3,2051,FOOD,504,0.0199,10,494
9003,3,2051,GVED,1799,0.0482,87,1712
9003,3,2051,HLTH,1140,0.0367,42,1098
9003,3,2051,MANU,5481,0.0328,180,5301
9003,3,2051,MING,45,0.0031,0,45
9003,3,2051,OFFI,522,0.1011,53,469
9003,3,2051,OTHR,2827,0.0779,220,2607
9003,3,2051,RETL,1002,0.0344,34,968
9003,3,2051,WSLE,1967,0.0365,72,1895
9003,3,2052,AGRI,604,0.0291,18,586
9003,3,2052,CONS,1621,0.0303,49,1572
9003,3,2052,FOOD,501,0.0201,10,491
9003,3,2052,GVED,1800,0.0486,87,1713
9003,3,2052,HLTH,1138,0.0371,42,1096
9003,3,2052,MANU,5519,0.0331,183,5336
9003,3,2052,MING,46,0.0031,0,46
9003,3,2052,OFFI,526,0.1021,54,472
9003,3,2052,OTHR,2823,0.0786,222,2601
9003,3,2052,RETL,1002,0.0347,35,967
9003,3,2052,WSLE,1958,0.0369,72,1886
9003,3,2053,AGRI,601,0.0294,18,583
9003,3,2053,CONS,1647,0.0306,50,1597
9003,3,2053,FOOD,498,0.0203,10,488
9003,3,2053,GVED,1802,0.0491,88,1714
9003,3,2053,HLTH,1135,0.0374,42,1093
9003,3,2053,MANU,5548,0.0334,185,5363
9003,3,2053,MING,46,0.0031,0,46
9003,3,2053,OFFI,530,0.1031,55,475
9003,3,2053,OTHR,2821,0.0793,224,2597
9003,3,2053,RETL,1003,0.035,35,968
9003,3,2053,WSLE,1950,0.0373,73,1877
9003,3,2054,AGRI,597,0.0296,18,579
9003,3,2054,CONS,1675,0.0309,52,1623
9003,3,2054,FOOD,493,0.0205,10,483
9003,3,2054,GVED,1804,0.0496,89,1715
9003,3,2054,HLTH,1132,0.0378,43,1089
9003,3,2054,MANU,5573,0.0338,188,5385
9003,3,2054,MING,46,0.0032,0,46
9003,3,2054,OFFI,533,0.104,55,478
9003,3,2054,OTHR,2818,0.0801,226,2592
9003,3,2054,RETL,999,0.0354,35,964
9003,3,2054,WSLE,1943,0.0377,73,1870
9003,3,2055,AGRI,596,0.0299,18,578
9003,3,2055,CONS,1710,0.0312,53,1657
9003,3,2055,FOOD,490,0.0207,10,480
9003,3,2055,GVED,1813,0.05,91,1722
9003,3,2055,HLTH,1133,0.0381,43,1090
9003,3,2055,MANU,5593,0.0341,191,5402
9003,3,2055,MING,47,0.0032,0,47
9003,3,2055,OFFI,537,0.105,56,481
9003,3,2055,OTHR,2827,0.0808,228,2599
9003,3,2055,RETL,999,0.0357,36,963
9003,3,2055,WSLE,1935,0.0381,74,1861
9003,3,2056,AGRI,592,0.0301,18,574
9003,3,2056,CONS,1726,0.0315,54,1672
9003,3,2056,FOOD,486,0.0209,10,476
9003,3,2056,GVED,1813,0.0504,91,1722
9003,3,2056,HLTH,1131,0.0385,44,1087
9003,3,2056,MANU,5606,0.0344,193,5413
9003,3,2056,MING,46,0.0032,0,46
9003,3,2056,OFFI,540,0.106,57,483
9003,3,2056,OTHR,2824,0.0815,230,2594
9003,3,2056,RETL,997,0.036,36,961
9003,3,2056,WSLE,1929,0.0385,74,1855
9003,3,2057,AGRI,588,0.0304,18,570
9003,3,2057,CONS,1734,0.0317,55,1679
9003,3,2057,FOOD,482,0.021,10,472
9003,3,2057,GVED,1812,0.0509,92,1720
9003,3,2057,HLTH,1128,0.0388,44,1084
9003,3,2057,MANU,5623,0.0347,195,5428
9003,3,2057,MING,45,0.0033,0,45
9003,3,2057,OFFI,542,0.1069,58,484
9003,3,2057,OTHR,2818,0.0822,232,2586
9003,3,2057,RETL,993,0.0363,36,957
9003,3,2057,WSLE,1922,0.0389,75,1847
9003,3,2058,AGRI,586,0.0306,18,568
9003,3,2058,CONS,1748,0.032,56,1692
9003,3,2058,FOOD,477,0.0212,10,467
9003,3,2058,GVED,1819,0.0513,93,1726
9003,3,2058,HLTH,1131,0.0391,44,1087
9003,3,2058,MANU,5641,0.035,197,5444
9003,3,2058,MING,45,0.0033,0,45
9003,3,2058,OFFI,544,0.1078,59,485
9003,3,2058,OTHR,2825,0.0828,234,2591
9003,3,2058,RETL,990,0.0367,36,954
9003,3,2058,WSLE,1916,0.0393,75,1841
9003,3,2059,AGRI,582,0.0308,18,564
9003,3,2059,CONS,1750,0.0323,57,1693
9003,3,2059,FOOD,471,0.0214,10,461
9003,3,2059,GVED,1818,0.0518,94,1724
9003,3,2059,HLTH,1128,0.0395,45,1083
9003,3,2059,MANU,5659,0.0353,200,5459
9003,3,2059,MING,44,0.0033,0,44
9003,3,2059,OFFI,547,0.1087,59,488
9003,3,2059,OTHR,2817,0.0835,235,2582
9003,3,2059,RETL,982,0.037,36,946
9003,3,2059,WSLE,1907,0.0397,76,1831
9003,3,2060,AGRI,577,0.0311,18,559
9003,3,2060,CONS,1751,0.0326,57,1694
9003,3,2060,FOOD,467,0.0216,10,457
9003,3,2060,GVED,1815,0.0522,95,1720
9003,3,2060,HLTH,1124,0.0398,45,1079
9003,3,2060,MANU,5677,0.0356,202,5475
9003,3,2060,MING,44,0.0033,0,44
9003,3,2060,OFFI,549,0.1096,60,489
9003,3,2060,OTHR,2808,0.0841,236,2572
9003,3,2060,RETL,979,0.0373,37,942
9003,3,2060,WSLE,1901,0.0401,76,1825
9003,3,2061,AGRI,575,0.0313,18,557
9003,3,2061,CONS,1762,0.0328,58,1704
9003,3,2061,FOOD,463,0.0218,10,453
9003,3,2061,GVED,1820,0.0527,96,1724
9003,3,2061,HLTH,1126,0.0401,45,1081
9003,3,2061,MANU,5696,0.0359,204,5492
9003,3,2061,MING,43,0.0034,0,43
9003,3,2061,OFFI,551,0.1105,61,490
9003,3,2061,OTHR,2815,0.0848,239,2576
9003,3,2061,RETL,976,0.0376,37,939
9003,3,2061,WSLE,1894,0.0404,77,1817
9003,3,2062,AGRI,571,0.0315,18,553
9003,3,2062,CONS,1762,0.0331,58,1704
9003,3,2062,FOOD,459,0.0219,10,449
9003,3,2062,GVED,1816,0.0531,96,1720
9003,3,2062,HLTH,1122,0.0405,45,1077
9003,3,2062,MANU,5717,0.0362,207,5510
9003,3,2062,MING,43,0.0034,0,43
9003,3,2062,OFFI,554,0.1115,62,492
9003,3,2062,OTHR,2807,0.0855,240,2567
9003,3,2062,RETL,973,0.0379,37,936
9003,3,2062,WSLE,1886,0.0408,77,1809
9003,3,2063,AGRI,567,0.0318,18,549
9003,3,2063,CONS,1762,0.0334,59,1703
9003,3,2063,FOOD,455,0.0221,10,445
9003,3,2063,GVED,1812,0.0536,97,1715
9003,3,2063,HLTH,1118,0.0408,46,1072
9003,3,2063,MANU,5739,0.0365,209,5530
9003,3,2063,MING,42,0.0034,0,42
9003,3,2063,OFFI,556,0.1124,62,494
9003,3,2063,OTHR,2800,0.0861,241,2559
9003,3,2063,RETL,970,0.0382,37,933
9003,3,2063,WSLE,1880,0.0412,77,1803
9003,3,2064,AGRI,565,0.032,18,547
9003,3,2064,CONS,1771,0.0337,60,1711
9003,3,2064,FOOD,451,0.0223,10,441
9003,3,2064,GVED,1817,0.054,98,1719
9003,3,2064,HLTH,1120,0.0411,46,1074
9003,3,2064,MANU,5762,0.0368,212,5550
9003,3,2064,MING,42,0.0035,0,42
9003,3,2064,OFFI,558,0.1133,63,495
9003,3,2064,OTHR,2807,0.0868,244,2563
9003,3,2064,RETL,967,0.0385,37,930
9003,3,2064,WSLE,1874,0.0416,78,1796
9003,3,2065,AGRI,561,0.0322,18,543
9003,3,2065,CONS,1770,0.0339,60,1710
9003,3,2065,FOOD,447,0.0225,10,437
9003,3,2065,GVED,1814,0.0545,99,1715
9003,3,2065,HLTH,1116,0.0415,46,1070
9003,3,2065,MANU,5786,0.0371,215,5571
9003,3,2065,MING,42,0.0035,0,42
9003,3,2065,OFFI,560,0.1142,64,496
9003,3,2065,OTHR,2801,0.0874,245,2556
9003,3,2065,RETL,964,0.0388,37,927
9003,3,2065,WSLE,1866,0.042,78,1788
9057,57,2023,AGRI,36,0.011,0,36
9057,57,2023,CONS,248,0.0135,3,245
9057,57,2023,FOOD,135,0.0089,1,134
9057,57,2023,GVED,611,0.0217,13,598
9057,57,2023,HLTH,366,0.0165,6,360
9057,57,2023,MANU,78,0.0147,1,77
9057,57,2023,MING,5,0.0014,0,5
9057,57,2023,OFFI,299,0.0453,14,285
9057,57,2023,OTHR,882,0.036,32,850
9057,57,2023,RETL,225,0.0154,3,222
9057,57,2023,WSLE,42,0.018,1,41
9057,57,2024,AGRI,37,0.011,0,37
9057,57,2024,CONS,268,0.0134,4,264
9057,57,2024,FOOD,130,0.0089,1,129
9057,57,2024,GVED,640,0.0217,14,626
9057,57,2024,HLTH,376,0.0164,6,370
9057,57,2024,MANU,82,0.0147,1,81
9057,57,2024,MING,4,0.0014,0,4
9057,57,2024,OFFI,272,0.0452,12,260
9057,57,2024,OTHR,913,0.0357,33,880
9057,57,2024,RETL,205,0.0154,3,202
9057,57,2024,WSLE,43,0.0179,1,42
9057,57,2025,AGRI,39,0.012,0,39
9057,57,2025,CONS,290,0.0146,4,286
9057,57,2025,FOOD,130,0.0097,1,129
9057,57,2025,GVED,693,0.0236,16,677
9057,57,2025,HLTH,417,0.0178,7,410
9057,57,2025,MANU,83,0.0159,1,82
9057,57,2025,MING,4,0.0015,0,4
9057,57,2025,OFFI,285,0.0492,14,271
9057,57,2025,OTHR,985,0.0388,38,947
9057,57,2025,RETL,206,0.0167,3,203
9057,57,2025,WSLE,43,0.0195,1,42
9057,57,2026,AGRI,39,0.0122,0,39
9057,57,2026,CONS,292,0.0148,4,288
9057,57,2026,FOOD,120,0.0098,1,119
9057,57,2026,GVED,694,0.024,17,677
9057,57,2026,HLTH,427,0.0181,8,419
9057,57,2026,MANU,105,0.0162,2,103
9057,57,2026,MING,4,0.0015,0,4
9057,57,2026,OFFI,282,0.0499,14,268
9057,57,2026,OTHR,991,0.0393,39,952
9057,57,2026,RETL,189,0.0169,3,186
9057,57,2026,WSLE,55,0.0197,1,54
9057,57,2027,AGRI,39,0.0124,0,39
9057,57,2027,CONS,297,0.015,4,293
9057,57,2027,FOOD,110,0.01,1,109
9057,57,2027,GVED,701,0.0243,17,684
9057,57,2027,HLTH,439,0.0184,8,431
9057,57,2027,MANU,105,0.0164,2,103
9057,57,2027,MING,4,0.0015,0,4
9057,57,2027,OFFI,290,0.0507,15,275
9057,57,2027,OTHR,1005,0.0398,40,965
9057,57,2027,RETL,174,0.0172,3,171
9057,57,2027,WSLE,55,0.02,1,54
9057,57,2028,AGRI,38,0.0126,0,38
9057,57,2028,CONS,304,0.0153,5,299
9057,57,2028,FOOD,110,0.0101,1,109
9057,57,2028,GVED,703,0.0247,17,686
9057,57,2028,HLTH,447,0.0186,8,439
9057,57,2028,MANU,105,0.0167,2,103
9057,57,2028,MING,4,0.0016,0,4
9057,57,2028,OFFI,290,0.0514,15,275
9057,57,2028,OTHR,1018,0.0401,41,977
9057,57,2028,RETL,174,0.0175,3,171
9057,57,2028,WSLE,55,0.0203,1,54
9057,57,2029,AGRI,38,0.0128,0,38
9057,57,2029,CONS,313,0.0154,5,308
9057,57,2029,FOOD,99,0.0102,1,98
9057,57,2029,GVED,712,0.025,18,694
9057,57,2029,HLTH,457,0.0189,9,448
9057,57,2029,MANU,106,0.0169,2,104
9057,57,2029,MING,4,0.0016,0,4
9057,57,2029,OFFI,291,0.052,15,276
9057,57,2029,OTHR,1041,0.0406,42,999
9057,57,2029,RETL,158,0.0177,3,155
9057,57,2029,WSLE,55,0.0206,1,54
9057,57,2030,AGRI,38,0.013,0,38
9057,57,2030,CONS,317,0.0156,5,312
9057,57,2030,FOOD,98,0.0104,1,97
9057,57,2030,GVED,715,0.0253,18,697
9057,57,2030,HLTH,463,0.0191,9,454
9057,57,2030,MANU,108,0.0171,2,106
9057,57,2030,MING,4,0.0016,0,4
9057,57,2030,OFFI,303,0.0526,16,287
9057,57,2030,OTHR,1050,0.0411,43,1007
9057,57,2030,RETL,160,0.0179,3,157
9057,57,2030,WSLE,55,0.0209,1,54
9057,57,2031,AGRI,38,0.0132,1,37
9057,57,2031,CONS,323,0.0158,5,318
9057,57,2031,FOOD,87,0.0105,1,86
9057,57,2031,GVED,719,0.0256,18,701
9057,57,2031,HLTH,475,0.0193,9,466
9057,57,2031,MANU,109,0.0173,2,107
9057,57,2031,MING,4,0.0016,0,4
9057,57,2031,OFFI,305,0.0533,16,289
9057,57,2031,OTHR,1068,0.0416,44,1024
9057,57,2031,RETL,145,0.0181,3,142
9057,57,2031,WSLE,55,0.0211,1,54
9057,57,2032,AGRI,40,0.0133,1,39
9057,57,2032,CONS,346,0.016,6,340
9057,57,2032,FOOD,86,0.0106,1,85
9057,57,2032,GVED,764,0.026,20,744
9057,57,2032,HLTH,512,0.0196,10,502
9057,57,2032,MANU,111,0.0175,2,109
9057,57,2032,MING,4,0.0016,0,4
9057,57,2032,OFFI,317,0.0539,17,300
9057,57,2032,OTHR,1147,0.0421,48,1099
9057,57,2032,RETL,146,0.0183,3,143
9057,57,2032,WSLE,55,0.0214,1,54
9057,57,2033,AGRI,40,0.0135,1,39
9057,57,2033,CONS,353,0.0162,6,347
9057,57,2033,FOOD,76,0.0107,1,75
9057,57,2033,GVED,771,0.0263,20,751
9057,57,2033,HLTH,523,0.0198,10,513
9057,57,2033,MANU,112,0.0177,2,110
9057,57,2033,MING,4,0.0017,0,4
9057,57,2033,OFFI,320,0.0545,17,303
9057,57,2033,OTHR,1170,0.0425,50,1120
9057,57,2033,RETL,130,0.0185,2,128
9057,57,2033,WSLE,55,0.0217,1,54
9057,57,2034,AGRI,40,0.0137,1,39
9057,57,2034,CONS,359,0.0164,6,353
9057,57,2034,FOOD,79,0.0109,1,78
9057,57,2034,GVED,771,0.0266,21,750
9057,57,2034,HLTH,530,0.02,11,519
9057,57,2034,MANU,113,0.0179,2,111
9057,57,2034,MING,4,0.0017,0,4
9057,57,2034,OFFI,336,0.0552,19,317
9057,57,2034,OTHR,1192,0.0429,51,1141
9057,57,2034,RETL,132,0.0188,2,130
9057,57,2034,WSLE,55,0.022,1,54
9057,57,2035,AGRI,40,0.0138,1,39
9057,57,2035,CONS,359,0.0165,6,353
9057,57,2035,FOOD,75,0.011,1,74
9057,57,2035,GVED,769,0.0269,21,748
9057,57,2035,HLTH,530,0.0202,11,519
9057,57,2035,MANU,113,0.0181,2,111
9057,57,2035,MING,4,0.0017,0,4
9057,57,2035,OFFI,339,0.0557,19,320
9057,57,2035,OTHR,1169,0.0436,51,1118
9057,57,2035,RETL,131,0.0189,2,129
9057,57,2035,WSLE,54,0.0222,1,53
9057,57,2036,AGRI,40,0.014,1,39
9057,57,2036,CONS,366,0.0167,6,360
9057,57,2036,FOOD,66,0.0111,1,65
9057,57,2036,GVED,780,0.0272,21,759
9057,57,2036,HLTH,542,0.0204,11,531
9057,57,2036,MANU,115,0.0183,2,113
9057,57,2036,MING,4,0.0017,0,4
9057,57,2036,OFFI,344,0.0563,19,325
9057,57,2036,OTHR,1192,0.0442,53,1139
9057,57,2036,RETL,115,0.0191,2,113
9057,57,2036,WSLE,54,0.0225,1,53
9057,57,2037,AGRI,40,0.0141,1,39
9057,57,2037,CONS,364,0.0169,6,358
9057,57,2037,FOOD,66,0.0112,1,65
9057,57,2037,GVED,777,0.0275,21,756
9057,57,2037,HLTH,544,0.0206,11,533
9057,57,2037,MANU,116,0.0184,2,114
9057,57,2037,MING,4,0.0017,0,4
9057,57,2037,OFFI,359,0.0569,20,339
9057,57,2037,OTHR,1195,0.0447,53,1142
9057,57,2037,RETL,116,0.0193,2,114
9057,57,2037,WSLE,54,0.0228,1,53
9057,57,2038,AGRI,40,0.0143,1,39
9057,57,2038,CONS,368,0.0171,6,362
9057,57,2038,FOOD,57,0.0113,1,56
9057,57,2038,GVED,787,0.0278,22,765
9057,57,2038,HLTH,556,0.0208,12,544
9057,57,2038,MANU,118,0.0186,2,116
9057,57,2038,MING,4,0.0018,0,4
9057,57,2038,OFFI,363,0.0575,21,342
9057,57,2038,OTHR,1222,0.0451,55,1167
9057,57,2038,RETL,100,0.0195,2,98
9057,57,2038,WSLE,54,0.0231,1,53
9057,57,2039,AGRI,40,0.0144,1,39
9057,57,2039,CONS,369,0.0172,6,363
9057,57,2039,FOOD,57,0.0114,1,56
9057,57,2039,GVED,793,0.0281,22,771
9057,57,2039,HLTH,563,0.0211,12,551
9057,57,2039,MANU,119,0.0188,2,117
9057,57,2039,MING,4,0.0018,0,4
9057,57,2039,OFFI,367,0.0581,21,346
9057,57,2039,OTHR,1239,0.0456,56,1183
9057,57,2039,RETL,101,0.0197,2,99
9057,57,2039,WSLE,54,0.0233,1,53
9057,57,2040,AGRI,42,0.0146,1,41
9057,57,2040,CONS,390,0.0174,7,383
9057,57,2040,FOOD,57,0.0115,1,56
9057,57,2040,GVED,846,0.0284,24,822
9057,57,2040,HLTH,604,0.0213,13,591
9057,57,2040,MANU,120,0.019,2,118
9057,57,2040,MING,5,0.0018,0,5
9057,57,2040,OFFI,382,0.0587,22,360
9057,57,2040,OTHR,1326,0.0461,61,1265
9057,57,2040,RETL,102,0.0199,2,100
9057,57,2040,WSLE,54,0.0236,1,53
9057,57,2041,AGRI,42,0.0148,1,41
9057,57,2041,CONS,389,0.0176,7,382
9057,57,2041,FOOD,48,0.0117,1,47
9057,57,2041,GVED,848,0.0287,24,824
9057,57,2041,HLTH,611,0.0215,13,598
9057,57,2041,MANU,146,0.0192,3,143
9057,57,2041,MING,5,0.0018,0,5
9057,57,2041,OFFI,385,0.0593,23,362
9057,57,2041,OTHR,1341,0.0465,62,1279
9057,57,2041,RETL,86,0.0201,2,84
9057,57,2041,WSLE,65,0.0239,2,63
9057,57,2042,AGRI,42,0.0149,1,41
9057,57,2042,CONS,388,0.0178,7,381
9057,57,2042,FOOD,48,0.0118,1,47
9057,57,2042,GVED,850,0.029,25,825
9057,57,2042,HLTH,617,0.0217,13,604
9057,57,2042,MANU,147,0.0194,3,144
9057,57,2042,MING,5,0.0018,0,5
9057,57,2042,OFFI,390,0.0599,23,367
9057,57,2042,OTHR,1352,0.047,64,1288
9057,57,2042,RETL,86,0.0203,2,84
9057,57,2042,WSLE,65,0.0242,2,63
9057,57,2043,AGRI,42,0.0151,1,41
9057,57,2043,CONS,392,0.0179,7,385
9057,57,2043,FOOD,38,0.0119,0,38
9057,57,2043,GVED,865,0.0293,25,840
9057,57,2043,HLTH,630,0.0219,14,616
9057,57,2043,MANU,148,0.0196,3,145
9057,57,2043,MING,5,0.0018,0,5
9057,57,2043,OFFI,395,0.0605,24,371
9057,57,2043,OTHR,1381,0.0475,66,1315
9057,57,2043,RETL,70,0.0205,1,69
9057,57,2043,WSLE,65,0.0244,2,63
9057,57,2044,AGRI,41,0.0152,1,40
9057,57,2044,CONS,389,0.0181,7,382
9057,57,2044,FOOD,39,0.012,0,39
9057,57,2044,GVED,865,0.0296,26,839
9057,57,2044,HLTH,633,0.0221,14,619
9057,57,2044,MANU,149,0.0198,3,146
9057,57,2044,MING,5,0.0019,0,5
9057,57,2044,OFFI,412,0.061,25,387
9057,57,2044,OTHR,1386,0.0479,66,1320
9057,57,2044,RETL,70,0.0207,1,69
9057,57,2044,WSLE,65,0.0247,2,63
9057,57,2045,AGRI,41,0.0154,1,40
9057,57,2045,CONS,391,0.0183,7,384
9057,57,2045,FOOD,39,0.0121,0,39
9057,57,2045,GVED,871,0.0299,26,845
9057,57,2045,HLTH,640,0.0224,14,626
9057,57,2045,MANU,150,0.02,3,147
9057,57,2045,MING,5,0.0019,0,5
9057,57,2045,OFFI,417,0.0617,26,391
9057,57,2045,OTHR,1400,0.0484,68,1332
9057,57,2045,RETL,71,0.0209,1,70
9057,57,2045,WSLE,66,0.025,2,64
9057,57,2046,AGRI,41,0.0156,1,40
9057,57,2046,CONS,398,0.0185,7,391
9057,57,2046,FOOD,29,0.0122,0,29
9057,57,2046,GVED,884,0.0302,27,857
9057,57,2046,HLTH,653,0.0226,15,638
9057,57,2046,MANU,152,0.0202,3,149
9057,57,2046,MING,5,0.0019,0,5
9057,57,2046,OFFI,423,0.0623,26,397
9057,57,2046,OTHR,1424,0.0489,70,1354
9057,57,2046,RETL,54,0.0212,1,53
9057,57,2046,WSLE,66,0.0253,2,64
9057,57,2047,AGRI,41,0.0157,1,40
9057,57,2047,CONS,403,0.0187,8,395
9057,57,2047,FOOD,29,0.0124,0,29
9057,57,2047,GVED,888,0.0305,27,861
9057,57,2047,HLTH,658,0.0228,15,643
9057,57,2047,MANU,153,0.0204,3,150
9057,57,2047,MING,5,0.0019,0,5
9057,57,2047,OFFI,443,0.0629,28,415
9057,57,2047,OTHR,1430,0.0494,71,1359
9057,57,2047,RETL,54,0.0214,1,53
9057,57,2047,WSLE,66,0.0255,2,64
9057,57,2048,AGRI,41,0.0159,1,40
9057,57,2048,CONS,409,0.0189,8,401
9057,57,2048,FOOD,29,0.0125,0,29
9057,57,2048,GVED,892,0.0309,28,864
9057,57,2048,HLTH,664,0.0231,15,649
9057,57,2048,MANU,154,0.0206,3,151
9057,57,2048,MING,5,0.0019,0,5
9057,57,2048,OFFI,450,0.0635,29,421
9057,57,2048,OTHR,1436,0.0499,72,1364
9057,57,2048,RETL,55,0.0216,1,54
9057,57,2048,WSLE,66,0.0258,2,64
9057,57,2049,AGRI,41,0.0161,1,40
9057,57,2049,CONS,421,0.0191,8,413
9057,57,2049,FOOD,20,0.0126,0,20
9057,57,2049,GVED,905,0.0312,28,877
9057,57,2049,HLTH,676,0.0233,16,660
9057,57,2049,MANU,156,0.0208,3,153
9057,57,2049,MING,5,0.002,0,5
9057,57,2049,OFFI,458,0.0642,29,429
9057,57,2049,OTHR,1456,0.0504,73,1383
9057,57,2049,RETL,37,0.0218,1,36
9057,57,2049,WSLE,66,0.0261,2,64
9057,57,2050,AGRI,41,0.0163,1,40
9057,57,2050,CONS,431,0.0193,8,423
9057,57,2050,FOOD,20,0.0128,0,20
9057,57,2050,GVED,915,0.0315,29,886
9057,57,2050,HLTH,683,0.0235,16,667
9057,57,2050,MANU,157,0.021,3,154
9057,57,2050,MING,5,0.002,0,5
9057,57,2050,OFFI,465,0.0649,30,435
9057,57,2050,OTHR,1467,0.0509,75,1392
9057,57,2050,RETL,37,0.022,1,36
9057,57,2050,WSLE,67,0.0264,2,65
9057,57,2051,AGRI,43,0.0165,1,42
9057,57,2051,CONS,464,0.0195,9,455
9057,57,2051,FOOD,20,0.0129,0,20
9057,57,2051,GVED,967,0.0318,31,936
9057,57,2051,HLTH,727,0.0238,17,710
9057,57,2051,MANU,159,0.0213,3,156
9057,57,2051,MING,5,0.002,0,5
9057,57,2051,OFFI,485,0.0656,32,453
9057,57,2051,OTHR,1554,0.0515,80,1474
9057,57,2051,RETL,38,0.0223,1,37
9057,57,2051,WSLE,67,0.0267,2,65
9057,57,2052,AGRI,43,0.0167,1,42
9057,57,2052,CONS,478,0.0197,9,469
9057,57,2052,FOOD,10,0.013,0,10
9057,57,2052,GVED,980,0.0322,32,948
9057,57,2052,HLTH,739,0.024,18,721
9057,57,2052,MANU,160,0.0215,3,157
9057,57,2052,MING,5,0.002,0,5
9057,57,2052,OFFI,490,0.0662,32,458
9057,57,2052,OTHR,1575,0.052,82,1493
9057,57,2052,RETL,19,0.0225,0,19
9057,57,2052,WSLE,67,0.027,2,65
9057,57,2053,AGRI,43,0.0169,1,42
9057,57,2053,CONS,489,0.0199,10,479
9057,57,2053,FOOD,10,0.0132,0,10
9057,57,2053,GVED,988,0.0325,32,956
9057,57,2053,HLTH,745,0.0243,18,727
9057,57,2053,MANU,161,0.0217,3,158
9057,57,2053,MING,5,0.002,0,5
9057,57,2053,OFFI,494,0.0669,33,461
9057,57,2053,OTHR,1585,0.0525,83,1502
9057,57,2053,RETL,19,0.0227,0,19
9057,57,2053,WSLE,67,0.0274,2,65
9057,57,2054,AGRI,42,0.0171,1,41
9057,57,2054,CONS,500,0.0201,10,490
9057,57,2054,FOOD,10,0.0133,0,10
9057,57,2054,GVED,995,0.0328,33,962
9057,57,2054,HLTH,752,0.0245,18,734
9057,57,2054,MANU,162,0.0219,4,158
9057,57,2054,MING,6,0.0021,0,6
9057,57,2054,OFFI,497,0.0676,34,463
9057,57,2054,OTHR,1594,0.0531,85,1509
9057,57,2054,RETL,19,0.023,0,19
9057,57,2054,WSLE,67,0.0277,2,65
9057,57,2055,AGRI,42,0.0173,1,41
9057,57,2055,CONS,509,0.0203,10,499
9057,57,2055,FOOD,10,0.0134,0,10
9057,57,2055,GVED,998,0.0332,33,965
9057,57,2055,HLTH,755,0.0248,19,736
9057,57,2055,MANU,163,0.0222,4,159
9057,57,2055,MING,6,0.0021,0,6
9057,57,2055,OFFI,500,0.0683,34,466
9057,57,2055,OTHR,1598,0.0536,86,1512
9057,57,2055,RETL,19,0.0232,0,19
9057,57,2055,WSLE,67,0.028,2,65
9057,57,2056,AGRI,42,0.0175,1,41
9057,57,2056,CONS,516,0.0205,11,505
9057,57,2056,FOOD,10,0.0136,0,10
9057,57,2056,GVED,1002,0.0335,34,968
9057,57,2056,HLTH,760,0.025,19,741
9057,57,2056,MANU,164,0.0224,4,160
9057,57,2056,MING,5,0.0021,0,5
9057,57,2056,OFFI,517,0.069,36,481
9057,57,2056,OTHR,1603,0.0541,87,1516
9057,57,2056,RETL,20,0.0234,0,20
9057,57,2056,WSLE,67,0.0283,2,65
9057,57,2057,AGRI,42,0.0176,1,41
9057,57,2057,CONS,521,0.0207,11,510
9057,57,2057,FOOD,10,0.0137,0,10
9057,57,2057,GVED,1008,0.0338,34,974
9057,57,2057,HLTH,766,0.0253,19,747
9057,57,2057,MANU,164,0.0226,4,160
9057,57,2057,MING,5,0.0021,0,5
9057,57,2057,OFFI,521,0.0696,36,485
9057,57,2057,OTHR,1613,0.0546,88,1525
9057,57,2057,RETL,20,0.0237,0,20
9057,57,2057,WSLE,68,0.0286,2,66
9057,57,2058,AGRI,41,0.0178,1,40
9057,57,2058,CONS,524,0.0209,11,513
9057,57,2058,FOOD,10,0.0138,0,10
9057,57,2058,GVED,1011,0.0342,35,976
9057,57,2058,HLTH,771,0.0255,20,751
9057,57,2058,MANU,165,0.0228,4,161
9057,57,2058,MING,5,0.0021,0,5
9057,57,2058,OFFI,524,0.0703,37,487
9057,57,2058,OTHR,1616,0.0551,89,1527
9057,57,2058,RETL,20,0.0239,0,20
9057,57,2058,WSLE,68,0.0289,2,66
9057,57,2059,AGRI,41,0.018,1,40
9057,57,2059,CONS,528,0.0211,11,517
9057,57,2059,FOOD,10,0.014,0,10
9057,57,2059,GVED,1016,0.0345,35,981
9057,57,2059,HLTH,777,0.0257,20,757
9057,57,2059,MANU,166,0.023,4,162
9057,57,2059,MING,5,0.0022,0,5
9057,57,2059,OFFI,528,0.071,37,491
9057,57,2059,OTHR,1624,0.0556,90,1534
9057,57,2059,RETL,20,0.0241,0,20
9057,57,2059,WSLE,68,0.0292,2,66
9057,57,2060,AGRI,41,0.0182,1,40
9057,57,2060,CONS,531,0.0213,11,520
9057,57,2060,FOOD,10,0.0141,0,10
9057,57,2060,GVED,1026,0.0348,36,990
9057,57,2060,HLTH,784,0.026,20,764
9057,57,2060,MANU,167,0.0232,4,163
9057,57,2060,MING,5,0.0022,0,5
9057,57,2060,OFFI,531,0.0716,38,493
9057,57,2060,OTHR,1631,0.0561,91,1540
9057,57,2060,RETL,20,0.0243,0,20
9057,57,2060,WSLE,68,0.0295,2,66
9057,57,2061,AGRI,40,0.0184,1,39
9057,57,2061,CONS,532,0.0215,11,521
9057,57,2061,FOOD,10,0.0142,0,10
9057,57,2061,GVED,1023,0.0351,36,987
9057,57,2061,HLTH,787,0.0262,21,766
9057,57,2061,MANU,167,0.0234,4,163
9057,57,2061,MING,5,0.0022,0,5
9057,57,2061,OFFI,549,0.0723,40,509
9057,57,2061,OTHR,1633,0.0566,92,1541
9057,57,2061,RETL,20,0.0246,0,20
9057,57,2061,WSLE,68,0.0298,2,66
9057,57,2062,AGRI,40,0.0186,1,39
9057,57,2062,CONS,532,0.0216,11,521
9057,57,2062,FOOD,10,0.0143,0,10
9057,57,2062,GVED,1024,0.0355,36,988
9057,57,2062,HLTH,791,0.0265,21,770
9057,57,2062,MANU,168,0.0236,4,164
9057,57,2062,MING,5,0.0022,0,5
9057,57,2062,OFFI,552,0.0729,40,512
9057,57,2062,OTHR,1636,0.0571,93,1543
9057,57,2062,RETL,20,0.0248,0,20
9057,57,2062,WSLE,68,0.0301,2,66
9057,57,2063,AGRI,40,0.0188,1,39
9057,57,2063,CONS,534,0.0218,12,522
9057,57,2063,FOOD,10,0.0145,0,10
9057,57,2063,GVED,1029,0.0358,37,992
9057,57,2063,HLTH,797,0.0267,21,776
9057,57,2063,MANU,169,0.0239,4,165
9057,57,2063,MING,5,0.0022,0,5
9057,57,2063,OFFI,555,0.0736,41,514
9057,57,2063,OTHR,1644,0.0576,95,1549
9057,57,2063,RETL,20,0.025,0,20
9057,57,2063,WSLE,68,0.0304,2,66
9057,57,2064,AGRI,40,0.019,1,39
9057,57,2064,CONS,536,0.022,12,524
9057,57,2064,FOOD,10,0.0146,0,10
9057,57,2064,GVED,1033,0.0361,37,996
9057,57,2064,HLTH,803,0.0269,22,781
9057,57,2064,MANU,170,0.0241,4,166
9057,57,2064,MING,5,0.0023,0,5
9057,57,2064,OFFI,558,0.0742,41,517
9057,57,2064,OTHR,1652,0.0581,96,1556
9057,57,2064,RETL,20,0.0252,1,19
9057,57,2064,WSLE,69,0.0306,2,67
9057,57,2065,AGRI,39,0.0191,1,38
9057,57,2065,CONS,538,0.0222,12,526
9057,57,2065,FOOD,10,0.0147,0,10
9057,57,2065,GVED,1038,0.0364,38,1000
9057,57,2065,HLTH,809,0.0272,22,787
9057,57,2065,MANU,171,0.0243,4,167
9057,57,2065,MING,5,0.0023,0,5
9057,57,2065,OFFI,561,0.0749,42,519
9057,57,2065,OTHR,1661,0.0586,97,1564
9057,57,2065,RETL,20,0.0254,1,19
9057,57,2065,WSLE,69,0.0309,2,67
9103,3,2023,AGRI,1001,0.0216,22,979
9103,3,2023,CONS,1624,0.0221,36,1588
9103,3,2023,FOOD,1322,0.0146,19,1303
9103,3,2023,GVED,2237,0.0348,78,2159
9103,3,2023,HLTH,1270,0.027,34,1236
9103,3,2023,MANU,3028,0.0241,73,2955
9103,3,2023,MING,52,0.0023,0,52
9103,3,2023,OFFI,974,0.0744,72,902
9103,3,2023,OTHR,3733,0.0588,220,3513
9103,3,2023,RETL,2023,0.0253,51,1972
9103,3,2023,WSLE,1194,0.0265,32,1162
9103,3,2024,AGRI,994,0.0214,21,973
9103,3,2024,CONS,1896,0.0219,42,1854
9103,3,2024,FOOD,1222,0.0145,18,1204
9103,3,2024,GVED,2379,0.0345,82,2297
9103,3,2024,HLTH,1327,0.0268,36,1291
9103,3,2024,MANU,2821,0.0239,67,2754
9103,3,2024,MING,57,0.0022,0,57
9103,3,2024,OFFI,1017,0.0737,75,942
9103,3,2024,OTHR,3485,0.0574,200,3285
9103,3,2024,RETL,2050,0.0251,51,1999
9103,3,2024,WSLE,1214,0.0261,32,1182
9103,3,2025,AGRI,996,0.0229,23,973
9103,3,2025,CONS,1943,0.0235,46,1897
9103,3,2025,FOOD,1226,0.0155,19,1207
9103,3,2025,GVED,2429,0.037,90,2339
9103,3,2025,HLTH,1384,0.0287,40,1344
9103,3,2025,MANU,2871,0.0256,73,2798
9103,3,2025,MING,58,0.0024,0,58
9103,3,2025,OFFI,1029,0.079,81,948
9103,3,2025,OTHR,3552,0.0615,218,3334
9103,3,2025,RETL,2064,0.0268,55,2009
9103,3,2025,WSLE,1263,0.0279,35,1228
9103,3,2026,AGRI,995,0.0231,23,972
9103,3,2026,CONS,1981,0.0237,47,1934
9103,3,2026,FOOD,1241,0.0157,19,1222
9103,3,2026,GVED,2444,0.0373,91,2353
9103,3,2026,HLTH,1421,0.0289,41,1380
9103,3,2026,MANU,2902,0.0258,75,2827
9103,3,2026,MING,59,0.0024,0,59
9103,3,2026,OFFI,1019,0.0796,81,938
9103,3,2026,OTHR,3583,0.062,222,3361
9103,3,2026,RETL,2066,0.0271,56,2010
9103,3,2026,WSLE,1299,0.028,36,1263
9103,3,2027,AGRI,994,0.0234,23,971
9103,3,2027,CONS,2033,0.0239,49,1984
9103,3,2027,FOOD,1246,0.0158,20,1226
9103,3,2027,GVED,2478,0.0377,93,2385
9103,3,2027,HLTH,1460,0.0292,43,1417
9103,3,2027,MANU,2925,0.0261,76,2849
9103,3,2027,MING,61,0.0025,0,61
9103,3,2027,OFFI,1011,0.0804,81,930
9103,3,2027,OTHR,3635,0.0623,226,3409
9103,3,2027,RETL,2088,0.0273,57,2031
9103,3,2027,WSLE,1333,0.0283,38,1295
9103,3,2028,AGRI,992,0.0236,23,969
9103,3,2028,CONS,2096,0.0241,51,2045
9103,3,2028,FOOD,1253,0.016,20,1233
9103,3,2028,GVED,2506,0.0381,95,2411
9103,3,2028,HLTH,1489,0.0295,44,1445
9103,3,2028,MANU,2949,0.0263,78,2871
9103,3,2028,MING,59,0.0025,0,59
9103,3,2028,OFFI,1011,0.0812,82,929
9103,3,2028,OTHR,3695,0.0626,231,3464
9103,3,2028,RETL,2104,0.0276,58,2046
9103,3,2028,WSLE,1359,0.0285,39,1320
9103,3,2029,AGRI,986,0.0238,23,963
9103,3,2029,CONS,2153,0.0243,52,2101
9103,3,2029,FOOD,1255,0.0161,20,1235
9103,3,2029,GVED,2526,0.0385,97,2429
9103,3,2029,HLTH,1511,0.0297,45,1466
9103,3,2029,MANU,2992,0.0266,80,2912
9103,3,2029,MING,56,0.0025,0,56
9103,3,2029,OFFI,1017,0.082,83,934
9103,3,2029,OTHR,3750,0.0631,237,3513
9103,3,2029,RETL,2124,0.0279,59,2065
9103,3,2029,WSLE,1385,0.0287,40,1345
9103,3,2030,AGRI,984,0.024,24,960
9103,3,2030,CONS,2199,0.0246,54,2145
9103,3,2030,FOOD,1251,0.0163,20,1231
9103,3,2030,GVED,2550,0.0389,99,2451
9103,3,2030,HLTH,1541,0.03,46,1495
9103,3,2030,MANU,3054,0.0268,82,2972
9103,3,2030,MING,55,0.0025,0,55
9103,3,2030,OFFI,1025,0.0827,85,940
9103,3,2030,OTHR,3807,0.0637,243,3564
9103,3,2030,RETL,2153,0.0281,60,2093
9103,3,2030,WSLE,1411,0.029,41,1370
9103,3,2031,AGRI,981,0.0242,24,957
9103,3,2031,CONS,2224,0.0249,55,2169
9103,3,2031,FOOD,1241,0.0165,20,1221
9103,3,2031,GVED,2557,0.0393,100,2457
9103,3,2031,HLTH,1565,0.0304,48,1517
9103,3,2031,MANU,3107,0.0271,84,3023
9103,3,2031,MING,55,0.0026,0,55
9103,3,2031,OFFI,1030,0.0837,86,944
9103,3,2031,OTHR,3846,0.0644,248,3598
9103,3,2031,RETL,2186,0.0284,62,2124
9103,3,2031,WSLE,1434,0.0293,42,1392
9103,3,2032,AGRI,981,0.0245,24,957
9103,3,2032,CONS,2255,0.0251,57,2198
9103,3,2032,FOOD,1233,0.0166,20,1213
9103,3,2032,GVED,2577,0.0398,103,2474
9103,3,2032,HLTH,1592,0.0307,49,1543
9103,3,2032,MANU,3156,0.0274,86,3070
9103,3,2032,MING,59,0.0026,0,59
9103,3,2032,OFFI,1034,0.0846,87,947
9103,3,2032,OTHR,3903,0.0651,254,3649
9103,3,2032,RETL,2209,0.0288,64,2145
9103,3,2032,WSLE,1454,0.0296,43,1411
9103,3,2033,AGRI,982,0.0247,24,958
9103,3,2033,CONS,2280,0.0254,58,2222
9103,3,2033,FOOD,1234,0.0168,21,1213
9103,3,2033,GVED,2583,0.0403,104,2479
9103,3,2033,HLTH,1611,0.031,50,1561
9103,3,2033,MANU,3196,0.0277,89,3107
9103,3,2033,MING,62,0.0026,0,62
9103,3,2033,OFFI,1045,0.0855,89,956
9103,3,2033,OTHR,3948,0.0658,260,3688
9103,3,2033,RETL,2227,0.0291,65,2162
9103,3,2033,WSLE,1473,0.0299,44,1429
9103,3,2034,AGRI,981,0.025,25,956
9103,3,2034,CONS,2309,0.0256,59,2250
9103,3,2034,FOOD,1279,0.017,22,1257
9103,3,2034,GVED,2598,0.0408,106,2492
9103,3,2034,HLTH,1633,0.0313,51,1582
9103,3,2034,MANU,3216,0.028,90,3126
9103,3,2034,MING,65,0.0026,0,65
9103,3,2034,OFFI,1060,0.0864,92,968
9103,3,2034,OTHR,4043,0.0663,268,3775
9103,3,2034,RETL,2252,0.0294,66,2186
9103,3,2034,WSLE,1462,0.0302,44,1418
9103,3,2035,AGRI,984,0.0252,25,959
9103,3,2035,CONS,2327,0.0259,60,2267
9103,3,2035,FOOD,1229,0.0172,21,1208
9103,3,2035,GVED,2607,0.0413,108,2499
9103,3,2035,HLTH,1641,0.0317,52,1589
9103,3,2035,MANU,3238,0.0283,92,3146
9103,3,2035,MING,66,0.0027,0,66
9103,3,2035,OFFI,1072,0.0873,94,978
9103,3,2035,OTHR,3976,0.0674,268,3708
9103,3,2035,RETL,2248,0.0297,67,2181
9103,3,2035,WSLE,1436,0.0306,44,1392
9103,3,2036,AGRI,989,0.0254,25,964
9103,3,2036,CONS,2351,0.0262,62,2289
9103,3,2036,FOOD,1235,0.0173,21,1214
9103,3,2036,GVED,2630,0.0417,110,2520
9103,3,2036,HLTH,1660,0.032,53,1607
9103,3,2036,MANU,3277,0.0286,94,3183
9103,3,2036,MING,66,0.0027,0,66
9103,3,2036,OFFI,1083,0.0881,95,988
9103,3,2036,OTHR,4022,0.0681,274,3748
9103,3,2036,RETL,2259,0.03,68,2191
9103,3,2036,WSLE,1416,0.031,44,1372
9103,3,2037,AGRI,991,0.0257,25,966
9103,3,2037,CONS,2356,0.0264,62,2294
9103,3,2037,FOOD,1244,0.0175,22,1222
9103,3,2037,GVED,2647,0.0422,112,2535
9103,3,2037,HLTH,1676,0.0323,54,1622
9103,3,2037,MANU,3316,0.0289,96,3220
9103,3,2037,MING,65,0.0027,0,65
9103,3,2037,OFFI,1094,0.089,97,997
9103,3,2037,OTHR,4066,0.0687,279,3787
9103,3,2037,RETL,2276,0.0303,69,2207
9103,3,2037,WSLE,1401,0.0313,44,1357
9103,3,2038,AGRI,992,0.0259,26,966
9103,3,2038,CONS,2358,0.0267,63,2295
9103,3,2038,FOOD,1249,0.0177,22,1227
9103,3,2038,GVED,2667,0.0426,114,2553
9103,3,2038,HLTH,1696,0.0326,55,1641
9103,3,2038,MANU,3352,0.0291,98,3254
9103,3,2038,MING,66,0.0027,0,66
9103,3,2038,OFFI,1104,0.0898,99,1005
9103,3,2038,OTHR,4125,0.0694,286,3839
9103,3,2038,RETL,2298,0.0305,70,2228
9103,3,2038,WSLE,1392,0.0317,44,1348
9103,3,2039,AGRI,993,0.0261,26,967
9103,3,2039,CONS,2360,0.0269,63,2297
9103,3,2039,FOOD,1255,0.0178,22,1233
9103,3,2039,GVED,2691,0.043,116,2575
9103,3,2039,HLTH,1715,0.0329,56,1659
9103,3,2039,MANU,3384,0.0294,99,3285
9103,3,2039,MING,66,0.0028,0,66
9103,3,2039,OFFI,1114,0.0906,101,1013
9103,3,2039,OTHR,4184,0.07,293,3891
9103,3,2039,RETL,2322,0.0308,72,2250
9103,3,2039,WSLE,1384,0.0321,44,1340
9103,3,2040,AGRI,994,0.0263,26,968
9103,3,2040,CONS,2359,0.0272,64,2295
9103,3,2040,FOOD,1262,0.018,23,1239
9103,3,2040,GVED,2715,0.0435,118,2597
9103,3,2040,HLTH,1735,0.0332,58,1677
9103,3,2040,MANU,3413,0.0297,101,3312
9103,3,2040,MING,66,0.0028,0,66
9103,3,2040,OFFI,1124,0.0915,103,1021
9103,3,2040,OTHR,4238,0.0706,299,3939
9103,3,2040,RETL,2346,0.0311,73,2273
9103,3,2040,WSLE,1376,0.0324,45,1331
9103,3,2041,AGRI,996,0.0265,26,970
9103,3,2041,CONS,2353,0.0274,64,2289
9103,3,2041,FOOD,1267,0.0182,23,1244
9103,3,2041,GVED,2738,0.0439,120,2618
9103,3,2041,HLTH,1753,0.0335,59,1694
9103,3,2041,MANU,3439,0.03,103,3336
9103,3,2041,MING,67,0.0028,0,67
9103,3,2041,OFFI,1131,0.0923,104,1027
9103,3,2041,OTHR,4288,0.0713,306,3982
9103,3,2041,RETL,2367,0.0314,74,2293
9103,3,2041,WSLE,1369,0.0328,45,1324
9103,3,2042,AGRI,997,0.0267,27,970
9103,3,2042,CONS,2352,0.0277,65,2287
9103,3,2042,FOOD,1273,0.0183,23,1250
9103,3,2042,GVED,2759,0.0443,122,2637
9103,3,2042,HLTH,1768,0.0338,60,1708
9103,3,2042,MANU,3462,0.0302,105,3357
9103,3,2042,MING,68,0.0028,0,68
9103,3,2042,OFFI,1145,0.0932,107,1038
9103,3,2042,OTHR,4339,0.0719,312,4027
9103,3,2042,RETL,2391,0.0317,76,2315
9103,3,2042,WSLE,1365,0.0331,45,1320
9103,3,2043,AGRI,997,0.027,27,970
9103,3,2043,CONS,2351,0.0279,66,2285
9103,3,2043,FOOD,1278,0.0185,24,1254
9103,3,2043,GVED,2782,0.0447,124,2658
9103,3,2043,HLTH,1779,0.0341,61,1718
9103,3,2043,MANU,3478,0.0305,106,3372
9103,3,2043,MING,69,0.0029,0,69
9103,3,2043,OFFI,1156,0.094,109,1047
9103,3,2043,OTHR,4382,0.0725,318,4064
9103,3,2043,RETL,2414,0.032,77,2337
9103,3,2043,WSLE,1359,0.0335,46,1313
9103,3,2044,AGRI,997,0.0272,27,970
9103,3,2044,CONS,2347,0.0282,66,2281
9103,3,2044,FOOD,1280,0.0187,24,1256
9103,3,2044,GVED,2805,0.0451,127,2678
9103,3,2044,HLTH,1792,0.0344,62,1730
9103,3,2044,MANU,3494,0.0308,108,3386
9103,3,2044,MING,69,0.0029,0,69
9103,3,2044,OFFI,1169,0.0948,111,1058
9103,3,2044,OTHR,4427,0.0731,324,4103
9103,3,2044,RETL,2430,0.0322,78,2352
9103,3,2044,WSLE,1354,0.0338,46,1308
9103,3,2045,AGRI,998,0.0274,27,971
9103,3,2045,CONS,2354,0.0284,67,2287
9103,3,2045,FOOD,1283,0.0188,24,1259
9103,3,2045,GVED,2827,0.0456,129,2698
9103,3,2045,HLTH,1806,0.0347,63,1743
9103,3,2045,MANU,3517,0.031,109,3408
9103,3,2045,MING,69,0.0029,0,69
9103,3,2045,OFFI,1180,0.0956,113,1067
9103,3,2045,OTHR,4467,0.0738,330,4137
9103,3,2045,RETL,2454,0.0325,80,2374
9103,3,2045,WSLE,1350,0.0342,46,1304
9103,3,2046,AGRI,998,0.0276,28,970
9103,3,2046,CONS,2376,0.0287,68,2308
9103,3,2046,FOOD,1286,0.019,24,1262
9103,3,2046,GVED,2850,0.046,131,2719
9103,3,2046,HLTH,1818,0.035,64,1754
9103,3,2046,MANU,3541,0.0313,111,3430
9103,3,2046,MING,70,0.0029,0,70
9103,3,2046,OFFI,1198,0.0965,116,1082
9103,3,2046,OTHR,4506,0.0744,335,4171
9103,3,2046,RETL,2476,0.0328,81,2395
9103,3,2046,WSLE,1344,0.0345,46,1298
9103,3,2047,AGRI,998,0.0279,28,970
9103,3,2047,CONS,2411,0.0289,70,2341
9103,3,2047,FOOD,1287,0.0192,25,1262
9103,3,2047,GVED,2872,0.0464,133,2739
9103,3,2047,HLTH,1832,0.0353,65,1767
9103,3,2047,MANU,3564,0.0316,113,3451
9103,3,2047,MING,70,0.003,0,70
9103,3,2047,OFFI,1217,0.0974,119,1098
9103,3,2047,OTHR,4539,0.0751,341,4198
9103,3,2047,RETL,2494,0.0331,83,2411
9103,3,2047,WSLE,1339,0.0349,47,1292
9103,3,2048,AGRI,999,0.0281,28,971
9103,3,2048,CONS,2454,0.0292,72,2382
9103,3,2048,FOOD,1290,0.0193,25,1265
9103,3,2048,GVED,2892,0.0468,135,2757
9103,3,2048,HLTH,1843,0.0357,66,1777
9103,3,2048,MANU,3589,0.0319,114,3475
9103,3,2048,MING,71,0.003,0,71
9103,3,2048,OFFI,1236,0.0983,121,1115
9103,3,2048,OTHR,4567,0.0758,346,4221
9103,3,2048,RETL,2517,0.0334,84,2433
9103,3,2048,WSLE,1334,0.0353,47,1287
9103,3,2049,AGRI,999,0.0283,28,971
9103,3,2049,CONS,2507,0.0295,74,2433
9103,3,2049,FOOD,1292,0.0195,25,1267
9103,3,2049,GVED,2916,0.0473,138,2778
9103,3,2049,HLTH,1854,0.036,67,1787
9103,3,2049,MANU,3615,0.0322,116,3499
9103,3,2049,MING,73,0.003,0,73
9103,3,2049,OFFI,1257,0.0992,125,1132
9103,3,2049,OTHR,4595,0.0765,352,4243
9103,3,2049,RETL,2536,0.0337,85,2451
9103,3,2049,WSLE,1328,0.0357,47,1281
9103,3,2050,AGRI,1000,0.0286,29,971
9103,3,2050,CONS,2563,0.0298,76,2487
9103,3,2050,FOOD,1293,0.0197,25,1268
9103,3,2050,GVED,2939,0.0477,140,2799
9103,3,2050,HLTH,1865,0.0364,68,1797
9103,3,2050,MANU,3641,0.0325,118,3523
9103,3,2050,MING,74,0.0031,0,74
9103,3,2050,OFFI,1275,0.1002,128,1147
9103,3,2050,OTHR,4622,0.0772,357,4265
9103,3,2050,RETL,2554,0.0341,87,2467
9103,3,2050,WSLE,1323,0.0361,48,1275
9103,3,2051,AGRI,997,0.0288,29,968
9103,3,2051,CONS,2614,0.03,78,2536
9103,3,2051,FOOD,1295,0.0199,26,1269
9103,3,2051,GVED,2949,0.0482,142,2807
9103,3,2051,HLTH,1868,0.0367,69,1799
9103,3,2051,MANU,3669,0.0328,120,3549
9103,3,2051,MING,74,0.0031,0,74
9103,3,2051,OFFI,1290,0.1011,130,1160
9103,3,2051,OTHR,4632,0.0779,361,4271
9103,3,2051,RETL,2575,0.0344,89,2486
9103,3,2051,WSLE,1317,0.0365,48,1269
9103,3,2052,AGRI,997,0.0291,29,968
9103,3,2052,CONS,2674,0.0303,81,2593
9103,3,2052,FOOD,1295,0.0201,26,1269
9103,3,2052,GVED,2969,0.0486,144,2825
9103,3,2052,HLTH,1876,0.0371,70,1806
9103,3,2052,MANU,3694,0.0331,122,3572
9103,3,2052,MING,75,0.0031,0,75
9103,3,2052,OFFI,1302,0.1021,133,1169
9103,3,2052,OTHR,4655,0.0786,366,4289
9103,3,2052,RETL,2591,0.0347,90,2501
9103,3,2052,WSLE,1311,0.0369,48,1263
9103,3,2053,AGRI,997,0.0294,29,968
9103,3,2053,CONS,2733,0.0306,84,2649
9103,3,2053,FOOD,1294,0.0203,26,1268
9103,3,2053,GVED,2990,0.0491,147,2843
9103,3,2053,HLTH,1884,0.0374,70,1814
9103,3,2053,MANU,3714,0.0334,124,3590
9103,3,2053,MING,76,0.0031,0,76
9103,3,2053,OFFI,1310,0.1031,135,1175
9103,3,2053,OTHR,4682,0.0793,371,4311
9103,3,2053,RETL,2604,0.035,91,2513
9103,3,2053,WSLE,1306,0.0373,49,1257
9103,3,2054,AGRI,996,0.0296,29,967
9103,3,2054,CONS,2794,0.0309,86,2708
9103,3,2054,FOOD,1295,0.0205,27,1268
9103,3,2054,GVED,3009,0.0496,149,2860
9103,3,2054,HLTH,1889,0.0378,71,1818
9103,3,2054,MANU,3731,0.0338,126,3605
9103,3,2054,MING,77,0.0032,0,77
9103,3,2054,OFFI,1317,0.104,137,1180
9103,3,2054,OTHR,4702,0.0801,377,4325
9103,3,2054,RETL,2622,0.0354,93,2529
9103,3,2054,WSLE,1300,0.0377,49,1251
9103,3,2055,AGRI,992,0.0299,30,962
9103,3,2055,CONS,2848,0.0312,89,2759
9103,3,2055,FOOD,1292,0.0207,27,1265
9103,3,2055,GVED,3021,0.05,151,2870
9103,3,2055,HLTH,1888,0.0381,72,1816
9103,3,2055,MANU,3744,0.0341,128,3616
9103,3,2055,MING,77,0.0032,0,77
9103,3,2055,OFFI,1322,0.105,139,1183
9103,3,2055,OTHR,4710,0.0808,381,4329
9103,3,2055,RETL,2634,0.0357,94,2540
9103,3,2055,WSLE,1295,0.0381,49,1246
9103,3,2056,AGRI,992,0.0301,30,962
9103,3,2056,CONS,2894,0.0315,91,2803
9103,3,2056,FOOD,1289,0.0209,27,1262
9103,3,2056,GVED,3041,0.0504,153,2888
9103,3,2056,HLTH,1897,0.0385,73,1824
9103,3,2056,MANU,3753,0.0344,129,3624
9103,3,2056,MING,78,0.0032,0,78
9103,3,2056,OFFI,1327,0.106,141,1186
9103,3,2056,OTHR,4734,0.0815,386,4348
9103,3,2056,RETL,2641,0.036,95,2546
9103,3,2056,WSLE,1291,0.0385,50,1241
9103,3,2057,AGRI,992,0.0304,30,962
9103,3,2057,CONS,2927,0.0317,93,2834
9103,3,2057,FOOD,1283,0.021,27,1256
9103,3,2057,GVED,3060,0.0509,156,2904
9103,3,2057,HLTH,1905,0.0388,74,1831
9103,3,2057,MANU,3764,0.0347,131,3633
9103,3,2057,MING,77,0.0033,0,77
9103,3,2057,OFFI,1334,0.1069,143,1191
9103,3,2057,OTHR,4756,0.0822,391,4365
9103,3,2057,RETL,2645,0.0363,96,2549
9103,3,2057,WSLE,1286,0.0389,50,1236
9103,3,2058,AGRI,989,0.0306,30,959
9103,3,2058,CONS,2947,0.032,94,2853
9103,3,2058,FOOD,1278,0.0212,27,1251
9103,3,2058,GVED,3068,0.0513,157,2911
9103,3,2058,HLTH,1907,0.0391,75,1832
9103,3,2058,MANU,3777,0.035,132,3645
9103,3,2058,MING,75,0.0033,0,75
9103,3,2058,OFFI,1340,0.1078,144,1196
9103,3,2058,OTHR,4763,0.0828,394,4369
9103,3,2058,RETL,2650,0.0367,97,2553
9103,3,2058,WSLE,1282,0.0393,50,1232
9103,3,2059,AGRI,988,0.0308,30,958
9103,3,2059,CONS,2969,0.0323,96,2873
9103,3,2059,FOOD,1273,0.0214,27,1246
9103,3,2059,GVED,3084,0.0518,160,2924
9103,3,2059,HLTH,1913,0.0395,76,1837
9103,3,2059,MANU,3789,0.0353,134,3655
9103,3,2059,MING,75,0.0033,0,75
9103,3,2059,OFFI,1345,0.1087,146,1199
9103,3,2059,OTHR,4779,0.0835,399,4380
9103,3,2059,RETL,2656,0.037,98,2558
9103,3,2059,WSLE,1277,0.0397,51,1226
9103,3,2060,AGRI,987,0.0311,31,956
9103,3,2060,CONS,2993,0.0326,98,2895
9103,3,2060,FOOD,1268,0.0216,27,1241
9103,3,2060,GVED,3103,0.0522,162,2941
9103,3,2060,HLTH,1921,0.0398,76,1845
9103,3,2060,MANU,3801,0.0356,135,3666
9103,3,2060,MING,74,0.0033,0,74
9103,3,2060,OFFI,1351,0.1096,148,1203
9103,3,2060,OTHR,4801,0.0841,404,4397
9103,3,2060,RETL,2660,0.0373,99,2561
9103,3,2060,WSLE,1272,0.0401,51,1221
9103,3,2061,AGRI,983,0.0313,31,952
9103,3,2061,CONS,3008,0.0328,99,2909
9103,3,2061,FOOD,1263,0.0218,28,1235
9103,3,2061,GVED,3108,0.0527,164,2944
9103,3,2061,HLTH,1923,0.0401,77,1846
9103,3,2061,MANU,3814,0.0359,137,3677
9103,3,2061,MING,74,0.0034,0,74
9103,3,2061,OFFI,1357,0.1105,150,1207
9103,3,2061,OTHR,4807,0.0848,408,4399
9103,3,2061,RETL,2666,0.0376,100,2566
9103,3,2061,WSLE,1268,0.0404,51,1217
9103,3,2062,AGRI,983,0.0315,31,952
9103,3,2062,CONS,3033,0.0331,100,2933
9103,3,2062,FOOD,1259,0.0219,28,1231
9103,3,2062,GVED,3125,0.0531,166,2959
9103,3,2062,HLTH,1931,0.0405,78,1853
9103,3,2062,MANU,3827,0.0362,139,3688
9103,3,2062,MING,74,0.0034,0,74
9103,3,2062,OFFI,1362,0.1115,152,1210
9103,3,2062,OTHR,4831,0.0855,413,4418
9103,3,2062,RETL,2671,0.0379,101,2570
9103,3,2062,WSLE,1263,0.0408,52,1211
9103,3,2063,AGRI,982,0.0318,31,951
9103,3,2063,CONS,3056,0.0334,102,2954
9103,3,2063,FOOD,1255,0.0221,28,1227
9103,3,2063,GVED,3142,0.0536,168,2974
9103,3,2063,HLTH,1938,0.0408,79,1859
9103,3,2063,MANU,3842,0.0365,140,3702
9103,3,2063,MING,73,0.0034,0,73
9103,3,2063,OFFI,1367,0.1124,154,1213
9103,3,2063,OTHR,4855,0.0861,418,4437
9103,3,2063,RETL,2676,0.0382,102,2574
9103,3,2063,WSLE,1258,0.0412,52,1206
9103,3,2064,AGRI,979,0.032,31,948
9103,3,2064,CONS,3069,0.0337,103,2966
9103,3,2064,FOOD,1252,0.0223,28,1224
9103,3,2064,GVED,3150,0.054,170,2980
9103,3,2064,HLTH,1941,0.0411,80,1861
9103,3,2064,MANU,3857,0.0368,142,3715
9103,3,2064,MING,73,0.0035,0,73
9103,3,2064,OFFI,1372,0.1133,155,1217
9103,3,2064,OTHR,4864,0.0868,422,4442
9103,3,2064,RETL,2682,0.0385,103,2579
9103,3,2064,WSLE,1254,0.0416,52,1202
9103,3,2065,AGRI,979,0.0322,32,947
9103,3,2065,CONS,3090,0.0339,105,2985
9103,3,2065,FOOD,1248,0.0225,28,1220
9103,3,2065,GVED,3167,0.0545,173,2994
9103,3,2065,HLTH,1948,0.0415,81,1867
9103,3,2065,MANU,3873,0.0371,144,3729
9103,3,2065,MING,72,0.0035,0,72
9103,3,2065,OFFI,1376,0.1142,157,1219
9103,3,2065,OTHR,4889,0.0874,427,4462
9103,3,2065,RETL,2687,0.0388,104,2583
9103,3,2065,WSLE,1249,0.042,52,1197
9157,57,2023,AGRI,1576,0.011,17,1559
9157,57,2023,CONS,10767,0.0135,145,10622
9157,57,2023,FOOD,9541,0.0089,85,9456
9157,57,2023,GVED,26532,0.0217,576,25956
9157,57,2023,HLTH,15890,0.0165,262,15628
9157,57,2023,MANU,19437,0.0147,286,19151
9157,57,2023,MING,205,0.0014,0,205
9157,57,2023,OFFI,11197,0.0453,507,10690
9157,57,2023,OTHR,38333,0.036,1380,36953
9157,57,2023,RETL,15881,0.0154,245,15636
9157,57,2023,WSLE,10433,0.018,188,10245
9157,57,2024,AGRI,1574,0.011,17,1557
9157,57,2024,CONS,11383,0.0134,153,11230
9157,57,2024,FOOD,9861,0.0089,88,9773
9157,57,2024,GVED,27196,0.0217,590,26606
9157,57,2024,HLTH,15988,0.0164,262,15726
9157,57,2024,MANU,20524,0.0147,302,20222
9157,57,2024,MING,151,0.0014,0,151
9157,57,2024,OFFI,10177,0.0452,460,9717
9157,57,2024,OTHR,38785,0.0357,1385,37400
9157,57,2024,RETL,15588,0.0154,240,15348
9157,57,2024,WSLE,10639,0.0179,190,10449
9157,57,2025,AGRI,1561,0.012,19,1542
9157,57,2025,CONS,11547,0.0146,169,11378
9157,57,2025,FOOD,9846,0.0097,96,9750
9157,57,2025,GVED,27593,0.0236,651,26942
9157,57,2025,HLTH,16588,0.0178,295,16293
9157,57,2025,MANU,20785,0.0159,330,20455
9157,57,2025,MING,150,0.0015,0,150
9157,57,2025,OFFI,10280,0.0492,506,9774
9157,57,2025,OTHR,39233,0.0388,1522,37711
9157,57,2025,RETL,15610,0.0167,261,15349
9157,57,2025,WSLE,10809,0.0195,211,10598
9157,57,2026,AGRI,1556,0.0122,19,1537
9157,57,2026,CONS,11669,0.0148,173,11496
9157,57,2026,FOOD,9896,0.0098,97,9799
9157,57,2026,GVED,27747,0.024,666,27081
9157,57,2026,HLTH,17073,0.0181,309,16764
9157,57,2026,MANU,20823,0.0162,337,20486
9157,57,2026,MING,155,0.0015,0,155
9157,57,2026,OFFI,10178,0.0499,508,9670
9157,57,2026,OTHR,39642,0.0393,1558,38084
9157,57,2026,RETL,15524,0.0169,262,15262
9157,57,2026,WSLE,10853,0.0197,214,10639
9157,57,2027,AGRI,1546,0.0124,19,1527
9157,57,2027,CONS,11834,0.015,178,11656
9157,57,2027,FOOD,9897,0.01,99,9798
9157,57,2027,GVED,27898,0.0243,678,27220
9157,57,2027,HLTH,17491,0.0184,322,17169
9157,57,2027,MANU,20891,0.0164,343,20548
9157,57,2027,MING,158,0.0015,0,158
9157,57,2027,OFFI,10076,0.0507,511,9565
9157,57,2027,OTHR,40008,0.0398,1592,38416
9157,57,2027,RETL,15613,0.0172,269,15344
9157,57,2027,WSLE,10940,0.02,219,10721
9157,57,2028,AGRI,1532,0.0126,19,1513
9157,57,2028,CONS,12087,0.0153,185,11902
9157,57,2028,FOOD,9868,0.0101,100,9768
9157,57,2028,GVED,28007,0.0247,692,27315
9157,57,2028,HLTH,17787,0.0186,331,17456
9157,57,2028,MANU,20967,0.0167,350,20617
9157,57,2028,MING,151,0.0016,0,151
9157,57,2028,OFFI,10064,0.0514,517,9547
9157,57,2028,OTHR,40516,0.0401,1625,38891
9157,57,2028,RETL,15608,0.0175,273,15335
9157,57,2028,WSLE,10943,0.0203,222,10721
9157,57,2029,AGRI,1519,0.0128,19,1500
9157,57,2029,CONS,12378,0.0154,191,12187
9157,57,2029,FOOD,9818,0.0102,100,9718
9157,57,2029,GVED,28130,0.025,703,27427
9157,57,2029,HLTH,18059,0.0189,341,17718
9157,57,2029,MANU,21176,0.0169,358,20818
9157,57,2029,MING,142,0.0016,0,142
9157,57,2029,OFFI,10109,0.052,526,9583
9157,57,2029,OTHR,41118,0.0406,1669,39449
9157,57,2029,RETL,15659,0.0177,277,15382
9157,57,2029,WSLE,10962,0.0206,226,10736
9157,57,2030,AGRI,1507,0.013,20,1487
9157,57,2030,CONS,12574,0.0156,196,12378
9157,57,2030,FOOD,9726,0.0104,101,9625
9157,57,2030,GVED,28357,0.0253,717,27640
9157,57,2030,HLTH,18372,0.0191,351,18021
9157,57,2030,MANU,21475,0.0171,367,21108
9157,57,2030,MING,140,0.0016,0,140
9157,57,2030,OFFI,10162,0.0526,535,9627
9157,57,2030,OTHR,41621,0.0411,1711,39910
9157,57,2030,RETL,15792,0.0179,283,15509
9157,57,2030,WSLE,10955,0.0209,229,10726
9157,57,2031,AGRI,1496,0.0132,20,1476
9157,57,2031,CONS,12693,0.0158,201,12492
9157,57,2031,FOOD,9595,0.0105,101,9494
9157,57,2031,GVED,28261,0.0256,723,27538
9157,57,2031,HLTH,18666,0.0193,360,18306
9157,57,2031,MANU,21758,0.0173,376,21382
9157,57,2031,MING,140,0.0016,0,140
9157,57,2031,OFFI,10210,0.0533,544,9666
9157,57,2031,OTHR,42014,0.0416,1748,40266
9157,57,2031,RETL,15965,0.0181,289,15676
9157,57,2031,WSLE,10967,0.0211,231,10736
9157,57,2032,AGRI,1484,0.0133,20,1464
9157,57,2032,CONS,12809,0.016,205,12604
9157,57,2032,FOOD,9491,0.0106,101,9390
9157,57,2032,GVED,28267,0.026,735,27532
9157,57,2032,HLTH,18938,0.0196,371,18567
9157,57,2032,MANU,21999,0.0175,385,21614
9157,57,2032,MING,147,0.0016,0,147
9157,57,2032,OFFI,10254,0.0539,553,9701
9157,57,2032,OTHR,42450,0.0421,1787,40663
9157,57,2032,RETL,16075,0.0183,294,15781
9157,57,2032,WSLE,10962,0.0214,235,10727
9157,57,2033,AGRI,1483,0.0135,20,1463
9157,57,2033,CONS,12985,0.0162,210,12775
9157,57,2033,FOOD,9462,0.0107,101,9361
9157,57,2033,GVED,28318,0.0263,745,27573
9157,57,2033,HLTH,19209,0.0198,380,18829
9157,57,2033,MANU,22211,0.0177,393,21818
9157,57,2033,MING,155,0.0017,0,155
9157,57,2033,OFFI,10351,0.0545,564,9787
9157,57,2033,OTHR,42963,0.0425,1826,41137
9157,57,2033,RETL,16179,0.0185,299,15880
9157,57,2033,WSLE,10954,0.0217,238,10716
9157,57,2034,AGRI,1480,0.0137,20,1460
9157,57,2034,CONS,13224,0.0164,217,13007
9157,57,2034,FOOD,9759,0.0109,106,9653
9157,57,2034,GVED,28450,0.0266,757,27693
9157,57,2034,HLTH,19556,0.02,391,19165
9157,57,2034,MANU,22403,0.0179,401,22002
9157,57,2034,MING,162,0.0017,0,162
9157,57,2034,OFFI,10511,0.0552,580,9931
9157,57,2034,OTHR,43972,0.0429,1886,42086
9157,57,2034,RETL,16308,0.0188,307,16001
9157,57,2034,WSLE,10955,0.022,241,10714
9157,57,2035,AGRI,1474,0.0138,20,1454
9157,57,2035,CONS,13285,0.0165,219,13066
9157,57,2035,FOOD,9351,0.011,103,9248
9157,57,2035,GVED,28458,0.0269,766,27692
9157,57,2035,HLTH,19639,0.0202,397,19242
9157,57,2035,MANU,22563,0.0181,408,22155
9157,57,2035,MING,164,0.0017,0,164
9157,57,2035,OFFI,10610,0.0557,591,10019
9157,57,2035,OTHR,43294,0.0436,1888,41406
9157,57,2035,RETL,16217,0.0189,307,15910
9157,57,2035,WSLE,10803,0.0222,240,10563
9157,57,2036,AGRI,1469,0.014,21,1448
9157,57,2036,CONS,13390,0.0167,224,13166
9157,57,2036,FOOD,9377,0.0111,104,9273
9157,57,2036,GVED,28535,0.0272,776,27759
9157,57,2036,HLTH,19839,0.0204,405,19434
9157,57,2036,MANU,22869,0.0183,419,22450
9157,57,2036,MING,163,0.0017,0,163
9157,57,2036,OFFI,10747,0.0563,605,10142
9157,57,2036,OTHR,43617,0.0442,1928,41689
9157,57,2036,RETL,16290,0.0191,311,15979
9157,57,2036,WSLE,10730,0.0225,241,10489
9157,57,2037,AGRI,1466,0.0141,21,1445
9157,57,2037,CONS,13439,0.0169,227,13212
9157,57,2037,FOOD,9420,0.0112,106,9314
9157,57,2037,GVED,28665,0.0275,788,27877
9157,57,2037,HLTH,20070,0.0206,413,19657
9157,57,2037,MANU,23180,0.0184,427,22753
9157,57,2037,MING,162,0.0017,0,162
9157,57,2037,OFFI,10855,0.0569,618,10237
9157,57,2037,OTHR,44084,0.0447,1971,42113
9157,57,2037,RETL,16398,0.0193,316,16082
9157,57,2037,WSLE,10689,0.0228,244,10445
9157,57,2038,AGRI,1462,0.0143,21,1441
9157,57,2038,CONS,13462,0.0171,230,13232
9157,57,2038,FOOD,9442,0.0113,107,9335
9157,57,2038,GVED,28814,0.0278,801,28013
9157,57,2038,HLTH,20345,0.0208,423,19922
9157,57,2038,MANU,23462,0.0186,436,23026
9157,57,2038,MING,162,0.0018,0,162
9157,57,2038,OFFI,10976,0.0575,631,10345
9157,57,2038,OTHR,44711,0.0451,2016,42695
9157,57,2038,RETL,16541,0.0195,323,16218
9157,57,2038,WSLE,10699,0.0231,247,10452
9157,57,2039,AGRI,1458,0.0144,21,1437
9157,57,2039,CONS,13491,0.0172,232,13259
9157,57,2039,FOOD,9469,0.0114,108,9361
9157,57,2039,GVED,29003,0.0281,815,28188
9157,57,2039,HLTH,20619,0.0211,435,20184
9157,57,2039,MANU,23725,0.0188,446,23279
9157,57,2039,MING,162,0.0018,0,162
9157,57,2039,OFFI,11088,0.0581,644,10444
9157,57,2039,OTHR,45341,0.0456,2068,43273
9157,57,2039,RETL,16697,0.0197,329,16368
9157,57,2039,WSLE,10714,0.0233,250,10464
9157,57,2040,AGRI,1452,0.0146,21,1431
9157,57,2040,CONS,13478,0.0174,235,13243
9157,57,2040,FOOD,9489,0.0115,109,9380
9157,57,2040,GVED,29249,0.0284,831,28418
9157,57,2040,HLTH,20880,0.0213,445,20435
9157,57,2040,MANU,23973,0.019,455,23518
9157,57,2040,MING,161,0.0018,0,161
9157,57,2040,OFFI,11195,0.0587,657,10538
9157,57,2040,OTHR,45849,0.0461,2114,43735
9157,57,2040,RETL,16841,0.0199,335,16506
9157,57,2040,WSLE,10729,0.0236,253,10476
9157,57,2041,AGRI,1447,0.0148,21,1426
9157,57,2041,CONS,13453,0.0176,237,13216
9157,57,2041,FOOD,9530,0.0117,112,9418
9157,57,2041,GVED,29317,0.0287,841,28476
9157,57,2041,HLTH,21143,0.0215,455,20688
9157,57,2041,MANU,24173,0.0192,464,23709
9157,57,2041,MING,162,0.0018,0,162
9157,57,2041,OFFI,11296,0.0593,670,10626
9157,57,2041,OTHR,46379,0.0465,2157,44222
9157,57,2041,RETL,17014,0.0201,342,16672
9157,57,2041,WSLE,10741,0.0239,257,10484
9157,57,2042,AGRI,1443,0.0149,22,1421
9157,57,2042,CONS,13457,0.0178,240,13217
9157,57,2042,FOOD,9546,0.0118,113,9433
9157,57,2042,GVED,29505,0.029,856,28649
9157,57,2042,HLTH,21404,0.0217,464,20940
9157,57,2042,MANU,24384,0.0194,473,23911
9157,57,2042,MING,164,0.0018,0,164
9157,57,2042,OFFI,11443,0.0599,685,10758
9157,57,2042,OTHR,46925,0.047,2205,44720
9157,57,2042,RETL,17160,0.0203,348,16812
9157,57,2042,WSLE,10779,0.0242,261,10518
9157,57,2043,AGRI,1437,0.0151,22,1415
9157,57,2043,CONS,13462,0.0179,241,13221
9157,57,2043,FOOD,9584,0.0119,114,9470
9157,57,2043,GVED,29701,0.0293,870,28831
9157,57,2043,HLTH,21627,0.0219,474,21153
9157,57,2043,MANU,24546,0.0196,481,24065
9157,57,2043,MING,166,0.0018,0,166
9157,57,2043,OFFI,11567,0.0605,700,10867
9157,57,2043,OTHR,47411,0.0475,2252,45159
9157,57,2043,RETL,17327,0.0205,355,16972
9157,57,2043,WSLE,10812,0.0244,264,10548
9157,57,2044,AGRI,1434,0.0152,22,1412
9157,57,2044,CONS,13462,0.0181,244,13218
9157,57,2044,FOOD,9600,0.012,115,9485
9157,57,2044,GVED,29917,0.0296,886,29031
9157,57,2044,HLTH,21883,0.0221,484,21399
9157,57,2044,MANU,24711,0.0198,489,24222
9157,57,2044,MING,166,0.0019,0,166
9157,57,2044,OFFI,11696,0.061,713,10983
9157,57,2044,OTHR,47943,0.0479,2296,45647
9157,57,2044,RETL,17473,0.0207,362,17111
9157,57,2044,WSLE,10848,0.0247,268,10580
9157,57,2045,AGRI,1429,0.0154,22,1407
9157,57,2045,CONS,13521,0.0183,247,13274
9157,57,2045,FOOD,9627,0.0121,116,9511
9157,57,2045,GVED,30139,0.0299,901,29238
9157,57,2045,HLTH,22152,0.0224,496,21656
9157,57,2045,MANU,24922,0.02,498,24424
9157,57,2045,MING,165,0.0019,0,165
9157,57,2045,OFFI,11834,0.0617,730,11104
9157,57,2045,OTHR,48437,0.0484,2344,46093
9157,57,2045,RETL,17640,0.0209,369,17271
9157,57,2045,WSLE,10881,0.025,272,10609
9157,57,2046,AGRI,1422,0.0156,22,1400
9157,57,2046,CONS,13666,0.0185,253,13413
9157,57,2046,FOOD,9654,0.0122,118,9536
9157,57,2046,GVED,30361,0.0302,917,29444
9157,57,2046,HLTH,22424,0.0226,507,21917
9157,57,2046,MANU,25140,0.0202,508,24632
9157,57,2046,MING,165,0.0019,0,165
9157,57,2046,OFFI,12009,0.0623,748,11261
9157,57,2046,OTHR,48885,0.0489,2390,46495
9157,57,2046,RETL,17825,0.0212,378,17447
9157,57,2046,WSLE,10917,0.0253,276,10641
9157,57,2047,AGRI,1417,0.0157,22,1395
9157,57,2047,CONS,13873,0.0187,259,13614
9157,57,2047,FOOD,9670,0.0124,120,9550
9157,57,2047,GVED,30595,0.0305,933,29662
9157,57,2047,HLTH,22692,0.0228,517,22175
9157,57,2047,MANU,25351,0.0204,517,24834
9157,57,2047,MING,166,0.0019,0,166
9157,57,2047,OFFI,12202,0.0629,768,11434
9157,57,2047,OTHR,49289,0.0494,2435,46854
9157,57,2047,RETL,18001,0.0214,385,17616
9157,57,2047,WSLE,10947,0.0255,279,10668
9157,57,2048,AGRI,1413,0.0159,22,1391
9157,57,2048,CONS,14143,0.0189,267,13876
9157,57,2048,FOOD,9701,0.0125,121,9580
9157,57,2048,GVED,30836,0.0309,953,29883
9157,57,2048,HLTH,22954,0.0231,530,22424
9157,57,2048,MANU,25573,0.0206,527,25046
9157,57,2048,MING,168,0.0019,0,168
9157,57,2048,OFFI,12419,0.0635,789,11630
9157,57,2048,OTHR,49656,0.0499,2478,47178
9157,57,2048,RETL,18184,0.0216,393,17791
9157,57,2048,WSLE,10978,0.0258,283,10695
9157,57,2049,AGRI,1407,0.0161,23,1384
9157,57,2049,CONS,14456,0.0191,276,14180
9157,57,2049,FOOD,9744,0.0126,123,9621
9157,57,2049,GVED,31065,0.0312,969,30096
9157,57,2049,HLTH,23206,0.0233,541,22665
9157,57,2049,MANU,25801,0.0208,537,25264
9157,57,2049,MING,171,0.002,0,171
9157,57,2049,OFFI,12633,0.0642,811,11822
9157,57,2049,OTHR,50002,0.0504,2520,47482
9157,57,2049,RETL,18385,0.0218,401,17984
9157,57,2049,WSLE,11002,0.0261,287,10715
9157,57,2050,AGRI,1401,0.0163,23,1378
9157,57,2050,CONS,14793,0.0193,286,14507
9157,57,2050,FOOD,9783,0.0128,125,9658
9157,57,2050,GVED,31424,0.0315,990,30434
9157,57,2050,HLTH,23464,0.0235,551,22913
9157,57,2050,MANU,26031,0.021,547,25484
9157,57,2050,MING,173,0.002,0,173
9157,57,2050,OFFI,12830,0.0649,833,11997
9157,57,2050,OTHR,50365,0.0509,2564,47801
9157,57,2050,RETL,18578,0.022,409,18169
9157,57,2050,WSLE,11029,0.0264,291,10738
9157,57,2051,AGRI,1394,0.0165,23,1371
9157,57,2051,CONS,15110,0.0195,295,14815
9157,57,2051,FOOD,9809,0.0129,127,9682
9157,57,2051,GVED,31479,0.0318,1001,30478
9157,57,2051,HLTH,23660,0.0238,563,23097
9157,57,2051,MANU,26275,0.0213,560,25715
9157,57,2051,MING,173,0.002,0,173
9157,57,2051,OFFI,12976,0.0656,851,12125
9157,57,2051,OTHR,50598,0.0515,2606,47992
9157,57,2051,RETL,18751,0.0223,418,18333
9157,57,2051,WSLE,11046,0.0267,295,10751
9157,57,2052,AGRI,1386,0.0167,23,1363
9157,57,2052,CONS,15456,0.0197,304,15152
9157,57,2052,FOOD,9849,0.013,128,9721
9157,57,2052,GVED,31701,0.0322,1021,30680
9157,57,2052,HLTH,23885,0.024,573,23312
9157,57,2052,MANU,26499,0.0215,570,25929
9157,57,2052,MING,175,0.002,0,175
9157,57,2052,OFFI,13115,0.0662,868,12247
9157,57,2052,OTHR,50909,0.052,2647,48262
9157,57,2052,RETL,18953,0.0225,426,18527
9157,57,2052,WSLE,11066,0.027,299,10767
9157,57,2053,AGRI,1380,0.0169,23,1357
9157,57,2053,CONS,15802,0.0199,314,15488
9157,57,2053,FOOD,9880,0.0132,130,9750
9157,57,2053,GVED,31930,0.0325,1038,30892
9157,57,2053,HLTH,24100,0.0243,586,23514
9157,57,2053,MANU,26681,0.0217,579,26102
9157,57,2053,MING,177,0.002,0,177
9157,57,2053,OFFI,13216,0.0669,884,12332
9157,57,2053,OTHR,51243,0.0525,2690,48553
9157,57,2053,RETL,19118,0.0227,434,18684
9157,57,2053,WSLE,11092,0.0274,304,10788
9157,57,2054,AGRI,1374,0.0171,23,1351
9157,57,2054,CONS,16159,0.0201,325,15834
9157,57,2054,FOOD,9905,0.0133,132,9773
9157,57,2054,GVED,32162,0.0328,1055,31107
9157,57,2054,HLTH,24303,0.0245,595,23708
9157,57,2054,MANU,26846,0.0219,588,26258
9157,57,2054,MING,178,0.0021,0,178
9157,57,2054,OFFI,13316,0.0676,900,12416
9157,57,2054,OTHR,51549,0.0531,2737,48812
9157,57,2054,RETL,19283,0.023,444,18839
9157,57,2054,WSLE,11112,0.0277,308,10804
9157,57,2055,AGRI,1367,0.0173,24,1343
9157,57,2055,CONS,16525,0.0203,335,16190
9157,57,2055,FOOD,9930,0.0134,133,9797
9157,57,2055,GVED,32387,0.0332,1075,31312
9157,57,2055,HLTH,24497,0.0248,608,23889
9157,57,2055,MANU,26985,0.0222,599,26386
9157,57,2055,MING,178,0.0021,0,178
9157,57,2055,OFFI,13401,0.0683,915,12486
9157,57,2055,OTHR,51858,0.0536,2780,49078
9157,57,2055,RETL,19441,0.0232,451,18990
9157,57,2055,WSLE,11140,0.028,312,10828
9157,57,2056,AGRI,1361,0.0175,24,1337
9157,57,2056,CONS,16785,0.0205,344,16441
9157,57,2056,FOOD,9942,0.0136,135,9807
9157,57,2056,GVED,32611,0.0335,1092,31519
9157,57,2056,HLTH,24734,0.025,618,24116
9157,57,2056,MANU,27092,0.0224,607,26485
9157,57,2056,MING,177,0.0021,0,177
9157,57,2056,OFFI,13468,0.069,929,12539
9157,57,2056,OTHR,52204,0.0541,2824,49380
9157,57,2056,RETL,19561,0.0234,458,19103
9157,57,2056,WSLE,11176,0.0283,316,10860
9157,57,2057,AGRI,1354,0.0176,24,1330
9157,57,2057,CONS,16976,0.0207,351,16625
9157,57,2057,FOOD,9941,0.0137,136,9805
9157,57,2057,GVED,32820,0.0338,1109,31711
9157,57,2057,HLTH,24955,0.0253,631,24324
9157,57,2057,MANU,27221,0.0226,615,26606
9157,57,2057,MING,174,0.0021,0,174
9157,57,2057,OFFI,13556,0.0696,943,12613
9157,57,2057,OTHR,52505,0.0546,2867,49638
9157,57,2057,RETL,19663,0.0237,466,19197
9157,57,2057,WSLE,11202,0.0286,320,10882
9157,57,2058,AGRI,1348,0.0178,24,1324
9157,57,2058,CONS,17126,0.0209,358,16768
9157,57,2058,FOOD,9938,0.0138,137,9801
9157,57,2058,GVED,33021,0.0342,1129,31892
9157,57,2058,HLTH,25177,0.0255,642,24535
9157,57,2058,MANU,27353,0.0228,624,26729
9157,57,2058,MING,171,0.0021,0,171
9157,57,2058,OFFI,13646,0.0703,959,12687
9157,57,2058,OTHR,52786,0.0551,2909,49877
9157,57,2058,RETL,19757,0.0239,472,19285
9157,57,2058,WSLE,11226,0.0289,324,10902
9157,57,2059,AGRI,1339,0.018,24,1315
9157,57,2059,CONS,17247,0.0211,364,16883
9157,57,2059,FOOD,9932,0.014,139,9793
9157,57,2059,GVED,33209,0.0345,1146,32063
9157,57,2059,HLTH,25394,0.0257,653,24741
9157,57,2059,MANU,27485,0.023,632,26853
9157,57,2059,MING,168,0.0022,0,168
9157,57,2059,OFFI,13735,0.071,975,12760
9157,57,2059,OTHR,53042,0.0556,2949,50093
9157,57,2059,RETL,19845,0.0241,478,19367
9157,57,2059,WSLE,11247,0.0292,328,10919
9157,57,2060,AGRI,1331,0.0182,24,1307
9157,57,2060,CONS,17345,0.0213,369,16976
9157,57,2060,FOOD,9924,0.0141,140,9784
9157,57,2060,GVED,33507,0.0348,1166,32341
9157,57,2060,HLTH,25602,0.026,666,24936
9157,57,2060,MANU,27614,0.0232,641,26973
9157,57,2060,MING,167,0.0022,0,167
9157,57,2060,OFFI,13821,0.0716,990,12831
9157,57,2060,OTHR,53283,0.0561,2989,50294
9157,57,2060,RETL,19923,0.0243,484,19439
9157,57,2060,WSLE,11266,0.0295,332,10934
9157,57,2061,AGRI,1324,0.0184,24,1300
9157,57,2061,CONS,17426,0.0215,375,17051
9157,57,2061,FOOD,9917,0.0142,141,9776
9157,57,2061,GVED,33528,0.0351,1177,32351
9157,57,2061,HLTH,25811,0.0262,676,25135
9157,57,2061,MANU,27747,0.0234,649,27098
9157,57,2061,MING,166,0.0022,0,166
9157,57,2061,OFFI,13890,0.0723,1004,12886
9157,57,2061,OTHR,53540,0.0566,3030,50510
9157,57,2061,RETL,20003,0.0246,492,19511
9157,57,2061,WSLE,11290,0.0298,336,10954
9157,57,2062,AGRI,1317,0.0186,24,1293
9157,57,2062,CONS,17505,0.0216,378,17127
9157,57,2062,FOOD,9912,0.0143,142,9770
9157,57,2062,GVED,33686,0.0355,1196,32490
9157,57,2062,HLTH,26016,0.0265,689,25327
9157,57,2062,MANU,27888,0.0236,658,27230
9157,57,2062,MING,166,0.0022,0,166
9157,57,2062,OFFI,13972,0.0729,1019,12953
9157,57,2062,OTHR,53808,0.0571,3072,50736
9157,57,2062,RETL,20088,0.0248,498,19590
9157,57,2062,WSLE,11313,0.0301,341,10972
9157,57,2063,AGRI,1310,0.0188,25,1285
9157,57,2063,CONS,17576,0.0218,383,17193
9157,57,2063,FOOD,9907,0.0145,144,9763
9157,57,2063,GVED,33838,0.0358,1211,32627
9157,57,2063,HLTH,26218,0.0267,700,25518
9157,57,2063,MANU,28035,0.0239,670,27365
9157,57,2063,MING,165,0.0022,0,165
9157,57,2063,OFFI,14050,0.0736,1034,13016
9157,57,2063,OTHR,54081,0.0576,3115,50966
9157,57,2063,RETL,20174,0.025,504,19670
9157,57,2063,WSLE,11336,0.0304,345,10991
9157,57,2064,AGRI,1304,0.019,25,1279
9157,57,2064,CONS,17642,0.022,388,17254
9157,57,2064,FOOD,9900,0.0146,145,9755
9157,57,2064,GVED,33991,0.0361,1227,32764
9157,57,2064,HLTH,26418,0.0269,711,25707
9157,57,2064,MANU,28183,0.0241,679,27504
9157,57,2064,MING,165,0.0023,0,165
9157,57,2064,OFFI,14127,0.0742,1048,13079
9157,57,2064,OTHR,54362,0.0581,3158,51204
9157,57,2064,RETL,20264,0.0252,511,19753
9157,57,2064,WSLE,11358,0.0306,348,11010
9157,57,2065,AGRI,1297,0.0191,25,1272
9157,57,2065,CONS,17705,0.0222,393,17312
9157,57,2065,FOOD,9894,0.0147,145,9749
9157,57,2065,GVED,34143,0.0364,1243,32900
9157,57,2065,HLTH,26617,0.0272,724,25893
9157,57,2065,MANU,28335,0.0243,689,27646
9157,57,2065,MING,164,0.0023,0,164
9157,57,2065,OFFI,14202,0.0749,1064,13138
9157,57,2065,OTHR,54646,0.0586,3202,51444
9157,57,2065,RETL,20356,0.0254,517,19839
9157,57,2065,WSLE,11381,0.0309,352,11029
