"VINTAGE","GEOGRAPHY","YEAR","MONTH","HH","GQPOP","JOBS","POP_1864","POP_65P","POP_U18","RESPOP","HH_POP","JOB_HH","WRKPOP_JOB","PPH","Notes"
"DEC_CENSUS","BEAVER COUNTY",2000,4,1982,202,,,,,6005,5803,,,2.92785065590313,"These are preliminary projections. Do not share with other entities"
"DEC_CENSUS","BEAVER COUNTY",2010,4,2265,24,,,,,6629,6605,,,2.91611479028698,"Source: Kem C. Gardner Policy Institute, September 18, 2025"
"DEC_CENSUS","BEAVER COUNTY",2020,4,2276,367,,,,,7072,6705,,,2.94595782073814,"Contact Mike Hollingshaus, Senior Demographer"
"DEC_CENSUS","BOX ELDER COUNTY",2000,4,13144,371,,,,,42745,42374,,,3.22382836275107,"VINTAGE: 2021 is projections vintage 2021 (previous), 2025 is the current version you are reviewing. HIST_MAIN contains historical intercensal population and JOBS data--other data (GQ and HH related data) not included. DEC_CENSUS is for decennial censuses."
"DEC_CENSUS","BOX ELDER COUNTY",2010,4,16058,339,,,,,49975,49636,,,3.0910449620127,"GEOGRAPHY: Either STATE OF UTAH or one of the 30 counties."
"DEC_CENSUS","BOX ELDER COUNTY",2020,4,18678,358,,,,,57666,57308,,,3.06820858764322,"YEAR: Calendar year"
"DEC_CENSUS","CACHE COUNTY",2000,4,27543,2189,,,,,91391,89202,,,3.23864502777475,"MONTH: 7 (July) for estimates, or 4 (April) for censuses"
"DEC_CENSUS","CACHE COUNTY",2010,4,34722,3594,,,,,112656,109062,,,3.1410057024365,"HH: Total Households"
"DEC_CENSUS","CACHE COUNTY",2020,4,41658,4145,,,,,133154,129009,,,3.09686014691056,"GQPOP: Total Group quarters population"
"DEC_CENSUS","CARBON COUNTY",2000,4,7413,536,,,,,20422,19886,,,2.68258464859031,"RESPOP: Total population"
"DEC_CENSUS","CARBON COUNTY",2010,4,7978,544,,,,,21403,20859,,,2.61456505389822,"JOBS: Total employment"
"DEC_CENSUS","CARBON COUNTY",2020,4,7950,314,,,,,20412,20098,,,2.52805031446541,"POP_1864: Population ages 18-64"
"DEC_CENSUS","DAGGETT COUNTY",2000,4,340,78,,,,,921,843,,,2.47941176470588,"POP_65P: Population ages 65 and older"
"DEC_CENSUS","DAGGETT COUNTY",2010,4,426,63,,,,,1059,996,,,2.33802816901408,"POP_U18: Population under age 18"
"DEC_CENSUS","DAGGETT COUNTY",2020,4,392,0,,,,,935,935,,,2.38520408163265,"HH_POP: Household Population"
"DEC_CENSUS","DAVIS COUNTY",2000,4,71201,3481,,,,,238994,235513,,,3.30772039718543,"JOB_HH: jobs/household ratio"
"DEC_CENSUS","DAVIS COUNTY",2010,4,93545,3293,,,,,306479,303186,,,3.24107114223101,"WRKPOP_JOB: Ratio of population ages 18-64 to jobs/household"
"DEC_CENSUS","DAVIS COUNTY",2020,4,111552,2309,,,,,362679,360370,,,3.23051133103844,"PPH: Persons-per-househoold (average household size)."
"DEC_CENSUS","DUCHESNE COUNTY",2000,4,4559,210,,,,,14371,14161,,,3.10616363237552,""
"DEC_CENSUS","DUCHESNE COUNTY",2010,4,6003,297,,,,,18607,18310,,,3.05014159586873,""
"DEC_CENSUS","DUCHESNE COUNTY",2020,4,6511,195,,,,,19596,19401,,,2.97972661649516,""
"DEC_CENSUS","EMERY COUNTY",2000,4,3468,93,,,,,10860,10767,,,3.10467128027682,""
"DEC_CENSUS","EMERY COUNTY",2010,4,3732,43,,,,,10976,10933,,,2.92952840300107,""
"DEC_CENSUS","EMERY COUNTY",2020,4,3535,56,,,,,9825,9769,,,2.76350777934936,""
"DEC_CENSUS","GARFIELD COUNTY",2000,4,1576,128,,,,,4735,4607,,,2.92322335025381,""
"DEC_CENSUS","GARFIELD COUNTY",2010,4,1930,171,,,,,5172,5001,,,2.59119170984456,""
"DEC_CENSUS","GARFIELD COUNTY",2020,4,1881,248,,,,,5083,4835,,,2.57044125465178,""
"DEC_CENSUS","GRAND COUNTY",2000,4,3434,106,,,,,8485,8379,,,2.44001164822365,""
"DEC_CENSUS","GRAND COUNTY",2010,4,3889,143,,,,,9225,9082,,,2.33530470557984,""
"DEC_CENSUS","GRAND COUNTY",2020,4,4006,178,,,,,9669,9491,,,2.36919620569146,""
"DEC_CENSUS","IRON COUNTY",2000,4,10627,693,,,,,33779,33086,,,3.11339042062671,""
"DEC_CENSUS","IRON COUNTY",2010,4,15022,1050,,,,,46163,45113,,,3.00312874450806,""
"DEC_CENSUS","IRON COUNTY",2020,4,18731,1642,,,,,57289,55647,,,2.97085046180129,""
"DEC_CENSUS","JUAB COUNTY",2000,4,2456,101,,,,,8238,8137,,,3.31311074918567,""
"DEC_CENSUS","JUAB COUNTY",2010,4,3093,122,,,,,10246,10124,,,3.27319754283867,""
"DEC_CENSUS","JUAB COUNTY",2020,4,3529,118,,,,,11786,11668,,,3.30631907055823,""
"DEC_CENSUS","KANE COUNTY",2000,4,2237,67,,,,,6046,5979,,,2.6727760393384,""
"DEC_CENSUS","KANE COUNTY",2010,4,2900,100,,,,,7125,7025,,,2.42241379310345,""
"DEC_CENSUS","KANE COUNTY",2020,4,3081,233,,,,,7667,7434,,,2.41285296981499,""
"DEC_CENSUS","MILLARD COUNTY",2000,4,3840,152,,,,,12405,12253,,,3.19088541666667,""
"DEC_CENSUS","MILLARD COUNTY",2010,4,4201,122,,,,,12503,12381,,,2.94715543918115,""
"DEC_CENSUS","MILLARD COUNTY",2020,4,4299,156,,,,,12975,12819,,,2.98185624563852,""
"DEC_CENSUS","MORGAN COUNTY",2000,4,2046,0,,,,,7129,7129,,,3.48435972629521,""
"DEC_CENSUS","MORGAN COUNTY",2010,4,2820,0,,,,,9469,9469,,,3.35780141843972,""
"DEC_CENSUS","MORGAN COUNTY",2020,4,3574,29,,,,,12295,12266,,,3.43200895355344,""
"DEC_CENSUS","PIUTE COUNTY",2000,4,509,16,,,,,1435,1419,,,2.78781925343811,""
"DEC_CENSUS","PIUTE COUNTY",2010,4,576,37,,,,,1556,1519,,,2.63715277777778,""
"DEC_CENSUS","PIUTE COUNTY",2020,4,536,0,,,,,1438,1438,,,2.68283582089552,""
"DEC_CENSUS","RICH COUNTY",2000,4,645,18,,,,,1961,1943,,,3.01240310077519,""
"DEC_CENSUS","RICH COUNTY",2010,4,805,1,,,,,2264,2263,,,2.8111801242236,""
"DEC_CENSUS","RICH COUNTY",2020,4,886,51,,,,,2510,2459,,,2.77539503386005,""
"DEC_CENSUS","SALT LAKE COUNTY",2000,4,295141,14380,,,,,898387,884007,,,2.99520229314124,""
"DEC_CENSUS","SALT LAKE COUNTY",2010,4,342622,14006,,,,,1029655,1015649,,,2.96434262831926,""
"DEC_CENSUS","SALT LAKE COUNTY",2020,4,405229,18037,,,,,1185238,1167201,,,2.88034913592068,""
"DEC_CENSUS","SAN JUAN COUNTY",2000,4,4089,254,,,,,14413,14159,,,3.46270481780386,""
"DEC_CENSUS","SAN JUAN COUNTY",2010,4,4505,289,,,,,14746,14457,,,3.20910099889012,""
"DEC_CENSUS","SAN JUAN COUNTY",2020,4,4649,446,,,,,14518,14072,,,3.02688750268875,""
"DEC_CENSUS","SANPETE COUNTY",2000,4,6547,1380,,,,,22763,21383,,,3.26607606537345,""
"DEC_CENSUS","SANPETE COUNTY",2010,4,7952,2417,,,,,27822,25405,,,3.19479376257545,""
"DEC_CENSUS","SANPETE COUNTY",2020,4,8394,2741,,,,,28437,25696,,,3.06123421491542,""
"DEC_CENSUS","SEVIER COUNTY",2000,4,6081,427,,,,,18842,18415,,,3.0282848215754,""
"DEC_CENSUS","SEVIER COUNTY",2010,4,7094,301,,,,,20802,20501,,,2.88990696363124,""
"DEC_CENSUS","SEVIER COUNTY",2020,4,7464,405,,,,,21522,21117,,,2.82918006430868,""
"DEC_CENSUS","STATE OF UTAH",2000,4,701281,40480,,,,,2233169,2192689,,,3.12669101258982,""
"DEC_CENSUS","STATE OF UTAH",2010,4,877692,46152,,,,,2763885,2717733,,,3.09645410918637,""
"DEC_CENSUS","STATE OF UTAH",2020,4,1057252,55465,,,,,3271616,3216151,,,3.04199093498995,""
"DEC_CENSUS","SUMMIT COUNTY",2000,4,10332,56,,,,,29736,29680,,,2.87262872628726,""
"DEC_CENSUS","SUMMIT COUNTY",2010,4,12990,116,,,,,36324,36208,,,2.78737490377213,""
"DEC_CENSUS","SUMMIT COUNTY",2020,4,15688,136,,,,,42357,42221,,,2.69129270780214,""
"DEC_CENSUS","TOOELE COUNTY",2000,4,12677,1328,,,,,40735,39407,,,3.10854303068549,""
"DEC_CENSUS","TOOELE COUNTY",2010,4,17971,355,,,,,58218,57863,,,3.21979856435368,""
"DEC_CENSUS","TOOELE COUNTY",2020,4,22087,539,,,,,72698,72159,,,3.2670349074116,""
"DEC_CENSUS","UINTAH COUNTY",2000,4,8187,248,,,,,25224,24976,,,3.05069011848052,""
"DEC_CENSUS","UINTAH COUNTY",2010,4,10563,192,,,,,32588,32396,,,3.06693174287608,""
"DEC_CENSUS","UINTAH COUNTY",2020,4,11993,158,,,,,35620,35462,,,2.95689152005336,""
"DEC_CENSUS","UTAH COUNTY",2000,4,99937,9545,,,,,368536,358991,,,3.59217306903349,""
"DEC_CENSUS","UTAH COUNTY",2010,4,140602,13912,,,,,516564,502652,,,3.57499893315885,""
"DEC_CENSUS","UTAH COUNTY",2020,4,184558,15926,,,,,659399,643473,,,3.48656248984059,""
"DEC_CENSUS","WASATCH COUNTY",2000,4,4743,124,,,,,15215,15091,,,3.18174151380983,""
"DEC_CENSUS","WASATCH COUNTY",2010,4,7287,250,,,,,23530,23280,,,3.19473034170441,""
"DEC_CENSUS","WASATCH COUNTY",2020,4,11040,251,,,,,34788,34537,,,3.12835144927536,""
"DEC_CENSUS","WASHINGTON COUNTY",2000,4,29939,1359,,,,,90354,88995,,,2.97254417315208,""
"DEC_CENSUS","WASHINGTON COUNTY",2010,4,46334,1853,,,,,138115,136262,,,2.94086416022791,""
"DEC_CENSUS","WASHINGTON COUNTY",2020,4,62416,2772,,,,,180279,177507,,,2.84393424762881,""
"DEC_CENSUS","WAYNE COUNTY",2000,4,890,7,,,,,2509,2502,,,2.81123595505618,""
"DEC_CENSUS","WAYNE COUNTY",2010,4,1059,9,,,,,2778,2769,,,2.61473087818697,""
"DEC_CENSUS","WAYNE COUNTY",2020,4,1064,0,,,,,2486,2486,,,2.33646616541353,""
"DEC_CENSUS","WEBER COUNTY",2000,4,65698,2931,,,,,196533,193602,,,2.94684769703796,""
"DEC_CENSUS","WEBER COUNTY",2010,4,78748,2509,,,,,231236,228727,,,2.9045436074567,""
"DEC_CENSUS","WEBER COUNTY",2020,4,89595,3655,,,,,262223,258568,,,2.8859646185613,""
"HIST_MAIN","BEAVER COUNTY",1969,7,,,1781,1952,366,1449,3767,,,1.09601347557552,,""
"HIST_MAIN","BEAVER COUNTY",1970,7,,,1711,1928,439,1433,3800,,,1.12682641729982,,""
"HIST_MAIN","BEAVER COUNTY",1971,7,,,1779,1908,513,1416,3837,,,1.07251264755481,,""
"HIST_MAIN","BEAVER COUNTY",1972,7,,,1799,1901,585,1384,3870,,,1.05669816564758,,""
"HIST_MAIN","BEAVER COUNTY",1973,7,,,1800,1935,657,1407,3999,,,1.075,,""
"HIST_MAIN","BEAVER COUNTY",1974,7,,,1866,1924,681,1376,3981,,,1.03108252947481,,""
"HIST_MAIN","BEAVER COUNTY",1975,7,,,1808,1969,701,1399,4069,,,1.08904867256637,,""
"HIST_MAIN","BEAVER COUNTY",1976,7,,,1880,2079,520,1475,4074,,,1.10585106382979,,""
"HIST_MAIN","BEAVER COUNTY",1977,7,,,1939,2061,527,1472,4060,,,1.06291903042806,,""
"HIST_MAIN","BEAVER COUNTY",1978,7,,,1946,2105,578,1513,4196,,,1.08170606372045,,""
"HIST_MAIN","BEAVER COUNTY",1979,7,,,1872,2112,603,1528,4243,,,1.12820512820513,,""
"HIST_MAIN","BEAVER COUNTY",1980,7,,,1872,2191,621,1598,4410,,,1.17040598290598,,""
"HIST_MAIN","BEAVER COUNTY",1981,7,,,1901,2223,641,1653,4517,,,1.16938453445555,,""
"HIST_MAIN","BEAVER COUNTY",1982,7,,,1883,2299,670,1706,4675,,,1.22092405735528,,""
"HIST_MAIN","BEAVER COUNTY",1983,7,,,1980,2325,691,1752,4768,,,1.17424242424242,,""
"HIST_MAIN","BEAVER COUNTY",1984,7,,,2072,2419,726,1825,4970,,,1.16747104247104,,""
"HIST_MAIN","BEAVER COUNTY",1985,7,,,2157,2469,753,1865,5087,,,1.14464534075104,,""
"HIST_MAIN","BEAVER COUNTY",1986,7,,,1926,2405,742,1819,4966,,,1.24870197300104,,""
"HIST_MAIN","BEAVER COUNTY",1987,7,,,1940,2337,746,1791,4874,,,1.20463917525773,,""
"HIST_MAIN","BEAVER COUNTY",1988,7,,,2017,2268,741,1729,4738,,,1.12444224095191,,""
"HIST_MAIN","BEAVER COUNTY",1989,7,,,2029,2258,757,1713,4728,,,1.11286347954657,,""
"HIST_MAIN","BEAVER COUNTY",1990,7,,,2113,2259,769,1741,4769,,,1.06909607193564,,""
"HIST_MAIN","BEAVER COUNTY",1991,7,,,2198,2304,768,1726,4798,,,1.04822565969063,,""
"HIST_MAIN","BEAVER COUNTY",1992,7,,,2201,2379,777,1773,4929,,,1.08087233075875,,""
"HIST_MAIN","BEAVER COUNTY",1993,7,,,2287,2441,767,1793,5001,,,1.06733712286839,,""
"HIST_MAIN","BEAVER COUNTY",1994,7,,,2573,2554,788,1817,5159,,,0.992615623785464,,""
"HIST_MAIN","BEAVER COUNTY",1995,7,,,2676,2707,819,1868,5394,,,1.01158445440957,,""
"HIST_MAIN","BEAVER COUNTY",1996,7,,,2947,2905,823,1959,5687,,,0.985748218527316,,""
"HIST_MAIN","BEAVER COUNTY",1997,7,,,3125,3018,818,2015,5851,,,0.96576,,""
"HIST_MAIN","BEAVER COUNTY",1998,7,,,3128,3040,835,2008,5883,,,0.971867007672634,,""
"HIST_MAIN","BEAVER COUNTY",1999,7,,,3058,3117,840,2021,5978,,,1.0192936559843,,""
"HIST_MAIN","BEAVER COUNTY",2000,7,,,3153,3151,835,2012,5998,,,0.999365683476055,,""
"HIST_MAIN","BEAVER COUNTY",2001,7,,,3116,3158,833,2008,5999,,,1.01347881899872,,""
"HIST_MAIN","BEAVER COUNTY",2002,7,,,3102,3216,835,2007,6058,,,1.03675048355899,,""
"HIST_MAIN","BEAVER COUNTY",2003,7,,,3096,3203,829,2007,6039,,,1.03456072351421,,""
"HIST_MAIN","BEAVER COUNTY",2004,7,,,3178,3236,814,2027,6077,,,1.01825047199497,,""
"HIST_MAIN","BEAVER COUNTY",2005,7,,,3273,3323,803,2066,6192,,,1.01527650473572,,""
"HIST_MAIN","BEAVER COUNTY",2006,7,,,3366,3355,825,2101,6281,,,0.996732026143791,,""
"HIST_MAIN","BEAVER COUNTY",2007,7,,,3610,3337,823,2106,6266,,,0.924376731301939,,""
"HIST_MAIN","BEAVER COUNTY",2008,7,,,3756,3428,827,2158,6413,,,0.912673056443025,,""
"HIST_MAIN","BEAVER COUNTY",2009,7,,,3848,3500,841,2211,6552,,,0.90956340956341,,""
"HIST_MAIN","BEAVER COUNTY",2010,7,,,3609,3564.85373227618,837.043032348333,2243.24411337549,6645.140878,,,0.987767728533162,,""
"HIST_MAIN","BEAVER COUNTY",2011,7,,,3783,3590.2261941833,852.015634404911,2226.07955941179,6668.321388,,,0.949042081465319,,""
"HIST_MAIN","BEAVER COUNTY",2012,7,,,3751,3614.36576281296,866.807972129261,2208.28716405778,6689.460899,,,0.963573917038912,,""
"HIST_MAIN","BEAVER COUNTY",2013,7,,,4042,3677.42672204178,890.558243283407,2213.90444367481,6781.889409,,,0.909803741227556,,""
"HIST_MAIN","BEAVER COUNTY",2014,7,,,3928,3644.37785903274,891.082043475763,2161.69001749149,6697.14992,,,0.927794770629516,,""
"HIST_MAIN","BEAVER COUNTY",2015,7,,,4045,3688.7407480208,910.605565425549,2155.54711655366,6754.89343,,,0.911926019288208,,""
"HIST_MAIN","BEAVER COUNTY",2016,7,,,3995,3745.89178936039,932.626105003505,2156.76704663611,6835.284941,,,0.937645003594591,,""
"HIST_MAIN","BEAVER COUNTY",2017,7,,,4113,3797.0029247886,953.341864285466,2155.15647092593,6905.50126,,,0.923171146313786,,""
"HIST_MAIN","BEAVER COUNTY",2018,7,,,4229,3851.47765232691,974.696968274665,2154.70941739843,6980.884038,,,0.910730114052237,,""
"HIST_MAIN","BEAVER COUNTY",2019,7,,,4137,3906.10805540574,995.1842952389,2153.55298735536,7054.845338,,,0.944188555814779,,""
"HIST_MAIN","BEAVER COUNTY",2020,7,,,4290,3930.9557176654,1008.82849857533,2135.79312691927,7075.57734316,,,0.916306694094499,,""
"HIST_MAIN","BEAVER COUNTY",2021,7,,,4378,3997.04426090747,1032.4077924942,2126.13897800694,7155.59103140861,,,0.912984070559038,,""
"HIST_MAIN","BEAVER COUNTY",2022,7,,,4549,4103.7243238658,1057.20410006798,2136.65219362497,7297.58061755875,,,0.902115701003693,,""
"HIST_MAIN","BEAVER COUNTY",2023,7,,,4728,4125.65224580223,1093.27608649225,2094.65681034629,7313.58514264076,,,0.87259988278389,,""
"HIST_MAIN","BEAVER COUNTY",2024,7,,,4869,4153.28749240265,1114.67618120635,2070.61891765533,7338.58259126433,,,0.853006262559591,,""
"HIST_MAIN","BOX ELDER COUNTY",1969,7,,,11072,13580,2011,12304,27895,,,1.22651734104046,,""
"HIST_MAIN","BOX ELDER COUNTY",1970,7,,,11213,13759,2091,12367,28217,,,1.2270578792473,,""
"HIST_MAIN","BOX ELDER COUNTY",1971,7,,,11017,13957,2171,12411,28539,,,1.26686030679858,,""
"HIST_MAIN","BOX ELDER COUNTY",1972,7,,,11899,14340,2251,12546,29137,,,1.20514328935205,,""
"HIST_MAIN","BOX ELDER COUNTY",1973,7,,,12134,14489,2335,12409,29233,,,1.19408274270644,,""
"HIST_MAIN","BOX ELDER COUNTY",1974,7,,,12293,14553,2412,12220,29185,,,1.18384446432929,,""
"HIST_MAIN","BOX ELDER COUNTY",1975,7,,,12500,14904,2488,12234,29626,,,1.19232,,""
"HIST_MAIN","BOX ELDER COUNTY",1976,7,,,12826,15304,2549,12397,30250,,,1.19320130983939,,""
"HIST_MAIN","BOX ELDER COUNTY",1977,7,,,13370,15627,2669,12546,30842,,,1.16881077038145,,""
"HIST_MAIN","BOX ELDER COUNTY",1978,7,,,14139,16030,2766,12756,31552,,,1.13374354621968,,""
"HIST_MAIN","BOX ELDER COUNTY",1979,7,,,15036,16517,2874,13052,32443,,,1.09849694067571,,""
"HIST_MAIN","BOX ELDER COUNTY",1980,7,,,15497,17032,2957,13474,33463,,,1.0990514293089,,""
"HIST_MAIN","BOX ELDER COUNTY",1981,7,,,15836,17342,3043,13928,34313,,,1.09509977266987,,""
"HIST_MAIN","BOX ELDER COUNTY",1982,7,,,15536,17608,3099,14102,34809,,,1.13336766220391,,""
"HIST_MAIN","BOX ELDER COUNTY",1983,7,,,16192,17697,3164,14360,35221,,,1.09294713438735,,""
"HIST_MAIN","BOX ELDER COUNTY",1984,7,,,17088,18008,3228,14594,35830,,,1.05383895131086,,""
"HIST_MAIN","BOX ELDER COUNTY",1985,7,,,17867,18024,3261,14660,35945,,,1.00878714949348,,""
"HIST_MAIN","BOX ELDER COUNTY",1986,7,,,18146,18150,3325,14785,36260,,,1.00022043425548,,""
"HIST_MAIN","BOX ELDER COUNTY",1987,7,,,19558,18160,3404,14998,36562,,,0.928520298599039,,""
"HIST_MAIN","BOX ELDER COUNTY",1988,7,,,20656,18290,3501,15085,36876,,,0.885457010069713,,""
"HIST_MAIN","BOX ELDER COUNTY",1989,7,,,20890,18139,3541,14864,36544,,,0.868310196266156,,""
"HIST_MAIN","BOX ELDER COUNTY",1990,7,,,20788,18173,3598,14797,36568,,,0.874206272849721,,""
"HIST_MAIN","BOX ELDER COUNTY",1991,7,,,20871,18453,3637,14774,36864,,,0.884145464999281,,""
"HIST_MAIN","BOX ELDER COUNTY",1992,7,,,20715,18822,3701,14794,37317,,,0.908616944243302,,""
"HIST_MAIN","BOX ELDER COUNTY",1993,7,,,20886,19245,3788,14849,37882,,,0.921430623384085,,""
"HIST_MAIN","BOX ELDER COUNTY",1994,7,,,22153,19782,3867,14892,38541,,,0.892971606554417,,""
"HIST_MAIN","BOX ELDER COUNTY",1995,7,,,22510,20308,3927,14842,39077,,,0.90217681030653,,""
"HIST_MAIN","BOX ELDER COUNTY",1996,7,,,23389,20854,4067,14881,39802,,,0.891615716789944,,""
"HIST_MAIN","BOX ELDER COUNTY",1997,7,,,24501,21458,4153,15140,40751,,,0.875800987714787,,""
"HIST_MAIN","BOX ELDER COUNTY",1998,7,,,25085,22036,4240,15295,41571,,,0.878453258919673,,""
"HIST_MAIN","BOX ELDER COUNTY",1999,7,,,24555,22567,4333,15478,42378,,,0.919038892282631,,""
"HIST_MAIN","BOX ELDER COUNTY",2000,7,,,24435,22944,4475,15463,42882,,,0.938980969920196,,""
"HIST_MAIN","BOX ELDER COUNTY",2001,7,,,23988,23273,4587,15502,43362,,,0.970193430048358,,""
"HIST_MAIN","BOX ELDER COUNTY",2002,7,,,24080,23866,4683,15489,44038,,,0.991112956810631,,""
"HIST_MAIN","BOX ELDER COUNTY",2003,7,,,24195,24342,4781,15425,44548,,,1.00607563546187,,""
"HIST_MAIN","BOX ELDER COUNTY",2004,7,,,25066,24502,4878,15286,44666,,,0.977499401579829,,""
"HIST_MAIN","BOX ELDER COUNTY",2005,7,,,25803,24741,4926,15423,45090,,,0.958841995116847,,""
"HIST_MAIN","BOX ELDER COUNTY",2006,7,,,26392,25200,5025,15723,45948,,,0.954834798423765,,""
"HIST_MAIN","BOX ELDER COUNTY",2007,7,,,27233,25887,5156,16150,47193,,,0.950574670436603,,""
"HIST_MAIN","BOX ELDER COUNTY",2008,7,,,27477,26580,5279,16578,48437,,,0.967354514685009,,""
"HIST_MAIN","BOX ELDER COUNTY",2009,7,,,26238,27068,5439,16865,49372,,,1.03163350865157,,""
"HIST_MAIN","BOX ELDER COUNTY",2010,7,,,24823,27507.5670144514,5600.71141975162,16975.683045797,50083.96148,,,1.10814837104506,,""
"HIST_MAIN","BOX ELDER COUNTY",2011,7,,,24237,27915.3661856512,5774.40942374688,17034.9818006019,50724.75741,,,1.15176656292657,,""
"HIST_MAIN","BOX ELDER COUNTY",2012,7,,,24096,28290.5219375071,5942.06893355773,17075.1624589352,51307.75333,,,1.17407544561367,,""
"HIST_MAIN","BOX ELDER COUNTY",2013,7,,,24710,28736.9288088262,6121.43026036002,17157.1901908138,52015.54926,,,1.1629675762374,,""
"HIST_MAIN","BOX ELDER COUNTY",2014,7,,,25546,29099.4751627073,6283.63830787224,17187.6817094205,52570.79518,,,1.13910103979908,,""
"HIST_MAIN","BOX ELDER COUNTY",2015,7,,,26766,29573.8704086462,6471.3582330525,17282.1024683013,53327.33111,,,1.10490437154025,,""
"HIST_MAIN","BOX ELDER COUNTY",2016,7,,,28124,30261.7082831883,6701.1480987519,17500.9106580598,54463.76704,,,1.0760101082061,,""
"HIST_MAIN","BOX ELDER COUNTY",2017,7,,,28830,30869.4802085096,6914.89895435516,17678.9162071353,55463.29537,,,1.07074159585535,,""
"HIST_MAIN","BOX ELDER COUNTY",2018,7,,,29722,31359.6083074911,7100.67289680852,17784.8787757004,56245.15998,,,1.05509751387831,,""
"HIST_MAIN","BOX ELDER COUNTY",2019,7,,,30307,31816.5462304928,7271.58069083407,17867.7662886732,56955.89321,,,1.04980850069267,,""
"HIST_MAIN","BOX ELDER COUNTY",2020,7,,,30558,32393.5368309778,7475.41948109183,18016.7844712824,57885.740783352,,,1.06006730908364,,""
"HIST_MAIN","BOX ELDER COUNTY",2021,7,,,32365,33369.8135214244,7689.54248630994,18148.4726807993,59207.8286885336,,,1.03104630067741,,""
"HIST_MAIN","BOX ELDER COUNTY",2022,7,,,33565,34363.766085967,7918.11656873912,18324.8572081903,60606.7398628965,,,1.02379758933314,,""
"HIST_MAIN","BOX ELDER COUNTY",2023,7,,,34370,34882.6293601152,8222.92651686425,18145.2196319447,61250.7755089242,,,1.01491502357042,,""
"HIST_MAIN","BOX ELDER COUNTY",2024,7,,,34253,35271.0922617143,8531.85180774442,17951.7962196879,61754.7402891466,,,1.02972271806015,,""
"HIST_MAIN","CACHE COUNTY",1969,7,,,15971,23121,3556,15006,41683,,,1.44768643165738,,""
"HIST_MAIN","CACHE COUNTY",1970,7,,,16346,23646,3669,15235,42550,,,1.44659243851707,,""
"HIST_MAIN","CACHE COUNTY",1971,7,,,16918,24184,3783,15451,43418,,,1.42948339047169,,""
"HIST_MAIN","CACHE COUNTY",1972,7,,,17971,25469,3910,16157,45536,,,1.41722775582884,,""
"HIST_MAIN","CACHE COUNTY",1973,7,,,19249,26406,4038,16554,46998,,,1.3718115226765,,""
"HIST_MAIN","CACHE COUNTY",1974,7,,,20239,27283,4150,16773,48206,,,1.34804091111221,,""
"HIST_MAIN","CACHE COUNTY",1975,7,,,20718,28269,4261,17020,49550,,,1.36446568201564,,""
"HIST_MAIN","CACHE COUNTY",1976,7,,,22100,29107,4349,17293,50749,,,1.31705882352941,,""
"HIST_MAIN","CACHE COUNTY",1977,7,,,23084,30081,4481,17860,52422,,,1.30311037948362,,""
"HIST_MAIN","CACHE COUNTY",1978,7,,,24380,30863,4601,18329,53793,,,1.26591468416735,,""
"HIST_MAIN","CACHE COUNTY",1979,7,,,25786,31664,4722,18825,55211,,,1.22795315287365,,""
"HIST_MAIN","CACHE COUNTY",1980,7,,,26587,33024,4827,19953,57804,,,1.24211080603302,,""
"HIST_MAIN","CACHE COUNTY",1981,7,,,26390,34046,4937,21047,60030,,,1.29010989010989,,""
"HIST_MAIN","CACHE COUNTY",1982,7,,,26220,35133,5035,21850,62018,,,1.33993135011442,,""
"HIST_MAIN","CACHE COUNTY",1983,7,,,27149,35918,5157,22826,63901,,,1.32299532211131,,""
"HIST_MAIN","CACHE COUNTY",1984,7,,,28174,36523,5196,23350,65069,,,1.29633704834244,,""
"HIST_MAIN","CACHE COUNTY",1985,7,,,28807,36762,5219,23738,65719,,,1.27614815843371,,""
"HIST_MAIN","CACHE COUNTY",1986,7,,,29949,36978,5256,24081,66315,,,1.23469898828008,,""
"HIST_MAIN","CACHE COUNTY",1987,7,,,31534,37137,5353,24691,67181,,,1.17768123295491,,""
"HIST_MAIN","CACHE COUNTY",1988,7,,,33435,37780,5491,25141,68412,,,1.12995364139375,,""
"HIST_MAIN","CACHE COUNTY",1989,7,,,35789,38539,5626,25490,69655,,,1.07683925228422,,""
"HIST_MAIN","CACHE COUNTY",1990,7,,,37319,39175,5688,25597,70460,,,1.04973337977974,,""
"HIST_MAIN","CACHE COUNTY",1991,7,,,38410,40950,5788,26186,72924,,,1.06612861234054,,""
"HIST_MAIN","CACHE COUNTY",1992,7,,,39347,43079,5905,26810,75794,,,1.09484840013216,,""
"HIST_MAIN","CACHE COUNTY",1993,7,,,41098,44987,6058,27345,78390,,,1.09462747578958,,""
"HIST_MAIN","CACHE COUNTY",1994,7,,,44064,47202,6185,27747,81134,,,1.07121459694989,,""
"HIST_MAIN","CACHE COUNTY",1995,7,,,46244,49618,6271,28117,84006,,,1.07296081653836,,""
"HIST_MAIN","CACHE COUNTY",1996,7,,,48292,51621,6344,28361,86326,,,1.06893481321958,,""
"HIST_MAIN","CACHE COUNTY",1997,7,,,50032,53004,6411,28587,88002,,,1.05940198273105,,""
"HIST_MAIN","CACHE COUNTY",1998,7,,,51367,54523,6444,28899,89866,,,1.0614402242685,,""
"HIST_MAIN","CACHE COUNTY",1999,7,,,52564,55248,6473,28578,90299,,,1.05106156304695,,""
"HIST_MAIN","CACHE COUNTY",2000,7,,,53841,56568,6560,28733,91861,,,1.05064913355993,,""
"HIST_MAIN","CACHE COUNTY",2001,7,,,54366,57444,6701,28686,92831,,,1.05661626752014,,""
"HIST_MAIN","CACHE COUNTY",2002,7,,,55089,59421,6954,29118,95493,,,1.0786363883897,,""
"HIST_MAIN","CACHE COUNTY",2003,7,,,57011,60506,7029,29566,97101,,,1.06130395888513,,""
"HIST_MAIN","CACHE COUNTY",2004,7,,,59196,61487,7101,30266,98854,,,1.03870193932022,,""
"HIST_MAIN","CACHE COUNTY",2005,7,,,60310,62433,7364,30704,100501,,,1.03520145912784,,""
"HIST_MAIN","CACHE COUNTY",2006,7,,,62498,62550,7654,31032,101236,,,1.00083202662485,,""
"HIST_MAIN","CACHE COUNTY",2007,7,,,65687,63769,7833,32022,103624,,,0.970800919512232,,""
"HIST_MAIN","CACHE COUNTY",2008,7,,,67049,65361,8188,33275,106824,,,0.974824382168265,,""
"HIST_MAIN","CACHE COUNTY",2009,7,,,65976,67171,8485,34635,110291,,,1.01811264702316,,""
"HIST_MAIN","CACHE COUNTY",2010,7,,,66053,68704.5245452443,8815.49165072085,35787.0216040349,113307.0378,,,1.04014237877529,,""
"HIST_MAIN","CACHE COUNTY",2011,7,,,67665,69681.673292206,9231.56400572939,36090.6518020646,115003.8891,,,1.02980378766284,,""
"HIST_MAIN","CACHE COUNTY",2012,7,,,68347,70480.5003066758,9623.3014254583,36300.7385678659,116404.5403,,,1.03121571256494,,""
"HIST_MAIN","CACHE COUNTY",2013,7,,,69188,71163.4911506457,9990.18885194698,36446.7114974072,117600.3915,,,1.02855251128296,,""
"HIST_MAIN","CACHE COUNTY",2014,7,,,71147,71893.2241932458,10363.3859887551,36619.5326179992,118876.1428,,,1.01048848431059,,""
"HIST_MAIN","CACHE COUNTY",2015,7,,,73080,73660.2080406671,10891.8490041799,37321.936955153,121873.994,,,1.00793935468893,,""
"HIST_MAIN","CACHE COUNTY",2016,7,,,74637,74862.7615290841,11329.4465434501,37734.5372274659,123926.7453,,,1.00302479372274,,""
"HIST_MAIN","CACHE COUNTY",2017,7,,,76905,76367.9100230386,11813.4949591801,38309.7980177813,126491.203,,,0.993016189103941,,""
"HIST_MAIN","CACHE COUNTY",2018,7,,,78920,77774.4130883022,12282.41425671,38831.4822549878,128888.3096,,,0.985484200307935,,""
"HIST_MAIN","CACHE COUNTY",2019,7,,,80643,79253.5178737443,12752.5629989086,39381.8823273471,131387.9632,,,0.982769959869354,,""
"HIST_MAIN","CACHE COUNTY",2020,7,,,83458,80636.8297082509,13219.6307138665,39886.1806988946,133742.641121012,,,0.966196526495374,,""
"HIST_MAIN","CACHE COUNTY",2021,7,,,88323,83173.8698424691,13675.2784416349,40095.6963162195,136944.844600323,,,0.941701140614213,,""
"HIST_MAIN","CACHE COUNTY",2022,7,,,91922,85987.3510094107,14061.2590729244,40240.0290277998,140288.639110135,,,0.935438208583481,,""
"HIST_MAIN","CACHE COUNTY",2023,7,,,92089,87712.5124572753,14481.1914274284,39506.0177363632,141699.721621067,,,0.952475458059869,,""
"HIST_MAIN","CACHE COUNTY",2024,7,,,92040,89847.0335788488,14905.3325389176,38730.273672251,143482.639790017,,,0.976173767697184,,""
"HIST_MAIN","CARBON COUNTY",1969,7,,,5730,8325,1667,5406,15398,,,1.45287958115183,,""
"HIST_MAIN","CARBON COUNTY",1970,7,,,5823,8516,1705,5511,15732,,,1.46247638674223,,""
"HIST_MAIN","CARBON COUNTY",1971,7,,,5905,8726,1743,5597,16066,,,1.47773073666384,,""
"HIST_MAIN","CARBON COUNTY",1972,7,,,6032,9195,1782,5830,16807,,,1.5243700265252,,""
"HIST_MAIN","CARBON COUNTY",1973,7,,,6344,9441,1822,5903,17166,,,1.48817780580076,,""
"HIST_MAIN","CARBON COUNTY",1974,7,,,6668,9574,1869,5899,17342,,,1.43581283743251,,""
"HIST_MAIN","CARBON COUNTY",1975,7,,,7154,9978,1914,6053,17945,,,1.39474419904948,,""
"HIST_MAIN","CARBON COUNTY",1976,7,,,7894,10585,1975,6436,18996,,,1.34089181656955,,""
"HIST_MAIN","CARBON COUNTY",1977,7,,,8286,11221,1996,6854,20071,,,1.35421192372677,,""
"HIST_MAIN","CARBON COUNTY",1978,7,,,8742,11837,2039,7308,21184,,,1.3540379775795,,""
"HIST_MAIN","CARBON COUNTY",1979,7,,,9794,12282,2142,7639,22063,,,1.25403308147846,,""
"HIST_MAIN","CARBON COUNTY",1980,7,,,10149,12318,2174,7755,22247,,,1.21371563700857,,""
"HIST_MAIN","CARBON COUNTY",1981,7,,,10508,12306,2245,7868,22419,,,1.17110772744576,,""
"HIST_MAIN","CARBON COUNTY",1982,7,,,10951,12976,2439,8294,23709,,,1.18491461966944,,""
"HIST_MAIN","CARBON COUNTY",1983,7,,,9503,12942,2527,8394,23863,,,1.36188572029885,,""
"HIST_MAIN","CARBON COUNTY",1984,7,,,9307,12522,2522,8126,23170,,,1.34543891694424,,""
"HIST_MAIN","CARBON COUNTY",1985,7,,,9210,12008,2511,7819,22338,,,1.30380021715527,,""
"HIST_MAIN","CARBON COUNTY",1986,7,,,9030,11923,2588,7801,22312,,,1.3203765227021,,""
"HIST_MAIN","CARBON COUNTY",1987,7,,,8971,11555,2637,7692,21884,,,1.28803923754319,,""
"HIST_MAIN","CARBON COUNTY",1988,7,,,9123,11067,2639,7370,21076,,,1.21308780006577,,""
"HIST_MAIN","CARBON COUNTY",1989,7,,,9338,10743,2679,7127,20549,,,1.15046048404369,,""
"HIST_MAIN","CARBON COUNTY",1990,7,,,9566,10513,2705,6928,20146,,,1.09899644574535,,""
"HIST_MAIN","CARBON COUNTY",1991,7,,,9553,10599,2747,6805,20151,,,1.10949439966503,,""
"HIST_MAIN","CARBON COUNTY",1992,7,,,9688,10713,2775,6696,20184,,,1.1058009909166,,""
"HIST_MAIN","CARBON COUNTY",1993,7,,,9549,10719,2779,6481,19979,,,1.12252591894439,,""
"HIST_MAIN","CARBON COUNTY",1994,7,,,10237,10954,2773,6432,20159,,,1.07004005079613,,""
"HIST_MAIN","CARBON COUNTY",1995,7,,,10334,11191,2796,6309,20296,,,1.08293013353977,,""
"HIST_MAIN","CARBON COUNTY",1996,7,,,11069,11446,2767,6282,20495,,,1.03405908392809,,""
"HIST_MAIN","CARBON COUNTY",1997,7,,,11641,11646,2744,6265,20655,,,1.00042951636457,,""
"HIST_MAIN","CARBON COUNTY",1998,7,,,11844,11841,2711,6179,20731,,,0.999746707193516,,""
"HIST_MAIN","CARBON COUNTY",1999,7,,,11899,11858,2706,6010,20574,,,0.996554332296832,,""
"HIST_MAIN","CARBON COUNTY",2000,7,,,11701,11898,2710,5883,20491,,,1.0168361678489,,""
"HIST_MAIN","CARBON COUNTY",2001,7,,,11181,11700,2692,5545,19937,,,1.0464180305876,,""
"HIST_MAIN","CARBON COUNTY",2002,7,,,11242,11890,2709,5515,20114,,,1.05764098914784,,""
"HIST_MAIN","CARBON COUNTY",2003,7,,,10918,12041,2728,5377,20146,,,1.10285766623924,,""
"HIST_MAIN","CARBON COUNTY",2004,7,,,10866,12000,2703,5323,20026,,,1.10436223081171,,""
"HIST_MAIN","CARBON COUNTY",2005,7,,,11348,12001,2690,5179,19870,,,1.05754317941487,,""
"HIST_MAIN","CARBON COUNTY",2006,7,,,11977,12111,2714,5247,20072,,,1.01118811054521,,""
"HIST_MAIN","CARBON COUNTY",2007,7,,,11894,12372,2774,5408,20554,,,1.04018833025055,,""
"HIST_MAIN","CARBON COUNTY",2008,7,,,12274,12369,2814,5413,20596,,,1.0077399380805,,""
"HIST_MAIN","CARBON COUNTY",2009,7,,,11965,12645,2869,5629,21143,,,1.05683242791475,,""
"HIST_MAIN","CARBON COUNTY",2010,7,,,11872,12748.9945596424,2924.91703991923,5715.6132504384,21389.52485,,,1.07387083554939,,""
"HIST_MAIN","CARBON COUNTY",2011,7,,,11905,12646.1332975611,3016.23093659446,5695.46999584444,21357.83423,,,1.06225395191609,,""
"HIST_MAIN","CARBON COUNTY",2012,7,,,11673,12541.2799046409,3108.50849940471,5674.59521595444,21324.38362,,,1.0743836121512,,""
"HIST_MAIN","CARBON COUNTY",2013,7,,,11402,12243.0794254345,3150.0403307562,5565.06325380932,20958.18301,,,1.07376595557222,,""
"HIST_MAIN","CARBON COUNTY",2014,7,,,11184,12011.1750247718,3206.78527540177,5484.39208982644,20702.35239,,,1.07396057088446,,""
"HIST_MAIN","CARBON COUNTY",2015,7,,,11263,11839.8058545429,3279.27386973749,5430.21205571957,20549.29178,,,1.05121245268072,,""
"HIST_MAIN","CARBON COUNTY",2016,7,,,10805,11704.0366719589,3358.91142578941,5392.90306225171,20455.85116,,,1.08320561517435,,""
"HIST_MAIN","CARBON COUNTY",2017,7,,,10828,11562.5533193618,3436.99509707362,5354.99130356459,20354.53972,,,1.06783831911358,,""
"HIST_MAIN","CARBON COUNTY",2018,7,,,11233,11518.3298705297,3543.92557139212,5361.13484807818,20423.39029,,,1.02540103895039,,""
"HIST_MAIN","CARBON COUNTY",2019,7,,,11422,11418.643439113,3631.58167300069,5340.4602878863,20390.6854,,,0.999706131948258,,""
"HIST_MAIN","CARBON COUNTY",2020,7,,,11445,11367.3091718853,3738.74856176077,5342.52228678495,20448.580020431,,,0.99321181056228,,""
"HIST_MAIN","CARBON COUNTY",2021,7,,,11538,11381.3019491281,3816.08346449463,5289.17671905964,20486.5621326824,,,0.986418959016129,,""
"HIST_MAIN","CARBON COUNTY",2022,7,,,11780,11540.0442742007,3879.64485012762,5316.83731593549,20736.5264402638,,,0.979630243989873,,""
"HIST_MAIN","CARBON COUNTY",2023,7,,,11807,11496.3321352749,3950.72832272016,5206.47462853705,20653.5350865321,,,0.973687823771907,,""
"HIST_MAIN","CARBON COUNTY",2024,7,,,12084,11401.0792028353,3987.86000203552,5052.56729118277,20441.5064960536,,,0.943485534825828,,""
"HIST_MAIN","DAGGETT COUNTY",1969,7,,,353,341,39,300,680,,,0.96600566572238,,""
"HIST_MAIN","DAGGETT COUNTY",1970,7,,,304,335,40,293,668,,,1.10197368421053,,""
"HIST_MAIN","DAGGETT COUNTY",1971,7,,,340,330,41,285,656,,,0.970588235294118,,""
"HIST_MAIN","DAGGETT COUNTY",1972,7,,,321,318,44,270,632,,,0.990654205607477,,""
"HIST_MAIN","DAGGETT COUNTY",1973,7,,,321,363,48,297,708,,,1.13084112149533,,""
"HIST_MAIN","DAGGETT COUNTY",1974,7,,,330,374,50,301,725,,,1.13333333333333,,""
"HIST_MAIN","DAGGETT COUNTY",1975,7,,,318,384,51,297,732,,,1.20754716981132,,""
"HIST_MAIN","DAGGETT COUNTY",1976,7,,,317,391,55,298,744,,,1.23343848580442,,""
"HIST_MAIN","DAGGETT COUNTY",1977,7,,,354,404,55,301,760,,,1.14124293785311,,""
"HIST_MAIN","DAGGETT COUNTY",1978,7,,,402,377,60,268,705,,,0.937810945273632,,""
"HIST_MAIN","DAGGETT COUNTY",1979,7,,,397,417,57,291,765,,,1.05037783375315,,""
"HIST_MAIN","DAGGETT COUNTY",1980,7,,,395,425,56,294,775,,,1.07594936708861,,""
"HIST_MAIN","DAGGETT COUNTY",1981,7,,,350,444,61,307,812,,,1.26857142857143,,""
"HIST_MAIN","DAGGETT COUNTY",1982,7,,,305,474,63,318,855,,,1.55409836065574,,""
"HIST_MAIN","DAGGETT COUNTY",1983,7,,,326,437,62,300,799,,,1.34049079754601,,""
"HIST_MAIN","DAGGETT COUNTY",1984,7,,,328,423,60,278,761,,,1.28963414634146,,""
"HIST_MAIN","DAGGETT COUNTY",1985,7,,,336,408,59,269,736,,,1.21428571428571,,""
"HIST_MAIN","DAGGETT COUNTY",1986,7,,,349,383,62,247,692,,,1.0974212034384,,""
"HIST_MAIN","DAGGETT COUNTY",1987,7,,,402,393,61,255,709,,,0.977611940298508,,""
"HIST_MAIN","DAGGETT COUNTY",1988,7,,,394,379,62,244,685,,,0.961928934010152,,""
"HIST_MAIN","DAGGETT COUNTY",1989,7,,,417,389,64,243,696,,,0.932853717026379,,""
"HIST_MAIN","DAGGETT COUNTY",1990,7,,,436,390,62,247,699,,,0.894495412844037,,""
"HIST_MAIN","DAGGETT COUNTY",1991,7,,,470,422,61,260,743,,,0.897872340425532,,""
"HIST_MAIN","DAGGETT COUNTY",1992,7,,,462,428,63,253,744,,,0.926406926406926,,""
"HIST_MAIN","DAGGETT COUNTY",1993,7,,,484,441,72,238,751,,,0.911157024793388,,""
"HIST_MAIN","DAGGETT COUNTY",1994,7,,,569,470,72,249,791,,,0.826010544815466,,""
"HIST_MAIN","DAGGETT COUNTY",1995,7,,,572,492,75,250,817,,,0.86013986013986,,""
"HIST_MAIN","DAGGETT COUNTY",1996,7,,,547,535,76,250,861,,,0.978062157221207,,""
"HIST_MAIN","DAGGETT COUNTY",1997,7,,,544,542,83,234,859,,,0.996323529411765,,""
"HIST_MAIN","DAGGETT COUNTY",1998,7,,,568,531,87,231,849,,,0.934859154929577,,""
"HIST_MAIN","DAGGETT COUNTY",1999,7,,,594,546,112,219,877,,,0.919191919191919,,""
"HIST_MAIN","DAGGETT COUNTY",2000,7,,,634,585,127,214,926,,,0.922712933753943,,""
"HIST_MAIN","DAGGETT COUNTY",2001,7,,,569,591,143,195,929,,,1.03866432337434,,""
"HIST_MAIN","DAGGETT COUNTY",2002,7,,,582,562,159,186,907,,,0.965635738831615,,""
"HIST_MAIN","DAGGETT COUNTY",2003,7,,,607,573,152,189,914,,,0.943986820428336,,""
"HIST_MAIN","DAGGETT COUNTY",2004,7,,,613,605,174,173,952,,,0.98694942903752,,""
"HIST_MAIN","DAGGETT COUNTY",2005,7,,,617,605,164,198,967,,,0.980551053484603,,""
"HIST_MAIN","DAGGETT COUNTY",2006,7,,,600,595,186,203,984,,,0.991666666666667,,""
"HIST_MAIN","DAGGETT COUNTY",2007,7,,,641,612,160,202,974,,,0.954758190327613,,""
"HIST_MAIN","DAGGETT COUNTY",2008,7,,,580,606,185,202,993,,,1.0448275862069,,""
"HIST_MAIN","DAGGETT COUNTY",2009,7,,,568,620,191,226,1037,,,1.09154929577465,,""
"HIST_MAIN","DAGGETT COUNTY",2010,7,,,598,623.301267078615,205.810396388657,246.860459532729,1075.972123,,,1.04230981116825,,""
"HIST_MAIN","DAGGETT COUNTY",2011,7,,,582,630.261772712223,216.827897735905,251.996945551871,1099.086616,,,1.0829240080966,,""
"HIST_MAIN","DAGGETT COUNTY",2012,7,,,556,621.862687651442,222.982466139414,251.100955209144,1095.946109,,,1.11845807131554,,""
"HIST_MAIN","DAGGETT COUNTY",2013,7,,,577,634.688746518799,237.089043073256,258.861812407945,1130.639602,,,1.09998049656638,,""
"HIST_MAIN","DAGGETT COUNTY",2014,7,,,609,598.91658571928,233.128584301057,246.761924979662,1078.807095,,,0.983442669489786,,""
"HIST_MAIN","DAGGETT COUNTY",2015,7,,,647,587.903806185281,238.523177594305,244.714604220414,1071.141588,,,0.908661215124082,,""
"HIST_MAIN","DAGGETT COUNTY",2016,7,,,653,571.315160155338,241.495209916154,240.392710928508,1053.203081,,,0.874908361646766,,""
"HIST_MAIN","DAGGETT COUNTY",2017,7,,,612,490.387313696652,216.051046534581,208.753213568766,915.1915738,,,0.801286460288647,,""
"HIST_MAIN","DAGGETT COUNTY",2018,7,,,601,484.149770723613,222.288678572547,208.53626460384,914.9747139,,,0.805573661769739,,""
"HIST_MAIN","DAGGETT COUNTY",2019,7,,,619,479.568294161711,229.309243768284,209.042058370004,917.9195963,,,0.774746840325866,,""
"HIST_MAIN","DAGGETT COUNTY",2020,7,,,630,485.978716078842,242.273791116729,214.468837513428,942.721344709,,,0.771394787426733,,""
"HIST_MAIN","DAGGETT COUNTY",2021,7,,,656,498.950936128143,251.223154134152,211.55757352046,961.731663782755,,,0.76059593921973,,""
"HIST_MAIN","DAGGETT COUNTY",2022,7,,,662,498.579641318702,257.049774767216,200.101817575411,955.731233661329,,,0.753141452143054,,""
"HIST_MAIN","DAGGETT COUNTY",2023,7,,,645,530.952320494194,261.376962104753,205.403264004937,997.732546603885,,,0.823181892239061,,""
"HIST_MAIN","DAGGETT COUNTY",2024,7,,,670,526.979823057858,266.129590282032,190.626667772492,983.736081112381,,,0.786537049340087,,""
"HIST_MAIN","DAVIS COUNTY",1969,7,,,40773,47094,3221,45936,96251,,,1.15502906335075,,""
"HIST_MAIN","DAVIS COUNTY",1970,7,,,41231,49350,3436,47173,99959,,,1.19691494264025,,""
"HIST_MAIN","DAVIS COUNTY",1971,7,,,42611,51729,3651,48287,103667,,,1.21398230503861,,""
"HIST_MAIN","DAVIS COUNTY",1972,7,,,44684,53255,3860,48182,105297,,,1.1918136245636,,""
"HIST_MAIN","DAVIS COUNTY",1973,7,,,46090,56440,4076,49521,110037,,,1.22456064222174,,""
"HIST_MAIN","DAVIS COUNTY",1974,7,,,47751,58020,4362,49697,112079,,,1.21505308789345,,""
"HIST_MAIN","DAVIS COUNTY",1975,7,,,48754,61273,4651,51250,117174,,,1.25677893095951,,""
"HIST_MAIN","DAVIS COUNTY",1976,7,,,50956,63843,5009,51938,120790,,,1.25290446659863,,""
"HIST_MAIN","DAVIS COUNTY",1977,7,,,53927,67645,5416,53820,126881,,,1.254380922358,,""
"HIST_MAIN","DAVIS COUNTY",1978,7,,,56938,71733,5818,56255,133806,,,1.25984404088658,,""
"HIST_MAIN","DAVIS COUNTY",1979,7,,,59503,75647,6229,58452,140328,,,1.27131405139237,,""
"HIST_MAIN","DAVIS COUNTY",1980,7,,,59861,79888,6631,61440,147959,,,1.33455839361187,,""
"HIST_MAIN","DAVIS COUNTY",1981,7,,,61606,82136,7098,63688,152922,,,1.33324676167906,,""
"HIST_MAIN","DAVIS COUNTY",1982,7,,,62723,85082,7585,65377,158044,,,1.35647210752037,,""
"HIST_MAIN","DAVIS COUNTY",1983,7,,,63834,86959,8067,67210,162236,,,1.36226775699471,,""
"HIST_MAIN","DAVIS COUNTY",1984,7,,,67820,88988,8474,68265,165727,,,1.31212031849012,,""
"HIST_MAIN","DAVIS COUNTY",1985,7,,,71097,91221,8937,69732,169890,,,1.28304991771805,,""
"HIST_MAIN","DAVIS COUNTY",1986,7,,,73293,93613,9445,71211,174269,,,1.27724339295704,,""
"HIST_MAIN","DAVIS COUNTY",1987,7,,,75280,96033,10063,73652,179748,,,1.27567747077577,,""
"HIST_MAIN","DAVIS COUNTY",1988,7,,,77555,97214,10535,73980,181729,,,1.25348462381536,,""
"HIST_MAIN","DAVIS COUNTY",1989,7,,,81390,99442,11115,74681,185238,,,1.22179628947045,,""
"HIST_MAIN","DAVIS COUNTY",1990,7,,,85463,101893,11654,75294,188841,,,1.1922469372711,,""
"HIST_MAIN","DAVIS COUNTY",1991,7,,,85701,105232,12236,76305,193773,,,1.22789699070023,,""
"HIST_MAIN","DAVIS COUNTY",1992,7,,,86524,109087,12728,77384,199199,,,1.26077157782812,,""
"HIST_MAIN","DAVIS COUNTY",1993,7,,,89985,112935,13321,78680,204936,,,1.25504250708451,,""
"HIST_MAIN","DAVIS COUNTY",1994,7,,,96714,116910,13936,79318,210164,,,1.20882188721385,,""
"HIST_MAIN","DAVIS COUNTY",1995,7,,,98578,120623,14579,79420,214622,,,1.22363001886831,,""
"HIST_MAIN","DAVIS COUNTY",1996,7,,,104429,124327,15369,79991,219687,,,1.19054094169244,,""
"HIST_MAIN","DAVIS COUNTY",1997,7,,,109676,127700,15977,81194,224871,,,1.16433859732302,,""
"HIST_MAIN","DAVIS COUNTY",1998,7,,,112640,131555,16636,82746,230937,,,1.16792436079545,,""
"HIST_MAIN","DAVIS COUNTY",1999,7,,,115751,135107,17128,83677,235912,,,1.16722101752901,,""
"HIST_MAIN","DAVIS COUNTY",2000,7,,,120250,138329,17723,84370,240422,,,1.15034511434511,,""
"HIST_MAIN","DAVIS COUNTY",2001,7,,,122324,141653,18331,84703,244687,,,1.15801478041921,,""
"HIST_MAIN","DAVIS COUNTY",2002,7,,,125964,145305,18879,85492,249676,,,1.15354386967705,,""
"HIST_MAIN","DAVIS COUNTY",2003,7,,,128381,149055,19483,87044,255582,,,1.16103629041681,,""
"HIST_MAIN","DAVIS COUNTY",2004,7,,,134041,153195,20057,88937,262189,,,1.14289657642065,,""
"HIST_MAIN","DAVIS COUNTY",2005,7,,,138602,157035,20648,91525,269208,,,1.13299230891329,,""
"HIST_MAIN","DAVIS COUNTY",2006,7,,,145261,162130,21644,95026,278800,,,1.11612889901625,,""
"HIST_MAIN","DAVIS COUNTY",2007,7,,,151937,167104,22428,98704,288236,,,1.0998242692695,,""
"HIST_MAIN","DAVIS COUNTY",2008,7,,,153021,170993,23330,101478,295801,,,1.11744793198319,,""
"HIST_MAIN","DAVIS COUNTY",2009,7,,,150439,173742,24292,103931,301965,,,1.15489999268807,,""
"HIST_MAIN","DAVIS COUNTY",2010,7,,,149661,176908.735260014,25306.8587736412,105496.770166345,307712.3642,,,1.18206303084981,,""
"HIST_MAIN","DAVIS COUNTY",2011,7,,,155652,180573.563465174,26658.3876479109,106484.569786916,313716.5209,,,1.16011078216261,,""
"HIST_MAIN","DAVIS COUNTY",2012,7,,,158322,183972.307003919,27979.0490073591,107311.421588722,319262.7776,,,1.16201353573047,,""
"HIST_MAIN","DAVIS COUNTY",2013,7,,,162116,187811.751894453,29354.4794015489,108379.902903998,325546.1342,,,1.15850225699162,,""
"HIST_MAIN","DAVIS COUNTY",2014,7,,,167088,191366.047788165,30693.8473669011,109267.195744934,331327.0909,,,1.14530096588723,,""
"HIST_MAIN","DAVIS COUNTY",2015,7,,,172951,195406.295528207,32123.3116097947,110410.840461998,337940.4476,,,1.12983617052348,,""
"HIST_MAIN","DAVIS COUNTY",2016,7,,,178932,199626.995312211,33562.7355737956,111652.373413994,344842.1043,,,1.11565843623394,,""
"HIST_MAIN","DAVIS COUNTY",2017,7,,,186263,203561.506093866,34961.2497623141,112774.25704382,351297.0129,,,1.09287140276848,,""
"HIST_MAIN","DAVIS COUNTY",2018,7,,,193118,206319.930880495,36147.2033797171,113220.948739788,355688.083,,,1.06836199049542,,""
"HIST_MAIN","DAVIS COUNTY",2019,7,,,194948,209182.889878242,37309.7986268006,113703.465694958,360196.1542,,,1.07301890698156,,""
"HIST_MAIN","DAVIS COUNTY",2020,7,,,199676,211284.561780363,38358.0025491737,113776.686753872,363419.251083408,,,1.05813699082695,,""
"HIST_MAIN","DAVIS COUNTY",2021,7,,,205080,214990.050707447,39742.5431477865,112629.205699498,367361.799554731,,,1.04832285306928,,""
"HIST_MAIN","DAVIS COUNTY",2022,7,,,212877,219357.911217744,41170.0961219235,111734.243352935,372262.250692603,,,1.03044439379428,,""
"HIST_MAIN","DAVIS COUNTY",2023,7,,,221476,223904.007870994,42845.5552160248,110628.906551925,377378.469638943,,,1.01096284866529,,""
"HIST_MAIN","DAVIS COUNTY",2024,7,,,222591,226117.724515954,44506.72446689,107947.804752803,378572.253735647,,,1.01584396725813,,""
"HIST_MAIN","DUCHESNE COUNTY",1969,7,,,3028,3373,588,3001,6962,,,1.11393659180978,,""
"HIST_MAIN","DUCHESNE COUNTY",1970,7,,,3088,3594,603,3225,7422,,,1.16386010362694,,""
"HIST_MAIN","DUCHESNE COUNTY",1971,7,,,3276,3830,618,3436,7884,,,1.16910866910867,,""
"HIST_MAIN","DUCHESNE COUNTY",1972,7,,,4175,4250,629,3805,8684,,,1.01796407185629,,""
"HIST_MAIN","DUCHESNE COUNTY",1973,7,,,5096,5516,644,4896,11056,,,1.08241758241758,,""
"HIST_MAIN","DUCHESNE COUNTY",1974,7,,,5283,6074,669,5357,12100,,,1.14972553473405,,""
"HIST_MAIN","DUCHESNE COUNTY",1975,7,,,5048,6309,687,5512,12508,,,1.24980190174326,,""
"HIST_MAIN","DUCHESNE COUNTY",1976,7,,,4798,6540,740,5661,12941,,,1.36306794497707,,""
"HIST_MAIN","DUCHESNE COUNTY",1977,7,,,5064,6314,777,5469,12560,,,1.24684044233807,,""
"HIST_MAIN","DUCHESNE COUNTY",1978,7,,,5322,6437,800,5579,12816,,,1.20950770387073,,""
"HIST_MAIN","DUCHESNE COUNTY",1979,7,,,5427,6407,827,5543,12777,,,1.18057858853879,,""
"HIST_MAIN","DUCHESNE COUNTY",1980,7,,,6073,6301,858,5504,12663,,,1.0375432241067,,""
"HIST_MAIN","DUCHESNE COUNTY",1981,7,,,6388,6432,895,5688,13015,,,1.00688791484033,,""
"HIST_MAIN","DUCHESNE COUNTY",1982,7,,,6226,6836,968,6032,13836,,,1.09797622871828,,""
"HIST_MAIN","DUCHESNE COUNTY",1983,7,,,6467,7222,1056,6433,14711,,,1.1167465594557,,""
"HIST_MAIN","DUCHESNE COUNTY",1984,7,,,6567,7444,1105,6610,15159,,,1.13354652048119,,""
"HIST_MAIN","DUCHESNE COUNTY",1985,7,,,6520,7507,1135,6665,15307,,,1.15138036809816,,""
"HIST_MAIN","DUCHESNE COUNTY",1986,7,,,6165,7385,1145,6552,15082,,,1.19789132197891,,""
"HIST_MAIN","DUCHESNE COUNTY",1987,7,,,6007,6896,1104,6185,14185,,,1.14799400699184,,""
"HIST_MAIN","DUCHESNE COUNTY",1988,7,,,5704,6520,1077,5831,13428,,,1.14305750350631,,""
"HIST_MAIN","DUCHESNE COUNTY",1989,7,,,5674,6269,1070,5544,12883,,,1.10486429326754,,""
"HIST_MAIN","DUCHESNE COUNTY",1990,7,,,5996,6141,1070,5397,12608,,,1.02418278852568,,""
"HIST_MAIN","DUCHESNE COUNTY",1991,7,,,6107,6235,1093,5369,12697,,,1.02095955460946,,""
"HIST_MAIN","DUCHESNE COUNTY",1992,7,,,6257,6446,1111,5402,12959,,,1.03020616909062,,""
"HIST_MAIN","DUCHESNE COUNTY",1993,7,,,6462,6600,1133,5436,13169,,,1.0213556174559,,""
"HIST_MAIN","DUCHESNE COUNTY",1994,7,,,6832,6834,1177,5463,13474,,,1.00029274004684,,""
"HIST_MAIN","DUCHESNE COUNTY",1995,7,,,6804,7027,1201,5417,13645,,,1.03277483833039,,""
"HIST_MAIN","DUCHESNE COUNTY",1996,7,,,7073,7213,1209,5379,13801,,,1.01979358122437,,""
"HIST_MAIN","DUCHESNE COUNTY",1997,7,,,7421,7399,1219,5407,14025,,,0.997035439967659,,""
"HIST_MAIN","DUCHESNE COUNTY",1998,7,,,7712,7548,1278,5392,14218,,,0.978734439834025,,""
"HIST_MAIN","DUCHESNE COUNTY",1999,7,,,7562,7705,1318,5372,14395,,,1.01891034117958,,""
"HIST_MAIN","DUCHESNE COUNTY",2000,7,,,7825,7760,1415,5274,14449,,,0.991693290734824,,""
"HIST_MAIN","DUCHESNE COUNTY",2001,7,,,7990,7940,1467,5245,14652,,,0.993742177722153,,""
"HIST_MAIN","DUCHESNE COUNTY",2002,7,,,8100,8160,1505,5304,14969,,,1.00740740740741,,""
"HIST_MAIN","DUCHESNE COUNTY",2003,7,,,8021,8252,1534,5216,15002,,,1.02879940157088,,""
"HIST_MAIN","DUCHESNE COUNTY",2004,7,,,8320,8380,1567,5154,15101,,,1.00721153846154,,""
"HIST_MAIN","DUCHESNE COUNTY",2005,7,,,9048,8610,1606,5257,15473,,,0.95159151193634,,""
"HIST_MAIN","DUCHESNE COUNTY",2006,7,,,9853,8797,1668,5358,15823,,,0.892824520450624,,""
"HIST_MAIN","DUCHESNE COUNTY",2007,7,,,10883,9330,1743,5578,16651,,,0.857300376734356,,""
"HIST_MAIN","DUCHESNE COUNTY",2008,7,,,12051,9675,1821,5916,17412,,,0.802837938760269,,""
"HIST_MAIN","DUCHESNE COUNTY",2009,7,,,11415,10277,1907,6352,18536,,,0.900306614104249,,""
"HIST_MAIN","DUCHESNE COUNTY",2010,7,,,11079,10353.8011671497,2000.93799130365,6334.11944154667,18688.8586,,,0.934542934123089,,""
"HIST_MAIN","DUCHESNE COUNTY",2011,7,,,11843,10426.0473450846,2052.20121033176,6380.77446458361,18859.02302,,,0.880355260076383,,""
"HIST_MAIN","DUCHESNE COUNTY",2012,7,,,12950,10706.2099249463,2145.85496309401,6554.78254195971,19406.84743,,,0.82673435713871,,""
"HIST_MAIN","DUCHESNE COUNTY",2013,7,,,13309,10936.9963191224,2230.14519087805,6697.70032999952,19864.84184,,,0.821774462327928,,""
"HIST_MAIN","DUCHESNE COUNTY",2014,7,,,13751,11006.8683395161,2282.86407169175,6741.21384879213,20030.94626,,,0.800441301688321,,""
"HIST_MAIN","DUCHESNE COUNTY",2015,7,,,12564,11049.5704816472,2330.68701880251,6766.91316955025,20147.17067,,,0.879462789051831,,""
"HIST_MAIN","DUCHESNE COUNTY",2016,7,,,11721,10842.1709807852,2323.13961860443,6640.03448061032,19805.34508,,,0.925020986330962,,""
"HIST_MAIN","DUCHESNE COUNTY",2017,7,,,11831,10870.4564425072,2365.53974017283,6660.18583731993,19896.18202,,,0.918811295960375,,""
"HIST_MAIN","DUCHESNE COUNTY",2018,7,,,11700,10792.3916232931,2383.72104173189,6613.58883497504,19789.7015,,,0.922426634469496,,""
"HIST_MAIN","DUCHESNE COUNTY",2019,7,,,11639,10702.5242546837,2396.11641771987,6558.05064759639,19656.69132,,,0.919539844890772,,""
"HIST_MAIN","DUCHESNE COUNTY",2020,7,,,11519,10658.0733758885,2419.81170416669,6530.02587753078,19607.910957586,,,0.925260298280102,,""
"HIST_MAIN","DUCHESNE COUNTY",2021,7,,,11703,10814.7174458164,2494.83729643293,6428.39741277529,19737.9521550246,,,0.924097876255353,,""
"HIST_MAIN","DUCHESNE COUNTY",2022,7,,,12250,11068.8644017354,2584.08148551625,6441.97771538522,20094.9236026369,,,0.903580767488604,,""
"HIST_MAIN","DUCHESNE COUNTY",2023,7,,,13177,11114.1464169102,2677.3052539611,6320.48442588876,20111.9360967601,,,0.843450437649708,,""
"HIST_MAIN","DUCHESNE COUNTY",2024,7,,,13596,11214.1603908223,2752.48590531519,6204.28167388768,20170.9279700252,,,0.824813209092549,,""
"HIST_MAIN","EMERY COUNTY",1969,7,,,1959,2492,559,2015,5066,,,1.27207759060745,,""
"HIST_MAIN","EMERY COUNTY",1970,7,,,2083,2523,576,2064,5163,,,1.21123379740759,,""
"HIST_MAIN","EMERY COUNTY",1971,7,,,1943,2567,593,2103,5263,,,1.32115285640762,,""
"HIST_MAIN","EMERY COUNTY",1972,7,,,2460,2463,607,1997,5067,,,1.00121951219512,,""
"HIST_MAIN","EMERY COUNTY",1973,7,,,3045,2750,623,2226,5599,,,0.90311986863711,,""
"HIST_MAIN","EMERY COUNTY",1974,7,,,3065,2955,642,2370,5967,,,0.964110929853181,,""
"HIST_MAIN","EMERY COUNTY",1975,7,,,3621,3337,653,2659,6649,,,0.92156862745098,,""
"HIST_MAIN","EMERY COUNTY",1976,7,,,4529,3656,687,2954,7297,,,0.807242216824906,,""
"HIST_MAIN","EMERY COUNTY",1977,7,,,5159,4277,711,3500,8488,,,0.829036635006784,,""
"HIST_MAIN","EMERY COUNTY",1978,7,,,5308,4845,735,4007,9587,,,0.912773172569706,,""
"HIST_MAIN","EMERY COUNTY",1979,7,,,5607,5256,763,4397,10416,,,0.937399678972713,,""
"HIST_MAIN","EMERY COUNTY",1980,7,,,5502,5853,782,4964,11599,,,1.06379498364231,,""
"HIST_MAIN","EMERY COUNTY",1981,7,,,6166,6069,818,5226,12113,,,0.984268569575089,,""
"HIST_MAIN","EMERY COUNTY",1982,7,,,7018,6520,884,5607,13011,,,0.929039612425192,,""
"HIST_MAIN","EMERY COUNTY",1983,7,,,5555,6533,908,5690,13131,,,1.17605760576058,,""
"HIST_MAIN","EMERY COUNTY",1984,7,,,5068,6213,869,5403,12485,,,1.2259273875296,,""
"HIST_MAIN","EMERY COUNTY",1985,7,,,5042,5764,817,5019,11600,,,1.14319714399048,,""
"HIST_MAIN","EMERY COUNTY",1986,7,,,4935,5667,820,4932,11419,,,1.1483282674772,,""
"HIST_MAIN","EMERY COUNTY",1987,7,,,4866,5435,812,4799,11046,,,1.11693382655158,,""
"HIST_MAIN","EMERY COUNTY",1988,7,,,4812,5217,797,4600,10614,,,1.08416458852868,,""
"HIST_MAIN","EMERY COUNTY",1989,7,,,5071,5166,811,4530,10507,,,1.01873397751923,,""
"HIST_MAIN","EMERY COUNTY",1990,7,,,5055,5071,812,4427,10310,,,1.00316518298714,,""
"HIST_MAIN","EMERY COUNTY",1991,7,,,4827,5125,855,4347,10327,,,1.06173606795111,,""
"HIST_MAIN","EMERY COUNTY",1992,7,,,4991,5124,874,4211,10209,,,1.02664796633941,,""
"HIST_MAIN","EMERY COUNTY",1993,7,,,4778,5232,901,4210,10343,,,1.09501883633319,,""
"HIST_MAIN","EMERY COUNTY",1994,7,,,5013,5369,948,4154,10471,,,1.07101536006383,,""
"HIST_MAIN","EMERY COUNTY",1995,7,,,5007,5480,959,4054,10493,,,1.09446774515678,,""
"HIST_MAIN","EMERY COUNTY",1996,7,,,5128,5603,999,3987,10589,,,1.09262870514821,,""
"HIST_MAIN","EMERY COUNTY",1997,7,,,5232,5777,1045,4003,10825,,,1.10416666666667,,""
"HIST_MAIN","EMERY COUNTY",1998,7,,,5491,5874,1071,3969,10914,,,1.06975050081952,,""
"HIST_MAIN","EMERY COUNTY",1999,7,,,5368,5933,1084,3899,10916,,,1.10525335320417,,""
"HIST_MAIN","EMERY COUNTY",2000,7,,,5368,5915,1103,3832,10850,,,1.1019001490313,,""
"HIST_MAIN","EMERY COUNTY",2001,7,,,5334,5896,1118,3600,10614,,,1.10536182977128,,""
"HIST_MAIN","EMERY COUNTY",2002,7,,,5226,5925,1154,3469,10548,,,1.1337543053961,,""
"HIST_MAIN","EMERY COUNTY",2003,7,,,5339,5908,1172,3465,10545,,,1.1065742648436,,""
"HIST_MAIN","EMERY COUNTY",2004,7,,,5505,5890,1198,3372,10460,,,1.06993642143506,,""
"HIST_MAIN","EMERY COUNTY",2005,7,,,5554,5880,1242,3349,10471,,,1.0586964350018,,""
"HIST_MAIN","EMERY COUNTY",2006,7,,,5663,5822,1287,3336,10445,,,1.02807699099417,,""
"HIST_MAIN","EMERY COUNTY",2007,7,,,5692,5906,1328,3332,10566,,,1.03759662684469,,""
"HIST_MAIN","EMERY COUNTY",2008,7,,,5606,5978,1366,3396,10740,,,1.06635747413486,,""
"HIST_MAIN","EMERY COUNTY",2009,7,,,5520,6074,1355,3467,10896,,,1.10036231884058,,""
"HIST_MAIN","EMERY COUNTY",2010,7,,,5592,6123.66956489289,1382.64180534999,3484.71193975712,10991.02331,,,1.09507681775624,,""
"HIST_MAIN","EMERY COUNTY",2011,7,,,5521,6122.56906417072,1438.69879678375,3461.69869904553,11022.96656,,,1.10896016376938,,""
"HIST_MAIN","EMERY COUNTY",2012,7,,,5370,5966.03220057489,1458.68176933269,3350.71583009242,10775.4298,,,1.11099296100091,,""
"HIST_MAIN","EMERY COUNTY",2013,7,,,5319,5890.5855510177,1497.04263751299,3285.09486146932,10672.72305,,,1.10746109250192,,""
"HIST_MAIN","EMERY COUNTY",2014,7,,,5252,5770.20441785786,1523.89207616025,3194.01979598189,10488.11629,,,1.09866801558604,,""
"HIST_MAIN","EMERY COUNTY",2015,7,,,5007,5605.04759669346,1538.00603727541,3078.10590603114,10221.15954,,,1.11944230011853,,""
"HIST_MAIN","EMERY COUNTY",2016,7,,,4910,5494.46567524866,1564.81142700588,2992.99568774546,10052.27279,,,1.11903577907305,,""
"HIST_MAIN","EMERY COUNTY",2017,7,,,4865,5481.82161955779,1619.96229995657,2962.36432048564,10064.14824,,,1.12678758880941,,""
"HIST_MAIN","EMERY COUNTY",2018,7,,,5000,5415.70208715858,1659.7111181609,2901.77466668052,9977.187872,,,1.08314041743172,,""
"HIST_MAIN","EMERY COUNTY",2019,7,,,4928,5350.77784488868,1698.47017759812,2841.0004785132,9890.248501,,,1.08579095878423,,""
"HIST_MAIN","EMERY COUNTY",2020,7,,,5007,5296.39591138341,1742.37134223141,2785.45993464619,9824.227188261,,,1.05779826470609,,""
"HIST_MAIN","EMERY COUNTY",2021,7,,,5170,5347.48322437369,1779.985316572,2762.82286948579,9890.29141043148,,,1.03432944378601,,""
"HIST_MAIN","EMERY COUNTY",2022,7,,,5359,5390.6552522121,1811.054562092,2725.57198886713,9927.28180317124,,,1.00590693267626,,""
"HIST_MAIN","EMERY COUNTY",2023,7,,,5685,5463.71749906387,1863.27917870215,2708.29451407791,10035.2911918439,,,0.961076077231991,,""
"HIST_MAIN","EMERY COUNTY",2024,7,,,5474,5400.10554624649,1913.96995789524,2599.2269662214,9913.30247036313,,,0.986500830516348,,""
"HIST_MAIN","GARFIELD COUNTY",1969,7,,,1588,1549,305,1312,3166,,,0.97544080604534,,""
"HIST_MAIN","GARFIELD COUNTY",1970,7,,,1533,1550,309,1297,3156,,,1.01108936725375,,""
"HIST_MAIN","GARFIELD COUNTY",1971,7,,,1531,1559,313,1278,3150,,,1.01828870019595,,""
"HIST_MAIN","GARFIELD COUNTY",1972,7,,,1566,1587,320,1240,3147,,,1.01340996168582,,""
"HIST_MAIN","GARFIELD COUNTY",1973,7,,,1525,1615,324,1216,3155,,,1.05901639344262,,""
"HIST_MAIN","GARFIELD COUNTY",1974,7,,,1465,1578,348,1149,3075,,,1.07713310580205,,""
"HIST_MAIN","GARFIELD COUNTY",1975,7,,,1593,1700,369,1192,3261,,,1.06716886377903,,""
"HIST_MAIN","GARFIELD COUNTY",1976,7,,,1733,1721,385,1179,3285,,,0.993075591459896,,""
"HIST_MAIN","GARFIELD COUNTY",1977,7,,,1832,1803,415,1209,3427,,,0.984170305676856,,""
"HIST_MAIN","GARFIELD COUNTY",1978,7,,,1897,1860,417,1219,3496,,,0.980495519240907,,""
"HIST_MAIN","GARFIELD COUNTY",1979,7,,,1996,1898,425,1221,3544,,,0.950901803607214,,""
"HIST_MAIN","GARFIELD COUNTY",1980,7,,,2323,1987,438,1270,3695,,,0.855359448988377,,""
"HIST_MAIN","GARFIELD COUNTY",1981,7,,,2026,2016,456,1318,3790,,,0.995064165844028,,""
"HIST_MAIN","GARFIELD COUNTY",1982,7,,,1915,2062,473,1359,3894,,,1.07676240208877,,""
"HIST_MAIN","GARFIELD COUNTY",1983,7,,,1945,2124,503,1423,4050,,,1.09203084832905,,""
"HIST_MAIN","GARFIELD COUNTY",1984,7,,,1916,2108,505,1422,4035,,,1.10020876826722,,""
"HIST_MAIN","GARFIELD COUNTY",1985,7,,,1942,2070,509,1413,3992,,,1.0659114315139,,""
"HIST_MAIN","GARFIELD COUNTY",1986,7,,,2010,2088,520,1434,4042,,,1.03880597014925,,""
"HIST_MAIN","GARFIELD COUNTY",1987,7,,,2008,2065,532,1458,4055,,,1.02838645418327,,""
"HIST_MAIN","GARFIELD COUNTY",1988,7,,,2092,2012,538,1423,3973,,,0.961759082217973,,""
"HIST_MAIN","GARFIELD COUNTY",1989,7,,,2216,2036,560,1438,4034,,,0.918772563176895,,""
"HIST_MAIN","GARFIELD COUNTY",1990,7,,,2206,1986,553,1428,3967,,,0.900271985494107,,""
"HIST_MAIN","GARFIELD COUNTY",1991,7,,,2191,2022,567,1445,4034,,,0.922866271109083,,""
"HIST_MAIN","GARFIELD COUNTY",1992,7,,,2274,2090,597,1455,4142,,,0.919085312225154,,""
"HIST_MAIN","GARFIELD COUNTY",1993,7,,,2372,2084,592,1435,4111,,,0.87858347386172,,""
"HIST_MAIN","GARFIELD COUNTY",1994,7,,,2691,2153,596,1457,4206,,,0.800074321813452,,""
"HIST_MAIN","GARFIELD COUNTY",1995,7,,,2633,2232,620,1459,4311,,,0.847702240789973,,""
"HIST_MAIN","GARFIELD COUNTY",1996,7,,,2788,2291,645,1460,4396,,,0.821736011477762,,""
"HIST_MAIN","GARFIELD COUNTY",1997,7,,,2951,2351,663,1488,4502,,,0.796679091833277,,""
"HIST_MAIN","GARFIELD COUNTY",1998,7,,,2864,2438,668,1528,4634,,,0.851256983240223,,""
"HIST_MAIN","GARFIELD COUNTY",1999,7,,,3017,2458,669,1522,4649,,,0.814716605899901,,""
"HIST_MAIN","GARFIELD COUNTY",2000,7,,,2992,2527,667,1553,4747,,,0.844585561497326,,""
"HIST_MAIN","GARFIELD COUNTY",2001,7,,,2905,2538,666,1501,4705,,,0.873666092943201,,""
"HIST_MAIN","GARFIELD COUNTY",2002,7,,,2836,2548,669,1433,4650,,,0.898448519040903,,""
"HIST_MAIN","GARFIELD COUNTY",2003,7,,,2905,2574,679,1352,4605,,,0.88605851979346,,""
"HIST_MAIN","GARFIELD COUNTY",2004,7,,,3003,2547,712,1293,4552,,,0.848151848151848,,""
"HIST_MAIN","GARFIELD COUNTY",2005,7,,,3149,2587,730,1265,4582,,,0.821530644649095,,""
"HIST_MAIN","GARFIELD COUNTY",2006,7,,,3202,2650,739,1281,4670,,,0.827607745159275,,""
"HIST_MAIN","GARFIELD COUNTY",2007,7,,,3346,2744,780,1326,4850,,,0.820083682008368,,""
"HIST_MAIN","GARFIELD COUNTY",2008,7,,,3505,2872,794,1344,5010,,,0.819400855920114,,""
"HIST_MAIN","GARFIELD COUNTY",2009,7,,,3292,2905,806,1357,5068,,,0.882442284325638,,""
"HIST_MAIN","GARFIELD COUNTY",2010,7,,,3431,2954.57105156891,839.973296344809,1372.82270408628,5167.367052,,,0.861139915933812,,""
"HIST_MAIN","GARFIELD COUNTY",2011,7,,,3408,2945.37280630794,881.994907995609,1357.38454469645,5184.752259,,,0.864252584010546,,""
"HIST_MAIN","GARFIELD COUNTY",2012,7,,,3363,2930.77157564082,923.06445355732,1339.33943680186,5193.175466,,,0.871475342147137,,""
"HIST_MAIN","GARFIELD COUNTY",2013,7,,,3345,2900.28339239569,958.67404371885,1313.86723688546,5172.824673,,,0.867050341523375,,""
"HIST_MAIN","GARFIELD COUNTY",2014,7,,,3365,2858.92228457484,990.452964468544,1283.33663095661,5132.71188,,,0.84960543375181,,""
"HIST_MAIN","GARFIELD COUNTY",2015,7,,,3443,2815.30000546995,1021.0676123878,1251.68746914226,5088.055087,,,0.817688064324702,,""
"HIST_MAIN","GARFIELD COUNTY",2016,7,,,3545,2803.48922646666,1062.40805699324,1234.36601054009,5100.263294,,,0.790829118890454,,""
"HIST_MAIN","GARFIELD COUNTY",2017,7,,,3611,2803.04160497304,1108.6746357276,1222.44451729935,5134.160758,,,0.776250790632246,,""
"HIST_MAIN","GARFIELD COUNTY",2018,7,,,3583,2770.59139530409,1142.17843140287,1196.20043829304,5108.970265,,,0.77326022754789,,""
"HIST_MAIN","GARFIELD COUNTY",2019,7,,,3529,2743.47796161638,1176.4715577453,1172.01632763833,5091.965847,,,0.77740945356089,,""
"HIST_MAIN","GARFIELD COUNTY",2020,7,,,3298,2720.62308802744,1213.44957784362,1149.57166672693,5083.644332598,,,0.824931197097465,,""
"HIST_MAIN","GARFIELD COUNTY",2021,7,,,3685,2718.3749301085,1218.85301319929,1145.42397414452,5082.65191745231,,,0.737686548197693,,""
"HIST_MAIN","GARFIELD COUNTY",2022,7,,,3907,2729.72739299511,1252.56553922377,1130.35140885357,5112.64434107245,,,0.698676066801922,,""
"HIST_MAIN","GARFIELD COUNTY",2023,7,,,3665,2740.48581067644,1272.11343524032,1128.04809676748,5140.64734268425,,,0.747745105232317,,""
"HIST_MAIN","GARFIELD COUNTY",2024,7,,,3738,2723.99570210243,1285.00453830953,1105.64414888187,5114.64438929383,,,0.728730792429757,,""
"HIST_MAIN","GRAND COUNTY",1969,7,,,2947,3537,261,3127,6925,,,1.20020359687818,,""
"HIST_MAIN","GRAND COUNTY",1970,7,,,2723,3398,295,2921,6614,,,1.2478883584282,,""
"HIST_MAIN","GRAND COUNTY",1971,7,,,2585,3272,329,2710,6311,,,1.26576402321083,,""
"HIST_MAIN","GRAND COUNTY",1972,7,,,2791,3224,360,2568,6152,,,1.15514152633465,,""
"HIST_MAIN","GRAND COUNTY",1973,7,,,2824,3173,395,2403,5971,,,1.1235835694051,,""
"HIST_MAIN","GRAND COUNTY",1974,7,,,2907,3185,426,2296,5907,,,1.09563123495012,,""
"HIST_MAIN","GRAND COUNTY",1975,7,,,3114,3446,454,2348,6248,,,1.10661528580604,,""
"HIST_MAIN","GRAND COUNTY",1976,7,,,3479,3709,484,2441,6634,,,1.06611095142282,,""
"HIST_MAIN","GRAND COUNTY",1977,7,,,3775,3945,514,2543,7002,,,1.04503311258278,,""
"HIST_MAIN","GRAND COUNTY",1978,7,,,4035,4347,535,2735,7617,,,1.07732342007435,,""
"HIST_MAIN","GRAND COUNTY",1979,7,,,3856,4674,532,2878,8084,,,1.21213692946058,,""
"HIST_MAIN","GRAND COUNTY",1980,7,,,4104,4780,554,2923,8257,,,1.16471734892788,,""
"HIST_MAIN","GRAND COUNTY",1981,7,,,3946,4778,595,2934,8307,,,1.21084642676128,,""
"HIST_MAIN","GRAND COUNTY",1982,7,,,3589,4741,626,2883,8250,,,1.32098077458902,,""
"HIST_MAIN","GRAND COUNTY",1983,7,,,3292,4642,657,2825,8124,,,1.41008505467801,,""
"HIST_MAIN","GRAND COUNTY",1984,7,,,3206,4491,678,2706,7875,,,1.4008109794136,,""
"HIST_MAIN","GRAND COUNTY",1985,7,,,3125,4202,675,2513,7390,,,1.34464,,""
"HIST_MAIN","GRAND COUNTY",1986,7,,,2934,4021,690,2379,7090,,,1.37048398091343,,""
"HIST_MAIN","GRAND COUNTY",1987,7,,,2993,3848,717,2288,6853,,,1.28566655529569,,""
"HIST_MAIN","GRAND COUNTY",1988,7,,,3006,3777,757,2221,6755,,,1.2564870259481,,""
"HIST_MAIN","GRAND COUNTY",1989,7,,,3229,3663,785,2115,6563,,,1.13440693713224,,""
"HIST_MAIN","GRAND COUNTY",1990,7,,,3477,3677,831,2112,6620,,,1.0575208513086,,""
"HIST_MAIN","GRAND COUNTY",1991,7,,,3712,3768,848,2105,6721,,,1.01508620689655,,""
"HIST_MAIN","GRAND COUNTY",1992,7,,,4087,4037,871,2199,7107,,,0.987766087594813,,""
"HIST_MAIN","GRAND COUNTY",1993,7,,,4393,4273,921,2250,7444,,,0.972683815160483,,""
"HIST_MAIN","GRAND COUNTY",1994,7,,,4857,4489,927,2308,7724,,,0.924233065678402,,""
"HIST_MAIN","GRAND COUNTY",1995,7,,,4899,4638,944,2297,7879,,,0.946723821187998,,""
"HIST_MAIN","GRAND COUNTY",1996,7,,,5117,4819,991,2327,8137,,,0.941762751612273,,""
"HIST_MAIN","GRAND COUNTY",1997,7,,,5428,4910,1002,2309,8221,,,0.904568901989683,,""
"HIST_MAIN","GRAND COUNTY",1998,7,,,5463,4913,1007,2279,8199,,,0.89932271645616,,""
"HIST_MAIN","GRAND COUNTY",1999,7,,,5837,5030,1036,2292,8358,,,0.86174404659928,,""
"HIST_MAIN","GRAND COUNTY",2000,7,,,5757,5116,1054,2250,8420,,,0.88865728678131,,""
"HIST_MAIN","GRAND COUNTY",2001,7,,,5647,5175,1069,2192,8436,,,0.916415795997875,,""
"HIST_MAIN","GRAND COUNTY",2002,7,,,5664,5287,1086,2183,8556,,,0.933439265536723,,""
"HIST_MAIN","GRAND COUNTY",2003,7,,,5736,5370,1076,2110,8556,,,0.936192468619247,,""
"HIST_MAIN","GRAND COUNTY",2004,7,,,5798,5376,1109,2043,8528,,,0.927216281476371,,""
"HIST_MAIN","GRAND COUNTY",2005,7,,,6014,5448,1126,2083,8657,,,0.905886265380778,,""
"HIST_MAIN","GRAND COUNTY",2006,7,,,6233,5549,1130,2108,8787,,,0.890261511310765,,""
"HIST_MAIN","GRAND COUNTY",2007,7,,,6567,5613,1148,2077,8838,,,0.854728186386478,,""
"HIST_MAIN","GRAND COUNTY",2008,7,,,6678,5699,1182,2100,8981,,,0.85339922132375,,""
"HIST_MAIN","GRAND COUNTY",2009,7,,,6444,5726,1216,2092,9034,,,0.888578522656735,,""
"HIST_MAIN","GRAND COUNTY",2010,7,,,6451,5846.9189233585,1265.43845120636,2114.75718543514,9227.11456,,,0.9063585371816,,""
"HIST_MAIN","GRAND COUNTY",2011,7,,,6638,5876.85180176048,1338.10124415894,2125.47375408058,9340.4268,,,0.885334709514986,,""
"HIST_MAIN","GRAND COUNTY",2012,7,,,6880,5891.81950860343,1408.64828725859,2130.81524513798,9431.283041,,,0.856369114622592,,""
"HIST_MAIN","GRAND COUNTY",2013,7,,,7092,5838.46908417311,1462.00784425353,2111.16335257336,9411.640281,,,0.823247191789779,,""
"HIST_MAIN","GRAND COUNTY",2014,7,,,7327,5819.06454078475,1523.57213918466,2103.39084203058,9446.027522,,,0.794194696435751,,""
"HIST_MAIN","GRAND COUNTY",2015,7,,,7546,5833.76607193168,1594.66092491362,2107.4587651547,9535.885762,,,0.773093834075229,,""
"HIST_MAIN","GRAND COUNTY",2016,7,,,7738,5875.90590730369,1673.16977642596,2121.71831827035,9670.794002,,,0.759357186263077,,""
"HIST_MAIN","GRAND COUNTY",2017,7,,,8094,5878.78268178909,1741.44063898106,2122.70272422985,9742.926045,,,0.726313649838039,,""
"HIST_MAIN","GRAND COUNTY",2018,7,,,8238,5934.65175069748,1825.84993047567,2142.25894982685,9902.760631,,,0.720399581293697,,""
"HIST_MAIN","GRAND COUNTY",2019,7,,,8412,5784.31861669263,1844.24698868337,2086.841484624,9715.40709,,,0.687627034794654,,""
"HIST_MAIN","GRAND COUNTY",2020,7,,,8010,5715.70385003767,1887.90200359513,2060.8105561552,9664.416409788,,,0.713571017482855,,""
"HIST_MAIN","GRAND COUNTY",2021,7,,,8865,5689.8264517244,1973.83747988828,2045.77689576645,9709.44082737913,,,0.641830395005572,,""
"HIST_MAIN","GRAND COUNTY",2022,7,,,9483,5663.72840649502,2063.98242445985,2015.71650412089,9743.42733507576,,,0.597250701939789,,""
"HIST_MAIN","GRAND COUNTY",2023,7,,,9476,5693.4755636032,2133.2481359003,2015.70997153976,9842.43367104327,,,0.600831106332123,,""
"HIST_MAIN","GRAND COUNTY",2024,7,,,9506,5696.68241603901,2219.30982210062,1982.43870508509,9898.43094322472,,,0.599272292871766,,""
"HIST_MAIN","IRON COUNTY",1969,7,,,5170,6446,914,4410,11770,,,1.2468085106383,,""
"HIST_MAIN","IRON COUNTY",1970,7,,,5202,6776,931,4602,12309,,,1.30257593233372,,""
"HIST_MAIN","IRON COUNTY",1971,7,,,5571,7106,948,4795,12849,,,1.27553401543708,,""
"HIST_MAIN","IRON COUNTY",1972,7,,,5762,7333,977,4929,13239,,,1.27264838597709,,""
"HIST_MAIN","IRON COUNTY",1973,7,,,5938,7642,998,5082,13722,,,1.28696530818457,,""
"HIST_MAIN","IRON COUNTY",1974,7,,,6168,7877,1039,5197,14113,,,1.27707522697795,,""
"HIST_MAIN","IRON COUNTY",1975,7,,,6449,8257,1080,5384,14721,,,1.28035354318499,,""
"HIST_MAIN","IRON COUNTY",1976,7,,,6624,8505,1101,5572,15178,,,1.28396739130435,,""
"HIST_MAIN","IRON COUNTY",1977,7,,,6854,8655,1160,5735,15550,,,1.26276626787278,,""
"HIST_MAIN","IRON COUNTY",1978,7,,,7168,8989,1222,6039,16250,,,1.25404575892857,,""
"HIST_MAIN","IRON COUNTY",1979,7,,,7420,9291,1230,6317,16838,,,1.25215633423181,,""
"HIST_MAIN","IRON COUNTY",1980,7,,,7354,9550,1299,6584,17433,,,1.29861299972804,,""
"HIST_MAIN","IRON COUNTY",1981,7,,,7424,9662,1352,6702,17716,,,1.30145474137931,,""
"HIST_MAIN","IRON COUNTY",1982,7,,,7609,9997,1426,6870,18293,,,1.31383887501643,,""
"HIST_MAIN","IRON COUNTY",1983,7,,,7997,10183,1501,7021,18705,,,1.2733525071902,,""
"HIST_MAIN","IRON COUNTY",1984,7,,,8303,10511,1579,7180,19270,,,1.26592797783934,,""
"HIST_MAIN","IRON COUNTY",1985,7,,,8321,10899,1675,7398,19972,,,1.30981853142651,,""
"HIST_MAIN","IRON COUNTY",1986,7,,,8128,10947,1723,7386,20056,,,1.34682578740157,,""
"HIST_MAIN","IRON COUNTY",1987,7,,,8576,10892,1771,7395,20058,,,1.27005597014925,,""
"HIST_MAIN","IRON COUNTY",1988,7,,,9101,10958,1831,7335,20124,,,1.20404351170201,,""
"HIST_MAIN","IRON COUNTY",1989,7,,,9608,11219,1920,7353,20492,,,1.16767277268943,,""
"HIST_MAIN","IRON COUNTY",1990,7,,,10198,11530,2009,7388,20927,,,1.13061384585213,,""
"HIST_MAIN","IRON COUNTY",1991,7,,,10382,12023,2050,7615,21688,,,1.1580620304373,,""
"HIST_MAIN","IRON COUNTY",1992,7,,,11124,12654,2174,7798,22626,,,1.13754045307443,,""
"HIST_MAIN","IRON COUNTY",1993,7,,,12059,13681,2271,8275,24227,,,1.13450534870221,,""
"HIST_MAIN","IRON COUNTY",1994,7,,,13796,14742,2379,8670,25791,,,1.06857060017396,,""
"HIST_MAIN","IRON COUNTY",1995,7,,,14647,16081,2448,9178,27707,,,1.09790400764662,,""
"HIST_MAIN","IRON COUNTY",1996,7,,,15584,16994,2553,9434,28981,,,1.09047741273101,,""
"HIST_MAIN","IRON COUNTY",1997,7,,,16945,17775,2673,9723,30171,,,1.04898200059014,,""
"HIST_MAIN","IRON COUNTY",1998,7,,,17885,18809,2737,10107,31653,,,1.05166340508806,,""
"HIST_MAIN","IRON COUNTY",1999,7,,,18481,19699,2813,10371,32883,,,1.06590552459283,,""
"HIST_MAIN","IRON COUNTY",2000,7,,,19233,20485,2911,10606,34002,,,1.06509644881194,,""
"HIST_MAIN","IRON COUNTY",2001,7,,,18824,21103,2985,10683,34771,,,1.12106884827879,,""
"HIST_MAIN","IRON COUNTY",2002,7,,,19016,21851,3104,10773,35728,,,1.14908498106857,,""
"HIST_MAIN","IRON COUNTY",2003,7,,,19222,22128,3226,10848,36202,,,1.15118093850796,,""
"HIST_MAIN","IRON COUNTY",2004,7,,,20175,22792,3381,11050,37223,,,1.12971499380421,,""
"HIST_MAIN","IRON COUNTY",2005,7,,,21632,24194,3624,11737,39555,,,1.11843565088757,,""
"HIST_MAIN","IRON COUNTY",2006,7,,,23062,25421,3808,12771,42000,,,1.10228948053074,,""
"HIST_MAIN","IRON COUNTY",2007,7,,,23883,26332,3980,13333,43645,,,1.10254155675585,,""
"HIST_MAIN","IRON COUNTY",2008,7,,,23634,26893,4166,13488,44547,,,1.13789455868664,,""
"HIST_MAIN","IRON COUNTY",2009,7,,,22695,27419,4377,13897,45693,,,1.20815157523684,,""
"HIST_MAIN","IRON COUNTY",2010,7,,,22222,27716.7372530019,4588.23324168772,13935.5324653104,46240.50296,,,1.24726564904158,,""
"HIST_MAIN","IRON COUNTY",2011,7,,,22240,28141.4111148336,4857.6027454041,14053.1509297623,47052.16479,,,1.26535121919216,,""
"HIST_MAIN","IRON COUNTY",2012,7,,,22240,28341.3858065912,5085.37296627099,14059.5078471378,47486.26662,,,1.27434288698701,,""
"HIST_MAIN","IRON COUNTY",2013,7,,,22298,28519.0895934085,5300.89310053323,14055.1457560583,47875.12845,,,1.27899764971784,,""
"HIST_MAIN","IRON COUNTY",2014,7,,,23260,28852.6145737442,5542.83797681883,14129.417729437,48524.87028,,,1.24043914762443,,""
"HIST_MAIN","IRON COUNTY",2015,7,,,23684,29569.3381420236,5860.2079638417,14391.6160041347,49821.16211,,,1.24849426372334,,""
"HIST_MAIN","IRON COUNTY",2016,7,,,24811,30358.2296870173,6188.97525514864,14687.588997834,51234.79394,,,1.22357944810839,,""
"HIST_MAIN","IRON COUNTY",2017,7,,,26189,31259.4058468187,6543.34487515336,15041.2514280279,52844.00215,,,1.19360822661494,,""
"HIST_MAIN","IRON COUNTY",2018,7,,,27648,32363.2081818548,6943.24109759662,15488.6240705486,54795.07335,,,1.17054427741084,,""
"HIST_MAIN","IRON COUNTY",2019,7,,,28968,33103.2948720572,7261.56671861884,15757.330539324,56122.19213,,,1.14275389643942,,""
"HIST_MAIN","IRON COUNTY",2020,7,,,30360,33962.6445763963,7613.71038750845,16082.0780350313,57658.432998936,,,1.11866418235824,,""
"HIST_MAIN","IRON COUNTY",2021,7,,,32725,36283.6340123384,7948.75034281924,16896.1381097559,61128.5224649136,,,1.10874359090415,,""
"HIST_MAIN","IRON COUNTY",2022,7,,,34623,38095.7778478541,8242.85336198129,17344.7988886925,63683.4300985279,,,1.10030262680455,,""
"HIST_MAIN","IRON COUNTY",2023,7,,,36113,39783.723973923,8619.08848014557,17641.6550683801,66044.4675224487,,,1.10164550089782,,""
"HIST_MAIN","IRON COUNTY",2024,7,,,36916,41121.0332776984,9060.28039431809,17716.1148771226,67897.4285491391,,,1.11390815033315,,""
"HIST_MAIN","JUAB COUNTY",1969,7,,,2214,2238,546,1738,4522,,,1.01084010840108,,""
"HIST_MAIN","JUAB COUNTY",1970,7,,,2136,2273,555,1757,4585,,,1.06413857677903,,""
"HIST_MAIN","JUAB COUNTY",1971,7,,,2092,2313,564,1774,4651,,,1.10564053537285,,""
"HIST_MAIN","JUAB COUNTY",1972,7,,,2087,2390,569,1822,4781,,,1.14518447532343,,""
"HIST_MAIN","JUAB COUNTY",1973,7,,,2144,2477,576,1874,4927,,,1.1553171641791,,""
"HIST_MAIN","JUAB COUNTY",1974,7,,,2251,2450,603,1836,4889,,,1.08840515326522,,""
"HIST_MAIN","JUAB COUNTY",1975,7,,,2200,2499,624,1857,4980,,,1.13590909090909,,""
"HIST_MAIN","JUAB COUNTY",1976,7,,,2199,2506,635,1868,5009,,,1.13960891314234,,""
"HIST_MAIN","JUAB COUNTY",1977,7,,,2312,2564,655,1927,5146,,,1.10899653979239,,""
"HIST_MAIN","JUAB COUNTY",1978,7,,,2308,2637,683,2003,5323,,,1.14254766031196,,""
"HIST_MAIN","JUAB COUNTY",1979,7,,,2345,2686,703,2059,5448,,,1.1454157782516,,""
"HIST_MAIN","JUAB COUNTY",1980,7,,,2411,2720,706,2124,5550,,,1.1281625881377,,""
"HIST_MAIN","JUAB COUNTY",1981,7,,,2568,2728,711,2169,5608,,,1.06230529595016,,""
"HIST_MAIN","JUAB COUNTY",1982,7,,,2212,2772,729,2210,5711,,,1.25316455696203,,""
"HIST_MAIN","JUAB COUNTY",1983,7,,,2160,2824,759,2280,5863,,,1.30740740740741,,""
"HIST_MAIN","JUAB COUNTY",1984,7,,,2183,2898,785,2347,6030,,,1.32753092075126,,""
"HIST_MAIN","JUAB COUNTY",1985,7,,,2150,2990,818,2437,6245,,,1.3906976744186,,""
"HIST_MAIN","JUAB COUNTY",1986,7,,,2105,2959,824,2416,6199,,,1.40570071258907,,""
"HIST_MAIN","JUAB COUNTY",1987,7,,,2117,2813,799,2339,5951,,,1.32876712328767,,""
"HIST_MAIN","JUAB COUNTY",1988,7,,,2274,2702,788,2249,5739,,,1.1882145998241,,""
"HIST_MAIN","JUAB COUNTY",1989,7,,,2307,2727,809,2264,5800,,,1.18205461638492,,""
"HIST_MAIN","JUAB COUNTY",1990,7,,,2487,2713,818,2289,5820,,,1.09087253719341,,""
"HIST_MAIN","JUAB COUNTY",1991,7,,,2683,2776,836,2299,5911,,,1.03466269101752,,""
"HIST_MAIN","JUAB COUNTY",1992,7,,,2709,2823,852,2303,5978,,,1.04208194905869,,""
"HIST_MAIN","JUAB COUNTY",1993,7,,,2806,2935,827,2379,6141,,,1.04597291518175,,""
"HIST_MAIN","JUAB COUNTY",1994,7,,,3017,3155,828,2494,6477,,,1.04574080212131,,""
"HIST_MAIN","JUAB COUNTY",1995,7,,,3088,3382,823,2608,6813,,,1.09520725388601,,""
"HIST_MAIN","JUAB COUNTY",1996,7,,,3301,3626,838,2749,7213,,,1.09845501363223,,""
"HIST_MAIN","JUAB COUNTY",1997,7,,,3371,3784,836,2840,7460,,,1.12251557401365,,""
"HIST_MAIN","JUAB COUNTY",1998,7,,,3544,3999,831,3002,7832,,,1.12838600451467,,""
"HIST_MAIN","JUAB COUNTY",1999,7,,,3564,4163,815,3098,8076,,,1.16806958473625,,""
"HIST_MAIN","JUAB COUNTY",2000,7,,,3654,4275,813,3180,8268,,,1.16995073891626,,""
"HIST_MAIN","JUAB COUNTY",2001,7,,,3905,4389,817,3182,8388,,,1.12394366197183,,""
"HIST_MAIN","JUAB COUNTY",2002,7,,,3970,4441,858,3183,8482,,,1.11863979848866,,""
"HIST_MAIN","JUAB COUNTY",2003,7,,,4016,4515,874,3233,8622,,,1.12425298804781,,""
"HIST_MAIN","JUAB COUNTY",2004,7,,,4282,4609,875,3319,8803,,,1.07636618402616,,""
"HIST_MAIN","JUAB COUNTY",2005,7,,,4638,4666,893,3367,8926,,,1.00603708495041,,""
"HIST_MAIN","JUAB COUNTY",2006,7,,,4692,4800,939,3436,9175,,,1.0230179028133,,""
"HIST_MAIN","JUAB COUNTY",2007,7,,,4989,5014,968,3625,9607,,,1.00501102425336,,""
"HIST_MAIN","JUAB COUNTY",2008,7,,,4986,5209,1017,3798,10024,,,1.04472523064581,,""
"HIST_MAIN","JUAB COUNTY",2009,7,,,4988,5314,1033,3862,10209,,,1.06535685645549,,""
"HIST_MAIN","JUAB COUNTY",2010,7,,,4768,5378.35423078229,1049.6216591903,3831.9239500274,10259.89984,,,1.12801053497951,,""
"HIST_MAIN","JUAB COUNTY",2011,7,,,4679,5408.80858440609,1072.17967342896,3798.42093216494,10279.40919,,,1.15597533327764,,""
"HIST_MAIN","JUAB COUNTY",2012,7,,,4844,5441.53133077491,1095.01265511532,3767.77455410977,10304.31854,,,1.1233549402921,,""
"HIST_MAIN","JUAB COUNTY",2013,7,,,4990,5481.6508138557,1118.45258821899,3743.0444979253,10343.1479,,,1.09852721720555,,""
"HIST_MAIN","JUAB COUNTY",2014,7,,,4939,5574.96737523112,1152.77406318071,3754.71581158817,10482.45725,,,1.12876440073519,,""
"HIST_MAIN","JUAB COUNTY",2015,7,,,5149,5683.44650604448,1190.56589768312,3775.95419627241,10649.9666,,,1.10379617518828,,""
"HIST_MAIN","JUAB COUNTY",2016,7,,,5286,5911.14388451102,1252.71213161872,3875.31994387026,11039.17596,,,1.11826407198468,,""
"HIST_MAIN","JUAB COUNTY",2017,7,,,5323,6023.95498504306,1290.99240946936,3899.81387548757,11214.76127,,,1.13168419782887,,""
"HIST_MAIN","JUAB COUNTY",2018,7,,,5529,6204.19116598028,1343.56277739414,3966.37355662558,11514.1275,,,1.12211813455965,,""
"HIST_MAIN","JUAB COUNTY",2019,7,,,5598,6330.54737970254,1383.2988291246,3996.70442117285,11710.55063,,,1.1308587673638,,""
"HIST_MAIN","JUAB COUNTY",2020,7,,,5774,6415.51437802113,1415.0446189769,4000.69095630797,11831.249953306,,,1.11110397956722,,""
"HIST_MAIN","JUAB COUNTY",2021,7,,,6031,6583.16132547473,1442.16636459942,4031.94019755163,12057.2678876258,,,1.09155385930604,,""
"HIST_MAIN","JUAB COUNTY",2022,7,,,6200,6863.58819220801,1461.63020948239,4113.03134199103,12438.2497436814,,,1.10703035358194,,""
"HIST_MAIN","JUAB COUNTY",2023,7,,,6321,7114.75160361372,1495.1741206488,4156.3313348114,12766.2570590739,,,1.12557373890424,,""
"HIST_MAIN","JUAB COUNTY",2024,7,,,6518,7377.74358054061,1539.85520198062,4198.65079631383,13116.2495788351,,,1.13190297338764,,""
"HIST_MAIN","KANE COUNTY",1969,7,,,1042,1180,226,985,2391,,,1.13243761996161,,""
"HIST_MAIN","KANE COUNTY",1970,7,,,1073,1189,245,998,2432,,,1.10810810810811,,""
"HIST_MAIN","KANE COUNTY",1971,7,,,1203,1206,264,1007,2477,,,1.00249376558603,,""
"HIST_MAIN","KANE COUNTY",1972,7,,,1261,1467,280,1210,2957,,,1.16336241078509,,""
"HIST_MAIN","KANE COUNTY",1973,7,,,1220,1576,298,1279,3153,,,1.29180327868852,,""
"HIST_MAIN","KANE COUNTY",1974,7,,,1206,1671,313,1339,3323,,,1.38557213930348,,""
"HIST_MAIN","KANE COUNTY",1975,7,,,1276,1732,323,1387,3442,,,1.35736677115987,,""
"HIST_MAIN","KANE COUNTY",1976,7,,,1407,1775,341,1401,3517,,,1.26154939587775,,""
"HIST_MAIN","KANE COUNTY",1977,7,,,1456,1825,365,1427,3617,,,1.25343406593407,,""
"HIST_MAIN","KANE COUNTY",1978,7,,,1517,2026,394,1570,3990,,,1.33553065260382,,""
"HIST_MAIN","KANE COUNTY",1979,7,,,1448,2135,418,1646,4199,,,1.47444751381215,,""
"HIST_MAIN","KANE COUNTY",1980,7,,,1558,2030,443,1567,4040,,,1.30295250320924,,""
"HIST_MAIN","KANE COUNTY",1981,7,,,1470,2045,461,1585,4091,,,1.39115646258503,,""
"HIST_MAIN","KANE COUNTY",1982,7,,,1596,2128,489,1636,4253,,,1.33333333333333,,""
"HIST_MAIN","KANE COUNTY",1983,7,,,1582,2197,517,1698,4412,,,1.38874841972187,,""
"HIST_MAIN","KANE COUNTY",1984,7,,,1678,2257,539,1728,4524,,,1.3450536352801,,""
"HIST_MAIN","KANE COUNTY",1985,7,,,1803,2343,572,1778,4693,,,1.29950083194676,,""
"HIST_MAIN","KANE COUNTY",1986,7,,,1912,2453,614,1848,4915,,,1.28294979079498,,""
"HIST_MAIN","KANE COUNTY",1987,7,,,2071,2535,655,1926,5116,,,1.22404635441816,,""
"HIST_MAIN","KANE COUNTY",1988,7,,,2193,2568,686,1932,5186,,,1.17099863201094,,""
"HIST_MAIN","KANE COUNTY",1989,7,,,2265,2559,694,1897,5150,,,1.12980132450331,,""
"HIST_MAIN","KANE COUNTY",1990,7,,,2374,2564,721,1881,5166,,,1.08003369839933,,""
"HIST_MAIN","KANE COUNTY",1991,7,,,2343,2537,740,1812,5089,,,1.0827998292787,,""
"HIST_MAIN","KANE COUNTY",1992,7,,,2443,2574,785,1792,5151,,,1.05362259516987,,""
"HIST_MAIN","KANE COUNTY",1993,7,,,2599,2855,816,1934,5605,,,1.09849942285494,,""
"HIST_MAIN","KANE COUNTY",1994,7,,,2965,2939,848,1911,5698,,,0.991231028667791,,""
"HIST_MAIN","KANE COUNTY",1995,7,,,3174,3068,878,1923,5869,,,0.966603654694392,,""
"HIST_MAIN","KANE COUNTY",1996,7,,,3209,3097,921,1873,5891,,,0.965098161421003,,""
"HIST_MAIN","KANE COUNTY",1997,7,,,3388,3140,938,1855,5933,,,0.926800472255018,,""
"HIST_MAIN","KANE COUNTY",1998,7,,,3474,3243,954,1864,6061,,,0.933506044905009,,""
"HIST_MAIN","KANE COUNTY",1999,7,,,3473,3207,978,1801,5986,,,0.923409156348978,,""
"HIST_MAIN","KANE COUNTY",2000,7,,,3690,3291,1026,1777,6094,,,0.891869918699187,,""
"HIST_MAIN","KANE COUNTY",2001,7,,,3733,3276,1020,1704,6000,,,0.877578355210287,,""
"HIST_MAIN","KANE COUNTY",2002,7,,,3676,3357,1049,1675,6081,,,0.913220892274211,,""
"HIST_MAIN","KANE COUNTY",2003,7,,,3804,3392,1075,1666,6133,,,0.891692954784437,,""
"HIST_MAIN","KANE COUNTY",2004,7,,,3989,3464,1088,1648,6200,,,0.868388067184758,,""
"HIST_MAIN","KANE COUNTY",2005,7,,,4157,3621,1105,1643,6369,,,0.871060861197979,,""
"HIST_MAIN","KANE COUNTY",2006,7,,,4376,3789,1200,1689,6678,,,0.865859232175503,,""
"HIST_MAIN","KANE COUNTY",2007,7,,,4497,3885,1202,1691,6778,,,0.863909272848566,,""
"HIST_MAIN","KANE COUNTY",2008,7,,,4520,3962,1231,1660,6853,,,0.876548672566372,,""
"HIST_MAIN","KANE COUNTY",2009,7,,,4349,3980,1321,1700,7001,,,0.915152908714647,,""
"HIST_MAIN","KANE COUNTY",2010,7,,,4376,3994.86963364166,1393.69330828299,1724.31446507535,7112.877407,,,0.912904395256321,,""
"HIST_MAIN","KANE COUNTY",2011,7,,,4459,4009.7303536671,1439.94993112571,1734.42275220719,7184.103037,,,0.899244304477932,,""
"HIST_MAIN","KANE COUNTY",2012,7,,,4462,4034.36545503903,1490.38741441155,1748.82779754942,7273.580667,,,0.904160792254377,,""
"HIST_MAIN","KANE COUNTY",2013,7,,,4512,4013.91132650311,1523.38309979409,1743.4518697028,7280.746296,,,0.889608006760441,,""
"HIST_MAIN","KANE COUNTY",2014,7,,,4692,3953.73232043017,1540.56315782622,1720.39344774361,7214.688926,,,0.842653947235757,,""
"HIST_MAIN","KANE COUNTY",2015,7,,,4854,3926.07727566711,1569.69388373302,1710.99739659987,7206.768556,,,0.808833390125074,,""
"HIST_MAIN","KANE COUNTY",2016,7,,,4949,4064.96399042258,1665.28857316869,1774.54262240873,7504.795186,,,0.821370780040934,,""
"HIST_MAIN","KANE COUNTY",2017,7,,,5114,4021.05412507103,1687.00955581289,1759.08675711608,7467.150438,,,0.786283559849634,,""
"HIST_MAIN","KANE COUNTY",2018,7,,,5319,4077.51486710579,1750.27470940742,1787.08219848679,7614.871775,,,0.766594259655159,,""
"HIST_MAIN","KANE COUNTY",2019,7,,,5317,4047.98679494602,1774.95964956631,1776.94955348766,7599.895998,,,0.761329094403991,,""
"HIST_MAIN","KANE COUNTY",2020,7,,,5413,4075.22732426019,1825.66137333077,1791.60189575604,7692.490593347,,,0.752859287688932,,""
"HIST_MAIN","KANE COUNTY",2021,7,,,5827,4187.19994134199,1881.0458853853,1851.25644513441,7919.50227186169,,,0.718585883188946,,""
"HIST_MAIN","KANE COUNTY",2022,7,,,6100,4319.04336920383,1928.86333467033,1926.58364212344,8174.4903459976,,,0.708039896590792,,""
"HIST_MAIN","KANE COUNTY",2023,7,,,6272,4443.34614497805,1991.91367140551,1952.23532828583,8387.49514466939,,,0.708441668523286,,""
"HIST_MAIN","KANE COUNTY",2024,7,,,6311,4423.26846726339,2034.53312217177,1906.68872784548,8364.49031728065,,,0.700882343093549,,""
"HIST_MAIN","MILLARD COUNTY",1969,7,,,3555,3151,848,2811,6810,,,0.886357243319269,,""
"HIST_MAIN","MILLARD COUNTY",1970,7,,,3383,3270,878,2890,7038,,,0.966597694354124,,""
"HIST_MAIN","MILLARD COUNTY",1971,7,,,3529,3397,908,2962,7267,,,0.962595636157552,,""
"HIST_MAIN","MILLARD COUNTY",1972,7,,,3494,3551,941,3061,7553,,,1.01631368059531,,""
"HIST_MAIN","MILLARD COUNTY",1973,7,,,3358,3587,966,3054,7607,,,1.06819535437761,,""
"HIST_MAIN","MILLARD COUNTY",1974,7,,,3435,3611,990,3020,7621,,,1.05123726346434,,""
"HIST_MAIN","MILLARD COUNTY",1975,7,,,3620,3832,1013,3146,7991,,,1.0585635359116,,""
"HIST_MAIN","MILLARD COUNTY",1976,7,,,3615,3945,1033,3255,8233,,,1.09128630705394,,""
"HIST_MAIN","MILLARD COUNTY",1977,7,,,3662,4011,1040,3326,8377,,,1.09530311305298,,""
"HIST_MAIN","MILLARD COUNTY",1978,7,,,3731,4020,1072,3358,8450,,,1.07745912623961,,""
"HIST_MAIN","MILLARD COUNTY",1979,7,,,3678,4210,1126,3545,8881,,,1.14464382816748,,""
"HIST_MAIN","MILLARD COUNTY",1980,7,,,3782,4282,1140,3661,9083,,,1.13220518244315,,""
"HIST_MAIN","MILLARD COUNTY",1981,7,,,4007,4440,1170,3886,9496,,,1.10806089343649,,""
"HIST_MAIN","MILLARD COUNTY",1982,7,,,4135,4747,1235,4185,10167,,,1.14800483675937,,""
"HIST_MAIN","MILLARD COUNTY",1983,7,,,5216,5117,1328,4606,11051,,,0.981019938650307,,""
"HIST_MAIN","MILLARD COUNTY",1984,7,,,6676,5807,1491,5255,12553,,,0.86983223487118,,""
"HIST_MAIN","MILLARD COUNTY",1985,7,,,7589,6274,1601,5750,13625,,,0.826722888391092,,""
"HIST_MAIN","MILLARD COUNTY",1986,7,,,6449,6214,1579,5725,13518,,,0.963560241897969,,""
"HIST_MAIN","MILLARD COUNTY",1987,7,,,5553,5646,1447,5308,12401,,,1.01674770394381,,""
"HIST_MAIN","MILLARD COUNTY",1988,7,,,5387,5344,1378,5035,11757,,,0.992017820679413,,""
"HIST_MAIN","MILLARD COUNTY",1989,7,,,5330,5222,1355,4929,11506,,,0.979737335834897,,""
"HIST_MAIN","MILLARD COUNTY",1990,7,,,5548,5120,1348,4842,11310,,,0.922855082912761,,""
"HIST_MAIN","MILLARD COUNTY",1991,7,,,5483,5246,1368,4857,11471,,,0.956775487871603,,""
"HIST_MAIN","MILLARD COUNTY",1992,7,,,5391,5340,1408,4823,11571,,,0.99053978853645,,""
"HIST_MAIN","MILLARD COUNTY",1993,7,,,5412,5491,1431,4861,11783,,,1.01459719142646,,""
"HIST_MAIN","MILLARD COUNTY",1994,7,,,5757,5628,1453,4851,11932,,,0.977592496091714,,""
"HIST_MAIN","MILLARD COUNTY",1995,7,,,5686,5829,1491,4847,12167,,,1.02514948997538,,""
"HIST_MAIN","MILLARD COUNTY",1996,7,,,5977,5921,1501,4765,12187,,,0.990630751212983,,""
"HIST_MAIN","MILLARD COUNTY",1997,7,,,6200,6017,1508,4759,12284,,,0.970483870967742,,""
"HIST_MAIN","MILLARD COUNTY",1998,7,,,6148,6064,1522,4709,12295,,,0.986337020169161,,""
"HIST_MAIN","MILLARD COUNTY",1999,7,,,6128,6207,1522,4687,12416,,,1.01289164490862,,""
"HIST_MAIN","MILLARD COUNTY",2000,7,,,6147,6241,1532,4612,12385,,,1.01529201236375,,""
"HIST_MAIN","MILLARD COUNTY",2001,7,,,5988,6300,1542,4452,12294,,,1.05210420841683,,""
"HIST_MAIN","MILLARD COUNTY",2002,7,,,6209,6346,1559,4318,12223,,,1.0220647447254,,""
"HIST_MAIN","MILLARD COUNTY",2003,7,,,6257,6459,1524,4185,12168,,,1.03228384209685,,""
"HIST_MAIN","MILLARD COUNTY",2004,7,,,6271,6461,1526,4030,12017,,,1.03029819805454,,""
"HIST_MAIN","MILLARD COUNTY",2005,7,,,6344,6384,1578,3973,11935,,,1.0063051702396,,""
"HIST_MAIN","MILLARD COUNTY",2006,7,,,6358,6410,1584,3952,11946,,,1.00817867253853,,""
"HIST_MAIN","MILLARD COUNTY",2007,7,,,6511,6442,1608,3904,11954,,,0.989402549531562,,""
"HIST_MAIN","MILLARD COUNTY",2008,7,,,6597,6482,1657,4007,12146,,,0.982567833863877,,""
"HIST_MAIN","MILLARD COUNTY",2009,7,,,6461,6606,1723,4014,12343,,,1.02244234638601,,""
"HIST_MAIN","MILLARD COUNTY",2010,7,,,6546,6670.34819323425,1781.91221227738,4060.89507448836,12513.15548,,,1.01899605762821,,""
"HIST_MAIN","MILLARD COUNTY",2011,7,,,6632,6686.84917731634,1835.92356205861,4074.05468062505,12596.82742,,,1.0082703825869,,""
"HIST_MAIN","MILLARD COUNTY",2012,7,,,6571,6670.47321617517,1881.38900488211,4067.22713894273,12619.08936,,,1.01513821582334,,""
"HIST_MAIN","MILLARD COUNTY",2013,7,,,6637,6671.11208649542,1930.61484461463,4070.16436888994,12671.8913,,,1.00513968457065,,""
"HIST_MAIN","MILLARD COUNTY",2014,7,,,6735,6633.53856729103,1968.81975405179,4049.08490865719,12651.44323,,,0.984935199300821,,""
"HIST_MAIN","MILLARD COUNTY",2015,7,,,6816,6604.30884251231,2009.47657628882,4032.28975119887,12646.07517,,,0.968942025016477,,""
"HIST_MAIN","MILLARD COUNTY",2016,7,,,6943,6630.18538964656,2065.40923544481,4049.61248490863,12745.20711,,,0.95494532473665,,""
"HIST_MAIN","MILLARD COUNTY",2017,7,,,7281,6654.60020643156,2121.46250208884,4067.70158147959,12843.76429,,,0.913967889909567,,""
"HIST_MAIN","MILLARD COUNTY",2018,7,,,7201,6639.61037136094,2164.40959510083,4060.76601353824,12864.78598,,,0.922040046015962,,""
"HIST_MAIN","MILLARD COUNTY",2019,7,,,7084,6651.23685864115,2213.78161433428,4069.12618702458,12934.14466,,,0.938909776770349,,""
"HIST_MAIN","MILLARD COUNTY",2020,7,,,7282,6665.55310865838,2265.91521543667,4078.99463800395,13010.462962099,,,0.915346485671296,,""
"HIST_MAIN","MILLARD COUNTY",2021,7,,,7448,6802.34074754821,2307.73528904853,4101.40669261926,13211.482729216,,,0.913311056330318,,""
"HIST_MAIN","MILLARD COUNTY",2022,7,,,7783,6987.27844668478,2356.3825117044,4097.80200798349,13441.4629663727,,,0.897761588935472,,""
"HIST_MAIN","MILLARD COUNTY",2023,7,,,7985,7021.36978960752,2448.65530655345,4014.44577549852,13484.4708716595,,,0.879319948604574,,""
"HIST_MAIN","MILLARD COUNTY",2024,7,,,8374,7104.36304859579,2526.05402337825,3979.04604058853,13609.4631125626,,,0.848383454573178,,""
"HIST_MAIN","MORGAN COUNTY",1969,7,,,1340,1874,234,1796,3904,,,1.39850746268657,,""
"HIST_MAIN","MORGAN COUNTY",1970,7,,,1339,1928,252,1828,4008,,,1.43988050784167,,""
"HIST_MAIN","MORGAN COUNTY",1971,7,,,1349,1986,270,1859,4115,,,1.47220163083766,,""
"HIST_MAIN","MORGAN COUNTY",1972,7,,,1363,2012,285,1862,4159,,,1.47615553925165,,""
"HIST_MAIN","MORGAN COUNTY",1973,7,,,1473,2086,301,1900,4287,,,1.41615750169722,,""
"HIST_MAIN","MORGAN COUNTY",1974,7,,,1513,2082,310,1869,4261,,,1.37607402511566,,""
"HIST_MAIN","MORGAN COUNTY",1975,7,,,1549,2187,316,1923,4426,,,1.41187863137508,,""
"HIST_MAIN","MORGAN COUNTY",1976,7,,,1538,2274,324,1972,4570,,,1.47854356306892,,""
"HIST_MAIN","MORGAN COUNTY",1977,7,,,1558,2327,327,1991,4645,,,1.49358151476252,,""
"HIST_MAIN","MORGAN COUNTY",1978,7,,,1672,2393,344,2018,4755,,,1.43122009569378,,""
"HIST_MAIN","MORGAN COUNTY",1979,7,,,1744,2409,351,1999,4759,,,1.38130733944954,,""
"HIST_MAIN","MORGAN COUNTY",1980,7,,,1839,2502,356,2066,4924,,,1.3605220228385,,""
"HIST_MAIN","MORGAN COUNTY",1981,7,,,1864,2490,362,2080,4932,,,1.33583690987124,,""
"HIST_MAIN","MORGAN COUNTY",1982,7,,,1780,2564,375,2125,5064,,,1.44044943820225,,""
"HIST_MAIN","MORGAN COUNTY",1983,7,,,1669,2558,381,2137,5076,,,1.5326542840024,,""
"HIST_MAIN","MORGAN COUNTY",1984,7,,,1739,2597,391,2157,5145,,,1.4933870040253,,""
"HIST_MAIN","MORGAN COUNTY",1985,7,,,1765,2615,397,2169,5181,,,1.48158640226629,,""
"HIST_MAIN","MORGAN COUNTY",1986,7,,,1737,2632,405,2175,5212,,,1.51525618883132,,""
"HIST_MAIN","MORGAN COUNTY",1987,7,,,1791,2697,421,2244,5362,,,1.50586264656616,,""
"HIST_MAIN","MORGAN COUNTY",1988,7,,,1855,2708,434,2241,5383,,,1.45983827493261,,""
"HIST_MAIN","MORGAN COUNTY",1989,7,,,1911,2777,450,2274,5501,,,1.45316588173731,,""
"HIST_MAIN","MORGAN COUNTY",1990,7,,,1975,2810,456,2280,5546,,,1.42278481012658,,""
"HIST_MAIN","MORGAN COUNTY",1991,7,,,1975,2866,463,2284,5613,,,1.45113924050633,,""
"HIST_MAIN","MORGAN COUNTY",1992,7,,,2087,2971,462,2329,5762,,,1.4235745088644,,""
"HIST_MAIN","MORGAN COUNTY",1993,7,,,2074,3114,475,2426,6015,,,1.50144648023144,,""
"HIST_MAIN","MORGAN COUNTY",1994,7,,,2258,3265,493,2493,6251,,,1.44596988485385,,""
"HIST_MAIN","MORGAN COUNTY",1995,7,,,2430,3427,526,2534,6487,,,1.41028806584362,,""
"HIST_MAIN","MORGAN COUNTY",1996,7,,,2582,3561,542,2561,6664,,,1.37916343919442,,""
"HIST_MAIN","MORGAN COUNTY",1997,7,,,2733,3625,547,2575,6747,,,1.32638126600805,,""
"HIST_MAIN","MORGAN COUNTY",1998,7,,,2792,3690,573,2589,6852,,,1.32163323782235,,""
"HIST_MAIN","MORGAN COUNTY",1999,7,,,2744,3768,595,2628,6991,,,1.3731778425656,,""
"HIST_MAIN","MORGAN COUNTY",2000,7,,,2870,3881,628,2656,7165,,,1.35226480836237,,""
"HIST_MAIN","MORGAN COUNTY",2001,7,,,2984,3992,659,2686,7337,,,1.33780160857909,,""
"HIST_MAIN","MORGAN COUNTY",2002,7,,,3024,4133,683,2672,7488,,,1.3667328042328,,""
"HIST_MAIN","MORGAN COUNTY",2003,7,,,3220,4220,722,2630,7572,,,1.31055900621118,,""
"HIST_MAIN","MORGAN COUNTY",2004,7,,,3402,4322,753,2650,7725,,,1.27042915931805,,""
"HIST_MAIN","MORGAN COUNTY",2005,7,,,3467,4474,757,2746,7977,,,1.29045284107297,,""
"HIST_MAIN","MORGAN COUNTY",2006,7,,,3563,4618,818,2906,8342,,,1.29609879315184,,""
"HIST_MAIN","MORGAN COUNTY",2007,7,,,3900,4770,908,3093,8771,,,1.22307692307692,,""
"HIST_MAIN","MORGAN COUNTY",2008,7,,,4050,4961,922,3243,9126,,,1.22493827160494,,""
"HIST_MAIN","MORGAN COUNTY",2009,7,,,4076,5028,972,3318,9318,,,1.23356231599607,,""
"HIST_MAIN","MORGAN COUNTY",2010,7,,,4022,5145.97090975329,1007.22186418159,3363.08544906512,9516.278223,,,1.27945572097297,,""
"HIST_MAIN","MORGAN COUNTY",2011,7,,,3923,5237.93092680691,1047.89283322912,3419.13335696396,9704.957117,,,1.33518504379478,,""
"HIST_MAIN","MORGAN COUNTY",2012,7,,,3973,5405.24287172827,1103.81109237165,3524.44004590008,10033.49401,,,1.36049405278839,,""
"HIST_MAIN","MORGAN COUNTY",2013,7,,,4170,5591.09100845883,1163.27769127208,3641.28820026909,10395.6569,,,1.34078921066159,,""
"HIST_MAIN","MORGAN COUNTY",2014,7,,,4299,5771.19036942166,1222.05858824552,3753.75084233282,10746.9998,,,1.3424494927708,,""
"HIST_MAIN","MORGAN COUNTY",2015,7,,,4528,5922.54454373792,1275.23869468592,3846.77945157616,11044.56269,,,1.30798245223894,,""
"HIST_MAIN","MORGAN COUNTY",2016,7,,,4675,6147.68259107953,1343.61963827238,3987.99335064808,11479.29558,,,1.31501231894749,,""
"HIST_MAIN","MORGAN COUNTY",2017,7,,,4779,6243.77098851182,1384.05079013134,4047.05269135683,11674.87447,,,1.30650156696209,,""
"HIST_MAIN","MORGAN COUNTY",2018,7,,,5199,6359.79619061878,1428.25509532617,4118.18672405504,11906.23801,,,1.2232729737678,,""
"HIST_MAIN","MORGAN COUNTY",2019,7,,,5280,6470.34338740645,1469.57180382989,4184.81361876366,12124.72881,,,1.22544382337243,,""
"HIST_MAIN","MORGAN COUNTY",2020,7,,,5526,6585.94275867141,1512.92538958286,4254.61069254273,12353.478840797,,,1.19181012643348,,""
"HIST_MAIN","MORGAN COUNTY",2021,7,,,5893,6869.90417653927,1569.43143776724,4239.16202831266,12678.4976426192,,,1.16577365968764,,""
"HIST_MAIN","MORGAN COUNTY",2022,7,,,6198,7154.72653753111,1634.46747103004,4227.28459192375,13016.4786004849,,,1.15436052557778,,""
"HIST_MAIN","MORGAN COUNTY",2023,7,,,6259,7302.10053802236,1687.24801307652,4070.13770477747,13059.4862558763,,,1.16665610129771,,""
"HIST_MAIN","MORGAN COUNTY",2024,7,,,6474,7432.68811976678,1758.62414670814,3902.16652226846,13093.4787887434,,,1.14808281120896,,""
"HIST_MAIN","PIUTE COUNTY",1969,7,,,620,601,141,443,1185,,,0.969354838709677,,""
"HIST_MAIN","PIUTE COUNTY",1970,7,,,580,577,148,434,1159,,,0.994827586206897,,""
"HIST_MAIN","PIUTE COUNTY",1971,7,,,507,553,155,425,1133,,,1.09072978303748,,""
"HIST_MAIN","PIUTE COUNTY",1972,7,,,494,567,162,434,1163,,,1.14777327935223,,""
"HIST_MAIN","PIUTE COUNTY",1973,7,,,481,604,167,445,1216,,,1.25571725571726,,""
"HIST_MAIN","PIUTE COUNTY",1974,7,,,473,608,167,446,1221,,,1.28541226215645,,""
"HIST_MAIN","PIUTE COUNTY",1975,7,,,508,620,163,449,1232,,,1.22047244094488,,""
"HIST_MAIN","PIUTE COUNTY",1976,7,,,496,619,184,451,1254,,,1.24798387096774,,""
"HIST_MAIN","PIUTE COUNTY",1977,7,,,472,621,188,459,1268,,,1.31567796610169,,""
"HIST_MAIN","PIUTE COUNTY",1978,7,,,482,574,209,434,1217,,,1.19087136929461,,""
"HIST_MAIN","PIUTE COUNTY",1979,7,,,458,594,233,452,1279,,,1.29694323144105,,""
"HIST_MAIN","PIUTE COUNTY",1980,7,,,489,626,219,479,1324,,,1.280163599182,,""
"HIST_MAIN","PIUTE COUNTY",1981,7,,,473,623,225,476,1324,,,1.31712473572939,,""
"HIST_MAIN","PIUTE COUNTY",1982,7,,,446,638,230,479,1347,,,1.4304932735426,,""
"HIST_MAIN","PIUTE COUNTY",1983,7,,,448,644,239,486,1369,,,1.4375,,""
"HIST_MAIN","PIUTE COUNTY",1984,7,,,431,661,248,493,1402,,,1.53364269141531,,""
"HIST_MAIN","PIUTE COUNTY",1985,7,,,404,659,251,486,1396,,,1.63118811881188,,""
"HIST_MAIN","PIUTE COUNTY",1986,7,,,393,665,253,480,1398,,,1.69211195928753,,""
"HIST_MAIN","PIUTE COUNTY",1987,7,,,400,631,249,459,1339,,,1.5775,,""
"HIST_MAIN","PIUTE COUNTY",1988,7,,,402,613,245,434,1292,,,1.52487562189055,,""
"HIST_MAIN","PIUTE COUNTY",1989,7,,,392,615,250,433,1298,,,1.56887755102041,,""
"HIST_MAIN","PIUTE COUNTY",1990,7,,,374,602,247,422,1271,,,1.6096256684492,,""
"HIST_MAIN","PIUTE COUNTY",1991,7,,,378,615,248,411,1274,,,1.62698412698413,,""
"HIST_MAIN","PIUTE COUNTY",1992,7,,,359,619,251,403,1273,,,1.72423398328691,,""
"HIST_MAIN","PIUTE COUNTY",1993,7,,,388,682,251,445,1378,,,1.75773195876289,,""
"HIST_MAIN","PIUTE COUNTY",1994,7,,,424,679,264,434,1377,,,1.60141509433962,,""
"HIST_MAIN","PIUTE COUNTY",1995,7,,,420,696,258,448,1402,,,1.65714285714286,,""
"HIST_MAIN","PIUTE COUNTY",1996,7,,,447,706,261,436,1403,,,1.57941834451902,,""
"HIST_MAIN","PIUTE COUNTY",1997,7,,,462,682,263,425,1370,,,1.47619047619048,,""
"HIST_MAIN","PIUTE COUNTY",1998,7,,,446,701,252,411,1364,,,1.57174887892377,,""
"HIST_MAIN","PIUTE COUNTY",1999,7,,,455,735,255,436,1426,,,1.61538461538462,,""
"HIST_MAIN","PIUTE COUNTY",2000,7,,,470,740,250,446,1436,,,1.57446808510638,,""
"HIST_MAIN","PIUTE COUNTY",2001,7,,,557,724,267,423,1414,,,1.29982046678636,,""
"HIST_MAIN","PIUTE COUNTY",2002,7,,,561,717,264,436,1417,,,1.27807486631016,,""
"HIST_MAIN","PIUTE COUNTY",2003,7,,,583,746,277,386,1409,,,1.27958833619211,,""
"HIST_MAIN","PIUTE COUNTY",2004,7,,,627,737,290,403,1430,,,1.17543859649123,,""
"HIST_MAIN","PIUTE COUNTY",2005,7,,,620,736,287,407,1430,,,1.18709677419355,,""
"HIST_MAIN","PIUTE COUNTY",2006,7,,,666,730,311,388,1429,,,1.0960960960961,,""
"HIST_MAIN","PIUTE COUNTY",2007,7,,,731,721,302,396,1419,,,0.986320109439125,,""
"HIST_MAIN","PIUTE COUNTY",2008,7,,,734,756,307,448,1511,,,1.0299727520436,,""
"HIST_MAIN","PIUTE COUNTY",2009,7,,,679,750,313,465,1528,,,1.10456553755523,,""
"HIST_MAIN","PIUTE COUNTY",2010,7,,,633,752.058149544385,333.325257808691,462.495535646923,1547.878943,,,1.18808554430393,,""
"HIST_MAIN","PIUTE COUNTY",2011,7,,,579,748.402707459075,343.993371595732,447.844634945193,1540.240714,,,1.29257807851308,,""
"HIST_MAIN","PIUTE COUNTY",2012,7,,,561,738.982394395043,352.072216777921,429.751873827037,1520.806485,,,1.31725917004464,,""
"HIST_MAIN","PIUTE COUNTY",2013,7,,,592,734.094284248005,362.064058857217,414.329912894779,1510.488256,,,1.24002412879731,,""
"HIST_MAIN","PIUTE COUNTY",2014,7,,,633,715.955299543915,365.357593040559,391.570134415527,1472.883027,,,1.13105102613573,,""
"HIST_MAIN","PIUTE COUNTY",2015,7,,,625,720.602504167585,380.300553701838,381.246740130576,1482.149798,,,1.15296400666814,,""
"HIST_MAIN","PIUTE COUNTY",2016,7,,,560,693.627572871001,378.094729446321,354.439266682678,1426.161569,,,1.23862066584107,,""
"HIST_MAIN","PIUTE COUNTY",2017,7,,,610,681.5201330137,383.520966115518,335.931919870782,1400.973019,,,1.11724611969459,,""
"HIST_MAIN","PIUTE COUNTY",2018,7,,,629,694.786072686036,403.297867273433,329.640838040531,1427.724778,,,1.1045883508522,,""
"HIST_MAIN","PIUTE COUNTY",2019,7,,,629,705.447334937213,421.730377365289,321.402808697497,1448.580521,,,1.1215378933819,,""
"HIST_MAIN","PIUTE COUNTY",2020,7,,,628,702.426273571616,432.621963924491,306.545979379894,1441.594216876,,,1.1185131744771,,""
"HIST_MAIN","PIUTE COUNTY",2021,7,,,661,718.403448591647,447.305413492586,312.887559169049,1478.59642125328,,,1.08684334128842,,""
"HIST_MAIN","PIUTE COUNTY",2022,7,,,704,734.195602077512,446.205099020224,314.19351342983,1494.59421452757,,,1.04289148022374,,""
"HIST_MAIN","PIUTE COUNTY",2023,7,,,692,793.820965451821,447.879909171243,322.89421913198,1564.59509375504,,,1.14714012348529,,""
"HIST_MAIN","PIUTE COUNTY",2024,7,,,706,856.780426601013,454.346865836573,337.466860851926,1648.59415328951,,,1.21357000934988,,""
"HIST_MAIN","RICH COUNTY",1969,7,,,1124,804,147,680,1631,,,0.715302491103203,,""
"HIST_MAIN","RICH COUNTY",1970,7,,,971,792,154,672,1618,,,0.815653964984552,,""
"HIST_MAIN","RICH COUNTY",1971,7,,,887,783,161,661,1605,,,0.882750845546787,,""
"HIST_MAIN","RICH COUNTY",1972,7,,,784,837,166,683,1686,,,1.06760204081633,,""
"HIST_MAIN","RICH COUNTY",1973,7,,,790,791,170,641,1602,,,1.00126582278481,,""
"HIST_MAIN","RICH COUNTY",1974,7,,,792,803,169,640,1612,,,1.01388888888889,,""
"HIST_MAIN","RICH COUNTY",1975,7,,,780,862,167,662,1691,,,1.10512820512821,,""
"HIST_MAIN","RICH COUNTY",1976,7,,,754,838,178,646,1662,,,1.11140583554377,,""
"HIST_MAIN","RICH COUNTY",1977,7,,,715,860,178,664,1702,,,1.2027972027972,,""
"HIST_MAIN","RICH COUNTY",1978,7,,,698,943,188,729,1860,,,1.35100286532951,,""
"HIST_MAIN","RICH COUNTY",1979,7,,,731,1001,190,777,1968,,,1.36935704514364,,""
"HIST_MAIN","RICH COUNTY",1980,7,,,758,1085,195,844,2124,,,1.43139841688654,,""
"HIST_MAIN","RICH COUNTY",1981,7,,,772,1124,207,897,2228,,,1.4559585492228,,""
"HIST_MAIN","RICH COUNTY",1982,7,,,787,1200,228,976,2404,,,1.52477763659466,,""
"HIST_MAIN","RICH COUNTY",1983,7,,,788,1182,231,976,2389,,,1.5,,""
"HIST_MAIN","RICH COUNTY",1984,7,,,785,1119,221,940,2280,,,1.42547770700637,,""
"HIST_MAIN","RICH COUNTY",1985,7,,,692,1035,208,887,2130,,,1.49566473988439,,""
"HIST_MAIN","RICH COUNTY",1986,7,,,709,975,206,852,2033,,,1.37517630465444,,""
"HIST_MAIN","RICH COUNTY",1987,7,,,686,912,198,822,1932,,,1.32944606413994,,""
"HIST_MAIN","RICH COUNTY",1988,7,,,782,837,191,773,1801,,,1.07033248081841,,""
"HIST_MAIN","RICH COUNTY",1989,7,,,786,798,193,739,1730,,,1.01526717557252,,""
"HIST_MAIN","RICH COUNTY",1990,7,,,783,772,193,766,1731,,,0.985951468710089,,""
"HIST_MAIN","RICH COUNTY",1991,7,,,759,765,192,712,1669,,,1.00790513833992,,""
"HIST_MAIN","RICH COUNTY",1992,7,,,777,777,196,705,1678,,,1,,""
"HIST_MAIN","RICH COUNTY",1993,7,,,803,810,202,727,1739,,,1.00871731008717,,""
"HIST_MAIN","RICH COUNTY",1994,7,,,899,867,204,734,1805,,,0.96440489432703,,""
"HIST_MAIN","RICH COUNTY",1995,7,,,914,889,214,729,1832,,,0.972647702407002,,""
"HIST_MAIN","RICH COUNTY",1996,7,,,1001,909,227,724,1860,,,0.908091908091908,,""
"HIST_MAIN","RICH COUNTY",1997,7,,,1018,905,228,695,1828,,,0.888998035363458,,""
"HIST_MAIN","RICH COUNTY",1998,7,,,1014,932,245,689,1866,,,0.919132149901381,,""
"HIST_MAIN","RICH COUNTY",1999,7,,,1010,967,263,694,1924,,,0.957425742574257,,""
"HIST_MAIN","RICH COUNTY",2000,7,,,1037,1006,277,682,1965,,,0.970106075216972,,""
"HIST_MAIN","RICH COUNTY",2001,7,,,1091,1009,270,653,1932,,,0.924839596700275,,""
"HIST_MAIN","RICH COUNTY",2002,7,,,1127,1030,290,627,1947,,,0.913930789707187,,""
"HIST_MAIN","RICH COUNTY",2003,7,,,1166,1089,298,652,2039,,,0.933962264150943,,""
"HIST_MAIN","RICH COUNTY",2004,7,,,1176,1113,291,647,2051,,,0.946428571428571,,""
"HIST_MAIN","RICH COUNTY",2005,7,,,1184,1122,307,626,2055,,,0.947635135135135,,""
"HIST_MAIN","RICH COUNTY",2006,7,,,1319,1112,285,638,2035,,,0.843062926459439,,""
"HIST_MAIN","RICH COUNTY",2007,7,,,1366,1163,297,664,2124,,,0.851390922401171,,""
"HIST_MAIN","RICH COUNTY",2008,7,,,1417,1234,301,692,2227,,,0.870853916725476,,""
"HIST_MAIN","RICH COUNTY",2009,7,,,1345,1231,331,691,2253,,,0.915241635687732,,""
"HIST_MAIN","RICH COUNTY",2010,7,,,1289,1224.50365876151,348.210626554927,707.584539683565,2280.298825,,,0.949964048690078,,""
"HIST_MAIN","RICH COUNTY",2011,7,,,1283,1231.54263126156,362.587040386474,708.540453351964,2302.670125,,,0.959892931614622,,""
"HIST_MAIN","RICH COUNTY",2012,7,,,1305,1223.83262138598,372.554264593288,701.056539020727,2297.443425,,,0.937802775008414,,""
"HIST_MAIN","RICH COUNTY",2013,7,,,1355,1236.27000413046,388.345923596925,705.054797272616,2329.670725,,,0.912376386812148,,""
"HIST_MAIN","RICH COUNTY",2014,7,,,1394,1249.2787602377,404.465569411238,709.233695351064,2362.978025,,,0.896182754833357,,""
"HIST_MAIN","RICH COUNTY",2015,7,,,1446,1266.05954437565,422.025217083255,715.370563541097,2403.455325,,,0.875559850882192,,""
"HIST_MAIN","RICH COUNTY",2016,7,,,1541,1267.46588854899,434.173441474933,712.898294976081,2414.537625,,,0.822495709635944,,""
"HIST_MAIN","RICH COUNTY",2017,7,,,1614,1274.91648463503,448.36771244151,714.152390923458,2437.436588,,,0.78991108093868,,""
"HIST_MAIN","RICH COUNTY",2018,7,,,1637,1305.36485082536,470.691136851704,728.063289322939,2504.119277,,,0.797412859392401,,""
"HIST_MAIN","RICH COUNTY",2019,7,,,1640,1290.63385750576,476.222464944435,716.597544549799,2483.453867,,,0.786971864332781,,""
"HIST_MAIN","RICH COUNTY",2020,7,,,1733,1303.7424731451,492.21924319983,720.588169698066,2516.549886043,,,0.752303792928505,,""
"HIST_MAIN","RICH COUNTY",2021,7,,,1827,1321.02285941552,518.406752507521,719.124071875656,2558.5536837987,,,0.723055752279978,,""
"HIST_MAIN","RICH COUNTY",2022,7,,,1884,1374.70687175104,544.039461982983,723.803496185365,2642.54982991939,,,0.72967456037741,,""
"HIST_MAIN","RICH COUNTY",2023,7,,,2028,1413.27506140664,564.227911026862,747.048411961919,2724.55138439542,,,0.696881193987495,,""
"HIST_MAIN","RICH COUNTY",2024,7,,,2152,1482.92620876473,578.292241065838,743.331334848391,2804.54978467895,,,0.689092104444577,,""
"HIST_MAIN","SALT LAKE COUNTY",1969,7,,,208226,235727,34105,177939,447771,,,1.13207284392919,,""
"HIST_MAIN","SALT LAKE COUNTY",1970,7,,,217041,245102,35009,182112,462223,,,1.12928893619178,,""
"HIST_MAIN","SALT LAKE COUNTY",1971,7,,,224767,254671,35913,186091,476675,,,1.13304444157728,,""
"HIST_MAIN","SALT LAKE COUNTY",1972,7,,,238092,262981,36852,187978,487811,,,1.10453522167901,,""
"HIST_MAIN","SALT LAKE COUNTY",1973,7,,,254685,273094,37828,190683,501605,,,1.07228144570744,,""
"HIST_MAIN","SALT LAKE COUNTY",1974,7,,,267210,282235,38945,192598,513778,,,1.05622918303956,,""
"HIST_MAIN","SALT LAKE COUNTY",1975,7,,,270807,292834,40095,195069,527998,,,1.08133837013076,,""
"HIST_MAIN","SALT LAKE COUNTY",1976,7,,,284425,305476,41368,199251,546095,,,1.07401248132197,,""
"HIST_MAIN","SALT LAKE COUNTY",1977,7,,,301259,316401,42720,203374,562495,,,1.0502623987997,,""
"HIST_MAIN","SALT LAKE COUNTY",1978,7,,,322567,328363,44007,208617,580987,,,1.01796836006163,,""
"HIST_MAIN","SALT LAKE COUNTY",1979,7,,,334459,340650,45418,214085,600153,,,1.01851049007502,,""
"HIST_MAIN","SALT LAKE COUNTY",1980,7,,,338057,354951,46960,222337,624248,,,1.04997382098285,,""
"HIST_MAIN","SALT LAKE COUNTY",1981,7,,,340957,364095,48436,229735,642266,,,1.06786192980347,,""
"HIST_MAIN","SALT LAKE COUNTY",1982,7,,,347345,373770,49792,233845,657407,,,1.07607709913774,,""
"HIST_MAIN","SALT LAKE COUNTY",1983,7,,,354978,381294,51478,240194,672966,,,1.07413417169515,,""
"HIST_MAIN","SALT LAKE COUNTY",1984,7,,,376152,389297,52721,243550,685568,,,1.03494597928497,,""
"HIST_MAIN","SALT LAKE COUNTY",1985,7,,,390554,393869,53775,245797,693441,,,1.00848794276848,,""
"HIST_MAIN","SALT LAKE COUNTY",1986,7,,,396747,399230,55143,248251,702624,,,1.00625839640879,,""
"HIST_MAIN","SALT LAKE COUNTY",1987,7,,,411435,400725,56618,251510,708853,,,0.973969156731926,,""
"HIST_MAIN","SALT LAKE COUNTY",1988,7,,,425583,404155,58251,252031,714437,,,0.949650244488149,,""
"HIST_MAIN","SALT LAKE COUNTY",1989,7,,,438631,407864,59845,251339,719048,,,0.929856758870212,,""
"HIST_MAIN","SALT LAKE COUNTY",1990,7,,,457414,416092,61715,252086,729893,,,0.909661706900095,,""
"HIST_MAIN","SALT LAKE COUNTY",1991,7,,,468400,431058,63772,256193,751023,,,0.920277540563621,,""
"HIST_MAIN","SALT LAKE COUNTY",1992,7,,,476966,448459,65613,260336,774408,,,0.940232637127175,,""
"HIST_MAIN","SALT LAKE COUNTY",1993,7,,,505591,465955,67199,264895,798049,,,0.921604617170796,,""
"HIST_MAIN","SALT LAKE COUNTY",1994,7,,,534632,483288,68441,267310,819039,,,0.903963848030047,,""
"HIST_MAIN","SALT LAKE COUNTY",1995,7,,,558314,499032,69598,267378,836008,,,0.89381960688788,,""
"HIST_MAIN","SALT LAKE COUNTY",1996,7,,,588704,514098,70457,268521,853076,,,0.873270777844214,,""
"HIST_MAIN","SALT LAKE COUNTY",1997,7,,,610863,528001,71061,272518,871580,,,0.864352563504419,,""
"HIST_MAIN","SALT LAKE COUNTY",1998,7,,,630807,536997,71278,273565,881840,,,0.851285733988367,,""
"HIST_MAIN","SALT LAKE COUNTY",1999,7,,,641610,545166,71991,273959,891116,,,0.849684387712162,,""
"HIST_MAIN","SALT LAKE COUNTY",2000,7,,,662279,554151,72914,273953,901018,,,0.836733461275384,,""
"HIST_MAIN","SALT LAKE COUNTY",2001,7,,,664472,562864,73504,274382,910750,,,0.847084602511468,,""
"HIST_MAIN","SALT LAKE COUNTY",2002,7,,,657614,570281,74171,273700,918152,,,0.867197170376543,,""
"HIST_MAIN","SALT LAKE COUNTY",2003,7,,,654935,576435,74964,273403,924802,,,0.880140777329048,,""
"HIST_MAIN","SALT LAKE COUNTY",2004,7,,,668339,583195,75994,274951,934140,,,0.872603573934785,,""
"HIST_MAIN","SALT LAKE COUNTY",2005,7,,,693615,591973,78186,277804,947963,,,0.853460493213094,,""
"HIST_MAIN","SALT LAKE COUNTY",2006,7,,,724915,603711,80547,282540,966798,,,0.832802466496072,,""
"HIST_MAIN","SALT LAKE COUNTY",2007,7,,,760297,614008,82192,287519,983719,,,0.807589665617515,,""
"HIST_MAIN","SALT LAKE COUNTY",2008,7,,,766373,623162,84683,291708,999553,,,0.813131464704524,,""
"HIST_MAIN","SALT LAKE COUNTY",2009,7,,,739770,633174,87472,296149,1016795,,,0.855906565554159,,""
"HIST_MAIN","SALT LAKE COUNTY",2010,7,,,735650,642200.269263022,90356.9697689662,299723.604968012,1032280.844,,,0.872969848790895,,""
"HIST_MAIN","SALT LAKE COUNTY",2011,7,,,754540,653094.186424986,94906.5086571804,301379.522917834,1049380.218,,,0.865552769137469,,""
"HIST_MAIN","SALT LAKE COUNTY",2012,7,,,775997,663425.076719962,99406.1171970151,302759.398083023,1065590.592,,,0.854932527728795,,""
"HIST_MAIN","SALT LAKE COUNTY",2013,7,,,799142,671695.425698337,103541.857276173,303167.684025489,1078404.967,,,0.840520740617233,,""
"HIST_MAIN","SALT LAKE COUNTY",2014,7,,,818448,679728.983800615,107649.101995506,303452.255203879,1090830.341,,,0.830509676608184,,""
"HIST_MAIN","SALT LAKE COUNTY",2015,7,,,845631,690064.885566673,112148.523447873,304728.306985454,1106941.716,,,0.816035464128767,,""
"HIST_MAIN","SALT LAKE COUNTY",2016,7,,,875172,700733.170103116,116619.2787202,306153.641176685,1123506.09,,,0.800680517776067,,""
"HIST_MAIN","SALT LAKE COUNTY",2017,7,,,897307,714517.836018041,121634.510407997,309049.791573962,1145202.138,,,0.796291387471669,,""
"HIST_MAIN","SALT LAKE COUNTY",2018,7,,,925674,724903.337700456,126054.168156057,310389.904143487,1161347.41,,,0.783108672924222,,""
"HIST_MAIN","SALT LAKE COUNTY",2019,7,,,939391,733587.958127288,130046.940576868,310927.334295845,1174562.233,,,0.780918657010008,,""
"HIST_MAIN","SALT LAKE COUNTY",2020,7,,,942587,742491.916704232,134167.404273614,311553.424469853,1188212.7454477,,,0.78771711969742,,""
"HIST_MAIN","SALT LAKE COUNTY",2021,7,,,984820,751063.406884295,139271.263458831,306922.864368232,1197257.53471136,,,0.762640286432338,,""
"HIST_MAIN","SALT LAKE COUNTY",2022,7,,,1036000,759786.062385696,144582.047209068,302364.640103137,1206732.7496979,,,0.733384230102023,,""
"HIST_MAIN","SALT LAKE COUNTY",2023,7,,,1056728,771477.874797906,150289.026095606,298787.558545224,1220554.45943874,,,0.730062868399348,,""
"HIST_MAIN","SALT LAKE COUNTY",2024,7,,,1066563,782143.687479176,156230.382545707,294291.68640603,1232665.75643091,,,0.733330977616115,,""
"HIST_MAIN","SAN JUAN COUNTY",1969,7,,,2654,4199,415,4758,9372,,,1.58214016578749,,""
"HIST_MAIN","SAN JUAN COUNTY",1970,7,,,2818,4353,434,4887,9674,,,1.54471256210078,,""
"HIST_MAIN","SAN JUAN COUNTY",1971,7,,,2730,4509,453,5014,9976,,,1.65164835164835,,""
"HIST_MAIN","SAN JUAN COUNTY",1972,7,,,2978,4888,474,5333,10695,,,1.64137004701142,,""
"HIST_MAIN","SAN JUAN COUNTY",1973,7,,,3156,4964,496,5324,10784,,,1.57287705956907,,""
"HIST_MAIN","SAN JUAN COUNTY",1974,7,,,3421,4997,518,5240,10755,,,1.46068401052324,,""
"HIST_MAIN","SAN JUAN COUNTY",1975,7,,,3508,5196,538,5334,11068,,,1.4811858608894,,""
"HIST_MAIN","SAN JUAN COUNTY",1976,7,,,3503,5236,551,5328,11115,,,1.49471881244647,,""
"HIST_MAIN","SAN JUAN COUNTY",1977,7,,,3802,5227,570,5274,11071,,,1.37480273540242,,""
"HIST_MAIN","SAN JUAN COUNTY",1978,7,,,3939,5395,592,5426,11413,,,1.36963696369637,,""
"HIST_MAIN","SAN JUAN COUNTY",1979,7,,,4040,5578,615,5571,11764,,,1.38069306930693,,""
"HIST_MAIN","SAN JUAN COUNTY",1980,7,,,4204,5793,631,5788,12212,,,1.37797335870599,,""
"HIST_MAIN","SAN JUAN COUNTY",1981,7,,,4217,5839,648,5852,12339,,,1.38463362580033,,""
"HIST_MAIN","SAN JUAN COUNTY",1982,7,,,4044,5873,664,5801,12338,,,1.45227497527201,,""
"HIST_MAIN","SAN JUAN COUNTY",1983,7,,,3990,5921,686,5835,12442,,,1.48395989974937,,""
"HIST_MAIN","SAN JUAN COUNTY",1984,7,,,4088,5856,695,5690,12241,,,1.43248532289628,,""
"HIST_MAIN","SAN JUAN COUNTY",1985,7,,,3967,5817,706,5599,12122,,,1.46634736576758,,""
"HIST_MAIN","SAN JUAN COUNTY",1986,7,,,3890,5755,717,5463,11935,,,1.47943444730077,,""
"HIST_MAIN","SAN JUAN COUNTY",1987,7,,,4116,5731,736,5411,11878,,,1.39237123420797,,""
"HIST_MAIN","SAN JUAN COUNTY",1988,7,,,4272,5907,788,5466,12161,,,1.38272471910112,,""
"HIST_MAIN","SAN JUAN COUNTY",1989,7,,,4410,5983,820,5399,12202,,,1.35668934240363,,""
"HIST_MAIN","SAN JUAN COUNTY",1990,7,,,4548,6315,873,5544,12732,,,1.38852242744063,,""
"HIST_MAIN","SAN JUAN COUNTY",1991,7,,,4538,6037,915,5243,12195,,,1.33032172763332,,""
"HIST_MAIN","SAN JUAN COUNTY",1992,7,,,4833,6444,963,5452,12859,,,1.33333333333333,,""
"HIST_MAIN","SAN JUAN COUNTY",1993,7,,,5300,6719,991,5633,13343,,,1.2677358490566,,""
"HIST_MAIN","SAN JUAN COUNTY",1994,7,,,5430,7034,1038,5805,13877,,,1.29539594843462,,""
"HIST_MAIN","SAN JUAN COUNTY",1995,7,,,5560,7319,1058,5857,14234,,,1.31636690647482,,""
"HIST_MAIN","SAN JUAN COUNTY",1996,7,,,5576,7245,1104,5678,14027,,,1.29931850789096,,""
"HIST_MAIN","SAN JUAN COUNTY",1997,7,,,5588,7303,1128,5718,14149,,,1.30690765926986,,""
"HIST_MAIN","SAN JUAN COUNTY",1998,7,,,5703,7453,1154,5732,14339,,,1.30685604068034,,""
"HIST_MAIN","SAN JUAN COUNTY",1999,7,,,5799,7502,1183,5718,14403,,,1.29367132264183,,""
"HIST_MAIN","SAN JUAN COUNTY",2000,7,,,5521,7496,1211,5627,14334,,,1.35772504980982,,""
"HIST_MAIN","SAN JUAN COUNTY",2001,7,,,5216,7105,1215,5175,13495,,,1.36215490797546,,""
"HIST_MAIN","SAN JUAN COUNTY",2002,7,,,5411,7178,1265,5219,13662,,,1.32655701349104,,""
"HIST_MAIN","SAN JUAN COUNTY",2003,7,,,5378,7218,1273,5080,13571,,,1.34213462253626,,""
"HIST_MAIN","SAN JUAN COUNTY",2004,7,,,5571,7294,1315,5114,13723,,,1.30928020104111,,""
"HIST_MAIN","SAN JUAN COUNTY",2005,7,,,5758,7337,1400,4916,13653,,,1.2742271622091,,""
"HIST_MAIN","SAN JUAN COUNTY",2006,7,,,5976,7374,1423,4882,13679,,,1.23393574297189,,""
"HIST_MAIN","SAN JUAN COUNTY",2007,7,,,6416,7670,1493,4865,14028,,,1.19544887780549,,""
"HIST_MAIN","SAN JUAN COUNTY",2008,7,,,6366,7909,1527,5000,14436,,,1.24238140119384,,""
"HIST_MAIN","SAN JUAN COUNTY",2009,7,,,6337,8052,1586,4876,14514,,,1.27063279154174,,""
"HIST_MAIN","SAN JUAN COUNTY",2010,7,,,6310,8116.91317488337,1609.32556857902,4989.04469653762,14715.28344,,,1.28635708001321,,""
"HIST_MAIN","SAN JUAN COUNTY",2011,7,,,6450,8160.76403065632,1665.11209117258,4932.9310581711,14758.80718,,,1.26523473343509,,""
"HIST_MAIN","SAN JUAN COUNTY",2012,7,,,6346,8284.86744434109,1738.52610317547,4923.50738248343,14946.90093,,,1.30552591306982,,""
"HIST_MAIN","SAN JUAN COUNTY",2013,7,,,6347,8254.11504299728,1779.00181578636,4820.74781121635,14853.86467,,,1.30047503434651,,""
"HIST_MAIN","SAN JUAN COUNTY",2014,7,,,6359,8264.67095215047,1828.51757177856,4741.94989607097,14835.13842,,,1.299680917149,,""
"HIST_MAIN","SAN JUAN COUNTY",2015,7,,,6416,8237.81406417428,1870.09411189615,4641.42399392957,14749.33217,,,1.28394857608701,,""
"HIST_MAIN","SAN JUAN COUNTY",2016,7,,,6397,8361.4308886507,1944.82541071209,4625.03961063722,14931.29591,,,1.30708627304216,,""
"HIST_MAIN","SAN JUAN COUNTY",2017,7,,,6497,8261.85051214925,1967.79402608833,4487.10509176243,14716.74963,,,1.27164083610116,,""
"HIST_MAIN","SAN JUAN COUNTY",2018,7,,,6691,8246.34273079906,2009.54336048138,4395.27323871956,14651.15933,,,1.23245295632926,,""
"HIST_MAIN","SAN JUAN COUNTY",2019,7,,,6639,8250.32507980358,2053.86380323045,4313.14409696598,14617.33298,,,1.24270599183666,,""
"HIST_MAIN","SAN JUAN COUNTY",2020,7,,,6298,8229.27850349257,2093.31744736518,4218.00962011125,14540.605570969,,,1.30664949245674,,""
"HIST_MAIN","SAN JUAN COUNTY",2021,7,,,6529,8338.94947240879,2145.00682656078,4162.66213295512,14646.6184319247,,,1.27721695089735,,""
"HIST_MAIN","SAN JUAN COUNTY",2022,7,,,6834,8583.11949155761,2199.59317280903,4141.8828908594,14924.595555226,,,1.25594373596102,,""
"HIST_MAIN","SAN JUAN COUNTY",2023,7,,,7196,8663.20805905399,2265.71966828026,4024.67600031168,14953.6037276459,,,1.2038921705189,,""
"HIST_MAIN","SAN JUAN COUNTY",2024,7,,,7331,8711.68405408536,2371.87152956448,3921.03666927889,15004.5922529287,,,1.18833502306443,,""
"HIST_MAIN","SANPETE COUNTY",1969,7,,,5166,5489,1573,3791,10853,,,1.06252419667054,,""
"HIST_MAIN","SANPETE COUNTY",1970,7,,,5083,5510,1615,3894,11019,,,1.08400550855794,,""
"HIST_MAIN","SANPETE COUNTY",1971,7,,,5156,5549,1657,3981,11187,,,1.07622187742436,,""
"HIST_MAIN","SANPETE COUNTY",1972,7,,,5306,5614,1698,4060,11372,,,1.05804749340369,,""
"HIST_MAIN","SANPETE COUNTY",1973,7,,,5385,5637,1741,4092,11470,,,1.04679665738162,,""
"HIST_MAIN","SANPETE COUNTY",1974,7,,,5391,5854,1769,4278,11901,,,1.08588388054164,,""
"HIST_MAIN","SANPETE COUNTY",1975,7,,,5145,5852,1791,4285,11928,,,1.13741496598639,,""
"HIST_MAIN","SANPETE COUNTY",1976,7,,,5273,6016,1804,4421,12241,,,1.14090650483596,,""
"HIST_MAIN","SANPETE COUNTY",1977,7,,,5167,6206,1863,4616,12685,,,1.20108380104509,,""
"HIST_MAIN","SANPETE COUNTY",1978,7,,,5368,6374,1872,4793,13039,,,1.18740685543964,,""
"HIST_MAIN","SANPETE COUNTY",1979,7,,,5360,6817,1890,5189,13896,,,1.27182835820896,,""
"HIST_MAIN","SANPETE COUNTY",1980,7,,,5478,7200,1938,5565,14703,,,1.31434830230011,,""
"HIST_MAIN","SANPETE COUNTY",1981,7,,,5445,7287,1958,5723,14968,,,1.33829201101928,,""
"HIST_MAIN","SANPETE COUNTY",1982,7,,,5518,7554,2018,5942,15514,,,1.36897426603842,,""
"HIST_MAIN","SANPETE COUNTY",1983,7,,,5908,7779,2088,6193,16060,,,1.31668923493568,,""
"HIST_MAIN","SANPETE COUNTY",1984,7,,,6024,7997,2135,6368,16500,,,1.32752324037185,,""
"HIST_MAIN","SANPETE COUNTY",1985,7,,,5683,7976,2125,6367,16468,,,1.40348407531233,,""
"HIST_MAIN","SANPETE COUNTY",1986,7,,,5478,7910,2111,6319,16340,,,1.44395764877693,,""
"HIST_MAIN","SANPETE COUNTY",1987,7,,,5785,7794,2102,6299,16195,,,1.34727744165946,,""
"HIST_MAIN","SANPETE COUNTY",1988,7,,,5955,7809,2117,6253,16179,,,1.31133501259446,,""
"HIST_MAIN","SANPETE COUNTY",1989,7,,,6066,7844,2129,6191,16164,,,1.29310913287174,,""
"HIST_MAIN","SANPETE COUNTY",1990,7,,,6453,7971,2151,6203,16325,,,1.23523942352394,,""
"HIST_MAIN","SANPETE COUNTY",1991,7,,,6609,8727,2142,6308,17177,,,1.32047208352247,,""
"HIST_MAIN","SANPETE COUNTY",1992,7,,,6677,9113,2174,6463,17750,,,1.3648345065149,,""
"HIST_MAIN","SANPETE COUNTY",1993,7,,,7014,9479,2224,6593,18296,,,1.35143997718848,,""
"HIST_MAIN","SANPETE COUNTY",1994,7,,,7659,9926,2276,6723,18925,,,1.29599164381773,,""
"HIST_MAIN","SANPETE COUNTY",1995,7,,,7975,10424,2294,6828,19546,,,1.30708463949843,,""
"HIST_MAIN","SANPETE COUNTY",1996,7,,,8767,10984,2318,7045,20347,,,1.25288011862667,,""
"HIST_MAIN","SANPETE COUNTY",1997,7,,,9256,11499,2318,7254,21071,,,1.24232929991357,,""
"HIST_MAIN","SANPETE COUNTY",1998,7,,,9698,12027,2366,7460,21853,,,1.24015260878532,,""
"HIST_MAIN","SANPETE COUNTY",1999,7,,,9996,12570,2407,7573,22550,,,1.25750300120048,,""
"HIST_MAIN","SANPETE COUNTY",2000,7,,,10361,12787,2480,7539,22806,,,1.23414728308078,,""
"HIST_MAIN","SANPETE COUNTY",2001,7,,,10301,13211,2529,7554,23294,,,1.28249684496651,,""
"HIST_MAIN","SANPETE COUNTY",2002,7,,,10171,13501,2525,7540,23566,,,1.32740143545374,,""
"HIST_MAIN","SANPETE COUNTY",2003,7,,,10152,13803,2555,7508,23866,,,1.35963356973995,,""
"HIST_MAIN","SANPETE COUNTY",2004,7,,,10364,14159,2605,7453,24217,,,1.36617136240834,,""
"HIST_MAIN","SANPETE COUNTY",2005,7,,,10797,14437,2665,7505,24607,,,1.33713068444938,,""
"HIST_MAIN","SANPETE COUNTY",2006,7,,,11189,14690,2789,7572,25051,,,1.31289659486996,,""
"HIST_MAIN","SANPETE COUNTY",2007,7,,,11787,15063,2890,7893,25846,,,1.27793331636549,,""
"HIST_MAIN","SANPETE COUNTY",2008,7,,,12081,15733,3047,8179,26959,,,1.30229285655161,,""
"HIST_MAIN","SANPETE COUNTY",2009,7,,,11696,16087,3144,8280,27511,,,1.37542749658003,,""
"HIST_MAIN","SANPETE COUNTY",2010,7,,,11301,16308.7311638453,3218.59310496208,8306.31096119257,27833.63523,,,1.44312283548759,,""
"HIST_MAIN","SANPETE COUNTY",2011,7,,,11344,16469.2584371371,3317.49023890839,8197.28745395453,27984.03613,,,1.45180345884495,,""
"HIST_MAIN","SANPETE COUNTY",2012,7,,,11422,16447.4521232458,3379.8591666787,7997.61575007549,27824.92704,,,1.43998004931236,,""
"HIST_MAIN","SANPETE COUNTY",2013,7,,,11352,16433.0771926254,3440.96946404282,7803.76128333181,27677.80794,,,1.44759312831443,,""
"HIST_MAIN","SANPETE COUNTY",2014,7,,,11579,16373.9443605502,3492.50874287159,7591.79574657819,27458.24885,,,1.41410694883411,,""
"HIST_MAIN","SANPETE COUNTY",2015,7,,,11909,16497.9023271881,3583.87204115895,7466.32538165292,27548.09975,,,1.38533061778387,,""
"HIST_MAIN","SANPETE COUNTY",2016,7,,,12219,16634.7244566839,3675.12545131664,7345.9407519995,27655.79066,,,1.36138181984482,,""
"HIST_MAIN","SANPETE COUNTY",2017,7,,,12417,16855.3257160129,3785.47431880642,7264.0105051807,27904.81054,,,1.35743945526398,,""
"HIST_MAIN","SANPETE COUNTY",2018,7,,,13017,17079.8453938912,3896.75312785631,7180.45650825252,28157.05503,,,1.3121184139119,,""
"HIST_MAIN","SANPETE COUNTY",2019,7,,,13138,17234.8916868262,3988.92291243968,7064.64167073411,28288.45627,,,1.31183526311662,,""
"HIST_MAIN","SANPETE COUNTY",2020,7,,,13510,17474.2472066134,4104.30407586856,6981.32806817206,28559.879350654,,,1.29343058524155,,""
"HIST_MAIN","SANPETE COUNTY",2021,7,,,13972,17746.7057408829,4205.27123563419,7025.94575063088,28977.9227271479,,,1.27016216296041,,""
"HIST_MAIN","SANPETE COUNTY",2022,7,,,14726,18323.7386556495,4293.83180374286,7249.30869269496,29866.8791520874,,,1.24431200975482,,""
"HIST_MAIN","SANPETE COUNTY",2023,7,,,15184,18628.6440374305,4404.7653713251,7313.48730970178,30346.8967184574,,,1.22686011837661,,""
"HIST_MAIN","SANPETE COUNTY",2024,7,,,14869,19044.1857350546,4520.33303447782,7335.36032070323,30899.8790902356,,,1.28079801836402,,""
"HIST_MAIN","SEVIER COUNTY",1969,7,,,4376,4855,1238,3743,9836,,,1.10946069469835,,""
"HIST_MAIN","SEVIER COUNTY",1970,7,,,4495,5012,1283,3887,10182,,,1.11501668520578,,""
"HIST_MAIN","SEVIER COUNTY",1971,7,,,4561,5176,1329,4025,10530,,,1.13483885112914,,""
"HIST_MAIN","SEVIER COUNTY",1972,7,,,4666,5174,1379,4011,10564,,,1.10887269609944,,""
"HIST_MAIN","SEVIER COUNTY",1973,7,,,4753,5348,1427,4122,10897,,,1.12518409425626,,""
"HIST_MAIN","SEVIER COUNTY",1974,7,,,5089,5481,1479,4204,11164,,,1.07702888583219,,""
"HIST_MAIN","SEVIER COUNTY",1975,7,,,5252,5790,1533,4400,11723,,,1.1024371667936,,""
"HIST_MAIN","SEVIER COUNTY",1976,7,,,5799,6155,1571,4706,12432,,,1.06138989480945,,""
"HIST_MAIN","SEVIER COUNTY",1977,7,,,6029,6444,1597,4966,13007,,,1.06883396914911,,""
"HIST_MAIN","SEVIER COUNTY",1978,7,,,6194,6795,1654,5277,13726,,,1.09702938327414,,""
"HIST_MAIN","SEVIER COUNTY",1979,7,,,6495,7093,1715,5559,14367,,,1.09207082371055,,""
"HIST_MAIN","SEVIER COUNTY",1980,7,,,6384,7264,1757,5771,14792,,,1.13784461152882,,""
"HIST_MAIN","SEVIER COUNTY",1981,7,,,6621,7293,1796,5897,14986,,,1.10149524241051,,""
"HIST_MAIN","SEVIER COUNTY",1982,7,,,6653,7521,1863,6094,15478,,,1.13046745828949,,""
"HIST_MAIN","SEVIER COUNTY",1983,7,,,6809,7610,1926,6239,15775,,,1.11763841973858,,""
"HIST_MAIN","SEVIER COUNTY",1984,7,,,7113,7673,1962,6286,15921,,,1.07872908758611,,""
"HIST_MAIN","SEVIER COUNTY",1985,7,,,6765,7636,1980,6285,15901,,,1.12875092387288,,""
"HIST_MAIN","SEVIER COUNTY",1986,7,,,6620,7534,1992,6219,15745,,,1.1380664652568,,""
"HIST_MAIN","SEVIER COUNTY",1987,7,,,6928,7342,1994,6154,15490,,,1.05975750577367,,""
"HIST_MAIN","SEVIER COUNTY",1988,7,,,6986,7277,2028,6096,15401,,,1.04165473804752,,""
"HIST_MAIN","SEVIER COUNTY",1989,7,,,7115,7275,2073,6068,15416,,,1.02248770203795,,""
"HIST_MAIN","SEVIER COUNTY",1990,7,,,7053,7284,2105,6058,15447,,,1.03275202041684,,""
"HIST_MAIN","SEVIER COUNTY",1991,7,,,7014,7429,2159,6043,15631,,,1.05916737952666,,""
"HIST_MAIN","SEVIER COUNTY",1992,7,,,7018,7661,2196,6065,15922,,,1.0916215445996,,""
"HIST_MAIN","SEVIER COUNTY",1993,7,,,7448,7882,2253,6137,16272,,,1.05827067669173,,""
"HIST_MAIN","SEVIER COUNTY",1994,7,,,8188,8236,2283,6232,16751,,,1.00586223742062,,""
"HIST_MAIN","SEVIER COUNTY",1995,7,,,8352,8596,2310,6277,17183,,,1.02921455938697,,""
"HIST_MAIN","SEVIER COUNTY",1996,7,,,8919,8936,2376,6319,17631,,,1.00190604327839,,""
"HIST_MAIN","SEVIER COUNTY",1997,7,,,9315,9234,2402,6455,18091,,,0.991304347826087,,""
"HIST_MAIN","SEVIER COUNTY",1998,7,,,9481,9552,2406,6540,18498,,,1.00748866153359,,""
"HIST_MAIN","SEVIER COUNTY",1999,7,,,9907,9745,2421,6527,18693,,,0.983647925709095,,""
"HIST_MAIN","SEVIER COUNTY",2000,7,,,10169,9936,2428,6513,18877,,,0.977087225882584,,""
"HIST_MAIN","SEVIER COUNTY",2001,7,,,10038,10034,2469,6472,18975,,,0.999601514245866,,""
"HIST_MAIN","SEVIER COUNTY",2002,7,,,10182,10218,2468,6402,19088,,,1.00353565114909,,""
"HIST_MAIN","SEVIER COUNTY",2003,7,,,10174,10318,2542,6332,19192,,,1.01415372518184,,""
"HIST_MAIN","SEVIER COUNTY",2004,7,,,10634,10434,2596,6382,19412,,,0.981192401730299,,""
"HIST_MAIN","SEVIER COUNTY",2005,7,,,10647,10449,2636,6330,19415,,,0.981403212172443,,""
"HIST_MAIN","SEVIER COUNTY",2006,7,,,10919,10605,2776,6463,19844,,,0.971242787801081,,""
"HIST_MAIN","SEVIER COUNTY",2007,7,,,11416,10824,2853,6559,20236,,,0.948142957252978,,""
"HIST_MAIN","SEVIER COUNTY",2008,7,,,11493,11022,2895,6682,20599,,,0.959018533020099,,""
"HIST_MAIN","SEVIER COUNTY",2009,7,,,11201,11109,2952,6633,20694,,,0.991786447638604,,""
"HIST_MAIN","SEVIER COUNTY",2010,7,,,11211,11183.8050237111,3026.32533184165,6582.78796444721,20792.91832,,,0.997574259540728,,""
"HIST_MAIN","SEVIER COUNTY",2011,7,,,11373,11192.1227288923,3072.05441072308,6523.43447038462,20787.61161,,,0.984095905116706,,""
"HIST_MAIN","SEVIER COUNTY",2012,7,,,11590,11243.8316545686,3130.15225994582,6489.48098548562,20863.4649,,,0.970132153112045,,""
"HIST_MAIN","SEVIER COUNTY",2013,7,,,11506,11192.7050063299,3157.74695108847,6395.98623258161,20746.43819,,,0.972771163421684,,""
"HIST_MAIN","SEVIER COUNTY",2014,7,,,11644,11203.1256150899,3202.69242335101,6337.54344155908,20743.36148,,,0.962137205006003,,""
"HIST_MAIN","SEVIER COUNTY",2015,7,,,11921,11244.603763829,3257.1016918373,6295.84931433373,20797.55477,,,0.943260109372452,,""
"HIST_MAIN","SEVIER COUNTY",2016,7,,,12022,11363.1880880413,3331.48199418584,6297.46797777289,20992.13806,,,0.945199474966004,,""
"HIST_MAIN","SEVIER COUNTY",2017,7,,,12341,11462.4139226222,3401.01487293797,6290.43351443979,21153.86231,,,0.928807545792253,,""
"HIST_MAIN","SEVIER COUNTY",2018,7,,,12686,11517.6322866078,3456.68527369851,6257.52994969373,21231.84751,,,0.907901015813322,,""
"HIST_MAIN","SEVIER COUNTY",2019,7,,,12566,11645.3626109312,3530.85259865208,6262.06079041669,21438.276,,,0.926735843620181,,""
"HIST_MAIN","SEVIER COUNTY",2020,7,,,12777,11731.9807696687,3595.50913693365,6243.4997716716,21570.989678274,,,0.91821090785542,,""
"HIST_MAIN","SEVIER COUNTY",2021,7,,,13027,11948.2829382862,3681.59625996075,6165.14315634081,21795.0223545878,,,0.917193746701942,,""
"HIST_MAIN","SEVIER COUNTY",2022,7,,,13520,12125.0782818665,3757.57605238363,6083.33553901346,21965.9898732636,,,0.896825316706102,,""
"HIST_MAIN","SEVIER COUNTY",2023,7,,,13751,12304.8279242711,3832.66310078727,6026.51176729819,22164.0027923565,,,0.89483149765625,,""
"HIST_MAIN","SEVIER COUNTY",2024,7,,,13795,12215.2043920125,3917.27366040025,5839.5122120702,21971.9902644829,,,0.88548056484324,,""
"HIST_MAIN","STATE OF UTAH",1969,7,,,443665,542869,74971,416610,1034450,,,1.22360114050015,,""
"HIST_MAIN","STATE OF UTAH",1970,7,,,454612,563023,77580,426997,1067600,,,1.23846928809622,,""
"HIST_MAIN","STATE OF UTAH",1971,7,,,466945,583866,80194,436738,1100798,,,1.25039565687608,,""
"HIST_MAIN","STATE OF UTAH",1972,7,,,494083,606475,82899,445258,1134632,,,1.227475950397,,""
"HIST_MAIN","STATE OF UTAH",1973,7,,,522552,629726,85661,453439,1168826,,,1.20509729175278,,""
"HIST_MAIN","STATE OF UTAH",1974,7,,,544692,650642,88724,459486,1198852,,,1.19451359667482,,""
"HIST_MAIN","STATE OF UTAH",1975,7,,,552699,675035,91748,467207,1233990,,,1.22134290092799,,""
"HIST_MAIN","STATE OF UTAH",1976,7,,,580312,700552,94896,476962,1272410,,,1.20719888611643,,""
"HIST_MAIN","STATE OF UTAH",1977,7,,,612694,727762,98743,489938,1316443,,,1.18780663757112,,""
"HIST_MAIN","STATE OF UTAH",1978,7,,,651311,755824,102390,506065,1364279,,,1.16046558402975,,""
"HIST_MAIN","STATE OF UTAH",1979,7,,,677997,786068,106365,523709,1416142,,,1.15939746046074,,""
"HIST_MAIN","STATE OF UTAH",1980,7,,,687159,817304,110325,545542,1473171,,,1.18939575847802,,""
"HIST_MAIN","STATE OF UTAH",1981,7,,,696877,836745,114346,564392,1515483,,,1.20070686792648,,""
"HIST_MAIN","STATE OF UTAH",1982,7,,,706930,861565,118659,578098,1558322,,,1.21874160100717,,""
"HIST_MAIN","STATE OF UTAH",1983,7,,,719110,877443,123258,594252,1594953,,,1.22017911028911,,""
"HIST_MAIN","STATE OF UTAH",1984,7,,,761202,893371,126669,602299,1622339,,,1.1736319662849,,""
"HIST_MAIN","STATE OF UTAH",1985,7,,,788568,903880,129905,609121,1642906,,,1.14622962128821,,""
"HIST_MAIN","STATE OF UTAH",1986,7,,,801192,914205,133591,615034,1662830,,,1.1410560764461,,""
"HIST_MAIN","STATE OF UTAH",1987,7,,,830377,917066,137534,623526,1678126,,,1.10439715936255,,""
"HIST_MAIN","STATE OF UTAH",1988,7,,,865051,923730,141581,624063,1689374,,,1.06783299481765,,""
"HIST_MAIN","STATE OF UTAH",1989,7,,,897166,935232,146173,624481,1705886,,,1.04242916026688,,""
"HIST_MAIN","STATE OF UTAH",1990,7,,,938218,953330,150771,627122,1731223,,,1.01610713075213,,""
"HIST_MAIN","STATE OF UTAH",1991,7,,,960860,986493,156071,637216,1779780,,,1.02667714339238,,""
"HIST_MAIN","STATE OF UTAH",1992,7,,,978690,1026732,161342,648725,1836799,,,1.04908806670141,,""
"HIST_MAIN","STATE OF UTAH",1993,7,,,1025991,1069149,166287,662968,1898404,,,1.04206469647395,,""
"HIST_MAIN","STATE OF UTAH",1994,7,,,1102315,1115625,170886,673935,1960446,,,1.0120745884797,,""
"HIST_MAIN","STATE OF UTAH",1995,7,,,1150220,1159619,174922,679636,2014177,,,1.00817148023856,,""
"HIST_MAIN","STATE OF UTAH",1996,7,,,1217605,1201815,179083,687078,2067976,,,0.987031919218466,,""
"HIST_MAIN","STATE OF UTAH",1997,7,,,1269877,1237985,182271,699528,2119784,,,0.974885756652022,,""
"HIST_MAIN","STATE OF UTAH",1998,7,,,1309652,1271642,184932,709386,2165960,,,0.970977022903794,,""
"HIST_MAIN","STATE OF UTAH",1999,7,,,1338175,1300440,187644,715398,2203482,,,0.971801147084649,,""
"HIST_MAIN","STATE OF UTAH",2000,7,,,1380538,1331590,191226,721686,2244502,,,0.964544257383716,,""
"HIST_MAIN","STATE OF UTAH",2001,7,,,1391757,1362529,194367,726819,2283715,,,0.978999207476593,,""
"HIST_MAIN","STATE OF UTAH",2002,7,,,1395322,1393358,197940,733517,2324815,,,0.998592439594588,,""
"HIST_MAIN","STATE OF UTAH",2003,7,,,1405775,1418091,201563,740483,2360137,,,1.00876100371681,,""
"HIST_MAIN","STATE OF UTAH",2004,7,,,1453388,1443953,205856,751771,2401580,,,0.993508271707211,,""
"HIST_MAIN","STATE OF UTAH",2005,7,,,1517550,1477059,212772,767888,2457719,,,0.973318177325294,,""
"HIST_MAIN","STATE OF UTAH",2006,7,,,1592713,1514684,220866,789957,2525507,,,0.951008750477958,,""
"HIST_MAIN","STATE OF UTAH",2007,7,,,1676370,1555360,226890,815496,2597746,,,0.927814265347149,,""
"HIST_MAIN","STATE OF UTAH",2008,7,,,1688140,1590580,235191,837258,2663029,,,0.942208584596064,,""
"HIST_MAIN","STATE OF UTAH",2009,7,,,1633983,1622174,243394,857853,2723421,,,0.992772874625991,,""
"HIST_MAIN","STATE OF UTAH",2010,7,,,1620792,1648967.51578595,252196.400430603,871502.674417451,2772666.590634,,,1.01738379495083,,""
"HIST_MAIN","STATE OF UTAH",2011,7,,,1664419,1679758.03962502,264441.377663726,877891.324964259,2822090.742253,,,1.00921585227339,,""
"HIST_MAIN","STATE OF UTAH",2012,7,,,1706046,1708102.61205685,276303.931756199,882998.187668954,2867404.731482,,,1.00120548452788,,""
"HIST_MAIN","STATE OF UTAH",2013,7,,,1753370,1732445.81368686,287455.667225408,886119.916982734,2906021.397895,,,0.988066302997576,,""
"HIST_MAIN","STATE OF UTAH",2014,7,,,1803933,1758180.72740207,298786.558024011,890021.384094915,2946988.669521,,,0.974637487867936,,""
"HIST_MAIN","STATE OF UTAH",2015,7,,,1865934,1793361.80471948,311715.787149313,898713.777977212,3003791.369846,,,0.961106772650844,,""
"HIST_MAIN","STATE OF UTAH",2016,7,,,1933132,1829620.99826828,324884.27334098,907878.42476174,3062383.696371,,,0.946454250546926,,""
"HIST_MAIN","STATE OF UTAH",2017,7,,,1995265,1866780.56081806,338232.891142317,917463.278165423,3122476.7301258,,,0.935605326018379,,""
"HIST_MAIN","STATE OF UTAH",2018,7,,,2069739,1900221.63867674,350934.999847138,925184.904023024,3176341.5425469,,,0.918097228045053,,""
"HIST_MAIN","STATE OF UTAH",2019,7,,,2103035,1934204.72880732,363752.145247243,933150.833304738,3231107.7073593,,,0.919720655532276,,""
"HIST_MAIN","STATE OF UTAH",2020,7,,,2135748,1967564.6979806,376483.446274049,940775.029784151,3284823.1740388,,,0.921253208702806,,""
"HIST_MAIN","STATE OF UTAH",2021,7,,,2250027,2012770.23186477,390263.532446459,939509.409727062,3342543.17403829,,,0.894553812849699,,""
"HIST_MAIN","STATE OF UTAH",2022,7,,,2367996,2059391.2867132,403419.216995426,937682.670329135,3400493.17403776,,,0.86967684350531,,""
"HIST_MAIN","STATE OF UTAH",2023,7,,,2426616,2104594.29549436,418674.346584215,933177.531957468,3456446.17403605,,,0.867295977399951,,""
"HIST_MAIN","STATE OF UTAH",2024,7,,,2456829,2147253.00574387,434954.48071826,924630.687567069,3506838.17402919,,,0.873993674669206,,""
"HIST_MAIN","SUMMIT COUNTY",1969,7,,,2653,2836,486,2435,5757,,,1.06897851488881,,""
"HIST_MAIN","SUMMIT COUNTY",1970,7,,,2549,2962,507,2461,5930,,,1.16202432326403,,""
"HIST_MAIN","SUMMIT COUNTY",1971,7,,,2698,3091,528,2490,6109,,,1.14566345441067,,""
"HIST_MAIN","SUMMIT COUNTY",1972,7,,,2866,3263,548,2526,6337,,,1.13852058618283,,""
"HIST_MAIN","SUMMIT COUNTY",1973,7,,,3091,3526,570,2625,6721,,,1.14073115496603,,""
"HIST_MAIN","SUMMIT COUNTY",1974,7,,,3348,3668,589,2624,6881,,,1.09557945041816,,""
"HIST_MAIN","SUMMIT COUNTY",1975,7,,,3485,3878,600,2671,7149,,,1.11276901004304,,""
"HIST_MAIN","SUMMIT COUNTY",1976,7,,,3747,4059,633,2702,7394,,,1.08326661329063,,""
"HIST_MAIN","SUMMIT COUNTY",1977,7,,,4289,4406,655,2846,7907,,,1.02727908603404,,""
"HIST_MAIN","SUMMIT COUNTY",1978,7,,,4608,4862,677,3073,8612,,,1.05512152777778,,""
"HIST_MAIN","SUMMIT COUNTY",1979,7,,,5026,5380,710,3334,9424,,,1.07043374452845,,""
"HIST_MAIN","SUMMIT COUNTY",1980,7,,,5680,5944,715,3640,10299,,,1.04647887323944,,""
"HIST_MAIN","SUMMIT COUNTY",1981,7,,,6548,6191,713,3758,10662,,,0.945479535736103,,""
"HIST_MAIN","SUMMIT COUNTY",1982,7,,,6726,6646,731,3942,11319,,,0.988105857865001,,""
"HIST_MAIN","SUMMIT COUNTY",1983,7,,,6955,6929,743,4095,11767,,,0.996261682242991,,""
"HIST_MAIN","SUMMIT COUNTY",1984,7,,,8057,7302,754,4244,12300,,,0.90629266476356,,""
"HIST_MAIN","SUMMIT COUNTY",1985,7,,,8346,7626,761,4380,12767,,,0.9137311286844,,""
"HIST_MAIN","SUMMIT COUNTY",1986,7,,,8798,7929,770,4504,13203,,,0.901227551716299,,""
"HIST_MAIN","SUMMIT COUNTY",1987,7,,,9739,8108,779,4616,13503,,,0.832529007084916,,""
"HIST_MAIN","SUMMIT COUNTY",1988,7,,,10491,8475,804,4765,14044,,,0.807835287389191,,""
"HIST_MAIN","SUMMIT COUNTY",1989,7,,,11282,8881,831,4919,14631,,,0.787183123559653,,""
"HIST_MAIN","SUMMIT COUNTY",1990,7,,,11864,9650,881,5261,15792,,,0.813385030343898,,""
"HIST_MAIN","SUMMIT COUNTY",1991,7,,,12366,10530,944,5650,17124,,,0.851528384279476,,""
"HIST_MAIN","SUMMIT COUNTY",1992,7,,,13183,11405,1001,6000,18406,,,0.865129333232193,,""
"HIST_MAIN","SUMMIT COUNTY",1993,7,,,14464,12609,1083,6555,20247,,,0.871750553097345,,""
"HIST_MAIN","SUMMIT COUNTY",1994,7,,,16820,13854,1151,7039,22044,,,0.823662306777646,,""
"HIST_MAIN","SUMMIT COUNTY",1995,7,,,18069,15176,1214,7512,23902,,,0.839891526924567,,""
"HIST_MAIN","SUMMIT COUNTY",1996,7,,,19393,16201,1281,7815,25297,,,0.835404527406796,,""
"HIST_MAIN","SUMMIT COUNTY",1997,7,,,21124,17125,1341,8168,26634,,,0.810689263397084,,""
"HIST_MAIN","SUMMIT COUNTY",1998,7,,,21764,18069,1392,8509,27970,,,0.830224223488329,,""
"HIST_MAIN","SUMMIT COUNTY",1999,7,,,22399,18840,1420,8744,29004,,,0.841108978079379,,""
"HIST_MAIN","SUMMIT COUNTY",2000,7,,,23529,19556,1474,8934,29964,,,0.831144545029538,,""
"HIST_MAIN","SUMMIT COUNTY",2001,7,,,24261,20094,1563,9146,30803,,,0.828242858909361,,""
"HIST_MAIN","SUMMIT COUNTY",2002,7,,,24906,20685,1628,9223,31536,,,0.830522765598651,,""
"HIST_MAIN","SUMMIT COUNTY",2003,7,,,25392,21241,1711,9401,32353,,,0.836523314429742,,""
"HIST_MAIN","SUMMIT COUNTY",2004,7,,,26922,21862,1832,9577,33271,,,0.812049624842136,,""
"HIST_MAIN","SUMMIT COUNTY",2005,7,,,29375,22342,1960,9835,34137,,,0.760578723404255,,""
"HIST_MAIN","SUMMIT COUNTY",2006,7,,,31665,22329,2092,9821,34242,,,0.705163429654192,,""
"HIST_MAIN","SUMMIT COUNTY",2007,7,,,33913,22527,2218,9902,34647,,,0.66425854392121,,""
"HIST_MAIN","SUMMIT COUNTY",2008,7,,,34768,22863,2420,9946,35229,,,0.657587436723424,,""
"HIST_MAIN","SUMMIT COUNTY",2009,7,,,33294,23197,2636,10005,35838,,,0.696732143929837,,""
"HIST_MAIN","SUMMIT COUNTY",2010,7,,,33296,23623.5909855545,2853.23106939458,10095.7655150509,36572.58757,,,0.709502372223525,,""
"HIST_MAIN","SUMMIT COUNTY",2011,7,,,34882,24097.4284791255,3188.5024844225,10163.046876452,37448.97784,,,0.690827030535104,,""
"HIST_MAIN","SUMMIT COUNTY",2012,7,,,35905,24380.7865964825,3502.08849107975,10148.8930324377,38031.76812,,,0.679035972607784,,""
"HIST_MAIN","SUMMIT COUNTY",2013,7,,,36813,24497.0660156965,3787.56389725973,10065.1284770438,38349.75839,,,0.665446065675074,,""
"HIST_MAIN","SUMMIT COUNTY",2014,7,,,38456,24736.7286917844,4090.24750955581,10031.4124686598,38858.38867,,,0.643247573636998,,""
"HIST_MAIN","SUMMIT COUNTY",2015,7,,,40312,25063.0917804996,4408.05504621397,10030.7221132864,39501.86894,,,0.621727817535711,,""
"HIST_MAIN","SUMMIT COUNTY",2016,7,,,41399,25497.9637866105,4744.10372249214,10073.5317108973,40315.59922,,,0.615907722085328,,""
"HIST_MAIN","SUMMIT COUNTY",2017,7,,,42057,25896.5965799071,5075.90302273255,10105.4290573604,41077.92866,,,0.615749972178403,,""
"HIST_MAIN","SUMMIT COUNTY",2018,7,,,42855,26167.593861007,5381.83175160508,10084.605187388,41634.0308,,,0.610607720476187,,""
"HIST_MAIN","SUMMIT COUNTY",2019,7,,,43198,26459.0595708501,5686.25428884061,10069.2689203093,42214.58278,,,0.612506587593178,,""
"HIST_MAIN","SUMMIT COUNTY",2020,7,,,41861,26497.7901052578,5937.97246438076,9958.1222687114,42393.88483835,,,0.632994675360307,,""
"HIST_MAIN","SUMMIT COUNTY",2021,7,,,45038,26704.9448825291,6385.52196610353,9746.49985907421,42836.9667077069,,,0.592942512601117,,""
"HIST_MAIN","SUMMIT COUNTY",2022,7,,,48056,26844.4771809225,6877.8645625673,9526.56258139755,43248.9043248873,,,0.558608231665609,,""
"HIST_MAIN","SUMMIT COUNTY",2023,7,,,49760,26845.7651077603,7384.25391428236,9260.91073978494,43490.9297618276,,,0.539504925799041,,""
"HIST_MAIN","SUMMIT COUNTY",2024,7,,,50428,26526.4741060381,7864.03750125409,8913.39345783651,43303.9050651287,,,0.526026693623346,,""
"HIST_MAIN","TOOELE COUNTY",1969,7,,,11487,11011,1101,9033,21145,,,0.958561852528946,,""
"HIST_MAIN","TOOELE COUNTY",1970,7,,,10963,11316,1138,9223,21677,,,1.03219921554319,,""
"HIST_MAIN","TOOELE COUNTY",1971,7,,,10815,11640,1177,9394,22211,,,1.07628294036061,,""
"HIST_MAIN","TOOELE COUNTY",1972,7,,,10656,11902,1212,9472,22586,,,1.11692942942943,,""
"HIST_MAIN","TOOELE COUNTY",1973,7,,,10642,11880,1251,9286,22417,,,1.11633151663221,,""
"HIST_MAIN","TOOELE COUNTY",1974,7,,,11256,12055,1289,9268,22612,,,1.07098436389481,,""
"HIST_MAIN","TOOELE COUNTY",1975,7,,,11391,12676,1327,9567,23570,,,1.1128083574752,,""
"HIST_MAIN","TOOELE COUNTY",1976,7,,,11234,12768,1374,9516,23658,,,1.13654975965818,,""
"HIST_MAIN","TOOELE COUNTY",1977,7,,,11695,13127,1419,9693,24239,,,1.12244548952544,,""
"HIST_MAIN","TOOELE COUNTY",1978,7,,,11271,13545,1481,9950,24976,,,1.20175672078786,,""
"HIST_MAIN","TOOELE COUNTY",1979,7,,,11786,13984,1543,10211,25738,,,1.18649244866791,,""
"HIST_MAIN","TOOELE COUNTY",1980,7,,,12015,14255,1604,10378,26237,,,1.18643362463587,,""
"HIST_MAIN","TOOELE COUNTY",1981,7,,,12398,14604,1705,10634,26943,,,1.17793192450395,,""
"HIST_MAIN","TOOELE COUNTY",1982,7,,,12273,14917,1791,10693,27401,,,1.21543224965371,,""
"HIST_MAIN","TOOELE COUNTY",1983,7,,,12077,14933,1859,10691,27483,,,1.23648257017471,,""
"HIST_MAIN","TOOELE COUNTY",1984,7,,,12534,14932,1910,10516,27358,,,1.19131961065901,,""
"HIST_MAIN","TOOELE COUNTY",1985,7,,,12819,14998,1983,10451,27432,,,1.16998205788283,,""
"HIST_MAIN","TOOELE COUNTY",1986,7,,,12670,14990,2043,10318,27351,,,1.18310970797159,,""
"HIST_MAIN","TOOELE COUNTY",1987,7,,,12498,14804,2105,10205,27114,,,1.18450952152344,,""
"HIST_MAIN","TOOELE COUNTY",1988,7,,,12566,14795,2183,10045,27023,,,1.17738341556581,,""
"HIST_MAIN","TOOELE COUNTY",1989,7,,,13146,14660,2237,9741,26638,,,1.11516811197322,,""
"HIST_MAIN","TOOELE COUNTY",1990,7,,,13065,14770,2307,9641,26718,,,1.13050133945656,,""
"HIST_MAIN","TOOELE COUNTY",1991,7,,,12851,15080,2395,9809,27284,,,1.17344953700101,,""
"HIST_MAIN","TOOELE COUNTY",1992,7,,,13031,15427,2455,9970,27852,,,1.18386923490139,,""
"HIST_MAIN","TOOELE COUNTY",1993,7,,,12593,15906,2520,10146,28572,,,1.2630826649726,,""
"HIST_MAIN","TOOELE COUNTY",1994,7,,,12738,16555,2614,10409,29578,,,1.29965457685665,,""
"HIST_MAIN","TOOELE COUNTY",1995,7,,,12809,17123,2684,10538,30345,,,1.33679444140838,,""
"HIST_MAIN","TOOELE COUNTY",1996,7,,,13446,17793,2742,10829,31364,,,1.32329317269076,,""
"HIST_MAIN","TOOELE COUNTY",1997,7,,,13986,18762,2838,11448,33048,,,1.34148434148434,,""
"HIST_MAIN","TOOELE COUNTY",1998,7,,,14515,20199,2864,12288,35351,,,1.3915949018257,,""
"HIST_MAIN","TOOELE COUNTY",1999,7,,,14960,21900,2923,13256,38079,,,1.46390374331551,,""
"HIST_MAIN","TOOELE COUNTY",2000,7,,,15624,23956,2997,14566,41519,,,1.53328213005632,,""
"HIST_MAIN","TOOELE COUNTY",2001,7,,,16070,25003,3013,15315,43331,,,1.55588052271313,,""
"HIST_MAIN","TOOELE COUNTY",2002,7,,,16460,25861,3086,16051,44998,,,1.57114216281896,,""
"HIST_MAIN","TOOELE COUNTY",2003,7,,,17010,26663,3217,16772,46652,,,1.56748971193416,,""
"HIST_MAIN","TOOELE COUNTY",2004,7,,,17259,27219,3297,17378,47894,,,1.57709021380149,,""
"HIST_MAIN","TOOELE COUNTY",2005,7,,,19332,27941,3440,17877,49258,,,1.44532381543555,,""
"HIST_MAIN","TOOELE COUNTY",2006,7,,,20257,29153,3632,18698,51483,,,1.43915683467443,,""
"HIST_MAIN","TOOELE COUNTY",2007,7,,,21389,30425,3780,19616,53821,,,1.42246014306419,,""
"HIST_MAIN","TOOELE COUNTY",2008,7,,,21425,31553,3980,20376,55909,,,1.47271878646441,,""
"HIST_MAIN","TOOELE COUNTY",2009,7,,,21291,32255,4216,20747,57218,,,1.51495937250481,,""
"HIST_MAIN","TOOELE COUNTY",2010,7,,,21312,32951.0371378216,4421.46614135513,20996.9148408233,58369.41812,,,1.54612599182721,,""
"HIST_MAIN","TOOELE COUNTY",2011,7,,,21778,33601.6872579396,4607.72397404163,20998.4093580188,59207.82059,,,1.54291887491687,,""
"HIST_MAIN","TOOELE COUNTY",2012,7,,,21539,34355.2934624691,4807.64601271174,21070.4635848192,60233.40306,,,1.59502732078876,,""
"HIST_MAIN","TOOELE COUNTY",2013,7,,,21277,35256.2326837826,5025.08654004046,21234.4763061769,61515.79553,,,1.65701145292018,,""
"HIST_MAIN","TOOELE COUNTY",2014,7,,,21133,35915.8711612047,5208.11464736264,21254.3721914326,62378.358,,,1.69951597791155,,""
"HIST_MAIN","TOOELE COUNTY",2015,7,,,21236,36727.2562764967,5413.43133516172,21365.2528583415,63505.94047,,,1.72948089454213,,""
"HIST_MAIN","TOOELE COUNTY",2016,7,,,22311,38086.2685699482,5695.68070454519,21793.2036655066,65575.15294,,,1.70706237147363,,""
"HIST_MAIN","TOOELE COUNTY",2017,7,,,23363,39337.4930023596,5963.7904790735,22163.2938485669,67464.57733,,,1.68375178711465,,""
"HIST_MAIN","TOOELE COUNTY",2018,7,,,23387,40525.0311294546,6221.42779339572,22488.3145371496,69234.77346,,,1.73280160471435,,""
"HIST_MAIN","TOOELE COUNTY",2019,7,,,23814,41901.5200733539,6502.77364335959,22907.6176132865,71311.91133,,,1.7595330508673,,""
"HIST_MAIN","TOOELE COUNTY",2020,7,,,25429,43137.1405964425,6767.91803600056,23243.5528059259,73148.611438369,,,1.69637581487445,,""
"HIST_MAIN","TOOELE COUNTY",2021,7,,,27916,45347.1577471119,7056.21209908525,23845.354111339,76248.7239575362,,,1.6244145918868,,""
"HIST_MAIN","TOOELE COUNTY",2022,7,,,28471,46526.4700543936,7365.17946649358,23799.9602706787,77691.6097915659,,,1.63417056142719,,""
"HIST_MAIN","TOOELE COUNTY",2023,7,,,28652,47861.4773401208,7692.6106800546,23853.5674663991,79407.6554865745,,,1.67044106310627,,""
"HIST_MAIN","TOOELE COUNTY",2024,7,,,31192,49728.8618580109,8017.528179667,24109.2187652076,81855.6088028854,,,1.59428256790238,,""
"HIST_MAIN","UINTAH COUNTY",1969,7,,,5072,5961,842,5520,12323,,,1.17527602523659,,""
"HIST_MAIN","UINTAH COUNTY",1970,7,,,5121,6246,881,5684,12811,,,1.21968365553603,,""
"HIST_MAIN","UINTAH COUNTY",1971,7,,,5372,6550,920,5829,13299,,,1.2192851824274,,""
"HIST_MAIN","UINTAH COUNTY",1972,7,,,6173,7004,955,6083,14042,,,1.134618499919,,""
"HIST_MAIN","UINTAH COUNTY",1973,7,,,6501,7844,994,6632,15470,,,1.20658360252269,,""
"HIST_MAIN","UINTAH COUNTY",1974,7,,,7119,8319,1029,6860,16208,,,1.16856300042141,,""
"HIST_MAIN","UINTAH COUNTY",1975,7,,,7324,9092,1057,7322,17471,,,1.24139814309121,,""
"HIST_MAIN","UINTAH COUNTY",1976,7,,,7465,9252,1105,7383,17740,,,1.23938379102478,,""
"HIST_MAIN","UINTAH COUNTY",1977,7,,,8045,9431,1117,7470,18018,,,1.17228091982598,,""
"HIST_MAIN","UINTAH COUNTY",1978,7,,,8747,9881,1155,7803,18839,,,1.12964444952555,,""
"HIST_MAIN","UINTAH COUNTY",1979,7,,,9106,10399,1199,8187,19785,,,1.14199428947946,,""
"HIST_MAIN","UINTAH COUNTY",1980,7,,,9111,10916,1246,8643,20805,,,1.19811217209966,,""
"HIST_MAIN","UINTAH COUNTY",1981,7,,,10338,11446,1346,9202,21994,,,1.10717740375314,,""
"HIST_MAIN","UINTAH COUNTY",1982,7,,,11347,12676,1521,10174,24371,,,1.11712346875826,,""
"HIST_MAIN","UINTAH COUNTY",1983,7,,,10919,13271,1647,10791,25709,,,1.21540434105687,,""
"HIST_MAIN","UINTAH COUNTY",1984,7,,,11450,13388,1701,10874,25963,,,1.1692576419214,,""
"HIST_MAIN","UINTAH COUNTY",1985,7,,,10839,13162,1717,10713,25592,,,1.2143186640834,,""
"HIST_MAIN","UINTAH COUNTY",1986,7,,,9789,12713,1704,10354,24771,,,1.29870262539585,,""
"HIST_MAIN","UINTAH COUNTY",1987,7,,,9771,11895,1653,9809,23357,,,1.21737795517347,,""
"HIST_MAIN","UINTAH COUNTY",1988,7,,,9726,11410,1639,9384,22433,,,1.17314414970183,,""
"HIST_MAIN","UINTAH COUNTY",1989,7,,,9554,11135,1659,9097,21891,,,1.16548042704626,,""
"HIST_MAIN","UINTAH COUNTY",1990,7,,,10022,11373,1743,9165,22281,,,1.13480343244861,,""
"HIST_MAIN","UINTAH COUNTY",1991,7,,,10537,11745,1822,9306,22873,,,1.11464363670874,,""
"HIST_MAIN","UINTAH COUNTY",1992,7,,,10512,12045,1921,9285,23251,,,1.14583333333333,,""
"HIST_MAIN","UINTAH COUNTY",1993,7,,,10567,12392,1984,9362,23738,,,1.17270748556828,,""
"HIST_MAIN","UINTAH COUNTY",1994,7,,,11115,12732,2045,9328,24105,,,1.14547908232119,,""
"HIST_MAIN","UINTAH COUNTY",1995,7,,,11371,13087,2134,9225,24446,,,1.1509102101838,,""
"HIST_MAIN","UINTAH COUNTY",1996,7,,,11630,13192,2223,8993,24408,,,1.13430782459157,,""
"HIST_MAIN","UINTAH COUNTY",1997,7,,,12305,13507,2317,9004,24828,,,1.0976838683462,,""
"HIST_MAIN","UINTAH COUNTY",1998,7,,,12636,13655,2388,8927,24970,,,1.08064260842039,,""
"HIST_MAIN","UINTAH COUNTY",1999,7,,,13006,13883,2448,8872,25203,,,1.06743041673074,,""
"HIST_MAIN","UINTAH COUNTY",2000,7,,,13627,13994,2476,8745,25215,,,1.02693182652088,,""
"HIST_MAIN","UINTAH COUNTY",2001,7,,,14035,14446,2553,8787,25786,,,1.02928393302458,,""
"HIST_MAIN","UINTAH COUNTY",2002,7,,,13868,14933,2601,8861,26395,,,1.07679550043265,,""
"HIST_MAIN","UINTAH COUNTY",2003,7,,,14138,15135,2666,8760,26561,,,1.07051916819918,,""
"HIST_MAIN","UINTAH COUNTY",2004,7,,,14755,15427,2717,8850,26994,,,1.04554388342935,,""
"HIST_MAIN","UINTAH COUNTY",2005,7,,,15845,15874,2756,9031,27661,,,1.00183023035658,,""
"HIST_MAIN","UINTAH COUNTY",2006,7,,,17475,16568,2795,9299,28662,,,0.948097281831187,,""
"HIST_MAIN","UINTAH COUNTY",2007,7,,,18975,17290,2810,9820,29920,,,0.911198945981555,,""
"HIST_MAIN","UINTAH COUNTY",2008,7,,,20045,17961,2853,10195,31009,,,0.896033923671739,,""
"HIST_MAIN","UINTAH COUNTY",2009,7,,,18153,19045,2937,10949,32931,,,1.04913788354542,,""
"HIST_MAIN","UINTAH COUNTY",2010,7,,,18026,18797.4738821682,3030.8738493789,10893.4211484529,32721.76888,,,1.04279784101676,,""
"HIST_MAIN","UINTAH COUNTY",2011,7,,,18933,19334.9935469049,3214.58403560335,11202.3468074917,33751.92439,,,1.02123242734405,,""
"HIST_MAIN","UINTAH COUNTY",2012,7,,,20049,19824.3785184663,3395.03042576532,11483.3009557684,34702.7099,,,0.988796374805043,,""
"HIST_MAIN","UINTAH COUNTY",2013,7,,,19730,20311.1488913236,3576.85213663329,11760.9043820431,35648.90541,,,1.02945508825766,,""
"HIST_MAIN","UINTAH COUNTY",2014,7,,,20253,20646.5412218888,3735.50269139598,11949.2970067152,36331.34092,,,1.01943125570971,,""
"HIST_MAIN","UINTAH COUNTY",2015,7,,,19284,20744.1991995312,3853.04061419843,11998.1866162704,36595.42643,,,1.0757207633028,,""
"HIST_MAIN","UINTAH COUNTY",2016,7,,,17390,20146.2184509466,3834.89745323565,11645.7760358178,35626.89194,,,1.15849444801303,,""
"HIST_MAIN","UINTAH COUNTY",2017,7,,,17773,20025.3508304628,3903.40324913629,11574.0963804009,35502.85046,,,1.12672879257654,,""
"HIST_MAIN","UINTAH COUNTY",2018,7,,,18220,20065.8324904486,4000.74104646134,11593.1050930901,35659.67863,,,1.10130804009048,,""
"HIST_MAIN","UINTAH COUNTY",2019,7,,,18183,19965.2775687072,4064.61546913784,11527.780732155,35557.67377,,,1.09801889505072,,""
"HIST_MAIN","UINTAH COUNTY",2020,7,,,17386,19989.361721673,4155.51736419088,11534.1274447261,35679.00653059,,,1.14973896938186,,""
"HIST_MAIN","UINTAH COUNTY",2021,7,,,18349,20296.9661714066,4257.86410407069,11418.210318782,35973.0405942593,,,1.10616198002107,,""
"HIST_MAIN","UINTAH COUNTY",2022,7,,,19510,20728.0878481399,4387.70649391075,11306.1906072378,36421.9849492885,,,1.0624340260451,,""
"HIST_MAIN","UINTAH COUNTY",2023,7,,,20816,20879.582040617,4590.70633838863,11056.7165658256,36527.0049448312,,,1.00305447927637,,""
"HIST_MAIN","UINTAH COUNTY",2024,7,,,22105,20849.5845210624,4740.77942580269,10624.6128711921,36214.9768180571,,,0.943206718889952,,""
"HIST_MAIN","UTAH COUNTY",1969,7,,,48693,75597,7783,49461,132841,,,1.55252294991066,,""
"HIST_MAIN","UTAH COUNTY",1970,7,,,50229,79176,8201,52044,139421,,,1.57630054351072,,""
"HIST_MAIN","UTAH COUNTY",1971,7,,,52090,82845,8619,54537,146001,,,1.59042042618545,,""
"HIST_MAIN","UTAH COUNTY",1972,7,,,56620,88009,9060,57981,155050,,,1.55438007771106,,""
"HIST_MAIN","UTAH COUNTY",1973,7,,,61513,92316,9512,60591,162419,,,1.50075593776925,,""
"HIST_MAIN","UTAH COUNTY",1974,7,,,64363,96399,10029,63097,169525,,,1.49773938442894,,""
"HIST_MAIN","UTAH COUNTY",1975,7,,,64038,99276,10555,64519,174350,,,1.55026702895156,,""
"HIST_MAIN","UTAH COUNTY",1976,7,,,68065,102755,11034,66413,180202,,,1.50965988393447,,""
"HIST_MAIN","UTAH COUNTY",1977,7,,,73036,109232,11649,70172,191053,,,1.49559121529109,,""
"HIST_MAIN","UTAH COUNTY",1978,7,,,78565,113385,12179,73675,199239,,,1.44319989817349,,""
"HIST_MAIN","UTAH COUNTY",1979,7,,,81778,119087,12848,78344,210279,,,1.45622294504635,,""
"HIST_MAIN","UTAH COUNTY",1980,7,,,81368,123970,13410,82650,220030,,,1.52357192016518,,""
"HIST_MAIN","UTAH COUNTY",1981,7,,,81802,126774,13871,85899,226544,,,1.5497665093763,,""
"HIST_MAIN","UTAH COUNTY",1982,7,,,82852,130181,14359,88147,232687,,,1.57124752570849,,""
"HIST_MAIN","UTAH COUNTY",1983,7,,,84874,132040,14863,90659,237562,,,1.55571788769234,,""
"HIST_MAIN","UTAH COUNTY",1984,7,,,90350,133918,15218,91907,241043,,,1.48221361372441,,""
"HIST_MAIN","UTAH COUNTY",1985,7,,,92899,135589,15608,93333,244530,,,1.4595313189593,,""
"HIST_MAIN","UTAH COUNTY",1986,7,,,95197,136654,16012,94388,247054,,,1.43548641238695,,""
"HIST_MAIN","UTAH COUNTY",1987,7,,,99575,137417,16539,96294,250250,,,1.38003514938489,,""
"HIST_MAIN","UTAH COUNTY",1988,7,,,108525,139737,17180,97359,254276,,,1.28760193503801,,""
"HIST_MAIN","UTAH COUNTY",1989,7,,,114733,143626,17950,98789,260365,,,1.25182815754839,,""
"HIST_MAIN","UTAH COUNTY",1990,7,,,123219,146906,18459,99528,264893,,,1.19223496376371,,""
"HIST_MAIN","UTAH COUNTY",1991,7,,,128989,152133,19097,101809,273039,,,1.17942615261767,,""
"HIST_MAIN","UTAH COUNTY",1992,7,,,131030,159498,19769,104702,283969,,,1.21726322216286,,""
"HIST_MAIN","UTAH COUNTY",1993,7,,,135755,167179,20495,108189,295863,,,1.23147582041177,,""
"HIST_MAIN","UTAH COUNTY",1994,7,,,148970,176064,21186,111191,308441,,,1.18187554541183,,""
"HIST_MAIN","UTAH COUNTY",1995,7,,,158070,183795,21581,113015,318391,,,1.16274435376732,,""
"HIST_MAIN","UTAH COUNTY",1996,7,,,168807,192809,22003,115642,330454,,,1.14218604678716,,""
"HIST_MAIN","UTAH COUNTY",1997,7,,,176995,199536,22530,118350,340416,,,1.12735388005311,,""
"HIST_MAIN","UTAH COUNTY",1998,7,,,184999,208432,22950,121983,353365,,,1.12666554954351,,""
"HIST_MAIN","UTAH COUNTY",1999,7,,,192006,214376,23224,124031,361631,,,1.11650677582992,,""
"HIST_MAIN","UTAH COUNTY",2000,7,,,199862,221514,23671,126626,371811,,,1.10833475097817,,""
"HIST_MAIN","UTAH COUNTY",2001,7,,,203339,231072,24341,130258,385671,,,1.13638800230158,,""
"HIST_MAIN","UTAH COUNTY",2002,7,,,204399,238184,25110,133896,397190,,,1.1652894583633,,""
"HIST_MAIN","UTAH COUNTY",2003,7,,,207313,243336,25547,137275,406158,,,1.17376141390072,,""
"HIST_MAIN","UTAH COUNTY",2004,7,,,218325,248613,26201,141406,416220,,,1.13872895912058,,""
"HIST_MAIN","UTAH COUNTY",2005,7,,,231596,256573,27374,146750,430697,,,1.10784728579077,,""
"HIST_MAIN","UTAH COUNTY",2006,7,,,246091,265625,28984,153687,448296,,,1.07937714097631,,""
"HIST_MAIN","UTAH COUNTY",2007,7,,,263053,277349,30034,162191,469574,,,1.05434646249995,,""
"HIST_MAIN","UTAH COUNTY",2008,7,,,263406,286885,31317,169413,487615,,,1.08913616242606,,""
"HIST_MAIN","UTAH COUNTY",2009,7,,,257162,295472,32505,176824,504801,,,1.14897224317745,,""
"HIST_MAIN","UTAH COUNTY",2010,7,,,255020,302612.457709874,33810.2108311332,182284.677658993,518707.3462,,,1.18662245200327,,""
"HIST_MAIN","UTAH COUNTY",2011,7,,,264694,311257.732824981,35526.0601355299,185145.738139489,531929.5311,,,1.17591533176038,,""
"HIST_MAIN","UTAH COUNTY",2012,7,,,273617,318882.843579824,37126.5587831337,187401.113537042,543410.5159,,,1.16543505549664,,""
"HIST_MAIN","UTAH COUNTY",2013,7,,,284905,324982.831091094,38519.4520502751,188762.31765863,552264.6008,,,1.14067085902702,,""
"HIST_MAIN","UTAH COUNTY",2014,7,,,296384,333006.755421842,40144.2567272638,191268.273550894,564419.2857,,,1.12356522424234,,""
"HIST_MAIN","UTAH COUNTY",2015,7,,,311976,344375.259015832,42193.6968689324,195692.114615235,582261.0705,,,1.1038517674944,,""
"HIST_MAIN","UTAH COUNTY",2016,7,,,329670,355290.125280359,44156.7561738637,199821.573945777,599268.4554,,,1.07771445773155,,""
"HIST_MAIN","UTAH COUNTY",2017,7,,,346035,364203.990025652,45873.5890325896,202882.400841758,612959.9799,,,1.05250622054316,,""
"HIST_MAIN","UTAH COUNTY",2018,7,,,365978,374024.060425858,47697.4892698571,206427.034504286,628148.5842,,,1.02198509316368,,""
"HIST_MAIN","UTAH COUNTY",2019,7,,,373712,385076.924061773,49635.593741699,210602.524096528,645315.0419,,,1.03041091552258,,""
"HIST_MAIN","UTAH COUNTY",2020,7,,,387417,397170.323880733,51754.6527624978,215333.329850152,664258.306493383,,,1.02517526045768,,""
"HIST_MAIN","UTAH COUNTY",2021,7,,,416448,411948.278174842,53561.9500000009,217876.092632869,683386.320807712,,,0.989194997154127,,""
"HIST_MAIN","UTAH COUNTY",2022,7,,,443899,429345.084171564,55299.2314257936,221047.976536666,705692.292134024,,,0.967213452095103,,""
"HIST_MAIN","UTAH COUNTY",2023,7,,,452793,446636.286610342,57450.3395478714,223665.081025601,727751.707183814,,,0.98640280792844,,""
"HIST_MAIN","UTAH COUNTY",2024,7,,,457908,464313.870589135,59808.5862451414,225481.822832911,749604.279667188,,,1.01398942711011,,""
"HIST_MAIN","WASATCH COUNTY",1969,7,,,2446,2754,491,2394,5639,,,1.12591986917416,,""
"HIST_MAIN","WASATCH COUNTY",1970,7,,,2488,2917,523,2505,5945,,,1.17242765273312,,""
"HIST_MAIN","WASATCH COUNTY",1971,7,,,2553,3087,555,2611,6253,,,1.20916568742656,,""
"HIST_MAIN","WASATCH COUNTY",1972,7,,,2643,3250,592,2701,6543,,,1.22966326144533,,""
"HIST_MAIN","WASATCH COUNTY",1973,7,,,2488,3335,622,2710,6667,,,1.34043408360129,,""
"HIST_MAIN","WASATCH COUNTY",1974,7,,,2452,3297,636,2621,6554,,,1.34461663947798,,""
"HIST_MAIN","WASATCH COUNTY",1975,7,,,2590,3509,646,2727,6882,,,1.35482625482625,,""
"HIST_MAIN","WASATCH COUNTY",1976,7,,,2722,3682,646,2828,7156,,,1.35268185157972,,""
"HIST_MAIN","WASATCH COUNTY",1977,7,,,2862,3895,693,2986,7574,,,1.36093640810622,,""
"HIST_MAIN","WASATCH COUNTY",1978,7,,,2933,4074,722,3119,7915,,,1.3890214797136,,""
"HIST_MAIN","WASATCH COUNTY",1979,7,,,3054,4327,751,3314,8392,,,1.41683038637852,,""
"HIST_MAIN","WASATCH COUNTY",1980,7,,,3281,4417,784,3401,8602,,,1.3462359036879,,""
"HIST_MAIN","WASATCH COUNTY",1981,7,,,3525,4534,802,3533,8869,,,1.28624113475177,,""
"HIST_MAIN","WASATCH COUNTY",1982,7,,,3440,4673,816,3614,9103,,,1.35843023255814,,""
"HIST_MAIN","WASATCH COUNTY",1983,7,,,3187,4665,816,3640,9121,,,1.46375902102291,,""
"HIST_MAIN","WASATCH COUNTY",1984,7,,,3271,4800,833,3730,9363,,,1.46744114949557,,""
"HIST_MAIN","WASATCH COUNTY",1985,7,,,3127,4822,833,3736,9391,,,1.54205308602494,,""
"HIST_MAIN","WASATCH COUNTY",1986,7,,,3173,4882,845,3774,9501,,,1.53860699653325,,""
"HIST_MAIN","WASATCH COUNTY",1987,7,,,3431,4929,865,3861,9655,,,1.43660740308948,,""
"HIST_MAIN","WASATCH COUNTY",1988,7,,,3624,5049,890,3931,9870,,,1.3932119205298,,""
"HIST_MAIN","WASATCH COUNTY",1989,7,,,3703,5092,908,3928,9928,,,1.37510126924116,,""
"HIST_MAIN","WASATCH COUNTY",1990,7,,,3982,5218,929,4003,10150,,,1.31039678553491,,""
"HIST_MAIN","WASATCH COUNTY",1991,7,,,4068,5452,970,4066,10488,,,1.34021632251721,,""
"HIST_MAIN","WASATCH COUNTY",1992,7,,,4193,5663,1001,4126,10790,,,1.35058430717863,,""
"HIST_MAIN","WASATCH COUNTY",1993,7,,,4418,5937,1051,4195,11183,,,1.34382073336351,,""
"HIST_MAIN","WASATCH COUNTY",1994,7,,,4860,6308,1085,4330,11723,,,1.29794238683128,,""
"HIST_MAIN","WASATCH COUNTY",1995,7,,,5160,6627,1131,4385,12143,,,1.2843023255814,,""
"HIST_MAIN","WASATCH COUNTY",1996,7,,,5660,7052,1174,4514,12740,,,1.24593639575972,,""
"HIST_MAIN","WASATCH COUNTY",1997,7,,,6259,7433,1192,4691,13316,,,1.18756989934494,,""
"HIST_MAIN","WASATCH COUNTY",1998,7,,,6722,7865,1211,4877,13953,,,1.17003867896459,,""
"HIST_MAIN","WASATCH COUNTY",1999,7,,,7503,8304,1255,5018,14577,,,1.10675729708117,,""
"HIST_MAIN","WASATCH COUNTY",2000,7,,,7696,8855,1291,5275,15421,,,1.15059771309771,,""
"HIST_MAIN","WASATCH COUNTY",2001,7,,,7861,9458,1278,5469,16205,,,1.20315481490904,,""
"HIST_MAIN","WASATCH COUNTY",2002,7,,,8133,9939,1267,5769,16975,,,1.22205828107709,,""
"HIST_MAIN","WASATCH COUNTY",2003,7,,,8336,10367,1314,6084,17765,,,1.24364203454894,,""
"HIST_MAIN","WASATCH COUNTY",2004,7,,,8908,10712,1336,6301,18349,,,1.20251459362371,,""
"HIST_MAIN","WASATCH COUNTY",2005,7,,,9507,11273,1474,6663,19410,,,1.18575786262754,,""
"HIST_MAIN","WASATCH COUNTY",2006,7,,,10425,12077,1640,7038,20755,,,1.15846522781775,,""
"HIST_MAIN","WASATCH COUNTY",2007,7,,,11435,12499,1714,7200,21413,,,1.09304766069086,,""
"HIST_MAIN","WASATCH COUNTY",2008,7,,,11522,12780,1847,7493,22120,,,1.10918243360528,,""
"HIST_MAIN","WASATCH COUNTY",2009,7,,,10934,13181,1934,7771,22886,,,1.20550576184379,,""
"HIST_MAIN","WASATCH COUNTY",2010,7,,,10975,13620.5145814945,2065.54277682287,8003.15240168261,23689.20976,,,1.24104916460087,,""
"HIST_MAIN","WASATCH COUNTY",2011,7,,,11397,14169.1654821477,2288.85277633746,8212.51056151488,24670.52882,,,1.243236420299,,""
"HIST_MAIN","WASATCH COUNTY",2012,7,,,11851,14846.4709508459,2533.755191992,8496.49173716206,25876.71788,,,1.25276102867656,,""
"HIST_MAIN","WASATCH COUNTY",2013,7,,,12607,15404.9981996384,2757.08116463318,8711.64756572839,26873.72693,,,1.22194004915034,,""
"HIST_MAIN","WASATCH COUNTY",2014,7,,,13437,16024.6295329408,2991.42163384241,8960.3948232168,27976.44599,,,1.19257494477493,,""
"HIST_MAIN","WASATCH COUNTY",2015,7,,,14256,16826.6504268733,3262.00279463581,9308.26182849094,29396.91505,,,1.18032059672231,,""
"HIST_MAIN","WASATCH COUNTY",2016,7,,,15465,17692.5437686256,3545.51873256422,9689.68159881019,30927.7441,,,1.14403774772878,,""
"HIST_MAIN","WASATCH COUNTY",2017,7,,,16159,18466.7239853916,3813.21282833388,10023.1179762745,32303.05479,,,1.14281353953782,,""
"HIST_MAIN","WASATCH COUNTY",2018,7,,,17464,19063.9279005513,4043.78886700963,10257.7505224391,33365.46729,,,1.09161291230825,,""
"HIST_MAIN","WASATCH COUNTY",2019,7,,,18236,19558.8105258691,4247.543530387,10435.6024537439,34241.95651,,,1.07253841444775,,""
"HIST_MAIN","WASATCH COUNTY",2020,7,,,19242,19946.5373597574,4429.04543107541,10557.2219407342,34932.804731567,,,1.03661455980446,,""
"HIST_MAIN","WASATCH COUNTY",2021,7,,,20970,20516.7896763069,4766.44529900388,10532.6228742878,35815.8578495985,,,0.978387681273577,,""
"HIST_MAIN","WASATCH COUNTY",2022,7,,,22329,21390.8266855051,5056.18778425461,10627.7894042282,37074.8038739879,,,0.957984087308214,,""
"HIST_MAIN","WASATCH COUNTY",2023,7,,,23569,22033.9754185743,5358.98267799693,10539.8675830909,37932.8256796622,,,0.934871034773401,,""
"HIST_MAIN","WASATCH COUNTY",2024,7,,,23478,22629.1667723433,5711.34611327687,10461.2906647344,38801.8035503546,,,0.963845590439701,,""
"HIST_MAIN","WASHINGTON COUNTY",1969,7,,,4499,6148,1580,5116,12844,,,1.36652589464325,,""
"HIST_MAIN","WASHINGTON COUNTY",1970,7,,,4819,6706,1700,5535,13941,,,1.39157501556339,,""
"HIST_MAIN","WASHINGTON COUNTY",1971,7,,,5015,7266,1820,5952,15038,,,1.44885343968096,,""
"HIST_MAIN","WASHINGTON COUNTY",1972,7,,,5512,7496,1946,6092,15534,,,1.35994194484761,,""
"HIST_MAIN","WASHINGTON COUNTY",1973,7,,,5916,7934,2071,6377,16382,,,1.34110885733604,,""
"HIST_MAIN","WASHINGTON COUNTY",1974,7,,,5985,8837,2229,7031,18097,,,1.4765246449457,,""
"HIST_MAIN","WASHINGTON COUNTY",1975,7,,,6192,9026,2379,7102,18507,,,1.45768733850129,,""
"HIST_MAIN","WASHINGTON COUNTY",1976,7,,,6898,9725,2554,7573,19852,,,1.40982893592346,,""
"HIST_MAIN","WASHINGTON COUNTY",1977,7,,,7443,10173,2819,7889,20881,,,1.36678758565095,,""
"HIST_MAIN","WASHINGTON COUNTY",1978,7,,,8170,10882,3022,8436,22340,,,1.33194614443084,,""
"HIST_MAIN","WASHINGTON COUNTY",1979,7,,,9054,11682,3266,9067,24015,,,1.29025844930417,,""
"HIST_MAIN","WASHINGTON COUNTY",1980,7,,,9442,12890,3559,10044,26493,,,1.36517686930735,,""
"HIST_MAIN","WASHINGTON COUNTY",1981,7,,,9582,13537,3870,10663,28070,,,1.41275307868921,,""
"HIST_MAIN","WASHINGTON COUNTY",1982,7,,,9772,14197,4158,11116,29471,,,1.45282439623414,,""
"HIST_MAIN","WASHINGTON COUNTY",1983,7,,,10358,14805,4470,11688,30963,,,1.42932998648388,,""
"HIST_MAIN","WASHINGTON COUNTY",1984,7,,,11851,15679,4815,12323,32817,,,1.32301071639524,,""
"HIST_MAIN","WASHINGTON COUNTY",1985,7,,,13471,17053,5327,13381,35761,,,1.26590453566922,,""
"HIST_MAIN","WASHINGTON COUNTY",1986,7,,,14907,18807,5979,14712,39498,,,1.26162205675186,,""
"HIST_MAIN","WASHINGTON COUNTY",1987,7,,,16230,20217,6598,15960,42775,,,1.2456561922366,,""
"HIST_MAIN","WASHINGTON COUNTY",1988,7,,,17503,21096,7029,16501,44626,,,1.20527909501228,,""
"HIST_MAIN","WASHINGTON COUNTY",1989,7,,,18975,22144,7514,17085,46743,,,1.1670092226614,,""
"HIST_MAIN","WASHINGTON COUNTY",1990,7,,,21258,23384,8080,17719,49183,,,1.10000940822279,,""
"HIST_MAIN","WASHINGTON COUNTY",1991,7,,,22774,25194,8927,18690,52811,,,1.10626152630192,,""
"HIST_MAIN","WASHINGTON COUNTY",1992,7,,,24084,26942,9865,19542,56349,,,1.11866799534961,,""
"HIST_MAIN","WASHINGTON COUNTY",1993,7,,,27249,29142,10848,20666,60656,,,1.06947043928218,,""
"HIST_MAIN","WASHINGTON COUNTY",1994,7,,,33162,32504,11595,22394,66493,,,0.980158012182619,,""
"HIST_MAIN","WASHINGTON COUNTY",1995,7,,,35711,36001,12280,23980,72261,,,1.00812074710873,,""
"HIST_MAIN","WASHINGTON COUNTY",1996,7,,,38801,39142,13140,25365,77647,,,1.0087884332878,,""
"HIST_MAIN","WASHINGTON COUNTY",1997,7,,,40701,41335,13821,26364,81520,,,1.01557701284981,,""
"HIST_MAIN","WASHINGTON COUNTY",1998,7,,,42689,43180,14676,26981,84837,,,1.01150179203073,,""
"HIST_MAIN","WASHINGTON COUNTY",1999,7,,,44820,45282,15035,27732,88049,,,1.01030789825971,,""
"HIST_MAIN","WASHINGTON COUNTY",2000,7,,,47299,47296,15482,28428,91206,,,0.999936573711918,,""
"HIST_MAIN","WASHINGTON COUNTY",2001,7,,,50066,49377,15946,29189,94512,,,0.98623816562138,,""
"HIST_MAIN","WASHINGTON COUNTY",2002,7,,,52665,52287,16553,30434,99274,,,0.992822557675876,,""
"HIST_MAIN","WASHINGTON COUNTY",2003,7,,,55711,55105,17319,31764,104188,,,0.989122435425679,,""
"HIST_MAIN","WASHINGTON COUNTY",2004,7,,,61675,58486,18375,33346,110207,,,0.948293473854884,,""
"HIST_MAIN","WASHINGTON COUNTY",2005,7,,,67943,63536,19708,35756,119000,,,0.935136805851964,,""
"HIST_MAIN","WASHINGTON COUNTY",2006,7,,,73426,67797,20618,38381,126796,,,0.923337782256966,,""
"HIST_MAIN","WASHINGTON COUNTY",2007,7,,,77264,70644,21323,40310,132277,,,0.914319734934769,,""
"HIST_MAIN","WASHINGTON COUNTY",2008,7,,,75467,72017,22316,41219,135552,,,0.954284654219725,,""
"HIST_MAIN","WASHINGTON COUNTY",2009,7,,,71648,72288,23169,41631,137088,,,1.0089325591782,,""
"HIST_MAIN","WASHINGTON COUNTY",2010,7,,,70272,72775.9643875222,24105.3900498767,41553.4829626011,138434.8374,,,1.03563246225413,,""
"HIST_MAIN","WASHINGTON COUNTY",2011,7,,,72104,74185.3588449758,25448.464684186,41442.4634708383,141076.287,,,1.02886606630667,,""
"HIST_MAIN","WASHINGTON COUNTY",2012,7,,,74752,75089.6924186699,26600.9512096988,41072.6928716313,142763.3365,,,1.00451750346037,,""
"HIST_MAIN","WASHINGTON COUNTY",2013,7,,,77944,76389.634435963,27856.2874964151,40940.8641676219,145186.7861,,,0.980057918966989,,""
"HIST_MAIN","WASHINGTON COUNTY",2014,7,,,82064,77923.4051407523,29187.7337130936,40946.2968461541,148057.4357,,,0.949544320783197,,""
"HIST_MAIN","WASHINGTON COUNTY",2015,7,,,85546,79802.0758229664,30648.8558004131,41136.6535766206,151587.5852,,,0.932855724674051,,""
"HIST_MAIN","WASHINGTON COUNTY",2016,7,,,90721,82560.8608134621,32426.7935524817,41778.7804340563,156766.4348,,,0.910052367296019,,""
"HIST_MAIN","WASHINGTON COUNTY",2017,7,,,94683,85027.5748282722,34100.1468937221,42283.0913780057,161410.8131,,,0.898023666637857,,""
"HIST_MAIN","WASHINGTON COUNTY",2018,7,,,100838,87625.1578183203,35821.9411887427,42837.9020929369,166285.0011,,,0.868969612827707,,""
"HIST_MAIN","WASHINGTON COUNTY",2019,7,,,103381,92387.9113566729,38410.4620352113,44416.8412081157,175215.2146,,,0.89366432281244,,""
"HIST_MAIN","WASHINGTON COUNTY",2020,7,,,108403,96067.3383472319,40603.6938404426,45440.0588815266,182111.091069201,,,0.886205532570426,,""
"HIST_MAIN","WASHINGTON COUNTY",2021,7,,,117403,100849.351286434,42107.7631154194,46570.2551221734,189527.369524027,,,0.859001484514314,,""
"HIST_MAIN","WASHINGTON COUNTY",2022,7,,,124640,104198.393347607,42858.341674479,46899.3500804493,193956.085102535,,,0.835994811838952,,""
"HIST_MAIN","WASHINGTON COUNTY",2023,7,,,130430,107327.526365658,44031.6949091899,47168.9777147136,198528.198989562,,,0.822874540869877,,""
"HIST_MAIN","WASHINGTON COUNTY",2024,7,,,135533,111143.339372452,45784.1982060516,47458.5435561827,204386.081134686,,,0.820046330948566,,""
"HIST_MAIN","WAYNE COUNTY",1969,7,,,694,748,175,574,1497,,,1.07780979827089,,""
"HIST_MAIN","WAYNE COUNTY",1970,7,,,675,739,179,568,1486,,,1.09481481481481,,""
"HIST_MAIN","WAYNE COUNTY",1971,7,,,617,730,183,562,1475,,,1.18314424635332,,""
"HIST_MAIN","WAYNE COUNTY",1972,7,,,627,768,189,575,1532,,,1.22488038277512,,""
"HIST_MAIN","WAYNE COUNTY",1973,7,,,606,767,193,583,1543,,,1.26567656765677,,""
"HIST_MAIN","WAYNE COUNTY",1974,7,,,640,794,213,590,1597,,,1.240625,,""
"HIST_MAIN","WAYNE COUNTY",1975,7,,,717,816,230,596,1642,,,1.13807531380753,,""
"HIST_MAIN","WAYNE COUNTY",1976,7,,,736,805,242,596,1643,,,1.09375,,""
"HIST_MAIN","WAYNE COUNTY",1977,7,,,811,828,246,619,1693,,,1.0209617755857,,""
"HIST_MAIN","WAYNE COUNTY",1978,7,,,892,866,261,649,1776,,,0.97085201793722,,""
"HIST_MAIN","WAYNE COUNTY",1979,7,,,984,903,259,689,1851,,,0.917682926829268,,""
"HIST_MAIN","WAYNE COUNTY",1980,7,,,897,943,260,720,1923,,,1.05128205128205,,""
"HIST_MAIN","WAYNE COUNTY",1981,7,,,825,959,272,743,1974,,,1.16242424242424,,""
"HIST_MAIN","WAYNE COUNTY",1982,7,,,772,984,283,769,2036,,,1.27461139896373,,""
"HIST_MAIN","WAYNE COUNTY",1983,7,,,841,1020,301,810,2131,,,1.2128418549346,,""
"HIST_MAIN","WAYNE COUNTY",1984,7,,,834,1027,307,818,2152,,,1.23141486810552,,""
"HIST_MAIN","WAYNE COUNTY",1985,7,,,849,1037,310,821,2168,,,1.22143698468787,,""
"HIST_MAIN","WAYNE COUNTY",1986,7,,,847,1009,307,796,2112,,,1.19126328217237,,""
"HIST_MAIN","WAYNE COUNTY",1987,7,,,921,1025,324,834,2183,,,1.1129207383279,,""
"HIST_MAIN","WAYNE COUNTY",1988,7,,,956,992,321,811,2124,,,1.03765690376569,,""
"HIST_MAIN","WAYNE COUNTY",1989,7,,,922,999,332,803,2134,,,1.08351409978308,,""
"HIST_MAIN","WAYNE COUNTY",1990,7,,,1019,1017,347,826,2190,,,0.998037291462218,,""
"HIST_MAIN","WAYNE COUNTY",1991,7,,,1015,1038,341,823,2202,,,1.02266009852217,,""
"HIST_MAIN","WAYNE COUNTY",1992,7,,,1055,1015,349,777,2141,,,0.962085308056872,,""
"HIST_MAIN","WAYNE COUNTY",1993,7,,,1102,1079,348,809,2236,,,0.979128856624319,,""
"HIST_MAIN","WAYNE COUNTY",1994,7,,,1245,1119,346,819,2284,,,0.898795180722892,,""
"HIST_MAIN","WAYNE COUNTY",1995,7,,,1396,1173,367,815,2355,,,0.840257879656161,,""
"HIST_MAIN","WAYNE COUNTY",1996,7,,,1447,1234,358,829,2421,,,0.852798894263994,,""
"HIST_MAIN","WAYNE COUNTY",1997,7,,,1520,1256,367,819,2442,,,0.826315789473684,,""
"HIST_MAIN","WAYNE COUNTY",1998,7,,,1513,1251,365,797,2413,,,0.826834104428288,,""
"HIST_MAIN","WAYNE COUNTY",1999,7,,,1559,1288,357,797,2442,,,0.826170622193714,,""
"HIST_MAIN","WAYNE COUNTY",2000,7,,,1669,1351,366,816,2533,,,0.809466746554823,,""
"HIST_MAIN","WAYNE COUNTY",2001,7,,,1710,1363,371,798,2532,,,0.797076023391813,,""
"HIST_MAIN","WAYNE COUNTY",2002,7,,,1656,1384,381,794,2559,,,0.835748792270531,,""
"HIST_MAIN","WAYNE COUNTY",2003,7,,,1575,1376,387,764,2527,,,0.873650793650794,,""
"HIST_MAIN","WAYNE COUNTY",2004,7,,,1615,1380,386,739,2505,,,0.854489164086687,,""
"HIST_MAIN","WAYNE COUNTY",2005,7,,,1628,1390,387,733,2510,,,0.853808353808354,,""
"HIST_MAIN","WAYNE COUNTY",2006,7,,,1682,1451,391,752,2594,,,0.862663495838288,,""
"HIST_MAIN","WAYNE COUNTY",2007,7,,,1771,1474,403,771,2648,,,0.832298136645963,,""
"HIST_MAIN","WAYNE COUNTY",2008,7,,,1841,1531,409,791,2731,,,0.831613253666486,,""
"HIST_MAIN","WAYNE COUNTY",2009,7,,,1745,1544,416,828,2788,,,0.884813753581662,,""
"HIST_MAIN","WAYNE COUNTY",2010,7,,,1739,1513.04439722454,429.100485696678,832.886200078777,2775.031083,,,0.870065783337861,,""
"HIST_MAIN","WAYNE COUNTY",2011,7,,,1695,1487.91162838903,440.551454747703,802.815333863269,2731.278417,,,0.87782396955105,,""
"HIST_MAIN","WAYNE COUNTY",2012,7,,,1658,1475.03445400223,455.704859504754,779.37243649302,2710.11175,,,0.889646835948269,,""
"HIST_MAIN","WAYNE COUNTY",2013,7,,,1664,1445.16215670078,465.239918405649,746.995007893571,2657.397083,,,0.868486873017296,,""
"HIST_MAIN","WAYNE COUNTY",2014,7,,,1709,1424.35842808888,477.516842594724,719.369145316393,2621.244416,,,0.833445540133926,,""
"HIST_MAIN","WAYNE COUNTY",2015,7,,,1769,1400.13308286328,488.568697254582,690.011969882137,2578.71375,,,0.791482805462566,,""
"HIST_MAIN","WAYNE COUNTY",2016,7,,,1825,1380.76067222266,500.836317179898,663.256093597445,2544.853083,,,0.756581190258992,,""
"HIST_MAIN","WAYNE COUNTY",2017,7,,,1847,1374.61857981887,518.028020023869,643.095494157259,2535.742094,,,0.744243952257103,,""
"HIST_MAIN","WAYNE COUNTY",2018,7,,,1913,1365.90089185577,534.334366116034,621.342379028198,2521.577637,,,0.714009875512687,,""
"HIST_MAIN","WAYNE COUNTY",2019,7,,,1894,1351.19141832031,547.892760104966,596.601622574728,2495.685801,,,0.713406239873448,,""
"HIST_MAIN","WAYNE COUNTY",2020,7,,,1855,1347.08535755071,566.374174843964,576.280783935333,2489.74031633,,,0.726191567412782,,""
"HIST_MAIN","WAYNE COUNTY",2021,7,,,1949,1345.71029546405,575.264255715948,582.769526635438,2503.74407781544,,,0.690461926867137,,""
"HIST_MAIN","WAYNE COUNTY",2022,7,,,2040,1365.37644251968,590.35434910028,586.009543654566,2541.74033527452,,,0.669302177705726,,""
"HIST_MAIN","WAYNE COUNTY",2023,7,,,2230,1336.74261691751,606.823704675193,579.175508772479,2522.74183036519,,,0.599436151084085,,""
"HIST_MAIN","WAYNE COUNTY",2024,7,,,2519,1337.14040624073,613.38492515999,592.215048808881,2542.7403802096,,,0.530821915935185,,""
"HIST_MAIN","WEBER COUNTY",1969,7,,,47432,65886,9553,49127,124566,,,1.38906223646483,,""
"HIST_MAIN","WEBER COUNTY",1970,7,,,47592,67580,9784,49497,126861,,,1.41998655236174,,""
"HIST_MAIN","WEBER COUNTY",1971,7,,,47528,69346,10015,49795,129156,,,1.45905571452617,,""
"HIST_MAIN","WEBER COUNTY",1972,7,,,49001,71967,10266,50466,132699,,,1.46868431256505,,""
"HIST_MAIN","WEBER COUNTY",1973,7,,,49984,72190,10518,49307,132015,,,1.44426216389245,,""
"HIST_MAIN","WEBER COUNTY",1974,7,,,50713,74084,10799,49290,134173,,,1.46084830319642,,""
"HIST_MAIN","WEBER COUNTY",1975,7,,,51240,75532,11082,48843,135457,,,1.47408274785324,,""
"HIST_MAIN","WEBER COUNTY",1976,7,,,53300,77226,11465,49008,137699,,,1.44889305816135,,""
"HIST_MAIN","WEBER COUNTY",1977,7,,,54437,78151,11921,48930,139002,,,1.43562283006044,,""
"HIST_MAIN","WEBER COUNTY",1978,7,,,57372,79386,12307,49127,140820,,,1.38370633758628,,""
"HIST_MAIN","WEBER COUNTY",1979,7,,,59757,80968,12726,49538,143232,,,1.35495423130345,,""
"HIST_MAIN","WEBER COUNTY",1980,7,,,60688,82167,13205,50105,145477,,,1.35392499340891,,""
"HIST_MAIN","WEBER COUNTY",1981,7,,,60924,83282,13652,51301,148235,,,1.36698181340687,,""
"HIST_MAIN","WEBER COUNTY",1982,7,,,61257,84796,14109,51952,150857,,,1.38426628793444,,""
"HIST_MAIN","WEBER COUNTY",1983,7,,,62111,85672,14633,53000,153305,,,1.37933699344722,,""
"HIST_MAIN","WEBER COUNTY",1984,7,,,66137,86513,15001,53314,154828,,,1.3080877572312,,""
"HIST_MAIN","WEBER COUNTY",1985,7,,,70422,87045,15382,53660,156087,,,1.23604839396779,,""
"HIST_MAIN","WEBER COUNTY",1986,7,,,72906,87334,15771,53813,156918,,,1.19789866403314,,""
"HIST_MAIN","WEBER COUNTY",1987,7,,,75195,87094,16252,54271,157617,,,1.15824190438194,,""
"HIST_MAIN","WEBER COUNTY",1988,7,,,78076,86774,16660,53798,157232,,,1.11140427275987,,""
"HIST_MAIN","WEBER COUNTY",1989,7,,,79987,87168,17196,53488,157852,,,1.08977708877693,,""
"HIST_MAIN","WEBER COUNTY",1990,7,,,82163,87961,17647,53252,158860,,,1.07056704355975,,""
"HIST_MAIN","WEBER COUNTY",1991,7,,,83656,90132,18090,53964,162186,,,1.07741225973032,,""
"HIST_MAIN","WEBER COUNTY",1992,7,,,84672,93097,18505,54877,166479,,,1.09950160619803,,""
"HIST_MAIN","WEBER COUNTY",1993,7,,,86055,96345,18686,56024,171055,,,1.11957469060485,,""
"HIST_MAIN","WEBER COUNTY",1994,7,,,92677,100013,19088,56931,176032,,,1.07915664080624,,""
"HIST_MAIN","WEBER COUNTY",1995,7,,,96817,103578,19442,57526,180546,,,1.06983277730151,,""
"HIST_MAIN","WEBER COUNTY",1996,7,,,103575,106701,19774,58109,184584,,,1.03018102824041,,""
"HIST_MAIN","WEBER COUNTY",1997,7,,,107297,109261,19848,59225,188334,,,1.01830433283316,,""
"HIST_MAIN","WEBER COUNTY",1998,7,,,107660,111225,19791,59830,190846,,,1.03311350548022,,""
"HIST_MAIN","WEBER COUNTY",1999,7,,,108550,113269,20040,60388,193697,,,1.04347305389222,,""
"HIST_MAIN","WEBER COUNTY",2000,7,,,109845,115986,20330,61121,197437,,,1.05590604943329,,""
"HIST_MAIN","WEBER COUNTY",2001,7,,,109886,118341,20418,61314,200073,,,1.07694337768233,,""
"HIST_MAIN","WEBER COUNTY",2002,7,,,110389,120852,20445,61748,203045,,,1.09478299468244,,""
"HIST_MAIN","WEBER COUNTY",2003,7,,,111184,122721,20609,61989,205319,,,1.10376493020579,,""
"HIST_MAIN","WEBER COUNTY",2004,7,,,113513,124456,20685,62653,207794,,,1.09640305515668,,""
"HIST_MAIN","WEBER COUNTY",2005,7,,,115747,126074,20936,63140,210150,,,1.0892204549578,,""
"HIST_MAIN","WEBER COUNTY",2006,7,,,119612,127665,21362,63629,212656,,,1.06732602080059,,""
"HIST_MAIN","WEBER COUNTY",2007,7,,,125287,130586,21742,65239,217567,,,1.04229489093042,,""
"HIST_MAIN","WEBER COUNTY",2008,7,,,125418,134106,22510,67060,223676,,,1.06927235325073,,""
"HIST_MAIN","WEBER COUNTY",2009,7,,,120454,136714,22956,68448,228118,,,1.13498929051754,,""
"HIST_MAIN","WEBER COUNTY",2010,7,,,118655,139043.934964429,23587.3294256375,69383.1897099337,232014.4541,,,1.17183376144645,,""
"HIST_MAIN","WEBER COUNTY",2011,7,,,120200,140834.689218319,24344.9118582516,69546.1694234293,234725.7705,,,1.17166962744026,,""
"HIST_MAIN","WEBER COUNTY",2012,7,,,122056,142975.399624908,25167.9746637835,69880.3125113089,238023.6868,,,1.17139181707501,,""
"HIST_MAIN","WEBER COUNTY",2013,7,,,124429,144502.497060638,25869.8413604358,69907.4647789265,240279.8032,,,1.1613249086679,,""
"HIST_MAIN","WEBER COUNTY",2014,7,,,127318,146112.159612892,26589.4180046073,69971.0419825009,242672.6196,,,1.14761588787832,,""
"HIST_MAIN","WEBER COUNTY",2015,7,,,131264,148625.047492008,27481.6928595559,70456.8956484364,246563.636,,,1.13226053976725,,""
"HIST_MAIN","WEBER COUNTY",2016,7,,,134716,151011.703849755,28330.8102678927,70881.1381823524,250223.6523,,,1.12096338853406,,""
"HIST_MAIN","WEBER COUNTY",2017,7,,,137924,153508.621815757,29205.6261810811,71382.8522031617,254097.1002,,,1.11299427087205,,""
"HIST_MAIN","WEBER COUNTY",2018,7,,,141510,155771.257920735,30029.9010936608,71757.4359856039,257558.595,,,1.10077915285658,,""
"HIST_MAIN","WEBER COUNTY",2019,7,,,143783,157547.633792688,30729.9757592314,71890.4125480809,260168.0221,,,1.09573199747319,,""
"HIST_MAIN","WEBER COUNTY",2020,7,,,144376,159280.678384662,31443.2008514543,72002.6593015859,262726.538537702,,,1.10323515255071,,""
"HIST_MAIN","WEBER COUNTY",2021,7,,,151431,161916.588814023,32459.9407475054,71626.4056500472,266002.935211575,,,1.06924334392577,,""
"HIST_MAIN","WEBER COUNTY",2022,7,,,158125,163940.903294524,33481.8070511102,71035.8280635002,268458.538409135,,,1.03678041609185,,""
"HIST_MAIN","WEBER COUNTY",2023,7,,,162719,165062.085418499,34711.572628291,70037.0382565034,269810.696303294,,,1.01439958098623,,""
"HIST_MAIN","WEBER COUNTY",2024,7,,,164836,166458.862399,35939.4285456006,68983.2505868458,271381.541531447,,,1.00984531533767,,""
"2021","BEAVER COUNTY",2020,7,2276.0000107,25.38481793,4030.01718,3866.89018,1051.3955471,2157.29153,7075.5772571,7050.19243917,1.77065780362652,0.959522008787069,3.09762407997602,""
"2021","BEAVER COUNTY",2021,7,2306.6322563,25.42806521,4168.771339,3908.41639,1085.0041954,2162.98371,7156.4042954,7130.97623019,1.80729777259207,0.937546358908125,3.09150980209935,""
"2021","BEAVER COUNTY",2022,7,2341.2905782,25.9988237,4166.024141,3948.19956,1136.94062957756,2162.34421,7247.48439957756,7221.48557587756,1.77937082213984,0.947714037742538,3.08440380836004,""
"2021","BEAVER COUNTY",2023,7,2373.4515312,26.68745342,4237.276475,3994.22488,1181.7630962,2166.83532,7342.8232962,7316.13584278,1.78528038988758,0.942639665730096,3.08248799126773,""
"2021","BEAVER COUNTY",2024,7,2419.6996043,27.66950892,4270.00637,4060.04139,1208.1792506,2172.9965,7441.2171406,7413.54763168,1.76468449323704,0.95082794689133,3.06382974915793,""
"2021","BEAVER COUNTY",2025,7,2470.7412709,28.41839223,4295.83409,4118.28825,1236.894714,2185.3383,7540.521264,7512.10287177,1.73868228964143,0.958670228812305,3.04042473416637,""
"2021","BEAVER COUNTY",2026,7,2521.397417,28.76774216,4302.269493,4189.82821,1269.70496697985,2179.841,7639.37417697985,7610.60643481985,1.70630360132553,0.973864658366254,3.01840811904816,""
"2021","BEAVER COUNTY",2027,7,2570.3441603,28.9688074,4307.495902,4268.73701,1296.9589715,2170.4873,7736.1832815,7707.2144741,1.67584402452053,0.991001989814545,2.99851459315878,""
"2021","BEAVER COUNTY",2028,7,2614.5488188,29.24453488,4323.755774,4352.35924,1323.2752743,2154.5844,7830.2189143,7800.97437942,1.65372921817711,1.00661542128998,2.98367899016719,""
"2021","BEAVER COUNTY",2029,7,2648.0789565,29.62586701,4353.482025,4432.3927,1346.213754,2142.2464,7920.852854,7891.22698699,1.64401518856298,1.01812587591883,2.97998175908619,""
"2021","BEAVER COUNTY",2030,7,2680.6127442,30.40804326,4387.900413,4504.1615,1367.1209337,2136.7267,8008.0091337,7977.60109044,1.63690201894848,1.02649583537848,2.97603639604453,""
"2021","BEAVER COUNTY",2031,7,2725.3278918,31.28736316,4410.497088,4579.54796,1378.4774114,2133.7391,8091.7644714,8060.47710824,1.61833631148397,1.03832921065971,2.95761736871826,""
"2021","BEAVER COUNTY",2032,7,2766.2420208,32.15845368,4437.50579,4642.15409,1388.5131887,2142.0852,8172.7524787,8140.59402502,1.60416397286766,1.04611786658649,2.9428350678679,""
"2021","BEAVER COUNTY",2033,7,2811.0510297,32.96470407,4462.307062,4705.88359,1404.0494136,2143.0823,8253.0153036,8220.05059953,1.58741588639045,1.05458533548134,2.924191170022,""
"2021","BEAVER COUNTY",2034,7,2854.9298677,33.92609726,4492.25732,4754.7687,1427.7105722,2149.2109,8331.6901722,8297.76407494,1.57350881744043,1.0584364076455,2.90646862075981,""
"2021","BEAVER COUNTY",2035,7,2898.517443,34.79648029,4518.468467,4808.18359,1453.533263,2148.4749,8410.191753,8375.39527271,1.55888952054169,1.06411799155309,2.88954454731222,""
"2021","BEAVER COUNTY",2036,7,2930.1721516,35.37990731,4548.410639,4848.63884,1480.124225,2158.6475,8487.410565,8452.03065769,1.55226737668515,1.06600727700919,2.88448262436554,""
"2021","BEAVER COUNTY",2037,7,2963.8737369,35.7877187,4583.012948,4892.38043,1504.399992,2166.1634,8562.943822,8527.1561033,1.54629156125709,1.06750307832645,2.8770308252803,""
"2021","BEAVER COUNTY",2038,7,3002.2176316,36.3644632,4612.012716,4933.60064,1522.519702,2179.7998,8635.920142,8599.5556788,1.53620199530374,1.06972832552789,2.86440116408781,""
"2021","BEAVER COUNTY",2039,7,3048.96747,37.0767471,4644.134776,4970.98412,1539.834509,2196.4433,8707.261929,8670.1851819,1.52318278948381,1.07037895318824,2.84364633837828,""
"2021","BEAVER COUNTY",2040,7,3091.954833,37.5803876,4676.356944,5012.80549,1561.158849,2202.668,8776.632339,8739.0519514,1.51242731429641,1.07194672049825,2.82638409142634,""
"2021","BEAVER COUNTY",2041,7,3153.530567,37.5853815,4708.388215,5044.70382,1591.908475,2208.038,8844.650295,8807.0649135,1.49305298140146,1.07142903041184,2.7927634523861,""
"2021","BEAVER COUNTY",2042,7,3205.014773,37.1473636,4740.212615,5072.41222,1626.014169,2212.2129,8910.639289,8873.4919254,1.47899867886194,1.07008116132782,2.76862746473213,""
"2021","BEAVER COUNTY",2043,7,3257.509628,37.1041919,4777.2502977,5099.9237,1659.497544,2215.0438,8974.465044,8937.3608521,1.46653451355509,1.0675437505243,2.74361763209499,""
"2021","BEAVER COUNTY",2044,7,3316.233068,37.2580309,4814.4587281,5124.43324,1694.539544,2216.8394,9035.812184,8998.5541531,1.45178539305851,1.06438408332193,2.71348664842998,""
"2021","BEAVER COUNTY",2045,7,3373.761373,37.4001461,4855.6371011,5140.36682,1737.436152,2217.9201,9095.723072,9058.3229259,1.43923548949234,1.05863900307449,2.68493290556741,""
"2021","BEAVER COUNTY",2046,7,3435.750615,37.7800647,4894.6457605,5156.78032,1780.132569,2218.4776,9155.390489,9117.6104243,1.42462195571782,1.05355536893302,2.6537462831248,""
"2021","BEAVER COUNTY",2047,7,3499.433386,38.3689593,4936.9638923,5179.16915,1816.716299,2218.8783,9214.763749,9176.3947897,1.4107895043955,1.0490595562341,2.62225159833347,""
"2021","BEAVER COUNTY",2048,7,3563.430875,38.7960635,4980.3006763,5208.82851,1846.851876,2218.886,9274.566386,9235.7703225,1.39761394313563,1.0458863527633,2.59181969469241,""
"2021","BEAVER COUNTY",2049,7,3617.293334,38.7838719,5025.849331,5240.10854,1876.38593,2218.5401,9335.03457,9296.2506981,1.38939501636778,1.04263144294407,2.56994659811573,""
"2021","BEAVER COUNTY",2050,7,3667.881407,38.8119257,5069.2202478,5270.1746,1908.819871,2217.59414,9396.588611,9357.7766853,1.38205674756158,1.03964206374486,2.55127569485782,""
"2021","BEAVER COUNTY",2051,7,3727.845036,39.3185372,5107.4543887,5312.11152,1932.266615,2215.6681,9460.046235,9420.7276978,1.37008226988435,1.04007028075528,2.52712427872498,""
"2021","BEAVER COUNTY",2052,7,3797.844611,40.0793455,5138.0505416,5365.40928,1947.883349,2212.15356,9525.446189,9485.3668435,1.35288593080355,1.04425000037645,2.49756580772862,""
"2021","BEAVER COUNTY",2053,7,3876.315442,40.405412,5168.2105708,5435.33505,1951.431095,2206.89675,9593.662895,9553.257483,1.33327915339455,1.0516860672646,2.46452014185692,""
"2021","BEAVER COUNTY",2054,7,3956.792363,40.7478577,5199.9952323,5507.85652,1956.787836,2200.11826,9664.762616,9624.0147583,1.31419461908722,1.0592041480707,2.43227692418087,""
"2021","BEAVER COUNTY",2055,7,4034.763175,41.3184765,5231.6086656,5569.73834,1977.208134,2192.50097,9739.447444,9698.1289675,1.29663339301197,1.06463206558689,2.40364267910222,""
"2021","BEAVER COUNTY",2056,7,4103.088135,41.8852401,5265.1749495,5608.11466,2025.614693,2184.62476,9818.354113,9776.4688729,1.28322248420335,1.06513358317421,2.38270993730433,""
"2021","BEAVER COUNTY",2057,7,4172.295329,42.4285509,5300.0786402,5635.54078,2088.391632,2176.74652,9900.678932,9858.2503811,1.27030284825746,1.06329380421935,2.36278825052942,""
"2021","BEAVER COUNTY",2058,7,4246.943749,42.9756745,5336.3365923,5667.14572,2151.531976,2169.38748,9988.065176,9945.0895015,1.25651219033841,1.06199180317399,2.34170502113236,""
"2021","BEAVER COUNTY",2059,7,4336.424655,43.9946208,5372.113549,5713.8223,2203.766006,2163.09762,10080.685926,10036.6913052,1.23883474899208,1.06360787944693,2.31450840351335,""
"2021","BEAVER COUNTY",2060,7,4430.418192,44.9206532,5405.8220872,5782.829,2238.998072,2158.85054,10180.677612,10135.7569588,1.22016068301662,1.06974090281156,2.28776528976477,""
"2021","BOX ELDER COUNTY",2020,7,18677.999766,423.7681313,29825.808665,31952.4918,7642.210755,18291.0395,57885.742055,57461.9739237,1.59684168747516,1.07130345262007,3.07645222419905,""
"2021","BOX ELDER COUNTY",2021,7,19216.730292,410.5758652,32062.20152,32759.901,7935.389535,18524.89,59220.180535,58809.6046698,1.66845249076257,1.02176081014165,3.0603335622753,""
"2021","BOX ELDER COUNTY",2022,7,19635.048067,418.0727204,32990.156153,33295.3346,8297.253164,18613.3095,60205.897264,59787.8245436,1.68016681397615,1.00925059116376,3.04495432552994,""
"2021","BOX ELDER COUNTY",2023,7,20066.832381,425.6594525,33462.779118,33873.455,8705.623303,18649.3752,61228.453503,60802.7940505,1.66756658363698,1.0122726173027,3.03001454818899,""
"2021","BOX ELDER COUNTY",2024,7,20509.631616,434.7300907,33675.875635,34541.6842,9102.435808,18613.005,62257.125008,61822.3949173,1.64195419330344,1.02571005352271,3.01431035304754,""
"2021","BOX ELDER COUNTY",2025,7,20954.777611,444.691264,34050.317745,35227.0969,9510.630987,18528.9843,63266.712187,62822.020923,1.62494293077707,1.03456000510224,2.99798079890011,""
"2021","BOX ELDER COUNTY",2026,7,21411.040637,454.9645218,34346.088295,35904.3733,9921.703379,18413.1047,64239.181379,63784.2168572,1.60412979814009,1.04537008673639,2.97903394508419,""
"2021","BOX ELDER COUNTY",2027,7,21861.291775,465.6080327,34592.011288,36558.0175,10324.139558,18281.0143,65163.171358,64697.5633253,1.5823406797744,1.05683411107934,2.9594574735646,""
"2021","BOX ELDER COUNTY",2028,7,22301.900286,475.4327997,34970.654659,37203.331,10685.504753,18145.7719,66034.607653,65559.1748533,1.56805717048931,1.06384428209225,2.93962281296965,""
"2021","BOX ELDER COUNTY",2029,7,22736.479469,486.0447292,35428.716318,37813.7868,11010.354834,18031.8784,66856.020034,66369.9753048,1.55823228333591,1.06732026248403,2.9190963972805,""
"2021","BOX ELDER COUNTY",2030,7,23171.136048,497.8835956,35753.279367,38382.8559,11290.735395,17963.6795,67637.270795,67139.3871994,1.54300934114476,1.07354784175202,2.89754404187684,""
"2021","BOX ELDER COUNTY",2031,7,23608.853038,510.2872236,36009.055167,38964.2588,11528.767685,17902.1432,68395.169685,67884.8824614,1.52523526276525,1.08206834695591,2.875399425467,""
"2021","BOX ELDER COUNTY",2032,7,24058.266503,523.5911936,36300.836404,39541.7423,11772.960999,17838.9721,69153.675399,68630.0842054,1.50887165538188,1.08927909704149,2.8526612337943,""
"2021","BOX ELDER COUNTY",2033,7,24519.130118,537.9288272,36608.086435,40139.2685,12033.089571,17749.3556,69921.713671,69383.7848438,1.49304181097865,1.09645907254043,2.82978166476077,""
"2021","BOX ELDER COUNTY",2034,7,24990.387618,552.6930563,36968.323186,40742.1906,12282.861,17670.5877,70695.6393,70142.9462437,1.47930171196595,1.10208381362099,2.80679704996563,""
"2021","BOX ELDER COUNTY",2035,7,25461.012337,567.222114,37207.896206,41256.0289,12551.11597,17675.2643,71482.40917,70915.187056,1.46136751019634,1.10879767755714,2.78524616843086,""
"2021","BOX ELDER COUNTY",2036,7,25938.48106,582.5548053,37463.563858,41686.6844,12835.38287,17757.7154,72279.78267,71697.2278647,1.44432373550867,1.11272607587487,2.76412592159319,""
"2021","BOX ELDER COUNTY",2037,7,26411.655508,598.3659655,37743.533606,42180.3138,13114.7027,17786.998,73082.0145,72483.6485345,1.42904838337633,1.1175507370432,2.74438111282138,""
"2021","BOX ELDER COUNTY",2038,7,26877.545996,614.4523192,37992.628918,42647.0103,13395.39755,17843.0735,73885.48135,73271.0290308,1.41354530371389,1.12250748407133,2.72610561402088,""
"2021","BOX ELDER COUNTY",2039,7,27331.434977,631.5910506,38249.480818,43025.3738,13714.87282,17946.8101,74687.05672,74055.4656694,1.39946844540683,1.12486164203705,2.70953448773251,""
"2021","BOX ELDER COUNTY",2040,7,27788.464113,649.2709537,38514.345491,43355.7718,14097.10372,18040.8194,75493.69492,74844.4239663,1.38598323874194,1.12570449393023,2.69336310427053,""
"2021","BOX ELDER COUNTY",2041,7,28316.061774,667.7472876,38766.373224,43643.2243,14513.27506,18141.2984,76297.79776,75630.0504724,1.36905949469271,1.12580106598625,2.67092405278774,""
"2021","BOX ELDER COUNTY",2042,7,28825.17538,687.2316565,39058.520656,43875.7531,14975.27824,18242.2541,77093.28544,76406.0537835,1.3550141548523,1.12333371472071,2.65067090750516,""
"2021","BOX ELDER COUNTY",2043,7,29332.857227,706.0233321,39349.624015,44033.1772,15507.369,18340.6625,77881.2087,77175.1853679,1.3414862285826,1.11902408986715,2.63101493218542,""
"2021","BOX ELDER COUNTY",2044,7,29825.7864,723.9838312,39655.89611,44188.54,16032.31066,18433.492,78654.34266,77930.3588288,1.32958425900884,1.11429936868472,2.61285177140543,""
"2021","BOX ELDER COUNTY",2045,7,30308.88016,743.2361638,39971.691651,44352.0175,16547.11388,18520.4058,79419.53718,78676.3010162,1.31881123419903,1.10958570098172,2.59581682334911,""
"2021","BOX ELDER COUNTY",2046,7,30807.99183,765.8015162,40260.704173,44495.9882,17090.1832,18598.428,80184.5994,79418.7978838,1.3068266310625,1.1051964716961,2.57786350769102,""
"2021","BOX ELDER COUNTY",2047,7,31286.76913,788.2563273,40533.335685,44635.9977,17637.87672,18664.9979,80938.87232,80150.6159927,1.29554239098897,1.10121698462923,2.56180546031024,""
"2021","BOX ELDER COUNTY",2048,7,31752.23252,811.9517568,40785.650043,44817.9902,18148.66387,18717.6496,81684.30367,80872.3519132,1.2844970827582,1.09886663943688,2.54698159766436,""
"2021","BOX ELDER COUNTY",2049,7,32212.87934,838.6844101,41035.957003,45020.366,18640.8476,18753.7611,82414.9747,81576.2902899,1.27389906906099,1.09709555443556,2.53241225128868,""
"2021","BOX ELDER COUNTY",2050,7,32685.26435,868.0953967,41233.078123,45221.7597,19135.66244,18772.3622,83129.78434,82261.6889433,1.26151888145889,1.09673499429515,2.51678212121604,""
"2021","BOX ELDER COUNTY",2051,7,33158.10086,899.6512386,41419.268369,45481.762,19589.0551,18774.8737,83845.6908,82946.0395614,1.24914477291327,1.09808221610309,2.50153167431435,""
"2021","BOX ELDER COUNTY",2052,7,33640.86213,931.3763677,41595.714762,45781.2844,20017.60241,18758.5681,84557.45491,83626.0785423,1.23646399433105,1.10062502019616,2.48584825855948,""
"2021","BOX ELDER COUNTY",2053,7,34140.82367,968.2987094,41774.408193,46094.6092,20453.8792,18716.4907,85264.9791,84296.6803906,1.22359110596701,1.10341740778326,2.46908748322533,""
"2021","BOX ELDER COUNTY",2054,7,34631.41001,1005.0813368,41941.845483,46392.8077,20916.76041,18650.9871,85960.55521,84955.4738732,1.2110926315414,1.10612223104975,2.45313355271035,""
"2021","BOX ELDER COUNTY",2055,7,35138.59103,1040.8821513,42107.325736,46654.7031,21421.17583,18565.9416,86641.82053,85600.9383787,1.198321403953,1.10799492213091,2.43609478551992,""
"2021","BOX ELDER COUNTY",2056,7,35669.78855,1076.5132231,42262.294128,46902.236,21946.94838,18469.0229,87318.20728,86241.6940569,1.18482042776225,1.10978916236651,2.41777979524636,""
"2021","BOX ELDER COUNTY",2057,7,36223.36758,1109.2027378,42406.394639,47154.6417,22470.10367,18366.5527,87991.29807,86882.0953322,1.17069166872309,1.11197007200025,2.39850961234676,""
"2021","BOX ELDER COUNTY",2058,7,36779.24522,1139.6278637,42561.234347,47423.1638,22981.09448,18260.8209,88665.07918,87525.4513163,1.15720793323556,1.11423375114925,2.37975115565191,""
"2021","BOX ELDER COUNTY",2059,7,37355.19344,1169.1173609,42689.701563,47780.3979,23400.14816,18156.8213,89337.36736,88168.2499991,1.14280499260614,1.11924881530238,2.36026752587203,""
"2021","BOX ELDER COUNTY",2060,7,37945.08257,1194.5064289,42806.661095,48204.4944,23735.28695,18056.8451,89996.62645,88802.1200211,1.12812143750199,1.12609797557022,2.34028005756162,""
"2021","CACHE COUNTY",2020,7,41657.999257,4153.505989,82978.50258,81403.884,13251.9889,39086.766,133742.6389,129589.132911,1.99189841230929,0.981023776869414,3.11078628888363,""
"2021","CACHE COUNTY",2021,7,43060.198177,4217.1806114,85922.78934,83664.55,13966.92386,39623.692,137255.16586,133037.9852486,1.99541091257435,0.973717806913087,3.08958135078116,""
"2021","CACHE COUNTY",2022,7,44381.058567,4268.2892891,87332.28908,85673.632,14771.18744,39867.209,140312.02844,136043.7391509,1.96778292135954,0.981007516263766,3.06535588702827,""
"2021","CACHE COUNTY",2023,7,45771.883529,4330.7044034,89360.25071,87852.452,15605.49445,40082.073,143540.01945,139209.3150466,1.95229568504393,0.983126740379308,3.04137178358413,""
"2021","CACHE COUNTY",2024,7,47169.930832,4405.342708,90937.29433,90008.031,16478.16545,40321.467,146807.66345,142402.320742,1.92786575528129,0.989781273603459,3.01892155087483,""
"2021","CACHE COUNTY",2025,7,48551.982664,4486.1784671,92080.17197,92095.37,17372.45509,40539.478,150007.30309,145521.1246229,1.89652753435907,1.00016505214613,2.99722311300791,""
"2021","CACHE COUNTY",2026,7,49907.97963,4574.8738611,93084.72482,94093.158,18268.6084,40700.739,153062.5054,148487.6315389,1.86512709009856,1.01083349799819,2.97522826288971,""
"2021","CACHE COUNTY",2027,7,51189.203534,4638.0893431,94010.03285,95987.906,19150.08643,40787.643,155925.63543,151287.5460869,1.83652071842763,1.02103895818392,2.95545809745632,""
"2021","CACHE COUNTY",2028,7,52403.425381,4681.0982644,95176.5709,97802.428,19992.9091,40785.465,158580.8021,153899.7038356,1.816228046316,1.02758932240539,2.93682526889549,""
"2021","CACHE COUNTY",2029,7,53554.540535,4713.6039718,96616.4384,99553.122,20774.93541,40711.559,161039.61641,156326.0124382,1.80407557295459,1.03039527898805,2.91900576265863,""
"2021","CACHE COUNTY",2030,7,54660.342498,4744.031646,97811.43524,101082.211,21500.4419,40761.833,163344.4859,158600.454254,1.78944058470872,1.03343960501116,2.90156349202904,""
"2021","CACHE COUNTY",2031,7,55751.781784,4773.4773696,98755.89673,102514.407,22183.59532,40867.295,165565.29732,160791.8199504,1.77134960659395,1.03805859087357,2.88406602991378,""
"2021","CACHE COUNTY",2032,7,56836.650648,4791.368025,99951.50436,103894.86,22847.53793,41057.207,167799.60493,163008.236905,1.75857484951072,1.03945268923414,2.86801271796504,""
"2021","CACHE COUNTY",2033,7,57925.295735,4796.8142198,101209.82572,105255.585,23479.78152,41335.069,170070.43552,165273.6213002,1.74724745788128,1.03997397734082,2.85322015542749,""
"2021","CACHE COUNTY",2034,7,59007.792269,4792.6443769,102615.82123,106474.352,24162.58714,41721.338,172358.27714,167565.6327631,1.73902153061757,1.03760171408024,2.8397204219947,""
"2021","CACHE COUNTY",2035,7,60065.821863,4784.7940981,103802.28649,107523.601,24885.52866,42228.744,174637.87366,169853.0795619,1.72814228242403,1.03585002446317,2.82778249416625,""
"2021","CACHE COUNTY",2036,7,61121.816282,4787.6082821,105025.70364,108400.66,25630.00714,42884.141,176914.80814,172127.1998579,1.71830141884919,1.03213457509,2.81613358908954,""
"2021","CACHE COUNTY",2037,7,62162.061511,4786.9878883,106252.86605,109184.95,26339.92184,43658.198,179183.06984,174396.0819517,1.70928800408587,1.02759533986236,2.80550673051342,""
"2021","CACHE COUNTY",2038,7,63186.912495,4788.5119439,107408.68828,109928.438,27016.14631,44498.469,181443.05331,176654.5413661,1.69985656900864,1.02345945900979,2.79574573896262,""
"2021","CACHE COUNTY",2039,7,64197.105886,4791.8607098,108526.27602,110688.772,27696.94416,45304.548,183690.26416,178898.4034502,1.69051664435962,1.01992601293719,2.78670511670548,""
"2021","CACHE COUNTY",2040,7,65178.424618,4803.412786,109683.70053,111276.018,28428.29869,46243.247,185947.56369,181144.150904,1.68282220954001,1.01451735729471,2.77920419165784,""
"2021","CACHE COUNTY",2041,7,66204.6987,4823.5446522,110778.62318,111739.794,29238.74934,47212.208,188190.75134,183367.2066878,1.67327433483207,1.0086765008664,2.76970079599199,""
"2021","CACHE COUNTY",2042,7,67183.30498,4852.7296897,111973.94592,112129.532,30102.00187,48176.376,190407.90987,185555.1801803,1.66669302668771,1.00138948465843,2.76192396660954,""
"2021","CACHE COUNTY",2043,7,68096.95194,4897.3421908,113148.74215,112517.425,30968.8836,49111.947,192598.2556,187700.9134092,1.66158306541672,0.994420466918111,2.75637760665973,""
"2021","CACHE COUNTY",2044,7,68981.12134,4959.019073,114348.91698,113007.871,31744.43442,49991.965,194744.27042,189785.251347,1.65768422952111,0.988272333351137,2.75126364518736,""
"2021","CACHE COUNTY",2045,7,69840.31157,5031.9505395,115540.15088,113708.851,32353.11686,50803.557,196865.52486,191833.5743205,1.65434758641069,0.984150099631582,2.74674568323235,""
"2021","CACHE COUNTY",2046,7,70682.04305,5112.2470762,116673.90363,114563.556,32887.33136,51527.471,198978.35836,193866.1112838,1.65068663263547,0.981912428020816,2.74279156230191,""
"2021","CACHE COUNTY",2047,7,71495.02462,5204.0237443,117726.33133,115576.067,33334.7028,52148.592,201059.3618,195855.3380557,1.64663669892726,0.981735060409106,2.7394261222607,""
"2021","CACHE COUNTY",2048,7,72278.23399,5307.2102729,118715.03147,116734.243,33722.01175,52655.751,203112.00575,197804.7954771,1.6424727738426,0.98331476270972,2.73671317847178,""
"2021","CACHE COUNTY",2049,7,73056.30115,5416.6812379,119698.68523,117998.757,34081.64676,53043.336,205123.73976,199707.0585221,1.63844436887427,0.98579827149535,2.73360484145042,""
"2021","CACHE COUNTY",2050,7,73812.4825,5523.2406139,120530.59451,119344.943,34431.9577,53316.805,207093.7057,201570.4650861,1.63292969464887,0.990163065943381,2.73084522101123,""
"2021","CACHE COUNTY",2051,7,74600.96857,5629.9566835,121292.7671,120836.756,34733.9144,53495.877,209066.5474,203436.5907165,1.62588729643889,0.996240409787798,2.72699664114428,""
"2021","CACHE COUNTY",2052,7,75430.02277,5733.5053201,122010.87556,122373.253,35062.6029,53594.949,211030.8049,205297.2995799,1.61753730251459,1.00297004212401,2.72169213319594,""
"2021","CACHE COUNTY",2053,7,76297.82383,5833.2282381,122707.94336,123863.253,35465.1479,53654.604,212983.0049,207149.7766619,1.60827579608832,1.00941511697096,2.7150155307634,""
"2021","CACHE COUNTY",2054,7,77198.86712,5926.9421499,123363.11585,125253.831,35966.9646,53681.86,214902.6556,208975.7134501,1.59799127179212,1.01532642181557,2.70697901726022,""
"2021","CACHE COUNTY",2055,7,78139.69987,6014.3488647,123996.78661,126490.305,36607.9834,53686.463,216784.7514,210770.4025353,1.58686028761682,1.02010954040158,2.69735362288255,""
"2021","CACHE COUNTY",2056,7,79135.1941,6096.2665893,124566.33621,127580.518,37386.8176,53688.504,218655.8396,212559.5730107,1.57409528878631,1.02419740261862,2.68603085426311,""
"2021","CACHE COUNTY",2057,7,80160.3842,6168.2824667,125101.11599,128505.035,38315.7475,53700.114,220520.8965,214352.6140333,1.56063518455542,1.02720934168383,2.67404673982713,""
"2021","CACHE COUNTY",2058,7,81170.94515,6231.3505347,125634.59883,129504.185,39164.116,53718.9,222387.201,216155.8504653,1.5477779468729,1.03080032257066,2.66297072266258,""
"2021","CACHE COUNTY",2059,7,82219.47736,6291.5629216,126159.30762,130624.976,39872.4081,53754.721,224252.1051,217960.5421784,1.53442118182786,1.03539705840374,2.65095995714074,""
"2021","CACHE COUNTY",2060,7,83284.41228,6347.6268407,126713.74157,131704.398,40573.233,53806.752,226084.383,219736.7561593,1.52145807481947,1.03938528188155,2.63838994769574,""
"2021","CARBON COUNTY",2020,7,7949.9999446,518.4973613,11174.37431,11643.6038,3574.371008,5230.6054,20448.580208,19930.0828467,1.40558168400871,1.04199156722181,2.50692867743193,""
"2021","CARBON COUNTY",2021,7,7967.7198728,517.4355241,11634.99071,11620.3768,3632.142332,5235.5313,20488.050432,19970.6149079,1.46026603542115,0.998743968915468,2.50644039031482,""
"2021","CARBON COUNTY",2022,7,8031.0265089,522.2084088,11747.16847,11616.0414,3743.379098,5223.6468,20583.067298,20060.8588892,1.46272315960877,0.988837559422522,2.49791964538637,""
"2021","CARBON COUNTY",2023,7,8102.8474918,528.9501052,12025.43122,11663.654,3841.787465,5200.0482,20705.489665,20176.5395598,1.48409941470201,0.96991565513274,2.49005545028688,""
"2021","CARBON COUNTY",2024,7,8180.1429717,536.1504047,11987.67656,11737.2693,3930.669404,5165.6332,20833.571904,20297.4214993,1.46546051841301,0.979111276589197,2.48130400281766,""
"2021","CARBON COUNTY",2025,7,8250.2340286,541.4398482,11718.11955,11844.9615,4009.170466,5096.3409,20950.472866,20409.0330178,1.42033783640298,1.01082442873695,2.4737520107976,""
"2021","CARBON COUNTY",2026,7,8307.8733003,548.1978731,11601.11928,11938.9916,4082.15792,5022.5894,21043.73892,20495.5410469,1.39640060225534,1.02912411396222,2.46700212028509,""
"2021","CARBON COUNTY",2027,7,8369.7400643,554.8452922,11602.64597,12019.5078,4144.588285,4941.6572,21105.753285,20550.9079928,1.38626120773924,1.03592816940876,2.45538186788585,""
"2021","CARBON COUNTY",2028,7,8424.8917277,560.3027761,11244.75136,12071.9239,4200.282067,4861.3551,21133.561067,20573.2582909,1.33470574144338,1.07356076746547,2.44196114986946,""
"2021","CARBON COUNTY",2029,7,8468.2090107,562.1282266,11213.49436,12133.6882,4231.883581,4763.3487,21128.920481,20566.7922544,1.32418724500437,1.08206129244444,2.42870626225839,""
"2021","CARBON COUNTY",2030,7,8508.8123698,561.8544633,10944.9555,12194.3345,4252.154875,4651.7999,21098.289275,20536.4348117,1.28630824424411,1.11415112651669,2.4135489089628,""
"2021","CARBON COUNTY",2031,7,8541.936691,560.4244931,10894.94424,12261.1209,4254.719461,4537.0573,21052.897661,20492.4731679,1.27546534633992,1.12539547058756,2.39904296990299,""
"2021","CARBON COUNTY",2032,7,8570.5551252,556.9896219,10825.94911,12294.5161,4247.864838,4466.4416,21008.822538,20451.8329161,1.26315611437682,1.13565249338217,2.38629034144655,""
"2021","CARBON COUNTY",2033,7,8598.9202033,555.3162967,10814.19339,12312.7974,4244.136754,4411.5189,20968.453054,20413.1367573,1.25762225190203,1.13857751160487,2.37391861706846,""
"2021","CARBON COUNTY",2034,7,8627.581671,554.3799956,10844.9991,12331.9594,4238.383639,4362.1443,20932.487339,20378.1073434,1.25701494503998,1.13711022806816,2.36197211692556,""
"2021","CARBON COUNTY",2035,7,8660.683174,555.0146794,10875.29449,12299.7357,4246.798506,4356.2115,20902.745706,20347.7310266,1.25570861691932,1.13097955290404,2.34943717692911,""
"2021","CARBON COUNTY",2036,7,8672.372232,555.8494499,10846.7123,12215.9538,4277.291035,4329.438,20822.682835,20266.8333851,1.25072033462505,1.12623562441128,2.33694228556263,""
"2021","CARBON COUNTY",2037,7,8684.021827,556.044796,10864.32823,12157.8086,4295.821959,4298.8311,20752.461659,20196.416863,1.2510710413257,1.11905755630875,2.32569853753777,""
"2021","CARBON COUNTY",2038,7,8696.337434,555.9656836,10880.80124,12113.459,4311.765643,4275.0045,20700.229143,20144.2634594,1.2511935424055,1.11328740713216,2.31640775352646,""
"2021","CARBON COUNTY",2039,7,8722.140503,557.0804957,10901.46033,12107.1295,4329.245782,4241.9249,20678.300182,20121.2196863,1.24986066507991,1.11059703319583,2.30691304266186,""
"2021","CARBON COUNTY",2040,7,8755.439444,558.1597967,10936.61632,12107.7569,4363.23384,4217.9211,20688.91184,20130.7520433,1.24912249007612,1.10708436190253,2.29922805954593,""
"2021","CARBON COUNTY",2041,7,8790.335727,559.7928067,10982.77511,12097.7917,4400.734819,4195.1728,20693.699319,20133.9065123,1.24941474945784,1.10152412107435,2.29045933370413,""
"2021","CARBON COUNTY",2042,7,8813.751811,562.4364989,10979.65105,12057.4744,4461.01587,4173.13,20691.62027,20129.1837711,1.24574089280536,1.09816553778364,2.28383827940081,""
"2021","CARBON COUNTY",2043,7,8853.085357,564.8004799,11026.00626,12016.7733,4534.062158,4157.181,20708.016458,20143.2159781,1.24544221764245,1.08985728981438,2.27527637719804,""
"2021","CARBON COUNTY",2044,7,8901.26496,568.0399497,11093.47986,11978.5553,4625.144142,4149.8484,20753.547842,20185.5078923,1.24628127685798,1.07978339088994,2.26771228392914,""
"2021","CARBON COUNTY",2045,7,8962.635786,570.8417124,11181.28711,11951.0294,4724.260991,4149.4755,20824.765891,20253.9241786,1.24754451446812,1.06884201098025,2.25981783285643,""
"2021","CARBON COUNTY",2046,7,9037.247893,573.4849659,11276.01698,11936.1377,4836.327566,4156.5939,20929.059166,20355.5742001,1.24772686480517,1.0585420118798,2.25240852537274,""
"2021","CARBON COUNTY",2047,7,9122.249968,577.1981124,11384.5845,11932.5506,4953.53277,4167.7886,21053.87197,20476.6738576,1.24800181314216,1.04813228800752,2.24469554434819,""
"2021","CARBON COUNTY",2048,7,9205.880228,581.5925179,11507.27915,11931.2376,5079.39494,4179.9483,21190.58084,20608.9883221,1.24999227287362,1.03684263190921,2.23867656450896,""
"2021","CARBON COUNTY",2049,7,9285.968873,586.796081,11620.3895,11948.9635,5192.30435,4191.3384,21332.60625,20745.810169,1.25139225200158,1.02827564428886,2.23410291944019,""
"2021","CARBON COUNTY",2050,7,9368.843637,591.4796547,11727.57712,11988.6969,5286.07728,4200.4472,21475.22138,20883.7417253,1.25176356596291,1.02226544983061,2.22906289553437,""
"2021","CARBON COUNTY",2051,7,9452.005444,597.2047241,11826.55785,12026.4191,5384.78149,4206.6115,21617.81209,21020.6073659,1.25122207346033,1.01689935926708,2.22393094147482,""
"2021","CARBON COUNTY",2052,7,9540.001804,603.0445327,11918.51956,12053.53,5497.60905,4210.1688,21761.30785,21158.2633173,1.24932047235072,1.01132778608285,2.21784688850149,""
"2021","CARBON COUNTY",2053,7,9626.37481,608.3382466,12012.87903,12046.5959,5642.87584,4207.059,21896.53074,21288.1924934,1.24791307912932,1.00280672684007,2.21144438208302,""
"2021","CARBON COUNTY",2054,7,9703.284427,614.3819075,12097.29841,12035.4112,5784.94891,4197.1657,22017.52581,21403.1439025,1.24672202500202,0.994884212333818,2.2057628077916,""
"2021","CARBON COUNTY",2055,7,9779.78574,619.1395083,12191.58765,12015.9034,5932.35936,4183.7935,22132.05626,21512.9167517,1.24661091501581,0.985589715216459,2.1997329311327,""
"2021","CARBON COUNTY",2056,7,9863.511367,622.8627617,12283.85638,12011.2084,6057.48667,4167.5479,22236.24297,21613.3802083,1.24538371001403,0.977804366025973,2.19124603846568,""
"2021","CARBON COUNTY",2057,7,9934.733147,626.7347464,12375.12994,12026.5757,6149.3369,4148.3996,22324.3122,21697.5774536,1.24564291329123,0.971834296553657,2.18401210506112,""
"2021","CARBON COUNTY",2058,7,9992.917564,631.2598708,12454.25699,12050.308,6210.84367,4123.9166,22385.06827,21753.8083992,1.24630838894009,0.967565388258461,2.17692263144141,""
"2021","CARBON COUNTY",2059,7,10044.848494,636.5171874,12527.92603,12070.4504,6252.34307,4094.284,22417.07747,21780.5602826,1.24719910285189,0.963483530402039,2.16833138853314,""
"2021","CARBON COUNTY",2060,7,10077.838733,639.0525192,12600.33162,12085.826,6275.1141,4060.7489,22421.689,21782.6364808,1.25030097760347,0.95916729531282,2.16143927858981,""
"2021","DAGGETT COUNTY",2020,7,391.99999804,52.0996632,524.5153741,459.123225,262.677332604348,220.920761,942.721318604348,890.621655404348,1.33804943041474,0.875328441588191,2.27199403024861,""
"2021","DAGGETT COUNTY",2021,7,401.3120097,49.7147571,540.4440676,471.63894,268.272699370078,221.66863,961.580269370078,911.865512270078,1.34669298335728,0.872687791901298,2.27221087390766,""
"2021","DAGGETT COUNTY",2022,7,401.0750845,49.8671368,568.4750971,465.123029,276.548991173779,209.241618,950.913638173779,901.046501373779,1.4173782393107,0.818194203005133,2.24657810020053,""
"2021","DAGGETT COUNTY",2023,7,393.0715618,48.3349837,587.954379,458.706453,282.61460607736,198.902001,940.22306007736,891.88807637736,1.49579475123453,0.780173546424084,2.2690221401241,""
"2021","DAGGETT COUNTY",2024,7,397.5994284,49.5204663,602.600935,449.100276,291.480120282727,189.729055,930.309451282727,880.788984982727,1.51559809184072,0.745269796171159,2.21526723146247,""
"2021","DAGGETT COUNTY",2025,7,415.5594508,50.9123828,612.736711,439.959367,304.8605709,176.941035,921.7609729,870.8485901,1.47448628546508,0.718023514997129,2.09560530610847,""
"2021","DAGGETT COUNTY",2026,7,402.575333,51.5084935,619.330955,430.556036,317.4490423,166.956008,914.9610863,863.4525928,1.53842251184327,0.69519540808355,2.14482240222105,""
"2021","DAGGETT COUNTY",2027,7,394.540804,52.3299565,626.080768,424.056556,325.142105,160.89292,910.091581,857.7616245,1.58685936068605,0.677319249646717,2.17407582638778,""
"2021","DAGGETT COUNTY",2028,7,392.4733099,52.87208,634.962988,428.794734,326.9577091,151.379191,907.1316341,854.2595541,1.61785011103503,0.675306658976476,2.17660547240183,""
"2021","DAGGETT COUNTY",2029,7,406.2133745,49.8173228,640.419669,430.920557,327.6464568,147.299546,905.8665598,856.049237,1.57655978163762,0.672872145967772,2.10738811358364,""
"2021","DAGGETT COUNTY",2030,7,394.4960188,49.8574386,647.10375,430.711547,325.752153,148.077134,904.540834,854.6833954,1.64033024203488,0.6655989043488,2.16651969771412,""
"2021","DAGGETT COUNTY",2031,7,377.5517336,53.0698068,650.956343,435.394899,322.732402,145.623727,903.751028,850.6812212,1.72415138130358,0.668854222993569,2.25315141077133,""
"2021","DAGGETT COUNTY",2032,7,395.6161038,53.3051024,653.467155,435.327392,320.666053,146.941549,902.934994,849.6298916,1.65177086757407,0.666180983495643,2.14761199920598,""
"2021","DAGGETT COUNTY",2033,7,371.1877507,54.1640667,656.565213,437.970194,316.468786,147.9213,902.36028,848.1962133,1.76882241335234,0.667062746134252,2.28508675650109,""
"2021","DAGGETT COUNTY",2034,7,354.8350033,52.8435649,660.411878,438.34263,312.116888,151.67533,902.134848,849.2912831,1.8611801875748,0.663741287221366,2.39348225288235,""
"2021","DAGGETT COUNTY",2035,7,362.7762715,54.0426613,663.641885,436.344094,308.769702,157.432522,902.546318,848.5036567,1.82934204118695,0.657499328873734,2.33891718769705,""
"2021","DAGGETT COUNTY",2036,7,346.473666,54.3200222,668.207856,433.309099,304.944408,165.327152,903.580659,849.2606368,1.92859637419024,0.648464538555201,2.45115493654863,""
"2021","DAGGETT COUNTY",2037,7,352.0101552,53.2034405,672.545758,431.994747,302.676929,170.256014,904.92769,851.7242495,1.91058623754159,0.642327665978677,2.4196013578531,""
"2021","DAGGETT COUNTY",2038,7,342.7889655,55.1328845,675.969085,430.403756,301.355725,174.773608,906.533089,851.4002045,1.97196862511025,0.636721065431565,2.48374449060263,""
"2021","DAGGETT COUNTY",2039,7,334.7742774,52.7496043,677.514071,437.132221,297.733027,173.448439,908.313687,855.5640827,2.02379369246008,0.645200210166558,2.55564462522233,""
"2021","DAGGETT COUNTY",2040,7,328.5447058,51.4765457,680.182382,436.129584,295.584584,178.73567,910.449838,858.9732923,2.07028866998106,0.641195061121122,2.61447917782883,""
"2021","DAGGETT COUNTY",2041,7,341.0018041,53.8621012,680.663178,438.494504,291.145652,183.255543,912.895699,859.0335978,1.99606914044476,0.644216579025816,2.51914678301258,""
"2021","DAGGETT COUNTY",2042,7,342.7690594,51.9651461,682.381064,439.609896,288.38389,187.526504,915.52029,863.5551439,1.99078955724438,0.644229330490331,2.51934974939573,""
"2021","DAGGETT COUNTY",2043,7,361.0180444,50.2840674,684.715386,434.367202,292.607188,191.381058,918.355448,868.0713806,1.89662371901098,0.634376283754196,2.40450967497402,""
"2021","DAGGETT COUNTY",2044,7,345.0244533,51.1980609,686.302516,432.393269,294.232007,194.713489,921.338765,870.1407041,1.98914166644083,0.630033052363165,2.52196821349184,""
"2021","DAGGETT COUNTY",2045,7,357.4766392,49.5523475,688.668914,432.534037,294.41382,197.446165,924.394022,874.8416745,1.9264724977307,0.628072544305376,2.44726949558946,""
"2021","DAGGETT COUNTY",2046,7,369.5302971,49.614801,691.692402,433.632661,294.495345,199.536538,927.664544,878.049743,1.87181513242152,0.626915460898759,2.37612382500368,""
"2021","DAGGETT COUNTY",2047,7,370.7408624,50.4353842,694.147402,436.526951,293.548806,200.985188,931.060945,880.6255608,1.87232504533334,0.628867802057984,2.37531292099621,""
"2021","DAGGETT COUNTY",2048,7,373.7955561,51.1138901,696.818036,437.12995,295.709107,201.798511,934.637568,883.5236779,1.86416886083467,0.627322955802482,2.36365484683193,""
"2021","DAGGETT COUNTY",2049,7,381.3803257,53.7570998,699.620868,437.946563,298.427795,202.011166,938.385524,884.6284242,1.83444404667674,0.625976987010056,2.31954394232665,""
"2021","DAGGETT COUNTY",2050,7,388.2102842,50.8502309,703.964332,443.265832,297.396,201.667155,942.328987,891.4787561,1.81335827681816,0.629670868040513,2.29638109133843,""
"2021","DAGGETT COUNTY",2051,7,397.4592967,51.1827371,706.672184,448.58444,297.205411,200.787724,946.577575,895.3948379,1.77797371923946,0.63478434577807,2.2527963123123,""
"2021","DAGGETT COUNTY",2052,7,406.7505306,51.3685414,710.302589,454.807046,296.879015,199.423682,951.109743,899.7412016,1.74628558677534,0.640300419910197,2.21202219520842,""
"2021","DAGGETT COUNTY",2053,7,414.0025942,51.8465851,714.474254,467.036442,291.318956,197.664959,956.020357,904.1737719,1.7257724082155,0.653678476705474,2.18398093289049,""
"2021","DAGGETT COUNTY",2054,7,425.9137235,52.9631493,717.914782,483.019977,282.768612,195.553265,961.341854,908.3787047,1.68558734407627,0.672809627424554,2.1327763220102,""
"2021","DAGGETT COUNTY",2055,7,436.7782645,53.8728692,721.222699,499.27605,274.731377,193.207546,967.214973,913.3421038,1.65123303428484,0.692263361500218,2.09108872403608,""
"2021","DAGGETT COUNTY",2056,7,436.2215175,53.407996,724.164576,516.08315,266.925109,190.747964,973.756223,920.348227,1.66008449136166,0.712660032130597,2.10981849835044,""
"2021","DAGGETT COUNTY",2057,7,446.3569953,54.2973213,727.033623,531.430347,261.300512,188.286081,981.01694,926.7196187,1.62881646452377,0.730957042684118,2.07618482169669,""
"2021","DAGGETT COUNTY",2058,7,454.8960083,54.7018833,729.877741,543.136984,260.106553,185.945857,989.189394,934.4875107,1.60449361542573,0.744147894215615,2.05428821895424,""
"2021","DAGGETT COUNTY",2059,7,461.5325421,55.4510654,732.664472,551.198567,263.457157,183.894976,998.5507,943.0996346,1.58746004922282,0.752320588843838,2.04340874927008,""
"2021","DAGGETT COUNTY",2060,7,469.2137262,56.2970845,736.0310794,561.760557,265.38051,182.312932,1009.453999,953.1569145,1.56864780014187,0.763229397130808,2.03139179712258,""
"2021","DAVIS COUNTY",2020,7,111551.996045,3791.1796016,196858.2498,209661.585,37434.74009,116322.931,363419.25609,359628.0764884,1.76472189453775,1.06503834720164,3.22386052458735,""
"2021","DAVIS COUNTY",2021,7,113838.826016,3816.7982096,205488.6856,213115.597,39336.43077,115491.517,367943.54477,364126.7465604,1.80508437052152,1.0371159676151,3.1986164940705,""
"2021","DAVIS COUNTY",2022,7,116122.950311,3868.9099218,211112.4306,216395.732,41473.06272,114342.866,372211.66072,368342.7507982,1.81800781012366,1.0250260081085,3.17200647944016,""
"2021","DAVIS COUNTY",2023,7,118387.461335,3928.1155599,216282.2165,219824.549,43674.80378,112881.916,376381.26878,372453.1532201,1.82690138010467,1.01637828831849,3.14605236922998,""
"2021","DAVIS COUNTY",2024,7,120723.98593,3989.701832,220278.8909,223528.065,45830.41496,111262.996,380621.47596,376631.774128,1.82464892293836,1.01475027446672,3.11977583598328,""
"2021","DAVIS COUNTY",2025,7,123156.863413,4047.3841817,223329.3758,227336.575,48055.62762,109656.081,385048.28362,381000.8994383,1.81337336475578,1.01794300094041,3.09362295271059,""
"2021","DAVIS COUNTY",2026,7,125696.966959,4110.3313522,225880.3379,231253.611,50274.27881,108216.253,389744.14281,385633.8114578,1.79702297807773,1.02378813999463,3.06796433348775,""
"2021","DAVIS COUNTY",2027,7,128344.759826,4170.9118329,228401.8052,235308.774,52465.95604,106977.582,394752.31204,390581.4002071,1.77959587527882,1.03024042999114,3.04322046912254,""
"2021","DAVIS COUNTY",2028,7,131101.652263,4217.5479391,231008.7209,239574.123,54513.21867,105996.5,400083.84167,395866.2937309,1.76205804360557,1.0370782629618,3.01953703021806,""
"2021","DAVIS COUNTY",2029,7,133982.42186,4265.2174267,234431.7818,243751.056,56406.52394,105551.262,405708.84194,401443.6245133,1.74972043754337,1.03975260576209,2.99624099146957,""
"2021","DAVIS COUNTY",2030,7,136989.583143,4313.6828032,236179.5372,248032.906,58146.60038,105384.742,411564.24838,407250.5655768,1.72406931812807,1.05018795845113,2.97285790812051,""
"2021","DAVIS COUNTY",2031,7,140143.238789,4359.7708784,237536.2467,252506.198,59767.48134,105274.159,417547.83834,413188.0674616,1.69495331171584,1.06302175566033,2.94832680500339,""
"2021","DAVIS COUNTY",2032,7,143326.407221,4402.5553412,239623.1448,256858.828,61405.36967,105255.504,423519.70167,419117.1463288,1.6718701699577,1.07192829062646,2.92421441697446,""
"2021","DAVIS COUNTY",2033,7,146565.220206,4444.1943515,241645.9304,261190.545,63092.29687,105263.316,429546.15787,425101.9635185,1.64872628076676,1.08088120734186,2.90042864822235,""
"2021","DAVIS COUNTY",2034,7,149841.897114,4487.1437977,244305.1768,265287.97,64887.22052,105413.234,435588.42452,431101.2807223,1.63041967237062,1.08588763232462,2.87704099471136,""
"2021","DAVIS COUNTY",2035,7,153064.594265,4526.1845891,246590.3767,268832.38,66877.25758,105967.316,441676.95358,437150.7689909,1.6110216597385,1.09019818047101,2.85598881367734,""
"2021","DAVIS COUNTY",2036,7,156187.42263,4568.9362966,249206.7102,271886.839,69023.08396,106901.524,447811.44696,443242.5106634,1.59556196013528,1.09100930220458,2.83788862892897,""
"2021","DAVIS COUNTY",2037,7,159262.002337,4619.5326804,251982.4116,274905.212,71034.89439,108017.018,453957.12439,449337.5917096,1.58218789103758,1.09096984291264,2.82137349220812,""
"2021","DAVIS COUNTY",2038,7,162305.452629,4673.5617739,254618.7261,277600.405,72997.52029,109499.982,460097.90729,455424.3455161,1.56876261379838,1.09025918577165,2.80597070609276,""
"2021","DAVIS COUNTY",2039,7,165285.644011,4733.6495348,257264.2164,279790.928,75138.53283,111279.548,466209.00883,461475.3592952,1.5564825241742,1.08756255306403,2.79198693907432,""
"2021","DAVIS COUNTY",2040,7,168209.69656,4801.9136928,260028.7983,281678.337,77548.9416,113116.54,472343.8186,467541.9049072,1.54586093202569,1.08325823463224,2.77951815185891,""
"2021","DAVIS COUNTY",2041,7,171499.26991,4873.7213894,262642.126,283228.158,80220.1354,114994.866,478443.1594,473569.4380106,1.53144748743146,1.07838054128453,2.76134958626425,""
"2021","DAVIS COUNTY",2042,7,174605.73999,4947.0292742,265416.1967,284456.196,83181.03828,116827.509,484464.74328,479517.7140058,1.52008861057604,1.07173638812073,2.74628837536076,""
"2021","DAVIS COUNTY",2043,7,177594.8173,5030.6881599,268233.0157,285473.188,86372.9547,118567.255,490413.3977,485382.7095401,1.51036510962418,1.0642731181134,2.73309050860517,""
"2021","DAVIS COUNTY",2044,7,180523.59564,5139.0897783,271197.6068,286400.664,89669.7891,120171.238,496241.6911,491102.6013217,1.50228343191669,1.0560589651929,2.72043440958852,""
"2021","DAVIS COUNTY",2045,7,183361.57653,5263.040573,274167.0667,287272.446,93097.9715,121630.723,502001.1405,496738.099927,1.49522638214852,1.04780070581687,2.70906320357541,""
"2021","DAVIS COUNTY",2046,7,186178.59652,5394.1906178,277130.2108,288390.914,96423.4392,122922.584,507736.9372,502342.7465822,1.4885181002545,1.04063325744058,2.69817667536363,""
"2021","DAVIS COUNTY",2047,7,188958.79145,5517.9113928,280009.1316,289841.199,99513.1554,124028.376,513382.7304,507864.8190072,1.4818528921111,1.03511338128088,2.68770145654528,""
"2021","DAVIS COUNTY",2048,7,191757.41086,5645.5904439,282828.8324,291634.304,102378.2927,124934.152,518946.7487,513301.1582561,1.47493038799158,1.03113357123204,2.67682566193416,""
"2021","DAVIS COUNTY",2049,7,194547.26513,5783.2347945,285677.1383,293487.905,105273.9462,125629.809,524391.6602,518608.4254055,1.46842022224833,1.02734123824707,2.6657194335729,""
"2021","DAVIS COUNTY",2050,7,197332.64731,5930.5010015,288350.4537,295461.392,108128.7058,126120.423,529710.5208,523780.0197985,1.46124048722164,1.02466074947605,2.65429986846357,""
"2021","DAVIS COUNTY",2051,7,200183.67708,6088.4415842,290899.9668,297774.278,110817.5865,126429.575,535021.4395,528932.9979158,1.45316526823387,1.02363118592147,2.64223839641242,""
"2021","DAVIS COUNTY",2052,7,203103.0973,6247.9220898,293274.735,300310.226,113425.3879,126555.616,540291.2299,534043.3078102,1.44396978135104,1.02398942070479,2.62941981146341,""
"2021","DAVIS COUNTY",2053,7,206178.2206,6409.4487987,295632.4785,302956.068,116074.8803,126481.508,545512.4563,539103.0075013,1.43386860959261,1.02477261475856,2.61474274990081,""
"2021","DAVIS COUNTY",2054,7,209366.69899,6567.9656307,297953.8355,305446.392,118966.1634,126217.95,550630.5054,544062.5397693,1.42311951679685,1.02514670263407,2.59861067874641,""
"2021","DAVIS COUNTY",2055,7,212649.51112,6714.5435235,300329.2072,307997.475,121848.2812,125787.573,555633.3292,548918.7856765,1.4123202335063,1.02553287398016,2.58133104931871,""
"2021","DAVIS COUNTY",2056,7,216047.21915,6846.5527095,302643.9671,310576.075,124774.2324,125241.177,560591.4844,553744.9316905,1.40082324730075,1.02620937062122,2.56307363672216,""
"2021","DAVIS COUNTY",2057,7,219541.68691,6971.2734715,304827.4619,313436.141,127464.1918,124617.694,565518.0268,558546.7533285,1.38847189429205,1.02824115336047,2.54414895498855,""
"2021","DAVIS COUNTY",2058,7,223102.4239,7094.629257,306923.717,316806.655,129700.2985,123931.297,570438.2505,563343.621243,1.3757076755812,1.03219998146966,2.52504482647622,""
"2021","DAVIS COUNTY",2059,7,226801.20326,7213.4116098,308926.8226,320795.176,131328.1921,123221.287,575344.6551,568131.2434902,1.36210398428025,1.03841800883495,2.50497455623684,""
"2021","DAVIS COUNTY",2060,7,230583.24307,7316.0570583,310889.4489,324983.327,132663.4314,122508.399,580155.1574,572839.1003417,1.34827424907724,1.04533405089773,2.48430498554398,""
"2021","DUCHESNE COUNTY",2020,7,6511.0002763,312.788197,11668.755477,10827.4586,2456.518979,6323.9329,19607.910479,19295.122282,1.79216018765568,0.927901747649245,2.96346513027102,""
"2021","DUCHESNE COUNTY",2021,7,6582.2198359,309.4368864,11659.243532,10905.5481,2519.058114,6313.0396,19737.645814,19428.2089276,1.77132393366892,0.935356403703945,2.95161957697567,""
"2021","DUCHESNE COUNTY",2022,7,6561.984076,312.598219,11720.409614,10742.4895,2611.5218581,6239.1037,19593.1150581,19280.5168391,1.78610759768019,0.916562633371458,2.93821451192135,""
"2021","DUCHESNE COUNTY",2023,7,6531.809318,314.6164403,11900.401285,10562.2298,2710.7951415,6142.3864,19415.4113415,19100.7949012,1.821914986435,0.887552406599371,2.92427319465115,""
"2021","DUCHESNE COUNTY",2024,7,6497.173361,316.8531098,12031.045105,10402.8241,2800.314685,6029.5406,19232.679385,18915.8262752,1.85173527571508,0.86466504025296,2.91139318965142,""
"2021","DUCHESNE COUNTY",2025,7,6475.2080025,321.02315,12086.39126,10271.5027,2876.132459,5919.1765,19066.811659,18745.788509,1.8665641714264,0.849840326946358,2.89500947332695,""
"2021","DUCHESNE COUNTY",2026,7,6456.518496,323.3007676,12105.354655,10214.4832,2932.319758,5786.8712,18933.674158,18610.3733904,1.87490435634926,0.843798756096833,2.88241618171305,""
"2021","DUCHESNE COUNTY",2027,7,6452.750432,326.3749613,12104.149594,10171.5348,2987.6265717,5683.8421,18843.0034717,18516.6285104,1.87581244952137,0.840334525032804,2.86957146499479,""
"2021","DUCHESNE COUNTY",2028,7,6467.741933,331.2126176,12125.736537,10176.2726,3042.6054147,5579.6755,18798.5535147,18467.3408971,1.8748021585604,0.839229235184891,2.85529959117186,""
"2021","DUCHESNE COUNTY",2029,7,6493.190076,336.2423232,12163.423568,10189.4245,3086.258213,5522.1636,18797.846313,18461.6039898,1.87325851016717,0.837710241942633,2.84322555996588,""
"2021","DUCHESNE COUNTY",2030,7,6517.874581,339.5061487,12180.107174,10236.4496,3109.800298,5450.0102,18796.260098,18456.7539493,1.86872377224099,0.840423606604301,2.83171357778233,""
"2021","DUCHESNE COUNTY",2031,7,6550.873239,343.6017612,12183.565299,10305.8844,3130.453954,5375.3574,18811.695754,18468.0939928,1.85983835352916,0.845884119063726,2.81918048464928,""
"2021","DUCHESNE COUNTY",2032,7,6573.418736,348.8025399,12223.823368,10369.9252,3141.533086,5319.6158,18831.074086,18482.2715461,1.85958385718758,0.848337290863249,2.8116680662499,""
"2021","DUCHESNE COUNTY",2033,7,6604.454838,353.2623672,12221.358599,10445.8238,3146.39221,5267.8767,18860.09271,18506.8303428,1.8504719766849,0.854718705402746,2.80217380491686,""
"2021","DUCHESNE COUNTY",2034,7,6642.337773,358.5734337,12231.116352,10477.6845,3159.089496,5262.3288,18899.102796,18540.5293623,1.84138729013713,0.856641715969509,2.79126566517954,""
"2021","DUCHESNE COUNTY",2035,7,6668.312952,362.1261349,12230.246687,10487.8048,3168.079268,5291.9897,18947.873768,18585.7476331,1.83408408918958,0.857530111076818,2.78717387244485,""
"2021","DUCHESNE COUNTY",2036,7,6691.717403,365.4329072,12242.794147,10486.472,3187.721402,5335.2777,19009.471102,18644.0381948,1.82954440686801,0.856542377016902,2.78613651354159,""
"2021","DUCHESNE COUNTY",2037,7,6721.307658,371.1714308,12267.213524,10503.3305,3211.478512,5366.8983,19081.707312,18710.5358812,1.82512304869708,0.856211598457215,2.78376423655148,""
"2021","DUCHESNE COUNTY",2038,7,6754.091229,376.1268111,12279.912347,10493.407,3232.180784,5436.2322,19161.819984,18785.6931729,1.81814428183526,0.854518070119902,2.78137983867319,""
"2021","DUCHESNE COUNTY",2039,7,6782.875445,380.6861426,12293.294016,10469.5776,3253.660192,5526.6429,19249.880692,18869.1945494,1.81240155678548,0.851649491696335,2.78188722502776,""
"2021","DUCHESNE COUNTY",2040,7,6817.196823,385.5453642,12325.099896,10510.3591,3281.664995,5558.8673,19350.891395,18965.3460308,1.8079425042295,0.852760560862557,2.78198598679362,""
"2021","DUCHESNE COUNTY",2041,7,6867.551422,390.3912817,12342.785417,10540.6968,3321.350859,5601.3346,19463.382259,19072.9909773,1.79726144859436,0.853996601567913,2.77726220093529,""
"2021","DUCHESNE COUNTY",2042,7,6927.406257,396.2298258,12362.894332,10562.3142,3383.1507,5640.1985,19585.6634,19189.4335742,1.784635384926,0.854356101116274,2.77007481043998,""
"2021","DUCHESNE COUNTY",2043,7,6983.289819,402.7706027,12401.824966,10597.3189,3443.5573,5676.4004,19717.2766,19314.5059973,1.77592872234192,0.854496731654647,2.76581761575318,""
"2021","DUCHESNE COUNTY",2044,7,7053.883709,409.9473802,12442.047324,10627.0183,3519.863477,5710.2962,19857.177977,19447.2305968,1.76385773246095,0.85412135344487,2.75695367248363,""
"2021","DUCHESNE COUNTY",2045,7,7123.559139,417.0591969,12485.454279,10632.3614,3628.109339,5740.249,20000.719739,19583.6605421,1.75269890168311,0.851579859443575,2.74913988358481,""
"2021","DUCHESNE COUNTY",2046,7,7185.579265,423.5514733,12533.441113,10646.1011,3737.531922,5766.999,20150.632022,19727.0805487,1.74424923179802,0.849415655606152,2.7453709466108,""
"2021","DUCHESNE COUNTY",2047,7,7259.467454,428.8435051,12576.245231,10686.2199,3828.640762,5791.3041,20306.164762,19877.3212569,1.73239226027116,0.849714656776797,2.73812388895655,""
"2021","DUCHESNE COUNTY",2048,7,7342.650205,434.3380203,12620.295913,10752.2887,3901.850225,5813.1014,20467.240325,20032.9023047,1.71876578083567,0.851983881687291,2.72829315647619,""
"2021","DUCHESNE COUNTY",2049,7,7431.645457,439.2071692,12664.729755,10817.7059,3983.823939,5832.5687,20634.098539,20194.8913698,1.70416226504332,0.854160026251583,2.71741856990474,""
"2021","DUCHESNE COUNTY",2050,7,7526.871082,443.5773683,12704.584544,10877.7546,4079.325751,5849.5952,20806.675551,20363.0981827,1.68789718936228,0.856207030015574,2.70538686804361,""
"2021","DUCHESNE COUNTY",2051,7,7626.634945,449.2988504,12750.062287,10938.0574,4184.880324,5863.6174,20986.555124,20537.2562736,1.67178085472137,0.857882663926472,2.69283326417297,""
"2021","DUCHESNE COUNTY",2052,7,7726.343684,455.9526467,12786.105359,11026.1766,4273.359263,5873.4953,21173.031163,20717.0785163,1.65487142197388,0.862356150713149,2.68135606745034,""
"2021","DUCHESNE COUNTY",2053,7,7837.257651,459.7862732,12822.498758,11131.0933,4358.728504,5877.8512,21367.673004,20907.8867308,1.63609508950671,0.868090807422015,2.66775543970183,""
"2021","DUCHESNE COUNTY",2054,7,7952.508961,462.506642,12852.402937,11230.4333,4461.484612,5877.4464,21569.364312,21106.85767,1.61614441430115,0.873800281165275,2.65411303193878,""
"2021","DUCHESNE COUNTY",2055,7,8077.304009,465.2710158,12877.513518,11379.8208,4528.12897,5875.9438,21783.89357,21318.6225542,1.5942836252853,0.883697057207003,2.63932402822106,""
"2021","DUCHESNE COUNTY",2056,7,8213.794646,468.6221535,12900.807078,11551.1613,4586.8293,5875.426,22013.4166,21544.7944465,1.57062693115691,0.895382841566434,2.62300135017279,""
"2021","DUCHESNE COUNTY",2057,7,8352.016866,473.2713855,12913.836808,11730.2229,4649.12595,5876.8634,22256.21225,21782.9408645,1.5461938134453,0.908345294617107,2.60810546889286,""
"2021","DUCHESNE COUNTY",2058,7,8500.636823,478.1964411,12922.898467,11926.3016,4708.79507,5881.7598,22516.85647,22038.6600289,1.52022710016675,0.922881320352016,2.59258929510674,""
"2021","DUCHESNE COUNTY",2059,7,8653.076153,481.869416,12927.5084,12171.2704,4739.89052,5893.7839,22804.94482,22323.075404,1.49397834613048,0.941501643116318,2.57978492379969,""
"2021","DUCHESNE COUNTY",2060,7,8822.300799,484.9629744,12923.576645,12474.6041,4740.33953,5917.673,23132.61663,22647.6536556,1.46487599317231,0.965259420257031,2.56709152992914,""
"2021","EMERY COUNTY",2020,7,3535.0000325,47.52249652,4979.5113021,5233.96042,1727.8227079,2862.4441,9824.2272279,9776.70473138,1.4086311899065,1.05109921485522,2.76568731018251,""
"2021","EMERY COUNTY",2021,7,3575.240886,46.4811223,5125.0049223,5290.91328,1756.6823117,2837.4115,9885.0070917,9838.5259694,1.43347122214019,1.03237233138608,2.75184981463092,""
"2021","EMERY COUNTY",2022,7,3598.590822,47.08241532,5126.949987,5312.74937,1791.7076847,2764.43635,9868.8934047,9821.81098938,1.42471046045479,1.03623974945555,2.72934920228616,""
"2021","EMERY COUNTY",2023,7,3636.323854,48.759091,5252.915358,5339.38266,1836.8450166,2691.95934,9868.1870166,9819.4279256,1.44456752723543,1.01646082148807,2.70037222201716,""
"2021","EMERY COUNTY",2024,7,3665.220759,49.633477,5279.315815,5393.02153,1873.9310749,2608.73055,9875.6831549,9826.0496779,1.44038140186688,1.02153796419546,2.68088890792512,""
"2021","EMERY COUNTY",2025,7,3702.581087,50.92769395,5232.415931,5453.12498,1911.5407206,2520.71002,9885.3757206,9834.44802665,1.41318064562349,1.04218109796899,2.65610605023058,""
"2021","EMERY COUNTY",2026,7,3737.8646,52.25400405,5209.813393,5515.52962,1946.0540246,2431.3558,9892.9394446,9840.68544055,1.39379403764385,1.05868084016421,2.63270249022664,""
"2021","EMERY COUNTY",2027,7,3776.120779,54.16792469,5212.843072,5582.35914,1968.7499974,2344.20643,9895.3155674,9841.14764271,1.3804757255091,1.07088570726113,2.60615277388351,""
"2021","EMERY COUNTY",2028,7,3801.155044,56.78418162,5121.134712,5636.50159,1985.7663685,2268.61007,9890.8780285,9834.09384688,1.34725751849653,1.10063529022042,2.58713305115054,""
"2021","EMERY COUNTY",2029,7,3821.560441,58.98824337,5116.543637,5677.63905,2002.236342,2199.56703,9879.442422,9820.45417863,1.33886241392564,1.10966297813674,2.56974979991688,""
"2021","EMERY COUNTY",2030,7,3846.458616,61.13950195,5038.245893,5722.8062,2005.0093625,2134.4618,9862.2773625,9801.13786055,1.30984014023771,1.13587274649519,2.5480939323721,""
"2021","EMERY COUNTY",2031,7,3856.807404,63.3544598,5010.402907,5756.67252,2000.9010242,2084.5076,9842.0811442,9778.7266844,1.29910632867059,1.14894403241651,2.53544594273964,""
"2021","EMERY COUNTY",2032,7,3886.503797,66.3739355,4980.264387,5768.59808,1998.7498122,2055.5796,9822.9274922,9756.5535567,1.28142532392334,1.15829153469398,2.51036768939506,""
"2021","EMERY COUNTY",2033,7,3911.970027,69.6978173,4965.164896,5791.25003,1986.279261,2028.3061,9805.835391,9736.1375737,1.26922365502061,1.16637617305832,2.48880679210276,""
"2021","EMERY COUNTY",2034,7,3934.40085,74.0168068,4966.589455,5806.70089,1983.7850278,2000.2906,9790.7765178,9716.759711,1.26234962942325,1.16915258299722,2.4696923576051,""
"2021","EMERY COUNTY",2035,7,3956.711441,77.0054047,4968.596124,5798.92904,1985.284654,1993.7064,9777.920094,9700.9146893,1.25573881191201,1.16711620250018,2.45176198314028,""
"2021","EMERY COUNTY",2036,7,3952.188823,78.8877329,4623.889312,5770.99637,1990.374407,1978.6179,9739.988677,9661.1009441,1.16995657826139,1.24808272443352,2.44449376706817,""
"2021","EMERY COUNTY",2037,7,3962.929295,82.506995,4638.82987,5738.96891,1997.467864,1969.7668,9706.203574,9623.696579,1.17055579968403,1.23715873848161,2.42843004823279,""
"2021","EMERY COUNTY",2038,7,3962.560848,85.859997,4644.4065,5720.67474,1996.806285,1963.2648,9680.745825,9594.885828,1.17207197016145,1.23173428940813,2.42138510827986,""
"2021","EMERY COUNTY",2039,7,3975.602383,89.3649938,4652.392275,5717.64206,1998.412375,1953.60985,9669.664285,9580.2992912,1.17023581002316,1.22896817852704,2.40977300249294,""
"2021","EMERY COUNTY",2040,7,3990.605111,92.1232051,4660.675661,5725.5581,1992.020705,1956.45867,9674.037475,9581.9142699,1.16791201618846,1.22848241681154,2.40111812704487,""
"2021","EMERY COUNTY",2041,7,4003.037458,94.2182213,4675.091808,5713.09262,2003.537038,1959.2342,9675.863858,9581.6456367,1.16788610075504,1.22202789905083,2.39359379901661,""
"2021","EMERY COUNTY",2042,7,4022.273989,96.7055613,4340.424188,5683.39583,2030.209557,1961.08725,9674.692637,9577.9870757,1.07909709777854,1.30941022900778,2.38123685802946,""
"2021","EMERY COUNTY",2043,7,4033.892556,98.4314831,4360.602644,5661.69734,2057.175577,1963.60666,9682.479577,9584.0480939,1.08099127169712,1.29837497296165,2.3758808547453,""
"2021","EMERY COUNTY",2044,7,4065.347073,102.3647701,4375.271047,5641.46454,2095.545406,1967.49389,9704.503836,9602.1390659,1.07623555097137,1.28939772631188,2.3619481666578,""
"2021","EMERY COUNTY",2045,7,4095.249625,105.0801393,4391.514338,5631.73062,2135.794324,1971.822,9739.346944,9634.2668047,1.07234350531196,1.28241198514789,2.35254689870096,""
"2021","EMERY COUNTY",2046,7,4129.336654,106.4949365,4405.657349,5633.96344,2179.919699,1976.80481,9790.687949,9684.1930125,1.06691648517743,1.27880200244779,2.34521760368439,""
"2021","EMERY COUNTY",2047,7,4171.599507,107.7817645,4423.59631,5644.42999,2227.24314,1980.85538,9852.52851,9744.7467455,1.06040771713036,1.27598216348092,2.33597370244871,""
"2021","EMERY COUNTY",2048,7,4210.571371,108.339632,4442.418829,5660.43495,2277.786535,1982.66087,9920.882355,9812.542723,1.05506318206523,1.27417858781095,2.33045395942773,""
"2021","EMERY COUNTY",2049,7,4254.309362,110.4275429,4460.46797,5685.4615,2325.571365,1981.69324,9992.726105,9882.2985621,1.04845877214324,1.27463341026973,2.32289138405633,""
"2021","EMERY COUNTY",2050,7,4303.26504,112.4434088,4477.94813,5726.84818,2361.479688,1977.72368,10066.051548,9953.6081392,1.04059315156661,1.2789000706893,2.31303627517212,""
"2021","EMERY COUNTY",2051,7,4360.552743,113.9919835,4494.343001,5768.50138,2401.279193,1971.01003,10140.790603,10026.7986195,1.03068194925856,1.28350270077662,2.29943294129306,""
"2021","EMERY COUNTY",2052,7,4405.020192,115.5953855,4502.740369,5811.19721,2444.059305,1962.57038,10217.826895,10102.2315095,1.02218382044592,1.29059122529212,2.2933451083486,""
"2021","EMERY COUNTY",2053,7,4456.475143,116.0242059,4515.556263,5858.06299,2483.000991,1951.95197,10293.015951,10176.9917451,1.01325736554209,1.2973070533968,2.2836415369859,""
"2021","EMERY COUNTY",2054,7,4510.291936,117.2216166,4524.665337,5909.42443,2515.125308,1939.42676,10363.976498,10246.7548814,1.0031868005894,1.30604674376164,2.27186067482972,""
"2021","EMERY COUNTY",2055,7,4566.246823,118.5754482,4536.090733,5946.81311,2561.39944,1926.7481,10434.96065,10316.3852018,0.993395869481232,1.31099959415208,2.25927016249686,""
"2021","EMERY COUNTY",2056,7,4625.160263,121.5177351,4547.604403,5967.23905,2623.048267,1914.49722,10504.784537,10383.2668019,0.983231746449864,1.3121719747794,2.24495286897694,""
"2021","EMERY COUNTY",2057,7,4671.51293,122.925349,4560.364857,5967.15632,2701.371857,1902.97706,10571.505237,10448.579888,0.976207264184967,1.30848221734729,2.23665866809449,""
"2021","EMERY COUNTY",2058,7,4716.792329,124.2192306,4571.081592,5978.46098,2760.869293,1891.47035,10630.800623,10506.5813924,0.969108087268516,1.30788761033343,2.22748441304124,""
"2021","EMERY COUNTY",2059,7,4748.060808,124.9453019,4579.872233,6009.46765,2793.614685,1880.11668,10683.199015,10558.2537131,0.964577417644564,1.31214744522765,2.22369808223821,""
"2021","EMERY COUNTY",2060,7,4788.711326,125.6249452,4594.69675,6034.74648,2826.646831,1869.48083,10730.874141,10605.2491958,0.959485013233809,1.31341561986653,2.21463531080261,""
"2021","GARFIELD COUNTY",2020,7,1880.999987,179.03025848,3352.216605,2763.69249,1121.631713,1198.32012,5083.644323,4904.61406452,1.78214600115252,0.824437324807058,2.60745034471922,""
"2021","GARFIELD COUNTY",2021,7,1880.80654,180.18214462,3451.168691,2756.22885,1127.2889185,1195.32281,5078.8405785,4898.65843388,1.83494081799609,0.79863637416152,2.60455199920774,""
"2021","GARFIELD COUNTY",2022,7,1884.021615,181.73856712,3456.529863,2733.39654,1149.166885,1185.12489,5067.688315,4885.94974788,1.83465509921976,0.790792108946984,2.59336183246496,""
"2021","GARFIELD COUNTY",2023,7,1890.7542921,182.22731315,3611.340677,2722.72989,1165.7690823,1164.46586,5052.9648323,4870.73751915,1.90999998894039,0.753938809301651,2.57608169369285,""
"2021","GARFIELD COUNTY",2024,7,1891.0630812,182.31937155,3773.689741,2714.39459,1184.5983112,1139.58237,5038.5752712,4856.25589965,1.99553879429837,0.719294583364637,2.56800312370775,""
"2021","GARFIELD COUNTY",2025,7,1896.0993499,181.52221907,3800.978597,2699.63246,1209.3643793,1118.6109,5027.6077393,4846.08552023,2.00463050483112,0.710246688084679,2.55581835439455,""
"2021","GARFIELD COUNTY",2026,7,1895.6871886,178.97966624,3807.018754,2690.84143,1223.2214738,1108.21474,5022.2776438,4843.29797756,2.00825261514351,0.706810657859974,2.55490357622603,""
"2021","GARFIELD COUNTY",2027,7,1901.8512026,178.67860791,3813.8039,2680.21497,1236.5989491,1107.119,5023.9329191,4845.25431119,2.00531140122118,0.702766854373399,2.54765162730192,""
"2021","GARFIELD COUNTY",2028,7,1918.4695706,180.18192003,3830.775628,2685.05643,1246.2147648,1101.73907,5033.0102648,4852.82834477,1.99678727601706,0.700917174677191,2.52953104867453,""
"2021","GARFIELD COUNTY",2029,7,1927.8882631,181.0047372,3849.433689,2688.51304,1250.8788371,1109.63247,5049.0243471,4868.0196099,1.99670995600658,0.698417808230493,2.52505277565845,""
"2021","GARFIELD COUNTY",2030,7,1925.8764401,181.02141621,3868.929978,2713.08032,1241.5370577,1115.94095,5070.5583277,4889.53691149,2.0089191068764,0.701248235410685,2.538863246718,""
"2021","GARFIELD COUNTY",2031,7,1934.8106138,183.29654976,3874.073104,2737.65026,1234.0043224,1123.56525,5095.2198324,4911.92328264,2.0023009365197,0.706659421881679,2.53871011850245,""
"2021","GARFIELD COUNTY",2032,7,1955.7171806,186.27147595,3870.009603,2765.5931,1223.6176457,1130.42268,5119.6334257,4933.36194975,1.97881863563356,0.714621766792551,2.52253342082748,""
"2021","GARFIELD COUNTY",2033,7,1961.346291,186.93866678,3866.962388,2783.71672,1214.1315815,1146.1941,5144.0424015,4957.10373472,1.9715857448245,0.719871682392997,2.52739853103278,""
"2021","GARFIELD COUNTY",2034,7,1964.868485,186.16903757,3871.158866,2798.70408,1208.1254895,1160.78239,5167.6119595,4981.44292193,1.97018726472169,0.722962858636657,2.5352551379183,""
"2021","GARFIELD COUNTY",2035,7,1971.635535,187.16546347,3868.950852,2826.09937,1198.1082071,1166.43791,5190.6454871,5003.48002363,1.96230529594305,0.730456260135506,2.537730698605,""
"2021","GARFIELD COUNTY",2036,7,1990.936935,189.14691017,3865.999279,2839.98677,1195.4331258,1177.41391,5212.8338058,5023.68689563,1.94179896461663,0.734606130277036,2.52327776300458,""
"2021","GARFIELD COUNTY",2037,7,2006.723414,190.64598604,3867.240392,2848.87556,1195.437576,1189.96102,5234.274156,5043.62816996,1.92714171022275,0.736668857176128,2.5133648886403,""
"2021","GARFIELD COUNTY",2038,7,2002.990634,191.07351088,3859.705626,2861.7853,1192.60569,1200.32242,5254.71341,5063.63989912,1.92697137993707,0.741451700544792,2.52803972877688,""
"2021","GARFIELD COUNTY",2039,7,2002.399793,192.82773764,3853.857715,2878.52162,1190.338262,1205.79537,5274.655252,5081.82751436,1.92461951328218,0.746919536960643,2.53786857755633,""
"2021","GARFIELD COUNTY",2040,7,2013.221431,195.12530056,3848.61566,2896.46107,1187.902101,1209.75861,5294.121781,5098.99648044,1.91167032137559,0.752598161490618,2.53275491802571,""
"2021","GARFIELD COUNTY",2041,7,2033.374776,196.05579852,3845.846687,2916.80484,1182.651469,1214.44014,5313.896449,5117.84065048,1.89136146095283,0.758429827652669,2.51691951276571,""
"2021","GARFIELD COUNTY",2042,7,2057.089981,197.86891659,3846.606063,2936.37833,1178.369454,1218.95955,5333.707334,5135.83841741,1.86992601127252,0.763368611682033,2.4966522927273,""
"2021","GARFIELD COUNTY",2043,7,2063.445668,198.38793178,3849.089219,2955.00111,1175.269182,1222.98484,5353.255132,5154.86720022,1.86536979320165,0.767714371340999,2.49818411997073,""
"2021","GARFIELD COUNTY",2044,7,2086.013928,199.50919671,3853.822203,2967.31061,1178.646096,1226.40086,5372.357566,5172.84836929,1.84745756069564,0.769965622101119,2.47977652491014,""
"2021","GARFIELD COUNTY",2045,7,2109.43916,198.51370082,3862.450778,2975.16895,1187.068021,1229.21427,5391.451241,5192.93754018,1.83103208248016,0.770280094427653,2.46176217766812,""
"2021","GARFIELD COUNTY",2046,7,2127.426239,196.92448451,3869.278627,2984.87505,1195.005436,1231.47776,5411.358246,5214.43376149,1.81876041390688,0.771429338060952,2.45105266913557,""
"2021","GARFIELD COUNTY",2047,7,2148.020028,197.1530755,3881.023112,2994.52073,1203.771723,1233.38365,5431.676103,5234.5230275,1.80679093370167,0.771580236340525,2.43690606198575,""
"2021","GARFIELD COUNTY",2048,7,2168.679748,197.0042121,3892.568814,3008.23747,1209.61966,1235.08449,5452.94162,5255.9374079,1.79490255192811,0.772815488625553,2.42356549543432,""
"2021","GARFIELD COUNTY",2049,7,2192.348315,198.2802878,3903.371716,3029.63642,1208.891707,1236.79168,5475.319807,5277.0395192,1.78045235298297,0.77615882893793,2.40702605653244,""
"2021","GARFIELD COUNTY",2050,7,2218.594055,199.7357079,3907.4110217,3053.63019,1206.922094,1238.61528,5499.167564,5299.4318561,1.76121044446772,0.781497050871156,2.38864421553676,""
"2021","GARFIELD COUNTY",2051,7,2234.828868,200.2658512,3906.1147791,3070.21793,1214.278899,1240.60656,5525.103389,5324.8375378,1.74783619230571,0.786002998792422,2.38266008375188,""
"2021","GARFIELD COUNTY",2052,7,2260.326248,202.0321431,3900.3977135,3081.54179,1228.822709,1242.86343,5553.227929,5351.1957859,1.72559059425655,0.790058352083997,2.36744398762563,""
"2021","GARFIELD COUNTY",2053,7,2282.670264,202.8174522,3896.1271032,3099.33517,1239.559122,1245.34997,5584.244262,5381.4268098,1.70682869297674,0.795491288632352,2.3575138707813,""
"2021","GARFIELD COUNTY",2054,7,2310.351154,203.0072008,3892.2005878,3109.5882,1260.896867,1248.13423,5618.619297,5415.6120962,1.68467922335584,0.798928043366244,2.34406448856216,""
"2021","GARFIELD COUNTY",2055,7,2333.142738,201.4107699,3887.9108656,3123.81479,1281.526202,1251.56881,5656.909802,5455.4990321,1.66638363023291,0.803468726003809,2.33826201168323,""
"2021","GARFIELD COUNTY",2056,7,2368.503377,201.5371421,3882.5043034,3143.53931,1300.563374,1255.85945,5699.962134,5498.4249919,1.63922261673854,0.80966795252413,2.32147652618694,""
"2021","GARFIELD COUNTY",2057,7,2404.920797,201.4769242,3878.6907928,3160.76034,1326.590926,1261.07337,5748.424636,5546.9477118,1.61281435864268,0.814903922186143,2.30649912409569,""
"2021","GARFIELD COUNTY",2058,7,2440.141017,202.0184554,3872.5546385,3187.60127,1348.762097,1267.42247,5803.785837,5601.7673816,1.58702083671421,0.823126222238323,2.29567362811147,""
"2021","GARFIELD COUNTY",2059,7,2487.512694,203.4705725,3863.5237393,3226.84399,1365.126868,1275.21781,5867.188668,5663.7180955,1.55316744658992,0.835207496508005,2.27685997710129,""
"2021","GARFIELD COUNTY",2060,7,2524.597961,204.2341171,3855.1927222,3275.55307,1380.233418,1284.96381,5940.750298,5736.5161809,1.52705214127359,0.849647036097012,2.27224939159333,""
"2021","GRAND COUNTY",2020,7,4005.999988,139.12568648,7534.251555,5831.7323,1790.975852,2041.70822,9664.416372,9525.29068552,1.88074178171965,0.774029411870361,2.3777560444466,""
"2021","GRAND COUNTY",2021,7,4046.117385,139.6925867,7855.757196,5800.796,1882.282403,2021.43896,9704.517363,9564.8247763,1.94155444553421,0.738413351542185,2.36395138009571,""
"2021","GRAND COUNTY",2022,7,4065.980824,139.16009709,8127.475245,5739.83311,1959.184988,1965.13449,9664.152588,9524.99249091,1.99889660005932,0.706225849599619,2.34260634843319,""
"2021","GRAND COUNTY",2023,7,4075.010649,139.1256147,8480.540915,5681.76169,2024.755418,1906.22592,9612.743028,9473.6174133,2.08110889650831,0.669976331338766,2.32480801384527,""
"2021","GRAND COUNTY",2024,7,4095.506201,139.00054023,8824.077875,5637.54538,2081.566255,1848.80501,9567.916645,9428.91610477,2.15457563532572,0.638882097354563,2.30225902294269,""
"2021","GRAND COUNTY",2025,7,4125.493188,139.80671112,8941.752579,5599.10685,2141.098647,1803.09989,9543.305387,9403.49867588,2.16743845439116,0.626175551216848,2.27936352027737,""
"2021","GRAND COUNTY",2026,7,4153.616619,140.29232996,9012.034963,5591.88528,2194.287129,1762.3731,9548.545509,9408.25317904,2.1696838658089,0.620490855057505,2.26507500379394,""
"2021","GRAND COUNTY",2027,7,4179.178457,140.9185913,9077.888524,5627.39118,2239.143157,1722.74552,9589.279857,9448.3612657,2.17217058744998,0.619900890512411,2.26081785281848,""
"2021","GRAND COUNTY",2028,7,4235.161041,142.0407758,9173.066299,5694.48559,2282.12455,1690.52488,9667.13502,9525.0942442,2.16593093159784,0.620783215163373,2.24905125259439,""
"2021","GRAND COUNTY",2029,7,4316.436271,143.17774909,9253.656526,5790.18948,2322.782678,1666.72722,9779.699378,9636.52162891,2.1438186376504,0.625719083448938,2.23251799028125,""
"2021","GRAND COUNTY",2030,7,4392.180584,144.8707085,9347.972422,5907.93682,2353.486072,1659.05918,9920.482072,9775.6113635,2.12832151211021,0.632001952219709,2.22568520955422,""
"2021","GRAND COUNTY",2031,7,4482.419913,146.882278,9396.537868,6042.27537,2374.898756,1661.69664,10078.870766,9931.988488,2.09630914782169,0.643032088507516,2.21576485040928,""
"2021","GRAND COUNTY",2032,7,4563.746952,149.2178152,9433.713611,6182.5506,2399.576652,1657.95526,10240.082512,10090.8646968,2.06709830983635,0.655367637278172,2.21109207038261,""
"2021","GRAND COUNTY",2033,7,4638.043702,150.5203368,9458.630411,6318.19045,2427.873775,1655.59684,10401.661065,10251.1407282,2.03935775916067,0.667981533843653,2.21022943871347,""
"2021","GRAND COUNTY",2034,7,4725.602722,151.4799153,9492.783221,6430.38476,2459.925414,1670.2139,10560.524074,10409.0441587,2.00879840719713,0.677397198513357,2.20269133294697,""
"2021","GRAND COUNTY",2035,7,4814.943859,152.9135563,9522.609337,6522.89413,2502.426188,1688.63969,10713.960008,10561.0464517,1.97771970262966,0.68499020585202,2.19338932310903,""
"2021","GRAND COUNTY",2036,7,4887.169811,154.8133262,9552.136914,6576.28639,2560.448598,1724.94531,10861.680298,10706.8669718,1.95453345871063,0.688462325153812,2.19081132554491,""
"2021","GRAND COUNTY",2037,7,4957.377253,156.2276427,9591.611299,6609.71679,2620.08626,1772.51709,11002.32014,10846.0924973,1.93481569174417,0.689114329590182,2.18786909766377,""
"2021","GRAND COUNTY",2038,7,5029.392672,156.9658958,9614.549575,6631.85759,2679.582232,1822.94579,11134.385612,10977.4197162,1.91167208488747,0.689773092152369,2.18265314166346,""
"2021","GRAND COUNTY",2039,7,5089.389758,159.0657716,9630.927815,6667.24627,2740.630213,1850.58357,11258.460053,11099.3942814,1.89235414714724,0.692274555273468,2.18088902779609,""
"2021","GRAND COUNTY",2040,7,5151.757349,160.3854147,9657.406909,6672.52695,2801.496491,1900.94854,11374.971981,11214.5865663,1.87458497261611,0.69092324812178,2.1768468129573,""
"2021","GRAND COUNTY",2041,7,5227.135669,161.0703585,9686.265777,6675.90215,2854.583425,1955.46366,11485.949235,11324.8788765,1.85307334463218,0.689213191512038,2.16655537442107,""
"2021","GRAND COUNTY",2042,7,5323.795564,161.9801358,9715.834793,6666.22411,2915.618687,2008.77486,11590.617657,11428.6375212,1.82498269818987,0.686119541143581,2.14670856230497,""
"2021","GRAND COUNTY",2043,7,5404.239901,164.382776,9757.139005,6651.36167,2982.038461,2059.55451,11692.954641,11528.571865,1.80546000616933,0.681691801930006,2.13324576188166,""
"2021","GRAND COUNTY",2044,7,5468.811686,165.9127819,9801.518473,6636.87656,3051.412326,2106.59628,11794.885166,11628.9723841,1.79225744746187,0.677127383709212,2.12641667912425,""
"2021","GRAND COUNTY",2045,7,5534.048302,165.5709872,9856.040802,6612.51909,3135.589771,2148.7024,11896.811261,11731.2402738,1.78098207029347,0.670910279577798,2.11982975818269,""
"2021","GRAND COUNTY",2046,7,5615.232503,166.8500815,9909.520828,6595.152,3221.282121,2185.7472,12002.181321,11835.3312395,1.76475699317984,0.665536922972599,2.10771882253795,""
"2021","GRAND COUNTY",2047,7,5710.62924,166.9133057,9981.200098,6583.09299,3310.260167,2217.6419,12110.995057,11944.0817513,1.74782842284469,0.659549245117238,2.09155265546534,""
"2021","GRAND COUNTY",2048,7,5792.884896,168.6887876,10056.249764,6576.44164,3404.205069,2244.839,12225.485709,12056.7969214,1.73596574842077,0.653965622805309,2.08131132205393,""
"2021","GRAND COUNTY",2049,7,5887.535478,169.7816511,10121.446824,6588.51731,3489.981525,2268.0045,12346.503335,12176.7216839,1.71913135161918,0.650946196187811,2.06822051933289,""
"2021","GRAND COUNTY",2050,7,5950.88001,171.0122142,10175.681868,6611.48716,3575.237071,2287.5873,12474.311531,12303.2993168,1.70994573086679,0.649734066548551,2.06747561640047,""
"2021","GRAND COUNTY",2051,7,6030.467795,171.5662607,10222.634647,6644.32673,3661.886266,2304.5897,12610.802696,12439.2364353,1.69516445398744,0.649962261142717,2.06273159200247,""
"2021","GRAND COUNTY",2052,7,6132.749232,173.2935882,10273.418258,6696.58146,3738.781762,2320.0622,12755.425422,12582.1318338,1.67517337972902,0.651835766034865,2.05162992286524,""
"2021","GRAND COUNTY",2053,7,6220.588403,174.9051489,10319.272906,6767.98977,3805.11707,2335.0383,12908.14514,12733.2399911,1.65889016238775,0.655859170665488,2.04695105449497,""
"2021","GRAND COUNTY",2054,7,6314.529861,175.6857195,10366.596874,6843.6068,3874.502048,2349.6943,13067.803148,12892.1174285,1.64170525790471,0.66015944124963,2.04165911196726,""
"2021","GRAND COUNTY",2055,7,6435.784302,178.1847674,10411.795232,6928.99812,3939.467816,2364.1951,13232.661036,13054.4762686,1.61779741884208,0.665495043420001,2.02842041560392,""
"2021","GRAND COUNTY",2056,7,6538.443189,181.5649386,10465.319263,7021.51899,4002.650154,2379.081,13403.250144,13221.6852054,1.60058273208008,0.67093213437114,2.02214576516373,""
"2021","GRAND COUNTY",2057,7,6646.009456,183.7058731,10517.233058,7115.87283,4067.788418,2394.5046,13578.165848,13394.4599749,1.58248842822591,0.676591722438562,2.01541392072615,""
"2021","GRAND COUNTY",2058,7,6767.590641,184.9819621,10558.941551,7222.31055,4124.296863,2410.3487,13756.956113,13571.9741509,1.56022166692987,0.683999481871931,2.00543662742795,""
"2021","GRAND COUNTY",2059,7,6888.001066,187.926738,10595.867752,7348.24524,4163.21241,2426.4325,13937.89015,13749.963412,1.5383080882932,0.693501033798105,1.9962196986106,""
"2021","GRAND COUNTY",2060,7,6999.656389,191.3748954,10634.461584,7483.21662,4193.485807,2442.4815,14119.183927,13927.8090316,1.51928337521141,0.703676115700941,1.98978467764327,""
"2021","IRON COUNTY",2020,7,18731.000334,1224.0171371,30263.48852,33675.0602,7645.835584,16337.5358,57658.431584,56434.4144469,1.61568992474292,1.11272896307858,3.01288844378812,""
"2021","IRON COUNTY",2021,7,19990.232486,1277.2515547,31420.551,35931.8144,8057.632864,17242.5515,61231.998764,59954.7472093,1.57179517656961,1.14357683924766,2.999202097889,""
"2021","IRON COUNTY",2022,7,20839.560038,1315.0315885,31723.16722,37256.5042,8540.711287,17572.1772,63369.392687,62054.3610985,1.52225705159582,1.17442574197041,2.97771934653835,""
"2021","IRON COUNTY",2023,7,21747.082864,1352.1918373,32583.25362,38700.3092,9067.264761,17864.9257,65632.499661,64280.3078237,1.49828157752312,1.18773618041156,2.9558128888224,""
"2021","IRON COUNTY",2024,7,22655.536825,1389.2389469,33347.01436,40151.5295,9616.852444,18119.8305,67888.212444,66498.9734971,1.4719145530554,1.20405170509544,2.93521950112078,""
"2021","IRON COUNTY",2025,7,23538.703396,1431.0679788,33896.39763,41540.3717,10156.168768,18331.0065,70027.546968,68596.4789892,1.44002824028787,1.22550992448928,2.91419955615978,""
"2021","IRON COUNTY",2026,7,24366.199209,1472.3329359,34346.69611,42840.439,10680.305294,18451.0796,71971.823894,70499.4909581,1.40960417401962,1.24729432090928,2.89333146927815,""
"2021","IRON COUNTY",2027,7,25108.100729,1506.9723291,34753.27732,44016.1323,11172.969609,18485.0389,73674.140809,72167.1684799,1.3841460051122,1.26653184085949,2.87425836222437,""
"2021","IRON COUNTY",2028,7,25767.240307,1534.0775316,35280.52303,45064.9235,11648.403857,18404.3714,75117.698757,73583.6212254,1.36920068310209,1.27733150275805,2.85570438854525,""
"2021","IRON COUNTY",2029,7,26346.28963,1555.1668914,35819.80521,45940.3867,12105.067781,18269.76,76315.214481,74760.0475896,1.35957684034615,1.28254149989555,2.83759302123788,""
"2021","IRON COUNTY",2030,7,26880.980332,1577.0180248,36442.64563,46648.6322,12510.03795,18153.3807,77312.05085,75735.0328252,1.35570374219639,1.2800561373513,2.81742078933939,""
"2021","IRON COUNTY",2031,7,27399.681978,1598.0022935,36940.10716,47278.4247,12859.92168,18043.334,78181.68038,76583.6780865,1.34819474144482,1.27986701541556,2.79505718891158,""
"2021","IRON COUNTY",2032,7,27919.488304,1620.9336651,37453.02179,47888.8296,13178.01503,17962.0717,79028.91633,77407.9826649,1.34146519385293,1.27863727174042,2.77254302879934,""
"2021","IRON COUNTY",2033,7,28429.84809,1638.4978827,37940.58275,48508.1626,13477.37003,17886.698,79872.23063,78233.7327473,1.33453343225374,1.27852971894587,2.75181677016481,""
"2021","IRON COUNTY",2034,7,28906.187065,1650.7602377,38482.71803,49072.3684,13769.36308,17855.5543,80697.28578,79046.5255423,1.33129692766001,1.27517937692823,2.73458845902269,""
"2021","IRON COUNTY",2035,7,29357.709299,1665.3786199,38977.75548,49608.2942,14071.33826,17831.7706,81511.40306,79846.0244401,1.32768381494014,1.27273347551925,2.71976344022249,""
"2021","IRON COUNTY",2036,7,29774.20126,1672.6787493,39470.46454,50045.1476,14382.75778,17878.0477,82305.95308,80633.2743307,1.32565989580471,1.26791382324075,2.70815910816813,""
"2021","IRON COUNTY",2037,7,30188.64779,1686.6741199,39970.38677,50397.7238,14680.56655,18000.4075,83078.69785,81392.0237301,1.32402044132762,1.26087656068983,2.69611359529197,""
"2021","IRON COUNTY",2038,7,30594.04634,1702.1789597,40422.48814,50789.0092,14941.78224,18091.2651,83822.05654,82119.8775803,1.32125341286255,1.2564543039532,2.68417837469681,""
"2021","IRON COUNTY",2039,7,30994.27976,1721.8415836,40863.18268,51067.9067,15167.737,18310.2702,84545.9139,82824.0723164,1.31841046142767,1.24972905561256,2.67223735985275,""
"2021","IRON COUNTY",2040,7,31354.07399,1741.1914971,41286.52524,51341.5365,15394.43616,18511.7404,85247.71306,83506.5215629,1.31678343468756,1.24354220176074,2.66333879257711,""
"2021","IRON COUNTY",2041,7,31795.88851,1767.1957569,41690.67019,51561.8745,15625.81559,18740.9677,85928.65779,84161.4620331,1.31119689191538,1.2367725024571,2.6469290835081,""
"2021","IRON COUNTY",2042,7,32217.18416,1796.5256436,42108.83602,51730.9649,15870.70073,18983.0369,86584.70253,84788.1768864,1.30703030441379,1.22850617090033,2.63176870037173,""
"2021","IRON COUNTY",2043,7,32633.54636,1830.7080271,42538.78837,51837.662,16153.39812,19224.3307,87215.39082,85384.6827929,1.30352943871712,1.21859751972997,2.61646962456887,""
"2021","IRON COUNTY",2044,7,33044.72797,1866.6520024,42984.82747,51922.8642,16438.84399,19456.0505,87817.75869,85951.1066876,1.30080742407758,1.20793468896061,2.60105354069283,""
"2021","IRON COUNTY",2045,7,33449.57036,1903.2570188,43451.72428,52008.2507,16725.07258,19669.5078,88402.83108,86499.5740612,1.29902189512009,1.19692029630084,2.58596965910925,""
"2021","IRON COUNTY",2046,7,33841.02303,1947.2126933,43904.38172,52099.8946,17025.7978,19856.683,88982.3754,87035.1627067,1.29737158599132,1.18666731107311,2.57188332130336,""
"2021","IRON COUNTY",2047,7,34222.68179,1993.925124,44373.3471,52232.1987,17309.25138,20014.905,89556.35508,87562.429956,1.29660636686182,1.17710747810593,2.55860807441415,""
"2021","IRON COUNTY",2048,7,34584.85902,2040.6172329,44833.94678,52397.5074,17597.30564,20138.007,90132.82004,88092.2028071,1.29634609046904,1.1687016460343,2.54713204862733,""
"2021","IRON COUNTY",2049,7,34947.66898,2087.9018753,45305.91444,52594.607,17891.83793,20226.022,90712.46693,88624.5650547,1.29639302884344,1.16087728611355,2.53592206980724,""
"2021","IRON COUNTY",2050,7,35320.5856,2133.3360184,45725.8599,52805.3743,18214.03294,20279.402,91298.80924,89165.4732216,1.29459518077752,1.15482517803892,2.52446191666766,""
"2021","IRON COUNTY",2051,7,35717.96739,2183.6474181,46152.1067,53022.0812,18579.2435,20300.341,91901.6657,89718.0182819,1.29212578633243,1.14885505757422,2.51184557346952,""
"2021","IRON COUNTY",2052,7,36133.69408,2233.2721643,46501.83524,53243.5162,18981.6653,20295.278,92520.4595,90287.1873357,1.28693831129042,1.14497666436616,2.49869795033423,""
"2021","IRON COUNTY",2053,7,36580.58976,2284.8235643,46841.30612,53452.2583,19426.4046,20281.058,93159.7209,90874.8973357,1.28049619832045,1.14113509480423,2.48423816925635,""
"2021","IRON COUNTY",2054,7,37031.29318,2334.631015,47189.27143,53586.0443,19970.3391,20262.027,93818.4104,91483.779385,1.27430795356307,1.13555566077109,2.47044517025965,""
"2021","IRON COUNTY",2055,7,37491.3884,2377.543607,47571.77917,53626.2636,20623.8318,20241.882,94491.9774,92114.433793,1.26887216505431,1.12727050649849,2.45694912149479,""
"2021","IRON COUNTY",2056,7,37961.62094,2415.0771394,47962.18049,53589.7911,21369.8923,20223.453,95183.1364,92768.0592606,1.26343868629336,1.1173343361896,2.44373282708934,""
"2021","IRON COUNTY",2057,7,38432.77744,2451.8975312,48347.46874,53634.9728,22046.1889,20209.612,95890.7737,93438.8761688,1.25797488395104,1.10936465130025,2.43122882062515,""
"2021","IRON COUNTY",2058,7,38938.87865,2490.1307046,48747.13932,53799.8653,22617.6991,20198.76,96616.3244,94126.1936954,1.25188862674144,1.1036517434763,2.41728054219147,""
"2021","IRON COUNTY",2059,7,39469.18391,2528.863505,49160.41969,54094.382,23065.9219,20193.508,97353.8119,94824.948395,1.24553929977621,1.10036452782773,2.40250592997376,""
"2021","IRON COUNTY",2060,7,40003.63923,2562.8748517,49602.51806,54435.6385,23465.78,20196.741,98098.1595,95535.2846483,1.23995013990631,1.09743699773777,2.38816483917931,""
"2021","JUAB COUNTY",2020,7,3528.9999586,142.4586354,5553.4453,6364.8211,1430.585669,4035.8429,11831.249669,11688.7910336,1.57365978043341,1.14610314069358,3.31221058960768,""
"2021","JUAB COUNTY",2021,7,3605.6087219,145.0679119,5819.099322,6501.2819,1476.9321467,4070.5318,12048.7458467,11903.6779348,1.61390205394599,1.11723164363614,3.30143364211946,""
"2021","JUAB COUNTY",2022,7,3688.8755045,147.6041627,5959.412591,6663.2363,1512.5781919,4095.2919,12271.1063919,12123.5022292,1.61550927477227,1.11810286639038,3.28650349257131,""
"2021","JUAB COUNTY",2023,7,3773.4808138,149.2814788,6109.34967,6839.4139,1546.1095663,4118.1096,12503.6330663,12354.3515875,1.61902232221706,1.11949949985429,3.27399348164668,""
"2021","JUAB COUNTY",2024,7,3862.7437283,151.4505045,6224.259901,7046.4947,1573.1416733,4127.7998,12747.4361733,12595.9856688,1.6113571955081,1.1321016172329,3.26089084722779,""
"2021","JUAB COUNTY",2025,7,3966.9569184,154.1361995,6324.490815,7253.0021,1603.7013488,4146.2352,13002.9386488,12848.8024493,1.59429279044222,1.14681202205209,3.23895689154152,""
"2021","JUAB COUNTY",2026,7,4079.05895,156.6769002,6389.204901,7479.5793,1642.7443249,4147.7917,13270.1153249,13113.4384247,1.56634286959741,1.17065885597586,3.21481954182104,""
"2021","JUAB COUNTY",2027,7,4194.0520456,159.2813197,6470.575435,7718.9316,1686.7825691,4142.7417,13548.4558691,13389.1745494,1.5427980780039,1.19292815261028,3.19241974201218,""
"2021","JUAB COUNTY",2028,7,4315.38531,161.9267014,6555.153374,7946.4631,1736.3090033,4154.1898,13836.9619033,13675.0352019,1.51901925392613,1.21224670829494,3.16890247788789,""
"2021","JUAB COUNTY",2029,7,4442.9059522,165.1070525,6657.053844,8175.8954,1785.7324937,4172.4246,14134.0524937,13968.9454412,1.49835578687044,1.22815521574441,3.14410108867665,""
"2021","JUAB COUNTY",2030,7,4566.9381951,168.0637497,6742.47306,8401.8163,1831.5835175,4204.5513,14437.9511175,14269.8873678,1.47636617181161,1.24610305821526,3.12460706893528,""
"2021","JUAB COUNTY",2031,7,4693.6513749,171.8984802,6816.268303,8608.0258,1879.5791753,4258.3912,14745.9961753,14574.0976951,1.452231484309,1.26286487229551,3.10506608416576,""
"2021","JUAB COUNTY",2032,7,4815.307477,175.3805996,6899.281342,8828.4373,1931.537367,4294.9385,15054.913167,14879.5325674,1.43278105810563,1.27961694303667,3.09004827593484,""
"2021","JUAB COUNTY",2033,7,4952.5581049,179.8910291,6992.006232,9049.8832,1980.2118473,4337.2875,15367.3825473,15187.4915182,1.41179691058691,1.29431852600214,3.06659532235951,""
"2021","JUAB COUNTY",2034,7,5098.1112522,184.5008563,7087.791674,9279.0779,2038.366949,4362.736,15680.180849,15495.6799927,1.39027795263224,1.30916346399376,3.03949428055598,""
"2021","JUAB COUNTY",2035,7,5244.8763572,189.1517235,7171.759136,9490.364,2107.5645014,4397.0668,15994.9953014,15805.8435779,1.36738383282474,1.32329653297492,3.01357791899179,""
"2021","JUAB COUNTY",2036,7,5385.1447824,193.6681018,7249.781761,9678.5857,2193.3401767,4440.3128,16312.2386767,16118.5705749,1.34625568187026,1.33501752453649,2.99315454388144,""
"2021","JUAB COUNTY",2037,7,5528.1341748,197.5947827,7334.429871,9860.1195,2282.796946,4487.4084,16630.324846,16432.7300633,1.32674599405239,1.34436073061199,2.97256353476524,""
"2021","JUAB COUNTY",2038,7,5673.3450688,201.4047242,7413.136956,10028.2682,2369.443102,4551.2789,16948.990202,16747.5854778,1.3066606853808,1.35276985431699,2.95197723295586,""
"2021","JUAB COUNTY",2039,7,5803.782651,204.786302,7490.728832,10237.0025,2451.71263,4578.1341,17266.84923,17062.062928,1.29066322473488,1.36662302555501,2.93981769373465,""
"2021","JUAB COUNTY",2040,7,5942.956147,208.8576593,7562.88959,10423.4125,2526.743662,4636.2972,17586.453362,17377.5957027,1.27258041333819,1.37823147832044,2.92406594847115,""
"2021","JUAB COUNTY",2041,7,6100.672264,212.2103166,7639.6133,10586.3679,2613.263377,4705.0415,17904.672777,17692.4624604,1.25225761512895,1.38572038718242,2.90008407184943,""
"2021","JUAB COUNTY",2042,7,6267.551906,216.1477561,7715.360647,10727.7874,2717.239931,4775.0367,18220.064031,18003.9162749,1.23100067820962,1.39044535839959,2.87255958066572,""
"2021","JUAB COUNTY",2043,7,6440.312389,220.1193268,7799.889995,10856.1702,2832.466503,4843.7646,18532.401303,18312.2819762,1.21110429492864,1.39183632166084,2.84338412022951,""
"2021","JUAB COUNTY",2044,7,6612.750473,225.0437669,7883.77433,10978.8409,2951.789879,4908.8681,18839.498879,18614.4551121,1.19220804749697,1.39258690576954,2.81493384456335,""
"2021","JUAB COUNTY",2045,7,6779.090142,229.0958996,7966.477763,11097.9923,3075.750578,4970.22,19143.962878,18914.8669784,1.17515442281015,1.39308645930629,2.79017782360092,""
"2021","JUAB COUNTY",2046,7,6935.668377,232.6421401,8045.598331,11225.203,3195.357252,5026.8363,19447.396552,19214.7544119,1.16003215460542,1.3951980372608,2.77042577116573,""
"2021","JUAB COUNTY",2047,7,7097.825763,236.5864066,8119.208205,11372.529,3296.793375,5077.6625,19746.984875,19510.3984684,1.1439007487792,1.40069434270654,2.74878520829647,""
"2021","JUAB COUNTY",2048,7,7267.599547,240.9570935,8193.993123,11527.7446,3393.217243,5121.7274,20042.689243,19801.7321495,1.12746899027787,1.40685309676943,2.7246592250221,""
"2021","JUAB COUNTY",2049,7,7439.603751,246.2873679,8266.982017,11689.179,3485.268729,5158.4161,20332.863829,20086.5764611,1.11121267928938,1.41395965008303,2.69995246163481,""
"2021","JUAB COUNTY",2050,7,7605.245793,251.5307938,8332.968796,11855.6921,3573.505697,5187.9137,20617.111497,20365.5807032,1.09568698011967,1.42274528925285,2.67783333471547,""
"2021","JUAB COUNTY",2051,7,7782.725165,257.8296214,8396.043099,12025.5778,3663.859424,5211.8245,20901.261724,20643.4321026,1.07880503563947,1.43229109929561,2.6524683404518,""
"2021","JUAB COUNTY",2052,7,7955.753491,263.5507369,8454.925092,12198.8048,3754.839289,5230.215,21183.859089,20920.3083521,1.06274347257801,1.4428045981794,2.62958227347871,""
"2021","JUAB COUNTY",2053,7,8135.155731,268.8882191,8518.385859,12379.2618,3843.069779,5241.6545,21463.986079,21195.0978599,1.04710790311483,1.45324032098415,2.60537088173168,""
"2021","JUAB COUNTY",2054,7,8310.563916,273.5356486,8582.706836,12565.1221,3927.623248,5246.0079,21738.753248,21465.2175994,1.03274662498847,1.46400457805407,2.58288340194025,""
"2021","JUAB COUNTY",2055,7,8484.187431,277.5416852,8646.960302,12753.6214,4010.265661,5244.0108,22007.897861,21730.3561758,1.01918544024679,1.4749254020572,2.56127724104732,""
"2021","JUAB COUNTY",2056,7,8677.501657,281.4714155,8711.108878,12936.4317,4100.797634,5237.8831,22275.112434,21993.6410185,1.00387291438578,1.48504993809354,2.5345591263308,""
"2021","JUAB COUNTY",2057,7,8864.914591,286.0573176,8776.070272,13086.5885,4225.507024,5228.9136,22541.009124,22254.9518064,0.989977983646882,1.49116724164717,2.51045304249113,""
"2021","JUAB COUNTY",2058,7,9065.57012,292.0782533,8835.363964,13216.8051,4372.016188,5217.6169,22806.438188,22514.3599347,0.974606543995272,1.49589820564861,2.48350182467068,""
"2021","JUAB COUNTY",2059,7,9265.77901,298.0817364,8896.489087,13350.5345,4515.408207,5205.4185,23071.361207,22773.2794706,0.960144751714729,1.50065204030975,2.45778357610538,""
"2021","JUAB COUNTY",2060,7,9455.663881,304.200116,8955.879922,13490.3817,4648.710125,5192.2623,23331.354125,23027.154009,0.947144487654193,1.50631560689654,2.43527628507082,""
"2021","KANE COUNTY",2020,7,3081.000006,122.9795139,5130.312816,4060.11495,1877.272842,1755.10281,7692.490602,7569.5110881,1.66514534437167,0.791397151717074,2.45683579141804,""
"2021","KANE COUNTY",2021,7,3184.274926,129.0031911,5388.138394,4171.24071,1955.2411736,1797.9006,7924.3824836,7795.3792925,1.69210841375698,0.774152481800563,2.44808613378505,""
"2021","KANE COUNTY",2022,7,3244.092275,132.7502299,5521.158654,4196.63166,2034.7453995,1793.20082,8024.5778795,7891.8276496,1.70191171704572,0.760099812918725,2.43267668753349,""
"2021","KANE COUNTY",2023,7,3309.981765,134.8303218,5699.467251,4243.67189,2117.297823,1762.48084,8123.450553,7988.6202312,1.72190291537754,0.744573431710732,2.41349372847678,""
"2021","KANE COUNTY",2024,7,3373.085009,139.288986,5857.999602,4296.59677,2197.799558,1727.66968,8222.066008,8082.777022,1.73668899134466,0.733458016714969,2.39625654272978,""
"2021","KANE COUNTY",2025,7,3440.919671,142.9553164,5908.343959,4343.6008,2277.002665,1700.66547,8321.268935,8178.3136186,1.71708279295079,0.735163834424962,2.37678132608752,""
"2021","KANE COUNTY",2026,7,3512.878712,145.8131673,5936.411871,4387.83895,2350.318285,1683.44231,8421.599545,8275.7863777,1.68989946926468,0.739139912349252,2.3558417628909,""
"2021","KANE COUNTY",2027,7,3579.37692,146.2610439,5955.466984,4430.03576,2430.236719,1663.01632,8523.288799,8377.0277551,1.66382784409304,0.743860350817453,2.34035921399974,""
"2021","KANE COUNTY",2028,7,3642.524568,149.2294801,5990.740865,4480.02754,2499.299047,1646.9134,8626.239987,8477.0105069,1.64466725018943,0.747825292556699,2.3272349571425,""
"2021","KANE COUNTY",2029,7,3703.090909,151.6638322,6027.784968,4523.95891,2557.082718,1649.01886,8730.060488,8578.3966558,1.62777126355447,0.750517633594524,2.31655038091316,""
"2021","KANE COUNTY",2030,7,3760.656933,151.2061073,6078.091085,4577.04917,2604.318863,1652.57164,8833.939673,8682.7335657,1.61623120462395,0.753040569150997,2.30883425964982,""
"2021","KANE COUNTY",2031,7,3812.235554,154.197964,6104.315155,4628.22559,2641.690142,1666.82052,8936.736252,8782.538288,1.6012429107627,0.758189161680005,2.30377639670898,""
"2021","KANE COUNTY",2032,7,3857.513634,156.5414264,6124.138166,4692.83694,2663.658886,1680.36813,9036.863956,8880.3225296,1.58758691402204,0.766285281748492,2.30208454775872,""
"2021","KANE COUNTY",2033,7,3906.337664,159.3014315,6144.480896,4764.40709,2675.740945,1696.02476,9136.172795,8976.8713635,1.57295180921666,0.775396192231891,2.29802749675969,""
"2021","KANE COUNTY",2034,7,3964.082545,162.1387907,6174.887863,4833.56475,2689.342568,1709.65371,9232.561028,9070.4222373,1.55770920330318,0.782777737384152,2.28815170580662,""
"2021","KANE COUNTY",2035,7,4019.78764,164.4099109,6208.348845,4889.20656,2713.402139,1725.49598,9328.104679,9163.6947681,1.54444697108427,0.787521236654993,2.27964648602681,""
"2021","KANE COUNTY",2036,7,4060.427703,167.9434757,6243.565739,4925.76021,2744.388322,1751.3576,9421.506132,9253.5626563,1.5376620877616,0.788933826584316,2.27896254610398,""
"2021","KANE COUNTY",2037,7,4089.335618,172.0589253,6287.523878,4963.09186,2766.865924,1782.59908,9512.556864,9340.4979387,1.53754166088111,0.789355548591366,2.28411135970009,""
"2021","KANE COUNTY",2038,7,4118.497932,173.6885851,6318.897368,5024.47679,2777.356881,1798.45795,9600.291621,9426.6030359,1.53427231780385,0.79515087797514,2.28884491179587,""
"2021","KANE COUNTY",2039,7,4156.906748,174.4985566,6352.041691,5088.48225,2783.632866,1813.92277,9686.037886,9511.5393294,1.52806932560037,0.801078219812333,2.28812910801433,""
"2021","KANE COUNTY",2040,7,4203.352657,176.3474135,6385.030056,5145.88986,2792.667474,1830.78822,9769.345554,9592.9981405,1.51903268105919,0.805930405161432,2.28222538609137,""
"2021","KANE COUNTY",2041,7,4268.597906,181.0866974,6426.656509,5190.96657,2808.86067,1850.88478,9850.71202,9669.6253226,1.50556614853945,0.807724290652609,2.26529308581824,""
"2021","KANE COUNTY",2042,7,4323.94444,185.8217214,6470.979975,5223.82523,2833.500781,1872.18592,9929.511931,9743.6902096,1.49654558812971,0.807269571252228,2.25342632052876,""
"2021","KANE COUNTY",2043,7,4363.482765,188.5382913,6517.77541,5248.076,2864.664228,1892.97204,10005.712268,9817.1739767,1.49370944289727,0.805194360018613,2.24984823028171,""
"2021","KANE COUNTY",2044,7,4400.872223,189.3338084,6571.018148,5266.42148,2900.195506,1912.14333,10078.760316,9889.4265076,1.49311723109303,0.801462020250686,2.24715147509067,""
"2021","KANE COUNTY",2045,7,4450.413863,192.2633627,6629.577922,5272.60959,2948.684607,1928.66028,10149.954477,9957.6911143,1.48965424926369,0.795316029471959,2.23747530473213,""
"2021","KANE COUNTY",2046,7,4506.273122,196.9984215,6685.396158,5285.01035,2994.56304,1941.84003,10221.41342,10024.4149985,1.48357544627318,0.790530617048887,2.22454669903606,""
"2021","KANE COUNTY",2047,7,4563.10099,200.0211298,6748.888813,5306.13087,3034.85306,1951.60767,10292.5916,10092.5704702,1.47901368560331,0.786222890467406,2.21177889604411,""
"2021","KANE COUNTY",2048,7,4611.491182,202.2568311,6811.24994,5332.60117,3074.26798,1957.60205,10364.4712,10162.2143689,1.47701679807744,0.782910804474164,2.20367208085881,""
"2021","KANE COUNTY",2049,7,4658.061549,202.909587,6878.198787,5363.86659,3112.95258,1960.11315,10436.93232,10234.022733,1.47662256383809,0.779835936137505,2.19705614134641,""
"2021","KANE COUNTY",2050,7,4708.821454,203.8256648,6934.434462,5398.01099,3153.01425,1959.50201,10510.52725,10306.7015852,1.47264756791944,0.778435648873827,2.18880704776877,""
"2021","KANE COUNTY",2051,7,4764.965899,206.1846532,6989.628086,5434.64676,3196.05228,1955.82647,10586.52551,10380.3408568,1.46687893138267,0.777530176589141,2.17847117415436,""
"2021","KANE COUNTY",2052,7,4823.183376,208.7034704,7032.847622,5478.93909,3235.92601,1949.92539,10664.79049,10456.0870196,1.45813399030093,0.779049879150076,2.16788087959275,""
"2021","KANE COUNTY",2053,7,4883.672964,211.7791434,7073.700163,5533.54693,3270.28524,1942.62923,10746.4614,10534.6822566,1.44843854515726,0.782270495283926,2.15712279144333,""
"2021","KANE COUNTY",2054,7,4950.848544,213.9880457,7111.209959,5586.43124,3310.11565,1934.66646,10831.21335,10617.2253043,1.43636184702482,0.785580973168957,2.14452637965812,""
"2021","KANE COUNTY",2055,7,5028.768378,215.6141151,7152.306189,5637.12172,3355.72026,1926.83269,10919.67467,10704.0605549,1.42227791208084,0.78815441775545,2.12856503825637,""
"2021","KANE COUNTY",2056,7,5125.459599,217.1977752,7193.22744,5677.44583,3415.7985,1919.44102,11012.68535,10795.4875748,1.40343071700408,0.789276562899838,2.10624771618651,""
"2021","KANE COUNTY",2057,7,5216.302718,218.8522997,7238.329674,5687.38626,3509.23287,1912.65355,11109.27268,10890.4203803,1.38763604516712,0.785731863033129,2.08776617636093,""
"2021","KANE COUNTY",2058,7,5296.955791,220.2689998,7276.869201,5699.59264,3604.46177,1907.21564,11211.27005,10991.0010502,1.37378326120147,0.783247916455163,2.07496559984033,""
"2021","KANE COUNTY",2059,7,5372.549255,221.3338452,7310.451877,5738.42616,3676.30821,1903.72866,11318.46303,11097.1291848,1.36070448683118,0.78496189518108,2.06552395484739,""
"2021","KANE COUNTY",2060,7,5442.805267,222.6822629,7345.581158,5796.77746,3733.17171,1903.36484,11433.31401,11210.6317471,1.34959470303607,0.789151645773703,2.05971575265987,""
"2021","MILLARD COUNTY",2020,7,4299.00001,131.7721328,7427.5326639,6764.6678,2199.122455,4046.6725,13010.462755,12878.6906222,1.72773497246398,0.910755712038573,2.99574100773263,""
"2021","MILLARD COUNTY",2021,7,4370.773066,132.9755359,7432.6305399,6883.7316,2232.730413,4097.2418,13213.703813,13080.7282771,1.70052995835405,0.926150111060493,2.99277223492893,""
"2021","MILLARD COUNTY",2022,7,4429.057153,300.6884336,7652.837557,7083.4781,2322.43151,4084.0887,13489.99831,13189.3098764,1.72787058117243,0.925601523257316,2.97790464669581,""
"2021","MILLARD COUNTY",2023,7,4488.968603,990.4205364,8643.107606,7790.5695,2439.016089,4061.1716,14290.757189,13300.3366526,1.92541057209083,0.901362085853452,2.96289366865059,""
"2021","MILLARD COUNTY",2024,7,4548.98068,1381.3642903,9260.19354,8220.057,2536.057518,4026.1256,14782.240118,13400.8758277,2.03566341372107,0.887676587372924,2.94590739561022,""
"2021","MILLARD COUNTY",2025,7,4595.777226,1373.7290512,9284.882413,8248.6737,2605.306358,3944.5796,14798.559658,13424.8306068,2.02030732918733,0.88839829446314,2.92112301067397,""
"2021","MILLARD COUNTY",2026,7,4632.054252,247.3853882,7921.852648,7189.7043,2628.966682,3849.3147,13667.985682,13420.6002938,1.71022449587665,0.907578645989478,2.89733227714363,""
"2021","MILLARD COUNTY",2027,7,4670.452017,147.7439461,7820.621448,7125.69,2683.172966,3730.7181,13539.581066,13391.8371199,1.67448919709135,0.911141147462429,2.86735353904825,""
"2021","MILLARD COUNTY",2028,7,4703.436484,149.7769474,7814.205291,7148.4666,2735.396534,3613.8634,13497.726534,13347.9495866,1.66138212296097,0.91480404389084,2.83791428501408,""
"2021","MILLARD COUNTY",2029,7,4721.632379,152.0684293,7833.563201,7152.91384,2774.569548,3515.515,13442.998388,13290.9299587,1.65907943952618,0.913111141949667,2.81490147725455,""
"2021","MILLARD COUNTY",2030,7,4741.007363,154.6492832,7849.241634,7145.06058,2798.621966,3434.0707,13377.753246,13223.1039628,1.65560629482617,0.910286740192868,2.78909163187478,""
"2021","MILLARD COUNTY",2031,7,4760.68732,156.250139,7856.463956,7147.01129,2808.857293,3351.526,13307.394583,13151.144444,1.65027934579833,0.909698221747942,2.76244658806956,""
"2021","MILLARD COUNTY",2032,7,4776.959416,158.0275722,7871.576894,7167.60441,2806.125384,3267.4505,13241.180294,13083.1527218,1.64782159706755,0.910567794295881,2.7388034066145,""
"2021","MILLARD COUNTY",2033,7,4792.954074,161.1896485,7888.545264,7182.6986,2803.514775,3190.6851,13176.898475,13015.7088265,1.64586289419972,0.910522581746322,2.71559222674496,""
"2021","MILLARD COUNTY",2034,7,4808.658921,164.3786136,7923.051018,7194.1068,2802.149914,3116.8588,13113.115514,12948.7369004,1.64766333985533,0.907997030898331,2.69279587367931,""
"2021","MILLARD COUNTY",2035,7,4827.983292,166.0666071,7948.821735,7215.0062,2805.349948,3038.4683,13058.824448,12892.7578409,1.64640622269163,0.907682476791637,2.67042304439276,""
"2021","MILLARD COUNTY",2036,7,4847.113562,170.4094816,7974.790341,7214.3695,2809.220201,2980.1148,13003.704501,12833.2950194,1.64526583480942,0.904646917538318,2.64761591723565,""
"2021","MILLARD COUNTY",2037,7,4850.404885,173.8299872,8007.191191,7194.0768,2817.035902,2936.3944,12947.507102,12773.6771148,1.65082944225181,0.898451982523668,2.63352800800257,""
"2021","MILLARD COUNTY",2038,7,4847.4876,176.4340889,8032.338276,7177.7208,2827.979747,2884.3716,12890.072147,12713.6380581,1.65701058750516,0.893602902836708,2.62272729859072,""
"2021","MILLARD COUNTY",2039,7,4846.868714,178.8520358,8056.44646,7171.7383,2830.727251,2830.5842,12833.049751,12654.1977152,1.66219613845311,0.890186304297739,2.61079853032718,""
"2021","MILLARD COUNTY",2040,7,4849.294704,181.8719587,8082.045139,7147.0437,2834.198525,2795.5437,12776.785925,12594.9139663,1.66664342596737,0.884311282241157,2.59726717700018,""
"2021","MILLARD COUNTY",2041,7,4862.717058,183.7439508,8097.413584,7119.1362,2839.340649,2762.8804,12721.357249,12537.6132982,1.66520352457653,0.879186437267695,2.57831437623406,""
"2021","MILLARD COUNTY",2042,7,4869.826267,185.8865621,8115.544683,7075.4359,2856.58593,2733.9942,12666.01603,12480.1294679,1.66649573065765,0.871837464566148,2.56274634527943,""
"2021","MILLARD COUNTY",2043,7,4881.411015,188.5639762,8135.928224,7021.7649,2882.537759,2706.952,12611.254659,12422.6906828,1.66671648812183,0.86305639709144,2.54489749882289,""
"2021","MILLARD COUNTY",2044,7,4892.043873,189.6472058,8159.540003,6972.8986,2905.260165,2679.0864,12557.245165,12367.5979592,1.66792044691869,0.854570061233389,2.5281044651825,""
"2021","MILLARD COUNTY",2045,7,4911.461241,190.8170437,8183.817066,6925.6936,2922.855417,2658.2225,12506.771517,12315.9544733,1.6662692963314,0.846266912388972,2.5075947602902,""
"2021","MILLARD COUNTY",2046,7,4938.557422,192.9546326,8207.722641,6884.4323,2940.97886,2635.5973,12461.00846,12268.0538274,1.66196764351402,0.83877496854124,2.48413712327187,""
"2021","MILLARD COUNTY",2047,7,4959.269289,192.6366614,8230.415084,6852.6958,2953.82501,2611.5646,12418.08541,12225.4487486,1.65960237373188,0.832606342457952,2.46517138638083,""
"2021","MILLARD COUNTY",2048,7,4980.592431,194.4093676,8250.095627,6820.2413,2972.64876,2585.3516,12378.24166,12183.8322924,1.65644865370836,0.826686332904975,2.44626165685951,""
"2021","MILLARD COUNTY",2049,7,4998.662864,199.0650706,8272.5981,6792.2651,2991.45405,2556.7315,12340.45065,12141.3855794,1.65496220190776,0.82105585426663,2.42892667694022,""
"2021","MILLARD COUNTY",2050,7,5024.429133,201.1735452,8290.421062,6775.4637,3002.76602,2525.8012,12304.03092,12102.8573748,1.65002248863443,0.81726412317657,2.40880248371094,""
"2021","MILLARD COUNTY",2051,7,5037.322782,198.9248206,8297.266444,6762.3615,3013.60332,2492.7824,12268.74722,12069.8223994,1.64715798512036,0.815010768382648,2.39607881443084,""
"2021","MILLARD COUNTY",2052,7,5048.971392,201.8244612,8301.6087,6751.8691,3023.30242,2457.8438,12233.01532,12031.1908588,1.64421781298934,0.813320567614805,2.38289939171832,""
"2021","MILLARD COUNTY",2053,7,5063.203281,208.7481077,8306.207488,6747.5581,3028.55337,2419.557,12195.66847,11986.9203623,1.64050444491723,0.812351257748884,2.36745785168881,""
"2021","MILLARD COUNTY",2054,7,5065.80906,209.5776476,8310.330494,6731.9683,3044.21794,2378.242,12154.42824,11944.8505924,1.64047448207612,0.810072271477101,2.35793541582872,""
"2021","MILLARD COUNTY",2055,7,5075.14995,208.4226858,8317.319625,6710.3126,3062.23707,2334.1109,12106.66057,11898.2378842,1.63883229203898,0.806787871880059,2.34441110142962,""
"2021","MILLARD COUNTY",2056,7,5080.374699,209.2683358,8319.359462,6676.7585,3086.18581,2287.2916,12050.23591,11840.9675742,1.63754840044329,0.80255679905372,2.33072721516599,""
"2021","MILLARD COUNTY",2057,7,5095.46098,210.0142271,8324.486827,6604.13197,3142.34892,2238.58293,11985.06382,11775.0495929,1.63370632405471,0.793338028787537,2.31088995463174,""
"2021","MILLARD COUNTY",2058,7,5090.265001,208.051432,8333.048844,6516.92338,3206.01408,2188.57587,11911.51333,11703.461898,1.63705599656657,0.782057504042154,2.29918518892451,""
"2021","MILLARD COUNTY",2059,7,5083.3439,206.7095513,8341.362708,6437.20783,3253.76082,2138.32091,11829.28956,11622.5800087,1.64092040044743,0.771721366800922,2.28640442931669,""
"2021","MILLARD COUNTY",2060,7,5088.242278,207.1337886,8349.119335,6359.14895,3291.57609,2088.41075,11739.13579,11532.0020014,1.64086513157973,0.761655055443042,2.26640190685511,""
"2021","MORGAN COUNTY",2020,7,3574.0000049,0,5261.8921907,6522.8862,1512.388848,4318.2039,12353.478948,12353.478948,1.47226977713651,1.23964649285835,3.45648543118725,""
"2021","MORGAN COUNTY",2021,7,3690.1017644,0,5488.8579714,6786.7965,1593.118324,4298.76,12678.674824,12678.674824,1.48745436354991,1.23646786551282,3.43586048122484,""
"2021","MORGAN COUNTY",2022,7,3798.4770696,0,5680.557853,7022.6117,1667.8966489,4240.5983,12931.1066489,12931.1066489,1.49548299197662,1.23625388240545,3.40428714244199,""
"2021","MORGAN COUNTY",2023,7,3917.1629479,0,5839.305818,7272.5584,1743.459972,4167.4112,13183.429572,13183.429572,1.4906977053713,1.24544913842017,3.36555556849318,""
"2021","MORGAN COUNTY",2024,7,4037.1339919,0,5938.903184,7522.6136,1824.693189,4090.8713,13438.178089,13438.178089,1.47106912872242,1.26666715501722,3.3286430710405,""
"2021","MORGAN COUNTY",2025,7,4162.052406,0,6018.907904,7775.7957,1915.99315,4005.1715,13696.96035,13696.96035,1.44613938433912,1.29189477958824,3.29091491742259,""
"2021","MORGAN COUNTY",2026,7,4288.0411886,0,6083.601204,8023.5439,2014.194359,3923.3281,13961.066359,13961.066359,1.41873665303719,1.31888064831148,3.25581442550419,""
"2021","MORGAN COUNTY",2027,7,4418.9753687,0,6141.082298,8263.6962,2102.32542,3865.2256,14231.24722,14231.24722,1.38970729311999,1.34564166363497,3.22048575350775,""
"2021","MORGAN COUNTY",2028,7,4547.1549834,0,6199.611052,8513.6872,2182.707153,3811.5821,14507.976453,14507.976453,1.36340438683804,1.37326150440574,3.19056124235117,""
"2021","MORGAN COUNTY",2029,7,4687.4550599,0,6281.23315,8747.8159,2260.245823,3783.0047,14791.066423,14791.066423,1.34000925229862,1.39269084447216,3.15545775564524,""
"2021","MORGAN COUNTY",2030,7,4832.2829975,0,6314.079182,8959.2529,2328.587463,3792.1386,15079.978963,15079.978963,1.30664515825472,1.41893261737052,3.12067380383179,""
"2021","MORGAN COUNTY",2031,7,4968.1458866,0,6348.45525,9206.919,2389.625621,3776.9792,15373.523821,15373.523821,1.27783189038851,1.45026130569322,3.09441875740107,""
"2021","MORGAN COUNTY",2032,7,5115.1412039,0,6403.679507,9433.1713,2453.19596,3783.5206,15669.88786,15669.88786,1.25190669264762,1.47308610458853,3.06343211953809,""
"2021","MORGAN COUNTY",2033,7,5280.6241635,0,6459.660272,9674.9313,2506.338614,3791.0969,15972.366814,15972.366814,1.22327589921085,1.49774614958265,3.02471191273221,""
"2021","MORGAN COUNTY",2034,7,5450.4164106,0,6536.157834,9904.3146,2561.194077,3813.4841,16278.992777,16278.992777,1.19920338954074,1.5153114186563,2.9867429478123,""
"2021","MORGAN COUNTY",2035,7,5606.4649703,0,6604.664016,10108.1434,2627.035293,3854.3565,16589.535193,16589.535193,1.17804428476552,1.53045535329469,2.95900095352104,""
"2021","MORGAN COUNTY",2036,7,5754.3206946,0,6677.667312,10302.8007,2697.639856,3903.7488,16904.189356,16904.189356,1.16046144565187,1.542874213198,2.93765159315214,""
"2021","MORGAN COUNTY",2037,7,5907.1501311,0,6756.677299,10482.8228,2769.688989,3968.9449,17221.456689,17221.456689,1.14381337007627,1.55147601936702,2.91535788100803,""
"2021","MORGAN COUNTY",2038,7,6042.5896942,0,6831.434955,10644.4517,2839.302737,4057.0979,17540.852337,17540.852337,1.13054754678398,1.55815751304332,2.90286999857638,""
"2021","MORGAN COUNTY",2039,7,6181.5936129,0,6901.466221,10779.8461,2911.387605,4169.793,17861.026705,17861.026705,1.11645421119204,1.56196462531378,2.88938869545337,""
"2021","MORGAN COUNTY",2040,7,6310.096994,0,6975.402633,10898.2207,2990.78713,4295.3179,18184.32573,18184.32573,1.10543508913296,1.5623787289986,2.88178228437545,""
"2021","MORGAN COUNTY",2041,7,6468.260239,0,7047.038714,11012.9242,3073.837579,4420.8105,18507.572279,18507.572279,1.08947977564512,1.56277333600015,2.86129060908985,""
"2021","MORGAN COUNTY",2042,7,6632.206234,0,7118.40501,11119.2343,3169.527501,4539.9868,18828.748601,18828.748601,1.07330875410772,1.56204013179632,2.83898719923311,""
"2021","MORGAN COUNTY",2043,7,6776.801198,0,7184.785862,11232.9372,3264.860775,4649.8774,19147.675375,19147.675375,1.06020313302394,1.56343381914978,2.82547396855185,""
"2021","MORGAN COUNTY",2044,7,6927.398528,0,7254.264725,11373.3273,3340.485693,4748.1877,19462.000693,19462.000693,1.04718455213437,1.56781255318746,2.80942414592377,""
"2021","MORGAN COUNTY",2045,7,7083.935808,0,7320.494626,11543.3065,3396.477976,4834.7451,19774.529576,19774.529576,1.03339369870247,1.57684788934916,2.79146086468885,""
"2021","MORGAN COUNTY",2046,7,7238.782718,0,7384.336308,11728.8451,3449.632481,4908.5044,20086.981981,20086.981981,1.02010746774289,1.58834113328415,2.77491157885587,""
"2021","MORGAN COUNTY",2047,7,7409.711199,0,7449.597298,11913.3611,3514.437927,4968.6033,20396.402327,20396.402327,1.00538294920393,1.5991953153224,2.75265820478302,""
"2021","MORGAN COUNTY",2048,7,7571.12497,0,7509.539045,12099.0179,3589.166523,5014.6424,20702.826823,20702.826823,0.991865683733391,1.61115320494349,2.73444526474379,""
"2021","MORGAN COUNTY",2049,7,7735.967706,0,7564.781757,12298.7043,3659.44324,5046.4691,21004.61664,21004.61664,0.977871424040818,1.62578441719346,2.71518928701174,""
"2021","MORGAN COUNTY",2050,7,7899.374017,0,7621.447244,12505.2953,3731.364482,5064.7677,21301.427482,21301.427482,0.964816607948695,1.64080323587424,2.6965968994705,""
"2021","MORGAN COUNTY",2051,7,8056.924949,0,7668.963198,12721.6413,3806.018214,5071.7618,21599.421314,21599.421314,0.951847416544677,1.65884761362758,2.68085174563788,""
"2021","MORGAN COUNTY",2052,7,8206.467433,0,7698.884305,12949.2526,3879.84692,5067.9736,21897.07312,21897.07312,0.938148401593736,1.6819648259411,2.66827027570317,""
"2021","MORGAN COUNTY",2053,7,8357.624113,0,7724.942461,13185.7681,3952.312686,5055.215,22193.295786,22193.295786,0.924298862518131,1.70690826068536,2.65545512527646,""
"2021","MORGAN COUNTY",2054,7,8527.745569,0,7744.300464,13423.9199,4026.72232,5034.3508,22484.99302,22484.99302,0.908129868713723,1.73339347593784,2.63668666449633,""
"2021","MORGAN COUNTY",2055,7,8714.680664,0,7769.016611,13643.2737,4121.82595,5006.7877,22771.88735,22771.88735,0.891486092323899,1.75611333880825,2.61304897195714,""
"2021","MORGAN COUNTY",2056,7,8899.667646,0,7790.871297,13831.3715,4250.97437,4975.6253,23057.97117,23057.97117,0.875411488034797,1.7753305083253,2.59088002913946,""
"2021","MORGAN COUNTY",2057,7,9078.269236,0,7809.052215,13991.6914,4409.50147,4943.1242,23344.31707,23344.31707,0.860191740517355,1.79172721794895,2.57145018099131,""
"2021","MORGAN COUNTY",2058,7,9248.296782,0,7832.33281,14140.1411,4581.47741,4910.388,23632.00651,23632.00651,0.846894622288085,1.80535498720719,2.55528202295531,""
"2021","MORGAN COUNTY",2059,7,9409.774922,0,7858.599578,14300.4778,4741.1905,4879.5415,23921.2098,23921.2098,0.835152768598815,1.81972343266272,2.54216599209747,""
"2021","MORGAN COUNTY",2060,7,9578.286067,0,7880.83184,14480.2774,4875.6443,4851.3575,24207.2792,24207.2792,0.822781005377546,1.83740469204073,2.52730802052375,""
"2021","PIUTE COUNTY",2020,7,536.00000873,36.3377425,639.0757763,768.72251,328.1750404,344.696672,1441.5942224,1405.2564799,1.19230553337905,1.20286598007298,2.62174712129132,""
"2021","PIUTE COUNTY",2021,7,551.83141777,36.2565433,638.3663294,795.93301,331.1176114,351.982255,1479.0328764,1442.7763331,1.15681403566998,1.24682799412071,2.61452372344146,""
"2021","PIUTE COUNTY",2022,7,557.3789986,36.2169695,626.036011,807.49359,337.38296680528,351.050843,1495.92739980528,1459.71043030528,1.12317832672643,1.28985166318172,2.61888308309376,""
"2021","PIUTE COUNTY",2023,7,568.514038227256,35.6918005,630.434221,818.57646,341.969190309777,354.14233,1514.68798030978,1478.99617980978,1.10891583779677,1.29843278288664,2.60151215337021,""
"2021","PIUTE COUNTY",2024,7,575.949401523297,34.8865287,630.970858,828.37387,344.66533071263,360.7075,1533.74670071263,1498.86017201263,1.09553175388529,1.31285598930149,2.60241640680306,""
"2021","PIUTE COUNTY",2025,7,579.45358073014,34.786329,630.992464,835.39026,349.014647661356,361.22922,1545.63412766136,1510.84779866136,1.08894393784731,1.32393064523192,2.60736640328914,""
"2021","PIUTE COUNTY",2026,7,580.67167564,34.5467197,627.380675,842.57734,351.672095595338,360.62114,1554.87057559534,1520.32385589534,1.0804396035135,1.34300811863547,2.61821597242483,""
"2021","PIUTE COUNTY",2027,7,582.233442,33.5184002,623.707655,848.71457,349.003208418491,364.62337,1562.34114841849,1528.82274821849,1.07123296260265,1.36075702004972,2.6257899975084,""
"2021","PIUTE COUNTY",2028,7,587.50380036,32.7383109,619.835097,849.42614,348.052752918793,370.98886,1568.46775291879,1535.72944201879,1.05503163829781,1.37040665188406,2.61399065176728,""
"2021","PIUTE COUNTY",2029,7,591.70811083,32.8546328,616.987151,848.16236,349.422848915215,375.86783,1573.45303891522,1540.59840611522,1.04272214577985,1.37468399240619,2.60364591581176,""
"2021","PIUTE COUNTY",2030,7,592.54363146,33.2175567,614.693923,840.06443,352.257888010456,384.85637,1577.17868801046,1543.96113131046,1.03738170552171,1.36663857989694,2.60564969284407,""
"2021","PIUTE COUNTY",2031,7,582.311050930629,33.4061259,611.902121,833.01539,351.582524334547,395.82609,1580.42400433455,1547.01787843455,1.05081660398181,1.36135398360549,2.65668644955675,""
"2021","PIUTE COUNTY",2032,7,577.594751131971,34.1031902,609.18699,833.13936,348.68066492079,402.32587,1584.14589492079,1550.04270472079,1.05469620145632,1.36762500459834,2.68361632733506,""
"2021","PIUTE COUNTY",2033,7,589.326329329459,35.1976887,605.616597,833.17137,345.522159211604,409.492,1588.1855292116,1552.9878405116,1.02764218542395,1.37574064866654,2.63519168111597,""
"2021","PIUTE COUNTY",2034,7,595.08198335,35.6766802,603.931538,831.98644,341.905284592543,418.57151,1592.46323459254,1556.78655439254,1.01487115203889,1.3776171430875,2.61608752734984,""
"2021","PIUTE COUNTY",2035,7,601.60868356,36.1934893,602.170806,827.25389,340.269544407559,430.27597,1597.79940440756,1561.60591510756,1.00093436556912,1.37378611144427,2.59571704628133,""
"2021","PIUTE COUNTY",2036,7,603.33405762,36.7649404,600.009417,826.806047,337.425468517931,439.1774,1603.40891551793,1566.64397511793,0.994489552548857,1.3779884508046,2.59664435536416,""
"2021","PIUTE COUNTY",2037,7,602.6252285,37.6698319,598.080777,828.623505,335.3317237,444.86111,1608.8163387,1571.1465068,0.992458909310333,1.3854708876557,2.60717014903401,""
"2021","PIUTE COUNTY",2038,7,601.5025473,38.433028,595.550919,828.885067,335.984338,449.25612,1614.125525,1575.692497,0.990105398012502,1.39179546291658,2.6195940550425,""
"2021","PIUTE COUNTY",2039,7,594.6999001,38.929255,592.664868,833.564105,338.1979833,447.75901,1619.5210983,1580.5918433,0.996578052056747,1.4064678876832,2.6577973916495,""
"2021","PIUTE COUNTY",2040,7,595.0258673,39.4666543,590.554211,839.351197,341.8079394,443.48225,1624.6413864,1585.1747321,0.992484937973721,1.42129406812409,2.66404339578196,""
"2021","PIUTE COUNTY",2041,7,608.2011852,39.577333,588.481193,845.029182,346.5197945,438.0551,1629.6040765,1590.0267435,0.967576531121827,1.43594934222477,2.61431049822295,""
"2021","PIUTE COUNTY",2042,7,620.1964449,39.4518284,586.491427,853.829493,348.6189591,431.92877,1634.3772221,1594.9253937,0.945654287158266,1.45582604227905,2.5716454952546,""
"2021","PIUTE COUNTY",2043,7,633.6608128,39.2794105,584.78252,864.326337,349.2288709,425.47382,1639.0290279,1599.7496174,0.92286363333087,1.4780303915377,2.52461503865306,""
"2021","PIUTE COUNTY",2044,7,638.2025454,39.0815861,583.217729,873.37417,351.022914,419.02016,1643.417244,1604.3356579,0.913844253996922,1.49750963760568,2.51383462736656,""
"2021","PIUTE COUNTY",2045,7,649.2296219,38.8708157,581.3733,882.157967,353.2450391,411.85421,1647.2572161,1608.3864004,0.895481783931215,1.51736924795136,2.47737679573674,""
"2021","PIUTE COUNTY",2046,7,658.0530914,38.6853613,580.634724,888.09418,357.8163792,404.93519,1650.8457492,1612.1603879,0.882352399203394,1.52952302590845,2.44989410272376,""
"2021","PIUTE COUNTY",2047,7,658.362987,38.4323932,579.644667,894.89303,360.8161535,398.38054,1654.0897235,1615.6573303,0.880433254064448,1.54386485539769,2.45405249414484,""
"2021","PIUTE COUNTY",2048,7,672.1312585,38.1747725,578.475539,904.675578,360.1043465,392.35004,1657.1299645,1618.955192,0.86065858667396,1.56389599388056,2.40868903436069,""
"2021","PIUTE COUNTY",2049,7,688.3706873,37.9063703,577.540339,911.992622,361.0622345,386.87373,1659.9285865,1622.0222162,0.838996124697421,1.57909770177975,2.35632086915564,""
"2021","PIUTE COUNTY",2050,7,699.0300165,37.6339905,576.157888,916.027131,364.5712799,381.96489,1662.5633009,1624.9293104,0.824224817819393,1.58988907394773,2.32454869182288,""
"2021","PIUTE COUNTY",2051,7,702.189854,37.36269,575.300461,920.089968,367.498986,377.63897,1665.227924,1627.865234,0.819294750163109,1.5993207556286,2.31826937505138,""
"2021","PIUTE COUNTY",2052,7,703.7108688,37.0946101,573.996117,927.62261,366.5122986,373.80948,1667.9443886,1630.8497785,0.815670387440235,1.61607819726767,2.31749977271347,""
"2021","PIUTE COUNTY",2053,7,707.1448927,36.8293864,572.842319,937.123184,363.4250962,370.4092,1670.9574802,1634.1280938,0.810077715208817,1.63591821504375,2.31088156143025,""
"2021","PIUTE COUNTY",2054,7,713.2197179,36.5636617,571.879014,945.306874,361.5717972,367.53353,1674.4122012,1637.8485395,0.801827262549383,1.6529840243447,2.29641511359567,""
"2021","PIUTE COUNTY",2055,7,724.6550639,36.2930952,571.095486,952.12721,360.9754192,365.2834,1678.3860292,1642.092934,0.788092865764903,1.66719442429633,2.26603389088661,""
"2021","PIUTE COUNTY",2056,7,733.8274202,36.0310246,570.002134,956.97826,362.320016,363.75093,1683.049206,1647.0181814,0.776752296670312,1.67890294249319,2.24442169379705,""
"2021","PIUTE COUNTY",2057,7,744.4203392,35.7905583,569.126732,957.59455,367.822529,362.97592,1688.392999,1652.6024407,0.764523350626903,1.6825682157555,2.21998560984509,""
"2021","PIUTE COUNTY",2058,7,759.9736422,35.5835445,568.548753,955.6562,375.893919,362.91936,1694.469479,1658.8859345,0.748116410135152,1.680869397668,2.18282035373989,""
"2021","PIUTE COUNTY",2059,7,781.0855244,35.4229696,568.105146,953.84959,383.787118,363.53298,1701.169688,1665.7467184,0.727327710286779,1.67900184801354,2.13260477420774,""
"2021","PIUTE COUNTY",2060,7,798.7757143,35.3116894,567.755083,952.6919,390.966902,364.74108,1708.399882,1673.0881926,0.710781603441145,1.6779980109839,2.09456567425337,""
"2021","RICH COUNTY",2020,7,885.9999772,1.0697039,1629.1634207,1248.32748,499.559139,768.66327,2516.549889,2515.4801851,1.83878494652855,0.766238343028616,2.83914249416755,""
"2021","RICH COUNTY",2021,7,910.5164764,1.062142,1673.2193213,1269.69651,522.6497332,766.92824,2559.2744832,2558.2123412,1.83765957527268,0.758834477845687,2.8096277305323,""
"2021","RICH COUNTY",2022,7,923.0655476,1.0162818,1682.909959,1291.56498,541.1842314,751.52147,2584.2706814,2583.2543996,1.82317492335796,0.767459348073179,2.79856008743533,""
"2021","RICH COUNTY",2023,7,941.2438068,1.0773698,1719.991071,1317.895,550.6859192,741.61214,2610.1930592,2609.1156894,1.82735977498492,0.76622200092805,2.7719870989328,""
"2021","RICH COUNTY",2024,7,954.1047126,1.1614184,1756.950663,1356.64227,556.0690101,723.9727,2636.6839801,2635.5225617,1.84146523939934,0.772157294208551,2.76229907146986,""
"2021","RICH COUNTY",2025,7,971.2316098,1.2039718,1780.529626,1392.51673,562.3265253,708.59339,2663.4366453,2662.2326735,1.83326984833891,0.782080067450672,2.74108940301914,""
"2021","RICH COUNTY",2026,7,982.6428256,1.3422863,1786.153981,1421.02215,568.8046808,700.46637,2690.2932008,2688.9509145,1.81770418962697,0.795576509705184,2.73644791825365,""
"2021","RICH COUNTY",2027,7,1001.908354,1.4798319,1790.674828,1451.93059,571.985954,693.01307,2716.929614,2715.4497821,1.78726409541446,0.810828726297369,2.71027761297617,""
"2021","RICH COUNTY",2028,7,1016.8779164,1.4825549,1804.219034,1481.48875,580.800998,681.03637,2743.326118,2741.8435631,1.77427300259148,0.821124665066581,2.69633504561374,""
"2021","RICH COUNTY",2029,7,1025.3000245,1.4636358,1819.339801,1509.38659,587.36077,672.70038,2769.44774,2767.9841042,1.77444626697168,0.829634238293674,2.69968208139841,""
"2021","RICH COUNTY",2030,7,1041.1384867,1.4796337,1832.91401,1542.15509,591.3822124,661.78988,2795.3271824,2793.8475487,1.76049011098381,0.84136794284201,2.68345429968246,""
"2021","RICH COUNTY",2031,7,1046.948205,1.436784,1836.696815,1564.48761,593.2422137,663.32739,2821.0572137,2819.6204297,1.75433398350399,0.851794154170186,2.69318044219771,""
"2021","RICH COUNTY",2032,7,1062.638334,1.41384,1842.526253,1584.54511,595.68064,666.56329,2846.78904,2845.3752,1.73391660553439,0.859985092434935,2.67765156682179,""
"2021","RICH COUNTY",2033,7,1081.163396,1.4071449,1847.884098,1606.16894,598.544483,668.02996,2872.743383,2871.3362381,1.70916265278371,0.869193550471259,2.65578380541104,""
"2021","RICH COUNTY",2034,7,1089.4520363,1.3757428,1854.297946,1631.93452,595.851765,670.89768,2898.683965,2897.3082222,1.70204642720901,0.880082148351795,2.65941787766981,""
"2021","RICH COUNTY",2035,7,1101.4597731,1.3394209,1861.973032,1657.05143,592.626312,675.38076,2925.058502,2923.7190811,1.69045940439529,0.889943839959976,2.65440386703488,""
"2021","RICH COUNTY",2036,7,1106.8138419,1.3045349,1869.091029,1685.67497,588.725616,677.3607,2951.761286,2950.4567511,1.68871309541218,0.901868846324659,2.6657208641655,""
"2021","RICH COUNTY",2037,7,1121.837966,1.2610614,1878.468629,1705.00024,588.394487,685.23222,2978.626947,2977.3658856,1.67445628150545,0.907654359342511,2.65400706326247,""
"2021","RICH COUNTY",2038,7,1130.778297,1.2799957,1885.224706,1715.93665,594.150694,695.39835,3005.485694,3004.2056983,1.66719215517452,0.910202717235131,2.65675924827199,""
"2021","RICH COUNTY",2039,7,1142.315628,1.2824961,1892.407499,1725.30455,604.352963,702.58647,3032.243983,3030.9614869,1.65664152062183,0.911698220870345,2.65334852522914,""
"2021","RICH COUNTY",2040,7,1148.917063,1.2552808,1898.55826,1729.57857,614.335608,715.24587,3059.160048,3057.9047672,1.65247633718884,0.910995783716429,2.66155396736414,""
"2021","RICH COUNTY",2041,7,1164.957043,1.2512742,1907.239616,1735.3661,621.813486,728.79032,3085.969906,3084.7186318,1.63717591773897,0.909883627333378,2.64792478858811,""
"2021","RICH COUNTY",2042,7,1184.689065,1.2299336,1915.626449,1740.76432,629.504962,742.10749,3112.376772,3111.1468384,1.61698668924576,0.908718044120093,2.62612944637925,""
"2021","RICH COUNTY",2043,7,1212.897244,1.1846282,1926.144607,1741.95231,641.800217,754.71089,3138.463417,3137.2787888,1.58805258774254,0.904372550051223,2.58659899205773,""
"2021","RICH COUNTY",2044,7,1235.085515,1.1720305,1937.210829,1741.33344,656.486321,766.16119,3163.980951,3162.8089205,1.56848315802651,0.898886901689935,2.56080156563086,""
"2021","RICH COUNTY",2045,7,1255.455875,1.1603663,1950.096062,1740.25846,672.653967,776.24921,3189.161637,3188.0012707,1.55329717342714,0.892396274168775,2.53931765678344,""
"2021","RICH COUNTY",2046,7,1271.578509,1.1411473,1962.568136,1745.06862,684.518593,784.75455,3214.341763,3213.2006157,1.54341090393499,0.889176068840445,2.52693844143917,""
"2021","RICH COUNTY",2047,7,1286.080642,1.1476975,1976.117997,1747.30449,700.294651,791.48601,3239.085151,3237.9374535,1.53654283601292,0.884210605162562,2.51767840037204,""
"2021","RICH COUNTY",2048,7,1305.584442,1.160733,1990.477496,1751.92902,715.191873,796.36345,3263.484343,3262.32361,1.52458732807112,0.880155150470488,2.49874577626133,""
"2021","RICH COUNTY",2049,7,1322.438864,1.1776481,2004.911054,1756.49233,731.532702,799.31344,3287.338472,3286.1608239,1.51607088129255,0.876094890342203,2.48492456880789,""
"2021","RICH COUNTY",2050,7,1337.857837,1.1976447,2017.111462,1765.76864,744.471869,800.38155,3310.622059,3309.4244143,1.50771734201831,0.875394678610973,2.47367419973487,""
"2021","RICH COUNTY",2051,7,1361.714014,1.2202681,2027.672027,1778.36661,755.846467,799.74313,3333.956207,3332.7359389,1.48905864678866,0.877048450794651,2.44745659120462,""
"2021","RICH COUNTY",2052,7,1378.60752,1.2446902,2034.727407,1794.58356,765.042639,797.51384,3357.140039,3355.8953488,1.47592942696265,0.881977386172791,2.43426450248871,""
"2021","RICH COUNTY",2053,7,1397.429318,1.2701153,2041.024394,1810.99237,775.33118,793.82975,3380.1533,3378.8831847,1.46055644296995,0.887295798778189,2.41792779153643,""
"2021","RICH COUNTY",2054,7,1420.533343,1.2958223,2049.36847,1827.09305,786.832438,788.86027,3402.785758,3401.4899357,1.44267537266811,0.891539553158052,2.39451608261194,""
"2021","RICH COUNTY",2055,7,1442.055835,1.3208772,2055.051238,1846.1323,795.96467,782.83906,3424.93603,3423.6151528,1.42508437476695,0.898338817963818,2.37412107749628,""
"2021","RICH COUNTY",2056,7,1460.859178,1.3445247,2059.794975,1866.61981,804.150594,776.13817,3446.908574,3445.5640493,1.4099887285645,0.90621631407757,2.35858739924349,""
"2021","RICH COUNTY",2057,7,1472.256438,1.3661034,2065.372744,1885.76588,813.96373,769.04825,3468.77786,3467.4117566,1.40286209025224,0.913039007355081,2.35516834370943,""
"2021","RICH COUNTY",2058,7,1490.723397,1.3849283,2069.900297,1903.89728,825.073226,761.7453,3490.715806,3489.3308777,1.38852070153696,0.919801442977425,2.34069639258503,""
"2021","RICH COUNTY",2059,7,1507.910976,1.400485,2074.425927,1922.49523,835.671092,754.54067,3512.706992,3511.306507,1.3756952234029,0.926760124320409,2.32859005795843,""
"2021","RICH COUNTY",2060,7,1523.305238,1.4126717,2078.611346,1942.95705,843.820436,747.61073,3534.388216,3532.9755443,1.36454027344453,0.934738018119141,2.31928273872318,""
"2021","SALT LAKE COUNTY",2020,7,405228.99925,15734.94169,945896.3116,744629.01,133332.402,310251.33,1188212.742,1172477.80031,2.33422660606884,0.787220545072691,2.89337091491485,""
"2021","SALT LAKE COUNTY",2021,7,411012.971381,15839.09438,987894.5897,750241.74,138724.2639,308584.52,1197550.5239,1181711.42952,2.40356061362415,0.759435012421548,2.87511955048392,""
"2021","SALT LAKE COUNTY",2022,7,418017.627149,16025.80915,1015368.5157,758265.54,144592.1279,307843.15,1210700.8179,1194675.00875,2.42900884975857,0.746788509073721,2.85795366309795,""
"2021","SALT LAKE COUNTY",2023,7,424915.09119,16228.03298,1040371.0084,766519.79,150493.7755,306595.36,1223608.9255,1207380.89252,2.44842094331453,0.736775423201037,2.84146390079641,""
"2021","SALT LAKE COUNTY",2024,7,431737.216802,16430.97007,1059569.8375,775258.97,156419.5528,304790.83,1236469.3528,1220038.38273,2.45420083389737,0.731673309830321,2.82588189122812,""
"2021","SALT LAKE COUNTY",2025,7,438488.450905,16630.93812,1074069.2352,784277.24,162530.6425,302594.86,1249402.7425,1232771.80438,2.44948124171394,0.730192444115543,2.81141225461166,""
"2021","SALT LAKE COUNTY",2026,7,445294.059408,16837.06314,1087332.3338,793793.13,168429.0763,300272.3,1262494.5063,1245657.44316,2.44182986686497,0.730037271333465,2.79738167811188,""
"2021","SALT LAKE COUNTY",2027,7,452188.614293,17047.67229,1101203.8117,803634.17,174080.5713,298071.29,1275786.0313,1258738.35901,2.43527540697092,0.72977786805821,2.78365779062802,""
"2021","SALT LAKE COUNTY",2028,7,459288.248282,17268.042,1114281.4833,813705.44,179568.1016,296012.98,1289286.5216,1272018.4796,2.42610492967771,0.730251244586934,2.76954284016209,""
"2021","SALT LAKE COUNTY",2029,7,466582.497007,17491.92266,1131080.689,824142.43,184578.0997,294239.67,1302960.1997,1285468.27704,2.42418156758039,0.72863274743788,2.7550717939184,""
"2021","SALT LAKE COUNTY",2030,7,474073.045595,17718.35176,1140373.1056,834798.34,189144.6941,292795.89,1316738.9241,1299020.57234,2.40547973818832,0.732039659564557,2.74012746434386,""
"2021","SALT LAKE COUNTY",2031,7,481887.779298,17954.08138,1148279.0458,846171.91,193284.0586,291059.16,1330515.1286,1312561.04722,2.38287646030945,0.736904425013239,2.7237898606437,""
"2021","SALT LAKE COUNTY",2032,7,489849.750031,18184.10227,1159709.6989,857441.92,197278.0239,289424.94,1344144.8839,1325960.78163,2.36748043420785,0.739359100655358,2.70687242679227,""
"2021","SALT LAKE COUNTY",2033,7,498058.116105,18410.69366,1169788.9815,868383.06,201378.8477,288011.48,1357773.3877,1339362.69404,2.34869976750542,0.742341630613145,2.68916949795802,""
"2021","SALT LAKE COUNTY",2034,7,506353.179726,18643.21586,1185094.5859,878692.29,205852.3328,286762.89,1371307.5128,1352664.29694,2.34045056563343,0.741453298710914,2.67138501563663,""
"2021","SALT LAKE COUNTY",2035,7,514426.474522,18868.89734,1196218.1411,887955,211025.991,285883.57,1384864.561,1365995.66366,2.32534327128384,0.74230190087526,2.65537590173459,""
"2021","SALT LAKE COUNTY",2036,7,522361.924867,19098.62259,1209761.4841,896088.99,216271.5253,286078.55,1398439.0653,1379340.44271,2.31594499236908,0.740715423475929,2.64058381181055,""
"2021","SALT LAKE COUNTY",2037,7,530176.236136,19339.14683,1224312.468,903840.77,221263.2629,286849.84,1411953.8729,1392614.72607,2.30925564850466,0.738243539638608,2.62670152140272,""
"2021","SALT LAKE COUNTY",2038,7,537953.218528,19583.03858,1237781.9283,911256.44,226096.8142,288007.82,1425361.0742,1405778.03562,2.30090997817048,0.736201118440582,2.61319755548006,""
"2021","SALT LAKE COUNTY",2039,7,545607.957866,19832.76082,1251293.9257,917952.45,231028.4473,289641.37,1438622.2673,1418789.50648,2.29339383280644,0.733602578216368,2.60038272174258,""
"2021","SALT LAKE COUNTY",2040,7,553023.281523,20092.64576,1264858.8324,924013.65,236525.2417,291330.56,1451869.4517,1431776.80594,2.28717103720595,0.730527096250524,2.58899915026535,""
"2021","SALT LAKE COUNTY",2041,7,561833.844576,20366.26502,1278161.4616,929032.56,242609.9443,293327.14,1464969.6443,1444603.37928,2.2749812492421,0.726850705416387,2.57122883077683,""
"2021","SALT LAKE COUNTY",2042,7,570222.450814,20647.02249,1291597.0132,932855.9,249518.1281,295461.23,1477835.2581,1457188.23561,2.26507569345302,0.722249966875349,2.55547327806866,""
"2021","SALT LAKE COUNTY",2043,7,578302.140357,20933.44009,1305268.1207,935627.75,257217.5587,297641.69,1490486.9987,1469553.55861,2.25706949639548,0.716808857247072,2.5411518582705,""
"2021","SALT LAKE COUNTY",2044,7,586161.61942,21240.90248,1319486.2121,937723.98,265309.1412,299777.36,1502810.4812,1481569.57872,2.2510621104903,0.710673572335088,2.52757862274571,""
"2021","SALT LAKE COUNTY",2045,7,593753.588417,21576.35229,1333693.698,938839.94,274234.9989,301842.36,1514917.2989,1493340.94661,2.24620738976205,0.703939698753829,2.51508534136422,""
"2021","SALT LAKE COUNTY",2046,7,601224.973403,21927.91577,1347794.329,939614.01,283548.9857,303776.7,1526939.6957,1505011.77993,2.24174708074971,0.697149401642867,2.50324229117009,""
"2021","SALT LAKE COUNTY",2047,7,608467.818079,22262.63108,1361474.3681,940205.69,292969.0113,305528.68,1538703.3813,1516440.75022,2.23754540116571,0.690579060487272,2.49222835647672,""
"2021","SALT LAKE COUNTY",2048,7,615598.246973,22602.26012,1374796.9213,940700.36,302488.3237,307056.28,1550244.9637,1527642.70358,2.23326971455833,0.684246775233159,2.48155791718329,""
"2021","SALT LAKE COUNTY",2049,7,622624.98698,22956.15006,1387245.7008,941200.47,311942.1621,308325.23,1561467.8621,1538511.71204,2.22805979491562,0.6784670296381,2.47100862350939,""
"2021","SALT LAKE COUNTY",2050,7,629565.22419,23321.0306,1398925.7837,941290.57,321739.4381,309328.91,1572358.9181,1549037.8875,2.22205059928439,0.672866695980392,2.46048833064596,""
"2021","SALT LAKE COUNTY",2051,7,636532.90863,23702.31302,1409984.382,941003,332071.8673,310102.15,1583177.0173,1559474.70428,2.21510052800677,0.667385406542751,2.44995142142208,""
"2021","SALT LAKE COUNTY",2052,7,643446.51789,24085.98586,1419947.4499,940854.66,342356.0897,310628.04,1593838.7897,1569752.80384,2.20678395238864,0.662598225072526,2.43960105493703,""
"2021","SALT LAKE COUNTY",2053,7,650562.11009,24476.29107,1429755.3651,940989.74,352547.3982,310818.05,1604355.1882,1579878.89713,2.19772308120159,0.658147374697339,2.42848280375787,""
"2021","SALT LAKE COUNTY",2054,7,657897.68648,24863.93264,1439319.507,941148.28,362805.4564,310657.94,1614611.6764,1589747.74376,2.18775584194695,0.653884196957528,2.41640573668187,""
"2021","SALT LAKE COUNTY",2055,7,665386.33374,25232.57671,1449071.3614,941363.59,373046.0718,310155.84,1624565.5018,1599332.92509,2.17778948547841,0.649632319757196,2.40361552979376,""
"2021","SALT LAKE COUNTY",2056,7,672928.35872,25588.138,1458489.0264,942133.81,382845.3928,309376.09,1634355.2928,1608767.1548,2.16737637446911,0.645965648658651,2.39069602871261,""
"2021","SALT LAKE COUNTY",2057,7,680361.52122,25946.78,1467306.9513,944468.06,391173.5687,308354.37,1643995.9987,1618049.2187,2.15665775552515,0.643674494394798,2.37821976733571,""
"2021","SALT LAKE COUNTY",2058,7,687873.89025,26314.05365,1475705.081,949330,397147.0491,307073.43,1653550.4791,1627236.42545,2.14531340979329,0.643306045511949,2.36560283580265,""
"2021","SALT LAKE COUNTY",2059,7,695554.78378,26676.95831,1483704.8276,956567.53,400827.4349,305581.14,1662976.1049,1636299.14659,2.13312432348864,0.644715520368911,2.35250937057397,""
"2021","SALT LAKE COUNTY",2060,7,703504.1805,27025.69764,1491495.6994,964693.44,403516.7001,303891.49,1672101.6301,1645075.93246,2.12009500546244,0.646795991693491,2.33840249718317,""
"2021","SAN JUAN COUNTY",2020,7,4648.9999776,302.5887409,6508.1105628,8536.6867,1840.531938,4163.3868,14540.605438,14238.0166971,1.39989472879278,1.31169970418069,3.06259771256231,""
"2021","SAN JUAN COUNTY",2021,7,4725.0905247,303.7465137,6674.3603374,8605.0392,1909.203264,4133.0058,14647.248264,14343.5017503,1.41253597206453,1.28926799947875,3.03560358797796,""
"2021","SAN JUAN COUNTY",2022,7,4762.7129418,304.3403346,6669.0010692,8580.8847,1996.905122,3987.1347,14564.924522,14260.5841874,1.40025257677603,1.28668215988596,2.99421450792086,""
"2021","SAN JUAN COUNTY",2023,7,4804.8788005,305.0329205,6836.2165355,8574.5489,2067.142171,3838.3905,14480.081571,14175.0486505,1.4227656553561,1.25428281206029,2.95013656723764,""
"2021","SAN JUAN COUNTY",2024,7,4850.4220168,304.2431489,6977.0557397,8570.1145,2135.925476,3703.2529,14409.292876,14105.0497271,1.43844302939706,1.228328226079,2.90800463923459,""
"2021","SAN JUAN COUNTY",2025,7,4891.8311814,305.9306042,7015.3649448,8598.442,2205.653974,3561.0917,14365.187674,14059.2570698,1.43409792461241,1.22565854629892,2.87402744462174,""
"2021","SAN JUAN COUNTY",2026,7,4942.7956748,308.9741392,7037.4811681,8653.4004,2279.294731,3423.7777,14356.472831,14047.4986918,1.42378557219741,1.22961613584485,2.84201484666234,""
"2021","SAN JUAN COUNTY",2027,7,5007.4677248,312.6294951,7057.7003126,8727.7473,2352.235587,3307.9511,14387.933987,14075.3044919,1.4094350079674,1.23662764263573,2.81086274848874,""
"2021","SAN JUAN COUNTY",2028,7,5081.4112537,316.3443362,7105.1453743,8828.561,2411.242368,3220.6007,14460.404068,14144.0597318,1.39826221881302,1.24255881265058,2.78349045680983,""
"2021","SAN JUAN COUNTY",2029,7,5164.7235522,321.8918318,7156.5789958,8916.5237,2478.099453,3176.1039,14570.727053,14248.8352212,1.38566545207469,1.24591983198018,2.75887665180656,""
"2021","SAN JUAN COUNTY",2030,7,5265.8155063,327.9815239,7223.0385746,9027.9452,2542.402878,3141.3485,14711.696578,14383.7150541,1.37168470220014,1.24988190312966,2.73152658631723,""
"2021","SAN JUAN COUNTY",2031,7,5374.6673652,334.0170986,7275.3815425,9188.5696,2593.02181,3090.4087,14872.00011,14537.9830114,1.35364312768578,1.26296738477891,2.7049084201063,""
"2021","SAN JUAN COUNTY",2032,7,5473.8448638,339.4487603,7323.5579425,9349.3433,2626.019403,3060.7914,15036.154103,14696.7053427,1.3379184329707,1.27661218405114,2.68489621251293,""
"2021","SAN JUAN COUNTY",2033,7,5577.196105,344.7134188,7366.2777747,9485.3322,2669.731667,3046.6229,15201.686767,14856.9733482,1.32078514651763,1.28766963317322,2.66387859929842,""
"2021","SAN JUAN COUNTY",2034,7,5674.7332302,349.5861944,7414.2544129,9605.3329,2709.463861,3050.5322,15365.328961,15015.7427666,1.30653796612721,1.29552243085802,2.64607024814641,""
"2021","SAN JUAN COUNTY",2035,7,5757.0409794,354.1584856,7455.6718269,9692.1395,2753.139037,3076.5011,15521.779637,15167.6211514,1.29505276296939,1.29996863126819,2.63462101549619,""
"2021","SAN JUAN COUNTY",2036,7,5843.3658498,360.7765051,7496.6345444,9719.404,2814.530476,3137.229,15671.163476,15310.3869709,1.28293088899381,1.29650230946104,2.62013150715594,""
"2021","SAN JUAN COUNTY",2037,7,5922.9964664,363.7001376,7542.5966653,9742.8448,2876.632129,3193.0913,15812.568229,15448.8680914,1.27344270895444,1.29170963692415,2.60828588688823,""
"2021","SAN JUAN COUNTY",2038,7,5996.303506,366.8708402,7575.4374537,9740.4861,2933.810067,3270.6261,15944.922267,15578.0514268,1.26335123732811,1.28579849804483,2.59794245091369,""
"2021","SAN JUAN COUNTY",2039,7,6067.178914,369.4701515,7608.7038395,9781.9396,2986.600014,3300.6211,16069.160714,15699.6905625,1.25407606193101,1.28562496403367,2.58764259057418,""
"2021","SAN JUAN COUNTY",2040,7,6138.447275,372.0177013,7646.8195397,9767.0959,3042.970285,3375.8991,16185.965285,15813.9475837,1.2457253759991,1.27727558487449,2.5762129859949,""
"2021","SAN JUAN COUNTY",2041,7,6221.172757,373.5481496,7680.689037,9750.3135,3095.831454,3451.1047,16297.249654,15923.7015044,1.23460468580587,1.2694581766076,2.55959802538562,""
"2021","SAN JUAN COUNTY",2042,7,6296.217706,374.1718961,7712.1090734,9733.7541,3146.930992,3521.3417,16402.026792,16027.8548959,1.22487967117953,1.26213906045143,2.54563225801837,""
"2021","SAN JUAN COUNTY",2043,7,6380.731625,377.2686287,7746.6780114,9710.8448,3208.672185,3584.7647,16504.281685,16127.0130563,1.21407363084323,1.25354955836677,2.52745515782448,""
"2021","SAN JUAN COUNTY",2044,7,6457.852305,380.625519,7780.6064601,9706.687,3259.677999,3639.5013,16605.866299,16225.24078,1.20482880261536,1.24754889606321,2.51248248081449,""
"2021","SAN JUAN COUNTY",2045,7,6531.407534,385.366893,7817.2857283,9712.681,3310.458951,3684.1026,16707.242551,16321.875658,1.19687612319492,1.24246206900668,2.49898288738447,""
"2021","SAN JUAN COUNTY",2046,7,6631.968155,387.9751904,7855.6104098,9734.2452,3359.439984,3718.293,16811.978184,16424.0029936,1.18450665416381,1.23914561596084,2.47649002675285,""
"2021","SAN JUAN COUNTY",2047,7,6720.418273,392.5580437,7896.6967191,9764.7014,3413.197922,3742.0727,16919.972022,16527.4139783,1.17503054100454,1.23655520116175,2.45928353071425,""
"2021","SAN JUAN COUNTY",2048,7,6796.46369,399.6413444,7941.8177675,9802.3012,3475.066321,3756.2345,17033.602021,16633.9606766,1.16852206231679,1.23426418069092,2.44744346991428,""
"2021","SAN JUAN COUNTY",2049,7,6882.412548,406.7873538,7987.4344973,9843.8222,3547.850685,3761.9662,17153.639085,16746.8517312,1.16055735421166,1.23241351191393,2.43328216877475,""
"2021","SAN JUAN COUNTY",2050,7,6980.238459,415.850936,8027.9149223,9887.5347,3632.199405,3760.637,17280.371105,16864.520169,1.15009178690008,1.2316441810481,2.41603782851511,""
"2021","SAN JUAN COUNTY",2051,7,7059.395352,422.18615,8067.5640364,9932.0931,3729.422253,3754.2794,17415.794753,16993.608603,1.14281232798704,1.23111425644562,2.40723287982242,""
"2021","SAN JUAN COUNTY",2052,7,7156.772667,427.9919681,8102.9971468,9970.103,3844.347879,3745.0019,17559.452779,17131.4608109,1.13221385166572,1.2304216352757,2.39374109085419,""
"2021","SAN JUAN COUNTY",2053,7,7247.425595,433.1051974,8145.7903613,9997.4433,3976.967889,3737.0423,17711.453489,17278.3482916,1.12395639727847,1.22731409188936,2.3840670131916,""
"2021","SAN JUAN COUNTY",2054,7,7355.393026,440.2336815,8188.3056813,10006.0911,4133.350863,3731.2173,17870.659263,17430.4255815,1.11323836161519,1.22199774769662,2.36974768307915,""
"2021","SAN JUAN COUNTY",2055,7,7472.884789,447.5784222,8232.1542413,9994.3193,4313.1088,3727.9148,18035.3429,17587.7644778,1.10160325948255,1.21405880004767,2.35354417663296,""
"2021","SAN JUAN COUNTY",2056,7,7592.542707,451.4704568,8278.673471,9962.7736,4515.2254,3727.8969,18205.8959,17754.4254432,1.09036903583926,1.2034263260774,2.33840310530373,""
"2021","SAN JUAN COUNTY",2057,7,7699.843607,458.1862907,8326.3109847,9943.7127,4705.63384,3731.5282,18380.87474,17922.6884493,1.08136105220767,1.19425189838238,2.32766915330674,""
"2021","SAN JUAN COUNTY",2058,7,7819.01007,464.2937673,8375.7057593,9953.6636,4867.99822,3738.2662,18559.92802,18095.6342527,1.07119771995638,1.18839700033014,2.31431269312843,""
"2021","SAN JUAN COUNTY",2059,7,7944.094078,469.2246161,8423.4189439,9999.0539,4994.46815,3747.6611,18741.18315,18271.9585339,1.06033725950293,1.18705408891493,2.30006824623358,""
"2021","SAN JUAN COUNTY",2060,7,8062.208882,473.2529171,8475.7479053,10066.0349,5097.4837,3759.1471,18922.6657,18449.4127829,1.05129351389336,1.18762792528381,2.28838188800725,""
"2021","SANPETE COUNTY",2020,7,8393.999894,2522.3565465,13369.36783,16398.1521,4137.261302,8024.466,28559.879402,26037.5228555,1.59272909206925,1.22654655840971,3.10192079870188,""
"2021","SANPETE COUNTY",2021,7,8562.166342,2543.903926,13768.62678,16753.8236,4259.213568,7934.6323,28947.669468,26403.765542,1.60807746895324,1.2168115141545,3.08377161659212,""
"2021","SANPETE COUNTY",2022,7,8727.900383,2562.7178877,13924.28003,17097.4292,4404.133863,7820.496,29322.059063,26759.3411753,1.59537568246326,1.22788604963154,3.06595400967468,""
"2021","SANPETE COUNTY",2023,7,8898.482142,2581.531821,14256.07916,17485.4008,4555.810824,7700.9311,29742.142724,27160.610903,1.6020798752534,1.22652242624051,3.05227458678649,""
"2021","SANPETE COUNTY",2024,7,9070.707894,2601.3116671,14478.00163,17878.7885,4703.18,7598.9634,30180.9319,27579.6202329,1.59612698360365,1.23489338908163,3.04051464948431,""
"2021","SANPETE COUNTY",2025,7,9225.477657,2622.0284354,14606.21386,18161.7612,4856.77095,7483.6519,30502.18405,27880.1556146,1.58324743748279,1.2434270355124,3.02208261199846,""
"2021","SANPETE COUNTY",2026,7,9386.428042,2650.9274331,14731.39325,18362.0421,5025.299974,7401.2189,30788.560974,28137.6335409,1.5694354853714,1.24645658345995,2.99769341596152,""
"2021","SANPETE COUNTY",2027,7,9516.310705,2666.7901714,14854.90331,18536.4859,5154.052806,7377.31,31067.848706,28401.0585346,1.56099393667286,1.24783618669006,2.98446103905347,""
"2021","SANPETE COUNTY",2028,7,9643.89722,2682.5004022,14975.78334,18678.2119,5255.126787,7402.5294,31335.868087,28653.3676848,1.55287670517086,1.24722770595318,2.97113988578986,""
"2021","SANPETE COUNTY",2029,7,9773.845376,2700.7284784,15123.62756,18817.544,5340.24317,7434.8844,31592.67157,28891.9430916,1.54735694889716,1.24424804335766,2.95604667151223,""
"2021","SANPETE COUNTY",2030,7,9876.610515,2711.3159332,15259.03883,18933.4122,5404.567915,7500.9267,31838.906815,29127.5908818,1.54496715313675,1.24079979158163,2.949148479386,""
"2021","SANPETE COUNTY",2031,7,9980.348021,2726.3727193,15377.71004,19032.541,5447.643034,7601.1656,32081.349634,29354.9769147,1.54079897891769,1.23767069027138,2.94127788459212,""
"2021","SANPETE COUNTY",2032,7,10099.228221,2746.1244636,15493.49597,19127.947,5480.449839,7725.4114,32333.808239,29587.6837754,1.53412673037563,1.23457914450279,2.9296975103381,""
"2021","SANPETE COUNTY",2033,7,10188.95859,2755.8303142,15617.818,19210.915,5503.976306,7882.6813,32597.572606,29841.7422918,1.53281788929127,1.23006395643745,2.92883144319463,""
"2021","SANPETE COUNTY",2034,7,10268.520857,2764.379482,15762.69336,19284.1846,5531.841641,8057.529,32873.555241,30109.175759,1.53505004075194,1.22340669577042,2.93218236377976,""
"2021","SANPETE COUNTY",2035,7,10340.75164,2774.6764467,15884.84331,19373.6901,5556.684607,8238.4607,33168.835407,30394.1589603,1.53614010499531,1.21963369243961,2.93926012522432,""
"2021","SANPETE COUNTY",2036,7,10404.075535,2782.8552369,15995.80296,19444.2777,5579.529432,8447.1974,33471.004532,30688.1492951,1.53745548138218,1.21558622275002,2.94962769078935,""
"2021","SANPETE COUNTY",2037,7,10471.21658,2795.3716738,16115.28197,19496.648,5620.749139,8662.1094,33779.506539,30984.1348652,1.53900760688879,1.20982357220275,2.95898137799763,""
"2021","SANPETE COUNTY",2038,7,10540.37411,2803.9751633,16216.45656,19579.0005,5644.287869,8865.6353,34088.923669,31284.9485057,1.53850863268837,1.20735380306781,2.96810608230869,""
"2021","SANPETE COUNTY",2039,7,10612.6633,2815.4689321,16308.82132,19631.8169,5659.995779,9100.6024,34392.415079,31576.9461469,1.53673219049548,1.20375449057897,2.97540261612747,""
"2021","SANPETE COUNTY",2040,7,10675.26538,2826.8820104,16396.39796,19709.7531,5672.21594,9311.0216,34692.99064,31866.1086296,1.53592415517074,1.20207823377324,2.98504135450355,""
"2021","SANPETE COUNTY",2041,7,10721.88821,2837.622687,16475.93171,19779.1625,5695.31205,9514.7251,34989.19965,32151.576963,1.53666326185283,1.20048825451219,2.9986860833909,""
"2021","SANPETE COUNTY",2042,7,10783.64254,2856.6389614,16547.57097,19853.995,5721.74466,9703.7458,35279.48546,32422.8464986,1.53450662970511,1.19981325573369,3.00666925654604,""
"2021","SANPETE COUNTY",2043,7,10851.29331,2874.9117789,16620.2612,19956.5126,5733.6422,9874.9042,35565.059,32690.1472211,1.53163873882974,1.20073399327804,3.01255770047008,""
"2021","SANPETE COUNTY",2044,7,10927.92703,2897.1717489,16692.12133,20066.1161,5743.66441,10030.9743,35840.75481,32943.5830611,1.52747371794996,1.20213097564394,3.01462326483891,""
"2021","SANPETE COUNTY",2045,7,11009.47624,2918.8281816,16761.31607,20237.7519,5733.84016,10121.3667,36092.95876,33174.1305784,1.52244445644946,1.20740828557146,3.01323422252102,""
"2021","SANPETE COUNTY",2046,7,11100.67059,2940.1870905,16825.10473,20431.1247,5707.76918,10187.0209,36325.91478,33385.7276895,1.51568363312725,1.2143237755644,3.00754151912006,""
"2021","SANPETE COUNTY",2047,7,11191.17004,2959.8779512,16882.66498,20620.6571,5696.57683,10222.7778,36540.01173,33580.1337788,1.50857014232267,1.22141007503426,3.00059186472695,""
"2021","SANPETE COUNTY",2048,7,11267.09942,2976.549035,16936.01074,20815.3164,5692.34678,10231.3905,36739.05368,33762.504645,1.50313848388852,1.22905663674609,2.99655691198294,""
"2021","SANPETE COUNTY",2049,7,11334.25813,2992.6500808,16983.2918,21024.8538,5684.2054,10215.1115,36924.1707,33931.5206192,1.49840347777574,1.23797282927212,2.99371341555991,""
"2021","SANPETE COUNTY",2050,7,11414.20584,3011.4838257,17020.57987,21239.8774,5682.62826,10177.0413,37099.54696,34088.0631343,1.49117512935968,1.2478938768377,2.98645947095519,""
"2021","SANPETE COUNTY",2051,7,11480.71548,3031.7818268,17055.85385,21468.5029,5682.5838,10121.6211,37272.7078,34240.9259732,1.48560896572275,1.25871756927608,2.98247317711596,""
"2021","SANPETE COUNTY",2052,7,11536.5957,3048.8556393,17080.29153,21702.9041,5689.98675,10055.3158,37448.20665,34399.3510107,1.48053134340142,1.2706401446299,2.98175925595624,""
"2021","SANPETE COUNTY",2053,7,11617.45956,3064.8860187,17109.06815,21937.1775,5710.07156,9990.9482,37638.19726,34573.3112413,1.47270305195708,1.28219592719315,2.97597861759202,""
"2021","SANPETE COUNTY",2054,7,11722.44127,3079.3492822,17129.32926,22173.3896,5743.59108,9936.5555,37853.53618,34774.1868978,1.4612424891253,1.29446922663684,2.96646288062828,""
"2021","SANPETE COUNTY",2055,7,11865.22231,3092.0179821,17160.49792,22410.3887,5795.26751,9898.6778,38104.33401,35012.3160279,1.44628541055966,1.30592881421473,2.95083523200334,""
"2021","SANPETE COUNTY",2056,7,12031.27946,3112.4058057,17193.93234,22645.2587,5875.04387,9883.3644,38403.66697,35291.2611643,1.42910256528943,1.31704942489032,2.93329244671206,""
"2021","SANPETE COUNTY",2057,7,12189.04159,3132.9572551,17244.90343,22846.0863,6013.48438,9892.8414,38752.41208,35619.4548249,1.41478747961184,1.32480221723109,2.92225230030575,""
"2021","SANPETE COUNTY",2058,7,12359.6915,3152.6173252,17287.02456,23054.8924,6171.25723,9926.6309,39152.78053,36000.1632048,1.39866149248143,1.33365301356406,2.91270726334877,""
"2021","SANPETE COUNTY",2059,7,12528.66985,3172.2847491,17332.51045,23320.5252,6298.16117,9983.4504,39602.13677,36429.8520209,1.38342782254734,1.34547879069647,2.90771905214662,""
"2021","SANPETE COUNTY",2060,7,12702.82375,3188.1715368,17391.78386,23625.7488,6406.61136,10063.6171,40095.97726,36907.8057232,1.3691273847675,1.35844310107474,2.90548042305948,""
"2021","SEVIER COUNTY",2020,7,7464.000297,321.2918236,12637.74606,11462.6791,3654.1387,6454.172,21570.9898,21249.6979764,1.69315990851172,0.907019261629316,2.8469583508646,""
"2021","SEVIER COUNTY",2021,7,7601.176438,322.8899274,13143.98609,11602.2125,3761.67819,6434.7609,21798.65159,21475.7616626,1.72920418269602,0.882701215640133,2.8253207694585,""
"2021","SEVIER COUNTY",2022,7,7723.23148,329.4892338,13225.24189,11753.3725,3888.465436,6361.9166,22003.754536,21674.2653022,1.71239744972657,0.888707563744983,2.80637261207662,""
"2021","SEVIER COUNTY",2023,7,7855.783157,333.8817645,13539.61842,11926.0532,4016.443908,6284.1017,22226.598808,21892.7170435,1.72352242283258,0.880826388902029,2.78682807378564,""
"2021","SEVIER COUNTY",2024,7,7993.146966,339.2301464,13583.16119,12094.7966,4162.097236,6191.2615,22448.155336,22108.9251896,1.69935086240475,0.890425758099982,2.7659850724181,""
"2021","SEVIER COUNTY",2025,7,8102.05423,344.974544,13427.9049,12194.7794,4305.427565,6054.8237,22555.030665,22210.056121,1.65734571983974,0.908166947175802,2.74128702308131,""
"2021","SEVIER COUNTY",2026,7,8209.28943,350.9638893,13355.20128,12250.1162,4463.120134,5912.6124,22625.848734,22274.8848447,1.62684010520993,0.917254329842642,2.71337550401119,""
"2021","SEVIER COUNTY",2027,7,8306.998611,355.5138216,13373.87905,12292.2455,4604.958277,5775.6691,22672.872877,22317.3590554,1.60995320647948,0.919123423656205,2.68657310545926,""
"2021","SEVIER COUNTY",2028,7,8393.08174,358.7972555,13124.53901,12335.709,4732.039137,5638.69,22706.438137,22347.6408815,1.56373301447199,0.939896554888597,2.66262638370301,""
"2021","SEVIER COUNTY",2029,7,8482.339759,364.6848214,13131.42973,12384.6785,4840.615166,5502.613,22727.906666,22363.2218446,1.54809051548155,0.943132526666615,2.63644495268796,""
"2021","SEVIER COUNTY",2030,7,8564.85754,371.3293134,12958.13358,12400.6675,4916.592134,5421.6624,22738.922034,22367.5927206,1.51294210317945,0.956979446418085,2.61155455489339,""
"2021","SEVIER COUNTY",2031,7,8640.27252,376.6569442,12947.55773,12403.9043,4973.220221,5368.5604,22745.684921,22369.0279768,1.49851265686699,0.95801112137617,2.58892620863769,""
"2021","SEVIER COUNTY",2032,7,8713.381041,383.0289547,12923.78007,12434.5564,5024.255743,5301.3752,22760.187343,22377.1583883,1.48321070881537,0.962145466160041,2.56813724580692,""
"2021","SEVIER COUNTY",2033,7,8784.594647,390.9339946,12941.95705,12504.191,5057.887037,5218.6484,22780.726437,22389.7924424,1.47325603173048,0.966174663668815,2.54875646994665,""
"2021","SEVIER COUNTY",2034,7,8864.061964,399.238962,13011.85267,12562.2787,5084.820031,5159.1649,22806.263631,22407.024669,1.46793340602148,0.965448888686195,2.52785063552157,""
"2021","SEVIER COUNTY",2035,7,8934.631869,407.1411806,13073.45997,12603.6286,5136.95511,5105.599,22846.18271,22439.0415294,1.46323431806522,0.964062201507624,2.51146794388424,""
"2021","SEVIER COUNTY",2036,7,8994.796627,415.5271797,13136.8045,12643.926,5188.843578,5053.7489,22886.518478,22470.9912983,1.46048933008299,0.962481096525414,2.49822116387246,""
"2021","SEVIER COUNTY",2037,7,9051.384459,422.6463658,13199.02484,12634.4656,5244.090337,5048.7264,22927.282337,22504.6359712,1.45823270459757,0.957227200733111,2.48631975286644,""
"2021","SEVIER COUNTY",2038,7,9101.402902,430.3707651,13255.5345,12624.9988,5297.547967,5044.3277,22966.874467,22536.5037019,1.45642761261422,0.952432268951508,2.47615713144044,""
"2021","SEVIER COUNTY",2039,7,9151.855958,440.1010649,13311.02249,12615.5407,5362.587869,5027.1565,23005.285069,22565.1840041,1.45446153775665,0.947751437538139,2.4656402054028,""
"2021","SEVIER COUNTY",2040,7,9201.907775,449.7439431,13386.16645,12569.2616,5436.36202,5038.1276,23043.75122,22594.0072769,1.45471643243023,0.938973950977578,2.45536119567336,""
"2021","SEVIER COUNTY",2041,7,9266.808097,457.8606308,13473.16449,12505.8544,5525.67878,5050.2668,23081.79998,22623.9393492,1.4539164239693,0.928204684896562,2.4413950426495,""
"2021","SEVIER COUNTY",2042,7,9328.370645,467.7724831,13569.75323,12416.8355,5637.55901,5063.3712,23117.76571,22649.9932269,1.45467560696394,0.915037678986591,2.42807603694868,""
"2021","SEVIER COUNTY",2043,7,9390.447913,479.3256549,13661.54124,12315.7628,5762.20108,5074.9499,23152.91378,22673.5881251,1.45483382332457,0.901491463052524,2.41453744647377,""
"2021","SEVIER COUNTY",2044,7,9470.071562,490.4487552,13772.30452,12211.6197,5890.71878,5083.1961,23185.53458,22695.0858248,1.45429782972954,0.886679471998779,2.39650626462711,""
"2021","SEVIER COUNTY",2045,7,9539.247455,500.0750497,13884.54606,12105.1887,6027.26137,5081.7485,23214.19857,22714.1235203,1.4555179667472,0.871846198477734,2.38112320992306,""
"2021","SEVIER COUNTY",2046,7,9599.280159,509.1596997,14002.23761,12012.6075,6155.48204,5073.7593,23241.84884,22732.6891403,1.45867579423358,0.85790627431011,2.36816602534373,""
"2021","SEVIER COUNTY",2047,7,9655.446098,520.8144248,14122.85452,11940.362,6267.86941,5057.8836,23266.11501,22745.3005852,1.46268275713593,0.845463782345893,2.35569650064241,""
"2021","SEVIER COUNTY",2048,7,9712.667445,533.8958326,14245.31537,11871.5084,6383.16703,5033.9902,23288.66563,22754.7697974,1.46667385151062,0.833362273256573,2.34279305105972,""
"2021","SEVIER COUNTY",2049,7,9782.732973,546.0206907,14364.12623,11816.806,6489.76424,5001.973,23308.54324,22762.5225493,1.46831425018392,0.822660968776519,2.32680607884563,""
"2021","SEVIER COUNTY",2050,7,9841.55295,558.0506602,14475.43882,11771.141,6593.12686,4962.0562,23326.32406,22768.2733998,1.47084905131766,0.81318025286642,2.31348380844712,""
"2021","SEVIER COUNTY",2051,7,9894.169195,571.7149302,14569.7104,11745.9171,6684.01748,4914.3937,23344.32828,22772.6133498,1.47255521033163,0.806187410561023,2.30161956006454,""
"2021","SEVIER COUNTY",2052,7,9962.907497,586.2833542,14657.92715,11728.6384,6773.22427,4860.1736,23362.03627,22775.7529158,1.47124994931587,0.800156685183143,2.28605484118548,""
"2021","SEVIER COUNTY",2053,7,10020.114066,596.4261191,14743.96341,11707.6038,6873.03989,4801.6902,23382.33389,22785.9077709,1.47143668354324,0.794060828451283,2.27401680468055,""
"2021","SEVIER COUNTY",2054,7,10074.857831,606.8470916,14829.32793,11690.0367,6974.98031,4741.1961,23406.21311,22799.3660184,1.47191436134917,0.788305225643493,2.2629963023644,""
"2021","SEVIER COUNTY",2055,7,10149.971008,620.0704258,14920.42834,11666.6711,7087.039,4680.0269,23433.737,22813.6665742,1.46999713873468,0.781926016743297,2.24765829934083,""
"2021","SEVIER COUNTY",2056,7,10246.057267,632.6198639,15005.58478,11637.4966,7209.81368,4619.294,23466.60428,22833.9844161,1.46452282951114,0.775544357025718,2.22856302878987,""
"2021","SEVIER COUNTY",2057,7,10351.730046,644.1447535,15102.34066,11587.5419,7356.88932,4560.2411,23504.67232,22860.5275665,1.45891948426878,0.76726794613306,2.20837748520437,""
"2021","SEVIER COUNTY",2058,7,10456.189248,656.4779935,15204.5841,11554.2725,7491.36394,4503.4474,23549.08384,22892.6058465,1.45412288735193,0.759920325607591,2.18938327372745,""
"2021","SEVIER COUNTY",2059,7,10546.929746,669.6107909,15306.66784,11560.3005,7587.79835,4449.8777,23597.97655,22928.3657591,1.45129134341728,0.755246054911452,2.17393746912894,""
"2021","SEVIER COUNTY",2060,7,10636.092117,679.8253097,15412.51162,11589.8542,7659.40398,4400.9351,23650.19328,22970.3679703,1.44907654526287,0.75197699672521,2.15966237576917,""
"2021","STATE OF UTAH",2020,7,1057251.99779587,53546.64080331,2111603.5798833,1959286.906225,376219.670246304,949316.583163,3284823.1596343,3231276.51883099,1.99725664674601,0.927866823531944,3.05629738753624,""
"2021","STATE OF UTAH",2021,7,1082726.45229787,54224.27911422,2210848.9670928,1998291.07452,393842.52083237,951418.550655,3343552.14600737,3289327.86689315,2.0419275454116,0.903856891295335,3.0380045300567,""
"2021","STATE OF UTAH",2022,7,1109334.8150113,55306.65615924,2274963.5645704,2037815.664319,413681.032244157,951693.419721,3403190.11628416,3347883.46012492,2.05074566648954,0.895757495221167,3.01791976130382,""
"2021","STATE OF UTAH",2023,7,1136683.90741083,56976.36803645,2336387.559965,2080029.251683,434133.925257787,950723.425071,3464886.60201179,3407910.23397534,2.05544175010526,0.890275777582962,2.99811602131148,""
"2021","STATE OF UTAH",2024,7,1164425.05452652,58362.11961085,2383803.7102079,2123804.358696,454740.245233595,948447.498825,3526992.1027546,3468629.98314375,2.04719376394491,0.890930888982791,2.97883489337506,""
"2021","STATE OF UTAH",2025,7,1192325.54080413,59336.85467448,2418945.0715801,2167522.174487,475767.518500561,945035.437475,3588325.13046256,3528988.27578808,2.02876227070395,0.896060931665197,2.95975231177892,""
"2021","STATE OF UTAH",2026,7,1220283.92586074,59220.77476695,2448494.4376055,2210160.879306,496573.578392075,941112.182918,3647846.64061608,3588625.86584913,2.00649568982762,0.90266118042213,2.94081220755068,""
"2021","STATE OF UTAH",2027,7,1248097.0626802,60004.32080434,2479603.3208046,2253174.010386,516790.775323618,937400.48132,3707365.26702962,3647360.94622528,1.98670711994132,0.908683252470751,2.92233757716954,""
"2021","STATE OF UTAH",2028,7,1275878.18881366,60793.49113737,2510434.4207314,2295486.870614,536230.522486419,934090.631911,3765808.02501142,3705014.53387405,1.96761292946442,0.914378344902244,2.9038936211607,""
"2021","STATE OF UTAH",2029,7,1303638.43197213,61530.90488222,2550198.2548495,2336563.370517,554396.899614415,932086.700216,3823046.97034742,3761516.0654652,1.95621592023149,0.916228126999049,2.88539826167507,""
"2021","STATE OF UTAH",2030,7,1331264.72984276,62243.55794786,2573957.3155309,2375964.529387,571092.21458291,932104.582324,3879161.32629391,3816917.76834605,1.93346767012668,0.923078450077925,2.8671365527703,""
"2021","STATE OF UTAH",2031,7,1359356.26750733,62956.71459654,2594355.8762855,2415932.849569,586381.956793935,932286.998367,3934601.80472993,3871645.09013339,1.90851797891277,0.931226464207386,2.8481459810627,""
"2021","STATE OF UTAH",2032,7,1387747.47836013,63625.69197595,2621573.4874805,2455030.444022,601374.370012421,933523.307729,3989928.12176342,3926302.42978747,1.8890853907934,0.936472105682394,2.82926288176513,""
"2021","STATE OF UTAH",2033,7,1416545.47782223,64228.60593005,2647310.0068307,2493559.131794,616498.724212812,935748.49841,4045806.35441681,3981577.74848676,1.86884928742325,0.941921847218503,2.81076591667778,""
"2021","STATE OF UTAH",2034,7,1445551.04365285,64816.91578343,2681569.0397309,2530068.53512,632321.697791193,939378.10786,4101768.34077119,4036951.42498776,1.85504970682646,0.943503037823668,2.7926730382253,""
"2021","STATE OF UTAH",2035,7,1474129.38614506,65399.77148716,2709616.5117844,2563356.226544,649779.351609608,945045.108682,4158180.68683561,4092780.91534845,1.8381130837302,0.946021776659428,2.77640548639447,""
"2021","STATE OF UTAH",2036,7,1502118.18607902,66052.25718048,2741150.8672299,2593134.391526,668017.249259318,953669.519052,4214821.15983732,4148768.90265684,1.8248569870425,0.94600206888522,2.76194572511393,""
"2021","STATE OF UTAH",2037,7,1529715.4368624,66744.16142594,2775045.8330667,2621584.457262,685752.5341169,964144.754204,4271481.7455829,4204737.58415696,1.81409284772506,0.944699516679654,2.74870572842051,""
"2021","STATE OF UTAH",2038,7,1556903.2171387,67459.87681458,2806771.3126431,2649048.262853,702901.335743,976019.440168,4327969.038764,4260509.16194942,1.80279113161666,0.943806234202396,2.73652794537829,""
"2021","STATE OF UTAH",2039,7,1583903.6860175,68229.57389164,2838505.4882805,2674828.542946,720482.1171513,988883.095169,4384193.7552663,4315964.18137466,1.79209475509052,0.942336928355333,2.72489054699187,""
"2021","STATE OF UTAH",2040,7,1610383.3251143,69084.81886566,2871064.0813023,2698103.227181,739616.6440794,1002840.4041,4440560.2753604,4371475.45649474,1.78284513787953,0.939757229646074,2.71455583793037,""
"2021","STATE OF UTAH",2041,7,1640619.0370855,70038.55844872,2902497.566942,2718643.321576,760452.7358725,1017417.972413,4496514.0298615,4426475.47141278,1.76914780417164,0.936656537645369,2.69805199827271,""
"2021","STATE OF UTAH",2042,7,1669733.2314749,71072.83531509,2934566.4288717,2736645.038229,783187.5410511,1031911.487634,4551744.0669141,4480671.23159901,1.75750615341084,0.932555150670487,2.68346532675832,""
"2021","STATE OF UTAH",2043,7,1698139.7314812,72208.47561728,2967716.0190949,2752754.949459,807615.5973969,1045936.715828,4606307.2626839,4534098.78706662,1.74762769168961,0.927566833129317,2.67003869175816,""
"2021","STATE OF UTAH",2044,7,1726112.9713327,73466.19290751,3002290.9977658,2768058.542789,832645.469482,1059120.362659,4659824.37493,4586358.18202249,1.73933632828666,0.92198209462337,2.65704403952277,""
"2021","STATE OF UTAH",2045,7,1753636.3411761,74842.25552382,3036888.2874244,2782633.145724,858833.9964371,1071295.306455,4712762.4486161,4637920.19309228,1.73176628250511,0.916277742993294,2.6447445711474,""
"2021","STATE OF UTAH",2046,7,1781137.5473475,76334.35993111,3071241.0464002,2797676.688911,885644.2746502,1082250.773318,4765571.7368792,4689237.37694809,1.72431435796407,0.910927096455081,2.63272052398838,""
"2021","STATE OF UTAH",2047,7,1808384.3602824,77863.0538743,3104699.6602459,2813616.244631,912301.8709015,1091810.247598,4817728.3631305,4739865.3092562,1.71683615963205,0.906244259519826,2.6210497134116,""
"2021","STATE OF UTAH",2048,7,1835389.1919286,79441.3616741,3137456.0690093,2830658.131428,938866.8366955,1099797.807711,4869322.7758345,4789881.4141604,1.70942276592166,0.902214427602113,2.60973609042955,""
"2021","STATE OF UTAH",2049,7,1862357.872236,81068.8752055,3169587.9383241,2849074.337075,964855.7770905,1106140.355436,4920070.4696015,4839001.594396,1.70192205567805,0.898878463861593,2.59831993975796,""
"2021","STATE OF UTAH",2050,7,1889343.5233047,82716.7014797,3199703.3222121,2867656.632863,991380.3783189,1110892.128275,4969929.1394569,4887212.4379772,1.69355296310298,0.896225788483558,2.58672516548438,""
"2021","STATE OF UTAH",2051,7,1916736.8720827,84431.8248895,3228390.2515787,2886735.746908,1018839.889892,1114281.104384,5019856.741184,4935424.9162945,1.68431582790536,0.894171869555228,2.57490998800046,""
"2021","STATE OF UTAH",2052,7,1944397.1126544,86162.8275995,3254789.3975592,2906878.013496,1046305.6570696,1116385.121892,5069568.7924576,4983405.9648581,1.6739324371429,0.893107866111367,2.56295688387183,""
"2021","STATE OF UTAH",2053,7,1972781.7767439,87894.4480558,3280858.4616382,2928095.735896,1073652.5071312,1117270.777139,5119019.0201662,5031124.5721104,1.66306202759704,0.892478529669318,2.55026918406268,""
"2021","STATE OF UTAH",2054,7,2002086.1321294,89589.1685114,3306395.3768964,2949367.818531,1101294.0926972,1117056.431485,5167718.3427132,5078129.1742018,1.65147509082426,0.892019097032331,2.53641893458437,""
"2021","STATE OF UTAH",2055,7,2032249.1752534,91197.31033159,3332433.614573,2969745.07162,1129937.8847062,1115946.901226,5215629.8575522,5124432.54722061,1.6397760939711,0.891164060593155,2.52155720352631,""
"2021","STATE OF UTAH",2056,7,2062991.4058077,92726.72916668,3357684.5899654,2988809.37093,1160164.379437,1114330.344514,5263304.094881,5170577.36571432,1.62758050300787,0.890140002983663,2.50634944535309,""
"2021","STATE OF UTAH",2057,7,2093809.6207995,94211.6246584,3381601.5187031,3010340.417167,1187860.288101,1112420.380671,5310621.085939,5216409.4612806,1.61504727321478,0.890211457653211,2.49134850153605,""
"2021","STATE OF UTAH",2058,7,2124912.2114045,95671.3087484,3404625.8571691,3036194.078614,1211362.935708,1110237.485677,5357794.499999,5262123.1912506,1.60224306627649,0.891784943776041,2.47639557201872,""
"2021","STATE OF UTAH",2059,7,2156672.9383385,97083.3697487,3426669.4425716,3067051.129437,1229576.907967,1108009.389606,5404637.42701,5307554.0572613,1.58886838224599,0.895053106475097,2.46099163341394,""
"2021","STATE OF UTAH",2060,7,2188829.6616075,98398.9072268,3448349.7722743,3099467.198587,1245287.071531,1105844.240432,5450598.51055,5352199.6033232,1.5754308490784,0.898826222185344,2.44523349495935,""
"2021","SUMMIT COUNTY",2020,7,15688.000338,124.39377,38852.22348,26041.1919,6027.497565,10325.1956,42393.885065,42269.491295,2.47655677224145,0.67026258904861,2.69438362979974,""
"2021","SUMMIT COUNTY",2021,7,16033.223661,124.6533973,40608.28086,26248.9413,6520.807532,10073.3729,42843.121732,42718.4683347,2.53275833473075,0.646393807964812,2.66437175941171,""
"2021","SUMMIT COUNTY",2022,7,16408.779723,125.1366552,43780.98831,26419.1226,7046.025968,9825.948,43291.096568,43165.9599128,2.66814406976484,0.603438241570385,2.63066240399917,""
"2021","SUMMIT COUNTY",2023,7,16777.883624,126.5615,45923.48542,26519.6176,7598.591375,9593.9002,43712.109175,43585.547675,2.73714411478624,0.577473973446504,2.59779771106845,""
"2021","SUMMIT COUNTY",2024,7,17134.652003,127.7540738,47559.4194,26634.5596,8142.992497,9350.9197,44128.471797,44000.7177232,2.77562797258288,0.560027013281832,2.56793763395348,""
"2021","SUMMIT COUNTY",2025,7,17492.220017,128.2605045,48404.85827,26776.5513,8658.325582,9121.244,44556.120882,44427.8603775,2.76722212634858,0.553179004277663,2.53986402722595,""
"2021","SUMMIT COUNTY",2026,7,17863.350195,128.9470665,49161.98863,26921.9631,9152.5286,8931.6905,45006.1822,44877.2351335,2.75211469815783,0.547617455075271,2.51225188128827,""
"2021","SUMMIT COUNTY",2027,7,18244.513533,129.6872908,49951.33495,27077.4554,9622.530816,8784.6902,45484.676416,45354.9891252,2.73788253436574,0.542076711805677,2.48595223123727,""
"2021","SUMMIT COUNTY",2028,7,18627.754477,130.142012,50735.55065,27230.4436,10099.217739,8663.2518,45992.913139,45862.771127,2.7236536058409,0.536713276019209,2.46206654611148,""
"2021","SUMMIT COUNTY",2029,7,18999.818129,130.599956,51893.12607,27396.3558,10571.521066,8559.2735,46527.150366,46396.55041,2.73124330547112,0.52793805027364,2.4419470804925,""
"2021","SUMMIT COUNTY",2030,7,19363.17537,131.1490486,52424.46799,27563.0889,11004.290834,8511.56,47078.939734,46947.7906854,2.70743134781617,0.525767641652705,2.4245915139589,""
"2021","SUMMIT COUNTY",2031,7,19734.656633,131.9625314,52822.4517,27753.1437,11375.600596,8506.2772,47635.021496,47503.0589646,2.67663393806767,0.525404308335048,2.40708819251337,""
"2021","SUMMIT COUNTY",2032,7,20085.098841,132.3568177,53238.82678,27926.2551,11731.16025,8520.0674,48177.48275,48045.1259323,2.65066292187335,0.524546778902553,2.39207814273858,""
"2021","SUMMIT COUNTY",2033,7,20428.879273,132.2431165,53647.41764,28149.0492,12051.909152,8512.0001,48712.958452,48580.7153355,2.62605779412009,0.524704644478765,2.37804113903141,""
"2021","SUMMIT COUNTY",2034,7,20791.470882,132.1933816,54210.95081,28351.9326,12371.497274,8515.8146,49239.244474,49107.0510924,2.60736487176252,0.522992719669659,2.36188441746629,""
"2021","SUMMIT COUNTY",2035,7,21142.190695,132.3194723,54682.98117,28513.3399,12726.619289,8525.2744,49765.233589,49632.9141167,2.58643874510753,0.5214298725111,2.347576693102,""
"2021","SUMMIT COUNTY",2036,7,21484.243245,132.5101667,55199.92175,28665.2812,13066.978065,8556.8473,50289.106565,50156.5963983,2.56932120533715,0.519299308608168,2.33457589482343,""
"2021","SUMMIT COUNTY",2037,7,21781.719378,132.7013191,55725.04018,28811.249,13371.272253,8624.2582,50806.779453,50674.0781339,2.55833982675782,0.517025181263853,2.32644986626179,""
"2021","SUMMIT COUNTY",2038,7,22060.054043,133.0711165,56102.99876,28997.013,13638.42788,8679.4281,51314.86898,51181.7978635,2.54319407607264,0.516853174356058,2.32011207967737,""
"2021","SUMMIT COUNTY",2039,7,22357.837007,133.3993066,56459.34227,29162.8278,13876.06791,8773.1803,51812.07601,51678.6767034,2.52525958805063,0.516527940770855,2.31143454025629,""
"2021","SUMMIT COUNTY",2040,7,22639.467209,133.4633043,56784.29841,29302.9546,14109.17792,8890.778,52302.91052,52169.4472157,2.50819941502096,0.516039740218743,2.30435843450242,""
"2021","SUMMIT COUNTY",2041,7,22958.20107,133.3880569,57124.74228,29444.6699,14324.47459,9013.6683,52782.81279,52649.4247331,2.48820637583169,0.515445124560481,2.29327309106541,""
"2021","SUMMIT COUNTY",2042,7,23260.82178,133.1873702,57447.81099,29579.9774,14535.29086,9132.7943,53248.06256,53114.8751898,2.46972405073816,0.514901732376696,2.28344792338631,""
"2021","SUMMIT COUNTY",2043,7,23538.87855,132.7487964,57777.58239,29713.2453,14744.33567,9242.9033,53700.48427,53567.7354736,2.45455968801878,0.514269446226305,2.2757131508969,""
"2021","SUMMIT COUNTY",2044,7,23808.74776,132.5622256,58117.35793,29867.2963,14928.24113,9339.7516,54135.28903,54002.7268044,2.44100859548944,0.513913525387268,2.26818845530077,""
"2021","SUMMIT COUNTY",2045,7,24075.90092,132.6755838,58418.63671,30028.0804,15106.91088,9421.7005,54556.69178,54424.0161962,2.42643616552979,0.514015425403788,2.26051836552416,""
"2021","SUMMIT COUNTY",2046,7,24351.93929,132.9079549,58692.0793,30201.7301,15283.51805,9486.5241,54971.77225,54838.8642951,2.41016038193318,0.514579317349215,2.25193006774698,""
"2021","SUMMIT COUNTY",2047,7,24624.34131,133.2237497,58908.95824,30412.2992,15427.6551,9532.5831,55372.5374,55239.3136503,2.3923059503759,0.516259328099094,2.24328086403949,""
"2021","SUMMIT COUNTY",2048,7,24883.25491,133.7591537,59153.34255,30645.3329,15557.61933,9558.8498,55761.80203,55628.0428763,2.37723492219772,0.518065955006629,2.23556134748049,""
"2021","SUMMIT COUNTY",2049,7,25122.72788,134.2968511,59382.7753,30843.5184,15726.96366,9564.76,56135.24206,56000.9452089,2.36370730056246,0.519401766660104,2.2290949245795,""
"2021","SUMMIT COUNTY",2050,7,25379.10394,134.5624534,59581.54986,30969.9541,15971.26364,9551.2879,56492.50564,56357.9431866,2.34766168265277,0.51979101202924,2.2206435388672,""
"2021","SUMMIT COUNTY",2051,7,25651.93698,135.0471312,59772.12507,31061.2914,16261.0266,9521.3651,56843.6831,56708.6359688,2.33012131273371,0.519661821687345,2.21069605827482,""
"2021","SUMMIT COUNTY",2052,7,25901.1794,135.6664201,59890.40042,31158.8453,16549.74719,9476.6947,57185.28719,57049.6207699,2.31226537969927,0.520264434391638,2.20258776208083,""
"2021","SUMMIT COUNTY",2053,7,26152.8844,136.1697459,59939.71646,31330.484,16770.50623,9418.7635,57519.75373,57383.5839841,2.29189696796886,0.522699903342185,2.19415889683281,""
"2021","SUMMIT COUNTY",2054,7,26410.83969,136.6447842,59997.86129,31607.8324,16886.54599,9348.806,57843.18439,57706.5396058,2.27171350832579,0.526815985110259,2.18495664216422,""
"2021","SUMMIT COUNTY",2055,7,26675.39711,137.0306512,60062.52709,31934.5968,16950.30635,9268.2095,58153.11265,58016.0819988,2.25160760840122,0.531689197028756,2.17489103384523,""
"2021","SUMMIT COUNTY",2056,7,26985.66608,137.3214723,60054.16356,32252.2023,17021.93065,9179.9451,58454.07805,58316.7565777,2.22540971869908,0.537051894291674,2.16102713213814,""
"2021","SUMMIT COUNTY",2057,7,27287.19923,137.4702746,60068.05041,32488.1714,17173.11544,9086.5636,58747.85044,58610.3801654,2.20132707295076,0.540856098678898,2.14790751045504,""
"2021","SUMMIT COUNTY",2058,7,27566.38002,137.6358271,60085.51256,32663.2147,17386.03019,8989.6694,59038.91429,58901.2784629,2.17966640945988,0.543612150555981,2.13670704750373,""
"2021","SUMMIT COUNTY",2059,7,27825.52157,138.0004501,60066.73275,32857.1704,17576.24268,8892.1303,59325.54338,59187.5429299,2.15869206975659,0.547011114067961,2.12709554360026,""
"2021","SUMMIT COUNTY",2060,7,28077.67764,138.5048067,60045.86336,33072.0981,17735.98491,8795.2976,59603.38061,59464.8758033,2.13856231736408,0.550780624165881,2.11787016596363,""
"2021","TOOELE COUNTY",2020,7,22086.999986,412.6300647,23890.25144,42066.5712,7032.052872,24049.986,73148.610072,72735.9800073,1.08164311382909,1.76082580401674,3.29315796864238,""
"2021","TOOELE COUNTY",2021,7,23180.663865,409.223093,25538.41032,44213.052,7511.45543,24431.542,76156.04943,75746.826337,1.10171177446561,1.7312374359251,3.26767286640865,""
"2021","TOOELE COUNTY",2022,7,24139.860679,423.46217,26416.03404,45972.3806,8072.155763,24459.125,78503.661363,78080.199193,1.09429107281386,1.74032106902903,3.23449253627733,""
"2021","TOOELE COUNTY",2023,7,25147.893696,439.904612,26998.45663,47872.6972,8611.948984,24491.314,80975.960184,80536.055572,1.0735871940756,1.77316421660952,3.20249705782755,""
"2021","TOOELE COUNTY",2024,7,26196.687978,458.476606,27401.11864,49882.3916,9132.028695,24470.626,83485.046295,83026.569689,1.04597644797737,1.82045091864177,3.16935368924216,""
"2021","TOOELE COUNTY",2025,7,27263.935738,476.255284,27915.75804,51918.8799,9677.420361,24361.168,85957.468261,85481.212977,1.02390785792132,1.85984130631905,3.13532183315184,""
"2021","TOOELE COUNTY",2026,7,28332.940119,493.739005,28364.39391,53841.5702,10264.800224,24234.064,88340.434424,87846.695419,1.00111014920682,1.89820978973987,3.1005146324398,""
"2021","TOOELE COUNTY",2027,7,29378.746862,512.610338,28804.38377,55583.4332,10880.828677,24135.63,90599.891877,90087.281539,0.980449707582902,1.92968659367365,3.06640994465028,""
"2021","TOOELE COUNTY",2028,7,30390.794799,531.108501,29293.45117,57160.5498,11505.691563,24056.573,92722.814363,92191.705862,0.96389223657171,1.95130814284318,3.03354046749161,""
"2021","TOOELE COUNTY",2029,7,31370.762447,550.95813,29824.99742,58552.8072,12101.321489,24060.068,94714.196689,94163.238559,0.950725933754032,1.96321248164587,3.00162416256494,""
"2021","TOOELE COUNTY",2030,7,32316.06231,572.282118,30285.81752,59809.0209,12676.725763,24113.902,96599.648663,96027.366545,0.937175365905525,1.97481943026645,2.97150579869024,""
"2021","TOOELE COUNTY",2031,7,33254.52121,594.850385,30614.05268,61029.9068,13221.036097,24172.359,98423.301897,97828.451512,0.920598209388563,1.99352589602978,2.94180905189463,""
"2021","TOOELE COUNTY",2032,7,34187.15579,618.641994,31053.45917,62217.3312,13776.672203,24254.331,100248.334403,99629.692409,0.908337018754961,2.00355557361245,2.91424337903367,""
"2021","TOOELE COUNTY",2033,7,35135.66321,642.756322,31464.42863,63325.5695,14390.203604,24379.868,102095.641104,101452.884782,0.895512586227343,2.01260827726017,2.88746178421717,""
"2021","TOOELE COUNTY",2034,7,36102.36975,668.481306,31947.97226,64384.207,15046.764116,24522.974,103953.945116,103285.46381,0.884927290957126,2.01528305070589,2.86090537893292,""
"2021","TOOELE COUNTY",2035,7,37068.28538,695.884402,32371.24908,65372.966,15755.266723,24697.439,105825.671723,105129.787321,0.873286928385032,2.01947616659592,2.83611141554776,""
"2021","TOOELE COUNTY",2036,7,38037.27925,726.896148,32828.78736,66295.478,16549.193449,24866.226,107710.897449,106984.001301,0.863068758000088,2.01943121666374,2.81260919315095,""
"2021","TOOELE COUNTY",2037,7,38998.95207,760.858878,33299.96426,67135.138,17388.91535,25075.181,109599.23435,108838.375472,0.853868180873918,2.01607237400681,2.79080256507005,""
"2021","TOOELE COUNTY",2038,7,39941.0566,796.370509,33719.92375,67974.988,18225.32987,25286.735,111487.05287,110690.682361,0.844242156327932,2.01587015747626,2.77135088011167,""
"2021","TOOELE COUNTY",2039,7,40870.54514,833.035391,34137.32408,68794.789,19070.23952,25501.656,113366.68452,112533.649129,0.835254924128472,2.01523671974936,2.7534168860122,""
"2021","TOOELE COUNTY",2040,7,41786.91929,870.492941,34571.81522,69500.909,19962.1112,25789.768,115252.7882,114382.295259,0.82733582200862,2.01033438822134,2.73727513782938,""
"2021","TOOELE COUNTY",2041,7,42886.34833,908.965361,34956.49746,70129.198,20900.74644,26097.031,117126.97544,116218.010079,0.815096151134582,2.00618491827585,2.70990687257238,""
"2021","TOOELE COUNTY",2042,7,43981.52283,950.931859,35362.55633,70689.05,21896.33623,26395.485,118980.87123,118029.939371,0.804032103815174,1.99898020211934,2.68362557220259,""
"2021","TOOELE COUNTY",2043,7,45086.87482,997.420932,35774.03509,71190.192,22948.56859,26674.941,120813.70159,119816.280658,0.793446767663991,1.98999614723082,2.65745366331869,""
"2021","TOOELE COUNTY",2044,7,46187.27068,1047.895944,36207.61841,71650.48,24035.79299,26926.304,122612.57699,121564.681046,0.783930677802068,1.97887856607026,2.631995336729,""
"2021","TOOELE COUNTY",2045,7,47277.52068,1099.533304,36646.61952,72081.738,25161.83778,27149.804,124393.37978,123293.846476,0.775138353130746,1.96694098784913,2.60787462419021,""
"2021","TOOELE COUNTY",2046,7,48399.65883,1154.062255,37078.89497,72510.955,26316.38204,27339.949,126167.28604,125013.223785,0.766098271482382,1.95558565212549,2.58293605382838,""
"2021","TOOELE COUNTY",2047,7,49539.42422,1211.012868,37509.58388,72988.082,27437.14203,27492.156,127917.38003,126706.367162,0.757166327033262,1.94585155179279,2.55768752174649,""
"2021","TOOELE COUNTY",2048,7,50673.65472,1268.960793,37927.08755,73548.5,28493.99261,27602.535,129645.02761,128376.066817,0.74845770962383,1.93920769431715,2.53338875055192,""
"2021","TOOELE COUNTY",2049,7,51808.81743,1330.800134,38330.37382,74220.713,29450.83673,27668.793,131340.34273,130009.542596,0.739842670058798,1.93634200773886,2.50940957630733,""
"2021","TOOELE COUNTY",2050,7,52932.92629,1395.699163,38715.31675,74980.42,30327.33367,27693.376,133001.12967,131605.430507,0.731403295897397,1.93671203787839,2.4862678059018,""
"2021","TOOELE COUNTY",2051,7,54074.42613,1466.949339,39063.93185,75818.695,31158.84997,27685.011,134662.55597,133195.606631,0.722410474705485,1.94088744807187,2.46319038709325,""
"2021","TOOELE COUNTY",2052,7,55212.75897,1541.381357,39399.27321,76704.189,31966.44024,27645.192,136315.82124,134774.439883,0.713590009718726,1.946842739742,2.44100172491344,""
"2021","TOOELE COUNTY",2053,7,56345.65468,1616.810751,39728.31192,77660.818,32718.95326,27576.663,137956.43426,136339.623509,0.705082089215686,1.95479783174236,2.4197007610135,""
"2021","TOOELE COUNTY",2054,7,57504.28508,1692.813746,40037.03811,78691.132,33391.22711,27485.003,139567.36211,137874.548364,0.696244428642152,1.9654583784095,2.39763955281226,""
"2021","TOOELE COUNTY",2055,7,58663.53749,1768.603422,40343.01447,79724.995,34043.53632,27377.264,141145.79532,139377.191898,0.687701700172394,1.97617843007952,2.37587431412159,""
"2021","TOOELE COUNTY",2056,7,59796.66305,1845.861266,40642.92762,80676.383,34768.93217,27267.322,142712.63717,140866.775904,0.679685546767313,1.98500422396491,2.35576315999794,""
"2021","TOOELE COUNTY",2057,7,60923.71205,1925.53639,40920.94078,81546.24,35560.3628,27164.129,144270.7318,142345.19541,0.671675106507237,1.99277529904336,2.33644980944657,""
"2021","TOOELE COUNTY",2058,7,62044.47359,2005.457976,41184.86589,82415.51,36339.72022,27070.025,145825.25522,143819.797244,0.663795879100471,2.0011115301461,2.31801140250435,""
"2021","TOOELE COUNTY",2059,7,63161.17022,2084.022154,41433.47668,83325.992,37056.4499,26991.759,147374.2009,145290.178746,0.655996026287684,2.01107893125999,2.30030853196564,""
"2021","TOOELE COUNTY",2060,7,64290.61452,2163.113835,41676.30622,84245.512,37715.2543,26929.615,148890.3813,146727.267465,0.648248683437845,2.02142463286661,2.28225019406767,""
"2021","UINTAH COUNTY",2020,7,11992.999917,209.0943329,18213.2599,19974.7585,3913.076347,11791.1721,35679.006947,35469.9126141,1.51865755240962,1.09671517398157,2.9575513098955,""
"2021","UINTAH COUNTY",2021,7,12118.72697,203.0946802,18550.2167,20142.8709,4017.58428,11814.1038,35974.55898,35771.4642998,1.53070671085513,1.08585636630326,2.9517509874059,""
"2021","UINTAH COUNTY",2022,7,12255.362745,204.8349487,18738.1631,20265.2083,4194.268394,11713.1064,36172.583094,35967.7481453,1.52897661945134,1.08149385784778,2.93485789802299,""
"2021","UINTAH COUNTY",2023,7,12371.042518,207.5822174,19114.24,20394.1871,4379.467457,11562.5308,36336.185357,36128.6031396,1.54507916145212,1.06696301291602,2.92041702120355,""
"2021","UINTAH COUNTY",2024,7,12501.016874,209.4475335,19386.3111,20564.328,4551.986932,11362.2327,36478.547632,36269.1000985,1.55077873227419,1.06076539749741,2.90129198800888,""
"2021","UINTAH COUNTY",2025,7,12644.650471,213.0496835,19528.3514,20764.1772,4710.237673,11135.756,36610.170873,36397.1211895,1.54439629982557,1.06328367278356,2.87846004703533,""
"2021","UINTAH COUNTY",2026,7,12782.8607191,215.4073823,19619.6856,20944.075,4872.923627,10922.5582,36739.556827,36524.1494447,1.53484310211442,1.06750308985583,2.85727508476456,""
"2021","UINTAH COUNTY",2027,7,12936.596129,219.5338278,19706.3044,21145.645,5020.827435,10706.6286,36873.101035,36653.5672072,1.52329903503939,1.0730396004641,2.83332391625287,""
"2021","UINTAH COUNTY",2028,7,13084.956336,224.92190284,19834.5376,21355.5959,5148.7624947,10510.9187,37015.2770947,36790.35519186,1.51582757257127,1.07668735872118,2.81165288191604,""
"2021","UINTAH COUNTY",2029,7,13233.564666,230.39704109,19988.6951,21529.5229,5271.131359,10367.8445,37168.498759,36938.10171791,1.51045433369555,1.07708496188928,2.79124352736283,""
"2021","UINTAH COUNTY",2030,7,13359.181007,235.96526322,19679.08429,21678.2261,5371.303005,10210.0336,37259.562705,37023.59744178,1.47307565334196,1.10158713589208,2.77139724526378,""
"2021","UINTAH COUNTY",2031,7,13504.298246,242.12097902,19768.95621,21905.7319,5430.561088,10016.0091,37352.302088,37110.18110898,1.46390103727571,1.10808743098531,2.74802736380412,""
"2021","UINTAH COUNTY",2032,7,13656.235513,250.60195691,19913.67404,22129.5447,5503.795132,9824.1142,37457.454032,37206.85207509,1.45821108760487,1.11127382398391,2.72453210401,""
"2021","UINTAH COUNTY",2033,7,13811.652252,256.9234423,20006.46446,22322.3196,5583.888891,9679.1979,37585.406391,37328.4829487,1.44852071967733,1.11575534221102,2.70268048077265,""
"2021","UINTAH COUNTY",2034,7,13975.082005,263.8305996,20105.83174,22429.851,5676.323862,9626.8125,37732.987362,37469.1567624,1.43869150340632,1.11558931209876,2.68114038608105,""
"2021","UINTAH COUNTY",2035,7,14117.726566,272.716926,20210.4617,22480.1396,5798.166773,9618.0872,37896.393573,37623.676647,1.43156630818118,1.11230213013887,2.66499542055233,""
"2021","UINTAH COUNTY",2036,7,14260.256657,281.0071043,20332.52082,22485.5512,5928.309439,9675.9158,38089.776439,37808.7693347,1.42581731234264,1.1058909713685,2.65133862903797,""
"2021","UINTAH COUNTY",2037,7,14401.705164,288.258227,20475.32996,22511.4048,6040.730343,9757.4178,38309.552943,38021.294716,1.4217295609677,1.09944039211957,2.6400550686902,""
"2021","UINTAH COUNTY",2038,7,14538.171139,297.3196244,20598.12089,22573.0601,6132.988012,9844.8224,38550.870512,38253.5508876,1.4168302665487,1.09587958146992,2.63124917995918,""
"2021","UINTAH COUNTY",2039,7,14687.908798,304.3559544,20723.39159,22665.0162,6246.45874,9903.4286,38814.90354,38510.5475856,1.41091505094461,1.09369241523848,2.62192175313914,""
"2021","UINTAH COUNTY",2040,7,14842.435218,311.5129332,20882.68246,22667.7459,6406.028873,10037.9016,39111.676373,38800.1634398,1.40695796567633,1.08548056234726,2.61413729417835,""
"2021","UINTAH COUNTY",2041,7,15010.48298,324.3757233,21032.6095,22655.4413,6596.653495,10179.8182,39431.912995,39107.5372717,1.40119472025143,1.07715789141618,2.60534836379395,""
"2021","UINTAH COUNTY",2042,7,15172.314687,333.4805196,21190.8383,22629.5918,6812.00662,10331.0305,39772.62892,39439.1484004,1.39667801104579,1.06789507237191,2.59941539666274,""
"2021","UINTAH COUNTY",2043,7,15344.989343,344.5502936,21365.9708,22606.8702,7045.178776,10484.9196,40136.968576,39792.4182824,1.39237443066369,1.05807830646291,2.59318643975157,""
"2021","UINTAH COUNTY",2044,7,15526.562091,354.8972867,21544.21871,22610.4299,7276.083003,10635.4597,40521.972603,40167.0753163,1.38757173569596,1.04948943400324,2.58699093082447,""
"2021","UINTAH COUNTY",2045,7,15698.920535,367.5889401,21725.27041,22614.2234,7524.498659,10773.9237,40912.645759,40545.0568189,1.38387033436882,1.04091792521905,2.58266526851364,""
"2021","UINTAH COUNTY",2046,7,15881.83587,380.704117,21909.58549,22633.9539,7782.05092,10897.6444,41313.64922,40932.945103,1.37953733241798,1.03306171220494,2.57734341533653,""
"2021","UINTAH COUNTY",2047,7,16082.34054,390.9165928,22103.32935,22653.7838,8063.74687,11005.2441,41722.77477,41331.8581772,1.37438510862425,1.02490368945256,2.57001510908188,""
"2021","UINTAH COUNTY",2048,7,16275.14396,402.7690785,22295.62482,22654.4609,8387.88379,11094.1568,42136.50149,41733.7324115,1.36991874694299,1.01609446171152,2.56426195148077,""
"2021","UINTAH COUNTY",2049,7,16477.66212,414.0486593,22496.02991,22680.6026,8708.63278,11164.5189,42553.75428,42139.7056207,1.36524403438854,1.0082046783694,2.55738376681194,""
"2021","UINTAH COUNTY",2050,7,16689.22455,425.6199203,22686.63677,22731.7935,9022.6207,11216.6292,42971.0434,42545.4234797,1.35935835137409,1.00199045501798,2.5492750338541,""
"2021","UINTAH COUNTY",2051,7,16897.50063,439.4111745,22863.89856,22824.9113,9311.11172,11251.9406,43387.96362,42948.5524455,1.3530935172393,0.998294811363964,2.54171036213774,""
"2021","UINTAH COUNTY",2052,7,17092.30018,454.4688116,23020.56568,22944.4089,9582.2834,11271.5855,43798.2778,43343.8089884,1.34683836801186,0.996691793717903,2.5358675270118,""
"2021","UINTAH COUNTY",2053,7,17305.71025,463.7416423,23178.3255,23079.6467,9844.68559,11275.4976,44199.82989,43736.0882477,1.33934552036083,0.995742626014981,2.52726340704219,""
"2021","UINTAH COUNTY",2054,7,17515.1856,473.5498069,23333.42029,23213.6159,10104.96433,11263.7367,44582.31693,44108.7671231,1.33218230299541,0.994865545277503,2.51831571359997,""
"2021","UINTAH COUNTY",2055,7,17725.49107,487.1111268,23480.3824,23361.6501,10349.32246,11243.7284,44954.70096,44467.5898332,1.32466752584023,0.994943340445767,2.50868027619615,""
"2021","UINTAH COUNTY",2056,7,17954.41721,495.3365872,23626.4953,23516.4886,10577.96822,11218.2453,45312.70212,44817.3655328,1.31591546657615,0.995343926443462,2.49617489716337,""
"2021","UINTAH COUNTY",2057,7,18173.5509,503.3966951,23760.38988,23696.7762,10755.94634,11185.6269,45638.34944,45134.9527449,1.30741592607529,0.997322700497708,2.48355167315706,""
"2021","UINTAH COUNTY",2058,7,18362.16706,511.1908609,23874.93992,23905.1117,10877.34498,11146.5836,45929.04028,45417.8494191,1.30022452371697,1.00126374265657,2.47344713021579,""
"2021","UINTAH COUNTY",2059,7,18539.73397,518.3988843,23979.60604,24163.3434,10925.71117,11105.1952,46194.24977,45675.8508857,1.29341694324215,1.00766223430416,2.4636734787894,""
"2021","UINTAH COUNTY",2060,7,18711.50328,522.8940069,24082.71206,24435.2426,10943.21509,11067.7716,46446.22929,45923.3352831,1.28705383525978,1.01463832391974,2.4542835813831,""
"2021","UTAH COUNTY",2020,7,184558.002407,16743.535886,374456.9034,395418.331,51521.25363,217318.71,664258.29463,647514.758744,2.02893886212651,1.05597821113638,3.50846211109316,""
"2021","UTAH COUNTY",2021,7,191305.398553,17111.568888,396276.0028,409183.323,54700.48326,219741.2,683625.00626,666513.437372,2.07143136470461,1.0325715413217,3.48402837773209,""
"2021","UTAH COUNTY",2022,7,198371.567034,17463.5542,414111.1367,422904.77,58288.20578,221749.7,702942.67578,685479.12158,2.08755288316608,1.02123495970206,3.45553111178737,""
"2021","UTAH COUNTY",2023,7,205823.903828,17843.247343,426834.6512,437357.75,62043.925,223704.89,723106.565,705263.317657,2.07378561606086,1.02465380626998,3.42653746498932,""
"2021","UTAH COUNTY",2024,7,213413.577596,18212.336221,436804.2657,452066.309,65900.38753,225580.51,743547.20653,725334.870309,2.04675012068298,1.03494023410129,3.39872878979653,""
"2021","UTAH COUNTY",2025,7,221039.750795,18562.820179,444945.3086,466714.094,69782.27151,227263.63,763759.99551,745197.175331,2.01296512052557,1.0489246318126,3.37132652679346,""
"2021","UTAH COUNTY",2026,7,228654.25587,18920.210032,451556.2286,481010.04,73665.34089,228716.62,783392.00089,764471.790858,1.9748428774347,1.06522733944191,3.34335255623948,""
"2021","UTAH COUNTY",2027,7,236109.239819,19197.8265,457896.0309,494656.8,77531.54721,230025.84,802214.18721,783016.36071,1.9393397363484,1.0802819125288,3.31633087002548,""
"2021","UTAH COUNTY",2028,7,243387.099966,19411.018745,464623.9912,507616.017,81396.11648,231143.43,820155.56348,800744.544735,1.90899185398448,1.09253079181073,3.29000405053045,""
"2021","UTAH COUNTY",2029,7,250525.750041,19579.370181,473623.6279,519924.047,85082.27862,232250.75,837257.07562,817677.705439,1.89051875035795,1.09775783211089,3.2638469510826,""
"2021","UTAH COUNTY",2030,7,257513.219336,19728.94671,479027.6521,531076.426,88647.8622,233986.91,853711.1982,833982.25149,1.86020606373209,1.10865505085526,3.23859976447201,""
"2021","UTAH COUNTY",2031,7,264521.580018,19861.718691,483310.1717,541891.471,92145.55351,235790.87,869827.89451,849966.175819,1.82711055811443,1.12120849659329,3.21322054616928,""
"2021","UTAH COUNTY",2032,7,271608.30187,19960.977416,489178.5574,552216.135,95762.42759,238062.15,886040.71259,866079.735174,1.80104420237543,1.12886414714301,3.18870862639733,""
"2021","UTAH COUNTY",2033,7,278707.378915,20028.298888,495009.8506,562169.005,99471.82231,240881.52,902522.34731,882494.048422,1.77609165759105,1.13567235948658,3.16638207376326,""
"2021","UTAH COUNTY",2034,7,285813.60352,20084.032429,502461.4053,571679.84,103229.72089,244237.63,919147.19089,899063.158461,1.75800381476538,1.13775870936529,3.1456275957071,""
"2021","UTAH COUNTY",2035,7,292900.742115,20134.273365,509144.0283,580444.595,107242.04218,248231.97,935918.60718,915784.333815,1.73828179684194,1.14004007262556,3.12660298230122,""
"2021","UTAH COUNTY",2036,7,299895.889437,20228.853686,516700.2461,588577.559,111382.18935,252883.67,952843.41835,932614.564664,1.72293207176001,1.13910833881447,3.10979442370756,""
"2021","UTAH COUNTY",2037,7,306770.525465,20332.369186,524829.8522,596381.296,115440.7499,258017.77,969839.8159,949507.446714,1.71082228778162,1.13633264857185,3.09517169315646,""
"2021","UTAH COUNTY",2038,7,313575.453609,20452.783193,532671.8777,603900.787,119443.4196,263546.68,986890.8866,966438.103407,1.69870400112438,1.13372004846127,3.08199539308348,""
"2021","UTAH COUNTY",2039,7,320412.81514,20602.066263,540609.7382,611503.774,123490.4588,268924.88,1003919.1128,983317.046537,1.68722882686133,1.13113717861622,3.06890673554163,""
"2021","UTAH COUNTY",2040,7,327171.769,20794.506963,549051.2807,618437.702,127818.1045,274821.3,1021077.1065,1000282.599537,1.67817438032069,1.12637511966375,3.05736220027285,""
"2021","UTAH COUNTY",2041,7,334530.15037,21032.049211,557060.5962,624941.84,132444.7056,280801.84,1038188.3856,1017156.336389,1.66520295878824,1.12185612169134,3.04055205566373,""
"2021","UTAH COUNTY",2042,7,341621.50247,21310.864126,565620.8602,631352.722,137173.3958,286654.37,1055180.4878,1033869.623674,1.65569455116389,1.11621187693954,3.02635992230843,""
"2021","UTAH COUNTY",2043,7,348619.55706,21641.423531,574524.3052,637842.12,141917.1073,292277.41,1072036.6373,1050395.213769,1.64799792084275,1.11020911426534,3.01301287462831,""
"2021","UTAH COUNTY",2044,7,355570.20062,22019.583549,583973.2591,644523.384,146579.2819,297542.53,1088645.1959,1066625.612351,1.64235714377003,1.1036864684409,2.99976097685112,""
"2021","UTAH COUNTY",2045,7,362452.95033,22446.94594,593502.8546,651549.84,151180.2542,302425.39,1105155.4842,1082708.53826,1.63746178382501,1.09780405426882,2.987169885841,""
"2021","UTAH COUNTY",2046,7,369326.29374,22913.174365,603104.9305,659074.077,155733.9239,306836.98,1121644.9809,1098731.806535,1.63298671316529,1.09280167292547,2.97496231694917,""
"2021","UTAH COUNTY",2047,7,376204.8312,23420.718334,612514.9522,667051.234,160211.4917,310709.15,1137971.8757,1114551.157366,1.62814217522468,1.08903665388758,2.96261787444584,""
"2021","UTAH COUNTY",2048,7,383078.72362,23956.240713,621796.4307,675421.239,164727.4936,313982.39,1154131.1226,1130174.881887,1.62315574413576,1.08624174352309,2.95024184900462,""
"2021","UTAH COUNTY",2049,7,389997.72111,24510.902292,631394.0527,684478.934,168930.4821,316629.37,1170038.7861,1145527.883808,1.61896856961868,1.08407567520314,2.93726814748464,""
"2021","UTAH COUNTY",2050,7,396955.70773,25070.650028,640492.9516,693624.659,173367.021,318687.31,1185678.99,1160608.339972,1.61351238721991,1.082954398276,2.92377289801163,""
"2021","UTAH COUNTY",2051,7,404015.20822,25635.390428,649241.6083,702937.714,178158.9351,320273.11,1201369.7591,1175734.368672,1.60697319083708,1.08270589101737,2.9101240367956,""
"2021","UTAH COUNTY",2052,7,411244.86219,26196.569927,657518.8546,712678.988,182918.8193,321438.69,1217036.4973,1190839.927373,1.59885001626165,1.08389133332695,2.89569557424116,""
"2021","UTAH COUNTY",2053,7,418603.01145,26750.332341,665808.743,722699.914,187649.5286,322268.08,1232617.5226,1205867.190259,1.59054933860534,1.08544671664067,2.88069401622791,""
"2021","UTAH COUNTY",2054,7,426205.22223,27284.736179,674040.7253,732919.119,192213.7273,322821.16,1247954.0063,1220669.270121,1.5814933514265,1.08735138915203,2.86404109206872,""
"2021","UTAH COUNTY",2055,7,434056.58785,27787.729981,682516.0717,742564.11,197302.6987,323167.75,1263034.5587,1235246.828719,1.57241265495056,1.08798040191264,2.84581979238586,""
"2021","UTAH COUNTY",2056,7,441977.53877,28252.032309,690839.6088,750811.849,203799.6626,323466.6,1278078.1116,1249826.079291,1.56306497095434,1.08681065682405,2.8278045141597,""
"2021","UTAH COUNTY",2057,7,449942.72543,28679.201268,698750.6787,759970.067,209339.477,323814.55,1293124.094,1264444.892732,1.55297694397041,1.08761263518756,2.81023521721259,""
"2021","UTAH COUNTY",2058,7,458055.55698,29076.220426,706407.0578,769720.851,214274.2638,324208.92,1308204.0348,1279127.814374,1.54218641611381,1.08962791707827,2.79251674798446,""
"2021","UTAH COUNTY",2059,7,466433.37206,29445.990782,713762.5782,780008.635,218582.6146,324728.3,1323319.5496,1293873.558818,1.53025624013066,1.0928124544818,2.77397295374389,""
"2021","UTAH COUNTY",2060,7,474813.72971,29791.678623,721028.4366,789892.303,222960.5102,325368.84,1338221.6532,1308429.974577,1.51855009972096,1.09550783700672,2.7556700506031,""
"2021","WASATCH COUNTY",2020,7,11040.000173,337.5661189,17609.43407,20042.8167,4298.585744,10591.4028,34932.805244,34595.2391251,1.5950574088818,1.13818630515478,3.13362668324118,""
"2021","WASATCH COUNTY",2021,7,11465.762303,346.18164167,18268.72128,20717.621,4597.608256,10556.7937,35872.022956,35525.84131433,1.5933281012829,1.13404877563494,3.09842820525197,""
"2021","WASATCH COUNTY",2022,7,11900.301176,355.74649067,19212.10342,21373.1048,4948.949677,10490.5431,36812.597577,36456.85108633,1.61442161302154,1.11248124855243,3.06352339719389,""
"2021","WASATCH COUNTY",2023,7,12332.57617,367.2559005,20042.54416,22022.1091,5301.386911,10411.0249,37734.520911,37367.2650105,1.6251709199863,1.09876814660839,3.02996425851388,""
"2021","WASATCH COUNTY",2024,7,12776.382058,378.1008917,20741.78404,22703.0818,5639.32939,10318.4434,38660.85459,38282.7536983,1.62344738485747,1.09455781413102,2.99636888788317,""
"2021","WASATCH COUNTY",2025,7,13232.491885,389.6410062,21231.36286,23390.7457,5987.957058,10228.8245,39607.527258,39217.8862518,1.60448712491313,1.10170721748948,2.96375668261368,""
"2021","WASATCH COUNTY",2026,7,13701.150607,401.4860099,21637.28548,24113.7756,6336.107419,10136.6098,40586.492819,40185.0068091,1.57923127047048,1.11445475091083,2.9329658480339,""
"2021","WASATCH COUNTY",2027,7,14183.394821,412.4134763,22025.26299,24850.9641,6678.941093,10074.9094,41604.814593,41192.4011167,1.55289077600726,1.128293637687,2.90426950927928,""
"2021","WASATCH COUNTY",2028,7,14672.456629,422.8769681,22405.18406,25590.4179,7001.299922,10074.0632,42665.781022,42242.9040539,1.52702336265328,1.1421650378533,2.87906143613383,""
"2021","WASATCH COUNTY",2029,7,15171.789179,433.852826,22902.72205,26302.0617,7301.243141,10164.1245,43767.429341,43333.576515,1.50955973483343,1.14842513665313,2.85619421702617,""
"2021","WASATCH COUNTY",2030,7,15675.186994,443.7607217,23184.62964,27020.0351,7570.264891,10313.4915,44903.791491,44460.0307693,1.4790655861952,1.16542880000907,2.83633176346273,""
"2021","WASATCH COUNTY",2031,7,16191.762987,453.2204427,23428.62987,27754.1342,7836.521067,10473.1845,46063.839767,45610.6193243,1.44694743177814,1.1846247242797,2.81690260417718,""
"2021","WASATCH COUNTY",2032,7,16710.053924,462.7529976,23715.64322,28494.6714,8104.291722,10632.736,47231.699122,46768.9461244,1.41924396700708,1.20151374920203,2.79885070013015,""
"2021","WASATCH COUNTY",2033,7,17237.544919,472.0992161,24008.95202,29271.0373,8384.776228,10764.1029,48419.916428,47947.8172119,1.39282897493925,1.21917180206852,2.78159200960514,""
"2021","WASATCH COUNTY",2034,7,17761.978106,482.556414,24351.5276,30022.0791,8676.643468,10921.7802,49620.502768,49137.946354,1.3709918712136,1.23286224967669,2.76646812988702,""
"2021","WASATCH COUNTY",2035,7,18270.990498,493.9220837,24662.36856,30767.3421,8985.493777,11085.9389,50838.774777,50344.8526933,1.34981015740223,1.24754206089928,2.75545284196885,""
"2021","WASATCH COUNTY",2036,7,18775.192739,505.3274153,24986.27745,31436.0085,9338.488191,11300.5797,52075.076391,51569.7489757,1.33081336619774,1.25813093058406,2.74669611612449,""
"2021","WASATCH COUNTY",2037,7,19284.490801,517.8599575,25322.46515,32030.6267,9716.195701,11575.7063,53322.528701,52804.6687435,1.31310001447831,1.26490949874997,2.73819357163228,""
"2021","WASATCH COUNTY",2038,7,19796.290628,530.4576153,25624.19615,32589.4955,10103.2165,11886.1918,54578.9038,54048.4461847,1.29439381505932,1.27182508708668,2.7302309912673,""
"2021","WASATCH COUNTY",2039,7,20296.052037,542.8292759,25910.62188,33078.01,10498.15885,12262.6026,55838.77145,55295.9421741,1.27663359518218,1.27661968721532,2.72446789519926,""
"2021","WASATCH COUNTY",2040,7,20785.543602,553.3290983,26218.52395,33539.8019,10917.84427,12653.8656,57111.51177,56558.1826717,1.26138264420841,1.27924066068563,2.72103456876913,""
"2021","WASATCH COUNTY",2041,7,21359.146023,564.3670696,26507.71108,33951.0149,11383.59866,13049.9497,58384.56326,57820.1961904,1.24104732705399,1.28079768175895,2.70704625213658,""
"2021","WASATCH COUNTY",2042,7,21944.517989,576.5818165,26799.65726,34323.7899,11889.3344,13439.3384,59652.4627,59075.8808835,1.22124611137204,1.28075480842922,2.69205643583115,""
"2021","WASATCH COUNTY",2043,7,22536.174075,590.3170035,27088.53677,34673.8185,12426.68956,13813.3274,60913.83546,60323.5184565,1.20200246412057,1.28001814178463,2.67674176884436,""
"2021","WASATCH COUNTY",2044,7,23128.977351,604.5892739,27389.90527,35035.5966,12959.77517,14164.3675,62159.73927,61555.1499961,1.18422465698925,1.27914267152922,2.66138658281139,""
"2021","WASATCH COUNTY",2045,7,23734.50987,619.9835059,27653.42987,35446.4075,13462.7862,14491.3834,63400.5771,62780.5935941,1.16511484844073,1.28180871836279,2.6451186031633,""
"2021","WASATCH COUNTY",2046,7,24357.05168,636.2999595,27907.08264,35926.8232,13925.29558,14790.2497,64642.36848,64006.0685205,1.14574961726238,1.28737294626795,2.62782496672438,""
"2021","WASATCH COUNTY",2047,7,24977.99768,652.758703,28145.45854,36432.6352,14384.1791,15056.9896,65873.8039,65221.045197,1.12681003900229,1.29444098941299,2.61113985326465,""
"2021","WASATCH COUNTY",2048,7,25605.12689,669.4436709,28375.3968,36939.7072,14865.85344,15289.0817,67094.64234,66425.1986691,1.10819200084034,1.30182169646347,2.59421478184676,""
"2021","WASATCH COUNTY",2049,7,26236.90984,683.6055164,28583.66808,37466.9953,15346.02792,15485.2211,68298.24432,67614.6388036,1.08944491764888,1.31078331847184,2.57708088398874,""
"2021","WASATCH COUNTY",2050,7,26855.91682,697.2897293,28751.65177,38031.7369,15803.66193,15647.2452,69482.64403,68785.3543007,1.07058909821273,1.32276702584729,2.56127373203191,""
"2021","WASATCH COUNTY",2051,7,27482.40873,712.4965907,28918.68967,38635.9975,16254.25954,15781.6068,70671.86384,69959.3672493,1.05226182879786,1.3360217195484,2.54560537020657,""
"2021","WASATCH COUNTY",2052,7,28107.14399,728.83444,29014.70101,39263.5251,16707.21545,15889.1554,71859.89595,71131.06151,1.0322891938193,1.35322866454725,2.53071110801251,""
"2021","WASATCH COUNTY",2053,7,28737.71992,744.0328248,29092.17688,39924.9779,17145.63019,15971.4665,73042.07459,72298.0417652,1.01233420608826,1.37236130746363,2.51578907326201,""
"2021","WASATCH COUNTY",2054,7,29372.4478,758.4967205,29144.21065,40611.5015,17565.25656,16029.1471,74205.90516,73447.4084395,0.992229549557664,1.39346719620282,2.50055456527188,""
"2021","WASATCH COUNTY",2055,7,30012.66087,772.2091004,29199.56605,41295.8805,17989.81786,16064.4575,75350.15586,74577.9467596,0.97290827282786,1.41426350067281,2.48488286602227,""
"2021","WASATCH COUNTY",2056,7,30643.16573,785.5656974,29253.55501,41959.8992,18445.03782,16084.998,76489.93502,75704.3693226,0.954651855090822,1.43435213893342,2.47051397984264,""
"2021","WASATCH COUNTY",2057,7,31283.36912,800.7788417,29275.65922,42642.2305,18890.02651,16094.9388,77627.19581,76826.4169683,0.935821813427492,1.45657626971107,2.45582298612407,""
"2021","WASATCH COUNTY",2058,7,31956.66595,815.017903,29306.56612,43368.5149,19301.30837,16094.9945,78764.81777,77949.799867,0.917072080230572,1.47982246444095,2.43923443043031,""
"2021","WASATCH COUNTY",2059,7,32660.42434,828.366936,29350.53253,44144.5089,19668.46098,16089.6108,79902.58068,79074.213744,0.898657415606622,1.50404456392328,2.42110184854996,""
"2021","WASATCH COUNTY",2060,7,33366.36373,841.915189,29396.22822,44929.7792,20012.34892,16079.3908,81021.51892,80179.603731,0.881013839502373,1.52841986610485,2.40300694375365,""
"2021","WASHINGTON COUNTY",2020,7,62415.99975,2596.4626897,104797.1992,93712.26,40547.17765,47851.652,182111.08965,179514.6269603,1.6790117857561,0.894224852528311,2.87609952062492,""
"2021","WASHINGTON COUNTY",2021,7,65479.00386,2688.8175107,112685.7101,98312.635,42811.02836,48307.991,189431.65436,186742.8368493,1.72094417228662,0.872449886616103,2.8519498746281,""
"2021","WASHINGTON COUNTY",2022,7,68925.67477,2806.8172815,114271.9186,103550.974,45252.39986,48941.868,197745.24186,194938.4245785,1.65790061513822,0.906180409576146,2.82824107604308,""
"2021","WASHINGTON COUNTY",2023,7,72618.04489,2921.6749299,118805.6082,109161.241,47887.71902,49569.54,206618.50002,203696.8250901,1.63603424438049,0.91882229007435,2.80504419250966,""
"2021","WASHINGTON COUNTY",2024,7,76435.04742,3036.0800058,122970.4417,114983.467,50659.97762,50099.314,215742.75862,212706.6786142,1.60882273055048,0.93504963803021,2.78284224048958,""
"2021","WASHINGTON COUNTY",2025,7,80295.9304,3147.5772244,126469.2048,120829.915,53546.69572,50489.008,224865.61872,221718.0414956,1.57503878677269,0.955409778934579,2.76126125435119,""
"2021","WASHINGTON COUNTY",2026,7,84116.07777,3255.2406629,129910.2569,126579.778,56447.2376,50767.361,233794.3766,230539.1359371,1.54441648189084,0.97436323367012,2.74072617327055,""
"2021","WASHINGTON COUNTY",2027,7,87844.63965,3353.1802722,133312.9335,132116.844,59248.6657,51033.765,242399.2747,239046.0944278,1.51759895687614,0.991027956038489,2.72123712249527,""
"2021","WASHINGTON COUNTY",2028,7,91500.82221,3446.3866546,136649.3663,137281.494,61955.5086,51372.785,250609.7876,247163.4009454,1.49342227752207,1.00462591021909,2.7012150817415,""
"2021","WASHINGTON COUNTY",2029,7,95062.64704,3541.3424481,139942.2647,142123.668,64553.1432,51737.213,258414.0242,254872.6817519,1.47210570142357,1.01558788050684,2.68110230135561,""
"2021","WASHINGTON COUNTY",2030,7,98496.93602,3635.9430771,143156.5193,146616.388,66955.7473,52292.41,265864.5453,262228.6022229,1.45341088854715,1.02416843268416,2.66230212653167,""
"2021","WASHINGTON COUNTY",2031,7,101854.71272,3728.1483598,146327.5132,150963.645,69156.2547,52950.686,273070.5857,269342.4373402,1.43662977679056,1.03168325421934,2.64437874446346,""
"2021","WASHINGTON COUNTY",2032,7,105191.88535,3822.1464119,149448.3332,155368.573,71247.3937,53587.924,280203.8907,276381.7442881,1.42072112029124,1.03961395669818,2.62740555859901,""
"2021","WASHINGTON COUNTY",2033,7,108582.04603,3912.4903365,152516.4337,159793.891,73352.3165,54249.128,287395.3355,283482.8451635,1.40461926512106,1.04771588951729,2.61077089195001,""
"2021","WASHINGTON COUNTY",2034,7,112003.34449,4002.9294996,155536.1479,164011.507,75482.444,55041.871,294535.822,290532.8925004,1.38867413833242,1.0544912498762,2.59396622327059,""
"2021","WASHINGTON COUNTY",2035,7,115431.78463,4096.4021619,158498.2956,168218.936,77674.8688,55881.22,301775.0248,297678.6226381,1.37309057559877,1.06132962101076,2.57882717132258,""
"2021","WASHINGTON COUNTY",2036,7,118818.77521,4193.3770619,161397.7946,172259.781,79917.9896,56832.738,309010.5086,304817.1315381,1.35835261990158,1.06729947225685,2.56539533419165,""
"2021","WASHINGTON COUNTY",2037,7,122147.03659,4292.2209568,164253.7329,176177.726,82186.4901,57847.556,316211.7721,311919.5511432,1.34472139059203,1.0725949595755,2.55363993962614,""
"2021","WASHINGTON COUNTY",2038,7,125386.39777,4390.5372616,167053.4272,179954.211,84423.0207,58932.236,323309.4677,318918.9304384,1.33230900776359,1.07722549615552,2.54348905551464,""
"2021","WASHINGTON COUNTY",2039,7,128599.84906,4490.5609997,169798.4281,183610.182,86649.1497,60105.38,330364.7117,325874.1507003,1.32036257694811,1.08134205984443,2.53401658775088,""
"2021","WASHINGTON COUNTY",2040,7,131764.61292,4598.0044757,172487.546,187096.725,88957.4167,61271.426,337325.5677,332727.5632243,1.30905819231393,1.08469700763208,2.52516632387721,""
"2021","WASHINGTON COUNTY",2041,7,135290.21545,4713.7092355,175123.1086,190355.604,91383.2033,62439.15,344177.9573,339464.2480645,1.29442552824318,1.086981641211,2.50915594254455,""
"2021","WASHINGTON COUNTY",2042,7,138734.61528,4834.561708,177694.9475,193359.117,93960.6125,63573.122,350892.8515,346058.289792,1.28082632543701,1.08815202525665,2.4943903804654,""
"2021","WASHINGTON COUNTY",2043,7,142116.04078,4957.5188281,180220.4477,196108.006,96719.3258,64637.553,357464.8848,352507.3659719,1.26812178773673,1.0881562469895,2.48041926890992,""
"2021","WASHINGTON COUNTY",2044,7,145455.80414,5076.437513,182690.8287,198617.905,99632.6484,65619.753,363870.3064,358793.868887,1.25598857866243,1.08718049183604,2.46668650321897,""
"2021","WASHINGTON COUNTY",2045,7,148798.13637,5206.435687,185107.1215,200892.204,102789.7513,66511.325,370193.2803,364986.844613,1.24401505298235,1.08527539282166,2.45289930046857,""
"2021","WASHINGTON COUNTY",2046,7,152185.81689,5363.124978,187468.9868,202989.388,106206.7386,67297.877,376494.0036,371130.878622,1.23184269487808,1.08278916670392,2.43866929393462,""
"2021","WASHINGTON COUNTY",2047,7,155591.77483,5527.945159,189777.1859,205035.318,109746.0034,67998.268,382779.5894,377251.644241,1.21971219948709,1.08040024425296,2.42462459633992,""
"2021","WASHINGTON COUNTY",2048,7,159006.81943,5686.553372,192031.2943,207169.778,113314.25,68595.447,389079.475,383392.921628,1.20769219199771,1.07883342012136,2.41117282266489,""
"2021","WASHINGTON COUNTY",2049,7,162440.09976,5833.57873,194229.1761,209522.621,116773.9036,69106.592,395403.1166,389569.53787,1.19569722246519,1.07873917403699,2.3982350321477,""
"2021","WASHINGTON COUNTY",2050,7,165945.64539,5976.3611722,196372.8276,212051.471,120170.5767,69534.523,401756.5707,395780.2095278,1.18335631609068,1.07984120609566,2.38499906760223,""
"2021","WASHINGTON COUNTY",2051,7,169557.38408,6123.877692,198461.1789,214567.784,123725.2766,69865.866,408158.9266,402035.048908,1.17046615207488,1.08115745955594,2.37108546519161,""
"2021","WASHINGTON COUNTY",2052,7,173178.38,6274.1649608,200492.3902,217049.031,127420.8148,70110.877,414580.7228,408306.5578392,1.15772182532254,1.08257989634162,2.35772246997114,""
"2021","WASHINGTON COUNTY",2053,7,176825.1269,6434.8667667,202470.9393,219575.735,131160.7262,70303.542,421040.0032,414605.1364333,1.14503488757287,1.08448025064306,2.34471844415965,""
"2021","WASHINGTON COUNTY",2054,7,180563.7389,6598.7439046,204394.4873,222166.634,134859.2062,70464.067,427489.9072,420891.1632954,1.13197970171186,1.08695022519817,2.33098387228511,""
"2021","WASHINGTON COUNTY",2055,7,184421.4511,6756.1478562,206264.1091,224660.308,138666.2409,70627.869,433954.4179,427198.2700438,1.11843881430125,1.08918759051329,2.3164239707243,""
"2021","WASHINGTON COUNTY",2056,7,188390.6389,6915.1758935,208078.7906,226881.733,142730.5162,70805.546,440417.7952,433502.6193065,1.10450705945347,1.09036453136709,2.30108365170208,""
"2021","WASHINGTON COUNTY",2057,7,192334.1969,7081.4869369,209839.526,228841.633,146885.1726,70976.027,446702.8326,439621.3456631,1.09101516725651,1.09055542281391,2.28571597120439,""
"2021","WASHINGTON COUNTY",2058,7,196235.1711,7257.0985477,211545.9087,230800.567,150906.7981,71158.188,452865.5531,445608.4545523,1.07802239279623,1.09101881675862,2.27078791255631,""
"2021","WASHINGTON COUNTY",2059,7,200082.1028,7430.463202,213197.9123,232923.718,154502.7632,71352.742,458779.2232,451348.759998,1.06555213742986,1.09252344681613,2.25581775522003,""
"2021","WASHINGTON COUNTY",2060,7,203900.8003,7593.003353,214794.4314,235384.655,157535.6107,71607.882,464528.1477,456935.144347,1.05342613213863,1.09586013690297,2.24096788082592,""
"2021","WAYNE COUNTY",2020,7,1063.9999797,8.9024327,1917.4600047,1391.20197,567.0879063,531.45048,2489.7403563,2480.8379236,1.8021240989503,0.725544192103065,2.33161463433438,""
"2021","WAYNE COUNTY",2021,7,1064.42229,8.88479972,1981.4728295,1397.34003,566.1035875,540.14455,2503.5881675,2494.70336778,1.86154766591744,0.70520272052007,2.34371582708964,""
"2021","WAYNE COUNTY",2022,7,1074.5319896,8.94951794,2007.5339161,1400.82798,581.3644071,525.39113,2507.5835171,2498.63399916,1.86828678487954,0.69778546143886,2.32532304607342,""
"2021","WAYNE COUNTY",2023,7,1088.8265027,9.00278078,2082.3475455,1400.39706,598.9340483,515.13322,2514.4643283,2505.46154752,1.91246956272311,0.672508805279066,2.30106591023191,""
"2021","WAYNE COUNTY",2024,7,1099.2077428,9.00926565,2141.5795942,1396.69962,615.4175055,511.61886,2523.7359855,2514.72671985,1.94829376724074,0.652181979965935,2.28776292408955,""
"2021","WAYNE COUNTY",2025,7,1107.4438501,8.89645741,2162.6786613,1388.06679,628.725161,507.93695,2524.728901,2515.83244359,1.95285626544832,0.641827570058709,2.27174718010563,""
"2021","WAYNE COUNTY",2026,7,1109.6989401,8.87541844,2177.4012894,1381.58909,639.1371381,505.42755,2526.1537781,2517.27835966,1.96215496898986,0.634512846449497,2.26843359824527,""
"2021","WAYNE COUNTY",2027,7,1112.9981729,8.80308824,2190.980986,1375.41201,649.5110324,504.81409,2529.7371324,2520.93404416,1.96853960711475,0.627760815264327,2.2649938746903,""
"2021","WAYNE COUNTY",2028,7,1120.1488498,8.7022614,2204.0136271,1373.3526,656.4266391,506.50667,2536.2859091,2527.5836477,1.96760781167032,0.623114386913765,2.25647122536553,""
"2021","WAYNE COUNTY",2029,7,1127.5592357,8.77429546,2223.4122067,1369.19569,663.7091919,512.51968,2545.4245619,2536.65026644,1.97188062170382,0.615808299457062,2.24968248773664,""
"2021","WAYNE COUNTY",2030,7,1120.9679978,8.80971602,2239.5803453,1373.13343,662.6663961,520.63207,2556.4318961,2547.62218008,1.99789855704657,0.613120861183511,2.27269840448607,""
"2021","WAYNE COUNTY",2031,7,1128.0019185,8.8882495,2249.101107,1373.03558,660.8764456,534.73625,2568.6482756,2559.7600261,1.99388056891855,0.610481927969635,2.26928694368174,""
"2021","WAYNE COUNTY",2032,7,1132.1588809,8.88828341,2257.956458,1375.31604,659.6654839,546.64975,2581.6312739,2572.74299049,1.99438126228808,0.609097679951807,2.27242221378401,""
"2021","WAYNE COUNTY",2033,7,1136.1591048,8.9641466,2266.543933,1379.70021,653.7730422,561.91485,2595.3881022,2586.4239556,1.99491772184406,0.608724229833845,2.27646281640747,""
"2021","WAYNE COUNTY",2034,7,1134.1201602,8.9389559,2276.224667,1393.16425,643.1346841,573.67344,2609.9723741,2601.0334182,2.00704012403641,0.612050414090342,2.29343724719726,""
"2021","WAYNE COUNTY",2035,7,1138.269796,9.0224602,2287.3725795,1398.21544,638.5950977,589.56155,2626.3720877,2617.3496275,2.00951706488046,0.611275772268651,2.29941059377807,""
"2021","WAYNE COUNTY",2036,7,1140.1332201,9.265581,2295.5811615,1404.04053,635.4899383,603.69828,2643.2287483,2633.9631673,2.01343239634633,0.611627483945093,2.31022403423082,""
"2021","WAYNE COUNTY",2037,7,1148.7404145,9.286626,2310.5442494,1404.72152,635.6749212,620.12247,2660.5189112,2651.2322852,2.01137195160465,0.607961314900062,2.30794725399643,""
"2021","WAYNE COUNTY",2038,7,1145.1986563,9.3059805,2321.4251724,1404.15512,638.782478,634.92923,2677.866828,2668.5608475,2.02709386675343,0.604867706568512,2.33021653738383,""
"2021","WAYNE COUNTY",2039,7,1144.1620431,9.3093305,2333.711724,1423.69205,640.084891,631.19349,2694.970431,2685.6611005,2.03966888962426,0.610054804695321,2.34727337504,""
"2021","WAYNE COUNTY",2040,7,1149.4122752,9.4610036,2347.4379906,1427.97216,644.349408,639.68977,2712.011338,2702.5503344,2.04229417176839,0.608310918421753,2.35124540838034,""
"2021","WAYNE COUNTY",2041,7,1157.4386302,9.6086325,2362.526583,1429.72569,651.191711,647.88297,2728.800371,2719.1917385,2.04116790416073,0.60516808584837,2.34931828569618,""
"2021","WAYNE COUNTY",2042,7,1159.4459326,9.6531675,2373.9870263,1439.2079,650.560368,655.49829,2745.266558,2735.6133905,2.04751852548782,0.606240844644838,2.35941436645133,""
"2021","WAYNE COUNTY",2043,7,1170.817104,9.5086755,2389.0786628,1447.11189,652.052953,662.36851,2761.533353,2752.0246775,2.04052251597445,0.605719649391529,2.35051629165472,""
"2021","WAYNE COUNTY",2044,7,1175.720909,9.5010192,2404.4566606,1453.92928,654.970154,668.34526,2777.244694,2767.7436748,2.04509134965125,0.604681009154555,2.35408220914782,""
"2021","WAYNE COUNTY",2045,7,1186.85109,9.7180294,2421.866134,1460.68089,659.489715,671.47172,2791.642325,2781.9242956,2.04058129482781,0.603122059264073,2.34395394589898,""
"2021","WAYNE COUNTY",2046,7,1188.945265,9.8491844,2439.7508399,1464.20169,667.788533,673.13834,2805.128563,2795.2793786,2.05202956916608,0.600143943411867,2.35105808558815,""
"2021","WAYNE COUNTY",2047,7,1201.126267,10.0890235,2459.6501425,1467.06993,677.009796,673.46006,2817.539786,2807.4507625,2.0477864901276,0.596454717136667,2.33734856994847,""
"2021","WAYNE COUNTY",2048,7,1209.812981,10.1615943,2479.6444365,1474.95244,681.574897,672.6421,2829.169437,2819.0078427,2.04960971277593,0.594824168452911,2.33011869352723,""
"2021","WAYNE COUNTY",2049,7,1219.832879,10.148619,2501.8939258,1485.8561,683.370239,670.79883,2840.025169,2829.87655,2.05101368299813,0.593892524650055,2.31988873124972,""
"2021","WAYNE COUNTY",2050,7,1223.44191,10.1205316,2524.5025193,1498.92094,683.341621,668.08727,2850.349831,2840.2292994,2.0634428971785,0.593749037103605,2.32150727891936,""
"2021","WAYNE COUNTY",2051,7,1238.045815,10.1688762,2541.4844415,1514.58397,681.26424,664.8027,2860.65091,2850.4820338,2.05281937930544,0.595944616173248,2.30240432079648,""
"2021","WAYNE COUNTY",2052,7,1250.331618,10.1514686,2556.5907973,1529.59995,680.246951,661.26543,2871.112331,2860.9608624,2.04473018237311,0.598296744091937,2.28816165344705,""
"2021","WAYNE COUNTY",2053,7,1263.518786,10.1689306,2572.1232849,1544.88009,679.230893,658.39731,2882.508293,2872.3393624,2.03568266131027,0.60062443315584,2.27328583811021,""
"2021","WAYNE COUNTY",2054,7,1275.579377,10.1102322,2586.408885,1562.69444,676.155758,656.62381,2895.474008,2885.3637758,2.02763460403609,0.604194661201065,2.26200252828327,""
"2021","WAYNE COUNTY",2055,7,1280.624563,9.98327959,2599.8851415,1582.13988,672.207847,656.18635,2910.534077,2900.55079741,2.0301696661272,0.608542221633371,2.26495015105376,""
"2021","WAYNE COUNTY",2056,7,1293.55874,9.91273068,2613.9509275,1597.64237,673.474956,657.3025,2928.419826,2918.50709532,2.02074389563477,0.611198302612358,2.25618443528896,""
"2021","WAYNE COUNTY",2057,7,1310.931554,9.9071581,2627.8631564,1607.32789,681.830863,659.96589,2949.124643,2939.2174849,2.00457693491448,0.611648245870585,2.24208310184591,""
"2021","WAYNE COUNTY",2058,7,1319.963902,9.825783,2645.503852,1613.27191,695.461963,664.07145,2972.805323,2962.97954,2.00422439431226,0.609816503869525,2.24474285661185,""
"2021","WAYNE COUNTY",2059,7,1337.323995,9.8865124,2666.7649464,1622.12058,707.587544,669.4811,2999.189224,2989.3027116,1.99410535993561,0.608272799666796,2.23528682860431,""
"2021","WAYNE COUNTY",2060,7,1355.839597,10.0468794,2688.3248422,1638.5656,713.42919,675.97332,3027.96811,3017.9212306,1.98277498912727,0.609511757760299,2.22586892821069,""
"2021","WEBER COUNTY",2020,7,89595.000222,2931.339639,144624.1988,156564.225,33541.33213,72620.982,262726.53913,259795.199491,1.61419943570119,1.08255897905794,2.89966179861906,""
"2021","WEBER COUNTY",2021,7,90998.703981,2887.677705,149688.6695,158238.015,34784.1938,72613.092,265635.3008,262747.623095,1.6449538614446,1.05711417923987,2.88737763946463,""
"2021","WEBER COUNTY",2022,7,92523.731901,2928.565024,152044.6597,159987.998,36249.14638,72514.695,268751.83938,265823.274356,1.64330444282865,1.05224345475647,2.87302802096688,""
"2021","WEBER COUNTY",2023,7,94073.620111,2975.985505,155157.2884,161839.32,37742.72538,72302.268,271884.31338,268908.327875,1.64931771751662,1.04306617928752,2.85848814532393,""
"2021","WEBER COUNTY",2024,7,95659.501043,3026.847797,157513.9686,163876.568,39246.33551,71940.064,275062.96751,272036.119713,1.64661081108081,1.04039387399449,2.84379613887717,""
"2021","WEBER COUNTY",2025,7,97286.668801,3076.299475,159176.191,166032.553,40780.10133,71491.201,278303.85533,275227.555855,1.63615624793974,1.04307404239872,2.82903669379387,""
"2021","WEBER COUNTY",2026,7,98957.952093,3127.372579,160551.3938,168301.437,42331.92113,70983.601,281616.95913,278489.586551,1.62242033514512,1.0482714165014,2.81422140071449,""
"2021","WEBER COUNTY",2027,7,100672.662449,3181.510012,161921.6319,170693.178,43830.63888,70480.417,285004.23388,281822.723868,1.60839723477094,1.0541715519852,2.79939674795796,""
"2021","WEBER COUNTY",2028,7,102445.974307,3236.700683,163326.9576,173221.319,45171.16114,70069.753,288462.23314,285225.532457,1.59427404253639,1.06058008760704,2.78415559407209,""
"2021","WEBER COUNTY",2029,7,104269.735218,3292.207142,165183.9268,175745.284,46436.29803,69797.66,291979.24203,288687.034888,1.58419819955086,1.0639369544277,2.76865606577434,""
"2021","WEBER COUNTY",2030,7,106136.75067,3347.832642,166112.6423,178346.362,47585.66888,69606.126,295538.15688,292190.324238,1.56508128665515,1.07364713203409,2.75296089614122,""
"2021","WEBER COUNTY",2031,7,108046.404104,3404.032846,166718.9205,181095.337,48557.0793,69462.233,299114.6493,295710.616454,1.54303071798229,1.08623146345288,2.7368853124382,""
"2021","WEBER COUNTY",2032,7,109982.616627,3459.587852,167812.8748,183766.192,49456.93124,69454.854,302677.97724,299218.389388,1.52581271428673,1.0950661099097,2.72059711402196,""
"2021","WEBER COUNTY",2033,7,111957.856949,3515.372595,168887.0809,186564.608,50267.84918,69433.783,306266.24018,302750.867585,1.50848797487195,1.10467068887565,2.7041502564926,""
"2021","WEBER COUNTY",2034,7,113951.955376,3574.831696,170284.1198,189361.457,51096.73234,69397.874,309856.06334,306281.231644,1.4943501341256,1.1120323916429,2.68781023224554,""
"2021","WEBER COUNTY",2035,7,115915.598299,3636.55221,171503.7783,191948.914,52051.04122,69484.455,313484.41022,309847.85801,1.47955737464782,1.11921099291607,2.67304713564743,""
"2021","WEBER COUNTY",2036,7,117852.146547,3701.539582,172889.5136,194289.123,53105.87385,69749.951,317144.94785,313443.408268,1.46700351809927,1.12377621380502,2.65963257735825,""
"2021","WEBER COUNTY",2037,7,119788.33485,3770.178016,174363.181,196532.557,54110.2025,70170.52,320813.2795,317043.101484,1.45559399601254,1.12714482422754,2.64669428689366,""
"2021","WEBER COUNTY",2038,7,121700.757634,3838.341501,175763.5145,198883.838,54991.81065,70599.015,324474.66365,320636.322149,1.44422695402265,1.1315422234573,2.63462880907672,""
"2021","WEBER COUNTY",2039,7,123604.079237,3910.073385,177167.9646,200951.353,55985.91531,71178.62,328115.88831,324205.814925,1.43335046621152,1.13424203666671,2.62293782637516,""
"2021","WEBER COUNTY",2040,7,125475.241237,3988.774821,178639.477,202872.899,57072.43919,71825.687,331771.02519,327782.250369,1.42370299701263,1.13565546880771,2.61232612217002,""
"2021","WEBER COUNTY",2041,7,127678.04858,4073.744064,180032.4767,204577.61,58293.87281,72532.654,335404.13681,331330.392746,1.41005034696466,1.13633725286633,2.59504587069559,""
"2021","WEBER COUNTY",2042,7,129805.8885,4161.581404,181501.4132,206059.966,59678.882,73253.855,338992.703,334831.121596,1.39825253921358,1.13530777731707,2.57947559594725,""
"2021","WEBER COUNTY",2043,7,131878.56732,4251.432529,183003.3567,207319.593,61257.8934,73962.886,342540.3724,338288.939871,1.38766564134676,1.13287317095425,2.56515479918849,""
"2021","WEBER COUNTY",2044,7,133924.05408,4344.32434,184588.9353,208456.932,62925.4727,74634.419,346016.8237,341672.49936,1.37831054001498,1.12930350706671,2.55124071405351,""
"2021","WEBER COUNTY",2045,7,135931.73654,4441.042106,186172.11925,209485.116,64706.2935,75261.756,349453.1655,345012.123394,1.36960009478887,1.12522281447897,2.53812782927609,""
"2021","WEBER COUNTY",2046,7,137930.44234,4542.424953,187746.74443,210389.924,66662.5873,75829.367,352881.8783,348339.453347,1.36116974066684,1.12060491189205,2.52547187870492,""
"2021","WEBER COUNTY",2047,7,139907.91344,4640.872961,189280.17935,211215.525,68718.2673,76323.97,356257.7623,351616.889339,1.35289116030719,1.11588823365092,2.51320229637898,""
"2021","WEBER COUNTY",2048,7,141843.02479,4738.925339,190783.96003,212019.822,70832.9771,76734.895,359587.6941,354848.768761,1.34503589663614,1.11130842428609,2.50170051919266,""
"2021","WEBER COUNTY",2049,7,143772.00942,4839.004153,192310.83217,212826.67,72966.199,77054.228,362847.097,358008.092847,1.33760968456804,1.1066806149113,2.49010982242833,""
"2021","WEBER COUNTY",2050,7,145710.05171,4941.53728,193749.25362,213556.97,75191.8562,77282.472,366031.2982,361089.76092,1.3296903771993,1.10223376869801,2.47813899372337,""
"2021","WEBER COUNTY",2051,7,147656.42215,5054.439809,195117.00308,214259.477,77522.0189,77431.823,369213.3189,364158.879091,1.32142578181792,1.09810766677341,2.46625831635729,""
"2021","WEBER COUNTY",2052,7,149613.95589,5172.613299,196398.27172,214994.526,79876.3186,77500.701,372371.5456,367198.932301,1.31270021270206,1.09468644564506,2.45430935982318,""
"2021","WEBER COUNTY",2053,7,151645.66858,5290.179042,197671.68053,215881.428,82150.4477,77471.869,375503.7447,370213.565658,1.30351023132401,1.09212117497649,2.4413065610423,""
"2021","WEBER COUNTY",2054,7,153797.79297,5407.615391,198925.81754,216699.235,84525.8057,77350.955,378575.9957,373168.380309,1.29342439640082,1.08934696199716,2.42635718694475,""
"2021","WEBER COUNTY",2055,7,155986.52056,5521.967914,200209.03919,217410.722,87019.1846,77149.295,381579.2016,376057.233686,1.28350218000401,1.08591861226443,2.41083160478184,""
"2021","WEBER COUNTY",2056,7,158211.28374,5629.76838,201459.30809,218320.744,89340.1459,76893.669,384554.5589,378924.79052,1.27335613066052,1.0836964847634,2.39505540668461,""
"2021","WEBER COUNTY",2057,7,160494.1132,5734.201931,202640.65673,219591.062,91316.2657,76601.477,387508.8047,381774.602769,1.26260491858339,1.08364760331677,2.37874520851273,""
"2021","WEBER COUNTY",2058,7,162799.85595,5839.959653,203774.40597,221272.059,92910.9894,76274.769,390457.8174,384617.857747,1.25168664788367,1.08586776610492,2.36251964415206,""
"2021","WEBER COUNTY",2059,7,165173.85396,5940.083475,204859.25232,223469.01,93995.0084,75929.794,393393.8124,387453.728925,1.24026440873391,1.0908416752929,2.34573281203955,""
"2021","WEBER COUNTY",2060,7,167591.63486,6032.530233,205921.46599,225845.337,94848.6999,75571.285,396265.3219,390232.791667,1.22870969163836,1.09675470652956,2.32847416276467,""
"P2025","BEAVER COUNTY",2020,7,,,4290,3930.9557176654,1008.82849857533,2135.79312691927,7075.57734316,,,0.916306694094499,,""
"P2025","BEAVER COUNTY",2021,7,,,4378,3997.04426090747,1032.4077924942,2126.13897800694,7155.59103140861,,,0.912984070559038,,""
"P2025","BEAVER COUNTY",2022,7,,,4549,4103.7243238658,1057.20410006798,2136.65219362497,7297.58061755875,,,0.902115701003693,,""
"P2025","BEAVER COUNTY",2023,7,,,4728,4125.65224580223,1093.27608649225,2094.65681034629,7313.58514264076,,,0.87259988278389,,""
"P2025","BEAVER COUNTY",2024,7,,,4869,4153.28749240265,1114.67618120635,2070.61891765533,7338.58259126433,,,0.853006262559591,,""
"P2025","BEAVER COUNTY",2025,7,2467.79775656152,369.207883071483,5034.09803819614,4309.29709095266,1152.47396255324,2070.47124205173,7532.24229555764,7163.03441248616,2.039915153019,0.856021686160249,2.90260188195758,""
"P2025","BEAVER COUNTY",2026,7,2512.01183673338,350.878272802974,5275.70178575763,4352.22538594788,1194.82426300577,2029.51264774021,7576.56229669386,7225.68402389089,2.10018985922381,0.824956671678679,2.87645301595679,""
"P2025","BEAVER COUNTY",2027,7,2557.25567256302,294.823520436156,5302.17482771876,4361.83689678268,1222.98428537041,1996.49559324811,7581.3167754012,7286.49325496504,2.07338471651707,0.822650523324849,2.84934092947465,""
"P2025","BEAVER COUNTY",2028,7,2596.54112862585,303.447577719956,5325.81273186185,4385.16246161025,1276.68251016655,1971.51593088068,7633.36090265748,7329.91332493752,2.05111818686284,0.823379018825779,2.82295290612889,""
"P2025","BEAVER COUNTY",2029,7,2632.125492975,310.861010731534,5334.67853507075,4398.52751003836,1329.174663197,1945.45002682066,7673.15220005602,7362.29118932449,2.02675691159434,0.824515944329535,2.79708973184373,""
"P2025","BEAVER COUNTY",2030,7,2670.86914425543,304.13009064679,5341.89855517435,4398.96526281193,1378.56670338417,1923.64660107969,7701.17856727579,7397.048476629,2.0000600054345,0.823483489507853,2.76952859803662,""
"P2025","BEAVER COUNTY",2031,7,2702.14787418407,308.174935296554,5335.56721118775,4435.41958199506,1391.08088769194,1895.98558877176,7722.48605845877,7414.31112316222,1.97456521982494,0.831292982814416,2.74385839279836,""
"P2025","BEAVER COUNTY",2032,7,2734.02906478304,307.26979471403,5333.06719515275,4453.28892700589,1420.9692623522,1864.98324139654,7739.24143075463,7431.9716360406,1.9506256403225,0.835033342736335,2.71832210263294,""
"P2025","BEAVER COUNTY",2033,7,2765.10402921874,305.706215402648,5350.48307780728,4488.43715107045,1432.50008797381,1833.43252270567,7754.36976174993,7448.66354634728,1.93500245244625,0.838884468149723,2.69380951589436,""
"P2025","BEAVER COUNTY",2034,7,2792.12734253394,310.12144445101,5395.77163148459,4511.33488183394,1448.13803562037,1809.82180217152,7769.29471962583,7459.17327517482,1.93249482188293,0.836087067790283,2.67150181925635,""
"P2025","BEAVER COUNTY",2035,7,2819.55352792877,311.082447058279,5350.42595501382,4526.13665978633,1468.33982258806,1789.89914130776,7784.37562368216,7473.29317662388,1.89761460529682,0.84593950048873,2.65052360332869,""
"P2025","BEAVER COUNTY",2036,7,2844.56850445967,317.956779490219,5366.49388501277,4536.77074878444,1486.20494590358,1777.47162635635,7800.44732104436,7482.49054155414,1.88657572373429,0.845388226651011,2.63044835440708,""
"P2025","BEAVER COUNTY",2037,7,2874.50150335168,312.166755236284,5387.63631539669,4569.52881343961,1496.48262526368,1751.77643418885,7817.78787289214,7505.62111765586,1.87428544014142,0.848150941514165,2.61110356314104,""
"P2025","BEAVER COUNTY",2038,7,2902.58259324798,312.303907164809,5414.81502627431,4606.3784283122,1504.10008840688,1727.77953786312,7838.2580545822,7525.95414741739,1.86551626088791,0.850699129325871,2.59284754374409,""
"P2025","BEAVER COUNTY",2039,7,2932.5724489112,309.137504446345,5439.20054147751,4623.75697240421,1517.61897361007,1718.40196620017,7859.77791221445,7550.64040776811,1.85475402099511,0.85008025299766,2.57474982777373,""
"P2025","BEAVER COUNTY",2040,7,2965.34324992707,297.568645504103,5464.04422394119,4655.37683190301,1538.09211953594,1688.13526076659,7881.60421220554,7584.03556670144,1.84263465083699,0.852002041181341,2.5575573980813,""
"P2025","BEAVER COUNTY",2041,7,2993.68719306471,296.021798660712,5478.7777069802,4680.23886781058,1556.17100175028,1667.26977941912,7903.67964897998,7607.65785031927,1.83011027994927,0.854248724464173,2.5412333886932,""
"P2025","BEAVER COUNTY",2042,7,3016.28485901749,303.015156890941,5500.39173392711,4694.98959543198,1580.96940895816,1649.10299451111,7925.06199890126,7622.04684201032,1.82356507790805,0.853573676666099,2.52696519004942,""
"P2025","BEAVER COUNTY",2043,7,3041.78346357833,303.582523815195,5514.14475878672,4704.00485913732,1606.3338148598,1636.69147959411,7947.03015359123,7643.44762977604,1.81279990006255,0.85307968232817,2.51281779958931,""
"P2025","BEAVER COUNTY",2044,7,3064.4612862796,309.015091824531,5529.38703504143,4680.20524591304,1664.75991928621,1623.77373752509,7968.73890272433,7659.7238108998,1.80435858654764,0.846423883199555,2.49953355429693,""
"P2025","BEAVER COUNTY",2045,7,3092.91283517641,303.930262830873,5547.09121051636,4646.51406149302,1734.39777588291,1610.56702197314,7991.47885934907,7687.5485965182,1.79348449378463,0.837648757728015,2.48553677591102,""
"P2025","BEAVER COUNTY",2046,7,3117.80780238466,305.960215384467,5566.04841999625,4648.1796376825,1769.75382427679,1597.05146553736,8014.98492749665,7709.02471211218,1.78524423979536,0.835095077682711,2.47257855542472,""
"P2025","BEAVER COUNTY",2047,7,3149.32319571427,295.49362015973,5594.48275859853,4664.39967758675,1791.87351691536,1582.64987873488,8038.923073237,7743.42945307727,1.77640794892431,0.833749942372729,2.45875985786878,""
"P2025","BEAVER COUNTY",2048,7,3176.82450199158,293.476415948558,5620.13165479309,4684.64269344718,1811.4202666624,1567.4646314901,8063.52759159968,7770.05117565112,1.76910359740356,0.833546788793091,2.44585471145164,""
"P2025","BEAVER COUNTY",2049,7,3204.20166576292,291.55256634116,5648.12136968457,4702.33021229221,1834.37424060206,1551.3124746159,8088.01692751017,7796.46436116901,1.76272343592948,0.832547656913191,2.43320027090513,""
"P2025","BEAVER COUNTY",2050,7,3228.9736440284,294.374920913659,5676.14157639028,4714.31347676887,1863.32826336071,1533.98191046508,8111.62365059466,7817.248729681,1.75787795198875,0.830548958887477,2.42097012595258,""
"P2025","BEAVER COUNTY",2051,7,3255.69468353997,293.466406756949,5701.09533145974,4743.4048935522,1875.52769544191,1515.71537518752,8134.64796418164,7841.18155742469,1.75111485738609,0.832016413999812,2.40845113550354,""
"P2025","BEAVER COUNTY",2052,7,3280.11563349163,296.563641581699,5732.70454776307,4762.23554087754,1898.01839585828,1496.21831426065,8156.47225099647,7859.90860941477,1.74771416264392,0.830713583998636,2.39622912349832,""
"P2025","BEAVER COUNTY",2053,7,3305.6113835226,298.085008561295,5759.84055944932,4779.73239260136,1922.24982615895,1475.61117665752,8177.59339541784,7879.50838685655,1.74244334592997,0.829837621939024,2.38367656468432,""
"P2025","BEAVER COUNTY",2054,7,3332.56050704004,296.794552200804,5786.0513362295,4814.12791124761,1929.97980762069,1453.78078159323,8197.88850046153,7901.09394826073,1.73621793933117,0.832023020795518,2.37087786750448,""
"P2025","BEAVER COUNTY",2055,7,3361.00463102925,292.532071219114,5812.19145344216,4848.36259746881,1938.0788110613,1430.69148910019,8217.1328976303,7924.60082641119,1.72930182832336,0.834171179030495,2.35780717266802,""
"P2025","BEAVER COUNTY",2056,7,3387.15840372279,292.651479972671,5832.23751385529,4877.60775403041,1951.11183933496,1406.97519090079,8235.69478426616,7943.04330429349,1.72186736452749,0.836318435667782,2.34504630653334,""
"P2025","BEAVER COUNTY",2057,7,3410.05056713354,298.039050935649,5842.57995289286,4907.96925264008,1962.56484800677,1383.40807493447,8253.94217558132,7955.90312464567,1.7133411478423,0.840034589549772,2.33307482338402,""
"P2025","BEAVER COUNTY",2058,7,3435.63280991067,298.197213833076,5856.88013754211,4942.77137791856,1968.30465938652,1360.34981257469,8271.42584987976,7973.22863604669,1.70474566450959,0.843925650148756,2.32074528251289,""
"P2025","BEAVER COUNTY",2059,7,3459.03876994487,301.955908161804,5869.89892710764,4981.7955615618,1968.66463343297,1338.55286278301,8289.01305777778,7987.05714961598,1.69697402009784,0.848702102612958,2.30903949935874,""
"P2025","BEAVER COUNTY",2060,7,3485.93951427835,299.590696610698,5879.26508174664,4968.6997818749,2019.5227769175,1318.14558696094,8306.36814575334,8006.77744914264,1.68656543169073,0.845122598282093,2.2968779051808,""
"P2025","BEAVER COUNTY",2061,7,3510.25089034345,300.837848768937,5891.41726228229,4975.40538898362,2048.44372717934,1299.56419463293,8323.41331079589,8022.57546202695,1.6783464904145,0.844517569793755,2.28547067222366,""
"P2025","BEAVER COUNTY",2062,7,3537.11531894056,296.421118210292,5908.87727063545,4992.74251684401,2064.55957478583,1282.83589902721,8340.13799065706,8043.71687244677,1.67053565909898,0.844956205412451,2.27408951847689,""
"P2025","BEAVER COUNTY",2063,7,3560.29477101249,297.318390920108,5923.49958936465,5009.68029388348,2078.77740145284,1268.12255717356,8356.58025250988,8059.26186158977,1.66376661775118,0.845729828846129,2.26365016942062,""
"P2025","BEAVER COUNTY",2064,7,3583.99172702479,295.745976744483,5939.11486132112,5019.9969601121,2096.99508835745,1255.61653044987,8372.60857891943,8076.86260217495,1.65712292708092,0.845243285797546,2.253594097685,""
"P2025","BEAVER COUNTY",2065,7,3607.37757031436,293.232426156959,5953.81003613878,4986.98749776883,2155.96251691395,1245.38789341921,8388.33790810199,8095.10548194503,1.6504538047621,0.837612800458618,2.24404164081987,""
"P2025","BOX ELDER COUNTY",2020,7,,,30558,32393.5368309778,7475.41948109183,18016.7844712824,57885.740783352,,,1.06006730908364,,""
"P2025","BOX ELDER COUNTY",2021,7,,,32365,33369.8135214244,7689.54248630994,18148.4726807993,59207.8286885336,,,1.03104630067741,,""
"P2025","BOX ELDER COUNTY",2022,7,,,33565,34363.766085967,7918.11656873912,18324.8572081903,60606.7398628965,,,1.02379758933314,,""
"P2025","BOX ELDER COUNTY",2023,7,,,34370,34882.6293601152,8222.92651686425,18145.2196319447,61250.7755089242,,,1.01491502357042,,""
"P2025","BOX ELDER COUNTY",2024,7,,,34253,35271.0922617143,8531.85180774442,17951.7962196879,61754.7402891466,,,1.02972271806015,,""
"P2025","BOX ELDER COUNTY",2025,7,21669.575087064,166.884509314082,34779.6387711724,35791.6034747271,8885.78825149993,17661.1770729089,62338.5687991359,62171.6842898218,1.60499865047814,1.02909646963882,2.86907722186653,""
"P2025","BOX ELDER COUNTY",2026,7,22089.300586758,166.247149442223,35078.4096825004,36286.3821283985,9255.12458345594,17359.0945319461,62900.6012438006,62734.3540943584,1.58802717834937,1.0344363515003,2.84003351975599,""
"P2025","BOX ELDER COUNTY",2027,7,22519.2969460177,165.351399436872,35420.2413570428,36802.6241755734,9608.28647269948,17053.1739646916,63464.0846129645,63298.7332135276,1.5728839777703,1.03902804626868,2.81086631457743,""
"P2025","BOX ELDER COUNTY",2028,7,22958.929594947,164.773781602569,35744.3873781302,37322.7132309606,9917.56670051557,16795.144698972,64035.4246304481,63870.6508488455,1.55688387955147,1.04415590722352,2.78195246798016,""
"P2025","BOX ELDER COUNTY",2029,7,23406.8788582459,165.253149894398,36121.7805316793,37820.2525477454,10202.271520862,16597.2434544352,64619.7675230426,64454.5143731482,1.54321217922458,1.04702071689341,2.75365693835092,""
"P2025","BOX ELDER COUNTY",2030,7,23862.3302078695,166.595299867594,36494.8079488723,38372.2773580813,10434.0446535374,16414.4459917951,65220.7680034137,65054.1727035461,1.52938994771084,1.05144483598432,2.72622883586164,""
"P2025","BOX ELDER COUNTY",2031,7,24327.4597634405,167.957021086375,36781.5699954915,38996.0399819059,10639.6645804023,16206.7985509598,65842.503113268,65674.5460921816,1.51193632023871,1.06020596692,2.69960557866703,""
"P2025","BOX ELDER COUNTY",2032,7,24803.0967970294,168.02509907026,37061.85009564,39647.7998987251,10840.6411849683,15998.426570707,66486.8676544004,66318.8425553301,1.49424285196834,1.06977389947917,2.67381299593497,""
"P2025","BOX ELDER COUNTY",2033,7,25287.7455302017,166.67196370835,37330.9866305825,40325.3220207512,11064.342105752,15764.1414877551,67153.8056142583,66987.1336505499,1.47624811337955,1.08021045411416,2.64899587709572,""
"P2025","BOX ELDER COUNTY",2034,7,25778.2089700577,164.875363230728,37697.4636759056,41016.6502818994,11273.2439611965,15549.9639288562,67839.8581719521,67674.9828087214,1.4623771465152,1.08804800860158,2.62527869516956,""
"P2025","BOX ELDER COUNTY",2035,7,26269.8481897355,163.601375546767,37530.2615998366,41611.8180126154,11501.5287984662,15428.8354808631,68542.1822919447,68378.5809163979,1.42864402294113,1.10875374268099,2.60293018910995,""
"P2025","BOX ELDER COUNTY",2036,7,26761.5440458091,162.756432978252,37694.3794499088,42164.9289007753,11737.8515819825,15360.7617132192,69263.542195977,69100.7857629988,1.40852782580054,1.11859989515963,2.58209263429328,""
"P2025","BOX ELDER COUNTY",2037,7,27261.964410484,162.09264134057,37888.9295690201,42783.7898916847,11949.8047953064,15288.2866566395,70021.8813436306,69859.78870229,1.38980922278841,1.12918972318149,2.56253686089563,""
"P2025","BOX ELDER COUNTY",2038,7,27776.3865410445,161.573939773908,38120.5893733358,43392.539681292,12185.0270939734,15246.3618336608,70823.9286089262,70662.3546691523,1.37240995393717,1.1382966631582,2.5439721817212,""
"P2025","BOX ELDER COUNTY",2039,7,28298.1227944585,161.232750646453,38354.7139064431,43906.5583598576,12461.6819744725,15291.311787164,71659.5521214941,71498.3193708476,1.35538014959614,1.14474998997403,2.52660997657586,""
"P2025","BOX ELDER COUNTY",2040,7,28819.545496794,160.701460431226,38570.4538402585,44446.6265793042,12799.746919154,15265.5499594064,72511.9234578646,72351.2219974334,1.3383435850697,1.15234906914454,2.51049143038991,""
"P2025","BOX ELDER COUNTY",2041,7,29339.3587647431,159.597116106126,38753.4575957755,44877.359821068,13161.6921908934,15324.5566016388,73363.6086136002,73204.0114974941,1.32086927688226,1.15802208642049,2.49507878084448,""
"P2025","BOX ELDER COUNTY",2042,7,29854.4225211632,158.665523573092,38952.7880725025,45307.7512360026,13580.2593255426,15327.8865964361,74215.8971579813,74057.2316344082,1.30475771369852,1.16314527092828,2.4806117613533,""
"P2025","BOX ELDER COUNTY",2043,7,30368.3974700419,157.876959291061,39104.6405330602,45647.0916959812,14019.6546212509,15407.7237552376,75074.4700724697,74916.5931131786,1.28767547156996,1.16730626017109,2.46692612565688,""
"P2025","BOX ELDER COUNTY",2044,7,30886.6425531562,157.711521233882,39250.9163755772,45991.8675316988,14464.5544130476,15494.8206593001,75951.2426040465,75793.5310828126,1.27080553698985,1.17173996886136,2.45392586625015,""
"P2025","BOX ELDER COUNTY",2045,7,31412.0844882348,157.675404918872,39429.3167155017,46325.9254804618,14947.1963118407,15578.7011888117,76851.8229811141,76694.1475761952,1.25522764114141,1.17491068421809,2.44154913071498,""
"P2025","BOX ELDER COUNTY",2046,7,31949.1247823058,157.768803953942,39638.6775221048,46659.117694495,15459.4868246002,15659.3555197969,77777.9600388921,77620.1912349382,1.24068117021026,1.17711085765854,2.42949350768839,""
"P2025","BOX ELDER COUNTY",2047,7,32497.2461272726,157.981590764822,39851.9477318476,46969.9332724409,16025.6046485903,15731.3904776686,78726.9283986998,78568.946807935,1.22631768783641,1.17861073161312,2.41771091926456,""
"P2025","BOX ELDER COUNTY",2048,7,33053.7516981308,158.296540251563,40078.895941177,47311.3873885112,16588.5471478385,15792.6893473528,79692.6238837025,79534.3273434509,1.21253697030233,1.18045635433544,2.40621179918734,""
"P2025","BOX ELDER COUNTY",2049,7,33615.3311905393,158.713296772861,40325.6133036406,47659.7803668895,17164.7758896796,15840.1117957658,80664.6680523348,80505.954755562,1.19961969361735,1.18187366446295,2.39491779210016,""
"P2025","BOX ELDER COUNTY",2050,7,34179.0155328868,159.24722404,40567.1940252845,48046.8675247077,17714.7468264072,15870.8839764646,81632.4983275795,81473.2511035395,1.186903525242,1.18437739358461,2.38372141014847,""
"P2025","BOX ELDER COUNTY",2051,7,34737.6627080594,159.878929940145,40797.729496732,48485.8918623396,18211.5428024994,15882.0414982749,82579.4761631139,82419.5972331738,1.17445234699877,1.18844583903189,2.37262932528998,""
"P2025","BOX ELDER COUNTY",2052,7,35289.3580263084,160.59570065528,41003.3816322964,48943.7321548125,18684.385271535,15872.0469991549,83500.1644255023,83339.568724847,1.161919171262,1.19365111379647,2.36160625712479,""
"P2025","BOX ELDER COUNTY",2053,7,35837.0718022113,161.34097744937,41196.0088355907,49395.1208255482,19163.490704704,15841.2427020177,84399.8542322699,84238.5132548205,1.14953613015472,1.19902685288469,2.35059699407759,""
"P2025","BOX ELDER COUNTY",2054,7,36384.4422036813,162.079710591876,41372.1541151425,49820.5590642914,19675.9415264392,15790.2731522522,85286.7737429828,85124.6940323909,1.13708364370518,1.20420510195423,2.33959046440399,""
"P2025","BOX ELDER COUNTY",2055,7,36934.698266195,162.767412787256,41530.3642879161,50199.5298848439,20244.4648017856,15721.8711395259,86165.8658261554,86003.0984133681,1.12442679208043,1.20874282577507,2.32851769340387,""
"P2025","BOX ELDER COUNTY",2056,7,37487.0909606116,163.395737745639,41654.0449318109,50536.9342070531,20861.3825007958,15639.6157881328,87037.9324959817,86874.5367582361,1.11115703738062,1.21325394183887,2.31745207568965,""
"P2025","BOX ELDER COUNTY",2057,7,38040.2254627464,163.942191589319,41744.8479101178,50865.6742052183,21489.2781039205,15547.278086273,87902.2303954118,87738.2882038225,1.09738697398099,1.21848986765358,2.3064607829348,""
"P2025","BOX ELDER COUNTY",2058,7,38593.7401983751,164.371376334071,41825.926604866,51172.667531674,22138.2063593531,15447.3047243474,88758.1786153745,88593.8072390404,1.08374898079008,1.2234676356392,2.29554862482,""
"P2025","BOX ELDER COUNTY",2059,7,39149.0981908817,164.68171241124,41882.8415796787,51505.1192072792,22760.6289193504,15343.9815263832,89609.7296530128,89445.0479406016,1.06982902583012,1.22974271240157,2.2847281821024,""
"P2025","BOX ELDER COUNTY",2060,7,39708.0081735349,164.864340541332,41952.4675863081,51880.1895511016,23340.153621446,15241.6959736639,90462.0391462115,90297.1748056702,1.05652409969708,1.23664214612333,2.27402931950267,""
"P2025","BOX ELDER COUNTY",2061,7,40269.0873750638,164.922072970942,42021.9527175277,52260.4611374993,23909.2553476538,15145.5560815731,91315.2725667262,91150.3504937552,1.04352880724954,1.24364665984932,2.26353156814274,""
"P2025","BOX ELDER COUNTY",2062,7,40830.4565408067,164.849541823974,42099.4573105018,52641.3441228195,24468.0895154509,15059.4048362143,92168.8384744848,92003.9889326608,1.03107975950322,1.2504043397654,2.25331766351205,""
"P2025","BOX ELDER COUNTY",2063,7,41390.8064728511,164.664547120983,42177.294982961,53014.2454904673,25021.9253448583,14986.5460930447,93022.7169283703,92858.0523812493,1.01900152659808,1.25693801633994,2.24344631801645,""
"P2025","BOX ELDER COUNTY",2064,7,41949.8562981898,164.378976844634,42259.2556219172,53380.196883457,25567.877738929,14929.9840609291,93878.0586833151,93713.6797064705,1.00737545610474,1.26315989474675,2.23394519018923,""
"P2025","BOX ELDER COUNTY",2065,7,42506.7304217193,164.016314009542,42336.7369403657,53721.1453362657,26122.4245854392,14892.3626924603,94735.9326141652,94571.9163001557,0.996000786706786,1.26890141325572,2.22486922334147,""
"P2025","CACHE COUNTY",2020,7,,,83458,80636.8297082509,13219.6307138665,39886.1806988946,133742.641121012,,,0.966196526495374,,""
"P2025","CACHE COUNTY",2021,7,,,88323,83173.8698424691,13675.2784416349,40095.6963162195,136944.844600323,,,0.941701140614213,,""
"P2025","CACHE COUNTY",2022,7,,,91922,85987.3510094107,14061.2590729244,40240.0290277998,140288.639110135,,,0.935438208583481,,""
"P2025","CACHE COUNTY",2023,7,,,92089,87712.5124572753,14481.1914274284,39506.0177363632,141699.721621067,,,0.952475458059869,,""
"P2025","CACHE COUNTY",2024,7,,,92040,89847.0335788488,14905.3325389176,38730.273672251,143482.639790017,,,0.976173767697184,,""
"P2025","CACHE COUNTY",2025,7,47893.4525922862,4597.92974127288,93668.3337662406,91990.2755486424,15406.1931977877,37773.5803271502,145170.04907358,140572.119332307,1.95576490514545,0.982085106565619,2.93510097359212,""
"P2025","CACHE COUNTY",2026,7,48965.1541726349,4644.38660266636,94351.794891853,94075.8833518806,15901.8233902049,36755.7196344824,146733.426376568,142089.039773902,1.92691714109997,0.997075714984663,2.90183993443465,""
"P2025","CACHE COUNTY",2027,7,50039.8940291955,4682.12176533308,94989.2682316076,96117.6483989696,16324.2886511072,35807.6854613282,148249.622511405,143567.500746072,1.89827077124077,1.0118790278983,2.86906084697758,""
"P2025","CACHE COUNTY",2028,7,51106.2567188879,4697.0688125216,95622.5272495005,98085.5171613622,16706.0041575403,34954.6132210268,149746.134539929,145049.065727407,1.8710532406135,1.02575742330503,2.8381860664391,""
"P2025","CACHE COUNTY",2029,7,52136.2311326847,4702.87171364791,96386.8881373343,99848.6504916755,17047.1329841061,34350.2523494041,151246.035825186,146543.164111538,1.84875059135044,1.03591528289002,2.81077402274421,""
"P2025","CACHE COUNTY",2030,7,53115.1857791802,4698.35965278548,97205.4588084101,101447.497600408,17344.0100714344,33975.7081608125,152767.215832655,148068.85617987,1.8300879001446,1.04363992355984,2.78769346294763,""
"P2025","CACHE COUNTY",2031,7,54036.3980672222,4688.5980099134,97903.1556981316,102884.989933683,17615.4678670252,33826.5485656146,154327.006366323,149638.40835641,1.81180017913737,1.05088532846594,2.76921507925559,""
"P2025","CACHE COUNTY",2032,7,54884.5903015277,4683.25762311606,98603.0814126329,104107.349934669,17884.4575158374,33943.6369763877,155935.444426894,151252.186803778,1.79655311027963,1.05582247981685,2.75582246260419,""
"P2025","CACHE COUNTY",2033,7,55663.8422645871,4671.34536019178,99380.9162989558,105144.113456596,18143.5829501102,34308.134647446,157595.831054152,152924.48569396,1.78537650754628,1.05799098430833,2.74728584072698,""
"P2025","CACHE COUNTY",2034,7,56375.7144961035,4650.40451627227,100678.46846485,105850.528395612,18460.5649010883,34990.0026685574,159301.095965258,154650.691448986,1.78584820369432,1.05137205610719,2.74321474825254,""
"P2025","CACHE COUNTY",2035,7,57029.31392312,4626.60761250584,100508.706126439,106380.76332599,18794.0112745913,35869.0417077153,161043.816308297,156417.208695791,1.76240426567173,1.05842336873946,2.74275101584869,""
"P2025","CACHE COUNTY",2036,7,57651.9617504715,4608.85345022034,101173.506731922,106773.680684685,19163.6474849494,36891.2831183821,162828.611288016,158219.757837796,1.7549013712633,1.05535217799262,2.74439503936744,""
"P2025","CACHE COUNTY",2037,7,58269.5479433616,4597.31570920495,101930.962077579,107187.432135766,19507.1936501299,38005.1249242532,164699.750710149,160102.435000944,1.74930071838993,1.05156892421153,2.74761759189491,""
"P2025","CACHE COUNTY",2038,7,58891.7580922681,4605.60241872838,102799.078713481,107713.392969166,19853.4686700109,39106.7001385342,166673.561777711,162067.959358983,1.7455596851502,1.04780504180764,2.75196334103431,""
"P2025","CACHE COUNTY",2039,7,59517.8417856096,4626.38010035983,103693.774162512,108240.870559521,20249.2314212909,40234.7782017235,168724.880182535,164098.500082175,1.74223007843647,1.04385119968613,2.75713122584783,""
"P2025","CACHE COUNTY",2040,7,60133.1892767579,4650.95824412149,104566.03486393,108704.113951625,20721.601495162,41386.6303461566,170812.345792943,166161.387548822,1.73890718456115,1.03957383574006,2.76322259882272,""
"P2025","CACHE COUNTY",2041,7,60727.2997587749,4670.43016714613,105365.636270468,109087.125276525,21225.5286556066,42580.7605251115,172893.414457243,168222.984290097,1.73506210038992,1.03531976019681,2.77013772979078,""
"P2025","CACHE COUNTY",2042,7,61308.4968398552,4675.23120871323,106203.464635687,109305.752071106,21794.2723122054,43871.4461337905,174971.470517102,170296.239308389,1.73227970199796,1.02921079313242,2.77769392639363,""
"P2025","CACHE COUNTY",2043,7,61884.3344533554,4676.28690769668,107005.664930449,109525.0375549,22344.0363297969,45191.4775525427,177060.551437239,172384.264529542,1.7291236283894,1.02354429203434,2.78558808222257,""
"P2025","CACHE COUNTY",2044,7,62469.0145643646,4691.18036258731,107851.138484603,109783.876983994,22875.2553487491,46530.6097988609,179189.742131604,174498.561769017,1.72647414460939,1.01792042742012,2.79336184484266,""
"P2025","CACHE COUNTY",2045,7,63077.0569137158,4724.24797037552,108741.973462097,110101.823032094,23456.4087930982,47814.4397892966,181372.671614489,176648.423644113,1.7239544579711,1.01250528684281,2.80051784733321,""
"P2025","CACHE COUNTY",2046,7,63721.6683125903,4777.46449328348,109656.340926696,110589.97500701,24034.4902509559,48989.0947904003,183613.560048367,178836.095555084,1.72086424964222,1.00851418233021,2.80651935661497,""
"P2025","CACHE COUNTY",2047,7,64407.5726634924,4855.13597032356,110626.948418276,111307.890272508,24587.7897571803,50010.1236071231,185905.803636811,181050.667666487,1.71760778808206,1.00615529817977,2.81101522972175,""
"P2025","CACHE COUNTY",2048,7,65133.6425139449,4958.09732528245,111601.606420977,112317.021934088,25075.0481011971,50842.6177221867,188234.687757471,183276.590432189,1.71342492318134,1.00641044099681,2.81385445920593,""
"P2025","CACHE COUNTY",2049,7,65898.9686576277,5080.57134988188,112579.620057022,113664.342083194,25452.5671961413,51458.3680479765,190575.277327311,185494.705977429,1.70836694944225,1.00963515444112,2.81483473498881,""
"P2025","CACHE COUNTY",2050,7,66699.5662062663,5218.93057157746,113550.499102421,115276.599842777,25783.2362149267,51842.468291704,192902.304349408,187683.373777831,1.70241735532836,1.01520117264125,2.8138619852103,""
"P2025","CACHE COUNTY",2051,7,67525.8132863432,5365.0523846928,114425.214933038,117210.141408631,25972.6467571963,51993.2251771212,195176.013342948,189810.960958255,1.69454034485772,1.02433839846596,2.81093927967016,""
"P2025","CACHE COUNTY",2052,7,68374.7755537487,5511.24746728722,115250.626727485,119354.183334114,26094.8459633233,51934.6277117092,197383.657009146,191872.409541859,1.68557228589201,1.03560550361546,2.80618704760544,""
"P2025","CACHE COUNTY",2053,7,69251.3297280288,5648.65611589948,116026.846328902,121563.51611987,26255.0807007513,51719.6151724653,199538.211993087,193889.555877188,1.67544575367108,1.04771886822876,2.79979542109374,""
"P2025","CACHE COUNTY",2054,7,70159.5203194889,5772.09728411317,116736.132105468,123863.193717273,26370.4458329426,51425.9757202241,201659.615270439,195887.517986326,1.66386730658763,1.06105274762201,2.792030462784,""
"P2025","CACHE COUNTY",2055,7,71099.1716247783,5882.38089738784,117424.065917389,126426.98976708,26250.9090611976,51081.9725049886,203759.871333266,197877.490435878,1.65155322114142,1.07667017641873,2.78311949230808,""
"P2025","CACHE COUNTY",2056,7,72067.6132429755,5978.15399522101,118012.594561925,128823.974681279,26294.7516061389,50722.3260899314,205841.05237735,199862.898382129,1.63752605714923,1.0916120873326,2.77326928683336,""
"P2025","CACHE COUNTY",2057,7,73060.8868509561,6054.93962174987,118532.167717868,131320.813584076,26200.6362094817,50380.0819314104,207901.531724968,201846.592103218,1.62237515621283,1.10789177412707,2.76271751963515,""
"P2025","CACHE COUNTY",2058,7,74067.8345484412,6117.7656619286,119022.906778925,133776.995304232,26078.9538793996,50084.1177691836,209940.066952815,203822.301290886,1.60694460023781,1.12396007562403,2.75183286420483,""
"P2025","CACHE COUNTY",2059,7,75083.8657423636,6166.47407979108,119501.330958523,136084.646285169,26017.3227311407,49864.2293570342,211966.198373343,205799.724293552,1.59157136858896,1.13877096760037,2.7409313873065,""
"P2025","CACHE COUNTY",2060,7,76102.2481174145,6205.25354784326,119991.867925146,138160.388767455,26086.4974531404,49745.40704365,213992.293264246,207787.039716403,1.57671909691835,1.15141460130984,2.73036664299086,""
"P2025","CACHE COUNTY",2061,7,77112.609607035,6234.57146106759,120468.772974618,139855.729293435,26416.8530937253,49746.2465696806,216018.828956841,209784.257495773,1.5622447948335,1.16092930840179,2.72049225885146,""
"P2025","CACHE COUNTY",2062,7,78106.8223937338,6255.92978870607,120956.861488441,141001.533550224,27167.757973664,49875.1899777047,218044.481501593,211788.551712887,1.54860814691323,1.16571752784524,2.71152436140941,""
"P2025","CACHE COUNTY",2063,7,79079.9301261355,6268.89920853393,121451.244845211,142093.674958109,27841.9819752948,50133.6247381441,220069.281671548,213800.382463014,1.53580364387641,1.1699647470819,2.70359852521359,""
"P2025","CACHE COUNTY",2064,7,80021.7935143614,6283.42454453045,121941.274371621,143139.74378979,28436.3664149325,50519.9203752102,222096.030579932,215812.606035402,1.52385080384054,1.17384162604014,2.69692288259785,""
"P2025","CACHE COUNTY",2065,7,80932.2681897784,6297.44017623703,122430.842733606,143714.648150045,29385.4656432766,51027.2122495707,224127.326042893,217829.885866656,1.51275684559485,1.17384349352842,2.69150847664205,""
"P2025","CARBON COUNTY",2020,7,,,11445,11367.3091718853,3738.74856176077,5342.52228678495,20448.580020431,,,0.99321181056228,,""
"P2025","CARBON COUNTY",2021,7,,,11538,11381.3019491281,3816.08346449463,5289.17671905964,20486.5621326824,,,0.986418959016129,,""
"P2025","CARBON COUNTY",2022,7,,,11780,11540.0442742007,3879.64485012762,5316.83731593549,20736.5264402638,,,0.979630243989873,,""
"P2025","CARBON COUNTY",2023,7,,,11807,11496.3321352749,3950.72832272016,5206.47462853705,20653.5350865321,,,0.973687823771907,,""
"P2025","CARBON COUNTY",2024,7,,,12084,11401.0792028353,3987.86000203552,5052.56729118277,20441.5064960536,,,0.943485534825828,,""
"P2025","CARBON COUNTY",2025,7,7922.24918814165,117.76792828762,12161.957548242,11458.7955907486,4034.92533082959,4933.77346420668,20427.4943857848,20309.7264574972,1.53516473155711,0.942183488578692,2.56363135962671,""
"P2025","CARBON COUNTY",2026,7,7959.12295271828,168.99483029932,12240.1924604145,11548.8239373717,4094.57433672452,4799.38019501323,20442.7784691095,20273.7836388102,1.53788206729915,0.943516531682102,2.54723840293057,""
"P2025","CARBON COUNTY",2027,7,8007.49120778063,220.002892350406,12345.9105968785,11640.5981504563,4150.45373795989,4688.49472927366,20479.5466176898,20259.5437253394,1.54179508619159,0.942870763489853,2.53007380209844,""
"P2025","CARBON COUNTY",2028,7,8065.13234375545,219.595724559783,12336.1075314401,11687.0540678399,4188.0874996134,4617.29316263725,20492.4347300905,20272.8390055307,1.52956045922687,0.947385878248385,2.51363996788314,""
"P2025","CARBON COUNTY",2029,7,8117.12656259626,167.842769058724,12260.8494177729,11681.9894546913,4212.78894603503,4546.52503660815,20441.3034373345,20273.4606682758,1.51049134484005,0.952787939615138,2.49761544457073,""
"P2025","CARBON COUNTY",2030,7,8175.23276551609,116.431834389787,12205.6747734122,11714.9194992699,4220.51901923572,4480.18953973723,20415.6280582429,20299.1962238531,1.49300639180537,0.959792860021855,2.48301140849188,""
"P2025","CARBON COUNTY",2031,7,8239.52867677146,116.592796424935,12216.9964378727,11837.1385694466,4209.64393100284,4422.03386383292,20468.8163642823,20352.2235678574,1.48273001006894,0.968907425785233,2.47007133129271,""
"P2025","CARBON COUNTY",2032,7,8307.70454464576,116.841163565159,12269.8338077625,11945.1983365268,4203.74342251289,4397.73824419786,20546.6800032376,20429.8388396724,1.47692226436607,0.973541983019337,2.45914364550185,""
"P2025","CARBON COUNTY",2033,7,8378.13004377952,116.813805080856,12321.1551334869,12044.4286232923,4195.18086355542,4407.04440328415,20646.6538901318,20529.8400850509,1.4706330731444,0.977540538431944,2.45040838203433,""
"P2025","CARBON COUNTY",2034,7,8449.42283578183,116.671893959834,12428.8194541665,12132.7487241549,4207.23934017569,4423.10590874829,20763.0939730789,20646.4220791191,1.47096667970416,0.976178692505478,2.44353046123873,""
"P2025","CARBON COUNTY",2035,7,8519.51348666689,116.547281097295,12395.3245054534,12200.6117338024,4228.93022004928,4457.79767471188,20887.3396285636,20770.7923474663,1.45493337440597,0.984291434115716,2.43802564312772,""
"P2025","CARBON COUNTY",2036,7,8585.09619068327,116.709477302567,12440.2696140699,12269.9063463038,4257.90830151357,4481.39054556992,21009.2051933873,20892.4957160847,1.44905419086281,0.986305500358817,2.43357735918646,""
"P2025","CARBON COUNTY",2037,7,8654.2377090671,117.259658234849,12510.8704606121,12369.6705137632,4277.08412902464,4501.91859447585,21148.6732372637,21031.4135790289,1.4456351767995,0.988713819130856,2.43018672308875,""
"P2025","CARBON COUNTY",2038,7,8724.56910340404,117.773017991019,12602.5676484936,12451.4033710609,4315.05226354284,4528.5697810863,21295.02541569,21177.252397699,1.44449169914609,0.988005279428056,2.42731212816417,""
"P2025","CARBON COUNTY",2039,7,8800.29019863836,118.009294465426,12699.3331437954,12536.4044899751,4353.00186645027,4573.97803470938,21463.3843911347,21345.3750966693,1.44305845115884,0.987170298473515,2.42553081942366,""
"P2025","CARBON COUNTY",2040,7,8877.71150552985,117.720990968727,12797.1394913291,12610.2581307706,4404.20972882813,4627.49405764987,21641.9619172486,21524.2409262799,1.44149080349794,0.985396630185588,2.42452583786628,""
"P2025","CARBON COUNTY",2041,7,8956.10114794102,117.205542204937,12885.9245063053,12671.6472731982,4457.26350393739,4698.90426420577,21827.8150413413,21710.6094991364,1.43878729074735,0.983371217718818,2.42411392418536,""
"P2025","CARBON COUNTY",2042,7,9034.09572137775,116.601847785637,12997.3196068268,12702.4042964066,4528.63360415916,4786.9359470793,22017.973847645,21901.3719998594,1.43869624671684,0.977309528476525,2.42430152118416,""
"P2025","CARBON COUNTY",2043,7,9111.38381823462,116.03767549308,13104.400994236,12726.5262674492,4608.50461132647,4879.33013044475,22214.3610092204,22098.3233337273,1.43824486550662,0.971164288474306,2.42535313785179,""
"P2025","CARBON COUNTY",2044,7,9183.73613190574,115.597806169888,13213.0613700212,12735.4151654926,4695.32292777802,4970.93214404567,22401.6702373163,22286.0724311464,1.43874575447752,0.963850451371374,2.42668910681363,""
"P2025","CARBON COUNTY",2045,7,9254.97368556679,115.380579077337,13327.3281883908,12729.7721936529,4800.35852926675,5062.14704549078,22592.2777684105,22476.8971893332,1.44001794507259,0.955163106491336,2.42862896783662,""
"P2025","CARBON COUNTY",2046,7,9329.4493738707,115.453122373865,13454.3752182771,12738.2907383657,4907.4673354955,5152.41758102353,22798.1756548847,22682.7225325108,1.44214033209283,0.946776831454898,2.43130345892,""
"P2025","CARBON COUNTY",2047,7,9407.92457702379,115.819831215462,13582.8802119251,12754.6228931658,5024.82915720818,5236.84104397394,23016.2930943479,22900.4732631324,1.44377010048502,0.939021966929214,2.43416845826553,""
"P2025","CARBON COUNTY",2048,7,9489.84366571155,116.467174633058,13713.2165620477,12782.0674960292,5148.81960539352,5312.12402044125,23243.0111218639,23126.5439472308,1.44504135632876,0.932098420395728,2.43697839099195,""
"P2025","CARBON COUNTY",2049,7,9577.57812156836,117.321753054979,13849.2565397571,12858.4862112215,5245.58904338068,5377.60712132287,23481.682375925,23364.36062287,1.44600820415853,0.928460396000941,2.43948525674297,""
"P2025","CARBON COUNTY",2050,7,9664.24694241511,118.374672651538,13980.9986704133,12949.5464900295,5332.6679045581,5425.34420290163,23707.5585974892,23589.1839248377,1.44667233295256,0.926224713648921,2.44087139591889,""
"P2025","CARBON COUNTY",2051,7,9752.12167556338,119.604819683749,14102.9868347142,13063.9814723178,5404.25710391699,5457.15157079137,23925.3901470261,23805.7853273424,1.44614549570819,0.926327282683204,2.44108780830681,""
"P2025","CARBON COUNTY",2052,7,9842.5453049564,120.88734809361,14219.9291938485,13189.9639755422,5472.13241593152,5475.64858822437,24137.7449796981,24016.8576316045,1.4447410454578,0.927568892624876,2.44010638381419,""
"P2025","CARBON COUNTY",2053,7,9935.82389174449,122.15645655384,14332.9807700484,13328.0241280812,5533.60223111804,5482.66520020618,24344.2915594055,24222.1351028517,1.4425558389735,0.929885021260389,2.43785873891922,""
"P2025","CARBON COUNTY",2054,7,10028.9207240965,123.38976104516,14434.896984881,13465.5750782309,5591.97255927422,5479.05831122159,24536.6059487267,24413.2161876815,1.43932706040823,0.932848713249193,2.43428150040352,""
"P2025","CARBON COUNTY",2055,7,10120.9891056701,124.576677757607,14531.0475346771,13576.6884847418,5668.91676684925,5466.38525860358,24711.9905101946,24587.413832437,1.43573393696633,0.934322763196679,2.42934890806891,""
"P2025","CARBON COUNTY",2056,7,10206.3525654201,125.553556914471,14604.1286756292,13658.825927969,5754.18791115084,5444.48636299145,24857.5002021113,24731.9466451968,1.43088616447653,0.935271540763833,2.42319148654442,""
"P2025","CARBON COUNTY",2057,7,10287.8745870668,126.410916787964,14666.7395141517,13732.7475261325,5835.76801648367,5417.16504417459,24985.6805867908,24859.2696700028,1.42563358349933,0.936319044384881,2.41636593249826,""
"P2025","CARBON COUNTY",2058,7,10367.3061787428,127.096054647365,14722.94536869,13831.4383149117,5884.32118435337,5387.03222158465,25102.7917208497,24975.6956662023,1.42013220356876,0.939447778182062,2.40908247866863,""
"P2025","CARBON COUNTY",2059,7,10446.9050205857,127.682256689706,14770.1876853797,13953.5644870903,5905.79437828061,5357.82562111536,25217.1844864862,25089.5022297965,1.41383382506828,0.94471138649797,2.40162059292752,""
"P2025","CARBON COUNTY",2060,7,10527.3405402949,128.169681127124,14821.3937121042,14080.0697318109,5919.09881860025,5331.66959010359,25330.8381405147,25202.6684593876,1.40789534216863,0.949982842727679,2.39402044257244,""
"P2025","CARBON COUNTY",2061,7,10610.0458561499,128.52910381354,14872.1943941112,14214.3660357291,5925.42589758301,5311.48893032011,25451.2808636323,25322.7517598188,1.40170877635659,0.955767902103097,2.38667693836035,""
"P2025","CARBON COUNTY",2062,7,10690.0372128877,128.697508909882,14921.9647673151,14338.8361160619,5932.38463022673,5294.37997152045,25565.6007178091,25436.9032088992,1.39587584871318,0.96092145636676,2.37949622647085,""
"P2025","CARBON COUNTY",2063,7,10771.284324431,128.785544912148,14973.7348675283,14470.9779805724,5932.17751690073,5283.77187998667,25686.9273774598,25558.1418325477,1.39015315319135,0.966424082474829,2.37280356387749,""
"P2025","CARBON COUNTY",2064,7,10850.2695864291,128.778537438612,15027.4870742055,14619.532040843,5909.23775410372,5276.54762415553,25805.3174191022,25676.5388816636,1.38498743782376,0.9728527443512,2.3664424811876,""
"P2025","CARBON COUNTY",2065,7,10928.5441985857,128.674452206418,15079.3970391681,14755.1173769624,5895.67940503812,5275.10584907355,25925.902631074,25797.2281788676,1.37981754615766,0.978495183768728,2.36053656462368,""
"P2025","DAGGETT COUNTY",2020,7,,,630,485.978716078842,242.273791116729,214.468837513428,942.721344709,,,0.771394787426733,,""
"P2025","DAGGETT COUNTY",2021,7,,,656,498.950936128143,251.223154134152,211.55757352046,961.731663782755,,,0.76059593921973,,""
"P2025","DAGGETT COUNTY",2022,7,,,662,498.579641318702,257.049774767216,200.101817575411,955.731233661329,,,0.753141452143054,,""
"P2025","DAGGETT COUNTY",2023,7,,,645,530.952320494194,261.376962104753,205.403264004937,997.732546603885,,,0.823181892239061,,""
"P2025","DAGGETT COUNTY",2024,7,,,670,526.979823057858,266.129590282032,190.626667772492,983.736081112381,,,0.786537049340087,,""
"P2025","DAGGETT COUNTY",2025,7,423.894910003473,0,678.538429784062,522.941308592007,280.527363065115,180.477713292437,983.946384949559,983.946384949559,1.60072323061983,0.770687827892707,2.32120358543937,""
"P2025","DAGGETT COUNTY",2026,7,429.249690316791,0,680.071767697809,523.059000678606,291.712293002095,169.430421253244,984.201714933945,984.201714933945,1.58432675209599,0.769123238932965,2.29284199181971,""
"P2025","DAGGETT COUNTY",2027,7,434.5542882132,0,685.515510558999,525.532041754914,299.467191564436,159.549762541608,984.548995860958,984.548995860958,1.57751408547296,0.766623123270212,2.26565246866905,""
"P2025","DAGGETT COUNTY",2028,7,439.663833616897,0,689.540939336572,530.109804402388,302.635762320738,152.254859054551,985.000425777677,985.000425777677,1.56833673050626,0.768786556621892,2.24034899044246,""
"P2025","DAGGETT COUNTY",2029,7,444.254818242794,0,691.93989642795,533.393802212973,305.445611901127,146.710570225626,985.549984339726,985.549984339726,1.55752930078474,0.770867245791939,2.21843397948495,""
"P2025","DAGGETT COUNTY",2030,7,448.264071290807,0,694.419417730841,533.860933803598,310.305866637403,142.024786213864,986.191586654865,986.191586654865,1.5491302163281,0.768787450598802,2.20002371328815,""
"P2025","DAGGETT COUNTY",2031,7,451.593549652386,0,694.850816982405,532.161562437438,316.507161137278,138.238658534626,986.907382109343,986.907382109343,1.5386641760434,0.765864484046384,2.18538857091518,""
"P2025","DAGGETT COUNTY",2032,7,454.136525289597,0,700.617672827838,530.679530623941,319.630013438821,137.131089619873,987.440633682636,987.440633682636,1.54274680368654,0.757445253246337,2.17432551379336,""
"P2025","DAGGETT COUNTY",2033,7,456.452822936197,0,703.909546537386,535.489503951778,318.619799036487,135.365936817208,989.475239805473,989.475239805473,1.54212990076256,0.760736243152141,2.16774919572309,""
"P2025","DAGGETT COUNTY",2034,7,458.710414438429,0,710.752864128535,541.560316555979,316.611240282894,134.087322961509,992.258879800382,992.258879800382,1.54945874729848,0.761953055539205,2.16314879402759,""
"P2025","DAGGETT COUNTY",2035,7,460.585774859433,0,702.019210363563,548.348788727155,311.530974042366,135.028895765084,994.908658534606,994.908658534606,1.52418778147852,0.781102255653624,2.16009419491569,""
"P2025","DAGGETT COUNTY",2036,7,461.715444786787,0,704.441559319308,552.021157837228,307.410324702488,136.996156802951,996.427639342667,996.427639342667,1.52570499270305,0.783629458731308,2.15809899927173,""
"P2025","DAGGETT COUNTY",2037,7,462.533480557987,0,704.626741095587,551.706876844664,307.880696874717,138.166079021748,997.753652741129,997.753652741129,1.52340699800919,0.782977489595192,2.15714903824361,""
"P2025","DAGGETT COUNTY",2038,7,463.321051109934,0,705.438726374444,549.604948148196,307.788443862647,142.056963344905,999.450355355748,999.450355355748,1.52256998615645,0.779096649503288,2.15714428032454,""
"P2025","DAGGETT COUNTY",2039,7,464.115169209897,0,708.132162021457,557.797865821414,304.839130378413,138.988623011064,1001.62561921089,1001.62561921089,1.52576819074233,0.787703052815884,2.15814023255487,""
"P2025","DAGGETT COUNTY",2040,7,465.100045576999,0,709.22329955046,561.209281068099,301.860464966898,141.069510863868,1004.13925689886,1004.13925689886,1.52488331552538,0.791301246622637,2.15897475488985,""
"P2025","DAGGETT COUNTY",2041,7,465.897427969032,0,711.864344125962,560.179672906005,300.920475762184,146.099153782535,1007.19930245072,1007.19930245072,1.5279422065693,0.786919133579871,2.16184774155411,""
"P2025","DAGGETT COUNTY",2042,7,466.308435945685,0,713.403944121934,554.516924543943,303.398804310823,152.574970824904,1010.49069967967,1010.49069967967,1.52989714345427,0.777283233591383,2.16700068406519,""
"P2025","DAGGETT COUNTY",2043,7,466.612883901044,0,712.617056169233,549.091847416626,305.296260842461,159.615977143822,1014.00408540291,1014.00408540291,1.52721255832353,0.770528634787864,2.17311634630722,""
"P2025","DAGGETT COUNTY",2044,7,466.646160640263,0,717.346785622237,545.428350204667,305.243137776368,166.578269048958,1017.24975702999,1017.24975702999,1.53723923205111,0.760341247966358,2.17991669669856,""
"P2025","DAGGETT COUNTY",2045,7,466.510762573339,0,718.033862244141,540.093170951312,307.206324322971,173.150818329275,1020.45031360356,1020.45031360356,1.53915819280002,0.752183426646908,2.18741001381107,""
"P2025","DAGGETT COUNTY",2046,7,466.324141364748,0,721.00617681134,535.279263805886,309.474537407636,179.023556697884,1023.77735791141,1023.77735791141,1.54614808210709,0.74240593357073,2.19542002461038,""
"P2025","DAGGETT COUNTY",2047,7,466.267688475723,0,722.070101326722,534.170714678634,309.297247314892,183.990223963731,1027.45818595726,1027.45818595726,1.54861706949337,0.73977680795418,2.20358007074461,""
"P2025","DAGGETT COUNTY",2048,7,466.302315395465,0,728.251942301586,534.667195868799,308.839752369715,187.92870088139,1031.4356491199,1031.4356491199,1.56175922412902,0.734178880703048,2.2119462311594,""
"P2025","DAGGETT COUNTY",2049,7,466.444354071633,0,729.472853758894,534.392042335661,310.430510553257,190.652555321848,1035.47510821077,1035.47510821077,1.56390113288169,0.732572897787762,2.21993277262769,""
"P2025","DAGGETT COUNTY",2050,7,466.772844578254,0,733.428151624399,535.561595215347,311.733577719284,192.103521793809,1039.39869472844,1039.39869472844,1.57127425072698,0.730216850865601,2.22677627201637,""
"P2025","DAGGETT COUNTY",2051,7,467.24338212509,0,735.422919269182,540.556960765774,310.255277009853,192.3316500627,1043.14388783833,1043.14388783833,1.57396112476623,0.735028711510577,2.23254930459146,""
"P2025","DAGGETT COUNTY",2052,7,467.871345920051,0,735.263873426885,549.230218435838,305.988587949239,191.573559748979,1046.79236613406,1046.79236613406,1.57150866330789,0.746983822115468,2.23735087703562,""
"P2025","DAGGETT COUNTY",2053,7,468.760797806401,0,737.942188218252,555.369428565337,304.954790578866,190.089906858443,1050.41412600265,1050.41412600265,1.57424040506694,0.752592055898398,2.24083185052619,""
"P2025","DAGGETT COUNTY",2054,7,469.768647289685,0,740.603409021225,560.75894938205,304.76588679574,188.204301315012,1053.7291374928,1053.7291374928,1.57652796391184,0.757164958399454,2.24308102205683,""
"P2025","DAGGETT COUNTY",2055,7,470.917988406906,0,743.323669857523,566.918168557649,303.776135922766,185.993246131103,1056.68755061152,1056.68755061152,1.57845673377684,0.762680096903565,2.24388869532516,""
"P2025","DAGGETT COUNTY",2056,7,472.0743672701,0,741.227556765493,575.657969645583,299.870998015046,183.517364327081,1059.04633198771,1059.04633198771,1.57014997669085,0.776627857924753,2.24338876544375,""
"P2025","DAGGETT COUNTY",2057,7,473.092330368016,0,743.359798177674,586.281480929389,293.407614519986,180.833765987004,1060.52286143638,1060.52286143638,1.5712784808822,0.788691401346484,2.24168263436316,""
"P2025","DAGGETT COUNTY",2058,7,474.206045511221,0,740.538124873596,595.748705532084,287.770047922991,178.242903622079,1061.76165707715,1061.76165707715,1.5616378826956,0.804480803245307,2.23903020032676,""
"P2025","DAGGETT COUNTY",2059,7,475.504337589337,0,741.706923061058,605.040019667201,282.204626053311,175.879308282921,1063.12395400343,1063.12395400343,1.55983208654055,0.815740019211596,2.23578182145119,""
"P2025","DAGGETT COUNTY",2060,7,476.97400306287,0,743.991784726494,613.570538854404,277.331025313499,173.763002777398,1064.6645669453,1064.6645669453,1.55981621629057,0.824700690855027,2.23212284130497,""
"P2025","DAGGETT COUNTY",2061,7,478.582331522,0,742.779775755496,623.250572107014,271.239444683456,171.922019467069,1066.41203625754,1066.41203625754,1.55204178431178,0.839078543129548,2.22827289270398,""
"P2025","DAGGETT COUNTY",2062,7,480.333989811441,0,744.118355319538,633.650710928782,264.224850996364,170.441956458958,1068.3175183841,1068.3175183841,1.54916864328433,0.851545599431801,2.22411393123247,""
"P2025","DAGGETT COUNTY",2063,7,482.199574165632,0,748.337126116273,640.37773265082,260.626112576688,169.322004153538,1070.32584938105,1070.32584938105,1.55192407088113,0.855734281117734,2.21967398298324,""
"P2025","DAGGETT COUNTY",2064,7,484.106325935415,0,746.812621572544,644.829433836457,259.024517461148,168.568596291251,1072.42254758886,1072.42254758886,1.54266238956807,0.86344206727339,2.21526241268728,""
"P2025","DAGGETT COUNTY",2065,7,486.024240513252,0,747.21124779053,648.433789685484,257.978812480651,168.162296997784,1074.57489916392,1074.57489916392,1.53739502169986,0.867805177722998,2.21094918646269,""
"P2025","DAVIS COUNTY",2020,7,,,199676,211284.561780363,38358.0025491737,113776.686753872,363419.251083408,,,1.05813699082695,,""
"P2025","DAVIS COUNTY",2021,7,,,205080,214990.050707447,39742.5431477865,112629.205699498,367361.799554731,,,1.04832285306928,,""
"P2025","DAVIS COUNTY",2022,7,,,212877,219357.911217744,41170.0961219235,111734.243352935,372262.250692603,,,1.03044439379428,,""
"P2025","DAVIS COUNTY",2023,7,,,221476,223904.007870994,42845.5552160248,110628.906551925,377378.469638943,,,1.01096284866529,,""
"P2025","DAVIS COUNTY",2024,7,,,222591,226117.724515954,44506.72446689,107947.804752803,378572.253735647,,,1.01584396725813,,""
"P2025","DAVIS COUNTY",2025,7,126211.702249983,2488.02192504742,225655.077938519,229697.789358946,46157.1581172361,105650.691389573,381505.638865755,379017.616940708,1.78790931360368,1.01791544625257,3.00303070304845,""
"P2025","DAVIS COUNTY",2026,7,128535.62720571,2532.78592817666,226658.714643358,233005.265360207,47933.9683744135,103129.014295884,384068.248030505,381535.462102328,1.76339213936857,1.02800047078196,2.96832458359358,""
"P2025","DAVIS COUNTY",2027,7,130888.034022894,2576.91898213856,227974.230032919,236173.796028793,49613.1655185101,100732.206037235,386519.167584538,383942.248602399,1.74174997534949,1.0359670739745,2.93336401198633,""
"P2025","DAVIS COUNTY",2028,7,133293.746130507,2622.46922850451,228979.433173815,239377.742535391,51145.2233532278,98488.889522223,389011.855410842,386389.386182337,1.71785578709464,1.04541154293837,2.89878105611966,""
"P2025","DAVIS COUNTY",2029,7,135771.765413402,2670.15684145548,230518.31828615,242650.645783539,52503.4728557846,96515.4975282053,391669.616167529,388999.459326074,1.69783693674646,1.05263064379261,2.86509833721051,""
"P2025","DAVIS COUNTY",2030,7,138333.292406882,2717.28944453257,232205.721255853,246151.924869998,53726.1594481477,94703.7330924194,394581.817410566,391864.527966033,1.67859607196265,1.06005968991082,2.83275646193279,""
"P2025","DAVIS COUNTY",2031,7,140981.88362699,2771.25736389696,232995.169901026,249963.506149638,54836.3883423747,93011.7433156978,397811.637807711,395040.380443814,1.65266035540768,1.0728269871681,2.80206484890649,""
"P2025","DAVIS COUNTY",2032,7,143719.898917216,2824.63027689089,234145.208400976,253874.387257055,56023.2420508263,91485.3974561035,401383.026763985,398558.396487094,1.6291773802029,1.0842604424443,2.77316084613076,""
"P2025","DAVIS COUNTY",2033,7,146537.414390015,2878.61383588822,235652.001282191,257854.784992561,57249.9686832331,90175.8990736718,405280.652749466,402402.038913578,1.60813538483076,1.09421852388082,2.74607028238242,""
"P2025","DAVIS COUNTY",2034,7,149410.778748767,2933.99559806665,238597.687031723,261653.746997089,58666.9334613988,89120.2288412011,409440.909299688,406506.913701621,1.59692419134581,1.09663153173107,2.72073351806271,""
"P2025","DAVIS COUNTY",2035,7,152306.28249109,2990.33125780228,237242.877407203,264929.372756901,60306.7253269419,88541.0958648327,413777.193948676,410786.862690874,1.55766967407324,1.11670106033226,2.69711042756825,""
"P2025","DAVIS COUNTY",2036,7,155191.166303893,3053.09417426018,238449.042604807,267825.821941188,62081.2239730076,88307.135825974,418214.181740169,415161.087565909,1.53648592432046,1.12319940149673,2.67515927261573,""
"P2025","DAVIS COUNTY",2037,7,158101.993725083,3112.6070117172,240198.735929747,270862.430483986,63653.0996098216,88346.2526531838,422861.782746991,419749.175735274,1.51926443348601,1.12765968328496,2.6549265182902,""
"P2025","DAVIS COUNTY",2038,7,161054.697720387,3170.03492371788,242374.021215828,274009.441841045,65192.0218543987,88558.830894711,427760.294590154,424590.259666436,1.50491742647968,1.130523149579,2.6363109283753,""
"P2025","DAVIS COUNTY",2039,7,164022.064126133,3230.7125002725,244683.038826739,276717.989894468,66899.4595031243,89229.5927152565,432847.042112849,429616.329612577,1.49176905028203,1.13092428155763,2.619259377703,""
"P2025","DAVIS COUNTY",2040,7,166956.911501472,3295.35054518179,247126.183933522,279218.067200598,68893.6640682581,89907.6515892033,438019.38285806,434724.032312878,1.48017941701888,1.12986031166859,2.60380973991032,""
"P2025","DAVIS COUNTY",2041,7,169837.928551856,3361.30741875328,249095.230897885,281248.57618279,71098.8695538167,90824.5397107711,443171.985447378,439810.678028625,1.46666432534727,1.12908053345303,2.589590451195,""
"P2025","DAVIS COUNTY",2042,7,172670.23832223,3427.04292490802,251317.467589307,282792.543553961,73666.0392989785,91854.8008723325,448313.383725272,444886.340800364,1.45547646213535,1.12524030369465,2.57650852354843,""
"P2025","DAVIS COUNTY",2043,7,175458.226089555,3493.90890749292,253458.875640711,284078.259647101,76379.6752311063,93020.491607705,453478.426485913,449984.51757842,1.44455396187206,1.12080612260663,2.56462479763556,""
"P2025","DAVIS COUNTY",2044,7,178242.579761415,3563.85545380016,255635.0800098,285229.673486668,79234.4157495394,94274.975285489,458739.064521697,455175.209067897,1.4341975994287,1.11576890572191,2.55368391591486,""
"P2025","DAVIS COUNTY",2045,7,181034.027022909,3636.59586334421,257982.903366076,286292.628551514,82281.2530515888,95555.0608887825,464128.942491886,460492.346628542,1.42505200601558,1.10973488869248,2.54367841339722,""
"P2025","DAVIS COUNTY",2046,7,183837.809632022,3720.95620294593,260400.637789763,287563.450529334,85300.0591003271,96794.9171663218,469658.426795983,465937.470593037,1.41646943200092,1.10431162139281,2.53450294868982,""
"P2025","DAVIS COUNTY",2047,7,186678.439802108,3798.79146406998,262915.018079675,289049.205004955,88327.7579511614,97934.2140938864,475311.177050003,471512.385585933,1.40838448381282,1.09940165121096,2.52579990536544,""
"P2025","DAVIS COUNTY",2048,7,189538.823303796,3884.20090994953,265372.667590669,290790.769794948,91331.0292742698,98929.0977059947,481050.896775212,477166.695865262,1.40009662909706,1.09578266833224,2.5175142883548,""
"P2025","DAVIS COUNTY",2049,7,192412.544058927,3974.68761858529,267858.969946273,292907.492917814,94172.1977391526,99736.4895303485,486816.180187315,482841.49256873,1.39210762612359,1.09351384789005,2.50940755931618,""
"P2025","DAVIS COUNTY",2050,7,195293.237871419,4072.63706551293,270577.663432603,295279.918139863,96942.8550037488,100322.131429411,492544.904573023,488472.26750751,1.38549427712777,1.09129450817884,2.50122468566536,""
"P2025","DAVIS COUNTY",2051,7,198153.149335155,4174.51661712161,272530.551325284,297892.874093993,99580.6887600914,100665.834324218,498139.397178302,493964.88056118,1.37535311570712,1.09306231042859,2.49284395538772,""
"P2025","DAVIS COUNTY",2052,7,200992.8680682,4275.23150354856,274555.455887227,300670.950235731,102126.219270061,100771.380448826,503568.549954618,499293.318451069,1.36599601033638,1.09511919646292,2.48413450312899,""
"P2025","DAVIS COUNTY",2053,7,203827.018314215,4376.69719322615,276497.600129933,303510.552193031,104683.009371475,100670.959440327,508864.521004833,504487.823811607,1.35653066220932,1.09769687711721,2.47507826972134,""
"P2025","DAVIS COUNTY",2054,7,206674.728072545,4481.05954802288,278362.496668991,306349.874796744,107314.606167195,100412.030237402,514076.51120134,509595.451653317,1.34686276965262,1.10054291961979,2.46568826486828,""
"P2025","DAVIS COUNTY",2055,7,209554.437343753,4586.92892162884,280157.527881228,309079.408026171,110134.190633405,100020.565160471,519234.163820047,514647.234898418,1.33692004537063,1.10323434948785,2.45591189297601,""
"P2025","DAVIS COUNTY",2056,7,212460.84984092,4694.86521612909,281767.838263539,311753.797930077,113065.086205055,99523.8114272275,524342.695562359,519647.83034623,1.32621063350972,1.10642080320924,2.44585216869515,""
"P2025","DAVIS COUNTY",2057,7,215385.244929974,4801.48040798926,283083.462001141,314472.562204291,115977.07658806,98948.5969228266,529398.235715178,524596.755307189,1.31431223198774,1.1108828469924,2.43562067344839,""
"P2025","DAVIS COUNTY",2058,7,218327.756650501,4906.5850043122,284262.895750411,317402.336878053,118683.441324742,98312.0778569432,534397.856059738,529491.271055426,1.30200071723111,1.11658025589361,2.42521280472384,""
"P2025","DAVIS COUNTY",2059,7,221291.10280197,5011.69211073295,285333.240649412,320437.644869863,121282.521401019,97644.8955329923,539365.061803874,534353.369693141,1.28940222646345,1.12302949400692,2.41470787992469,""
"P2025","DAVIS COUNTY",2060,7,224283.518029174,5120.72412459326,286488.442695669,323521.778914106,123832.863424943,96975.6116708329,544330.254009881,539209.529885288,1.27734951374538,1.12926642300114,2.40414246496325,""
"P2025","DAVIS COUNTY",2061,7,227297.484701167,5223.90065498072,287178.157242755,326793.457902805,126162.614542927,96338.5967555861,549294.669201319,544070.768546338,1.26344626127436,1.13794677506257,2.39365063481296,""
"P2025","DAVIS COUNTY",2062,7,230315.255903554,5331.35915233667,288156.638405764,329991.153198188,128505.166343157,95758.8097483364,554255.129289681,548923.770137344,1.25114003966125,1.14517977105742,2.38335827118291,""
"P2025","DAVIS COUNTY",2063,7,233326.093605429,5447.18111078299,289141.49667409,333185.285196653,130766.631761469,95259.8567319349,559211.773690057,553764.592579274,1.23921629255513,1.15232607228359,2.37335046424653,""
"P2025","DAVIS COUNTY",2064,7,236328.262118681,5568.76032635298,290130.550887617,336374.345641984,132933.68400076,94863.4892743569,564171.518917101,558602.758590748,1.22765913939619,1.15938960792957,2.36367311121776,""
"P2025","DAVIS COUNTY",2065,7,239319.180177757,5692.10413650328,291120.093414299,339411.684962423,135140.647006498,94588.4433384712,569140.775307393,563448.67117089,1.21645115614246,1.16588202820957,2.35438158676786,""
"P2025","DUCHESNE COUNTY",2020,7,,,11519,10658.0733758885,2419.81170416669,6530.02587753078,19607.910957586,,,0.925260298280102,,""
"P2025","DUCHESNE COUNTY",2021,7,,,11703,10814.7174458164,2494.83729643293,6428.39741277529,19737.9521550246,,,0.924097876255353,,""
"P2025","DUCHESNE COUNTY",2022,7,,,12250,11068.8644017354,2584.08148551625,6441.97771538522,20094.9236026369,,,0.903580767488604,,""
"P2025","DUCHESNE COUNTY",2023,7,,,13177,11114.1464169102,2677.3052539611,6320.48442588876,20111.9360967601,,,0.843450437649708,,""
"P2025","DUCHESNE COUNTY",2024,7,,,13596,11214.1603908223,2752.48590531519,6204.28167388768,20170.9279700252,,,0.824813209092549,,""
"P2025","DUCHESNE COUNTY",2025,7,6909.75234193307,89.0291571396816,13771.9996599645,11326.912974589,2835.27722820187,6023.69513216459,20185.8853349554,20096.8561778157,1.99312493103214,0.822459574081793,2.90847706014792,""
"P2025","DUCHESNE COUNTY",2026,7,7001.1941844293,630.944750318413,14622.2566315344,12019.7652179501,2922.15073213638,5827.61064917764,20769.5265992642,20138.5818489458,2.08853750465233,0.822018483250269,2.87644954824052,""
"P2025","DUCHESNE COUNTY",2027,7,7106.87499047258,1172.97257002458,15480.8333396771,12712.5730105882,3005.73848165805,5667.77938514075,21386.090877387,20213.1183073624,2.17828980535476,0.82118143976178,2.84416404319197,""
"P2025","DUCHESNE COUNTY",2028,7,7224.57600026547,1173.79340833222,15478.4421820116,12903.6571111275,3068.92920343696,5521.48305715611,21494.0693717206,20320.2759633884,2.14247066975873,0.83365347490354,2.81266000421917,""
"P2025","DUCHESNE COUNTY",2029,7,7353.15328091285,633.579162041091,14795.5432947929,12590.3936247068,3104.45821761018,5395.53250960141,21090.3843519184,20456.8051898773,2.01213584561046,0.850958519998237,2.78204525437796,""
"P2025","DUCHESNE COUNTY",2030,7,7490.84643783143,93.3904705786364,14137.3605587466,12312.2817006932,3115.64812269715,5283.94545539423,20711.8752787845,20618.4848082059,1.88728479165558,0.870903847258515,2.75249065366968,""
"P2025","DUCHESNE COUNTY",2031,7,7635.37322165062,94.2039516030407,14166.1418648505,12574.2401055921,3143.22930851317,5176.24699599758,20893.7164101028,20799.5124584998,1.85533063723479,0.88762630118732,2.7240989870045,""
"P2025","DUCHESNE COUNTY",2032,7,7782.51887708911,94.9757513278415,14282.4438885544,12832.2885087803,3175.3133248059,5077.67403571735,21085.2758693036,20990.3001179758,1.83519553426338,0.898465879432846,2.69710879594124,""
"P2025","DUCHESNE COUNTY",2033,7,7926.83436109042,95.6133252403087,14412.2365529466,13078.6954932464,3205.82015864253,4988.79091077836,21273.3065626673,21177.693237427,1.81815790471041,0.907471608948331,2.67164573809939,""
"P2025","DUCHESNE COUNTY",2034,7,8062.36762033553,96.0758082051006,14556.5897246029,13271.3454119932,3243.33417463558,4926.29692205116,21440.97650868,21344.9007004749,1.80549813777868,0.911707045611278,2.64747301358935,""
"P2025","DUCHESNE COUNTY",2035,7,8181.47150588232,96.326217752619,14553.2408127128,13414.4328290553,3282.69771021667,4871.15936020451,21568.2898994764,21471.9636817238,1.77880480329844,0.921748839429448,2.62446231906887,""
"P2025","DUCHESNE COUNTY",2036,7,8276.64579981265,96.3435762905162,14553.2784462668,13492.452901916,3334.99692293855,4805.20290800877,21632.6527328633,21536.3091565728,1.75835462798181,0.927107452230262,2.6020576061211,""
"P2025","DUCHESNE COUNTY",2037,7,8364.49329101812,96.2637670614376,14556.1022281827,13550.0928240494,3389.11841935577,4749.45589884434,21688.6671422495,21592.4033751881,1.74022522605323,0.930887445803622,2.58143591296489,""
"P2025","DUCHESNE COUNTY",2038,7,8455.00501907569,96.1048416829469,14587.8574777494,13640.3801414038,3431.0976769429,4695.99597985795,21767.4737982046,21671.3689565217,1.72535172301343,0.935050274669137,2.56314087426654,""
"P2025","DUCHESNE COUNTY",2039,7,8549.4308746447,95.9529772737302,14645.1807394553,13646.8117237996,3497.63032586306,4726.73608634796,21871.1781360106,21775.2251587369,1.71300066100177,0.931829518978485,2.54697949816944,""
"P2025","DUCHESNE COUNTY",2040,7,8643.99700116783,95.7057010207672,14693.795519131,13698.719010915,3571.8130990773,4719.25169235812,21989.7838023504,21894.0781013296,1.69988438417387,0.93227913734607,2.53286507368891,""
"P2025","DUCHESNE COUNTY",2041,7,8746.7925130548,95.5977849537793,14767.1400540996,13766.945800893,3636.44060167057,4732.74199990106,22136.1284024646,22040.5306175108,1.68829202614093,0.932268926173763,2.51984148299103,""
"P2025","DUCHESNE COUNTY",2042,7,8855.11224592878,95.4796155782206,14855.1865727862,13816.8208748594,3722.18798290897,4764.93662745203,22303.9454852204,22208.4658696422,1.67758309101231,0.930100797264369,2.50798242335694,""
"P2025","DUCHESNE COUNTY",2043,7,8963.04300196304,95.3611672471301,14942.9248506144,13822.2122346729,3834.93428634132,4825.93445763536,22483.0809786496,22387.7198114025,1.66717094265214,0.92500045157522,2.49778114491911,""
"P2025","DUCHESNE COUNTY",2044,7,9063.88104146744,95.2474753716316,15005.0798045768,13795.3295065225,3968.92466138687,4884.31250560234,22648.5666735117,22553.3191981401,1.65548066395932,0.919377283306064,2.48826293008019,""
"P2025","DUCHESNE COUNTY",2045,7,9162.42487302507,95.0967801562948,15082.7501840482,13758.5073560851,4115.54754226458,4937.69721343978,22811.7521117895,22716.6553316332,1.64615267170736,0.912201500932924,2.47932786859873,""
"P2025","DUCHESNE COUNTY",2046,7,9262.56239562559,95.10305925854,15172.3931481083,13738.970913349,4258.64992244263,4983.76587798165,22981.3867137733,22886.2836545148,1.63803410979166,0.905524315065747,2.47083719137193,""
"P2025","DUCHESNE COUNTY",2047,7,9368.99955641548,95.2641111745138,15280.9012800591,13758.9686724643,4388.94579871649,5021.14503057907,23169.0595017598,23073.7953905853,1.6310067246823,0.900402955316461,2.462781138119,""
"P2025","DUCHESNE COUNTY",2048,7,9480.93438170048,95.4917865317849,15397.767672744,13821.6214306431,4502.71576069899,5047.519479145,23371.8566704871,23276.3648839553,1.62407702161338,0.897638003404164,2.45507077117651,""
"P2025","DUCHESNE COUNTY",2049,7,9595.46942047489,95.8694686894431,15511.6884575607,13931.5135803155,4588.86375061698,5057.4374824013,23577.8148133338,23481.9453446444,1.61656379462392,0.898130053245429,2.44719088933142,""
"P2025","DUCHESNE COUNTY",2050,7,9710.86216536856,96.379398708535,15621.7480948658,14053.2460030327,4677.26354031805,5047.35547926929,23777.8650226201,23681.4856239116,1.60868806794282,0.899594969634122,2.43865943318255,""
"P2025","DUCHESNE COUNTY",2051,7,9826.66632946952,96.9013296752706,15716.033476893,14175.1007730208,4776.75751490671,5016.961292916,23968.8195808435,23871.9182511682,1.59932503556793,0.90195155118893,2.42929976970704,""
"P2025","DUCHESNE COUNTY",2052,7,9944.12430592698,97.5006415946981,15810.6291914757,14311.2550515664,4873.2229680561,4970.36496694882,24154.8429865713,24057.3423449766,1.58994685756815,0.905166700088211,2.41925197280949,""
"P2025","DUCHESNE COUNTY",2053,7,10064.9601836789,98.1981271125295,15913.1870148468,14460.3294214295,4968.29313397697,4910.88157419231,24339.5041295988,24241.3060024863,1.58104818344451,0.90870102940022,2.40848503720813,""
"P2025","DUCHESNE COUNTY",2054,7,10183.6031366044,98.88496506026,15995.5700178751,14613.3930611615,5055.76412940443,4839.36803552099,24508.5252260869,24409.6402610266,1.57071812435226,0.913590015537489,2.39695517721891,""
"P2025","DUCHESNE COUNTY",2055,7,10299.2083576101,99.5478776480852,16062.4480503421,14764.4127314825,5138.1915551199,4756.76035240138,24659.3646390038,24559.8167613557,1.55958084278133,0.91918820127596,2.38463150842156,""
"P2025","DUCHESNE COUNTY",2056,7,10406.4751687573,100.113710461266,16086.539098076,14882.5571477089,5233.16917305081,4663.90461322876,24779.6309339884,24679.5172235271,1.54582015881531,0.925155936710395,2.37155394341601,""
"P2025","DUCHESNE COUNTY",2057,7,10499.1632163454,100.527327343267,16060.0384206131,14970.4469354652,5323.14195841025,4561.32541410591,24854.9143079814,24754.3869806381,1.52964937201951,0.932155113418072,2.35774856248542,""
"P2025","DUCHESNE COUNTY",2058,7,10588.1615085666,100.866442426464,16034.846219808,15062.2696375231,5394.01498523374,4461.79185172506,24918.0764744819,24817.2100320554,1.51441269637176,0.939346061137558,2.34386394767179,""
"P2025","DUCHESNE COUNTY",2059,7,10679.5335985381,101.123202749579,16017.9743467726,15165.6240046225,5451.0793903645,4370.83212938997,24987.535524377,24886.4123216274,1.49987583249565,0.946787881932035,2.33029018467942,""
"P2025","DUCHESNE COUNTY",2060,7,10774.1634033624,101.327982677298,16016.0254423872,15291.194306158,5485.06500934425,4289.82697800789,25066.0862935102,24964.7583108329,1.48652149060492,0.954743382567881,2.31709482919499,""
"P2025","DUCHESNE COUNTY",2061,7,10871.8604101503,101.480283158294,16018.5069376798,15437.6652892045,5497.24832072849,4220.27032789634,25155.1839378293,25053.703654671,1.47339152025208,0.963739339082283,2.30445413291732,""
"P2025","DUCHESNE COUNTY",2062,7,10971.2465082112,101.56937612432,16026.1543209726,15589.6438768728,5498.10646602813,4164.58775471899,25252.3380976199,25150.7687214956,1.46074143070053,0.972762620691318,2.29242581530476,""
"P2025","DUCHESNE COUNTY",2063,7,11070.699832194,101.547321993146,16037.7946564927,15741.9037252433,5490.48708485512,4122.34534562665,25354.7361557251,25253.188833732,1.44867035504424,0.981550397820463,2.28108332955562,""
"P2025","DUCHESNE COUNTY",2064,7,11169.5747033423,101.414736806447,16052.4460773701,15874.5146375477,5493.88089541011,4093.24420902415,25461.639741982,25360.2250051756,1.43715821808029,0.988915618282422,2.27047364637679,""
"P2025","DUCHESNE COUNTY",2065,7,11267.1735818648,101.178159857343,16064.3678017584,15972.0607564765,5523.10590372726,4076.21423528605,25571.3808954898,25470.2027356325,1.42576731289691,0.994253926054171,2.26056717335289,""
"P2025","EMERY COUNTY",2020,7,,,5007,5296.39591138341,1742.37134223141,2785.45993464619,9824.227188261,,,1.05779826470609,,""
"P2025","EMERY COUNTY",2021,7,,,5170,5347.48322437369,1779.985316572,2762.82286948579,9890.29141043148,,,1.03432944378601,,""
"P2025","EMERY COUNTY",2022,7,,,5359,5390.6552522121,1811.054562092,2725.57198886713,9927.28180317124,,,1.00590693267626,,""
"P2025","EMERY COUNTY",2023,7,,,5685,5463.71749906387,1863.27917870215,2708.29451407791,10035.2911918439,,,0.961076077231991,,""
"P2025","EMERY COUNTY",2024,7,,,5474,5400.10554624649,1913.96995789524,2599.2269662214,9913.30247036313,,,0.986500830516348,,""
"P2025","EMERY COUNTY",2025,7,3799.78128053255,344.0714286,5918.32949211659,5703.49855774079,1964.38887353874,2525.41530981464,10193.3027410942,9849.2313124942,1.55754477828448,0.963700747877934,2.59205216967483,""
"P2025","EMERY COUNTY",2026,7,3825.03482285854,183.5952381,5839.8983302339,5583.22778933379,1989.76322471778,2450.30628798258,10023.2973020342,9839.7020639342,1.52675690567167,0.956048799758843,2.57244770822263,""
"P2025","EMERY COUNTY",2027,7,3853.83538676305,253.3571429,6033.21863527663,5698.86539583543,2003.20618624094,2389.79506216452,10091.8666442409,9838.5095013409,1.56551020731171,0.944581282454076,2.55291378950271,""
"P2025","EMERY COUNTY",2028,7,3882.81389329634,74.66666667,5889.43990108735,5577.33322554671,1994.47259431785,2341.4184719085,9913.22429177306,9838.55762510306,1.51679685479014,0.947005711785425,2.53387308675527,""
"P2025","EMERY COUNTY",2029,7,3923.84524616357,58,5834.86672113439,5622.36764160581,1992.24931127405,2321.99994167321,9936.61689455307,9878.61689455307,1.48702773811971,0.963581159658902,2.51758575448703,""
"P2025","EMERY COUNTY",2030,7,3964.10406378732,58,5814.49056826708,5694.26510058032,1983.19775572724,2301.41693969698,9978.87979600454,9920.87979600454,1.46678555222183,0.979323129640472,2.50267894998854,""
"P2025","EMERY COUNTY",2031,7,4003.7041473199,58,5804.06899003297,5762.92981719459,1975.17974068511,2285.81629741741,10023.9258552971,9965.9258552971,1.44967479525635,0.992912011743998,2.48917639480638,""
"P2025","EMERY COUNTY",2032,7,4042.95079713767,58,5817.77683917142,5823.78357504626,1970.31647652807,2279.70735875335,10073.8074103277,10015.8074103277,1.43899273849444,1.00103247959502,2.47735080461991,""
"P2025","EMERY COUNTY",2033,7,4081.58774063384,58,5835.77547465486,5884.31982334677,1963.48600347341,2280.67683455487,10128.4826613751,10070.4826613751,1.42978072394656,1.00831840582331,2.46729540103216,""
"P2025","EMERY COUNTY",2034,7,4119.20473271084,58,5870.2095922751,5931.02133837894,1963.23345901864,2292.15230260364,10186.4071000012,10128.4071000012,1.42508323163921,1.01035938242884,2.45882585528487,""
"P2025","EMERY COUNTY",2035,7,4154.88520355954,58,5845.91843572083,5970.19682046102,1965.82822343437,2309.2956278809,10245.3206717763,10187.3206717763,1.40699878560124,1.02125900080658,2.45188980505375,""
"P2025","EMERY COUNTY",2036,7,4188.34203643304,58,5849.00063880616,6014.20227098631,1974.62456477444,2314.28103166384,10303.1078674246,10245.1078674246,1.39649546000006,1.02824442026627,2.44610105342537,""
"P2025","EMERY COUNTY",2037,7,4223.30342240178,58,5860.53639804662,6049.28880938937,1986.51005627203,2333.44308198882,10369.2419476502,10311.2419476502,1.38766643356961,1.03220736098588,2.44151104392737,""
"P2025","EMERY COUNTY",2038,7,4257.34163425589,58,5879.92834727278,6091.72566291197,1993.13324559652,2353.78149567234,10438.6404041808,10380.6404041808,1.38112673410117,1.03602039057796,2.43829161386884,""
"P2025","EMERY COUNTY",2039,7,4293.17733160263,58,5902.64317783287,6134.28558421254,2003.71520460528,2380.47343302653,10518.4742218443,10460.4742218443,1.37488920720389,1.03924384371557,2.43653439256827,""
"P2025","EMERY COUNTY",2040,7,4330.41601041001,58,5925.64776491431,6194.5399607866,2016.6386305737,2391.97496192582,10603.1535532861,10545.1535532861,1.36837840767942,1.04537768806718,2.43513637672138,""
"P2025","EMERY COUNTY",2041,7,4370.08369295369,58,5949.59451752903,6257.40788720224,2038.96662098907,2394.90837721005,10691.2828854014,10633.2828854014,1.36143720247787,1.05173686522104,2.43319891162416,""
"P2025","EMERY COUNTY",2042,7,4411.6345807419,58,5977.1941821863,6296.10995118532,2071.28302484386,2414.06094237204,10781.4539184012,10723.4539184012,1.35487064324832,1.05335543053787,2.43072124903823,""
"P2025","EMERY COUNTY",2043,7,4453.59013301029,58,6003.91389580559,6326.81437613719,2105.31028294943,2442.45370675437,10874.578365841,10816.578365841,1.34810652001948,1.05378166408369,2.42873233566507,""
"P2025","EMERY COUNTY",2044,7,4494.00464492754,58,6026.968491146,6341.12081643348,2152.91385384411,2469.36349947876,10963.3981697564,10905.3981697564,1.34111309785777,1.0521244346555,2.42665485049409,""
"P2025","EMERY COUNTY",2045,7,4534.64452135589,58,6053.12846934215,6357.61175240839,2200.52656352177,2495.64367626181,11053.781992192,10995.781992192,1.33486284114112,1.05030180420065,2.42483880277879,""
"P2025","EMERY COUNTY",2046,7,4577.19834413911,58,6086.33471320216,6390.39464106871,2239.45178665813,2521.56988419077,11151.4163119176,11093.4163119176,1.32970744451034,1.04995780583789,2.42362586845777,""
"P2025","EMERY COUNTY",2047,7,4621.59409098328,58,6120.19030244065,6435.04277871203,2274.86911980573,2544.93308775957,11254.8449862773,11196.8449862773,1.32425959137803,1.05144488336348,2.42272358105233,""
"P2025","EMERY COUNTY",2048,7,4667.51536688752,58,6155.73106399813,6492.34940534043,2305.38965510742,2564.61291609906,11362.3519765469,11304.3519765469,1.31884537706472,1.05468373095618,2.42192067684291,""
"P2025","EMERY COUNTY",2049,7,4716.32583386776,58,6198.91298910787,6567.57812414827,2327.60472287437,2580.34419004853,11475.5270370712,11417.5270370712,1.31435214772349,1.05947254553955,2.42085204442033,""
"P2025","EMERY COUNTY",2050,7,4764.66305082399,58,6238.77628883583,6650.35653670894,2343.69480459854,2588.58350470201,11582.6348460095,11524.6348460095,1.30938457185486,1.06597131052922,2.41877226638649,""
"P2025","EMERY COUNTY",2051,7,4813.72873520295,58,6268.92358083931,6738.38066722412,2357.40593513649,2590.14136552766,11685.9279678883,11627.9279678883,1.30230096577617,1.07488639482218,2.41557607574621,""
"P2025","EMERY COUNTY",2052,7,4864.13269992026,58,6304.44893448139,6835.95815184435,2364.41794752779,2586.2479968235,11786.6240961956,11728.6240961956,1.29610956843031,1.08430700651027,2.41124673600864,""
"P2025","EMERY COUNTY",2053,7,4915.9101323235,58,6339.02953971691,6936.29095114879,2370.56369343836,2577.7113759616,11884.5660205488,11826.5660205488,1.28949255968615,1.09421969209794,2.40577343812406,""
"P2025","EMERY COUNTY",2054,7,4967.59858893133,58,6366.8044789942,7037.02559933389,2373.73258945802,2565.00102618595,11975.7592149779,11917.7592149779,1.28166645613849,1.10526805441426,2.39909867949732,""
"P2025","EMERY COUNTY",2055,7,5018.67046423327,58,6391.08823405896,7127.17103953732,2382.69287767283,2549.06056019397,12058.9244774041,12000.9244774041,1.27346241989916,1.11517331298224,2.39125572458513,""
"P2025","EMERY COUNTY",2056,7,5066.24570458464,58,6407.23152813472,7195.90132358633,2401.84367677646,2530.17843300703,12127.9234333698,12069.9234333698,1.26469024633696,1.12309057226799,2.382419672707,""
"P2025","EMERY COUNTY",2057,7,5111.83658415537,58,6412.16189052275,7256.7878154693,2421.83083614015,2510.08639034326,12188.7050419527,12130.7050419527,1.25437536684914,1.13172248913349,2.37306197924108,""
"P2025","EMERY COUNTY",2058,7,5156.08331303021,58,6417.48276438752,7324.54781668721,2429.63121372007,2490.05872177822,12244.2377521855,12186.2377521855,1.24464295372605,1.14134281081879,2.36346796829078,""
"P2025","EMERY COUNTY",2059,7,5200.02470057219,58,6423.11397064417,7399.6944695879,2426.80934332291,2471.97762723277,12298.4814401436,12240.4814401436,1.23520835774826,1.15204159593104,2.35392755707424,""
"P2025","EMERY COUNTY",2060,7,5243.9448891046,58,6431.30658498949,7467.81862121147,2427.65646453212,2456.899564634,12352.3746503776,12294.3746503776,1.22642528115654,1.16116663426389,2.34448967530566,""
"P2025","EMERY COUNTY",2061,7,5288.57772710641,58,6440.38776564564,7532.31425398273,2431.09171596504,2446.08118646829,12409.4871564161,12351.4871564161,1.21779202234954,1.16954359396831,2.33550262353317,""
"P2025","EMERY COUNTY",2062,7,5331.5042399969,58,6450.70804956082,7580.43569729549,2445.09148496261,2438.1690891799,12463.696271438,12405.696271438,1.20992270833579,1.17513234811667,2.32686606124601,""
"P2025","EMERY COUNTY",2063,7,5374.74150063492,58,6463.95603175613,7621.79075391579,2465.04793286147,2434.38924361334,12521.2279303906,12463.2279303906,1.20265431016404,1.17912168902008,2.3188516003827,""
"P2025","EMERY COUNTY",2064,7,5416.3825316356,58,6472.46019226798,7668.90989562822,2475.22897103663,2433.22821388246,12577.3670805473,12519.3670805473,1.19497841123003,1.1848523850003,2.31138901424062,""
"P2025","EMERY COUNTY",2065,7,5457.37695219008,58,6485.80020837289,7715.91575433154,2483.20356016514,2435.42784028507,12634.5471547817,12576.5471547817,1.18844643959771,1.18966287989732,2.30450402546129,""
"P2025","GARFIELD COUNTY",2020,7,,,3298,2720.62308802744,1213.44957784362,1149.57166672693,5083.644332598,,,0.824931197097465,,""
"P2025","GARFIELD COUNTY",2021,7,,,3685,2718.3749301085,1218.85301319929,1145.42397414452,5082.65191745231,,,0.737686548197693,,""
"P2025","GARFIELD COUNTY",2022,7,,,3907,2729.72739299511,1252.56553922377,1130.35140885357,5112.64434107245,,,0.698676066801922,,""
"P2025","GARFIELD COUNTY",2023,7,,,3665,2740.48581067644,1272.11343524032,1128.04809676748,5140.64734268425,,,0.747745105232317,,""
"P2025","GARFIELD COUNTY",2024,7,,,3738,2723.99570210243,1285.00453830953,1105.64414888187,5114.64438929383,,,0.728730792429757,,""
"P2025","GARFIELD COUNTY",2025,7,1967.51036909828,204.482065245773,3785.68832149788,2707.31768919985,1329.96775327757,1081.79806423985,5119.08350671726,4914.60144147149,1.92410082353613,0.7151454264805,2.49787829261803,""
"P2025","GARFIELD COUNTY",2026,7,1982.53849276551,204.309164897357,3821.14502970642,2682.92432596859,1373.54055325505,1069.81096351848,5126.27584274213,4921.96667784477,1.92740017086688,0.702125751603498,2.48265882140778,""
"P2025","GARFIELD COUNTY",2027,7,1997.37769331215,203.945194548967,3850.36495439479,2652.99844779821,1420.39463691987,1062.12484889091,5135.517933609,4931.57273906003,1.92771000061081,0.689025190916017,2.46902363812938,""
"P2025","GARFIELD COUNTY",2028,7,2011.55917321752,204.245446084036,3874.52676768539,2632.20090191346,1458.55237978687,1055.54035150047,5146.2936332008,4942.04818711676,1.92613114208717,0.679360618661028,2.45682466263813,""
"P2025","GARFIELD COUNTY",2029,7,2025.01983323312,204.83992747329,3896.19869334401,2620.30536821646,1486.51650367146,1051.34745887026,5158.16933075817,4953.32940328488,1.92402989314104,0.672528681017425,2.44606463699492,""
"P2025","GARFIELD COUNTY",2030,7,2037.72464672879,204.766362993694,3910.95059275939,2614.04920307682,1506.49383819508,1050.30102707478,5170.84406834668,4966.07770535299,1.91927334197863,0.668392284964271,2.43707004934408,""
"P2025","GARFIELD COUNTY",2031,7,2049.12134998767,205.28690059068,3914.23843514655,2626.14654285738,1511.73568377606,1046.1322008486,5184.01442748204,4978.72752689136,1.91020333430722,0.670921454165083,2.42968896250157,""
"P2025","GARFIELD COUNTY",2032,7,2059.68637218862,205.655211633975,3919.5422426826,2646.71296616356,1504.84448956496,1045.8492873723,5197.40674310082,4991.75153146684,1.90298013115351,0.675260732577819,2.42354933200952,""
"P2025","GARFIELD COUNTY",2033,7,2069.46758625139,205.38666309919,3931.20072103676,2675.91975096075,1494.93882564144,1039.88466900495,5210.74324560714,5005.35658250795,1.89961937415879,0.680687642490827,2.41866875120987,""
"P2025","GARFIELD COUNTY",2034,7,2078.57928795052,204.879225198946,3965.40291140902,2698.60424401821,1486.14654164877,1038.9314351828,5223.68222084978,5018.80299565083,1.90774676453113,0.680537212562675,2.41453526682611,""
"P2025","GARFIELD COUNTY",2035,7,2086.27216174477,205.33821461194,3930.4024677234,2724.37506283605,1476.23832606875,1035.46368765743,5236.07707656223,5030.73886195029,1.88393563399531,0.693154221535507,2.41135310828432,""
"P2025","GARFIELD COUNTY",2036,7,2094.19464664863,205.205835641554,3940.20153159329,2737.66178299543,1471.18835863919,1039.36602783569,5248.21616947031,5043.01033382876,1.88148772985303,0.694802476737378,2.40809054779085,""
"P2025","GARFIELD COUNTY",2037,7,2102.88447028776,204.415034700012,3952.98895028328,2744.43069006724,1474.41566158266,1042.11383791906,5260.96018956896,5056.54515486895,1.87979368630857,0.69426723033733,2.40457582254959,""
"P2025","GARFIELD COUNTY",2038,7,2111.75067250552,204.444669953739,3970.56732220749,2764.07363619303,1477.97377465694,1032.67018562733,5274.7175964773,5070.27292652356,1.88022543281426,0.696140730503042,2.40098085088229,""
"P2025","GARFIELD COUNTY",2039,7,2120.92793215167,204.879069161028,3988.2250905569,2773.24812237672,1485.67394484108,1030.0221121,5288.9441793178,5084.06511015677,1.88041518530564,0.695358977842816,2.39709470231693,""
"P2025","GARFIELD COUNTY",2040,7,2129.80168450068,205.183718781214,4007.71259264363,2787.76713386035,1485.27114136396,1029.93203075777,5302.97030598209,5097.78658720088,1.88173040795731,0.695600562519739,2.39354988978517,""
"P2025","GARFIELD COUNTY",2041,7,2138.51839803154,205.256597260549,4022.56923727672,2805.5802538765,1481.05156545028,1030.36611671177,5316.99793603855,5111.741338778,1.88100754287614,0.697459779654627,2.39031908422357,""
"P2025","GARFIELD COUNTY",2042,7,2147.3402037296,205.54045055603,4036.78671254372,2816.60084282751,1486.60293285729,1027.62520295886,5330.82897864366,5125.28852808763,1.8799008678422,0.69773338137369,2.38680788409111,""
"P2025","GARFIELD COUNTY",2043,7,2156.25986255884,206.025950716301,4051.38735897701,2826.42226512911,1490.16683693545,1027.99487686351,5344.58397892807,5138.55802821177,1.87889568846735,0.697643057721045,2.38308847529807,""
"P2025","GARFIELD COUNTY",2044,7,2165.66892345875,205.781178870764,4070.49106409041,2825.46885037084,1505.40797440465,1027.49126144064,5358.36808621613,5152.58690734537,1.87955371201869,0.694134640239584,2.37921265412825,""
"P2025","GARFIELD COUNTY",2045,7,2175.71425912517,205.397368966258,4088.19972642909,2810.93501494536,1535.70567532077,1025.9635079873,5372.60419825343,5167.20682928717,1.87901499899757,0.687572820078588,2.3749473569957,""
"P2025","GARFIELD COUNTY",2046,7,2186.18440075238,205.583562721082,4111.65961915591,2803.83374583092,1560.12199840543,1023.53726757746,5387.49301181381,5181.90944909273,1.88074693870328,0.681922631136116,2.37029842830704,""
"P2025","GARFIELD COUNTY",2047,7,2197.44419103928,205.491147279991,4139.4008588512,2797.5349808395,1585.40328381051,1020.03671762703,5402.97498227704,5197.48383499705,1.88373423804382,0.675830893463141,2.36524042621483,""
"P2025","GARFIELD COUNTY",2048,7,2209.10574362842,205.755114799329,4168.08190655868,2792.68451390132,1610.53323531859,1015.62686365426,5418.84461287418,5213.08949807485,1.88677337813294,0.670016707086992,2.35981890550537,""
"P2025","GARFIELD COUNTY",2049,7,2220.92881083005,206.378297849592,4191.56650782592,2789.26043990158,1635.10435237476,1010.42408941299,5434.78888168933,5228.41058383974,1.88730340539793,0.665445826684094,2.35415496360987,""
"P2025","GARFIELD COUNTY",2050,7,2233.21265560058,206.442810142882,4220.53437819798,2790.89458402521,1654.80873256271,1004.44689405244,5450.15021064036,5243.70740049748,1.88989363266122,0.661265691482609,2.34805556351609,""
"P2025","GARFIELD COUNTY",2051,7,2245.57251676434,206.492191454089,4248.30111816753,2800.92973070978,1666.21688613876,997.997464246604,5465.14408109515,5258.65188964106,1.89185656951704,0.659305838451945,2.34178671603012,""
"P2025","GARFIELD COUNTY",2052,7,2257.53917192147,206.940693117692,4275.46066674224,2814.0066603751,1674.53315692412,991.066445356704,5479.60626265592,5272.66556953823,1.89385890615721,0.658176248062476,2.3355809879704,""
"P2025","GARFIELD COUNTY",2053,7,2269.47558340939,207.582581521231,4301.60057959037,2829.19873268182,1680.66676855407,983.60955766846,5493.47505890435,5285.89247738312,1.89541610891806,0.65770837629728,2.32912507013723,""
"P2025","GARFIELD COUNTY",2054,7,2281.61634038014,207.938907434515,4329.23208525671,2838.00120315775,1693.29700501257,975.484073191625,5506.78228136195,5298.84337392743,1.89744086621304,0.655543788660031,2.32240770726799,""
"P2025","GARFIELD COUNTY",2055,7,2293.67381904968,208.63555061003,4346.49722420009,2846.36955041514,1706.48033693658,966.629075821723,5519.47896317345,5310.84341256342,1.89499360724313,0.654865148553954,2.31543097734961,""
"P2025","GARFIELD COUNTY",2056,7,2305.78932120378,209.402092328417,4367.1618886921,2862.17410209626,1712.28017356946,957.218770894348,5531.67304656007,5322.27095423165,1.89399866177372,0.655385391026445,2.30822083582773,""
"P2025","GARFIELD COUNTY",2057,7,2317.98446268049,209.979559085082,4380.88728078047,2870.15640609802,1725.8879874997,947.463407679416,5543.50780127714,5333.52824219206,1.88995541226125,0.655154132517806,2.30093356019498,""
"P2025","GARFIELD COUNTY",2058,7,2330.47682394103,210.197084301356,4390.22651734138,2879.53444079975,1737.99418225236,937.587300403036,5555.11592345515,5344.91883915379,1.88383187176139,0.655896553270224,2.29348723155937,""
"P2025","GARFIELD COUNTY",2059,7,2343.1503678588,210.433519406266,4399.94766415505,2898.34527572986,1740.5114982145,927.849709730417,5566.70648367477,5356.2729642685,1.87779142325201,0.658722670576685,2.28592797019815,""
"P2025","GARFIELD COUNTY",2060,7,2355.96876879188,210.539629502754,4408.76033514471,2915.07831866245,1744.82670693867,918.224914625959,5578.12994022709,5367.59031072434,1.87131527104474,0.661201357539152,2.27829433981707,""
"P2025","GARFIELD COUNTY",2061,7,2368.89052957813,210.533584879102,4418.48854508751,2925.5896736036,1754.92554817611,908.805862898241,5589.32108467795,5378.78749979885,1.86521432287307,0.662124535064435,2.27059352580414,""
"P2025","GARFIELD COUNTY",2062,7,2381.72978456338,210.607455010936,4429.4262603943,2940.34977307364,1760.26940408839,899.690826604154,5600.31000376618,5389.70254875524,1.85975180270347,0.663821813530291,2.26293620027231,""
"P2025","GARFIELD COUNTY",2063,7,2394.36571514003,210.803789136455,4440.39471389732,2951.63160853365,1768.47934454335,890.997142686262,5611.10809576326,5400.30430662681,1.85451816563354,0.664722800271738,2.25542166448494,""
"P2025","GARFIELD COUNTY",2064,7,2406.8177734232,211.083827561173,4456.17663389306,2960.03465464067,1778.83637173283,882.918386141983,5621.78941251548,5410.70558495431,1.85148069085225,0.664254336806817,2.2480744677478,""
"P2025","GARFIELD COUNTY",2065,7,2419.36237625287,210.927685841039,4467.19663979594,2972.28035204317,1784.42653157987,875.598413600157,5632.3052972232,5421.37761138216,1.84643552517948,0.665356954642351,2.24082909802823,""
"P2025","GRAND COUNTY",2020,7,,,8010,5715.70385003767,1887.90200359513,2060.8105561552,9664.416409788,,,0.713571017482855,,""
"P2025","GRAND COUNTY",2021,7,,,8865,5689.8264517244,1973.83747988828,2045.77689576645,9709.44082737913,,,0.641830395005572,,""
"P2025","GRAND COUNTY",2022,7,,,9483,5663.72840649502,2063.98242445985,2015.71650412089,9743.42733507576,,,0.597250701939789,,""
"P2025","GRAND COUNTY",2023,7,,,9476,5693.4755636032,2133.2481359003,2015.70997153976,9842.43367104327,,,0.600831106332123,,""
"P2025","GRAND COUNTY",2024,7,,,9506,5696.68241603901,2219.30982210062,1982.43870508509,9898.43094322472,,,0.599272292871766,,""
"P2025","GRAND COUNTY",2025,7,4238.01996209837,156,9641.29619912621,5610.59274188533,2296.28907255986,1913.00608066017,9819.88789510536,9663.88789510536,2.27495299346172,0.581933448159576,2.2802837130386,""
"P2025","GRAND COUNTY",2026,7,4248.15610489379,156,9707.9042614856,5535.32678766665,2361.08224899597,1841.41503395934,9737.82407062196,9581.82407062196,2.28520422079177,0.570187616046759,2.25552541715308,""
"P2025","GRAND COUNTY",2027,7,4260.0383565547,156,9769.1518774364,5464.51479715155,2428.47789920976,1772.95054029284,9665.94323665415,9509.94323665415,2.29320749246427,0.559364299553252,2.2323609415445,""
"P2025","GRAND COUNTY",2028,7,4275.62015272187,156,9825.88345639832,5417.4452092522,2481.9606332136,1714.99358302525,9614.39942549105,9458.39942549105,2.2981188939675,0.551344337971414,2.21217018529343,""
"P2025","GRAND COUNTY",2029,7,4296.69571590864,156,9866.82576644334,5401.0331984143,2516.92749458652,1672.31429506871,9590.27498806952,9434.27498806952,2.29637526574459,0.547393186650056,2.19570470236904,""
"P2025","GRAND COUNTY",2030,7,4324.08638274294,156,9908.14889849374,5419.17246598647,2527.48747934066,1650.56644816473,9597.22639349186,9441.22639349186,2.29138551395188,0.546940959558077,2.18340374308224,""
"P2025","GRAND COUNTY",2031,7,4358.08221932051,156,9920.07907618181,5466.19346835906,2534.0705453993,1635.32908876572,9635.59310252408,9479.59310252408,2.2762487206422,0.551023174954667,2.17517536968407,""
"P2025","GRAND COUNTY",2032,7,4398.00211115151,156,9946.76713285618,5546.06094327077,2531.78682075001,1624.12023588212,9701.9679999029,9545.9679999029,2.2616558340514,0.557574221774129,2.17052374206422,""
"P2025","GRAND COUNTY",2033,7,4442.6475239108,156,9996.61808568892,5641.94630306358,2524.81250978749,1622.74974388481,9789.50855673588,9633.50855673588,2.25014882046934,0.564385500646518,2.16841613134675,""
"P2025","GRAND COUNTY",2034,7,4488.43162108,156,10137.6119113436,5739.35869321954,2518.6808953935,1629.51520368502,9887.55479229806,9731.55479229806,2.25860896793707,0.566145039227376,2.16814148322849,""
"P2025","GRAND COUNTY",2035,7,4531.06638037514,156,9993.27718238192,5824.88856169536,2514.02003321383,1643.7878482927,9982.69644320189,9826.69644320189,2.20550226888412,0.582880716244377,2.16873813320482,""
"P2025","GRAND COUNTY",2036,7,4566.06225718173,156,10024.1204053187,5875.12878714487,2518.40848972988,1665.94515152677,10059.4824284015,9903.4824284015,2.19535342286502,0.58609918372764,2.16893285080045,""
"P2025","GRAND COUNTY",2037,7,4601.74005084636,156,10077.3156250666,5917.94038136496,2517.1807685269,1707.21401620304,10142.3351660949,9986.3351660949,2.18989241324337,0.587253649835528,2.17012153136686,""
"P2025","GRAND COUNTY",2038,7,4632.72710360061,156,10128.6417314214,5958.3182482321,2515.67283007741,1743.48585618041,10217.4769344899,10061.4769344899,2.18632384444776,0.588264291128791,2.17182594819151,""
"P2025","GRAND COUNTY",2039,7,4666.43575757011,156,10175.2714563888,6023.6088378674,2502.36803855619,1777.33039447363,10303.3072708972,10147.3072708972,2.1805232055069,0.591985075158395,2.17453058352636,""
"P2025","GRAND COUNTY",2040,7,4698.70599951293,156,10225.3624880021,6081.76821484192,2491.64718066679,1814.93055476038,10388.3459502691,10232.3459502691,2.1762081920133,0.594772872059836,2.17769444424269,""
"P2025","GRAND COUNTY",2041,7,4731.76375695618,156,10273.798776822,6144.75372564775,2477.72739943609,1858.39358919135,10480.8747142752,10324.8747142752,2.17124085320584,0.598099481908338,2.18203512360408,""
"P2025","GRAND COUNTY",2042,7,4761.63745594463,156,10322.338116508,6175.55865648194,2471.87380571076,1923.30234454196,10570.7348067347,10414.7348067347,2.16781269300987,0.598271301208946,2.18721708720862,""
"P2025","GRAND COUNTY",2043,7,4787.93797378494,156,10371.0751821219,6199.68433175341,2466.40775252852,1992.05248618589,10658.1445704678,10502.1445704678,2.16608386301283,0.597786075492027,2.19345877661103,""
"P2025","GRAND COUNTY",2044,7,4810.00188172694,156,10419.3027973141,6213.33658366319,2465.08173853196,2060.18557686051,10738.6038990556,10582.6038990556,2.16617437030466,0.596329399819811,2.2001246900253,""
"P2025","GRAND COUNTY",2045,7,4833.38082607112,156,10478.9952115168,6220.32277788884,2477.00201698021,2128.96173366347,10826.2865285325,10670.2865285325,2.16804667138856,0.593599162165136,2.20762379636574,""
"P2025","GRAND COUNTY",2046,7,4855.05908727039,156,10541.6370766685,6225.7533125515,2494.43509021648,2193.05674015141,10913.2451429194,10757.2451429194,2.17126854425066,0.590586952223083,2.21567749219039,""
"P2025","GRAND COUNTY",2047,7,4882.52851112976,156,10617.8507327292,6231.95736326021,2531.17426653764,2254.77897864679,11017.9106084446,10861.9106084446,2.17466231042496,0.586932093898287,2.22464868022476,""
"P2025","GRAND COUNTY",2048,7,4910.50966044358,156,10690.2368970358,6244.08098979296,2572.90812383146,2308.58936175431,11125.5784753787,10969.5784753787,2.17701168234136,0.584091919564881,2.23389815597833,""
"P2025","GRAND COUNTY",2049,7,4942.21536832942,156,10775.2411316677,6292.33386865937,2595.30927638278,2354.81111908203,11242.4542641242,11086.4542641242,2.18024515902672,0.583962232656365,2.24321552945024,""
"P2025","GRAND COUNTY",2050,7,4976.07034920636,156,10865.9322443013,6353.87771943138,2616.30415853966,2390.7258994239,11360.9077773949,11204.9077773949,2.18363718391448,0.58475219397431,2.25175831350173,""
"P2025","GRAND COUNTY",2051,7,5008.08934139011,156,10935.2821292722,6419.64831559593,2635.71259950767,2414.05732773843,11469.418242842,11313.418242842,2.1835237720094,0.587058316347545,2.25902883747312,""
"P2025","GRAND COUNTY",2052,7,5043.33887313766,156,11019.885246019,6490.40372180949,2660.45958493656,2429.86068392531,11580.7239906714,11424.7239906714,2.18503763542724,0.588971988084376,2.26530960501641,""
"P2025","GRAND COUNTY",2053,7,5082.50859292761,156,11102.7081820591,6566.85310209484,2688.20650445306,2440.35788143444,11695.4174879823,11539.4174879823,2.18449373553617,0.591464081953108,2.27041770358039,""
"P2025","GRAND COUNTY",2054,7,5123.13996275953,156,11182.3722880443,6642.44495348618,2717.8787686834,2446.52462174256,11806.8483439121,11650.8483439121,2.18271848306503,0.594010356871054,2.27416163302251,""
"P2025","GRAND COUNTY",2055,7,5166.73528920352,156,11260.7199485418,6709.60141769102,2758.62002672005,2449.80063087654,11918.0220752876,11762.0220752876,2.17946523640806,0.595841247127354,2.27649016582399,""
"P2025","GRAND COUNTY",2056,7,5208.14301713978,156,11316.7810032046,6741.01161875663,2827.61672884259,2446.84734093243,12015.4756885316,11859.4756885316,2.17290135197162,0.595665111558469,2.27710253913968,""
"P2025","GRAND COUNTY",2057,7,5248.14866789465,156,11362.7813890009,6757.53746523131,2906.02061047197,2439.25731764368,12102.815393347,11946.815393347,2.16510280253917,0.594708041445958,2.27638661732873,""
"P2025","GRAND COUNTY",2058,7,5290.79909691912,156,11410.0396570616,6797.16796165336,2964.02467823403,2430.43492183877,12191.6275617262,12035.6275617262,2.15658153863861,0.595718171535595,2.27482226054183,""
"P2025","GRAND COUNTY",2059,7,5335.70158688831,156,11449.6425028643,6852.78868228922,3008.02010986855,2420.34976783541,12281.1585599932,12125.1585599932,2.14585510760199,0.598515515272629,2.27245815054368,""
"P2025","GRAND COUNTY",2060,7,5382.87260828446,156,11492.0875088898,6923.01674645942,3039.00373342651,2409.52887054419,12371.5493504301,12215.5493504301,2.13493581312012,0.602415944109724,2.2693365121868,""
"P2025","GRAND COUNTY",2061,7,5433.03225479907,156,11529.7252298779,7000.19844814154,3066.10722278417,2399.71743953451,12466.0231104602,12310.0231104602,2.12215291372392,0.607143562276867,2.26577397908628,""
"P2025","GRAND COUNTY",2062,7,5485.82780911399,156,11573.4719639953,7093.78471253849,3079.13588660985,2391.42786571192,12564.3484648603,12408.3484648603,2.10970383444546,0.61293488545244,2.26189171381673,""
"P2025","GRAND COUNTY",2063,7,5541.90365157642,156,11621.1078850849,7203.57609450412,3080.33397198964,2385.17532613499,12669.0853926288,12513.0853926288,2.09695234989862,0.619869995678256,2.2579038141649,""
"P2025","GRAND COUNTY",2064,7,5598.6913447551,156,11663.0405758165,7324.13931917567,3069.76333158414,2379.3219465305,12773.2245972903,12617.2245972903,2.08317263046525,0.627978550838826,2.25360246178068,""
"P2025","GRAND COUNTY",2065,7,5655.90724677667,156,11705.9847265749,7440.05388378303,3062.56456081335,2374.02717917003,12876.6456237664,12720.6456237664,2.06969177813978,0.635576934155111,2.24909021112678,""
"P2025","IRON COUNTY",2020,7,,,30360,33962.6445763963,7613.71038750845,16082.0780350313,57658.432998936,,,1.11866418235824,,""
"P2025","IRON COUNTY",2021,7,,,32725,36283.6340123384,7948.75034281924,16896.1381097559,61128.5224649136,,,1.10874359090415,,""
"P2025","IRON COUNTY",2022,7,,,34623,38095.7778478541,8242.85336198129,17344.7988886925,63683.4300985279,,,1.10030262680455,,""
"P2025","IRON COUNTY",2023,7,,,36113,39783.723973923,8619.08848014557,17641.6550683801,66044.4675224487,,,1.10164550089782,,""
"P2025","IRON COUNTY",2024,7,,,36916,41121.0332776984,9060.28039431809,17716.1148771226,67897.4285491391,,,1.11390815033315,,""
"P2025","IRON COUNTY",2025,7,23183.436467463,1671.68409016243,37831.8076449218,42671.0077807797,9603.43512459056,17705.8529726271,69980.2958779973,68308.6117878349,1.63184641319319,1.12791353194849,2.94644031240594,""
"P2025","IRON COUNTY",2026,7,24191.3010153864,1704.71898270395,38694.8623009432,44378.6751365087,10187.4875208708,17657.6431634737,72223.8058208532,70519.0868381492,1.59953622487406,1.14688804915135,2.91505970651587,""
"P2025","IRON COUNTY",2027,7,25229.8480849787,1727.77407864786,39481.6184015945,46071.4111950344,10768.1453798937,17653.5285993314,74493.0851742596,72765.3110956117,1.56487737336401,1.16690786903441,2.88409628351804,""
"P2025","IRON COUNTY",2028,7,26261.2219612749,1742.89428065363,40340.8778933812,47718.190858861,11336.0066299939,17645.465061267,76699.662550122,74956.7682694684,1.5361386440002,1.18287437831615,2.85427572182286,""
"P2025","IRON COUNTY",2029,7,27256.8380273561,1849.62674134626,41345.927316802,49311.5852970331,11896.8273629383,17668.2203182854,78876.6329782568,77027.0062369105,1.51690109011564,1.19265882995431,2.82596998814033,""
"P2025","IRON COUNTY",2030,7,28193.7873434554,1849.03414179142,42135.2718770382,50639.1762146465,12411.6327619572,17728.1021138675,80778.9110904712,78929.8769486798,1.49448782328349,1.2018238867053,2.79954856675195,""
"P2025","IRON COUNTY",2031,7,29056.9209778803,1852.04448209017,42855.332011083,51883.5064533136,12844.7744932974,17755.4270802026,82483.7080268136,80631.6635447234,1.47487519561026,1.21066630495117,2.77495552973781,""
"P2025","IRON COUNTY",2032,7,29839.5878601805,1858.89013673394,43580.9810214551,52947.7540634905,13253.2091421708,17786.0591833719,83987.0223890332,82128.1322522993,1.46050881217471,1.21492799892283,2.75232126653784,""
"P2025","IRON COUNTY",2033,7,30545.2451026513,1863.24074842507,44292.7947573363,53831.9203111129,13638.4908326374,17839.45129673,85309.8624404803,83446.6216920552,1.45007167591828,1.21536517634613,2.73190218024514,""
"P2025","IRON COUNTY",2034,7,31185.5904745251,1856.00653668193,45226.8567030649,54506.789215941,14024.6583952385,17956.6179896509,86488.0656008304,84632.0590641485,1.45024852872386,1.20518632488221,2.71381935619538,""
"P2025","IRON COUNTY",2035,7,31783.9799370601,1841.72535957766,45463.4777769669,55042.2208803557,14441.1872339577,18099.4349387044,87582.8430530177,85741.11769344,1.43038970786527,1.21069094516658,2.69762055800526,""
"P2025","IRON COUNTY",2036,7,32377.3696166579,1828.22840282173,46120.5778032269,55487.8836009507,14892.5380079763,18298.0924783091,88678.5140872361,86850.2856844144,1.42446957085415,1.20310469304373,2.68243797172858,""
"P2025","IRON COUNTY",2037,7,32981.9016113894,1819.73372824861,46810.234407118,55939.1991208538,15357.2879722861,18526.1645479922,89822.6516411321,88002.9179128835,1.4192703307002,1.1950207006942,2.66821843536438,""
"P2025","IRON COUNTY",2038,7,33605.8922294911,1819.57140483319,47558.9136766373,56483.678192586,15820.5291705332,18729.9056712867,91034.1130344059,89214.5416295727,1.41519568508589,1.18765703053333,2.65472914750592,""
"P2025","IRON COUNTY",2039,7,34236.2140249566,1814.61503755908,48275.5517699333,56964.7203480499,16302.645164813,18995.6119079764,92262.9774208393,90448.3623832802,1.41007272985099,1.17999107746146,2.64189148710624,""
"P2025","IRON COUNTY",2040,7,34852.0242388971,1807.37083259488,48726.5723809151,57371.9250862705,16837.4643523674,19243.2668571419,93452.6562957798,91645.2854631849,1.39809877460527,1.17742583323471,2.62955416405636,""
"P2025","IRON COUNTY",2041,7,35459.6059731715,1805.75850563899,49117.9521197562,57762.8858058197,17404.6219602709,19457.2286744992,94624.7364405898,92818.9779349508,1.38518042633972,1.17600354479328,2.61759755608049,""
"P2025","IRON COUNTY",2042,7,36057.9157059156,1805.72039272283,49520.2706768562,58102.9599605361,18034.4327709776,19631.1282724938,95768.5210040074,93962.8006112846,1.37335366471923,1.17331668761841,2.60588552532084,""
"P2025","IRON COUNTY",2043,7,36654.7588895395,1792.90045216851,49897.9044919108,58259.7954551754,18747.3952227649,19901.7785768005,96908.9692547408,95116.0688025723,1.36129403121379,1.16758000257546,2.59491732271949,""
"P2025","IRON COUNTY",2044,7,37251.9124984361,1775.73204864891,50286.4970665141,58356.2835669128,19509.0773755221,20194.3427287492,98059.7036711841,96283.9716225352,1.349903768528,1.16047621073555,2.58467190447141,""
"P2025","IRON COUNTY",2045,7,37865.5638897307,1768.00853372573,50731.9814201875,58442.920887397,20334.1115569647,20485.127102133,99262.1595464947,97494.151012769,1.33979204873128,1.15199365866166,2.57474446430229,""
"P2025","IRON COUNTY",2046,7,38508.2072824897,1771.54241309721,51226.6701858668,58609.2788671613,21166.082457709,20761.3054592988,100536.666784169,98765.1243710718,1.33027927813093,1.14411650522097,2.56478115552219,""
"P2025","IRON COUNTY",2047,7,39180.8768161427,1784.05606340713,51769.8385191514,58871.2812941494,22001.723513772,21006.7314280868,101879.736236008,100095.680172601,1.32130372584776,1.13717336151958,2.55470750800965,""
"P2025","IRON COUNTY",2048,7,39877.4307831158,1803.20513386526,52328.1795791413,59253.9779981339,22812.153600204,21208.4152925357,103274.546890874,101471.341757009,1.312225450625,1.13235313123244,2.54458072559609,""
"P2025","IRON COUNTY",2049,7,40586.2224297061,1826.95157805084,52904.2632588485,59767.4769993101,23567.315902994,21355.9029939067,104690.695896211,102863.74431816,1.30350301387316,1.12972893520663,2.53444982460037,""
"P2025","IRON COUNTY",2050,7,41287.2456869259,1852.62545511007,53463.9688797285,60364.4576090535,24270.0142933128,21435.2479055432,106069.71980791,104217.0943528,1.2949269923486,1.12906802233198,2.52419585319545,""
"P2025","IRON COUNTY",2051,7,41984.9333535362,1878.19768952568,54024.7296703729,61045.2183595589,24925.6992857325,21458.1483673574,107429.066012649,105550.868323123,1.28676468807167,1.12994953851728,2.514017765238,""
"P2025","IRON COUNTY",2052,7,42673.0955916753,1901.63789529079,54591.344169646,61835.424799763,25485.765448146,21429.9618149295,108751.152062839,106849.514167548,1.27929186792569,1.13269650601761,2.50390820459701,""
"P2025","IRON COUNTY",2053,7,43349.8683016092,1921.54293132746,55172.3626190298,62690.9147497937,25972.4959159224,21363.4343025765,110026.844968293,108105.302036966,1.27272272744094,1.13627388376822,2.49378616988676,""
"P2025","IRON COUNTY",2054,7,44017.2328781327,1936.94857425951,55719.1267897158,63514.4284985353,26464.1712606173,21281.4651782508,111260.064937403,109323.116363143,1.26584801329927,1.13990351532677,2.48364354628603,""
"P2025","IRON COUNTY",2055,7,44671.638995306,1948.729833926,56249.4040354205,64265.3020460036,26988.3157011916,21186.8877931429,112440.505540338,110491.775706412,1.25917484337951,1.14250636336583,2.47342112784405,""
"P2025","IRON COUNTY",2056,7,45315.3477189477,1958.20584631169,56719.9395634373,64958.5515294872,27528.9603407844,21090.391943873,113577.903814145,111619.697967833,1.2516717275397,1.14525071834457,2.46317646418857,""
"P2025","IRON COUNTY",2057,7,45950.037356766,1965.83039465149,57140.9920904688,65642.7247840701,28036.3763665878,21003.6243376678,114682.725488326,112716.895093675,1.24354615093811,1.14878517825068,2.45303163125889,""
"P2025","IRON COUNTY",2058,7,46579.7470057307,1971.51265292275,57529.3600347515,66339.3511614642,28493.5021715123,20935.5804911099,115768.433824086,113796.921171163,1.23507240233988,1.15313904276687,2.44305580185231,""
"P2025","IRON COUNTY",2059,7,47211.6945700816,1975.11294885232,57890.5093139969,67069.4841712554,28890.855553793,20896.136593332,116856.47631838,114881.363369528,1.22619003281197,1.15855750737089,2.43332429423808,""
"P2025","IRON COUNTY",2060,7,47842.3911868001,1976.57738265621,58247.7481845697,67749.53163264,29302.5364318353,20882.8427254871,117934.910789962,115958.333407306,1.21749241080242,1.16312705201859,2.42375706002126,""
"P2025","IRON COUNTY",2061,7,48470.2794953269,1976.39728053424,58599.8223457423,68342.4100259019,29764.9940791971,20894.3191588548,119001.723263954,117025.32598342,1.20898461811824,1.16625626648965,2.41437283221572,""
"P2025","IRON COUNTY",2062,7,49093.2839769135,1974.94951153404,58954.925984674,68797.5467943257,30330.0812556764,20928.1830090481,120055.81105905,118080.861547516,1.20087558233827,1.1669516269465,2.40523452460513,""
"P2025","IRON COUNTY",2063,7,49708.5909569787,1972.40277397982,59315.8630738299,69163.4637187389,30948.1534376821,20982.5437574017,121094.160913823,119121.758139843,1.19327186572571,1.16601968064853,2.39640182605336,""
"P2025","IRON COUNTY",2064,7,50317.4223321714,1968.87849441073,59675.8719850249,69466.1813902872,31598.566318576,21057.7195062557,122122.467215119,120153.588720708,1.18598825653416,1.16405808712303,2.38791224096322,""
"P2025","IRON COUNTY",2065,7,50917.6001466808,1964.4018927894,60037.8558247439,69733.6996641245,32251.1030816175,21150.4415307292,123135.244276471,121170.842383682,1.17911794059009,1.1614955048975,2.3797437827906,""
"P2025","JUAB COUNTY",2020,7,,,5774,6415.51437802113,1415.0446189769,4000.69095630797,11831.249953306,,,1.11110397956722,,""
"P2025","JUAB COUNTY",2021,7,,,6031,6583.16132547473,1442.16636459942,4031.94019755163,12057.2678876258,,,1.09155385930604,,""
"P2025","JUAB COUNTY",2022,7,,,6200,6863.58819220801,1461.63020948239,4113.03134199103,12438.2497436814,,,1.10703035358194,,""
"P2025","JUAB COUNTY",2023,7,,,6321,7114.75160361372,1495.1741206488,4156.3313348114,12766.2570590739,,,1.12557373890424,,""
"P2025","JUAB COUNTY",2024,7,,,6518,7377.74358054061,1539.85520198062,4198.65079631383,13116.2495788351,,,1.13190297338764,,""
"P2025","JUAB COUNTY",2025,7,4348.25275215638,101,6668.0663201365,7590.55227987979,1599.61567300117,4196.04410700763,13386.2120598886,13285.2120598886,1.53350476621436,1.13834384894426,3.05529894813502,""
"P2025","JUAB COUNTY",2026,7,4483.10832530605,101,6769.72641712452,7817.65447719705,1668.02626473497,4178.7770601361,13664.4578020681,13563.4578020681,1.51005193849791,1.15479622003952,3.02545841364254,""
"P2025","JUAB COUNTY",2027,7,4622.91701350852,101,6885.08712084986,8043.93628626382,1735.99826603027,4166.40351800336,13946.3380702975,13845.3380702975,1.48933824698369,1.16831292692066,2.99493545522023,""
"P2025","JUAB COUNTY",2028,7,4764.41278710312,101,6991.27264200092,8258.47409597879,1805.33836054808,4158.01025657028,14221.8227130971,14120.8227130971,1.46739439977278,1.18125476130984,2.96381177368196,""
"P2025","JUAB COUNTY",2029,7,4904.50885393884,101,7113.34701980246,8445.87080662887,1878.34276290804,4158.81429064596,14483.0278601829,14382.0278601829,1.45036888129781,1.18732725721336,2.9324093988805,""
"P2025","JUAB COUNTY",2030,7,5041.03773523542,101,7223.11759043475,8630.95055622613,1942.40047173773,4151.06093940817,14724.411967372,14623.411967372,1.43286322574957,1.19490655498336,2.90087333906638,""
"P2025","JUAB COUNTY",2031,7,5173.02119713511,101,7333.59520112843,8824.21520018595,1993.01887811251,4126.45194362022,14943.6860219187,14842.6860219187,1.41766192746124,1.2032591052787,2.86924902417542,""
"P2025","JUAB COUNTY",2032,7,5300.07915683991,101,7437.44794995223,9019.86868029326,2039.10576144073,4081.81093173895,15140.7853734729,15039.7853734729,1.40327110781996,1.21276394012965,2.83765297242091,""
"P2025","JUAB COUNTY",2033,7,5422.15431410418,101,7514.16608605068,9170.74432726027,2095.76273153931,4051.60015327355,15318.1072120731,15217.1072120731,1.38582667529486,1.22046069014696,2.80646885546768,""
"P2025","JUAB COUNTY",2034,7,5539.25017217787,101,7617.77030357454,9328.867023194,2153.20904731106,3998.11586637802,15480.1919368831,15379.1919368831,1.37523492653148,1.22461910131585,2.77640320600224,""
"P2025","JUAB COUNTY",2035,7,5653.91878705187,101,7627.03444912728,9464.84046512195,2215.4510277338,3954.28809364646,15634.5795865022,15533.5795865022,1.34898196036952,1.24095944868912,2.74740055023003,""
"P2025","JUAB COUNTY",2036,7,5768.77192783818,101,7682.20184520911,9581.49500643276,2287.24043815437,3923.73031941047,15792.4657639976,15691.4657639976,1.33168756562161,1.24723291570478,2.72007039978055,""
"P2025","JUAB COUNTY",2037,7,5885.20755249105,101,7753.16352880989,9691.63928175354,2359.92431816009,3906.55765636753,15958.1212562812,15857.1212562812,1.31739848759084,1.2500238445559,2.69440306307792,""
"P2025","JUAB COUNTY",2038,7,6004.62292972517,101,7816.96001823541,9807.31172808211,2433.43498579612,3892.25186782246,16132.9985817007,16031.9985817007,1.30182362984668,1.25461966099399,2.66994260411194,""
"P2025","JUAB COUNTY",2039,7,6126.940575852,101,7884.34557462022,9972.81410843024,2489.25845273528,3852.80154202679,16314.8741031923,16213.8741031923,1.28683238836927,1.26488800041094,2.64632468725023,""
"P2025","JUAB COUNTY",2040,7,6251.63232996348,101,7943.08048211062,10125.4264660456,2552.31064242745,3822.34486891435,16500.0819773874,16399.0819773874,1.27056104116043,1.27474806390922,2.62316801626163,""
"P2025","JUAB COUNTY",2041,7,6376.30343078024,101,7995.73544591312,10250.7620431376,2636.89299142401,3797.1885857777,16684.8436203394,16583.8436203394,1.25397662340149,1.2820286654653,2.60085546435642,""
"P2025","JUAB COUNTY",2042,7,6501.25246706097,101,8038.06442202014,10377.8831881531,2741.85743505182,3749.7128605921,16869.4534837971,16768.4534837971,1.23638705968512,1.29109231318464,2.57926508295987,""
"P2025","JUAB COUNTY",2043,7,6627.92596347305,101,8087.18952880731,10471.5966578975,2856.26065135281,3727.29650865577,17055.1538179061,16954.1538179061,1.22016895984903,1.29483754777809,2.55798780966197,""
"P2025","JUAB COUNTY",2044,7,6756.00115113334,101,8125.41967373949,10565.6637279789,2973.36315175126,3705.50072731703,17244.5276070472,17143.5276070472,1.20269660883294,1.30032221746355,2.53752585642637,""
"P2025","JUAB COUNTY",2045,7,6886.16697013783,101,8177.50306123656,10666.281616341,3089.12097309839,3683.38419601059,17438.78678545,17337.78678545,1.18752610802187,1.30434455804754,2.51777031556686,""
"P2025","JUAB COUNTY",2046,7,7019.2965254929,101,8230.60419497371,10770.7431985087,3204.02917333078,3663.5350237162,17638.3073955557,17537.3073955557,1.17256824313969,1.30862120730896,2.4984423057016,""
"P2025","JUAB COUNTY",2047,7,7154.47456547315,101,8287.52012498406,10882.9469062854,3313.29986474851,3646.25493497942,17842.5017060133,17741.5017060133,1.15836880111069,1.31317290844061,2.4797770323529,""
"P2025","JUAB COUNTY",2048,7,7290.8554284029,101,8338.77905090664,10979.8585011454,3438.10785109096,3632.09179412191,18050.0581463582,17949.0581463582,1.14373123055237,1.31672256023519,2.46185901265224,""
"P2025","JUAB COUNTY",2049,7,7427.47878822124,101,8394.10138397756,11082.1748851717,3555.70000823935,3620.87709215441,18258.7519855654,18157.7519855654,1.13014141451191,1.32023362337809,2.44467234485551,""
"P2025","JUAB COUNTY",2050,7,7563.61525585339,101,8448.88594469524,11188.332763614,3666.04795278257,3611.94520402893,18466.3259204255,18365.3259204255,1.11704332635862,1.3242376375833,2.42811477040861,""
"P2025","JUAB COUNTY",2051,7,7697.50540171184,101,8501.72047318001,11310.3394475027,3754.80237057599,3604.08534332858,18669.2271614072,18568.2271614072,1.104477363704,1.33035889420064,2.41223957534058,""
"P2025","JUAB COUNTY",2052,7,7828.71184996668,101,8546.61119688171,11429.4827297954,3840.87022855036,3595.95714279881,18866.3101011446,18765.3101011446,1.09170082647991,1.33731165095769,2.39698566772827,""
"P2025","JUAB COUNTY",2053,7,7957.74455836316,101,8595.2113257589,11526.2176081859,3946.3469000702,3586.16108995953,19058.7255982156,18957.7255982156,1.08010646266922,1.34100456304583,2.38229883595498,""
"P2025","JUAB COUNTY",2054,7,8085.44461802657,101,8635.71608097301,11610.7449928826,4064.48631755175,3573.01672732879,19248.2480377632,19147.2480377632,1.06805704434851,1.34450286276368,2.36811318886215,""
"P2025","JUAB COUNTY",2055,7,8212.44222679873,101,8683.6290971675,11684.5054279914,4194.2946706965,3557.14499454901,19435.9450932369,19334.9450932369,1.0573747561756,1.3455785936093,2.35434777612722,""
"P2025","JUAB COUNTY",2056,7,8338.56880428449,101,8721.21016786127,11749.6446235306,4333.02024885446,3539.33296596656,19621.9978383516,19520.9978383516,1.04588813411004,1.34724933780744,2.34104896134231,""
"P2025","JUAB COUNTY",2057,7,8463.64766245624,101,8749.06383520552,11803.2977020124,4482.60472691332,3520.3545330003,19806.256961926,19705.256961926,1.03372259622944,1.34909264857766,2.32822274128166,""
"P2025","JUAB COUNTY",2058,7,8587.74687862007,101,8774.77265858963,11866.4291787759,4621.35981410561,3500.81860228745,19988.607595169,19887.607595169,1.02177821291347,1.35233465760048,2.31581203734368,""
"P2025","JUAB COUNTY",2059,7,8711.13342418232,101,8803.46698069971,11933.0393837757,4755.07718073326,3481.7832119496,20169.8997764586,20068.8997764586,1.01059948826648,1.3554931721715,2.30382187933741,""
"P2025","JUAB COUNTY",2060,7,8834.16995097157,101,8828.74890930794,12002.8324882769,4884.2066225146,3464.19832783903,20351.2374386306,20250.2374386306,0.999386355289324,1.35951680261544,2.29226260656254,""
"P2025","JUAB COUNTY",2061,7,8956.65575113316,101,8852.80268407371,12074.0492278659,5009.5746654363,3449.03718457682,20532.661077879,20431.661077879,0.988404928140025,1.36386742806177,2.28117074559822,""
"P2025","JUAB COUNTY",2062,7,9078.33281086696,101,8883.29517305025,12128.9832928018,5148.01943834423,3437.0472947122,20714.0500258582,20613.0500258582,0.978516139264773,1.36536983816525,2.27057659763078,""
"P2025","JUAB COUNTY",2063,7,9198.85288741376,101,8911.91989858987,12187.420964558,5279.23027251891,3428.75372790206,20895.404964979,20794.404964979,0.968807742407047,1.3675415738966,2.26054326767534,""
"P2025","JUAB COUNTY",2064,7,9318.17832362853,101,8935.80127315427,12257.3505757807,5395.06759896978,3424.55668571192,21076.9748604624,20975.9748604624,0.958964398706059,1.37171253042582,2.25108107313987,""
"P2025","JUAB COUNTY",2065,7,9436.3117085239,101,8962.60698322741,12308.025324909,5526.19780270134,3424.76758392575,21258.9907115361,21157.9907115361,0.949799801031521,1.37326397865512,2.242188618295,""
"P2025","KANE COUNTY",2020,7,,,5413,4075.22732426019,1825.66137333077,1791.60189575604,7692.490593347,,,0.752859287688932,,""
"P2025","KANE COUNTY",2021,7,,,5827,4187.19994134199,1881.0458853853,1851.25644513441,7919.50227186169,,,0.718585883188946,,""
"P2025","KANE COUNTY",2022,7,,,6100,4319.04336920383,1928.86333467033,1926.58364212344,8174.4903459976,,,0.708039896590792,,""
"P2025","KANE COUNTY",2023,7,,,6272,4443.34614497805,1991.91367140551,1952.23532828583,8387.49514466939,,,0.708441668523286,,""
"P2025","KANE COUNTY",2024,7,,,6311,4423.26846726339,2034.53312217177,1906.68872784548,8364.49031728065,,,0.700882343093549,,""
"P2025","KANE COUNTY",2025,7,3238.55351262636,169.457541873738,6399.53463396792,4437.69612255679,2089.60459255567,1870.88512324333,8398.18583835579,8228.72829648205,1.97604721028003,0.693440441591184,2.54086531669159,""
"P2025","KANE COUNTY",2026,7,3270.76894185609,170.509837570094,6450.03516837094,4469.92382908133,2132.35489381345,1835.02515879057,8437.30388168535,8266.79404411526,1.97202409678951,0.693007667772187,2.52747723580377,""
"P2025","KANE COUNTY",2027,7,3304.71872942449,171.531574412888,6503.62253654037,4504.62952941457,2171.36357864927,1803.31740521264,8479.31051327649,8307.7789388636,1.96798065706275,0.692633913500587,2.51391407834287,""
"P2025","KANE COUNTY",2028,7,3339.07600650866,172.635080403269,6572.23509095234,4551.9382563683,2198.51513960555,1771.89864923322,8522.35204520708,8349.71696480381,1.96827957139684,0.69260125259894,2.5006070387521,""
"P2025","KANE COUNTY",2029,7,3372.70563176864,174.603180968556,6639.84900645248,4599.33616707985,2218.76054263925,1746.88649299281,8564.98320271191,8390.38002174335,1.96870101674736,0.692686861193726,2.48772971548764,""
"P2025","KANE COUNTY",2030,7,3404.92160960001,177.139663194415,6690.85564480649,4628.19055803238,2243.55708887499,1734.5034895311,8606.25113643847,8429.11147324405,1.96505423970465,0.691718788108189,2.4755669703169,""
"P2025","KANE COUNTY",2031,7,3435.63015488408,179.173018846243,6728.12332306212,4656.61065680566,2267.25930512239,1721.56282080102,8645.43278272907,8466.25976388283,1.95833748679189,0.692111370914398,2.46425237357031,""
"P2025","KANE COUNTY",2032,7,3464.90690040166,180.473447540691,6771.99561396609,4710.59141247233,2270.00233238274,1701.48888692488,8682.08263177995,8501.60918423926,1.95445240193353,0.695598709892478,2.45363278974501,""
"P2025","KANE COUNTY",2033,7,3493.11398284445,181.132419426224,6817.51158478425,4767.07748281719,2259.55427134086,1689.28186267888,8715.91361683694,8534.78119741072,1.95170029328179,0.699240100076493,2.44331597518064,""
"P2025","KANE COUNTY",2034,7,3518.93895198968,182.76058001859,6909.06900933153,4827.51025632372,2250.74077016771,1668.49124360563,8746.74227009705,8563.98169007846,1.96339553018531,0.698720804467807,2.43368293878364,""
"P2025","KANE COUNTY",2035,7,3542.6511591606,184.666882633828,6836.80511882886,4887.05207377929,2235.68245469037,1652.36350654191,8775.09803501157,8590.43115237774,1.92985558319797,0.714815178850153,2.42485945311453,""
"P2025","KANE COUNTY",2036,7,3564.85332337986,187.044906867636,6872.5959618357,4936.55012159261,2222.16753777539,1644.06315343967,8802.78081280767,8615.73590594004,1.92787622333918,0.718294826148057,2.4168556527794,""
"P2025","KANE COUNTY",2037,7,3586.7123273401,188.482185829703,6923.21489699579,4975.17694017919,2209.48640947384,1647.19622374203,8831.85957339506,8643.37738756536,1.93023980323787,0.718622347305452,2.40983290510373,""
"P2025","KANE COUNTY",2038,7,3609.17764562477,189.281188188741,6974.42665337836,5030.99785498486,2193.29349338488,1639.04681242449,8863.33816079424,8674.0569726055,1.93241434425737,0.721349310132595,2.40333334190979,""
"P2025","KANE COUNTY",2039,7,3631.97454171834,190.178748334914,7024.18162595421,5080.41524880995,2180.32272189876,1635.1634966141,8895.90146732281,8705.7227189879,1.93398426813613,0.723275040331804,2.39696688921974,""
"P2025","KANE COUNTY",2040,7,3654.27610186949,190.769776028291,7072.56194461391,5132.21401512824,2172.65842217673,1623.15536716476,8928.02780446972,8737.25802844143,1.935420791274,0.725651334738279,2.39096822048327,""
"P2025","KANE COUNTY",2041,7,3676.68110812854,190.364445861118,7111.24149689733,5161.34328082187,2170.40184067014,1628.40189834343,8960.14701983545,8769.78257397433,1.93414693517356,0.725800590947979,2.38524427766819,""
"P2025","KANE COUNTY",2042,7,3698.79374286131,189.375397459069,7151.53142145897,5193.55621374043,2173.45126162194,1624.82085734553,8991.8283327079,8802.45293524883,1.93347667337803,0.726215953992257,2.37981719100656,""
"P2025","KANE COUNTY",2043,7,3720.33531436795,188.880513430691,7195.25020307364,5219.15351220949,2176.10813404881,1628.08219635678,9023.34384261508,8834.46332918439,1.93403271347224,0.725360948529628,2.37464168755587,""
"P2025","KANE COUNTY",2044,7,3742.05365981418,188.443268554844,7237.02157738302,5235.63235798996,2189.03181070881,1630.28346111472,9054.94762981349,8866.50436125865,1.93397055074362,0.723451257123821,2.36942202525736,""
"P2025","KANE COUNTY",2045,7,3764.21519448192,187.927625756443,7283.00148590324,5242.36167839671,2214.75867284297,1630.50425292142,9087.62460416109,8899.69697840465,1.9347994494522,0.719807855119029,2.36429016902407,""
"P2025","KANE COUNTY",2046,7,3787.61422179085,187.233596897892,7333.2059782484,5263.99747342057,2228.69483730454,1629.1550913466,9121.84740207171,8934.61380517382,1.93610160614011,0.717830303558161,2.35890280318711,""
"P2025","KANE COUNTY",2047,7,3811.86149379116,187.020674687546,7392.38718304435,5292.36719576057,2239.12599091058,1625.98612747515,9157.4793141463,8970.45863945875,1.93931159227197,0.715921266664641,2.35330130805383,""
"P2025","KANE COUNTY",2048,7,3837.35501856681,186.02615349584,7448.17404802809,5298.88028899274,2274.03861365165,1621.12072725615,9194.03962990055,9008.01347640471,1.94096559009801,0.71143346742758,2.34745376250568,""
"P2025","KANE COUNTY",2049,7,3863.04049012095,185.822399625836,7504.81866624992,5303.87144520066,2312.3478729299,1614.5716040108,9230.79092214136,9044.96852251552,1.9427232734014,0.706728794001754,2.34141178319162,""
"P2025","KANE COUNTY",2050,7,3888.55358819804,186.379920895039,7566.79105126861,5318.66137217464,2341.55986093256,1606.03034451402,9266.25157762122,9079.87165672618,1.94591404738106,0.702895234735329,2.33502546661156,""
"P2025","KANE COUNTY",2051,7,3914.73925581808,186.652036076744,7626.46167071731,5335.892076369,2369.28386592122,1595.72716769752,9300.90310998774,9114.25107391099,1.9481403925901,0.699655004739194,2.32818854036457,""
"P2025","KANE COUNTY",2052,7,3941.14534412,187.175080145093,7684.64752019748,5346.03516372397,2404.84877757598,1583.48166278766,9334.3656040876,9147.19052394251,1.94985133741962,0.695677342346938,2.32094726919668,""
"P2025","KANE COUNTY",2053,7,3967.44263079451,188.223330866098,7746.18340229704,5368.79873372615,2428.55124850763,1569.11655713365,9366.46653936743,9178.24320850133,1.95243740695144,0.693089545508837,2.31339027747033,""
"P2025","KANE COUNTY",2054,7,3994.35299404245,188.745448228785,7803.38148814173,5394.18844158856,2450.69716002581,1552.40178188403,9397.28738349841,9208.54193526962,1.95360337450907,0.691262941557547,2.30539012175541,""
"P2025","KANE COUNTY",2055,7,4021.7459008476,188.834354384373,7859.10266920982,5423.72764872894,2469.48157680121,1533.42994676855,9426.63917229871,9237.80481791434,1.95415196856507,0.690120472656233,2.29696381762145,""
"P2025","KANE COUNTY",2056,7,4049.25649020988,189.244515101282,7904.00091029803,5451.50186248869,2490.51278425913,1512.81008623849,9454.82473298631,9265.58021788503,1.95196350969814,0.689714225030768,2.28821766175765,""
"P2025","KANE COUNTY",2057,7,4077.19959219339,188.93892172291,7939.6966665269,5469.28293938009,2521.55116287611,1491.27716677304,9482.11126902925,9293.17234730634,1.94734068985218,0.688852883062666,2.2793027756355,""
"P2025","KANE COUNTY",2058,7,4105.05191670551,188.943272536228,7975.68155572129,5481.6675309136,2557.68990266196,1469.4710245104,9508.82845808596,9319.88518554973,1.94289419903906,0.687297692694535,2.27034526594474,""
"P2025","KANE COUNTY",2059,7,4133.16857804932,189.032724045863,8005.59763510709,5511.34659717511,2575.87152014743,1448.29954939315,9535.51766671569,9346.48494266983,1.93691534326079,0.688436622520985,2.26133649430795,""
"P2025","KANE COUNTY",2060,7,4161.59093413433,188.735576529873,8040.06465338972,5543.92868875698,2589.86167611343,1428.10622202785,9561.89658689826,9373.16101036839,1.93196899470423,0.689537824353146,2.25230234271407,""
"P2025","KANE COUNTY",2061,7,4189.60819107823,188.863939979024,8076.06417057963,5582.02553543174,2596.64412858825,1409.24645876699,9587.91612278699,9399.05218280797,1.92764187061158,0.691181424209896,2.24342032814029,""
"P2025","KANE COUNTY",2062,7,4217.37474691411,188.929858038735,8116.75041502151,5615.97286278302,2605.61763633777,1391.94656259969,9613.53706172048,9424.60720368175,1.9245978605436,0.691899168463977,2.23470945060735,""
"P2025","KANE COUNTY",2063,7,4244.46458735447,189.352200015926,8157.46104620849,5643.58691480718,2618.59860011187,1376.55139953319,9638.73691445224,9449.38471443631,1.92190578536384,0.691831304230409,2.22628426270509,""
"P2025","KANE COUNTY",2064,7,4271.04203198672,189.65655074279,8198.1893097013,5671.72904736953,2628.51284931015,1363.39882645066,9663.64072313035,9473.98417238756,1.91948223602188,0.691827040473182,2.21819033889972,""
"P2025","KANE COUNTY",2065,7,4296.55001699137,190.479457829104,8239.89581832059,5699.62503708089,2635.84172703687,1352.67675328987,9688.14351740762,9497.66405957852,1.91779352869969,0.691710813188723,2.21053264177504,""
"P2025","MILLARD COUNTY",2020,7,,,7282,6665.55310865838,2265.91521543667,4078.99463800395,13010.462962099,,,0.915346485671296,,""
"P2025","MILLARD COUNTY",2021,7,,,7448,6802.34074754821,2307.73528904853,4101.40669261926,13211.482729216,,,0.913311056330318,,""
"P2025","MILLARD COUNTY",2022,7,,,7783,6987.27844668478,2356.3825117044,4097.80200798349,13441.4629663727,,,0.897761588935472,,""
"P2025","MILLARD COUNTY",2023,7,,,7985,7021.36978960752,2448.65530655345,4014.44577549852,13484.4708716595,,,0.879319948604574,,""
"P2025","MILLARD COUNTY",2024,7,,,8374,7104.36304859579,2526.05402337825,3979.04604058853,13609.4631125626,,,0.848383454573178,,""
"P2025","MILLARD COUNTY",2025,7,4438.79062735185,313.492171547465,8142.22802190735,7047.78313682896,2588.05322752214,3784.14563848411,13419.9820028352,13106.4898312877,1.83433477842701,0.865584102762328,2.95271638867701,""
"P2025","MILLARD COUNTY",2026,7,4472.28120488869,301.939208082507,8106.9127897855,7059.0983870228,2647.34320074517,3666.21132810334,13372.6529158713,13070.7137077888,1.81270193406527,0.870750502696548,2.92260551360256,""
"P2025","MILLARD COUNTY",2027,7,4515.72984465199,56.7203748378019,7163.80481760148,6879.2740573387,2686.72236996466,3552.84762654741,13118.8440538508,13062.123679013,1.58641129209393,0.960282173020168,2.89258306594283,""
"P2025","MILLARD COUNTY",2028,7,4570.10156657132,43.447294780049,7142.54301803329,6942.55276999422,2726.73000399104,3466.47244283894,13135.7552168242,13092.3079220442,1.56288496305607,0.97200013391111,2.86477395115456,""
"P2025","MILLARD COUNTY",2029,7,4633.91649698432,43.8870435896557,7205.07897839927,7004.7728379454,2764.32527172357,3435.59764775612,13204.6957574251,13160.8087138354,1.55485731844504,0.972199313698797,2.84010484919189,""
"P2025","MILLARD COUNTY",2030,7,4703.51047059675,44.0913840836184,7278.13989808196,7090.76031089819,2788.97648320366,3423.10474880227,13302.8415429041,13258.7501588205,1.54738464888727,0.974254467513993,2.81890520744143,""
"P2025","MILLARD COUNTY",2031,7,4776.10136814028,44.1429442121695,7341.90684162342,7205.42678924987,2806.34257388972,3404.85428025905,13416.6236433986,13372.4806991864,1.53721754956851,0.981410816655994,2.79987371884308,""
"P2025","MILLARD COUNTY",2032,7,4849.25118911334,44.2210628531623,7400.64146656996,7330.81923738204,2816.07458864373,3388.30846889669,13535.2022949225,13490.9812320693,1.52614108404707,0.990565381460064,2.7820751505628,""
"P2025","MILLARD COUNTY",2033,7,4920.94662544868,44.4920339586943,7465.40456999327,7466.29716059534,2814.15238761519,3371.26943322945,13651.71898144,13607.2269474813,1.51706676341213,1.00011956359414,2.76516450658325,""
"P2025","MILLARD COUNTY",2034,7,4989.59456978092,44.8411257718041,7554.54916195638,7600.30093042876,2821.00974586724,3340.1740767317,13761.4847530277,13716.6436272559,1.51406072303147,1.00605618780043,2.74904973448738,""
"P2025","MILLARD COUNTY",2035,7,5055.64922289763,45.147161460597,7561.50807234755,7720.99869154039,2827.71069402833,3315.88534193692,13864.5947275056,13819.447566045,1.49565520449888,1.0210924352215,2.73346645638608,""
"P2025","MILLARD COUNTY",2036,7,5120.04918252324,45.126749983408,7607.47971247519,7810.57228353134,2847.90847302308,3304.82853000551,13963.3092865599,13918.1825365765,1.48582160859754,1.02669643281771,2.71836891412777,""
"P2025","MILLARD COUNTY",2037,7,5184.42143589271,44.8902696124265,7663.25513308953,7894.71499514662,2865.24815329079,3304.83361706225,14064.7967654997,14019.9064958873,1.47813121056004,1.03020385698209,2.70423742923846,""
"P2025","MILLARD COUNTY",2038,7,5248.16025486381,44.4020158631501,7716.38189158558,7979.69351303171,2890.57811141333,3295.58281069188,14165.8544351369,14121.4524192737,1.47030226152761,1.03412371564104,2.69074337167705,""
"P2025","MILLARD COUNTY",2039,7,5312.67511850835,43.9172788027181,7766.3413625207,8074.9465751279,2910.73719151008,3282.47858322319,14268.1623498612,14224.2450710585,1.46185136287823,1.03973624106925,2.67741669756991,""
"P2025","MILLARD COUNTY",2040,7,5375.80750944068,43.4471434848294,7819.71479487555,8152.17156876429,2924.77824974938,3290.03640764751,14366.9862261612,14323.5390826764,1.45461212685592,1.04251520453235,2.66444418955147,""
"P2025","MILLARD COUNTY",2041,7,5438.34588084758,43.1285658185018,7870.78004452273,8237.79955257025,2942.36096256313,3285.7970869993,14465.9576021327,14422.8290363142,1.44727463404664,1.04663063965343,2.65206173941742,""
"P2025","MILLARD COUNTY",2042,7,5500.15201508784,42.8559000202327,7917.88660042043,8309.19765078942,2980.07926031435,3271.50726364071,14560.7841747445,14517.9282747243,1.43957595693725,1.04942114861158,2.63955036786241,""
"P2025","MILLARD COUNTY",2043,7,5562.89085329288,42.5782520579748,7969.37174265011,8355.99765080437,3028.1815661723,3273.43197633471,14657.6111933114,14615.0329412534,1.43259538121852,1.04851397583641,2.62723704755096,""
"P2025","MILLARD COUNTY",2044,7,5623.24853941183,42.3523191920661,8022.15898588414,8396.5378917536,3079.37784528619,3273.45103927819,14749.366776318,14707.0144571259,1.42660580083896,1.04666809851665,2.61539470539999,""
"P2025","MILLARD COUNTY",2045,7,5681.35935806972,42.203112128043,8074.71059408214,8432.53805189057,3133.38632250645,3268.94857559767,14834.8729499947,14792.6698378667,1.42126383584818,1.04431458609435,2.603720149625,""
"P2025","MILLARD COUNTY",2046,7,5741.35763954549,42.1041679655457,8137.32677992291,8466.91741831773,3195.29064475743,3262.48444033852,14924.6925034137,14882.5883354482,1.41731752153435,1.04050355200285,2.59217231703864,""
"P2025","MILLARD COUNTY",2047,7,5802.21615140426,42.1284236248762,8195.62829710399,8493.21731701581,3269.95999345218,3252.11077500997,15015.288085478,14973.1596618531,1.41249965241651,1.03631070237983,2.58059322009734,""
"P2025","MILLARD COUNTY",2048,7,5863.57474450533,42.3291851347,8254.43644745373,8519.4916056457,3349.61409498345,3237.94955071162,15107.0552513408,15064.7260662061,1.40774814121519,1.03211063043241,2.56920508778762,""
"P2025","MILLARD COUNTY",2049,7,5925.33332156422,42.6171073487984,8319.57567814959,8556.91748069558,3422.33818575252,3219.76513387549,15199.0208003236,15156.4036929748,1.40406880535681,1.02852811390001,2.5578989181614,""
"P2025","MILLARD COUNTY",2050,7,5985.44223985976,42.9864870708352,8382.85512966098,8588.82096717873,3499.50316326647,3195.80467488041,15284.1288053256,15241.1423182548,1.40054064407067,1.02456989108508,2.54636862365109,""
"P2025","MILLARD COUNTY",2051,7,6044.94423795311,43.4531997904132,8440.74885590283,8636.42627048512,3561.42174491234,3167.45793487798,15365.3059502754,15321.852750485,1.39633196331369,1.02318247088295,2.53465576312299,""
"P2025","MILLARD COUNTY",2052,7,6103.94938785183,44.0269252519603,8495.76784533471,8695.726332573,3611.4946042365,3135.42867899829,15442.6496158078,15398.6226905558,1.39184768835782,1.0235362466205,2.5227310569125,""
"P2025","MILLARD COUNTY",2053,7,6162.49618890841,44.6267804437549,8550.27238430571,8754.22971748459,3661.66368159234,3100.86528724402,15516.758686321,15472.1319058772,1.38746899344051,1.02385389891827,2.51069232849585,""
"P2025","MILLARD COUNTY",2054,7,6219.04401736576,45.198903138333,8599.68700964074,8806.72238345801,3712.68625297237,3063.84806169782,15583.2566981282,15538.0577949899,1.3827988651676,1.02407475685861,2.4984640326716,""
"P2025","MILLARD COUNTY",2055,7,6274.19129100856,45.7012033397514,8637.59904044978,8855.74812339332,3763.48513276861,3024.19975432305,15643.433010485,15597.7318071452,1.37668723183945,1.02525575474411,2.48601470431705,""
"P2025","MILLARD COUNTY",2056,7,6327.74922600032,46.1547349963895,8665.07369347876,8903.69269921603,3811.11655276903,2982.97399151861,15697.7832435037,15651.6285085073,1.3693769117579,1.02753802381587,2.47349064406594,""
"P2025","MILLARD COUNTY",2057,7,6379.27427262501,46.4987513835152,8681.48238949232,8945.92211832921,3858.15273612554,2941.68449687047,15745.7593513252,15699.2605999417,1.36088871844665,1.03046020448731,2.46097909088358,""
"P2025","MILLARD COUNTY",2058,7,6430.23496037842,46.7158715359577,8698.07830714044,8982.00183346149,3908.35647940222,2902.21052717378,15792.5688400375,15745.8529685015,1.3526843670155,1.03264209820783,2.44872124666109,""
"P2025","MILLARD COUNTY",2059,7,6481.79374594407,46.816349911971,8709.34947875137,9024.52384351652,3951.16418763721,2866.28613928356,15841.9741704373,15795.1578205253,1.34366347034741,1.03618804889321,2.4368498041779,""
"P2025","MILLARD COUNTY",2060,7,6534.55050181262,46.8264472168977,8726.62864304492,9075.51773609734,3985.12061114723,2834.37981613936,15895.0181633839,15848.191716167,1.33545966790282,1.03997982580942,2.42529179501649,""
"P2025","MILLARD COUNTY",2061,7,6586.41879230588,46.7180155693466,8739.88500271332,9126.95578885278,4014.46640611129,2805.55050408799,15946.9726990521,15900.2546834828,1.32695555480363,1.04428785802322,2.41409712696331,""
"P2025","MILLARD COUNTY",2062,7,6638.00459317449,46.5030721822378,8761.83612538283,9178.74974056663,4040.53874702378,2780.40304436398,15999.6915319544,15953.1884597722,1.31995029566448,1.04758290490917,2.40331084979603,""
"P2025","MILLARD COUNTY",2063,7,6689.80005917097,46.2149145715508,8779.05713760421,9227.38032446025,4067.91493986239,2759.93635388216,16055.2316182048,16009.0167036332,1.31230486112498,1.05106735038045,2.39304860564355,""
"P2025","MILLARD COUNTY",2064,7,6740.20789512183,45.9101400916142,8794.4229739447,9271.22614916133,4095.05974439534,2743.23195254197,16109.5178460986,16063.607706007,1.30477028465392,1.05421653889394,2.3832510741446,""
"P2025","MILLARD COUNTY",2065,7,6789.31925856473,45.6022234527418,8816.55110312533,9294.51213048738,4138.44035593354,2730.30140052024,16163.2538869412,16117.6516634885,1.29859132666405,1.05421179118359,2.37397168253003,""
"P2025","MORGAN COUNTY",2020,7,,,5526,6585.94275867141,1512.92538958286,4254.61069254273,12353.478840797,,,1.19181012643348,,""
"P2025","MORGAN COUNTY",2021,7,,,5893,6869.90417653927,1569.43143776724,4239.16202831266,12678.4976426192,,,1.16577365968764,,""
"P2025","MORGAN COUNTY",2022,7,,,6198,7154.72653753111,1634.46747103004,4227.28459192375,13016.4786004849,,,1.15436052557778,,""
"P2025","MORGAN COUNTY",2023,7,,,6259,7302.10053802236,1687.24801307652,4070.13770477747,13059.4862558763,,,1.16665610129771,,""
"P2025","MORGAN COUNTY",2024,7,,,6474,7432.68811976678,1758.62414670814,3902.16652226846,13093.4787887434,,,1.14808281120896,,""
"P2025","MORGAN COUNTY",2025,7,4492.92763686337,0,6561.48916602667,7569.17444311353,1834.14980472663,3713.94265425733,13117.2669020975,13117.2669020975,1.46040392731707,1.15357569777061,2.91953665010617,""
"P2025","MORGAN COUNTY",2026,7,4577.03100866531,0,6622.97440974848,7685.61706839946,1917.49938638601,3516.79289221331,13119.9093469988,13119.9093469988,1.44700230284867,1.16044794874745,2.86646721906843,""
"P2025","MORGAN COUNTY",2027,7,4662.08199378288,0,6690.07393088767,7788.79434248833,1993.1194980955,3338.54497306342,13120.4588136473,13120.4588136473,1.43499705492293,1.16423143046715,2.81429173299485,""
"P2025","MORGAN COUNTY",2028,7,4749.85580595268,0,6753.54287841135,7913.27496458009,2049.26900717177,3171.88787494903,13134.4318467009,13134.4318467009,1.42184166305587,1.17172202902213,2.76522748969356,""
"P2025","MORGAN COUNTY",2029,7,4842.75042060676,0,6817.41401096628,8022.05103821199,2105.05654682803,3046.95517480541,13174.0627598454,13174.0627598454,1.40775662977736,1.1766999958207,2.72036789337469,""
"P2025","MORGAN COUNTY",2030,7,4941.71485759509,0,6867.15547144476,8139.43076619296,2162.10444139712,2946.40080580911,13247.9360133992,13247.9360133992,1.38963005137587,1.18526962146679,2.68083780532946,""
"P2025","MORGAN COUNTY",2031,7,5048.03969220711,0,6918.45005690299,8271.51883845704,2214.42712518821,2875.10886643682,13361.0548300821,13361.0548300821,1.37052211922646,1.19557397544613,2.6467808584604,""
"P2025","MORGAN COUNTY",2032,7,5162.00289011481,0,6998.36881259784,8402.18111156145,2272.01250850138,2840.31355847365,13514.5071785365,13514.5071785365,1.35574678309453,1.20059135729409,2.61807431460696,""
"P2025","MORGAN COUNTY",2033,7,5281.92699590632,0,7231.4986840217,8550.15126007698,2332.30813848866,2822.86100408953,13705.3204026552,13705.3204026552,1.36910235405116,1.18234844997883,2.59475763547609,""
"P2025","MORGAN COUNTY",2034,7,5406.02782832355,0,8505.6267046931,8685.67187874013,2394.80519937849,2845.48852820374,13925.9656063224,13925.9656063224,1.57335977075996,1.02116777285179,2.57600701449607,""
"P2025","MORGAN COUNTY",2035,7,5530.96310441308,0,7109.26853028652,8816.80968301473,2450.547911745,2898.40306902948,14165.7606637892,14165.7606637892,1.28535815482373,1.24018520969546,2.56117431925853,""
"P2025","MORGAN COUNTY",2036,7,5654.05977403624,0,7141.01409235265,8943.42829620026,2503.61129098807,2966.06025867393,14413.0998458622,14413.0998458622,1.26298878641938,1.25240311537514,2.54915943974416,""
"P2025","MORGAN COUNTY",2037,7,5777.73716659427,0,7180.49408722641,9052.88528398429,2563.4261344287,3057.89566320574,14674.2070816187,14674.2070816187,1.24278655816028,1.2607607741212,2.53978446206623,""
"P2025","MORGAN COUNTY",2038,7,5903.24537686006,0,7242.84662239931,9161.71010950006,2625.53385458521,3164.25974776709,14951.5037118524,14951.5037118524,1.2269262346421,1.26493222722216,2.53275999172596,""
"P2025","MORGAN COUNTY",2039,7,6030.18831038594,0,7307.23772638127,9285.56293596199,2688.70135611609,3267.32033308005,15241.5846251581,15241.5846251581,1.21177604251526,1.27073502788042,2.52754704175774,""
"P2025","MORGAN COUNTY",2040,7,6157.25010264961,0,7369.97766319369,9413.11362302007,2765.83398248085,3359.71872005491,15538.6663255558,15538.6663255558,1.19695928220005,1.27722417260909,2.52363734889852,""
"P2025","MORGAN COUNTY",2041,7,6282.60454130797,0,7425.01201116759,9499.69006266874,2853.95901387847,3483.03314427752,15836.6822208247,15836.6822208247,1.18183660333041,1.27941746739005,2.52071925213483,""
"P2025","MORGAN COUNTY",2042,7,6405.4413775468,0,7479.78133600731,9581.67176622504,2958.12933331248,3596.26959771632,16136.0706972538,16136.0706972538,1.1677230178433,1.28100960921135,2.51911925286149,""
"P2025","MORGAN COUNTY",2043,7,6527.94614363967,0,7532.62478243996,9661.86095133848,3058.41875824439,3718.54406430123,16438.8237738841,16438.8237738841,1.15390424747593,1.28266855583491,2.51822294672281,""
"P2025","MORGAN COUNTY",2044,7,6652.52347044237,0,7584.55448888267,9737.44358818987,3168.06256235086,3843.65654645832,16749.1626969991,16749.1626969991,1.14010187601463,1.2838517545708,2.51771568659875,""
"P2025","MORGAN COUNTY",2045,7,6779.92546131957,0,7632.6316383119,9843.63169126751,3260.80501359383,3964.67799056951,17069.1146954308,17069.1146954308,1.12576925540806,1.28967729057662,2.51759621736441,""
"P2025","MORGAN COUNTY",2046,7,6911.76949740331,0,7694.42686195534,9981.30173551585,3341.20508664423,4076.84499118703,17399.3518133471,17399.3518133471,1.11323545509526,1.29721185405866,2.5173512831821,""
"P2025","MORGAN COUNTY",2047,7,7048.84730038349,0,7748.75713170703,10126.0869155774,3437.48154056171,4175.38206393569,17738.9505200748,17738.9505200748,1.09929422521119,1.30680143195386,2.5165746630814,""
"P2025","MORGAN COUNTY",2048,7,7190.91060257132,0,7806.17851852946,10296.1641839227,3532.69560595767,4256.90242384802,18085.7622137283,18085.7622137283,1.08556189194427,1.31897626469633,2.51508650479693,""
"P2025","MORGAN COUNTY",2049,7,7337.62053120969,0,7861.57244716047,10497.3484140027,3620.23253435851,4318.49286242149,18436.0738107827,18436.0738107827,1.07140624317137,1.33527338004679,2.51254118857293,""
"P2025","MORGAN COUNTY",2050,7,7488.64498639702,0,7914.73896721988,10718.062203152,3709.54175824369,4358.46227273808,18786.0662341338,18786.0662341338,1.05689867547425,1.35419023262075,2.50860686656375,""
"P2025","MORGAN COUNTY",2051,7,7642.23578654817,0,7957.10956123617,10968.589579374,3784.6302519132,4376.45682027612,19129.6766515633,19129.6766515633,1.04120178747196,1.37846406348463,2.50315185056646,""
"P2025","MORGAN COUNTY",2052,7,7798.05849429706,0,8000.65389684177,11253.4660578889,3836.96720601599,4374.42681677831,19464.8600806832,19464.8600806832,1.02598023632329,1.40656828841592,2.4961161928855,""
"P2025","MORGAN COUNTY",2053,7,7956.83512038982,0,8038.07696708291,11561.5532558079,3875.03435534466,4356.88395349524,19793.4715646478,19793.4715646478,1.01021032175028,1.43834816500938,2.4876060977971,""
"P2025","MORGAN COUNTY",2054,7,8119.41543623124,0,8070.61304934985,11882.9165134987,3905.57742002738,4329.96834931858,20118.4622828446,20118.4622828446,0.99398942112709,1.47236851040157,2.47782151816867,""
"P2025","MORGAN COUNTY",2055,7,8286.44096834459,0,8107.58636692036,12203.1969030814,3941.36122627347,4297.04731904784,20441.6054484027,20441.6054484027,0.978415992811934,1.50515780539465,2.46687396030366,""
"P2025","MORGAN COUNTY",2056,7,8457.22443179054,0,8127.91876896296,12528.3614504125,3973.87518371106,4260.92838437693,20763.1650185004,20763.1650185004,0.961062205989269,1.54139845716138,2.4550802909347,""
"P2025","MORGAN COUNTY",2057,7,8630.92900239324,0,8146.06695008728,12852.498598556,4006.23026344992,4224.1076354655,21082.8364974715,21082.8364974715,0.943822727290247,1.57775509056162,2.44270767279229,""
"P2025","MORGAN COUNTY",2058,7,8807.00246595274,0,8154.7043908093,13169.2995062806,4042.61032591327,4188.46370892203,21400.373541116,21400.373541116,0.925934155501241,1.61493278911777,2.42992705223467,""
"P2025","MORGAN COUNTY",2059,7,8985.17583697968,0,8165.4705708655,13473.9508101495,4086.80151307224,4156.46275005415,21717.2150732759,21717.2150732759,0.908771371758739,1.6501132045255,2.41700501662926,""
"P2025","MORGAN COUNTY",2060,7,9165.61431636524,0,8174.97720322765,13761.3993093977,4143.56520027133,4130.29776199827,22035.2622716673,22035.2622716673,0.891918088745148,1.68335629168047,2.40412279101939,""
"P2025","MORGAN COUNTY",2061,7,9347.34553405406,0,8184.30120954548,14026.4711775858,4216.3209392121,4111.77352731706,22354.565644115,22354.565644115,0.875574908376779,1.7138263632363,2.39154159463489,""
"P2025","MORGAN COUNTY",2062,7,9529.60484218588,0,8196.13842062302,14276.977940516,4295.81447220432,4102.09978890804,22674.8922016283,22674.8922016283,0.860071173606293,1.74191518100676,2.37941578660749,""
"P2025","MORGAN COUNTY",2063,7,9711.89180114493,0,8204.21316789968,14500.4165906462,4393.675757885,4102.12986358218,22996.2222121134,22996.2222121134,0.844759531498538,1.76743537666494,2.36784168141189,""
"P2025","MORGAN COUNTY",2064,7,9893.76368749328,0,8212.35579127833,14693.3605362419,4513.22837549584,4112.38878709388,23318.9776988317,23318.9776988317,0.830053764237323,1.78917729695132,2.35693699944635,""
"P2025","MORGAN COUNTY",2065,7,10074.9366344132,0,8223.43911574972,14863.8046261577,4646.69102537912,4133.0576042502,23643.553255787,23643.553255787,0.816227378310323,1.80749251218875,2.34676942533089,""
"P2025","PIUTE COUNTY",2020,7,,,628,702.426273571616,432.621963924491,306.545979379894,1441.594216876,,,1.1185131744771,,""
"P2025","PIUTE COUNTY",2021,7,,,661,718.403448591647,447.305413492586,312.887559169049,1478.59642125328,,,1.08684334128842,,""
"P2025","PIUTE COUNTY",2022,7,,,704,734.195602077512,446.205099020224,314.19351342983,1494.59421452757,,,1.04289148022374,,""
"P2025","PIUTE COUNTY",2023,7,,,692,793.820965451821,447.879909171243,322.89421913198,1564.59509375504,,,1.14714012348529,,""
"P2025","PIUTE COUNTY",2024,7,,,706,856.780426601013,454.346865836573,337.466860851926,1648.59415328951,,,1.21357000934988,,""
"P2025","PIUTE COUNTY",2025,7,664.812815817219,0,702.858581384862,884.916843206639,471.808295519534,342.343154170875,1699.06829289705,1699.06829289705,1.05722778602106,1.25902545212305,2.55570929511712,""
"P2025","PIUTE COUNTY",2026,7,692.170644096599,0,700.741158450844,915.76356672616,492.627374313055,352.20925754473,1760.60019858395,1760.60019858395,1.01238208298393,1.30684997688829,2.54359270159721,""
"P2025","PIUTE COUNTY",2027,7,720.891057330233,0,701.017179763255,947.101615982436,514.299624138511,364.417243747454,1825.8184838684,1825.8184838684,0.97243151046903,1.35103909479406,2.5327245570644,""
"P2025","PIUTE COUNTY",2028,7,749.242830930286,0,696.844321462102,980.820917754993,532.50994008759,376.530913796981,1889.86177163956,1889.86177163956,0.93006471693146,1.40751798866217,2.52236216834139,""
"P2025","PIUTE COUNTY",2029,7,775.806076560828,0,691.329704510708,1011.87897347301,552.603561090969,384.472351087855,1948.95488565183,1948.95488565183,0.891111484425842,1.46367061457192,2.51216759514389,""
"P2025","PIUTE COUNTY",2030,7,799.442026230564,0,689.619477327366,1038.37077746314,567.651548405424,394.436935121131,2000.45926098969,2000.45926098969,0.862626000010256,1.50571555995977,2.50231936194551,""
"P2025","PIUTE COUNTY",2031,7,819.371398605817,0,689.065796976496,1062.56319912135,578.183478041629,402.003555614815,2042.7502327778,2042.7502327778,0.840968818473479,1.5420344527093,2.4930699756589,""
"P2025","PIUTE COUNTY",2032,7,835.5451711488,0,688.771104222489,1084.55287577293,584.417012946605,406.416878158583,2075.38676687812,2075.38676687812,0.824337364400647,1.57462017370374,2.48387141538338,""
"P2025","PIUTE COUNTY",2033,7,848.130236209787,0,694.08307955797,1103.45207568077,587.153296067178,408.33180283619,2098.93717458414,2098.93717458414,0.818368512198977,1.58979826504848,2.47478168443103,""
"P2025","PIUTE COUNTY",2034,7,857.72619632558,0,702.369354208557,1115.25653805069,589.89825633833,409.932414701458,2115.08720909048,2115.08720909048,0.818873618664607,1.58784908733295,2.46592352915338,""
"P2025","PIUTE COUNTY",2035,7,865.31836969342,0,693.52104303733,1115.79579610993,594.938054227674,416.051732114018,2126.78558245163,2126.78558245163,0.80146344666535,1.60888527797688,2.4578070418234,""
"P2025","PIUTE COUNTY",2036,7,872.839799419401,0,693.495014721014,1118.91035563297,600.275660211119,419.046490468808,2138.23250631289,2138.23250631289,0.794527260537748,1.61343676865954,2.44974221814267,""
"P2025","PIUTE COUNTY",2037,7,881.220873292907,0,694.644629477524,1125.14875432769,606.95622094903,418.337827572895,2150.44280284962,2150.44280284962,0.788275278684454,1.61974728743526,2.44029943913373,""
"P2025","PIUTE COUNTY",2038,7,890.59268319201,0,694.171887961792,1131.3468340667,618.870020900492,412.679354509192,2162.89620947639,2162.89620947639,0.779449349924796,1.62977909893258,2.42860316539348,""
"P2025","PIUTE COUNTY",2039,7,900.854827312605,0,694.627406697558,1140.83890424611,633.733299431699,401.175394962406,2175.74759864021,2175.74759864021,0.771075855551269,1.64237531264417,2.41520335205486,""
"P2025","PIUTE COUNTY",2040,7,911.603460176882,0,697.577158034631,1152.29912864088,648.671461618129,387.236129161325,2188.20671942033,2188.20671942033,0.765219954188499,1.65185903146168,2.40039316985013,""
"P2025","PIUTE COUNTY",2041,7,922.684405973654,0,697.879257176155,1155.21187312645,665.429844892096,380.037139404987,2200.67885742353,2200.67885742353,0.756357485460833,1.65531768031165,2.38508296355273,""
"P2025","PIUTE COUNTY",2042,7,933.492959650632,0,699.051464583034,1151.76170706157,684.845425944559,375.946369715393,2212.55350272152,2212.55350272152,0.748855636623826,1.64760645734226,2.37018766970625,""
"P2025","PIUTE COUNTY",2043,7,944.432648473568,0,697.94341553413,1147.70091038674,704.43969967633,372.478731843919,2224.61934190698,2224.61934190698,0.739008140667496,1.64440395144127,2.35550872314982,""
"P2025","PIUTE COUNTY",2044,7,955.421616883903,0,698.688954472099,1142.3856817268,724.353022134331,369.129210618842,2235.86791447998,2235.86791447998,0.731288618684247,1.6350418514773,2.3401897915731,""
"P2025","PIUTE COUNTY",2045,7,966.363049571484,0,701.330402015413,1138.30122194972,742.550800492464,365.461630388911,2246.3136528311,2246.3136528311,0.725742154903796,1.62305985692134,2.32450283961828,""
"P2025","PIUTE COUNTY",2046,7,977.611795933648,0,702.304398236099,1133.54044063792,762.03987628191,361.520717889751,2257.10103480958,2257.10103480958,0.718387811150926,1.6140301035917,2.30879071242587,""
"P2025","PIUTE COUNTY",2047,7,989.055434404092,0,703.114649041855,1129.67928826687,781.099438088612,357.185727551254,2267.96445390674,2267.96445390674,0.710895086952819,1.60667864025632,2.29306101055215,""
"P2025","PIUTE COUNTY",2048,7,1000.57233078106,0,706.949608603654,1128.57409013365,797.852773643532,352.500225441046,2278.92708921823,2278.92708921823,0.70654523101973,1.59639962509177,2.27762353516139,""
"P2025","PIUTE COUNTY",2049,7,1012.06784531564,0,709.69778009889,1125.01605897796,817.252386143242,347.50444725245,2289.77289237365,2289.77289237365,0.701235380003158,1.58520442155138,2.26246975731111,""
"P2025","PIUTE COUNTY",2050,7,1023.1042325071,0,711.424375280773,1118.92797014358,838.621306239609,342.186859281499,2299.73613566469,2299.73613566469,0.695358647415073,1.57279959616506,2.24780238669253,""
"P2025","PIUTE COUNTY",2051,7,1033.72227834743,0,711.056067649338,1113.92114927242,858.474379312878,336.79345208754,2309.18898067283,2309.18898067283,0.687859865791105,1.56657287653125,2.23385819290307,""
"P2025","PIUTE COUNTY",2052,7,1043.90058478683,0,713.485199556117,1109.1761030665,877.521224128033,331.513347262057,2318.21067445659,2318.21067445659,0.683480026694127,1.55458880402362,2.22071977757344,""
"P2025","PIUTE COUNTY",2053,7,1053.74223252143,0,719.034990688112,1104.6707387697,895.63611331724,326.522053221133,2326.82890530807,2326.82890530807,0.682363265414143,1.53632403579211,2.20815758683255,""
"P2025","PIUTE COUNTY",2054,7,1063.10276516984,0,718.637205491785,1100.51712738881,912.155273167628,321.957367645042,2334.62976820148,2334.62976820148,0.675980939036478,1.53139458822716,2.19605276619566,""
"P2025","PIUTE COUNTY",2055,7,1072.02160822725,0,721.111688384959,1094.53834343986,929.454854783941,317.760377303714,2341.75357552751,2341.75357552751,0.672665254926555,1.51784856780126,2.18442758761174,""
"P2025","PIUTE COUNTY",2056,7,1080.39066933793,0,720.971264043032,1086.51191387322,947.66230382317,313.970268582759,2348.14448627915,2348.14448627915,0.667324593320347,1.5070113998446,2.17342166395986,""
"P2025","PIUTE COUNTY",2057,7,1088.34740553454,0,721.474452466776,1078.31114491189,964.86830415074,310.714117611536,2353.89356667417,2353.89356667417,0.662908230219399,1.49459366333078,2.16281451557103,""
"P2025","PIUTE COUNTY",2058,7,1096.00458452876,0,723.832929662082,1068.50130891936,982.917487450515,308.022625563035,2359.44142193291,2359.44142193291,0.660428742616348,1.47617117864227,2.15276601506861,""
"P2025","PIUTE COUNTY",2059,7,1103.59582319039,0,724.195362117927,1056.84845885127,1002.45819554457,305.924072808409,2365.23072720425,2365.23072720425,0.656214301377426,1.45934165576605,2.14320376853783,""
"P2025","PIUTE COUNTY",2060,7,1111.12347488726,0,725.595835429964,1046.62965945196,1020.35784407712,304.32352451372,2371.31102804281,2371.31102804281,0.653028985373193,1.44244165738873,2.13415617763221,""
"P2025","PIUTE COUNTY",2061,7,1118.41089279174,0,726.310828550428,1036.28087529612,1037.89010498466,302.984860272206,2377.15584055299,2377.15584055299,0.649413228386425,1.42677326918605,2.12547629486978,""
"P2025","PIUTE COUNTY",2062,7,1125.51716117611,0,727.66224714704,1026.01987902282,1055.114375433,301.845513388697,2382.97976784452,2382.97976784452,0.646513684772846,1.41002214014202,2.11723094950807,""
"P2025","PIUTE COUNTY",2063,7,1132.5923665392,0,729.977489714377,1017.13340462047,1070.98659158332,300.908018247776,2389.02801445157,2389.02801445157,0.644519167955307,1.39337639715226,2.10934497267679,""
"P2025","PIUTE COUNTY",2064,7,1139.45516558813,0,729.424258522896,1008.35149800003,1086.51248377143,299.996588365161,2394.86057013662,2394.86057013662,0.64015178530206,1.38239369779389,2.10175936926883,""
"P2025","PIUTE COUNTY",2065,7,1146.14114281576,0,729.835877305008,994.45125630123,1107.0286619379,299.061045352977,2400.5409635921,2400.5409635921,0.63677661506156,1.36256833518974,2.09445492698623,""
"P2025","RICH COUNTY",2020,7,,,1733,1303.7424731451,492.21924319983,720.588169698066,2516.549886043,,,0.752303792928505,,""
"P2025","RICH COUNTY",2021,7,,,1827,1321.02285941552,518.406752507521,719.124071875656,2558.5536837987,,,0.723055752279978,,""
"P2025","RICH COUNTY",2022,7,,,1884,1374.70687175104,544.039461982983,723.803496185365,2642.54982991939,,,0.72967456037741,,""
"P2025","RICH COUNTY",2023,7,,,2028,1413.27506140664,564.227911026862,747.048411961919,2724.55138439542,,,0.696881193987495,,""
"P2025","RICH COUNTY",2024,7,,,2152,1482.92620876473,578.292241065838,743.331334848391,2804.54978467895,,,0.689092104444577,,""
"P2025","RICH COUNTY",2025,7,1052.38814415257,54,2176.32497504854,1525.95896463731,600.908136233656,732.523264830006,2859.39036570097,2805.39036570097,2.06798697528184,0.701163191220225,2.66573733397576,""
"P2025","RICH COUNTY",2026,7,1087.16717626921,54,2178.14564659357,1568.34651881045,629.062329742911,722.025327012298,2919.43417556566,2865.43417556566,2.00350571111632,0.720037487512925,2.63568863934879,""
"P2025","RICH COUNTY",2027,7,1123.48942113113,54,2186.5498930214,1621.54679181376,650.461859617917,709.829076514412,2981.83772794609,2927.83772794609,1.94621315688044,0.741600636230206,2.60602162590756,""
"P2025","RICH COUNTY",2028,7,1160.11059522638,54,2199.08457013406,1670.26447765063,675.07222481158,697.604293510519,3042.94099597273,2988.94099597273,1.8955818343379,0.75952716886591,2.57642763394423,""
"P2025","RICH COUNTY",2029,7,1195.78038256436,54,2207.65924386882,1713.34994249039,699.20735529855,687.276598997612,3099.83389678655,3045.83389678655,1.84620794592271,0.776093478759804,2.5471515850216,""
"P2025","RICH COUNTY",2030,7,1229.27543437195,54,2218.36531264939,1763.22809939611,721.476114758878,665.726681232161,3150.43089538715,3096.43089538715,1.80461209149825,0.794832162828173,2.5189073244347,""
"P2025","RICH COUNTY",2031,7,1260.33827777821,54,2230.06125180822,1808.5651788514,739.480466622635,645.636145153365,3193.6817906274,3139.6817906274,1.76941483975198,0.810993499566411,2.4911421369842,""
"P2025","RICH COUNTY",2032,7,1288.47730135143,54,2235.81465402348,1848.7518270896,754.382903581735,626.226723103884,3229.36145377522,3175.36145377522,1.73523790576553,0.826880628840437,2.46442948621968,""
"P2025","RICH COUNTY",2033,7,1313.52410132904,54,2249.07327277798,1882.44701014181,767.627452171945,608.060414878589,3258.13487719234,3204.13487719234,1.71224362804028,0.836987853142141,2.43934228077761,""
"P2025","RICH COUNTY",2034,7,1336.10695125019,54,2273.21783716364,1916.75927712687,774.823941114462,589.932539535194,3281.51575777652,3227.51575777652,1.70137415648994,0.843192080314866,2.4156118301432,""
"P2025","RICH COUNTY",2035,7,1357.02972260626,54,2255.93726340503,1940.91800435599,785.394885755208,575.660532796959,3301.97342290816,3247.97342290816,1.66240814465903,0.860359920393548,2.39344309767234,""
"P2025","RICH COUNTY",2036,7,1377.63747991553,54,2267.73625820293,1955.59949104186,800.790461764483,566.551475019276,3322.94142782562,3268.94142782562,1.64610522816349,0.862357553250737,2.37286040448468,""
"P2025","RICH COUNTY",2037,7,1398.08633307098,54,2277.86621899745,1965.23039843857,818.005489063056,561.705345974801,3344.94123347643,3290.94123347643,1.62927436247373,0.86275057861103,2.35388985331663,""
"P2025","RICH COUNTY",2038,7,1418.64834785561,54,2290.48515628857,1972.52458829619,837.839920818622,557.801231850883,3368.1657409657,3314.1657409657,1.61455455804168,0.861182000189168,2.33614323519659,""
"P2025","RICH COUNTY",2039,7,1439.38092674774,54,2304.04656914973,1988.3934327879,856.051753483309,547.874454792661,3392.31964106387,3338.31964106387,1.60072050861177,0.863000539751106,2.31927461245909,""
"P2025","RICH COUNTY",2040,7,1460.06186321761,54,2320.5341979708,1993.14843352473,872.284214512867,551.483444826668,3416.91609286426,3362.91609286426,1.58933964130597,0.858917931598529,2.30326959260016,""
"P2025","RICH COUNTY",2041,7,1479.82857188187,54,2334.06539156885,2016.7576910547,885.099745541447,539.59584658782,3441.45328318397,3387.45328318397,1.57725390353875,0.864053637202996,2.28908493020662,""
"P2025","RICH COUNTY",2042,7,1499.26625174376,54,2349.81926205909,2017.72677223064,901.567155008086,546.676389239284,3465.97031647801,3411.97031647801,1.56731285008655,0.858673177469213,2.27576010098915,""
"P2025","RICH COUNTY",2043,7,1517.55760583696,54,2357.87681761342,2006.53601633989,926.295428816412,557.800724144735,3490.63216930104,3436.63216930104,1.55373134340624,0.850992724196191,2.26458103210235,""
"P2025","RICH COUNTY",2044,7,1534.91452850203,54,2370.03660216337,1991.11683230318,955.092716043135,569.572325516094,3515.78187386241,3461.78187386241,1.54408376372355,0.840120709733212,2.2553580734172,""
"P2025","RICH COUNTY",2045,7,1552.35542217981,54,2384.89242760996,1975.40313011571,984.445627368568,581.731623117783,3541.58038060206,3487.58038060206,1.53630566398326,0.82829862984444,2.24663780650492,""
"P2025","RICH COUNTY",2046,7,1569.69110273592,54,2397.12724521558,1963.6900778238,1011.39685521366,592.990696582146,3568.07762961961,3514.07762961961,1.52713310347333,0.819184747803073,2.23870647128896,""
"P2025","RICH COUNTY",2047,7,1586.99570807688,54,2413.707830575,1956.9717290235,1035.74191267336,602.48192588373,3595.19556758059,3541.19556758059,1.52092902223405,0.810774073081291,2.23138320384735,""
"P2025","RICH COUNTY",2048,7,1604.26692043059,54,2427.45819857174,1947.82005634832,1065.26380505214,609.676150600297,3622.76001200075,3568.76001200075,1.51312613110554,0.802411369017342,2.22454254123926,""
"P2025","RICH COUNTY",2049,7,1621.51164689492,54,2446.83439052077,1937.82324319242,1098.38331298841,614.268952015086,3650.47550819591,3596.47550819591,1.50898354335369,0.791971557494737,2.21797698159178,""
"P2025","RICH COUNTY",2050,7,1638.83974080083,54,2460.47662815851,1925.00780974317,1136.87390747362,616.160558785731,3678.04227600251,3624.04227600251,1.50135279667808,0.782371914332671,2.21134634813749,""
"P2025","RICH COUNTY",2051,7,1656.13044368935,54,2472.24858742624,1916.22325237904,1173.2701468505,615.495089218158,3704.98848844769,3650.98848844769,1.4927861490903,0.775093274246318,2.2045295419571,""
"P2025","RICH COUNTY",2052,7,1673.22929132971,54,2488.91815872203,1914.89605292629,1203.67593792828,612.590012720838,3731.1620035754,3677.1620035754,1.4874937772241,0.769368830475937,2.19764381524374,""
"P2025","RICH COUNTY",2053,7,1690.35315726338,54,2504.29060871611,1914.83750743631,1233.85519950943,608.022954061319,3756.71566100706,3702.71566100706,1.48151917127807,0.764622724204521,2.1904982666472,""
"P2025","RICH COUNTY",2054,7,1707.74384912881,54,2517.02634866906,1913.02652806563,1266.23643678128,602.62214225508,3781.88510710199,3727.88510710199,1.47388986349042,0.760034367171877,2.18292989841757,""
"P2025","RICH COUNTY",2055,7,1725.3383148914,54,2530.04506418218,1914.06075760234,1295.98140259582,596.769973611787,3806.81213380994,3752.81213380994,1.46640519273545,0.756532278693244,2.17511667214448,""
"P2025","RICH COUNTY",2056,7,1743.08612198194,54,2542.53060870279,1918.59699804545,1322.14367752278,590.78011298776,3831.52078855599,3777.52078855599,1.45863739986172,0.754601337532895,2.16714523793055,""
"P2025","RICH COUNTY",2057,7,1760.89523493917,54,2550.94270827951,1928.44265230526,1342.62269511874,584.92589468864,3855.99124211264,3801.99124211264,1.44866239493665,0.75597254538339,2.15912404478963,""
"P2025","RICH COUNTY",2058,7,1778.7469417087,54,2557.77250399956,1944.04930145886,1356.81223621889,579.346701702,3880.20823937975,3826.20823937975,1.43796312112982,0.760055594631255,2.15106946899609,""
"P2025","RICH COUNTY",2059,7,1796.77943326777,54,2564.31900127827,1962.39072992826,1367.68229379455,574.211645649692,3904.2846693725,3850.2846693725,1.42717517453692,0.765267788036528,2.14288108940008,""
"P2025","RICH COUNTY",2060,7,1814.94934806366,54,2570.55539456535,1979.62651819473,1379.09284597564,569.647775279924,3928.3671394503,3874.3671394503,1.41632348985818,0.770116264516237,2.13469711624944,""
"P2025","RICH COUNTY",2061,7,1833.16735729272,54,2580.4830162605,1993.84511092458,1392.76128819968,565.854628565368,3952.46102768963,3898.46102768963,1.40766362983434,0.772663527859197,2.12662581633954,""
"P2025","RICH COUNTY",2062,7,1851.37357988644,54,2590.93597944819,2007.30005419525,1406.3341861388,562.916068439658,3976.55030877371,3922.55030877371,1.39946686481672,0.774739349068269,2.11872436302905,""
"P2025","RICH COUNTY",2063,7,1869.40730094391,54,2599.48447809866,2021.52278666329,1418.27811778759,560.834168875134,4000.63507332602,3946.63507332602,1.39053938474837,0.77766295728832,2.11116917716822,""
"P2025","RICH COUNTY",2064,7,1887.2967710786,54,2607.08798612862,2023.89508460076,1441.20531685932,559.647983610957,4024.74838507103,3970.74838507103,1.38138740344406,0.776304864035729,2.10393428628701,""
"P2025","RICH COUNTY",2065,7,1904.91942593033,54,2618.53298514516,2025.80310596697,1463.72471402152,559.393101778876,4048.92092176737,3994.92092176737,1.37461613835258,0.773640476350413,2.09716005169947,""
"P2025","SALT LAKE COUNTY",2020,7,,,942587,742491.916704232,134167.404273614,311553.424469853,1188212.7454477,,,0.78771711969742,,""
"P2025","SALT LAKE COUNTY",2021,7,,,984820,751063.406884295,139271.263458831,306922.864368232,1197257.53471136,,,0.762640286432338,,""
"P2025","SALT LAKE COUNTY",2022,7,,,1036000,759786.062385696,144582.047209068,302364.640103137,1206732.7496979,,,0.733384230102023,,""
"P2025","SALT LAKE COUNTY",2023,7,,,1056728,771477.874797906,150289.026095606,298787.558545224,1220554.45943874,,,0.730062868399348,,""
"P2025","SALT LAKE COUNTY",2024,7,,,1066563,782143.687479176,156230.382545707,294291.68640603,1232665.75643091,,,0.733330977616115,,""
"P2025","SALT LAKE COUNTY",2025,7,452864.09949544,19003.5422887237,1083673.28228572,791373.76376054,162145.347316905,288074.73168257,1241593.84276002,1222590.3004713,2.39293263363799,0.730269700929922,2.69968474390761,""
"P2025","SALT LAKE COUNTY",2026,7,460569.666159885,19206.7628435191,1087942.23969016,800189.179126124,168056.273951623,281503.434463164,1249748.88754091,1230542.12469739,2.3621665073194,0.735507042500725,2.67178282703102,""
"P2025","SALT LAKE COUNTY",2027,7,468222.131189464,19372.7865525027,1100604.7333887,808223.280310352,173818.811891855,275527.269682386,1257569.36188459,1238196.57533209,2.35060382684761,0.734344725033008,2.6444640115293,""
"P2025","SALT LAKE COUNTY",2028,7,475783.815836968,19501.2425419233,1106656.67042749,815961.671678668,179281.746536253,269983.989426598,1265227.40764152,1245726.1650996,2.32596535147109,0.737321423602381,2.61826090681163,""
"P2025","SALT LAKE COUNTY",2029,7,483260.25581948,19616.566290278,1117038.94997139,823243.264238405,184343.898686603,265278.779515884,1272865.94244089,1253249.37615061,2.31146455045675,0.736987071274006,2.59332184068279,""
"P2025","SALT LAKE COUNTY",2030,7,490633.199374056,19721.8623859488,1128415.42514122,830414.21783696,188971.184806957,261208.702941866,1280594.10558578,1260872.24319983,2.29991657022158,0.735911792177987,2.56988773855588,""
"P2025","SALT LAKE COUNTY",2031,7,497917.211576649,19849.8005787381,1135716.71458155,838010.502815658,193285.352496747,257214.635596258,1288510.49090866,1268660.69032992,2.28093483851526,0.737869304956403,2.5479349997015,""
"P2025","SALT LAKE COUNTY",2032,7,505119.418766342,20005.3949951805,1147027.73237178,845612.423655818,197555.078796574,253500.931656847,1296668.43410924,1276663.03911406,2.27080506065908,0.737220556914777,2.52744794930289,""
"P2025","SALT LAKE COUNTY",2033,7,512232.673969576,20166.6702110769,1159645.65769262,852800.616568256,201946.377091435,250331.965321279,1305078.95898097,1284912.28876989,2.26390411354645,0.735397585384054,2.50845436862196,""
"P2025","SALT LAKE COUNTY",2034,7,519247.559009845,20315.44690643,1177364.40729319,859270.778328908,206770.552279287,247651.284631892,1313692.61524009,1293377.16833366,2.26744331651421,0.729825679293642,2.49086807610614,""
"P2025","SALT LAKE COUNTY",2035,7,526162.169007887,20448.7214287691,1179692.51798879,864796.98389263,212045.390597165,245608.32299249,1322450.69748228,1302001.97605351,2.24207019712796,0.733069821759137,2.47452601639628,""
"P2025","SALT LAKE COUNTY",2036,7,533026.888996411,20562.0152980335,1190251.97577725,869503.28331764,217585.518587522,244258.664904734,1331347.4668099,1310785.45151187,2.23300550187678,0.730520344442061,2.4591356994763,""
"P2025","SALT LAKE COUNTY",2037,7,539887.042125689,20678.904905441,1204831.50661789,874941.057657787,222525.931081246,243134.58040626,1340601.56914529,1319922.66423985,2.23163627316211,0.726193706631937,2.44481263903452,""
"P2025","SALT LAKE COUNTY",2038,7,546777.507055987,20819.0165891204,1220906.3796339,881039.373178735,227099.224863713,242151.073513702,1350289.67155615,1329470.65496703,2.23291259036536,0.721627299091453,2.43146551899199,""
"P2025","SALT LAKE COUNTY",2039,7,553655.219128388,20953.7929249935,1236518.56790197,886528.680636159,231651.707743313,242104.413110796,1360284.80149027,1339331.00856528,2.23337291003705,0.716955413083973,2.41907050144631,""
"P2025","SALT LAKE COUNTY",2040,7,560426.056392069,21081.6809174495,1253113.15114948,891954.223732605,236503.084402809,241927.243052494,1370384.55118791,1349302.87027046,2.23600087265181,0.711790649483182,2.40763764439693,""
"P2025","SALT LAKE COUNTY",2041,7,567056.031543258,21226.3156501342,1268624.52836898,896585.221498626,241617.920739797,242181.957688368,1380385.09992679,1359158.78427666,2.23721194696825,0.706738046954941,2.3968685785383,""
"P2025","SALT LAKE COUNTY",2042,7,573562.248411816,21360.3167081307,1283574.20975989,900087.92362936,247637.649721517,242580.347552684,1390305.92090356,1368945.60419543,2.23789869942467,0.701235594159946,2.38674286528797,""
"P2025","SALT LAKE COUNTY",2043,7,579947.875932164,21487.7982654625,1299689.81708394,902725.016012784,253966.557802283,243524.994099385,1400216.56791445,1378728.76964899,2.24104591295367,0.694569584332199,2.37733221702541,""
"P2025","SALT LAKE COUNTY",2044,7,586280.24625825,21617.6344094726,1316460.20908623,905181.309384306,260425.985368498,244648.907093286,1410256.20184609,1388638.56743662,2.24544527551137,0.687587291386956,2.3685576587292,""
"P2025","SALT LAKE COUNTY",2045,7,592583.479283717,21770.4848159245,1334433.70480235,907550.507739624,267086.294960783,245852.248297123,1420489.05099753,1398718.56618161,2.25189150803755,0.680101607501023,2.36037387993385,""
"P2025","SALT LAKE COUNTY",2046,7,598896.805911689,21942.8234835711,1352713.54101891,910458.539870063,273471.397776386,247004.49907299,1430934.43671944,1408991.61323587,2.25867549745853,0.67306086045703,2.35264506226743,""
"P2025","SALT LAKE COUNTY",2047,7,605245.536487975,22120.9723222014,1371892.65691084,913781.95659017,279799.749008993,247979.547429003,1441561.25302817,1419440.28070597,2.26667125026885,0.666073946811392,2.34523048107463,""
"P2025","SALT LAKE COUNTY",2048,7,611600.269255894,22319.4468824258,1391453.639609,917777.909720727,285824.535940333,248699.102858578,1452301.54851964,1429982.10163721,2.27510305268818,0.659582097164677,2.33809920224039,""
"P2025","SALT LAKE COUNTY",2049,7,617951.826153669,22534.0741033545,1411418.44689496,922706.465162593,291250.826279288,249084.260329344,1463041.55177122,1440507.47766787,2.28402666220777,0.653744087866001,2.33109996071061,""
"P2025","SALT LAKE COUNTY",2050,7,624302.151113759,22760.7577596923,1433059.99626227,927908.358314231,296685.94109734,249073.339780253,1473667.63919182,1450906.88143213,2.29545900763866,0.647501403105534,2.32404594288791,""
"P2025","SALT LAKE COUNTY",2051,7,630590.028741352,22994.9842783959,1450923.93684418,933305.608909273,302048.123281023,248648.154940398,1484001.88713069,1461006.90285229,2.30089895290638,0.643249163659986,2.31688868561471,""
"P2025","SALT LAKE COUNTY",2052,7,636809.649375101,23229.1216883102,1469095.79490855,938580.742777452,307577.491692404,247832.641904619,1493990.87637448,1470761.75468617,2.30696220817346,0.638883281832467,2.30957831139874,""
"P2025","SALT LAKE COUNTY",2053,7,642991.752800513,23459.9603593955,1487255.99235582,943058.702557088,313932.555925147,246706.340728521,1503697.59921076,1480237.63885136,2.31302498963348,0.634093059570248,2.30210983640813,""
"P2025","SALT LAKE COUNTY",2054,7,649170.445298271,23685.24879322,1505562.11994852,946605.255075989,321226.333643202,245383.71230346,1513215.30102265,1489530.05222943,2.31920927832253,0.628738756464168,2.29451304047744,""
"P2025","SALT LAKE COUNTY",2055,7,655376.02092464,23904.3050069362,1524283.81497373,949245.005398174,329453.141660653,243902.359070678,1522600.50612951,1498696.20112257,2.32581566353799,0.622748202187356,2.28677301773741,""
"P2025","SALT LAKE COUNTY",2056,7,661596.675217079,24117.9653039281,1543428.78894539,951300.808932099,338256.398090078,242307.553584596,1531864.76060677,1507746.79530284,2.33288474196,0.616355490933996,2.2789515905716,""
"P2025","SALT LAKE COUNTY",2057,7,667813.371536326,24322.6768973207,1560342.58058571,952994.146097812,347365.458949818,240643.384863,1541002.98991063,1516680.31301331,2.336494965646,0.610759558801558,2.27111402325494,""
"P2025","SALT LAKE COUNTY",2058,7,674019.193513383,24522.0831675418,1576775.36308458,954508.579250247,356574.649465196,238928.561844148,1550011.79055959,1525489.70739205,2.33936270399883,0.605354828339645,2.26327339350724,""
"P2025","SALT LAKE COUNTY",2059,7,680220.520969075,24718.6371098138,1592785.97259447,956378.221384911,365349.922241064,237207.058470731,1558935.20209671,1534216.5649869,2.34157295096789,0.600443648952456,2.25546939219237,""
"P2025","SALT LAKE COUNTY",2060,7,686440.696334878,24912.9774253311,1608723.57028749,958537.632096471,373778.555177339,235512.973117279,1567829.16039109,1542916.18296576,2.34357254585424,0.595837376787594,2.24770499651881,""
"P2025","SALT LAKE COUNTY",2061,7,692657.118853765,25101.1612646889,1623758.86500046,960849.983195915,381947.037694734,233899.960531382,1576696.98142203,1551595.82015734,2.34424626673515,0.591744257048686,2.24006334147692,""
"P2025","SALT LAKE COUNTY",2062,7,698851.359284164,25283.6047833787,1638943.50317666,963472.757624209,389661.202079153,232400.092119007,1585534.05182237,1560250.44703899,2.34519612991157,0.587862092718127,2.23259270560361,""
"P2025","SALT LAKE COUNTY",2063,7,705003.28379679,25466.485009402,1654103.12090492,966746.389170334,396551.577275643,231043.686101683,1594341.65254766,1568875.16753826,2.34623463311654,0.584453518618265,2.22534448221162,""
"P2025","SALT LAKE COUNTY",2064,7,711111.801232391,25652.6098805423,1669249.07924996,970423.596111987,402851.334372225,229858.100740712,1603133.03122492,1577480.42134438,2.34737923960349,0.581353381095184,2.21832968966417,""
"P2025","SALT LAKE COUNTY",2065,7,717168.546194747,25845.1613950925,1684393.9084341,972799.53403298,410252.612377198,228868.264627144,1611920.41103732,1586075.24964223,2.34867231332354,0.577536839311741,2.21157949279545,""
"P2025","SAN JUAN COUNTY",2020,7,,,6298,8229.27850349257,2093.31744736518,4218.00962011125,14540.605570969,,,1.30664949245674,,""
"P2025","SAN JUAN COUNTY",2021,7,,,6529,8338.94947240879,2145.00682656078,4162.66213295512,14646.6184319247,,,1.27721695089735,,""
"P2025","SAN JUAN COUNTY",2022,7,,,6834,8583.11949155761,2199.59317280903,4141.8828908594,14924.595555226,,,1.25594373596102,,""
"P2025","SAN JUAN COUNTY",2023,7,,,7196,8663.20805905399,2265.71966828026,4024.67600031168,14953.6037276459,,,1.2038921705189,,""
"P2025","SAN JUAN COUNTY",2024,7,,,7331,8711.68405408536,2371.87152956448,3921.03666927889,15004.5922529287,,,1.18833502306443,,""
"P2025","SAN JUAN COUNTY",2025,7,5573.61884575661,410.247714679151,7360.60995929874,8770.65023069847,2483.28456685571,3783.23035759419,15037.1651551484,14626.9174404692,1.32061595221974,1.1915656826264,2.62431247009386,""
"P2025","SAN JUAN COUNTY",2026,7,5675.93836090845,411.719778844923,7366.80494246557,8848.35575053091,2589.51426011027,3654.49373634608,15092.3637469873,14680.6439681424,1.29790080054472,1.20111171934593,2.58646994288231,""
"P2025","SAN JUAN COUNTY",2027,7,5783.2496637614,413.253429094836,7371.68920552589,8918.0990068847,2695.74009338561,3553.40408908317,15167.2431893535,14753.9897602587,1.27466210765858,1.20977685822669,2.55115905728731,""
"P2025","SAN JUAN COUNTY",2028,7,5892.34657024615,413.522148997229,7362.73807480519,9002.1405357179,2787.77938715708,3468.64793320683,15258.5678560818,14845.0457070846,1.24954260361804,1.22266206460918,2.5193775569899,""
"P2025","SAN JUAN COUNTY",2029,7,6001.92462527257,412.654073683637,7350.33865304791,9060.6212133902,2888.04285442716,3414.30237487206,15362.9664426894,14950.3123690058,1.22466360575365,1.23268078398444,2.49091971366215,""
"P2025","SAN JUAN COUNTY",2030,7,6109.64314945409,411.757266390517,7356.81463427508,9120.77576622343,2990.59392461046,3365.51219046916,15476.881881303,15065.1246149125,1.20413164145805,1.2397724041775,2.46579452291884,""
"P2025","SAN JUAN COUNTY",2031,7,6213.78873864362,411.946422638957,7367.87498127431,9210.1412640265,3058.7370563506,3327.63196159893,15596.510281976,15184.563859337,1.18572988094259,1.25004038307305,2.4436884641578,""
"P2025","SAN JUAN COUNTY",2032,7,6313.01771832629,412.105192305371,7407.89632418949,9314.90213137216,3099.63885492707,3302.95387486161,15717.4948611608,15305.3896688554,1.1734318918011,1.25742879269997,2.42441734709929,""
"P2025","SAN JUAN COUNTY",2033,7,6406.124912187,412.101037276345,7449.06855348607,9416.91324619971,3140.95019295934,3277.25263868963,15835.1160778487,15423.0150405724,1.16280413753953,1.26417325583515,2.40754204015467,""
"P2025","SAN JUAN COUNTY",2034,7,6492.6616936236,411.28820679709,7512.2172711589,9503.61617911282,3183.74627825488,3256.91800528027,15944.280462648,15532.9922558509,1.15703198867371,1.26508803407475,2.39239205565042,""
"P2025","SAN JUAN COUNTY",2035,7,6570.90013909933,409.572935071631,7497.24395259297,9555.97220730254,3224.58330814947,3259.37808673155,16039.9336021836,15630.360667112,1.14097669936902,1.27459800797832,2.37872442682631,""
"P2025","SAN JUAN COUNTY",2036,7,6639.98674687139,405.732152006197,7509.67040537571,9540.76944142223,3297.97879578153,3278.8198357231,16117.5680729269,15711.8359209207,1.13097671601741,1.27046447132921,2.36624507245045,""
"P2025","SAN JUAN COUNTY",2037,7,6707.84343163909,400.936178025591,7534.20665006942,9511.14646422156,3382.28100121195,3307.77843889028,16201.2059043238,15800.2697262982,1.12319357582686,1.26239522035594,2.35549172954345,""
"P2025","SAN JUAN COUNTY",2038,7,6770.48069133893,396.48150683189,7563.59715239538,9501.70068036359,3439.85196980291,3335.33798665518,16276.8906368217,15880.4091299898,1.11714330151935,1.25624097752938,2.34553643293078,""
"P2025","SAN JUAN COUNTY",2039,7,6834.08090759218,394.145529984704,7600.5245820392,9523.36039904709,3487.10085083203,3352.5271893833,16362.9884392624,15968.8429092777,1.11215021958484,1.25298725058422,2.33664820847196,""
"P2025","SAN JUAN COUNTY",2040,7,6895.19372505203,392.781834526064,7632.22154613161,9546.39623023667,3526.19977754931,3375.4915686521,16448.0875764381,16055.305741912,1.10689008176837,1.25080177148097,2.32847783283868,""
"P2025","SAN JUAN COUNTY",2041,7,6956.44608263401,390.849330169581,7666.6692245573,9560.71706296243,3564.85006443447,3414.9677405086,16540.5348679055,16149.6855377359,1.10209568700551,1.24704963562772,2.32154254426722,""
"P2025","SAN JUAN COUNTY",2042,7,7014.54466041393,387.820130635503,7703.67779868717,9568.12723100967,3609.95304081852,3452.16729424029,16630.2475660685,16242.427435433,1.09824346007266,1.24202069206999,2.31553553676776,""
"P2025","SAN JUAN COUNTY",2043,7,7070.40156319409,384.439508241567,7737.53604035117,9566.61364811259,3649.04180638598,3501.84180493138,16717.49725943,16333.0577511884,1.09435595293907,1.23639018910191,2.31006083674403,""
"P2025","SAN JUAN COUNTY",2044,7,7122.59007680503,381.178099066507,7768.76763377811,9572.74435779147,3676.66065397774,3548.40728696903,16797.8122987382,16416.6341996717,1.09072227237636,1.23220886620032,2.30486859732853,""
"P2025","SAN JUAN COUNTY",2045,7,7175.72261636152,379.02282676231,7804.78439766822,9576.31614014174,3717.6994507861,3591.36437902769,16885.3799699555,16506.3571431932,1.08766528682036,1.22698022805124,2.30030591003569,""
"P2025","SAN JUAN COUNTY",2046,7,7227.96184086327,377.902313801372,7836.18455953708,9586.9839846365,3759.54333468098,3625.73234428509,16972.2596636026,16594.3573498012,1.0841485790967,1.22342498594786,2.2958556941993,""
"P2025","SAN JUAN COUNTY",2047,7,7285.72563056091,378.390450154921,7881.77848821117,9637.79609570418,3785.16732117975,3653.91256464204,17076.875981526,16698.4855313711,1.08181104914932,1.22279459009404,2.29194542563161,""
"P2025","SAN JUAN COUNTY",2048,7,7344.35235508237,380.042300025155,7928.2644131691,9715.34387351815,3798.90364226035,3670.26839251858,17184.5159082971,16804.4736082719,1.07950490796954,1.22540613773938,2.28808107179704,""
"P2025","SAN JUAN COUNTY",2049,7,7407.1185154009,382.647233508216,7975.57045085554,9808.94194271134,3816.86606568064,3675.58216958037,17301.3901779723,16918.7429444641,1.07674400433485,1.22987339942049,2.28411937911977,""
"P2025","SAN JUAN COUNTY",2050,7,7472.39563613823,385.815281086353,8024.74345225816,9920.55050153481,3831.4644300166,3667.84614166748,17419.8610732189,17034.0457921325,1.07391843834508,1.23624519095912,2.2795963465521,""
"P2025","SAN JUAN COUNTY",2051,7,7536.14055213742,389.27931377936,8064.5510135405,10027.2034602844,3855.40132885996,3645.78955018591,17528.3943393303,17139.1150255509,1.07011685328151,1.24336785066504,2.27425628635468,""
"P2025","SAN JUAN COUNTY",2052,7,7603.07446226473,392.912920212902,8107.61696638858,10142.3312327146,3881.86744129164,3615.53437237622,17639.7330463825,17246.8201261696,1.06636032655316,1.25096329473398,2.26840079125468,""
"P2025","SAN JUAN COUNTY",2053,7,7673.75081273443,396.414802899242,8157.09612048519,10237.3947796457,3936.52910868179,3580.53277716921,17754.4566654967,17358.0418625975,1.06298683910203,1.25502931783974,2.26200228365406,""
"P2025","SAN JUAN COUNTY",2054,7,7745.66994994865,399.484051747314,8200.25975821423,10324.116090528,3998.20587772159,3543.59870973732,17865.9206779869,17466.4366262396,1.05868954024675,1.25899866527841,2.25499365956787,""
"P2025","SAN JUAN COUNTY",2055,7,7820.18977467934,402.085857510939,8245.71251160242,10417.0113179624,4053.2218487,3506.89064195981,17977.1238086222,17575.0379511113,1.0544133517451,1.2633245827216,2.2473927689091,""
"P2025","SAN JUAN COUNTY",2056,7,7891.92764835773,404.060998060258,8269.24151577879,10501.5764296763,4105.33022297903,3467.70183889545,18074.6084915507,17670.5474934904,1.04781010219976,1.26995642945462,2.2390660787631,""
"P2025","SAN JUAN COUNTY",2057,7,7961.46113501481,405.671004779473,8280.74836044696,10570.6147280336,4163.07645376851,3428.28619468432,18161.9773764864,17756.3063717069,1.04010409898604,1.27652891597627,2.23028236533292,""
"P2025","SAN JUAN COUNTY",2058,7,8033.11287697811,406.91195660695,8295.18461884236,10642.4602913078,4216.01255557902,3392.33331856684,18250.8061654536,17843.8942088467,1.03262393369516,1.28296846668532,2.22129260252087,""
"P2025","SAN JUAN COUNTY",2059,7,8106.29063344734,407.757522692189,8312.64606255751,10720.0373105096,4260.30151221929,3360.00166142035,18340.3404841493,17932.5829614571,1.02545620906543,1.28960588840606,2.21218110382886,""
"P2025","SAN JUAN COUNTY",2060,7,8180.99651464505,408.09649398916,8340.53473544253,10805.2805421016,4293.44340419505,3331.99350838134,18430.717454678,18022.6209606888,1.0195010742899,1.29551412287576,2.20298602113153,""
"P2025","SAN JUAN COUNTY",2061,7,8258.07772332568,407.948084372463,8362.91706371791,10880.5207169724,4334.70572095936,3309.94625269033,18525.1726906221,18117.2246062496,1.0126953685718,1.30104371884506,2.19387915847243,""
"P2025","SAN JUAN COUNTY",2062,7,8337.1066832684,407.373103105949,8388.99735400225,10953.032749725,4376.20744391437,3294.23091902144,18623.4711126608,18216.0980095549,1.00622406222029,1.30564265162147,2.18494241486827,""
"P2025","SAN JUAN COUNTY",2063,7,8418.57000056921,406.551952925461,8419.91798493111,11009.1587929425,4434.39440995888,3284.62255833122,18728.1757612326,18321.6238083071,1.00016012034844,1.30751378013958,2.17633443768578,""
"P2025","SAN JUAN COUNTY",2064,7,8499.56779633337,405.516228251581,8448.95903038653,11051.121753737,4502.11481024335,3279.03603804773,18832.2726020281,18426.7563737765,0.994045724775715,1.30798619261756,2.16796392655702,""
"P2025","SAN JUAN COUNTY",2065,7,8579.96723041295,404.392308242174,8477.08515212045,11040.5768809581,4618.14701966866,3276.92188917946,18935.6457898062,18531.253481564,0.988009035987012,1.30240249836306,2.15982800212538,""
"P2025","SANPETE COUNTY",2020,7,,,13510,17474.2472066134,4104.30407586856,6981.32806817206,28559.879350654,,,1.29343058524155,,""
"P2025","SANPETE COUNTY",2021,7,,,13972,17746.7057408829,4205.27123563419,7025.94575063088,28977.9227271479,,,1.27016216296041,,""
"P2025","SANPETE COUNTY",2022,7,,,14726,18323.7386556495,4293.83180374286,7249.30869269496,29866.8791520874,,,1.24431200975482,,""
"P2025","SANPETE COUNTY",2023,7,,,15184,18628.6440374305,4404.7653713251,7313.48730970178,30346.8967184574,,,1.22686011837661,,""
"P2025","SANPETE COUNTY",2024,7,,,14869,19044.1857350546,4520.33303447782,7335.36032070323,30899.8790902356,,,1.28079801836402,,""
"P2025","SANPETE COUNTY",2025,7,9557.01237061015,2886.36586538367,15092.1487507572,19412.9169151076,4652.88083401621,7340.64305896062,31406.4408080844,28520.0749427007,1.57917015961691,1.28629244488023,2.98420404167374,""
"P2025","SANPETE COUNTY",2026,7,9743.18931022493,2909.15125693504,15235.3361084529,19820.5413016518,4785.29060816462,7364.26058530993,31970.0924951264,29060.9412381914,1.56369086377746,1.30095858473742,2.98269286502455,""
"P2025","SANPETE COUNTY",2027,7,9940.23168416318,2930.9742881871,15388.7824302308,20246.5848842618,4885.04008174991,7421.37980332124,32553.004769333,29622.0304811459,1.54813116224929,1.3156716573293,2.98001409045021,""
"P2025","SANPETE COUNTY",2028,7,10143.4520674856,2956.69245574167,15575.1576330289,20681.5342804867,4962.50454360058,7493.42375730104,33137.4625813883,30180.7701256466,1.5354888581723,1.32785393045584,2.97539436523684,""
"P2025","SANPETE COUNTY",2029,7,10350.0167990799,2985.89477732586,15788.7829915831,21129.043253785,5041.79491053795,7538.25535721609,33709.093521539,30723.1987442131,1.525483803368,1.33823127881666,2.96842018139955,""
"P2025","SANPETE COUNTY",2030,7,10558.2611088729,3010.00406521485,15965.7313024048,21543.719977573,5115.77716591506,7598.37991356196,34257.87705705,31247.8729918351,1.51215537651248,1.34937257614551,2.95956622682642,""
"P2025","SANPETE COUNTY",2031,7,10763.1127644458,3028.00288324672,16144.5078602496,21904.369763471,5186.84790842571,7685.27775395219,34776.4954258489,31748.4925426022,1.49998501489089,1.35676912254496,2.94975006184811,""
"P2025","SANPETE COUNTY",2032,7,10961.2873383443,3041.53207362401,16324.9641986793,22219.1957726434,5261.22346334904,7782.45852168549,35262.8777576779,32221.3456840539,1.48932909929037,1.3610563246712,2.93955852898214,""
"P2025","SANPETE COUNTY",2033,7,11152.3755532607,3051.75433370062,16501.54597538,22514.4088783385,5339.41991538396,7864.16905873713,35717.9978524596,32666.243518759,1.47964403606865,1.36438179258656,2.92908388555908,""
"P2025","SANPETE COUNTY",2034,7,11336.678616246,3059.60453990697,16746.0373880886,22737.0122803007,5452.65654299166,7957.25256052371,36146.9213838161,33087.3168439091,1.47715551926212,1.35775477824225,2.91860764196785,""
"P2025","SANPETE COUNTY",2035,7,11514.3536255183,3066.08473568295,16801.4892906562,22929.2757796837,5571.3712797129,8059.41291514365,36560.0599745402,33493.9752388573,1.45917780859366,1.36471686426246,2.90888888149373,""
"P2025","SANPETE COUNTY",2036,7,11687.2815546411,3074.58917811416,16958.5477998552,23089.8080177367,5707.72357729233,8177.02665415324,36974.5582491823,33899.9690710681,1.45102586264989,1.361543941748,2.90058632647609,""
"P2025","SANPETE COUNTY",2037,7,11865.5360615436,3085.04456801813,17131.0077078886,23237.3926669799,5870.8425328356,8314.40877247075,37422.6439722862,34337.5994042681,1.44376180048118,1.35645217509764,2.89389364510524,""
"P2025","SANPETE COUNTY",2038,7,12045.886641878,3097.11969582682,17313.5089872611,23393.2731157425,6027.7478124184,8462.80709905105,37883.8280272119,34786.7083313851,1.43729635700456,1.35115724564875,2.88784955110301,""
"P2025","SANPETE COUNTY",2039,7,12230.7475755725,3115.78209027213,17478.0308648761,23609.4093612485,6178.96765657857,8575.34774587362,38363.7247637007,35247.9426734286,1.42902392162713,1.35080487863733,2.88191236517925,""
"P2025","SANPETE COUNTY",2040,7,12415.7695277933,3132.30263752114,17632.2897571168,23838.0557733536,6345.00951255608,8649.91166287795,38832.9769487876,35700.6743112665,1.42015279178999,1.35195462992729,2.87542985002651,""
"P2025","SANPETE COUNTY",2041,7,12605.7848303924,3144.56067431187,17762.3388351243,24033.4057042443,6543.11008595199,8729.92584720261,39306.4416373989,36161.880963087,1.4090625117049,1.35305411789123,2.86867350582577,""
"P2025","SANPETE COUNTY",2042,7,12790.3724597588,3156.14294345863,17891.3509668011,24180.6548440506,6769.57970875621,8809.44022588824,39759.6747786951,36603.5318352365,1.39881391437904,1.3515276118008,2.86180343460668,""
"P2025","SANPETE COUNTY",2043,7,12980.2618794982,3163.66853108136,18004.0450232032,24341.6069673292,6984.44069364823,8897.25766150282,40223.3053224803,37059.6367913989,1.38703249521027,1.352007670274,2.85507620227086,""
"P2025","SANPETE COUNTY",2044,7,13164.087732832,3170.35278327824,18105.7255580246,24475.0050444869,7204.16305771868,8980.22279785999,40659.3909000656,37489.0381167874,1.37538779180785,1.35178261517608,2.84782651693269,""
"P2025","SANPETE COUNTY",2045,7,13340.6541774197,3180.02821276872,18202.0804559234,24580.9973106659,7434.28935377713,9052.33497049151,41067.6216349345,37887.5934221658,1.36440688843671,1.35044987688024,2.84001016129284,""
"P2025","SANPETE COUNTY",2046,7,13524.7243886722,3191.52110669421,18306.8329287274,24714.0686141392,7655.54879991812,9123.99200286219,41493.6094169195,38302.0883102253,1.35358269807409,1.34999148735101,2.83200509004869,""
"P2025","SANPETE COUNTY",2047,7,13711.7820862824,3207.14911199103,18411.7578869159,24838.6977107826,7898.01916752854,9189.85244674716,41926.5693250582,38719.4202130672,1.34276914343143,1.34906714846788,2.82380656062227,""
"P2025","SANPETE COUNTY",2048,7,13902.1912070983,3224.89321747618,18513.7307612541,24982.6225829329,8135.61196563139,9250.18128040701,42368.4158289713,39143.5226114951,1.3317131440259,1.34941049457287,2.81563690416723,""
"P2025","SANPETE COUNTY",2049,7,14092.9719870837,3244.222788441,18616.5968038337,25163.8886818725,8344.54569896032,9301.78531415853,42810.2196949913,39565.9969065503,1.32098444677928,1.3516911252378,2.80749844268567,""
"P2025","SANPETE COUNTY",2050,7,14275.2612869054,3263.41479781134,18712.0309518917,25343.0859179685,8542.39746715872,9334.79022501379,43220.273610141,39956.8588123297,1.31080129293718,1.35437387759379,2.7990281935492,""
"P2025","SANPETE COUNTY",2051,7,14453.9546139735,3281.21207326747,18790.2171052202,25552.3366509869,8707.36279676434,9354.3459611708,43614.0454089221,40332.8333356546,1.30000526548316,1.3598744765907,2.79043586429021,""
"P2025","SANPETE COUNTY",2052,7,14628.4453885718,3300.05367421494,18875.520440005,25791.4836058807,8839.9246020722,9362.15021873222,43993.5584266851,40693.5047524702,1.29032989758099,1.36639854184989,2.78180651952676,""
"P2025","SANPETE COUNTY",2053,7,14799.5895423122,3319.29584118102,18950.4474843114,26034.0508610913,8965.29363457217,9361.26048076323,44360.6049764267,41041.3091352457,1.2804711529419,1.37379610073294,2.77313833724294,""
"P2025","SANPETE COUNTY",2054,7,14962.4205308645,3336.69298139069,19018.0160220394,26271.4622600494,9074.99821458083,9349.54469445393,44696.0051690842,41359.3121876935,1.27105209901092,1.38139868162926,2.76421265545755,""
"P2025","SANPETE COUNTY",2055,7,15117.8577242918,3354.23239017367,19081.071967562,26491.8166529238,9185.92108847222,9327.866383275,45005.6041246711,41651.3717344974,1.26215448746432,1.38838198912305,2.75511071039985,""
"P2025","SANPETE COUNTY",2056,7,15265.4853020215,3369.55119007605,19116.8138398392,26678.820558997,9308.76463390196,9299.18295990442,45286.7681528034,41917.2169627274,1.25228995093315,1.39556836105181,2.7458817150855,""
"P2025","SANPETE COUNTY",2057,7,15405.9437754235,3381.15478092761,19146.7467875137,26849.0333269697,9423.26154663333,9269.49552663353,45541.7904002366,42160.635619309,1.24281556953737,1.40227651333849,2.73664737674599,""
"P2025","SANPETE COUNTY",2058,7,15545.4951712234,3388.77980136987,19174.7565843321,27041.7643563217,9503.1508014679,9245.7638381507,45790.6789959403,42401.8991945704,1.23346065037715,1.41027940758413,2.72760042234367,""
"P2025","SANPETE COUNTY",2059,7,15689.1228856244,3394.07717836607,19204.205385322,27269.4333767593,9548.0675973012,9234.98757074847,46052.488544809,42658.4113664429,1.2240458262277,1.4199719712226,2.71898000145884,""
"P2025","SANPETE COUNTY",2060,7,15837.0275240319,3399.17774340833,19237.0294504809,27521.6208758818,9570.25968101848,9238.19702034947,46330.0775772497,42930.8998338414,1.21468687361247,1.43065856122572,2.71079277779216,""
"P2025","SANPETE COUNTY",2061,7,15981.7337732969,3402.50000551456,19270.2213541262,27779.0816055801,9572.29026002768,9248.10101077337,46599.4728763812,43196.9728708666,1.20576538362339,1.44155487864347,2.70289653698539,""
"P2025","SANPETE COUNTY",2062,7,16126.3092826843,3404.29550235437,19305.0572067611,27989.7820705075,9613.96720654383,9266.74531669775,46870.4945937491,43466.1990913947,1.19711564923848,1.44986786471188,2.69535938629596,""
"P2025","SANPETE COUNTY",2063,7,16273.2064426799,3406.25271787364,19342.9211413186,28156.0745932944,9700.13986238676,9298.37213406858,47154.5865897497,43748.3338718761,1.18863613077431,1.45562680980744,2.68836593611551,""
"P2025","SANPETE COUNTY",2064,7,16415.6789402638,3407.46062598471,19376.1295909362,28368.5557829913,9725.74792274591,9336.73617638643,47431.0398821237,44023.579256139,1.18034286985299,1.46409816521157,2.68180069897441,""
"P2025","SANPETE COUNTY",2065,7,16555.3851316364,3407.89919328102,19413.310530785,28541.1719317928,9780.51470111488,9381.3718428833,47703.058475791,44295.15928251,1.17262814343638,1.47018572059274,2.67557407636893,""
"P2025","SEVIER COUNTY",2020,7,,,12777,11731.9807696687,3595.50913693365,6243.4997716716,21570.989678274,,,0.91821090785542,,""
"P2025","SEVIER COUNTY",2021,7,,,13027,11948.2829382862,3681.59625996075,6165.14315634081,21795.0223545878,,,0.917193746701942,,""
"P2025","SEVIER COUNTY",2022,7,,,13520,12125.0782818665,3757.57605238363,6083.33553901346,21965.9898732636,,,0.896825316706102,,""
"P2025","SEVIER COUNTY",2023,7,,,13751,12304.8279242711,3832.66310078727,6026.51176729819,22164.0027923565,,,0.89483149765625,,""
"P2025","SEVIER COUNTY",2024,7,,,13795,12215.2043920125,3917.27366040025,5839.5122120702,21971.9902644829,,,0.88548056484324,,""
"P2025","SEVIER COUNTY",2025,7,7617.69189070286,275.68374493278,13956.9004645579,12185.9942557855,4030.30594858538,5694.51112303352,21910.8113274044,21635.1275824716,1.83216920096123,0.873116082380222,2.84011586355659,""
"P2025","SEVIER COUNTY",2026,7,7672.0873637571,272.843757420696,14091.1840439952,12154.4766371252,4145.25632248761,5564.96996061711,21864.70292023,21591.8591628093,1.83668190622566,0.862558930404766,2.81433958440165,""
"P2025","SEVIER COUNTY",2027,7,7728.78135300522,269.866590915099,14209.1503800604,12139.2451273862,4245.22395221586,5442.88327411749,21827.3523537196,21557.4857628045,1.83847229350529,0.854325895827038,2.78924771942503,""
"P2025","SEVIER COUNTY",2028,7,7789.16583537935,267.696573332513,14281.6514980232,12122.7620607032,4345.78734426715,5340.38351188492,21808.9329168552,21541.2363435227,1.8335277229757,0.848834748725046,2.76553828725532,""
"P2025","SEVIER COUNTY",2029,7,7853.4604786578,266.929011246142,14346.9730927356,12120.6360734012,4427.70367386826,5267.8971790503,21816.2369263197,21549.3079150736,1.82683456951547,0.844821830713429,2.74392517459468,""
"P2025","SEVIER COUNTY",2030,7,7921.49572970566,267.123196125896,14430.8942739947,12136.6185605612,4478.28572957036,5238.50323594447,21853.407526076,21586.2843299501,1.82173856635165,0.841016386796769,2.72502631655805,""
"P2025","SEVIER COUNTY",2031,7,7993.70149251507,267.5009459746,14512.0516243879,12215.7795423887,4500.35148863011,5204.76255431038,21920.8935853292,21653.3926393546,1.81543577002172,0.841767922177161,2.70880675987586,""
"P2025","SEVIER COUNTY",2032,7,8071.2869070877,267.456898945461,14612.8326452599,12326.597610264,4502.04799670361,5188.78175544364,22017.4273624113,21749.9704634658,1.81047121896111,0.843546074159858,2.69473390226859,""
"P2025","SEVIER COUNTY",2033,7,8153.16790168403,267.237161419005,14721.4033564097,12468.2127562161,4496.2055098342,5173.89491883798,22138.3131848883,21871.0760234693,1.80560532224156,0.846944578200654,2.68252491389903,""
"P2025","SEVIER COUNTY",2034,7,8238.15858132078,266.437370489845,14903.85732515,12612.6085007579,4501.03854204281,5162.48151600748,22276.1285588082,22009.6911883184,1.80912483997857,0.846264710242116,2.67167607555203,""
"P2025","SEVIER COUNTY",2035,7,8324.3270939722,265.21205983038,14870.5884305408,12719.4630012194,4532.5008927799,5169.88149370478,22421.8453877041,22156.6333278737,1.78640126254876,0.855343624136387,2.66167259860773,""
"P2025","SEVIER COUNTY",2036,7,8409.08237761221,264.117488942084,14942.1466896036,12823.0969356485,4574.9099951017,5167.02299460663,22565.0299253569,22300.9124364148,1.77690573342278,0.858183044379461,2.65200308844486,""
"P2025","SEVIER COUNTY",2037,7,8496.32592104374,263.863992651401,15051.0823037104,12917.4238598926,4614.17708452193,5185.69505770853,22717.2960021231,22453.4320094717,1.771481278329,0.858238869420586,2.64272253891049,""
"P2025","SEVIER COUNTY",2038,7,8583.63300660424,264.45171402472,15179.9057422008,13013.7643714169,4650.5666146637,5207.27913368618,22871.6101197668,22607.1584057421,1.76847096451134,0.857302053940827,2.63375174455247,""
"P2025","SEVIER COUNTY",2039,7,8672.66297490972,264.753247774117,15310.980499032,13118.2135637189,4694.70397823905,5216.75973356333,23029.6772755212,22764.9240277471,1.76543012720858,0.856784682375389,2.6249058788064,""
"P2025","SEVIER COUNTY",2040,7,8761.46297630859,264.238065472235,15436.1104706101,13192.2164320121,4770.26775862856,5219.38327844967,23181.8674690903,22917.6294036181,1.76181883235141,0.854633455567041,2.61573089626566,""
"P2025","SEVIER COUNTY",2041,7,8850.65206266514,263.192897101401,15558.9734291522,13234.6229300107,4872.7463408788,5225.70361389855,23333.0728847881,23069.8799876867,1.757946569246,0.850610291885552,2.60657404949888,""
"P2025","SEVIER COUNTY",2042,7,8937.43055622976,262.131239180971,15696.4276842377,13267.5837872157,5004.01664703145,5204.45953681538,23476.0599710625,23213.9287318815,1.75625730297805,0.845261358451577,2.59738283680431,""
"P2025","SEVIER COUNTY",2043,7,9025.32026599846,261.515353177745,15831.7181392148,13262.8215034108,5142.22110559582,5215.38059690897,23620.4232059156,23358.9078527379,1.754144747512,0.837737343905782,2.58815279284205,""
"P2025","SEVIER COUNTY",2044,7,9109.39856317859,261.942267632191,15961.3118031891,13255.9033415929,5275.79755397528,5222.59666805657,23754.2975636247,23492.3552959925,1.75218063986209,0.830502123199194,2.57891397912391,""
"P2025","SEVIER COUNTY",2045,7,9190.8144738167,262.5851553111,16086.9063987677,13253.3604257181,5403.85183765513,5220.79509766684,23878.00736104,23615.4222057289,1.75032435314596,0.823860106921076,2.56945913477046,""
"P2025","SEVIER COUNTY",2046,7,9275.22172456631,263.371562073795,16228.0411792412,13247.7850582704,5543.82176615703,5213.48231007559,24005.089134503,23741.7175724292,1.74961220994423,0.816351456836138,2.5596927251396,""
"P2025","SEVIER COUNTY",2047,7,9361.20779723857,264.210681115164,16371.4085791374,13243.4529331031,5690.7748053313,5198.16222870152,24132.3899671359,23868.1792860207,1.74885644392668,0.80893790348496,2.54969014714763,""
"P2025","SEVIER COUNTY",2048,7,9448.55056952922,265.006246129284,16528.7474322565,13265.6933211634,5819.25149273458,5175.32552186999,24260.270335768,23995.2640896387,1.74934211449958,0.802583098055868,2.53957090170226,""
"P2025","SEVIER COUNTY",2049,7,9536.47860507276,265.655575439301,16683.4405533706,13293.2892473506,5947.93847484412,5144.85318209164,24386.0809042863,24120.425328847,1.74943406725583,0.79679543346141,2.5292800757731,""
"P2025","SEVIER COUNTY",2050,7,9621.94519190863,266.114637362183,16839.3375479973,13324.9902198479,6070.46982551299,5105.56376615405,24501.023811515,24234.9091741528,1.75009701387179,0.79130133129451,2.51871203699359,""
"P2025","SEVIER COUNTY",2051,7,9705.81721969199,266.338502943798,16982.8573932963,13376.7099232469,6172.42270606293,5060.38156536323,24609.5141946731,24343.1756917293,1.74976068566798,0.787659556543596,2.50810159935217,""
"P2025","SEVIER COUNTY",2052,7,9788.38312224493,266.330406962076,17130.2342805572,13435.3504840692,6265.89551816297,5011.23942281338,24712.4854250455,24446.1550180834,1.75005760058853,0.784306289337695,2.49746609963881,""
"P2025","SEVIER COUNTY",2053,7,9869.68992203353,266.293589465575,17284.1748804509,13489.0545571579,6361.27060556727,4960.05107806636,24810.3762407915,24544.0826513259,1.75123788254633,0.78042803029114,2.48681395719765,""
"P2025","SEVIER COUNTY",2054,7,9948.12050338353,266.127988959763,17422.4835814163,13523.5321536938,6467.48182765047,4907.4318333104,24898.4458146547,24632.3178256949,1.75133419176925,0.776211502252106,2.47607754824814,""
"P2025","SEVIER COUNTY",2055,7,10024.2366991931,265.73524025711,17552.8006940729,13554.3046500208,6571.7947178232,4852.39671169018,24978.4960795342,24712.7608392771,1.75103613579733,0.772201820453514,2.4653010080325,""
"P2025","SEVIER COUNTY",2056,7,10097.4738801883,265.068851313615,17661.9477619934,13588.4131042678,6665.58662132425,4795.9431909188,25049.9429165109,24784.8740651973,1.74914517943413,0.76936096105485,2.45456183985049,""
"P2025","SEVIER COUNTY",2057,7,10167.8837389591,264.190731375869,17744.7295437099,13600.6550621066,6772.67921556927,4740.57273156933,25113.9070092452,24849.7162778693,1.74517431544968,0.766461671258761,2.44394181875384,""
"P2025","SEVIER COUNTY",2058,7,10237.0394320422,263.134636379207,17822.6878693789,13624.4289339802,6863.15303562233,4687.7494604683,25175.3314300709,24912.1967936917,1.7410002166831,0.764442997253421,2.43353529690585,""
"P2025","SEVIER COUNTY",2059,7,10306.4945306334,262.032084659639,17908.2826145802,13671.0256094881,6928.76002030454,4639.20206603589,25238.9876958285,24976.9556111689,1.73757261126491,0.763391214205973,2.42341909142156,""
"P2025","SEVIER COUNTY",2060,7,10376.5607891672,260.917994602702,18001.93634957,13741.6233348687,6968.74674089518,4594.98149937991,25305.3515751437,25044.433580541,1.73486540630721,0.763341402170713,2.41355821927884,""
"P2025","SEVIER COUNTY",2061,7,10444.9240737901,259.75805924913,18091.3733857198,13812.6702820198,7002.3811198958,4553.59862124753,25368.6500231631,25108.891963914,1.73207323077793,0.76349484295773,2.40393245432208,""
"P2025","SEVIER COUNTY",2062,7,10512.1534581599,258.562825692038,18179.8634536944,13876.5680940605,7039.02270407385,4515.68812332723,25431.2789214616,25172.7160957696,1.72941381859133,0.763293306872478,2.39462981547607,""
"P2025","SEVIER COUNTY",2063,7,10579.0358619344,257.397057554889,18275.1188219713,13938.2681764251,7074.99441777387,4482.65447096138,25495.9170651603,25238.5200076054,1.72748434360914,0.762690974116556,2.38571079037731,""
"P2025","SEVIER COUNTY",2064,7,10643.7823606649,256.298889096144,18365.620715808,13990.6725673189,7113.81079312018,4453.37054731725,25557.8539077563,25301.5550186602,1.72547879066749,0.76178599045534,2.3771206664432,""
"P2025","SEVIER COUNTY",2065,7,10706.5913769629,255.277247453726,18453.3021800085,14023.7123028568,7166.14179502599,4427.96379248711,25617.8178903699,25362.5406429162,1.72354594756591,0.759956790717353,2.36887163710087,""
"P2025","STATE OF UTAH",2020,7,,,2135748,1967564.6979806,376483.446274049,940775.029784151,3284823.1740388,,,0.921253208702806,,""
"P2025","STATE OF UTAH",2021,7,,,2250027,2012770.23186477,390263.532446459,939509.409727062,3342543.17403829,,,0.894553812849699,,""
"P2025","STATE OF UTAH",2022,7,,,2367996,2059391.2867132,403419.216995426,937682.670329135,3400493.17403776,,,0.86967684350531,,""
"P2025","STATE OF UTAH",2023,7,,,2426616,2104594.29549436,418674.346584215,933177.531957468,3456446.17403605,,,0.867295977399951,,""
"P2025","STATE OF UTAH",2024,7,,,2456829,2147253.00574387,434954.48071826,924630.687567069,3506838.17402919,,,0.873993674669206,,""
"P2025","STATE OF UTAH",2025,7,1230200.74267923,58957.1125313498,2503548.71377363,2190796.59727169,452800.707353065,912315.539964872,3555912.84458963,3496955.73205828,2.03507332333518,0.875076480524909,2.84258951465297,""
"P2025","STATE OF UTAH",2026,7,1259303.34104455,60355.2829803735,2527157.33920143,2234143.68127456,471382.695281893,898731.655015061,3604258.03157152,3543902.74859115,2.00678999001562,0.884054050224091,2.81417719868161,""
"P2025","STATE OF UTAH",2027,7,1288827.94070897,61538.0455735644,2558012.92068353,2275981.23885109,489620.078372348,886771.689037011,3652373.00626045,3590834.96068689,1.98475905113944,0.889745794654908,2.78612439043772,""
"P2025","STATE OF UTAH",2028,7,1318393.67654217,61819.2550659172,2580831.65748198,2316003.62158976,506936.690103689,876364.161266452,3699304.4729599,3637485.21789398,1.95755767294855,0.897386551685977,2.75902811323719,""
"P2025","STATE OF UTAH",2029,7,1347655.93197272,61565.9118139677,2609143.3867935,2353555.70807743,523092.240083376,868404.192041052,3745052.14020186,3683486.22838789,1.93606047722744,0.902041535927171,2.73325419418883,""
"P2025","STATE OF UTAH",2030,7,1376395.51322293,61141.2181050334,2637705.18459118,2389702.37153579,537941.674016855,862272.640632675,3789916.68618532,3728775.46808029,1.91638606726841,0.905977811885816,2.70908720077784,""
"P2025","STATE OF UTAH",2031,7,1404484.5950422,61509.4598540928,2659691.77300179,2426412.49903902,551704.533455694,856668.064296687,3834785.0967914,3773275.63693731,1.89371373839944,0.912290861546154,2.68659097455172,""
"P2025","STATE OF UTAH",2032,7,1431855.32427142,61925.7958851655,2687489.35168932,2461381.94065236,565408.933789105,852221.597021903,3879012.47146337,3817086.6755782,1.87692800112806,0.915866676496846,2.66583265143808,""
"P2025","STATE OF UTAH",2033,7,1458498.28674535,62322.5171733301,2716557.71164737,2494542.80890173,579077.529324857,849115.887021731,3922736.22524832,3860413.70807499,1.86257175365587,0.918273445178897,2.64684144174727,""
"P2025","STATE OF UTAH",2034,7,1484440.31170916,62662.3307771164,2761556.61442272,2524347.74364584,593781.576120718,847916.482254936,3966045.80202149,3903383.47124437,1.86033523385195,0.914103201962975,2.62953211419466,""
"P2025","STATE OF UTAH",2035,7,1509836.91106166,62891.3114811918,2759172.13096338,2549897.7133588,609870.392068558,849459.020988456,4009227.12641582,3946335.81493463,1.82746368879221,0.924153185205045,2.61374972755151,""
"P2025","STATE OF UTAH",2036,7,1535064.55714566,63111.6399613189,2783025.23354815,2572422.50094606,627334.736514694,853256.698604821,4053013.93606558,3989902.29610426,1.81296950710854,0.924325970866751,2.5991755705201,""
"P2025","STATE OF UTAH",2037,7,1560671.63262949,63392.5871949364,2812622.65763243,2596523.27533865,643864.714634284,858542.710679839,4098930.70065278,4035538.11345784,1.80218733962223,0.92316801483933,2.58577014477965,""
"P2025","STATE OF UTAH",2038,7,1586887.39728928,63852.6653080938,2846132.92838845,2622972.86640486,660037.538187239,864477.191338639,4147487.59593074,4083634.93062265,1.79353174853503,0.921591834394766,2.57336149848963,""
"P2025","STATE OF UTAH",2039,7,1613543.73540559,64380.0191614285,2879136.46569809,2648807.95803828,677147.432201957,872043.326723137,4197998.71696337,4133618.69780194,1.78435601249716,0.92000083691623,2.56182625056822,""
"P2025","STATE OF UTAH",2040,7,1640184.40454991,64884.0040753613,2912471.24785418,2673587.55002767,696088.780569217,879532.081578603,4249208.41217549,4184324.40810013,1.77569743973599,0.917979036530399,2.55113046831363,""
"P2025","STATE OF UTAH",2041,7,1666596.3202231,65409.8911527035,2942986.9292687,2695910.62881605,716447.884516187,888041.678346151,4300400.19167839,4234990.30052569,1.76586669102614,0.916045736392704,2.54110143478462,""
"P2025","STATE OF UTAH",2042,7,1692776.21775033,65942.5961999155,2973724.7056378,2715209.48352822,739665.591920048,896621.905877612,4351496.98132588,4285554.38512596,1.75671460554297,0.91306686136095,2.53167213727836,""
"P2025","STATE OF UTAH",2043,7,1718876.29184926,66415.4508391045,3005015.01089662,2731757.75949998,764228.656123812,906897.839643562,4402884.25526736,4336468.80442826,1.748243910947,0.909066260765497,2.52285101900082,""
"P2025","STATE OF UTAH",2044,7,1745118.03426197,66884.9866814813,3037294.36500459,2747668.86699547,789644.420834498,917719.194322009,4455032.48215198,4388147.4954705,1.74045211004257,0.904643586296358,2.51452761894487,""
"P2025","STATE OF UTAH",2045,7,1771728.96592268,67465.9686971781,3072012.01386315,2763717.45514673,816244.837142937,928543.722149323,4508506.01443899,4441040.04574181,1.73390629884708,0.89964409080265,2.50661367012703,""
"P2025","STATE OF UTAH",2046,7,1798884.57392104,68250.1227416884,3107890.9464434,2781923.2057823,842790.620449602,938881.132238508,4563594.95847041,4495344.83572872,1.72767669004416,0.895116094393811,2.49896235750701,""
"P2025","STATE OF UTAH",2047,7,1826716.95105168,69132.2735093558,3145463.73180021,2802420.28462817,869534.098757064,948243.780228482,4620198.16361372,4551065.89010436,1.72192179526735,0.890940263051226,2.49139084601159,""
"P2025","STATE OF UTAH",2048,7,1855053.95437035,70152.402776949,3183779.60969797,2825953.15642777,895655.760922321,956269.866047146,4677878.78339724,4607726.38062029,1.71627332035128,0.887609540503293,2.48387728549074,""
"P2025","STATE OF UTAH",2049,7,1883712.36968105,71285.8076795256,3222911.16164531,2853502.66578107,919809.712148694,962615.624737617,4735928.00266738,4664642.19498785,1.71093592287182,0.885380490700322,2.47630278914486,""
"P2025","STATE OF UTAH",2050,7,1912441.62611128,72512.2823294364,3264374.09444341,2883313.60852884,943101.083971318,966982.108368275,4793396.80086843,4720884.51853899,1.70691437054794,0.883266906644306,2.46851169420441,""
"P2025","STATE OF UTAH",2051,7,1940970.17648692,73783.611370392,3299750.35043738,2915398.15463052,964800.773155102,969331.683626313,4849530.61141194,4775747.00004155,1.70005206180437,0.883520825823713,2.46049478652241,""
"P2025","STATE OF UTAH",2052,7,1969225.82609056,75041.8968813364,3335560.61335964,2948938.73806077,985259.250943568,969836.33261727,4904034.32162161,4828992.42474027,1.69384362583829,0.884090886026665,2.45222887124486,""
"P2025","STATE OF UTAH",2053,7,1997317.27582915,76252.9725588547,3371297.55181576,2982051.63388949,1006168.26962684,968937.223736331,4957157.12725266,4880904.1546938,1.68791287824626,0.884541215379632,2.44373000412145,""
"P2025","STATE OF UTAH",2054,7,2025357.74683051,77376.9623081194,3406660.88133818,3013834.80503237,1028137.9063971,967244.580368096,5009217.29179757,4931840.32948945,1.68200451829771,0.88468882287118,2.43504651818046,""
"P2025","STATE OF UTAH",2055,7,2053441.69028739,78410.7667173208,3442189.77947529,3043832.31833295,1051595.57030567,964994.51262804,5060422.40126666,4982011.63454934,1.67630266579108,0.884272080662832,2.4261763351323,""
"P2025","STATE OF UTAH",2056,7,2081478.04454952,79397.4173343086,3476656.13016097,3071734.61813258,1076592.50941927,962442.856489231,5110769.98404108,5031372.56670677,1.67028239344864,0.883531331006371,2.41721145216099,""
"P2025","STATE OF UTAH",2057,7,2109379.04589419,80331.8493962672,3507295.61743849,3098565.06809431,1101843.18051909,959839.937682607,5160248.18629601,5079916.33689974,1.66271473316533,0.883462760506429,2.4082520146332,""
"P2025","STATE OF UTAH",2058,7,2137222.18906703,81187.9978187629,3536881.82709939,3125168.09014312,1126537.38531563,957385.797698716,5209091.27315746,5127903.2753387,1.65489664349936,0.883594149569335,2.39933091728624,""
"P2025","STATE OF UTAH",2059,7,2165109.12104676,81997.5537831163,3565659.54575873,3152569.12183915,1149814.68475475,955335.293352939,5257719.09994684,5175721.54616372,1.64687290404783,0.884147541676843,2.39051302119194,""
"P2025","STATE OF UTAH",2060,7,2193111.19860337,82771.6579954567,3594485.98937176,3178706.4302534,1173816.30895717,953830.746157541,5306353.48536811,5223581.82737265,1.63898939171932,0.884328507511854,2.38181348519818,""
"P2025","STATE OF UTAH",2061,7,2221123.8608979,83520.2386549034,3621302.35377903,3202904.42115885,1199051.51796209,953024.397061523,5354980.33618247,5271460.09752757,1.63039190093393,0.884462027263877,2.3733300921798,""
"P2025","STATE OF UTAH",2062,7,2249067.88236416,84238.5618123368,3648763.60665595,3223693.21897889,1226863.90872933,952992.951840359,5403550.07954858,5319311.51773624,1.62234481016218,0.883502897556405,2.36511826052343,""
"P2025","STATE OF UTAH",2063,7,2276889.89715716,84933.976708866,3676147.85953286,3244276.53358152,1254010.72861387,953795.013383591,5452082.27557898,5367148.29887011,1.61454792527419,0.882520686747834,2.35722785962173,""
"P2025","STATE OF UTAH",2064,7,2304542.00708047,85652.3507853994,3703395.11240978,3266197.54495817,1278939.5926518,955461.175602877,5500598.31321284,5414945.96242744,1.60699831074091,0.881946820638555,2.34968420874541,""
"P2025","STATE OF UTAH",2065,7,2331990.66402839,86423.9024279422,3730560.36528669,3284481.90531226,1306647.42686221,958004.418572305,5549133.75074678,5462709.84831884,1.59973211849928,0.880425883434231,2.34250931300141,""
"P2025","SUMMIT COUNTY",2020,7,,,41861,26497.7901052578,5937.97246438076,9958.1222687114,42393.88483835,,,0.632994675360307,,""
"P2025","SUMMIT COUNTY",2021,7,,,45038,26704.9448825291,6385.52196610353,9746.49985907421,42836.9667077069,,,0.592942512601117,,""
"P2025","SUMMIT COUNTY",2022,7,,,48056,26844.4771809225,6877.8645625673,9526.56258139755,43248.9043248873,,,0.558608231665609,,""
"P2025","SUMMIT COUNTY",2023,7,,,49760,26845.7651077603,7384.25391428236,9260.91073978494,43490.9297618276,,,0.539504925799041,,""
"P2025","SUMMIT COUNTY",2024,7,,,50428,26526.4741060381,7864.03750125409,8913.39345783651,43303.9050651287,,,0.526026693623346,,""
"P2025","SUMMIT COUNTY",2025,7,17495.0457613848,129,51651.8969176139,26448.4584152871,8326.04294434244,8599.71486520859,43374.2162248381,43245.2162248381,2.95237278153455,0.512052025068374,2.47185499338843,""
"P2025","SUMMIT COUNTY",2026,7,17708.0637776493,129,52498.0550184738,26312.7498630496,8779.53835441506,8321.90210077553,43414.1903182402,43285.1903182402,2.96464117577528,0.501213804088366,2.44437736738185,""
"P2025","SUMMIT COUNTY",2027,7,17916.216362126,129,53411.4323289032,26163.4872332767,9215.14843046796,8075.13671164966,43453.7723753943,43324.7723753943,2.98117812652745,0.489848073576535,2.41818760723278,""
"P2025","SUMMIT COUNTY",2028,7,18115.4579982194,129,54278.2784596248,26041.1988563939,9608.73553261833,7842.89756657863,43492.8319555909,43363.8319555909,2.99624102603202,0.479772011851201,2.3937474812866,""
"P2025","SUMMIT COUNTY",2029,7,18301.9618117651,129,55138.5159544295,25905.0987271625,9978.08966894085,7641.1283714758,43524.3167675792,43395.3167675792,3.01271068760425,0.469818570172842,2.37107459920954,""
"P2025","SUMMIT COUNTY",2030,7,18498.892407172,129,55885.7406829056,25810.9589789125,10309.777953285,7499.27468498756,43620.011617185,43491.011617185,3.02103171653881,0.461852319813802,2.35100624728882,""
"P2025","SUMMIT COUNTY",2031,7,18708.4665760972,129,56553.5103681639,25795.1243493082,10585.8046035336,7411.37093969869,43792.2998925405,43663.2998925405,3.02288325652618,0.456118889550475,2.33387914049176,""
"P2025","SUMMIT COUNTY",2032,7,18931.7874849865,129,57342.3054022995,25833.2915069955,10850.9517731187,7360.03550870132,44044.2787888156,43915.2787888156,3.02889019052077,0.450510165675333,2.31965834307203,""
"P2025","SUMMIT COUNTY",2033,7,19168.7703444039,129,58140.7839305199,25972.2460907338,11081.9053956601,7315.28403909712,44369.4355254909,44240.4355254909,3.03309930088935,0.446713035754239,2.30794332294801,""
"P2025","SUMMIT COUNTY",2034,7,19415.3201691443,129,59554.1424888219,26088.5592906777,11324.5375471057,7337.70937420367,44750.806211987,44621.806211987,3.06737885185473,0.438064561093704,2.29827815473793,""
"P2025","SUMMIT COUNTY",2035,7,19660.7773658426,129,58931.3082130838,26182.730959515,11572.1885822146,7408.61554543853,45163.5350871681,45034.5350871681,2.99740478804604,0.444292376216111,2.29057754173079,""
"P2025","SUMMIT COUNTY",2036,7,19897.1167544017,129,59605.8075105367,26285.3500489445,11815.1701794598,7478.36120896774,45578.881437372,45449.881437372,2.99570074630791,0.440986392882908,2.28424459676136,""
"P2025","SUMMIT COUNTY",2037,7,20128.0630977319,129,60347.0780934779,26433.4637315065,11993.3339882379,7579.94325090436,46006.7409706487,45877.7409706487,2.99815624585746,0.438023920405242,2.27929238635079,""
"P2025","SUMMIT COUNTY",2038,7,20354.0715744399,129,61164.2582426168,26642.8425101333,12116.5605492452,7690.8077606256,46450.210820004,46321.210820004,3.00501342048071,0.43559495816087,2.27577124560046,""
"P2025","SUMMIT COUNTY",2039,7,20574.5582571904,129,61987.3129199377,26891.0283716409,12213.0804718862,7798.94357534869,46903.0524188758,46774.0524188758,3.01281379386478,0.43381503576987,2.27339279094992,""
"P2025","SUMMIT COUNTY",2040,7,20788.2910098935,129,62746.9046004631,27161.6733229284,12288.0740082323,7906.07684858913,47355.8241797498,47226.8241797498,3.01837724758619,0.432876705167826,2.2717992622517,""
"P2025","SUMMIT COUNTY",2041,7,20992.7655701862,129,63466.181880081,27392.6606027195,12365.7765613119,8040.87922550665,47799.316389538,47670.316389538,3.02324063344066,0.431610344143244,2.27079734826549,""
"P2025","SUMMIT COUNTY",2042,7,21188.5433201412,129,64159.0158601865,27641.8544503362,12464.1918553089,8128.37095640294,48234.417262048,48105.417262048,3.0280050351172,0.430833517000519,2.27035037450264,""
"P2025","SUMMIT COUNTY",2043,7,21378.5285076564,129,64882.0663852057,27862.3161488243,12553.6233014298,8248.22724260176,48664.1666928558,48535.1666928558,3.03491731724984,0.429430159998379,2.27027630435246,""
"P2025","SUMMIT COUNTY",2044,7,21564.5338326403,129,65614.8743138575,28083.212239363,12642.474630656,8368.80512400105,49094.49199402,48965.49199402,3.04272166618979,0.428000701563974,2.27064922311955,""
"P2025","SUMMIT COUNTY",2045,7,21746.499226525,129,66378.4511273657,28323.6375823891,12720.3068079664,8483.99847714842,49527.942867504,49398.942867504,3.05237410564002,0.426699284200565,2.27158138663764,""
"P2025","SUMMIT COUNTY",2046,7,21927.9900500176,129,67181.9191270981,28610.1494518288,12762.8421171751,8592.10531819893,49965.0968872029,49836.0968872029,3.06375180642898,0.425860853985173,2.27271613921418,""
"P2025","SUMMIT COUNTY",2047,7,22109.731913969,129,67999.1063661901,28949.5699413966,12766.018461453,8688.83347529494,50404.4218781445,50275.4218781445,3.07552830720792,0.425734564591141,2.27390463501642,""
"P2025","SUMMIT COUNTY",2048,7,22290.9333566533,129,68850.9753493243,29302.8658023962,12768.0038030899,8772.06414009476,50842.9337455808,50713.9337455808,3.08874349259915,0.425598412422254,2.27509243036896,""
"P2025","SUMMIT COUNTY",2049,7,22471.7507698852,129,69686.2078852894,29671.7269453593,12765.2653995148,8838.91863380831,51275.9109786824,51146.9109786824,3.10105823969342,0.425790523631333,2.27605367745647,""
"P2025","SUMMIT COUNTY",2050,7,22653.8707550586,129,70580.2924368164,30047.6670099461,12764.9445077711,8886.20766264553,51698.8191803627,51569.8191803627,3.11559526404801,0.425723186636621,2.27642418101318,""
"P2025","SUMMIT COUNTY",2051,7,22835.4376251156,129,71419.241250187,30427.6874523886,12764.4991275028,8912.59287697096,52104.7794568624,51975.7794568624,3.12756174953426,0.426043275170036,2.27610174633556,""
"P2025","SUMMIT COUNTY",2052,7,23016.7403410766,129,72257.3349549272,30810.9992968544,12763.3069524315,8917.71412432998,52492.0203736159,52363.0203736159,3.13933832003022,0.426406527670495,2.27499722365841,""
"P2025","SUMMIT COUNTY",2053,7,23199.3574867005,129,73071.8404908457,31205.2018645873,12755.2072604649,8902.90153861393,52863.3106636662,52734.3106636662,3.1497355274919,0.427048253540249,2.27309358433298,""
"P2025","SUMMIT COUNTY",2054,7,23384.8406113676,129,73895.4906766644,31559.0414432859,12793.8009097051,8869.62471394438,53222.4670669354,53093.4670669354,3.15997410051805,0.427076688364856,2.27042244799933,""
"P2025","SUMMIT COUNTY",2055,7,23574.9679527028,129,74694.5616460257,31869.0718615643,12883.6404046005,8819.08658610904,53571.7988522738,53442.7988522738,3.16838444047438,0.42665852987518,2.26692986219507,""
"P2025","SUMMIT COUNTY",2056,7,23768.7917570398,129,75511.8916382165,32201.7125651324,12956.2999727712,8753.86763003,53911.8801679335,53782.8801679335,3.17693437723234,0.426445581835155,2.26275196138248,""
"P2025","SUMMIT COUNTY",2057,7,23965.1528855384,129,76273.090051816,32535.1624581365,13031.0270217478,8676.47907727489,54242.6685571592,54113.6685571592,3.18266653319965,0.426561483690169,2.25801474397494,""
"P2025","SUMMIT COUNTY",2058,7,24164.3845976279,129,76974.7653155251,32847.680980332,13128.1415086,8588.36886025232,54564.1913491843,54435.1913491843,3.1854635074415,0.426733109814457,2.25270340029797,""
"P2025","SUMMIT COUNTY",2059,7,24366.3717560498,129,77704.725315933,33162.0904123639,13223.3657687173,8492.69609924237,54878.1522803235,54749.1522803235,3.18901501191453,0.426770576403597,2.24691442897033,""
"P2025","SUMMIT COUNTY",2060,7,24572.361298382,129,78456.4483841855,33478.4987209589,13316.2055591928,8391.89855542766,55186.6028355793,55057.6028355793,3.19287379147203,0.426714430877898,2.24063134051365,""
"P2025","SUMMIT COUNTY",2061,7,24780.3333311783,129,79171.008739291,33775.9572514282,13423.9235735862,8289.83290318497,55489.7137281994,55360.7137281994,3.19491298527769,0.426620271602853,2.23405847646711,""
"P2025","SUMMIT COUNTY",2062,7,24989.2547931541,129,79878.2628354958,34059.4990893872,13538.4134521322,8189.47311828804,55787.3856598074,55658.3856598074,3.19650439745721,0.426392586422799,2.22729273523816,""
"P2025","SUMMIT COUNTY",2063,7,25198.0790675676,129,80588.1564094114,34327.0745023643,13658.9598414761,8093.68931610055,56079.723659941,55950.723659941,3.19818650434891,0.425956815887098,2.22043607014295,""
"P2025","SUMMIT COUNTY",2064,7,25406.2224456376,129,81285.3090872462,34596.6617600713,13765.5845824279,8004.97750443512,56367.2238469343,56238.2238469343,3.19942522983,0.425620104648154,2.21356102692042,""
"P2025","SUMMIT COUNTY",2065,7,25612.9295841377,129,81978.4080509078,34819.7137589535,13905.038718637,7925.57904713175,56650.3315247222,56521.3315247222,3.20066503058977,0.424742497284539,2.2067499673964,""
"P2025","TOOELE COUNTY",2020,7,,,25429,43137.1405964425,6767.91803600056,23243.5528059259,73148.611438369,,,1.69637581487445,,""
"P2025","TOOELE COUNTY",2021,7,,,27916,45347.1577471119,7056.21209908525,23845.354111339,76248.7239575362,,,1.6244145918868,,""
"P2025","TOOELE COUNTY",2022,7,,,28471,46526.4700543936,7365.17946649358,23799.9602706787,77691.6097915659,,,1.63417056142719,,""
"P2025","TOOELE COUNTY",2023,7,,,28652,47861.4773401208,7692.6106800546,23853.5674663991,79407.6554865745,,,1.67044106310627,,""
"P2025","TOOELE COUNTY",2024,7,,,31192,49728.8618580109,8017.528179667,24109.2187652076,81855.6088028854,,,1.59428256790238,,""
"P2025","TOOELE COUNTY",2025,7,28433.7385987136,308.852542714113,31847.8053528759,51262.2390724552,8403.39114719634,24066.0886397011,83731.7188593526,83422.8663166385,1.12007097632658,1.60960036349337,2.93393941239977,""
"P2025","TOOELE COUNTY",2026,7,29360.8639121272,312.999833173805,32302.2108567079,52782.185614381,8814.65946624546,24021.4077588965,85618.252839523,85305.2530063492,1.10017916888903,1.63401154950421,2.90540677759535,""
"P2025","TOOELE COUNTY",2027,7,30310.8819588793,317.200581815209,32832.3751635294,54295.2095920968,9240.84955115978,23983.3142451231,87519.3733883796,87202.1728065644,1.08318772142859,1.6537094657839,2.87692627766047,""
"P2025","TOOELE COUNTY",2028,7,31272.7195721006,321.44945144106,33315.1416354803,55797.1165896836,9666.86593317289,23932.2342764444,89396.2167993009,89074.7673478598,1.06531002392263,1.67482753638544,2.84832175028763,""
"P2025","TOOELE COUNTY",2029,7,32237.7425274027,325.667446219552,33868.7559803251,57239.8279742375,10075.3429979339,23903.2837625901,91218.4547347615,90892.7872885419,1.05059328988486,1.69004813780255,2.81945260935319,""
"P2025","TOOELE COUNTY",2030,7,33196.7323232213,329.574406839029,34423.946456642,58658.4836045662,10472.9306848461,23833.5367702426,92964.9510596549,92635.3766528159,1.03696791965763,1.70400229033729,2.79049684019704,""
"P2025","TOOELE COUNTY",2031,7,34147.092240095,332.694501198146,34851.4576180362,60107.5442172937,10841.9532595264,23680.4481987074,94629.9456755275,94297.2511743294,1.02062738967607,1.72467805725827,2.76150163859653,""
"P2025","TOOELE COUNTY",2032,7,35086.6834879834,334.808719346123,35299.143972316,61491.1872530831,11239.0238131277,23485.3630646485,96215.5741308593,95880.7654115132,1.0060553025596,1.74200222252723,2.73268248463411,""
"P2025","TOOELE COUNTY",2033,7,36013.8535320277,336.400649965823,35733.3356655645,62812.3037778659,11640.2089194633,23280.6842478301,97733.1969451593,97396.7962951935,0.99221083447197,1.75780689398099,2.70442584569788,""
"P2025","TOOELE COUNTY",2034,7,36930.1531981168,337.54392307807,36335.5911877804,64050.4541668095,12057.2455280294,23092.7042345627,99200.4039294015,98862.8600063234,0.983900364367654,1.7627469946973,2.67702274279666,""
"P2025","TOOELE COUNTY",2035,7,37840.3468082987,338.623753077144,36384.4229005352,65156.0333946027,12544.6787789209,22948.4694396942,100649.181613218,100310.557860141,0.961524562257865,1.79076726248266,2.65088896696216,""
"P2025","TOOELE COUNTY",2036,7,38757.1328013087,339.724082281667,36740.4811891062,66135.486037411,13139.0442516494,22859.6357367738,102134.166025834,101794.441943552,0.947966955591348,1.80007130818473,2.62646988014849,""
"P2025","TOOELE COUNTY",2037,7,39691.8111611773,340.965121335937,37169.4341686069,67078.7431074591,13718.6862896901,22894.7946386042,103692.224035753,103351.258914417,0.936450947468037,1.8046748520082,2.60384335939564,""
"P2025","TOOELE COUNTY",2038,7,40647.2829514963,342.4201164579,37624.6747328475,68067.6817225462,14265.1880595819,23004.1473926826,105337.017174811,104994.597058353,0.925638123899803,1.80912345969389,2.58306556882637,""
"P2025","TOOELE COUNTY",2039,7,41620.515041068,343.81450805293,38079.3207304884,69136.9227308713,14837.5070383536,23073.2014537477,107047.631222973,106703.81671492,0.9149170954015,1.81560283651584,2.56373128995719,""
"P2025","TOOELE COUNTY",2040,7,42606.9900154127,345.033468389022,38520.6591480845,70136.1327792973,15486.929608745,23166.5250269448,108789.587414987,108444.553946598,0.904092477176867,1.82074072278135,2.5452291726632,""
"P2025","TOOELE COUNTY",2041,7,43591.9293433404,346.108542287504,38910.1123874366,71131.0344346579,16175.6511394445,23220.6610478715,110527.346621974,110181.238079686,0.892598996501653,1.8280860699242,2.52756048515019,""
"P2025","TOOELE COUNTY",2042,7,44578.3435423248,347.084763811796,39312.0904209619,72104.7734800544,16915.8810339279,23243.0237649281,112263.67827891,111916.593515098,0.881865212951152,1.83416279083462,2.51055971626311,""
"P2025","TOOELE COUNTY",2043,7,45571.5112804135,348.137421465297,39707.3750459616,73009.0495173981,17698.1559019074,23303.0608406909,114010.266259996,113662.128838531,0.871320128086858,1.83867730951466,2.49414877069004,""
"P2025","TOOELE COUNTY",2044,7,46580.1217836493,349.415321064581,40096.0086494327,73909.2796390958,18523.4836438391,23358.6413114279,115791.404594363,115441.989273298,0.860796561152558,1.84330765401861,2.47835310112524,""
"P2025","TOOELE COUNTY",2045,7,47609.927354917,350.709228623156,40519.2375117264,74819.2907613,19388.1060307443,23411.0952293604,117618.492021405,117267.782792782,0.851066988816602,1.84651280122552,2.46309518430027,""
"P2025","TOOELE COUNTY",2046,7,48663.340383182,352.12756088465,40947.8150082085,75746.8737986965,20280.111133993,23468.0804397983,119495.065372488,119142.937811603,0.841450970808408,1.84983921079823,2.44830989556934,""
"P2025","TOOELE COUNTY",2047,7,49737.853164255,353.767598273522,41388.6984171844,76672.2787134142,21211.054146297,23532.2639368146,121415.596796526,121061.829198252,0.832136808971263,1.85249311153936,2.43399788081838,""
"P2025","TOOELE COUNTY",2048,7,50827.3566773452,355.698565902924,41839.6727218595,77620.9379021123,22141.4596587984,23605.352873658,123367.750434569,123012.051868666,0.823172312254206,1.85519945192015,2.42019376788672,""
"P2025","TOOELE COUNTY",2049,7,51924.2120546016,357.902235020699,42306.2269782923,78619.6992046533,23026.843351775,23684.0592185782,125330.601775006,124972.699539985,0.814768781350107,1.85834816338015,2.40682900317425,""
"P2025","TOOELE COUNTY",2050,7,53021.9309423227,360.344194949393,42800.9246138629,79590.6601196637,23930.2874001472,23761.9724352041,127282.919955015,126922.575760066,0.80723059030841,1.85955469041164,2.39377505693129,""
"P2025","TOOELE COUNTY",2051,7,54106.7433783358,363.046805404361,43209.4543645842,80489.829031129,24871.9876107918,23829.4728852162,129191.289527137,128828.242721733,0.798596471838021,1.86278281489018,2.38100160308881,""
"P2025","TOOELE COUNTY",2052,7,55174.1302359997,365.83209640936,43625.3766865235,81334.5146173785,25831.9623269946,23878.4586440101,131044.935588383,130679.103491974,0.790685353804799,1.86438538288894,2.36848506597226,""
"P2025","TOOELE COUNTY",2053,7,56228.4015346426,368.771434984632,44040.2901594476,82153.7535248567,26798.0918651714,23902.8370453993,132854.682435427,132485.911000442,0.783239234220702,1.86542262159081,2.35620980473395,""
"P2025","TOOELE COUNTY",2054,7,57276.1555785669,371.917818337764,44451.9504501994,82984.1559396163,27758.1536784406,23894.909269592,134637.218887649,134265.301069311,0.77609870985883,1.86682822911416,2.34417445991355,""
"P2025","TOOELE COUNTY",2055,7,58322.7491535296,374.962255885562,44856.3363293998,83811.0396357628,28733.7838564761,23857.7633607567,136402.586852996,136027.62459711,0.769105314485765,1.86843256703583,2.33232532024561,""
"P2025","TOOELE COUNTY",2056,7,59367.6740364507,377.833771207799,45225.096059697,84617.811092437,29737.387319078,23797.2909926878,138152.489404203,137774.655632995,0.76177982030978,1.87103662490272,2.32070159171815,""
"P2025","TOOELE COUNTY",2057,7,60408.2744805732,380.752453869774,45547.0888204254,85422.5689531718,30743.6881512196,23719.2651036273,139885.522208019,139504.769754149,0.753987582199074,1.87547812967718,2.30936524762039,""
"P2025","TOOELE COUNTY",2058,7,61444.5310628631,383.604084543233,45858.9662209167,86272.9372042594,31699.4243822789,23628.2432897052,141600.604876244,141217.000791701,0.74634740354677,1.8812665071571,2.2982842955905,""
"P2025","TOOELE COUNTY",2059,7,62479.2942349643,386.26885451691,46146.8163633838,87194.9991960239,32578.3594605938,23532.3737125525,143305.73236917,142919.463514653,0.738593752193177,1.88951277829018,2.28746923704323,""
"P2025","TOOELE COUNTY",2060,7,63516.7515223223,388.687944716631,46441.9459040752,88185.0273936677,33386.809918528,23439.4503162543,145011.28762845,144622.599683733,0.731176339957399,1.89882283519756,2.2769205952371,""
"P2025","TOOELE COUNTY",2061,7,64554.8384113362,390.90218014477,46686.9108278086,89179.6326768397,34180.4937212427,23357.5251393015,146717.651537384,146326.749357239,0.723213193259424,1.91016349327017,2.26670460275745,""
"P2025","TOOELE COUNTY",2062,7,65590.9481444123,392.836568791414,46951.5841947023,90165.3209284429,34965.605280469,23292.7629516843,148423.689160596,148030.852591805,0.715824142247929,1.92038932178601,2.2568792917261,""
"P2025","TOOELE COUNTY",2063,7,66622.7337831328,394.431416606831,47214.4370885643,91157.0202954595,35721.7715979761,23250.6150230331,150129.406916469,149734.975499862,0.708683574022263,1.93070225796547,2.24750572360589,""
"P2025","TOOELE COUNTY",2064,7,67650.24756739,395.745422176912,47478.3078636249,92200.3161298545,36400.8622937435,23235.9680016118,151837.14642521,151441.401003033,0.701820164313948,1.94194612821265,2.23859344863704,""
"P2025","TOOELE COUNTY",2065,7,68673.3040867611,396.827886535377,47738.4350374372,93182.4547897986,37114.0051850411,23252.6203546261,153549.080329466,153152.252442931,0.695152733253157,1.95193777753132,2.23015703816202,""
"P2025","UINTAH COUNTY",2020,7,,,17386,19989.361721673,4155.51736419088,11534.1274447261,35679.00653059,,,1.14973896938186,,""
"P2025","UINTAH COUNTY",2021,7,,,18349,20296.9661714066,4257.86410407069,11418.210318782,35973.0405942593,,,1.10616198002107,,""
"P2025","UINTAH COUNTY",2022,7,,,19510,20728.0878481399,4387.70649391075,11306.1906072378,36421.9849492885,,,1.0624340260451,,""
"P2025","UINTAH COUNTY",2023,7,,,20816,20879.582040617,4590.70633838863,11056.7165658256,36527.0049448312,,,1.00305447927637,,""
"P2025","UINTAH COUNTY",2024,7,,,22105,20849.5845210624,4740.77942580269,10624.6128711921,36214.9768180571,,,0.943206718889952,,""
"P2025","UINTAH COUNTY",2025,7,12657.7780791018,115,22428.6040846606,21214.8323578147,4887.87299785851,10325.4677633198,36428.173118993,36313.173118993,1.77192268220365,0.945882868043668,2.86884261140165,""
"P2025","UINTAH COUNTY",2026,7,12890.8855460281,171.62595178,22749.6906294032,21650.8737666355,5034.35183351896,10023.726623549,36708.9522237035,36537.3262719235,1.76478881518057,0.951699700858898,2.83435347722727,""
"P2025","UINTAH COUNTY",2027,7,13146.3718011951,228.2519036,23051.06972853,22078.1366610558,5188.94938043034,9778.91824373696,37046.0042852231,36817.7523816231,1.75341684208524,0.957792281272308,2.80060178872136,""
"P2025","UINTAH COUNTY",2028,7,13424.7038438098,228.2519036,23082.2981360236,22478.7805092963,5326.39639466654,9587.99788798152,37393.1747919443,37164.9228883443,1.71938974628978,0.973853659493921,2.76839797143691,""
"P2025","UINTAH COUNTY",2029,7,13724.6708877068,171.62595178,22996.6672079966,22870.6409870003,5443.26689829599,9438.02004091647,37751.9279262127,37580.3019744327,1.675571487007,0.994519804984938,2.73815687690503,""
"P2025","UINTAH COUNTY",2030,7,14044.2087390333,115,22975.619527122,23316.4305264917,5534.50200726798,9323.30817350754,38174.2407072673,38059.2407072673,1.63594973230962,1.01483359345185,2.70995977163802,""
"P2025","UINTAH COUNTY",2031,7,14378.2700490668,115,23090.1828152422,23849.608363227,5611.61019537908,9243.88956056818,38705.1081191743,38590.1081191743,1.60590827244484,1.03288954245453,2.68391871814085,""
"P2025","UINTAH COUNTY",2032,7,14717.413104072,115,23329.7337103655,24388.7880027104,5705.8940355256,9169.40213322135,39264.0841714573,39149.0841714573,1.58517896762106,1.04539504417379,2.66005200062133,""
"P2025","UINTAH COUNTY",2033,7,15050.0219867932,115,23567.4945054685,24902.4879658249,5786.17120581201,9125.87121971312,39814.53039135,39699.53039135,1.56594419105498,1.05664554032448,2.63783869725821,""
"P2025","UINTAH COUNTY",2034,7,15358.6788004959,115,23869.3811688466,25331.3924484873,5882.18742347927,9094.17474266042,40307.754614627,40192.754614627,1.55412984924692,1.06125048945755,2.61694089294512,""
"P2025","UINTAH COUNTY",2035,7,15622.1452519016,115,23846.3983050721,25619.459054962,6012.50263390503,9052.09774364853,40684.0594325156,40569.0594325156,1.52644837956358,1.07435339824517,2.59689426633499,""
"P2025","UINTAH COUNTY",2036,7,15817.2951557496,115,23861.7022780683,25689.6018321113,6174.70882892842,9010.01669137,40874.3273524097,40759.3273524097,1.50858298104114,1.07660390414489,2.57688352850858,""
"P2025","UINTAH COUNTY",2037,7,15996.4684524918,115,23898.3040541293,25753.9992274907,6311.94251266848,8974.00586670584,41039.9476068651,40924.9476068651,1.493973755839,1.07764965953895,2.55837391411791,""
"P2025","UINTAH COUNTY",2038,7,16192.9444887542,115,23991.9250711699,25903.6165424194,6425.35848528809,8943.92347928375,41272.8985069912,41157.8985069912,1.48162831582804,1.07968062027447,2.54171800166269,""
"P2025","UINTAH COUNTY",2039,7,16411.0836029187,115,24105.6012150064,26075.9819541462,6565.64138465574,8937.80287596656,41579.4262147685,41464.4262147685,1.46886103308372,1.08173953935292,2.52661111344251,""
"P2025","UINTAH COUNTY",2040,7,16641.0831111486,115,24217.4488280841,26208.4276370565,6736.26747551946,8985.31247715954,41930.0075897355,41815.0075897355,1.45528080512138,1.08221257421069,2.51275757175456,""
"P2025","UINTAH COUNTY",2041,7,16894.3940573915,115,24342.6017226087,26345.7421331926,6933.46809817402,9083.35632801593,42362.5665593826,42247.5665593826,1.44086858871144,1.08228949532225,2.50068551827692,""
"P2025","UINTAH COUNTY",2042,7,17166.5674596299,115,24509.2476367652,26522.2764374783,7182.59264307794,9153.64942226021,42858.5185028165,42743.5185028165,1.42773141423892,1.08213343920413,2.48992808861382,""
"P2025","UINTAH COUNTY",2043,7,17449.4145913615,115,24679.1851039829,26662.0382142098,7442.81572676274,9283.06594646951,43387.9198874421,43272.9198874421,1.41432739618672,1.08034516139299,2.47990668459816,""
"P2025","UINTAH COUNTY",2044,7,17716.0087641101,115,24826.1884350802,26759.2751722054,7710.91451581498,9406.79216248119,43876.9818505016,43761.9818505016,1.40134207233935,1.0778648217458,2.47019418612823,""
"P2025","UINTAH COUNTY",2045,7,17978.4612317762,115,24982.4250523341,26834.9614705646,8005.55637743129,9518.72798848687,44359.2458364828,44244.2458364828,1.38957526621793,1.07415358654533,2.46095843610258,""
"P2025","UINTAH COUNTY",2046,7,18248.9112895457,115,25172.4541812111,26936.5938598652,8306.12507317771,9617.85018424291,44860.5691172858,44745.5691172858,1.37939484618086,1.07008214876287,2.4519582788985,""
"P2025","UINTAH COUNTY",2047,7,18540.5336689071,115,25410.5060635282,27078.0976816335,8631.82712824121,9705.27606653368,45415.2008764084,45300.2008764084,1.37053800701229,1.06562606875818,2.44330620063962,""
"P2025","UINTAH COUNTY",2048,7,18850.218337267,115,25662.9844667424,27271.3453263759,8966.85774908563,9776.32683302785,46014.5299084893,45899.5299084893,1.36141576758326,1.0626724012446,2.43496012020962,""
"P2025","UINTAH COUNTY",2049,7,19167.1820129551,115,25932.7977458658,27536.0803370674,9268.79580748147,9818.32445885218,46623.2006034011,46508.2006034011,1.35297915616066,1.06182451299367,2.42644957260625,""
"P2025","UINTAH COUNTY",2050,7,19483.5842230403,115,26202.2840897507,27830.6505986815,9560.37429561146,9823.38662013434,47214.4115144273,47099.4115144273,1.34483900856215,1.06214597564675,2.41738947902255,""
"P2025","UINTAH COUNTY",2051,7,19796.9492908783,115,26453.4852709686,28159.3202117332,9828.29072220903,9791.13099992152,47778.7419338638,47663.7419338638,1.33624049252666,1.06448431740814,2.40763065225537,""
"P2025","UINTAH COUNTY",2052,7,20110.9886518226,115,26708.0221227282,28521.616170682,10075.2262248453,9731.65685493782,48328.4992504651,48213.4992504651,1.32803128603564,1.06790446853833,2.39737091423875,""
"P2025","UINTAH COUNTY",2053,7,20430.1021520111,115,26972.6978525694,28889.5829400746,10331.7409896002,9652.90672369051,48874.2306533653,48759.2306533653,1.32024292643658,1.07106760688096,2.3866366546075,""
"P2025","UINTAH COUNTY",2054,7,20738.120444043,115,27210.591593934,29216.4694355268,10603.610428336,9553.66096669202,49373.7408305548,49258.7408305548,1.31210500331288,1.07371680379195,2.37527508645097,""
"P2025","UINTAH COUNTY",2055,7,21032.0612620963,115,27426.0253067818,29523.1587663004,10861.1654737313,9435.19421362537,49819.518453657,49704.518453657,1.30401033759866,1.0764650887637,2.36327375782391,""
"P2025","UINTAH COUNTY",2056,7,21296.9893112741,115,27552.4981398955,29735.517638829,11144.5240487849,9294.90126981082,50174.9429574247,50059.9429574247,1.29372737794961,1.07923127289037,2.3505643086802,""
"P2025","UINTAH COUNTY",2057,7,21515.2698313467,115,27585.6722207735,29847.9704902207,11420.5015768145,9128.95680071875,50397.428867754,50282.428867754,1.28214391160377,1.08200990178313,2.33705778555912,""
"P2025","UINTAH COUNTY",2058,7,21720.2378321745,115,27613.8929247489,29967.9569195723,11647.4363825797,8968.69951921165,50584.0928213636,50469.0928213636,1.2713439483542,1.08524926207393,2.32359761487524,""
"P2025","UINTAH COUNTY",2059,7,21930.8182083498,115,27651.9678441653,30123.4761192145,11838.1812532327,8827.70865776615,50789.3660302134,50674.3660302134,1.26087260317708,1.08937910997791,2.31064639489465,""
"P2025","UINTAH COUNTY",2060,7,22150.3194084146,115,27703.7500347239,30314.134335609,12000.096187443,8707.27758927183,51021.5081123238,50906.5081123238,1.25071560025449,1.09422494419034,2.29822907623558,""
"P2025","UINTAH COUNTY",2061,7,22379.2214482859,115,27752.5582497493,30554.9899380577,12121.1092662477,8608.72030088018,51284.8195051855,51169.8195051855,1.24010383086293,1.1009792201169,2.28648792020889,""
"P2025","UINTAH COUNTY",2062,7,22614.0955146349,115,27812.4224723578,30812.7125673843,12224.4000287722,8534.8278214092,51571.9404175658,51456.9404175658,1.22987109762399,1.10787589962753,2.27543659149511,""
"P2025","UINTAH COUNTY",2063,7,22851.2359060561,115,27875.3675929271,31071.8198089611,12319.444381195,8483.29449850752,51874.5586886637,51759.5586886637,1.21986258019154,1.11466941934947,2.26506605163296,""
"P2025","UINTAH COUNTY",2064,7,23089.586897166,115,27941.3612417868,31309.8327458709,12427.9074286403,8452.75202998292,52190.4922044941,52075.4922044941,1.21012824379358,1.12055502503745,2.2553669944994,""
"P2025","UINTAH COUNTY",2065,7,23327.1254749266,115,28004.6681371706,31535.2120222741,12539.0057911597,8440.59380440963,52514.8116178435,52399.8116178435,1.20051946251465,1.12606983477935,2.24630384374474,""
"P2025","UTAH COUNTY",2020,7,,,387417,397170.323880733,51754.6527624978,215333.329850152,664258.306493383,,,1.02517526045768,,""
"P2025","UTAH COUNTY",2021,7,,,416448,411948.278174842,53561.9500000009,217876.092632869,683386.320807712,,,0.989194997154127,,""
"P2025","UTAH COUNTY",2022,7,,,443899,429345.084171564,55299.2314257936,221047.976536666,705692.292134024,,,0.967213452095103,,""
"P2025","UTAH COUNTY",2023,7,,,452793,446636.286610342,57450.3395478714,223665.081025601,727751.707183814,,,0.98640280792844,,""
"P2025","UTAH COUNTY",2024,7,,,457908,464313.870589135,59808.5862451414,225481.822832911,749604.279667188,,,1.01398942711011,,""
"P2025","UTAH COUNTY",2025,7,237671.525669602,17649.8324080447,470972.025403527,482921.344071103,62480.1488938345,226599.775245691,772001.268210628,754351.435802583,1.98160896252354,1.02537161025082,3.17392432129729,""
"P2025","UTAH COUNTY",2026,7,247367.806233104,18077.7691133029,479991.729615211,502118.257305096,65326.3719934439,227370.539820616,794815.169119155,776737.400005852,1.94039692118584,1.04609772694963,3.14001005965143,""
"P2025","UTAH COUNTY",2027,7,257365.09692638,18396.982588099,488640.611312374,521104.639609125,68304.8516970222,228422.740682789,817832.231988936,799435.249400837,1.89862812459046,1.06643743386281,3.10623025013185,""
"P2025","UTAH COUNTY",2028,7,267392.836489992,18516.9877084903,496890.307390571,539260.390817411,71360.4124028633,229733.537119819,840354.340340094,821837.352631604,1.85827830660366,1.08527049692184,3.07352045559516,""
"P2025","UTAH COUNTY",2029,7,277211.417101271,18484.4018672096,505540.369512146,556187.627118691,74310.9121192157,231404.366862984,861902.906100891,843418.504233681,1.8236635950945,1.10018439804406,3.04250998408757,""
"P2025","UTAH COUNTY",2030,7,286637.142333121,18412.2821938449,513644.125041484,571694.062658729,77224.0386659806,233312.142728882,882230.244053592,863817.961859747,1.79196638949373,1.11301586991296,3.0136288508481,""
"P2025","UTAH COUNTY",2031,7,295572.748658839,18444.3458317772,520701.875885239,586036.793329615,80167.148257362,235105.079200625,901309.020787602,882864.674955825,1.76167078408927,1.12547471109702,2.98696236023728,""
"P2025","UTAH COUNTY",2032,7,303967.923553712,18496.8837224226,528370.040756323,598738.343940805,83338.6078182438,236998.994976214,919075.946735263,900579.06301284,1.73824275462723,1.13317996433665,2.96274374112933,""
"P2025","UTAH COUNTY",2033,7,311849.88083915,18527.1117841409,535476.975451872,610069.80857195,86584.448004157,239048.398680332,935702.655256439,917175.543472298,1.71709854116657,1.13930166289061,2.94108030762844,""
"P2025","UTAH COUNTY",2034,7,319302.529853641,18517.9672326674,546165.387382369,619954.56767867,90026.4982937604,241498.063846175,951479.129818606,932961.162585939,1.71049502060856,1.13510409484196,2.92187212864734,""
"P2025","UTAH COUNTY",2035,7,326499.701757788,18456.3656844557,546871.723279105,628545.18310645,93742.0883628397,244612.256200778,966899.527670068,948443.161985612,1.67495320925224,1.1493466499559,2.90488216950719,""
"P2025","UTAH COUNTY",2036,7,333752.549910711,18379.9174194795,553049.919686402,636666.58550925,97800.864131133,248275.274922295,982742.724562678,964362.807143199,1.65706575076163,1.15119189578811,2.88945449975197,""
"P2025","UTAH COUNTY",2037,7,341207.646336279,18348.6572406704,559501.236646268,645323.722929155,101776.696102346,252302.516529403,999402.935560904,981054.278320234,1.63976758039838,1.15339105735909,2.87524118774686,""
"P2025","UTAH COUNTY",2038,7,348939.082699153,18404.2869193444,566851.195896503,654815.485803307,105833.506130929,256379.195043368,1017028.1869776,998623.900058256,1.62449901430282,1.15518056686409,2.86188607000852,""
"P2025","UTAH COUNTY",2039,7,356899.068977129,18519.2475904305,573984.22735263,664702.066877777,110213.559642053,260480.357743261,1035395.98426309,1016876.73667266,1.60825364156221,1.15804935955046,2.84919974598707,""
"P2025","UTAH COUNTY",2040,7,364982.582262406,18619.3031463346,580877.982255918,674327.470554081,115085.018496927,264723.927540649,1054136.41659166,1035517.11344533,1.59152247390889,1.1608762789308,2.83716857672083,""
"P2025","UTAH COUNTY",2041,7,373055.903668987,18710.1255099618,587338.364569517,683508.370139928,120359.583674882,268998.039015149,1072865.99282996,1054155.86732,1.57439772107363,1.16373867496447,2.82573163151267,""
"P2025","UTAH COUNTY",2042,7,381143.490448365,18802.0440286745,593859.546855965,692173.946597046,126225.218804012,273213.657936163,1091612.82333722,1072810.77930855,1.5580996704348,1.16555160266696,2.8147162582956,""
"P2025","UTAH COUNTY",2043,7,389290.841004087,18876.8991276943,600193.191010073,700328.940331173,132461.125609449,277711.599893006,1110501.66583363,1091624.76670594,1.54176036986129,1.1668391958139,2.80413678341452,""
"P2025","UTAH COUNTY",2044,7,397594.206932367,18930.3409923536,606732.3785618,708569.44091941,138770.341824999,282454.763317031,1129794.54606144,1110864.20506909,1.52600910169953,1.16784510923746,2.79396476533183,""
"P2025","UTAH COUNTY",2045,7,406086.059416825,19032.9045332664,613746.509507135,717127.863215975,145235.414358759,287251.555626279,1149614.83320101,1130581.92866774,1.51137054640223,1.16844308213151,2.78409441164111,""
"P2025","UTAH COUNTY",2046,7,414799.567234362,19206.2738642223,620919.774206297,726449.51288764,151636.15424125,291915.340288408,1170001.0074173,1150794.73355308,1.49691519291166,1.16995712339205,2.77433928204385,""
"P2025","UTAH COUNTY",2047,7,423743.231029053,19449.0295916484,628349.844001412,736687.162845776,157919.633001908,296286.267282309,1190893.06312999,1171444.03353834,1.48285517735699,1.17241560553983,2.76451385593467,""
"P2025","UTAH COUNTY",2048,7,432879.957122823,19757.607398806,635871.994303808,748003.505689931,163918.196813833,300234.865579375,1212156.56808314,1192398.96068433,1.46893378600892,1.17634289981412,2.75457188780401,""
"P2025","UTAH COUNTY",2049,7,442146.713258684,20123.0612333394,643556.930205243,760606.990090735,169312.236371251,303643.678048541,1233562.90451053,1213439.84327719,1.45552802024047,1.18187988411245,2.74442805270216,""
"P2025","UTAH COUNTY",2050,7,451483.89019591,20529.2646498201,651462.637241332,774247.732847223,174190.399467687,306441.176891085,1254879.309206,1234350.04455618,1.44293661720387,1.18847603620959,2.73398469216823,""
"P2025","UTAH COUNTY",2051,7,460769.362553975,20954.2584466342,658753.557730401,788715.217334528,178437.679245226,308586.200973656,1275739.09755341,1254784.83910678,1.42968176981002,1.19728418629249,2.72323843788505,""
"P2025","UTAH COUNTY",2052,7,469967.062544397,21372.7511295495,665970.53828985,803777.590788322,182087.253458654,310157.390770943,1296022.23501792,1274649.48388837,1.41705789908827,1.2069266500172,2.7122102493469,""
"P2025","UTAH COUNTY",2053,7,479115.890493254,21758.9909389467,673400.425580469,818792.420241105,185689.416243438,311363.201376908,1315845.03786145,1294086.0469225,1.40550634813468,1.2159071915277,2.70098753266194,""
"P2025","UTAH COUNTY",2054,7,488266.607660292,22090.71486671,680788.238635343,833507.830955611,189382.530906337,312498.235469733,1335388.59733168,1313297.88246497,1.39429612419655,1.22432760093858,2.68971472113999,""
"P2025","UTAH COUNTY",2055,7,497447.5064801,22370.8165960516,688282.698961424,847750.760511025,193335.680832921,313675.234119861,1354761.67546381,1332390.85886776,1.38362880504047,1.23168977193561,2.67845519680188,""
"P2025","UTAH COUNTY",2056,7,506644.631589714,22612.7187149503,695511.5918142,861269.040587825,197738.615655534,314974.15745499,1373981.81369835,1351369.0949834,1.37277994959085,1.23832449483877,2.66729184664045,""
"P2025","UTAH COUNTY",2057,7,515830.751670991,22819.5502511063,702292.766571812,874264.35868724,202316.198662041,316451.946748836,1393032.50409812,1370212.95384701,1.36147905935579,1.24487165510033,2.6563227364951,""
"P2025","UTAH COUNTY",2058,7,524991.349016443,22994.4652332001,709042.328369648,886865.343940497,206907.322637195,318128.156266204,1411900.8228439,1388906.3576107,1.35057907087044,1.25079322976349,2.6455795132868,""
"P2025","UTAH COUNTY",2059,7,534141.913095152,23148.0405790924,715674.781188108,899377.585462957,211252.280674766,320043.925725153,1430673.79186287,1407525.75128378,1.33985887203841,1.25668475277259,2.63511571883153,""
"P2025","UTAH COUNTY",2060,7,543316.161737101,23287.7920843939,722229.760621183,910346.702659929,216893.610649185,322224.673630366,1449464.98693948,1426177.19485509,1.32929923952944,1.26046689335669,2.62494896212048,""
"P2025","UTAH COUNTY",2061,7,552495.629062552,23416.2981206079,728612.217730682,919475.783093972,224123.125410952,324679.078256623,1468277.98676155,1444861.68864094,1.31876557823083,1.26195493393969,2.61515496709452,""
"P2025","UTAH COUNTY",2062,7,561664.801044234,23534.1884231772,734932.374192306,925847.991580797,233862.362708812,327389.329871464,1487099.68416107,1463565.49573789,1.30848928547051,1.25977304047642,2.60576324707702,""
"P2025","UTAH COUNTY",2063,7,570808.430800871,23651.4427230806,741160.599939068,931729.185443663,243872.781491656,330327.608604596,1505929.57553992,1482278.13281684,1.29844017702959,1.25712185121587,2.59680490482093,""
"P2025","UTAH COUNTY",2064,7,579930.053205673,23778.8791013946,747305.19353828,938550.823297534,252779.477729276,333462.677673288,1524792.9787001,1501014.09959871,1.2886126342434,1.25591369016688,2.58826748381389,""
"P2025","UTAH COUNTY",2065,7,589036.39671788,23923.793108141,753370.609091357,944417.089126969,262538.513406265,336757.810983443,1543713.41351668,1519789.62040854,1.27898821412251,1.25358897431111,2.58012854362961,""
"P2025","WASATCH COUNTY",2020,7,,,19242,19946.5373597574,4429.04543107541,10557.2219407342,34932.804731567,,,1.03661455980446,,""
"P2025","WASATCH COUNTY",2021,7,,,20970,20516.7896763069,4766.44529900388,10532.6228742878,35815.8578495985,,,0.978387681273577,,""
"P2025","WASATCH COUNTY",2022,7,,,22329,21390.8266855051,5056.18778425461,10627.7894042282,37074.8038739879,,,0.957984087308214,,""
"P2025","WASATCH COUNTY",2023,7,,,23569,22033.9754185743,5358.98267799693,10539.8675830909,37932.8256796622,,,0.934871034773401,,""
"P2025","WASATCH COUNTY",2024,7,,,23478,22629.1667723433,5711.34611327687,10461.2906647344,38801.8035503546,,,0.963845590439701,,""
"P2025","WASATCH COUNTY",2025,7,14151.57539469,244.836325356668,24162.3857311261,23094.7743924046,6130.2709312612,10202.0250439366,39427.0703676024,39182.2340422457,1.70739900380225,0.955815152087975,2.76875421636434,""
"P2025","WASATCH COUNTY",2026,7,14566.7691197741,280.08792259801,24641.540584334,23538.6627998859,6560.95970011028,9889.80381996979,39989.426319966,39709.338397368,1.69162704383662,0.95524314802179,2.72602236438713,""
"P2025","WASATCH COUNTY",2027,7,14990.6153806651,306.31587857572,25096.6452998691,23949.4859562241,6984.3874887661,9604.2469864566,40538.1204314468,40231.8045528711,1.67415710846926,0.954290331239969,2.68379939924028,""
"P2025","WASATCH COUNTY",2028,7,15419.913540039,328.7385466632,25526.9909489728,24334.9102739708,7394.05997657969,9371.86918136807,41100.8394319186,40772.1008852554,1.65545616599535,0.953301167482493,2.64411994135943,""
"P2025","WASATCH COUNTY",2029,7,15847.4249510738,359.400153541341,25971.4103700503,24737.4270989447,7765.81575048117,9196.66999769886,41699.9128471247,41340.5126935834,1.63884103885853,0.952486859453401,2.60865805146357,""
"P2025","WASATCH COUNTY",2030,7,16276.9044699644,395.863848489209,26377.7708742883,25188.5910646492,8097.50722947868,9065.51206719225,42351.6103613201,41955.7465128309,1.62056433537242,0.954917350093512,2.57762442424181,""
"P2025","WASATCH COUNTY",2031,7,16715.5160137132,431.914743901632,26734.0921407499,25656.0045822294,8439.65554863686,8972.28797138834,43067.9481022546,42636.033358353,1.59935787317709,0.959673679852505,2.55068604064481,""
"P2025","WASATCH COUNTY",2032,7,17166.2233764421,464.628035879007,27140.889539663,26159.5826602964,8757.77084545924,8936.46726576357,43853.8207715192,43389.1927356402,1.58106351900963,0.963843967680848,2.52759105973099,""
"P2025","WASATCH COUNTY",2033,7,17621.5774624959,504.910441349119,27655.2280389004,26728.0225694172,9059.75734706756,8919.23734064193,44707.0172571267,44202.1068157776,1.56939570806071,0.966472687617004,2.50840805312993,""
"P2025","WASATCH COUNTY",2034,7,18079.2169453225,555.420981492665,28980.1271274286,27351.5013767339,9341.66598102525,8923.06974593482,45616.237103694,45060.8161222013,1.60295256233022,0.943801980456005,2.49240972429725,""
"P2025","WASATCH COUNTY",2035,7,18557.2677588244,587.117931832788,27987.2739915495,27933.876227623,9645.36290103623,8987.28770757005,46566.5268362293,45979.4089043965,1.50815703880982,0.998092069847795,2.47770358772413,""
"P2025","WASATCH COUNTY",2036,7,19037.6387059537,625.312118154812,28264.559736846,28468.0400140516,9973.21301143619,9105.45886247083,47546.7118879586,46921.3997698038,1.48466730424959,1.00719913131852,2.4646648932953,""
"P2025","WASATCH COUNTY",2037,7,19525.5610633128,677.197836422212,28565.2271952691,29013.125028596,10302.00043429,9266.33315225855,48581.4586151445,47904.2607787223,1.46296575563922,1.01567982744422,2.45341276613716,""
"P2025","WASATCH COUNTY",2038,7,20023.0593449761,747.844360346126,28922.6467600338,29576.8617913873,10625.2997282562,9478.20107453128,49680.3625941748,48932.5182338287,1.44446691495676,1.02261947313403,2.44380828078133,""
"P2025","WASATCH COUNTY",2039,7,20544.8206446864,806.606651988244,29288.1430179508,30102.0301555955,10988.4188294028,9739.480660929,50829.9296459273,50023.3229939391,1.42557306897326,1.02778896351148,2.43483863203629,""
"P2025","WASATCH COUNTY",2040,7,21079.9639586574,854.093373279703,29624.4867724167,30562.5143612313,11418.021113371,10026.704771104,52007.2402457062,51153.1468724265,1.4053385874149,1.03166392707562,2.42662401950731,""
"P2025","WASATCH COUNTY",2041,7,21605.1747560367,910.787640518448,29934.4174006771,31002.3443334927,11847.5260108754,10338.3826409286,53188.2529852966,52277.4653447782,1.38552072541386,1.03567555427992,2.41967333914628,""
"P2025","WASATCH COUNTY",2042,7,22116.619105073,984.360102539332,30275.0204039368,31443.8539382951,12340.406076773,10590.4451366854,54374.7051517535,53390.3450492142,1.3688810328606,1.03860719229132,2.41403737142481,""
"P2025","WASATCH COUNTY",2043,7,22627.7060418293,1063.73333313227,30580.732354046,31781.4559822594,12877.2071086439,10915.827863938,55574.4909548414,54510.7576217091,1.35147293753573,1.03926405732577,2.40902712457645,""
"P2025","WASATCH COUNTY",2044,7,23155.5078734467,1130.32852728891,30900.6575773166,32076.5016679226,13460.4526081261,11267.3845737124,56804.3388497611,55674.0103224722,1.33448412128121,1.03805239702954,2.40435280568023,""
"P2025","WASATCH COUNTY",2045,7,23695.9506127912,1199.36859844182,31227.5992774182,32415.3979929826,14041.2665712658,11615.6180150452,58072.2825792937,56872.9139808519,1.31784539002885,1.03803682457343,2.40011109535954,""
"P2025","WASATCH COUNTY",2046,7,24247.6151550727,1281.76110115078,31579.2670661285,32807.9942213254,14624.6214984877,11948.3696793267,59380.9853991398,58099.224297989,1.30236589718894,1.03890929933947,2.39607994132299,""
"P2025","WASATCH COUNTY",2047,7,24818.0799198494,1367.76821654245,31913.0436302583,33219.709839077,15255.1066778147,12251.9709162599,60726.7874331517,59359.0192166093,1.28587883242065,1.04094458128023,2.39176517314436,""
"P2025","WASATCH COUNTY",2048,7,25408.6982446167,1451.94589904476,32237.4347588375,33665.5284371472,15918.9468776853,12516.6986335032,62101.1739483356,60649.2280492908,1.2687558586622,1.04429923438366,2.38694747229487,""
"P2025","WASATCH COUNTY",2049,7,26014.6806565338,1533.41836171724,32568.804986738,34192.7840905117,16561.0998362532,12735.5463686497,63489.4302954146,61956.0119336974,1.25193944975673,1.0498630239714,2.38157879974347,""
"P2025","WASATCH COUNTY",2050,7,26629.6877281999,1612.98817808047,32909.3200629031,34802.4309348062,17168.4671168934,12905.5237317344,64876.4217834339,63263.4336053534,1.23581321714311,1.05752506792254,2.37567313034466,""
"P2025","WASATCH COUNTY",2051,7,27241.3915083542,1694.40080470355,33198.3247695048,35449.7343228699,17763.4430626093,13024.9445150065,66238.1219004856,64543.721095782,1.21867213572125,1.06781696272317,2.36932540967991,""
"P2025","WASATCH COUNTY",2052,7,27853.2255961558,1768.54794723866,33461.0677838687,36134.004194548,18334.0436750102,13098.3786782241,67566.4265477823,65797.8786005436,1.20133546717429,1.07988198188845,2.36230731601961,""
"P2025","WASATCH COUNTY",2053,7,28462.1279215739,1845.04819352742,33724.0015796004,36863.7608238826,18868.5898350269,13136.3364533741,68868.6871122836,67023.6389187562,1.18487281318267,1.09310162190781,2.35483584022378,""
"P2025","WASATCH COUNTY",2054,7,29079.1881880091,1914.56758524907,33958.4781524564,37641.7325570325,19361.8234932584,13153.0428265801,70156.598876871,68242.0312916219,1.16779319742012,1.10846347083165,2.34676535157752,""
"P2025","WASATCH COUNTY",2055,7,29710.3621594406,1974.08640884187,34185.2859397094,38431.0018819037,19850.6387113479,13155.5483477307,71437.1889409823,69463.1025321404,1.15061828449799,1.12419717505602,2.33800928306989,""
"P2025","WASATCH COUNTY",2056,7,30346.0714944232,2036.04049837577,34375.3390928624,39213.061057832,20349.6436363279,13148.7986512848,72711.5033454447,70675.4628470689,1.13277723935962,1.14073234163308,2.32898228227193,""
"P2025","WASATCH COUNTY",2057,7,30976.9207295792,2110.24125530508,34538.282016391,40017.5557763306,20823.7661212086,13137.0135010177,73978.3353985569,71868.0941432518,1.11496821513996,1.15864349469783,2.32005287971139,""
"P2025","WASATCH COUNTY",2058,7,31615.4671256819,2178.5638643173,34691.0491047703,40833.2100457668,21281.0916526658,13122.4071598689,75236.7088583014,73058.1449939841,1.09728092793511,1.17705319093829,2.3108355383001,""
"P2025","WASATCH COUNTY",2059,7,32257.7813639733,2249.91324446401,34823.3574158815,41621.64711582,21761.7834685484,13108.8954781883,76492.3260625566,74242.4128180926,1.07953355573218,1.19522212113982,2.30153499958337,""
"P2025","WASATCH COUNTY",2060,7,32901.9723454651,2330.42911437746,34972.4139077863,42365.6014755918,22285.8494403282,13101.2703079399,77752.72122386,75422.2921094825,1.06292758198755,1.21140055093994,2.29233346006012,""
"P2025","WASATCH COUNTY",2061,7,33543.988246714,2422.45292991981,35119.2365430382,43078.8113991828,22835.4308875977,13103.8522138317,79018.0945006122,76595.6415706924,1.04696067398839,1.22664430208755,2.28343871955046,""
"P2025","WASATCH COUNTY",2062,7,34183.2953483639,2523.6933242666,35263.4870197012,43769.80590426,23397.9549857005,13119.761686475,80287.5225764355,77763.8292521689,1.03159998649425,1.24122171695064,2.27490733294357,""
"P2025","WASATCH COUNTY",2063,7,34837.4558758363,2607.58166982026,35410.7680045423,44418.5435968586,23991.2630743901,13151.1205834068,81560.9272546554,78953.3455848351,1.01645677373082,1.25437956022758,2.26633500064504,""
"P2025","WASATCH COUNTY",2064,7,35486.6028287226,2701.95468989687,35554.3410047766,45037.9180920049,24602.0077054738,13200.0551816033,82839.9809790819,80138.026289185,1.00190883800236,1.26673471703369,2.25826142547299,""
"P2025","WASATCH COUNTY",2065,7,36119.1382144521,2822.8913033448,35699.0140690847,45632.6827695116,25225.2790691996,13268.2856549046,84126.2474936157,81303.3561902709,0.988368378479216,1.27826171000698,2.2509771885349,""
"P2025","WASHINGTON COUNTY",2020,7,,,108403,96067.3383472319,40603.6938404426,45440.0588815266,182111.091069201,,,0.886205532570426,,""
"P2025","WASHINGTON COUNTY",2021,7,,,117403,100849.351286434,42107.7631154194,46570.2551221734,189527.369524027,,,0.859001484514314,,""
"P2025","WASHINGTON COUNTY",2022,7,,,124640,104198.393347607,42858.341674479,46899.3500804493,193956.085102535,,,0.835994811838952,,""
"P2025","WASHINGTON COUNTY",2023,7,,,130430,107327.526365658,44031.6949091899,47168.9777147136,198528.198989562,,,0.822874540869877,,""
"P2025","WASHINGTON COUNTY",2024,7,,,135533,111143.339372452,45784.1982060516,47458.5435561827,204386.081134686,,,0.820046330948566,,""
"P2025","WASHINGTON COUNTY",2025,7,78280.9623927531,3237.86598688832,139088.816535578,113819.807311471,48270.49718311,46991.2923502482,209081.596844829,205843.730857941,1.77678981305491,0.818324651445694,2.62955033466728,""
"P2025","WASHINGTON COUNTY",2026,7,80971.6323860891,3319.01537385846,141643.336200514,116337.639464896,51028.2414665468,46400.1683180997,213766.049249543,210447.033875685,1.74929579689255,0.821342130068198,2.59902175211475,""
"P2025","WASHINGTON COUNTY",2027,7,83647.7703046076,3402.91392827158,143781.686468883,118677.352658716,53788.329609184,45921.4587764336,218387.141044333,214984.227116061,1.71889443012402,0.825399642842553,2.57011306258595,""
"P2025","WASHINGTON COUNTY",2028,7,86286.6747963786,3458.98974584479,146010.959258765,120863.017777165,56474.351364197,45560.2693186389,222897.638460001,219438.648714156,1.69216115470118,0.82776675388433,2.54313483781816,""
"P2025","WASHINGTON COUNTY",2029,7,88837.2908198985,3525.35027630624,148405.528785326,122963.614272429,59011.858732725,45291.5548157564,227267.02782091,223741.677544604,1.67053190631614,0.828564914520808,2.51855583932877,""
"P2025","WASHINGTON COUNTY",2030,7,91294.9311823031,3581.8243797733,150580.033594367,124947.730919234,61330.9391560008,45204.3784531074,231483.048528343,227901.22414857,1.64938000000986,0.82977621890973,2.49631848337213,""
"P2025","WASHINGTON COUNTY",2031,7,93639.6177956622,3641.74274477254,152455.782124095,126861.679722862,63450.012778244,45232.44849365,235544.140994756,231902.398249983,1.62811196492472,0.832121143293863,2.47654148648956,""
"P2025","WASHINGTON COUNTY",2032,7,95875.8073431448,3708.70320913164,154392.668950314,128756.279352755,65437.4373313264,45267.4663701646,239461.183054246,235752.479845114,1.6103402227189,0.83395332322541,2.45893605882601,""
"P2025","WASHINGTON COUNTY",2033,7,98019.4937158953,3779.04904873706,156030.094606464,130545.549026319,67354.1719233199,45355.7368727974,243255.457822436,239476.408773699,1.59182718346526,0.836669037185284,2.44315084372716,""
"P2025","WASHINGTON COUNTY",2034,7,100082.721046818,3850.11351685459,158425.214590464,132143.951894196,69239.1171923817,45573.7484577583,246956.817544336,243106.704027481,1.58294271911686,0.834109344499194,2.42905769831895,""
"P2025","WASHINGTON COUNTY",2035,7,102096.322438803,3912.03882037122,158587.794583619,133554.208179217,71180.8031823496,45880.2428336751,250615.254195242,246703.215374871,1.55331544560459,0.842146828070035,2.41637709842826,""
"P2025","WASHINGTON COUNTY",2036,7,104114.891817269,3976.9828214537,159967.267159299,134737.516408217,73275.896811616,46296.6930560383,254310.106275872,250333.123454418,1.53644943933723,0.842281791774578,2.40439306121333,""
"P2025","WASHINGTON COUNTY",2037,7,106234.467761762,4046.0231514172,161510.110780948,135936.285726876,75511.9844005715,46783.9699090063,258232.240036454,254186.216885037,1.52031740906487,0.841658055149519,2.39269064212819,""
"P2025","WASHINGTON COUNTY",2038,7,108500.998958625,4128.46413611507,163342.641220329,137226.701850392,77901.1027970117,47352.23412331,262480.038770714,258351.574634599,1.50544827041286,0.840115604995576,2.38109858078926,""
"P2025","WASHINGTON COUNTY",2039,7,110851.809478682,4217.29141169057,165102.770958462,138573.493641883,80481.1029018612,47820.8650453003,266875.461589044,262658.170177353,1.48940077509707,0.839316583467557,2.36945315924559,""
"P2025","WASHINGTON COUNTY",2040,7,113194.756947254,4320.83486292885,166745.016119322,139736.492629043,83235.764959976,48249.0624163762,271221.320005395,266900.485142466,1.47308073815664,0.838025002972492,2.35788734690985,""
"P2025","WASHINGTON COUNTY",2041,7,115550.995052394,4422.71435273268,168237.422604072,140823.809022008,86139.8236783905,48621.444565699,275585.077266097,271162.362913364,1.45595823322671,0.837054008806478,2.34668998558093,""
"P2025","WASHINGTON COUNTY",2042,7,117895.907809157,4532.2972174212,169841.13508824,141636.267225788,89272.3142584894,49009.8660066842,279918.447490961,275386.15027354,1.44060246232778,0.833933823818368,2.33584146719765,""
"P2025","WASHINGTON COUNTY",2043,7,120265.558161861,4624.63994774438,171350.344781539,142129.048013719,92637.8401109286,49504.4140243244,284271.302148972,279646.662201228,1.42476655328806,0.829464616455395,2.32524312426058,""
"P2025","WASHINGTON COUNTY",2044,7,122669.425745745,4724.84327713582,172911.956567693,142504.100187414,96210.5628120691,49967.0260044068,288681.68900389,283956.845726754,1.40957663669254,0.824142546392535,2.31481352423796,""
"P2025","WASHINGTON COUNTY",2045,7,125182.543427883,4833.26109731351,174664.409893894,142816.675506861,100076.893878571,50399.8528303068,293293.422215739,288460.161118425,1.3952776889736,0.81766328694907,2.30431618674217,""
"P2025","WASHINGTON COUNTY",2046,7,127822.620029145,4984.96900024466,176635.353677845,143096.122291549,104291.085773196,50788.9892986659,298176.197363411,293191.228363166,1.38187868186061,0.81012163936634,2.2937350861398,""
"P2025","WASHINGTON COUNTY",2047,7,130613.09076963,5132.84281685036,178795.348643882,143474.439588608,108723.25386052,51114.3269633395,303312.020412468,298179.177595618,1.36889302282291,0.802450626802239,2.28291954381153,""
"P2025","WASHINGTON COUNTY",2048,7,133516.51072595,5279.52970907772,181109.872557924,144029.011175984,113241.815073983,51362.7614158603,308633.587665827,303354.057956749,1.35646049745609,0.795257647425705,2.27203404513319,""
"P2025","WASHINGTON COUNTY",2049,7,136471.753276759,5431.4627815781,183510.343244124,144888.986949217,117615.905559274,51525.5650576968,314030.457566188,308598.99478461,1.34467638055454,0.789541256301129,2.26126643334598,""
"P2025","WASHINGTON COUNTY",2050,7,139378.422709784,5590.30220247086,185897.265168492,145911.289528841,121798.171982524,51573.2916777692,319282.753189135,313692.450986664,1.33375928321108,0.784902830047506,2.25065289797288,""
"P2025","WASHINGTON COUNTY",2051,7,142237.190539361,5756.5153144359,188202.88540988,147190.900419227,125708.705536549,51553.5214323924,324453.127388169,318696.612073733,1.32316228052746,0.782086311262792,2.24059973952833,""
"P2025","WASHINGTON COUNTY",2052,7,145023.38819234,5920.0417155185,190569.000666684,148703.554811874,129304.476085287,51473.3854246167,329481.416321777,323561.374606258,1.31405701550662,0.780313452301536,2.23109788455038,""
"P2025","WASHINGTON COUNTY",2053,7,147730.115459644,6081.17909053628,192901.155881472,150393.261180163,132600.840124624,51340.6226590301,334334.723963818,328253.544873282,1.30576731278713,0.779638983980853,2.22198123823271,""
"P2025","WASHINGTON COUNTY",2054,7,150363.486595609,6243.08710892129,195157.233719885,152157.304481277,135689.329098216,51175.3566985119,339021.990278005,332778.903169084,1.29790308896431,0.779665204210021,2.21316298726211,""
"P2025","WASHINGTON COUNTY",2055,7,152918.157989513,6400.9458597732,197355.938938113,153809.137073223,138732.583022958,50966.3257814601,343508.045877641,337107.100017868,1.29059845823965,0.77934891597792,2.20449359611686,""
"P2025","WASHINGTON COUNTY",2056,7,155397.093050301,6566.5646284746,199188.921537728,155370.591453813,141726.655388337,50736.8285452996,347834.075387449,341267.510758974,1.2818059696474,0.780016229087241,2.19609970856088,""
"P2025","WASHINGTON COUNTY",2057,7,157810.707935943,6736.33294729776,200872.10051492,156877.733842955,144648.58149055,50512.329494895,352038.644828401,345302.311881103,1.27286736839465,0.780983190004043,2.18807910057196,""
"P2025","WASHINGTON COUNTY",2058,7,160183.875016749,6899.7592840196,202419.667627601,158427.356639099,147433.368188666,50311.6579265833,356172.382754348,349272.623470328,1.26367068849118,0.782667803459512,2.18044808463903,""
"P2025","WASHINGTON COUNTY",2059,7,162556.687902342,7053.32535506455,203957.410888615,160168.404475574,149991.199044032,50158.8229359341,360318.42645554,353265.101100475,1.25468483346034,0.785303185492215,2.17318097249068,""
"P2025","WASHINGTON COUNTY",2060,7,164919.618857427,7195.40064176921,205427.362715599,161995.763568775,152395.631797832,50042.2255835646,364433.620950171,357238.220308402,1.24562113433691,0.788579288695088,2.1661353742106,""
"P2025","WASHINGTON COUNTY",2061,7,167260.917970443,7338.71502588407,206843.485355666,163821.642135794,154728.020681152,49959.8543804007,368509.517197347,361170.802171463,1.23665162110504,0.79200774370101,2.15932572028145,""
"P2025","WASHINGTON COUNTY",2062,7,169580.930995845,7475.42594388121,208276.752754877,165570.996764198,157058.385684421,49909.7547545653,372539.137203184,365063.711259303,1.22818498242577,0.794956684191539,2.15274034123711,""
"P2025","WASHINGTON COUNTY",2063,7,171875.800299333,7602.85770359932,209698.54663668,167172.797188838,159448.890503378,49891.5503925138,376513.23808473,368910.380381131,1.2200585903977,0.7972053210196,2.14637767352151,""
"P2025","WASHINGTON COUNTY",2064,7,174148.035773631,7725.86561254151,211115.434498965,168738.726853415,161796.555345565,49916.739861773,380452.022060753,372726.156448212,1.21227571451559,0.799272337685202,2.14028343640181,""
"P2025","WASHINGTON COUNTY",2065,7,176385.380992119,7852.38982441662,212525.628351671,170200.469528675,164150.488294924,49985.4417921475,384336.399615746,376484.009791329,1.20489366610925,0.800846800683447,2.13443998404919,""
"P2025","WAYNE COUNTY",2020,7,,,1855,1347.08535755071,566.374174843964,576.280783935333,2489.74031633,,,0.726191567412782,,""
"P2025","WAYNE COUNTY",2021,7,,,1949,1345.71029546405,575.264255715948,582.769526635438,2503.74407781544,,,0.690461926867137,,""
"P2025","WAYNE COUNTY",2022,7,,,2040,1365.37644251968,590.35434910028,586.009543654566,2541.74033527452,,,0.669302177705726,,""
"P2025","WAYNE COUNTY",2023,7,,,2230,1336.74261691751,606.823704675193,579.175508772479,2522.74183036519,,,0.599436151084085,,""
"P2025","WAYNE COUNTY",2024,7,,,2519,1337.14040624073,613.38492515999,592.215048808881,2542.7403802096,,,0.530821915935185,,""
"P2025","WAYNE COUNTY",2025,7,966.427684267026,0,2556.90560508258,1328.51979596241,633.818799276453,589.15804854677,2551.49664378563,2551.49664378563,2.64572884935703,0.519581087906256,2.64013198847959,""
"P2025","WAYNE COUNTY",2026,7,976.408692384391,0,2572.14584898431,1323.03962057076,656.211720264896,588.368299764536,2567.61964060019,2567.61964060019,2.6342922477504,0.514371928439907,2.62965668026783,""
"P2025","WAYNE COUNTY",2027,7,987.620214361484,0,2582.79408491037,1322.82739124302,676.150150074381,589.429412138648,2588.40695345605,2588.40695345605,2.61516932050667,0.512169126827207,2.62085254616777,""
"P2025","WAYNE COUNTY",2028,7,999.500202767239,0,2597.37543902825,1328.24015675898,692.122948161636,592.915307527822,2613.27841244843,2613.27841244843,2.59867424922686,0.511377807305328,2.61458517488366,""
"P2025","WAYNE COUNTY",2029,7,1011.91596039985,0,2606.69976654563,1329.29312881601,708.369471491513,604.047093841555,2641.70969414908,2641.70969414908,2.57600420247904,0.509952525364122,2.61060186569765,""
"P2025","WAYNE COUNTY",2030,7,1024.3942676229,0,2614.59790172108,1339.3242370668,718.592016308399,615.073203263246,2672.98945663844,2672.98945663844,2.55233554536403,0.512248646793902,2.60933660126886,""
"P2025","WAYNE COUNTY",2031,7,1036.97867737834,0,2617.58824402074,1358.21746071137,722.040284115115,626.313443790385,2706.57118861687,2706.57118861687,2.52424500245121,0.51888125025542,2.61005481372052,""
"P2025","WAYNE COUNTY",2032,7,1049.76812688555,0,2620.44093948704,1380.94657899219,725.959750888558,635.144029258333,2742.05035913909,2742.05035913909,2.49620927933996,0.526990155810386,2.6120533562723,""
"P2025","WAYNE COUNTY",2033,7,1062.53003566775,0,2629.62334270677,1407.3743484311,726.244580872289,645.061663122622,2778.68059242601,2778.68059242601,2.47486965491208,0.535199975439234,2.61515486541492,""
"P2025","WAYNE COUNTY",2034,7,1075.09323885712,0,2643.33924401067,1442.62828652208,720.683579379033,652.722903758284,2816.0347696594,2816.0347696594,2.45870697393714,0.54575979598185,2.61934004222089,""
"P2025","WAYNE COUNTY",2035,7,1087.75328357081,0,2620.03333802863,1472.1967967895,717.10511244415,664.5008460867,2853.80275532035,2853.80275532035,2.40866506918531,0.561900024484884,2.62357539933326,""
"P2025","WAYNE COUNTY",2036,7,1100.61551128294,0,2615.7912082305,1499.13226020621,717.333637461083,675.21051188743,2891.67640955472,2891.67640955472,2.37666213261104,0.573108532320638,2.62732660035294,""
"P2025","WAYNE COUNTY",2037,7,1114.61759716161,0,2613.62473331881,1520.8736274384,722.298171690703,689.268761640087,2932.44056076919,2932.44056076919,2.34486225587542,0.581902064229082,2.63089383142406,""
"P2025","WAYNE COUNTY",2038,7,1129.33178802387,0,2612.5782727897,1549.88304302732,723.477564894384,700.916661206672,2974.27726912837,2974.27726912837,2.31338416264829,0.593238893230311,2.63366116199813,""
"P2025","WAYNE COUNTY",2039,7,1145.22004151433,0,2618.38271258017,1596.10950992561,720.445390682488,701.462393409765,3018.01729401787,3018.01729401787,2.28635774581614,0.609578386787008,2.63531651963332,""
"P2025","WAYNE COUNTY",2040,7,1161.45288261742,0,2617.91909946849,1629.47469373957,719.896525123269,711.127161744728,3060.49838060757,3060.49838060757,2.25400370402355,0.622431263850131,2.6350602993989,""
"P2025","WAYNE COUNTY",2041,7,1177.9152706059,0,2614.70155957223,1663.596923359,722.720342800458,717.02113603813,3103.33840219759,3103.33840219759,2.2197704918345,0.636247344278621,2.63460240276984,""
"P2025","WAYNE COUNTY",2042,7,1194.21566808777,0,2612.90767080786,1698.25862711853,725.338489845191,720.722228338752,3144.31934530248,3144.31934530248,2.18796967803291,0.649949726923746,2.63295770548489,""
"P2025","WAYNE COUNTY",2043,7,1211.37945651655,0,2617.91823363505,1731.03147348397,727.225784153932,728.035221883584,3186.29247952149,3186.29247952149,2.16110502745618,0.661224422995208,2.63030090396614,""
"P2025","WAYNE COUNTY",2044,7,1228.06149340077,0,2620.02064694576,1764.08073100574,727.122619223471,734.726911472143,3225.93026170136,3225.93026170136,2.13346046678033,0.673307950096571,2.62684749830243,""
"P2025","WAYNE COUNTY",2045,7,1244.37630723391,0,2622.47849230219,1788.06667633727,735.431352312836,739.577684666989,3263.07571331709,3263.07571331709,2.10746417868693,0.681823199536551,2.62225798928179,""
"P2025","WAYNE COUNTY",2046,7,1261.66231784782,0,2625.44636904785,1811.82150509801,746.187617151901,743.752961337494,3301.76208358741,3301.76208358741,2.08094220767916,0.690100367868146,2.61699349887825,""
"P2025","WAYNE COUNTY",2047,7,1279.58379591058,0,2633.18461951583,1833.33291477477,760.823954846107,746.90884413237,3341.06571375324,3341.06571375324,2.05784461160826,0.696241691975198,2.61105659858381,""
"P2025","WAYNE COUNTY",2048,7,1298.07373819283,0,2635.87356492939,1854.51539120706,777.319375179637,749.206966003707,3381.0417323904,3381.0417323904,2.03060387663265,0.703567658131106,2.60466076225952,""
"P2025","WAYNE COUNTY",2049,7,1316.86261553366,0,2644.22844048159,1874.21508252439,796.146395172983,750.594052554162,3420.95553025154,3420.95553025154,2.00797593408027,0.708794691801682,2.59780746290318,""
"P2025","WAYNE COUNTY",2050,7,1335.03085894791,0,2653.27707920456,1889.52736515752,817.946770475397,750.469946576797,3457.94408220972,3457.94408220972,1.98742752755207,0.712148527557473,2.59016041392092,""
"P2025","WAYNE COUNTY",2051,7,1352.92056455366,0,2660.46508626003,1908.45962987287,835.426060658599,749.51951431257,3493.40520484404,3493.40520484404,1.96646067475347,0.71734060323855,2.58212144627763,""
"P2025","WAYNE COUNTY",2052,7,1370.56148742125,0,2670.16001207963,1933.78868973256,845.744383250083,747.998478689781,3527.53155167242,3527.53155167242,1.9482234373181,0.724222024516967,2.57378569589721,""
"P2025","WAYNE COUNTY",2053,7,1388.05109411317,0,2676.71525834372,1959.73256802931,854.623415204256,746.124705650714,3560.48068888428,3560.48068888428,1.92839821941416,0.732140843864708,2.56509339172351,""
"P2025","WAYNE COUNTY",2054,7,1404.8441803739,0,2687.4272226506,1982.64918679051,864.285402572546,743.607149536678,3590.54173889973,3590.54173889973,1.91297174462106,0.737749908194734,2.5558291724169,""
"P2025","WAYNE COUNTY",2055,7,1421.10349837439,0,2692.01480316164,2004.76688706522,873.092765201037,740.404752251394,3618.26440451766,3618.26440451766,1.89431298018832,0.744708715832736,2.54609492458263,""
"P2025","WAYNE COUNTY",2056,7,1436.65292019725,0,2690.41287921737,2025.19046917966,881.719897687838,736.511208907026,3643.42157577452,3643.42157577452,1.87269509663335,0.752743374380805,2.53604856437718,""
"P2025","WAYNE COUNTY",2057,7,1451.5018514432,0,2689.63513741176,2043.76680498176,890.237017521534,732.229212882876,3666.23303538617,3666.23303538617,1.85300152027881,0.759867677423519,2.52582043332629,""
"P2025","WAYNE COUNTY",2058,7,1466.23924546078,0,2686.96372605773,2062.81517336998,897.61416125618,728.053410765842,3688.482745392,3688.482745392,1.83255477192832,0.767712326506361,2.51560770645779,""
"P2025","WAYNE COUNTY",2059,7,1481.39026374012,0,2685.07859886171,2077.24290875701,910.111794657064,724.498845817522,3711.8535492316,3711.8535492316,1.81253965587879,0.773624619270966,2.5056554238855,""
"P2025","WAYNE COUNTY",2060,7,1497.05313756067,0,2685.29496010627,2089.25148052315,925.689935241376,721.610747693391,3736.55216345792,3736.55216345792,1.79372053852527,0.778034261249449,2.49593823339253,""
"P2025","WAYNE COUNTY",2061,7,1512.45688243625,0,2682.28377495103,2098.81371283363,942.797637171383,718.827170245962,3760.43852025098,3760.43852025098,1.77346131721153,0.782472657231037,2.48631122243545,""
"P2025","WAYNE COUNTY",2062,7,1527.84135971479,0,2681.15151412342,2111.94218822821,956.070180566519,716.386141068379,3784.39850986311,3784.39850986311,1.75486250393426,0.787699679448624,2.47695775860497,""
"P2025","WAYNE COUNTY",2063,7,1543.56086604194,0,2682.92411023088,2132.41185598766,962.43899371641,714.621752019625,3809.4726017237,3809.4726017237,1.73813949890459,0.794808860920093,2.46797692629517,""
"P2025","WAYNE COUNTY",2064,7,1558.98684094088,0,2681.84815000848,2147.77991999878,973.010591822041,713.060291987869,3833.85080380869,3833.85080380869,1.72025066509858,0.800858139560209,2.45919381942627,""
"P2025","WAYNE COUNTY",2065,7,1574.21307126332,0,2680.80091998831,2160.58276342985,985.420208473857,711.810457885131,3857.81342978884,3857.81342978884,1.70294667788328,0.80594674051338,2.45062977827576,""
"P2025","WEBER COUNTY",2020,7,,,144376,159280.678384662,31443.2008514543,72002.6593015859,262726.538537702,,,1.10323515255071,,""
"P2025","WEBER COUNTY",2021,7,,,151431,161916.588814023,32459.9407475054,71626.4056500472,266002.935211575,,,1.06924334392577,,""
"P2025","WEBER COUNTY",2022,7,,,158125,163940.903294524,33481.8070511102,71035.8280635002,268458.538409135,,,1.03678041609185,,""
"P2025","WEBER COUNTY",2023,7,,,162719,165062.085418499,34711.572628291,70037.0382565034,269810.696303294,,,1.01439958098623,,""
"P2025","WEBER COUNTY",2024,7,,,164836,166458.862399,35939.4285456006,68983.2505868458,271381.541531447,,,1.00984531533767,,""
"P2025","WEBER COUNTY",2025,7,100008.368802077,3852.85721306413,167180.065174574,168117.182786038,37226.2817851246,67889.0790753789,273232.543646542,269379.686433478,1.67166075376586,1.00560543872552,2.69357144467177,""
"P2025","WEBER COUNTY",2026,7,101478.811816333,3893.99718388075,168323.578287168,169559.757755468,38613.0606344437,66668.6006797209,274841.419069632,270947.421885751,1.65870663318189,1.00734406600002,2.66999008991296,""
"P2025","WEBER COUNTY",2027,7,102944.645131791,3933.98033743594,169579.267648242,170855.209258429,39980.0224084069,65532.3633025488,276367.594969384,272433.614631948,1.64728595092192,1.00752416039933,2.6464087984681,""
"P2025","WEBER COUNTY",2028,7,104424.229265375,3966.64668805155,170791.586854525,172177.406002912,41172.3716398024,64554.979628552,277904.757271266,273938.110583214,1.63555515856851,1.00811409492651,2.62331943946698,""
"P2025","WEBER COUNTY",2029,7,105928.447946565,3995.90042617038,172361.899946971,173492.209505459,42281.5828064012,63754.7906232833,279528.582935143,275532.682508973,1.6271540203621,1.00655776919862,2.60112073621586,""
"P2025","WEBER COUNTY",2030,7,107464.082755239,4026.69801754289,174013.028511252,174942.136127255,43313.3128079627,63039.0025134903,281294.451448708,277267.753431165,1.6192668661918,1.00533929915451,2.58009696190933,""
"P2025","WEBER COUNTY",2031,7,109043.374895929,4061.07977788441,175117.761849297,176615.561599134,44238.5652104616,62388.0008036099,283242.127613205,279181.047835321,1.60594590929004,1.00855310011971,2.56027519417636,""
"P2025","WEBER COUNTY",2032,7,110668.242286888,4097.04347088481,176426.493567597,178408.333100695,45071.1504986075,61908.3087382886,285387.792337591,281290.748866706,1.59419260595323,1.01123323086585,2.54174768708723,""
"P2025","WEBER COUNTY",2033,7,112333.548841093,4135.26613524303,177826.685689569,180459.318355651,45833.3681418254,61431.3548230335,287724.04132051,283588.775185267,1.58302383859627,1.01480448592894,2.5245243127361,""
"P2025","WEBER COUNTY",2034,7,114034.759341594,4174.87600754296,180228.675619536,182532.618810102,46688.3755671065,60993.4932413546,290214.487618563,286039.61161102,1.58047139889739,1.01278344404766,2.50835458646588,""
"P2025","WEBER COUNTY",2035,7,115752.543582311,4213.20032205372,179481.330732956,184312.750612661,47681.0534652901,60815.062679493,292808.866757444,288595.66643539,1.55056057671275,1.02691878793173,2.49321230880919,""
"P2025","WEBER COUNTY",2036,7,117467.198729501,4248.92961699687,180677.528552524,185906.816445427,48784.3778892781,60772.3064151339,295463.500749839,291214.571132842,1.53811047259739,1.02894265786563,2.47911395080971,""
"P2025","WEBER COUNTY",2037,7,119203.762313133,4282.7674397685,182098.261484108,187625.735116212,49795.4359251636,60822.9728373516,298244.143878727,293961.376438959,1.52762176252256,1.03035434598362,2.46604109412889,""
"P2025","WEBER COUNTY",2038,7,120972.639089496,4318.4879421287,183781.925187477,189497.160047079,50734.2381125343,60943.507907645,301174.906067258,296856.418125129,1.51920241279943,1.03109791593364,2.45391371436903,""
"P2025","WEBER COUNTY",2039,7,122760.742031532,4356.56994491978,185516.757700646,191281.636872546,51778.5259909192,61158.126128869,304218.288992334,299861.719047414,1.51120590044165,1.03107470852419,2.44265156828714,""
"P2025","WEBER COUNTY",2040,7,124547.42436343,4395.95871134277,187271.441468145,192995.727265017,52975.7007568594,61341.4540148017,307312.882036678,302916.923325335,1.50361552978957,1.03056678451341,2.43214120945145,""
"P2025","WEBER COUNTY",2041,7,126314.842867776,4437.56861308188,188673.957612652,194444.83895973,54311.309850693,61639.5170031315,310395.665813555,305958.097200473,1.49368002468366,1.03058652831635,2.42218642128023,""
"P2025","WEBER COUNTY",2042,7,128066.04860353,4477.87064785549,190257.329141522,195686.158018928,55838.566497785,61947.0215734791,313471.746090192,308993.875442336,1.48561879761376,1.02853413795885,2.41276965137675,""
"P2025","WEBER COUNTY",2043,7,129810.076596077,4518.18004169554,191733.275512506,196830.035453448,57430.9816836101,62300.9556393743,316561.972776433,312043.792734737,1.47702921483601,1.02658255291012,2.40384876827172,""
"P2025","WEBER COUNTY",2044,7,131571.132791576,4561.03447793487,193253.116604412,197951.22814306,59086.22333746,62671.9422946001,319709.39377512,315148.359297185,1.46881092002565,1.02431066376158,2.39526978760924,""
"P2025","WEBER COUNTY",2045,7,133354.798260169,4608.14072748698,194907.655520756,199104.808655317,60784.9446119299,63044.3852989447,322934.138566192,318325.997838705,1.46157212236563,1.02153405992877,2.387060698166,""
"P2025","WEBER COUNTY",2046,7,135169.417258357,4657.20311116358,196673.540865953,200374.045544305,62471.0517160015,63397.3120682793,326242.409328586,321585.206217422,1.45501508296096,1.01881546781564,2.37912697073154,""
"P2025","WEBER COUNTY",2047,7,137018.926914717,4707.95982387092,198453.753981797,201747.513497044,64166.6942215039,63710.2219518192,329624.429670367,324916.469846496,1.44836745149317,1.01659711368095,2.37132545964785,""
"P2025","WEBER COUNTY",2048,7,138894.623799893,4761.88681816911,200309.676655329,203267.817637384,65819.8812624351,63970.7846387349,333058.483538554,328296.596720385,1.44217012275376,1.0147678386359,2.36363789856521,""
"P2025","WEBER COUNTY",2049,7,140787.537239842,4819.87793092646,202202.240694951,204961.459673156,67382.8559840345,64163.51641183,336507.83206902,331687.954138094,1.43622258517446,1.01364583779449,2.35594684473412,""
"P2025","WEBER COUNTY",2050,7,142691.388476167,4881.90210154045,204249.928595679,206623.212563314,69037.4183411895,64274.6765600779,339935.307464582,335053.405363042,1.43141033791113,1.01161950941159,2.34809829059168,""
"P2025","WEBER COUNTY",2051,7,144584.287147978,4946.36022610999,205895.758167198,208397.626971892,70588.8382997815,64296.0071907921,343282.472462466,338336.112236356,1.42405348623028,1.01215114301997,2.34006141960695,""
"P2025","WEBER COUNTY",2052,7,146461.417165604,5011.49840635368,207660.732359537,210266.635106419,72036.6915944797,64227.3885317239,346530.715232623,341519.216826269,1.41785281324115,1.01254884694507,2.33180330653303,""
"P2025","WEBER COUNTY",2053,7,148331.4940099,5076.90880495712,209329.537745714,212128.508385555,73490.4094798645,64080.3579836652,349699.275849085,344622.367044128,1.41122786595639,1.01337112129508,2.32332566556046,""
"P2025","WEBER COUNTY",2054,7,150205.612228867,5142.98345948809,210938.090114966,213833.756633241,75112.958523114,63870.8758635143,352817.591019869,347674.607560381,1.40432895272622,1.01372756583079,2.31465790393126,""
"P2025","WEBER COUNTY",2055,7,152093.150473472,5209.96230120175,212485.765240324,215338.712778799,76952.2103509997,63612.4730817834,355903.396211582,350693.43391038,1.39707649278648,1.01342653487987,2.30578058787432,""
"P2025","WEBER COUNTY",2056,7,153989.162287318,5276.87249274024,213932.156937743,216726.770503236,78912.9920280143,63320.0500267893,358959.812558039,353682.940065299,1.38926761961716,1.01306308320121,2.2968041049888,""
"P2025","WEBER COUNTY",2057,7,155886.968136825,5341.69193104632,215223.431859767,218080.045051235,80896.6852839821,63007.7938900113,361984.524225228,356642.832294182,1.38063774305278,1.01327277967266,2.28782967913745,""
"P2025","WEBER COUNTY",2058,7,157784.732248843,5405.44515600681,216427.311348407,219436.77861811,82856.1096126577,62682.8910395202,364975.779270288,359570.334114281,1.37166193625806,1.01390521025721,2.2788664593175,""
"P2025","WEBER COUNTY",2059,7,159685.168674524,5469.49704169389,217551.507936444,220889.111609258,84698.8844435447,62359.6447240997,367947.640776903,362478.143735209,1.36237766939937,1.01534167105745,2.26995497918799,""
"P2025","WEBER COUNTY",2060,7,161596.311373632,5532.56914356947,218726.014540469,222344.022458514,86524.6501994379,62049.6249325471,370918.297590499,365385.72844693,1.35353346051783,1.01654127848325,2.26110191093477,""
"P2025","WEBER COUNTY",2061,7,163512.313423877,5590.74873880011,219609.223651017,223796.059412909,88324.3455153884,61768.0845904632,373888.48951876,368297.74077996,1.34307453091755,1.01906493585418,2.25241593778453,""
"P2025","WEBER COUNTY",2062,7,165425.965042792,5645.76495481222,220650.927943013,225227.784578631,90104.0107336459,61524.5198104132,376856.31512269,371210.550167878,1.33383491452467,1.02074252158504,2.24396786847732,""
"P2025","WEBER COUNTY",2063,7,167330.584923229,5700.80665603599,221699.143233846,226723.721617365,91770.7666000806,61327.369596447,379821.857813892,374121.051157856,1.32491703973641,1.02266395038892,2.23581989705888,""
"P2025","WEBER COUNTY",2064,7,169224.329060809,5756.98822399095,222751.755942646,228383.202404928,93222.1313048323,61183.922008729,382789.255718489,377032.267494498,1.31631046894328,1.02528126630675,2.22800273215452,""
"P2025","WEBER COUNTY",2065,7,171105.962663421,5814.21323655207,223805.036836571,229870.456399253,94791.7744009413,61100.1133178833,385762.344118077,379948.130881525,1.30799086924173,1.02710135414473,2.22054290199643,""
