county,year,tdm_sector,empcount
Beaver,2023,AGRI,738.0
Beaver,2023,CONS,278.0
Beaver,2023,FOOD,517.0
Beaver,2023,GVED,810.0
Beaver,2023,HLTH,160.0
Beaver,2023,MANU,223.0
Beaver,2023,MING,102.0
Beaver,2023,OFFI,146.0
Beaver,2023,OTHR,937.0
Beaver,2023,RETL,542.0
Beaver,2023,WSLE,275.0
Beaver,2024,AGRI,739.0
Beaver,2024,CONS,302.0
Beaver,2024,FOOD,481.0
Beaver,2024,GVED,801.0
Beaver,2024,HLTH,165.0
Beaver,2024,MANU,233.0
Beaver,2024,MING,152.0
Beaver,2024,OFFI,147.0
Beaver,2024,OTHR,1057.0
Beaver,2024,RETL,497.0
Beaver,2024,WSLE,295.0
Beaver,2025,AGRI,736.7687204336094
Beaver,2025,CONS,388.011806645173
Beaver,2025,FOOD,483.522836102111
Beaver,2025,GVED,820.6597986707885
Beaver,2025,HLTH,173.073972247949
Beaver,2025,MANU,237.784578043474
Beaver,2025,MING,180.655710942295
Beaver,2025,OFFI,149.0463341984351
Beaver,2025,OTHR,1060.3399405722541
Beaver,2025,RETL,506.102750006323
Beaver,2025,WSLE,299.8750615273104
Beaver,2026,AGRI,736.5610218527246
Beaver,2026,CONS,393.707761948737
Beaver,2026,FOOD,496.285252866619
Beaver,2026,GVED,915.3582747504744
Beaver,2026,HLTH,183.359727482936
Beaver,2026,MANU,240.339748492157
Beaver,2026,MING,215.130361723919
Beaver,2026,OFFI,149.5819125675299
Beaver,2026,OTHR,1082.1378670058998
Beaver,2026,RETL,540.20698837389
Beaver,2026,WSLE,324.7734942853271
Beaver,2027,AGRI,733.3972632461852
Beaver,2027,CONS,343.418756942278
Beaver,2027,FOOD,497.151040091927
Beaver,2027,GVED,959.5771729029364
Beaver,2027,HLTH,187.523903465924
Beaver,2027,MANU,242.79983853421
Beaver,2027,MING,247.346562076414
Beaver,2027,OFFI,148.7466470955296
Beaver,2027,OTHR,1077.130509136045
Beaver,2027,RETL,542.998032192289
Beaver,2027,WSLE,324.9434667044355
Beaver,2028,AGRI,727.2749869874568
Beaver,2028,CONS,349.505445231055
Beaver,2028,FOOD,497.12184426691
Beaver,2028,GVED,982.3141318278962
Beaver,2028,HLTH,190.095738611515
Beaver,2028,MANU,244.162391773947
Beaver,2028,MING,238.770531134796
Beaver,2028,OFFI,150.598685590845
Beaver,2028,OTHR,1080.0410931039996
Beaver,2028,RETL,544.655998395913
Beaver,2028,WSLE,324.041940506577
Beaver,2029,AGRI,723.1884003230833
Beaver,2029,CONS,352.823124892993
Beaver,2029,FOOD,495.926133088908
Beaver,2029,GVED,992.092054759994
Beaver,2029,HLTH,193.342810122434
Beaver,2029,MANU,247.501984049716
Beaver,2029,MING,228.311912944706
Beaver,2029,OFFI,151.3011150539318
Beaver,2029,OTHR,1085.2912427675737
Beaver,2029,RETL,546.207514775522
Beaver,2029,WSLE,321.15733481168223
Beaver,2030,AGRI,719.1390062178799
Beaver,2030,CONS,352.416998275124
Beaver,2030,FOOD,492.593458081086
Beaver,2030,GVED,996.966553268791
Beaver,2030,HLTH,195.501486391476
Beaver,2030,MANU,251.831652171818
Beaver,2030,MING,224.878301782971
Beaver,2030,OFFI,152.9204577852621
Beaver,2030,OTHR,1089.1977050090468
Beaver,2030,RETL,548.210750802799
Beaver,2030,WSLE,320.2753322674949
Beaver,2031,AGRI,715.1057745731887
Beaver,2031,CONS,348.876562048946
Beaver,2031,FOOD,486.219708976825
Beaver,2031,GVED,995.7041028783594
Beaver,2031,HLTH,197.607420529253
Beaver,2031,MANU,256.174949674572
Beaver,2031,MING,223.465085468002
Beaver,2031,OFFI,152.5378826026261
Beaver,2031,OTHR,1091.50905566171
Beaver,2031,RETL,552.173032767236
Beaver,2031,WSLE,317.4750924493851
Beaver,2032,AGRI,711.1215550086406
Beaver,2032,CONS,346.474740102675
Beaver,2032,FOOD,481.967877554023
Beaver,2032,GVED,991.9140777070942
Beaver,2032,HLTH,199.708876625577
Beaver,2032,MANU,259.580574056396
Beaver,2032,MING,228.034234606975
Beaver,2032,OFFI,153.1589557327532
Beaver,2032,OTHR,1091.6719392810028
Beaver,2032,RETL,553.830736041609
Beaver,2032,WSLE,315.77673216282847
Beaver,2033,AGRI,710.1329892491599
Beaver,2033,CONS,347.807536027996
Beaver,2033,FOOD,480.859653804418
Beaver,2033,GVED,989.6066352997403
Beaver,2033,HLTH,201.494773789925
Beaver,2033,MANU,263.045339779875
Beaver,2033,MING,232.620328862157
Beaver,2033,OFFI,153.82914601417102
Beaver,2033,OTHR,1099.246522574314
Beaver,2033,RETL,555.248624567699
Beaver,2033,WSLE,312.2287921867632
Beaver,2034,AGRI,710.2165637431312
Beaver,2034,CONS,351.510312485322
Beaver,2034,FOOD,482.481047975889
Beaver,2034,GVED,990.0002753837624
Beaver,2034,HLTH,203.565520024578
Beaver,2034,MANU,265.667881331871
Beaver,2034,MING,237.271036301937
Beaver,2034,OFFI,154.6443974333101
Beaver,2034,OTHR,1116.068786120977
Beaver,2034,RETL,556.371838454574
Beaver,2034,WSLE,309.0904728904295
Beaver,2035,AGRI,708.1611155685133
Beaver,2035,CONS,355.753409163178
Beaver,2035,FOOD,478.007532096529
Beaver,2035,GVED,987.638603539632
Beaver,2035,HLTH,203.730912409062
Beaver,2035,MANU,268.947574689933
Beaver,2035,MING,238.840971515697
Beaver,2035,OFFI,156.0951080955428
Beaver,2035,OTHR,1093.6913929639556
Beaver,2035,RETL,555.298269058414
Beaver,2035,WSLE,305.1128742039353
Beaver,2036,AGRI,707.2150968473165
Beaver,2036,CONS,361.502824321214
Beaver,2036,FOOD,479.771437535707
Beaver,2036,GVED,988.5537356690302
Beaver,2036,HLTH,205.484538087467
Beaver,2036,MANU,272.463117283988
Beaver,2036,MING,237.560714704416
Beaver,2036,OFFI,158.7648330553531
Beaver,2036,OTHR,1099.032224062505
Beaver,2036,RETL,556.407601967129
Beaver,2036,WSLE,300.7381251400401
Beaver,2037,AGRI,706.3147917252098
Beaver,2037,CONS,364.687978349583
Beaver,2037,FOOD,483.501396002649
Beaver,2037,GVED,991.1989425246795
Beaver,2037,HLTH,207.641510421649
Beaver,2037,MANU,276.992728654446
Beaver,2037,MING,237.296099729682
Beaver,2037,OFFI,159.4975721067534
Beaver,2037,OTHR,1103.513089394388
Beaver,2037,RETL,559.610642228856
Beaver,2037,WSLE,298.3886684823283
Beaver,2038,AGRI,705.4552803091733
Beaver,2038,CONS,366.888486707201
Beaver,2038,FOOD,485.315527299044
Beaver,2038,GVED,996.5422716825199
Beaver,2038,HLTH,209.217921173056
Beaver,2038,MANU,281.549179304552
Beaver,2038,MING,237.060632795694
Beaver,2038,OFFI,160.2550108975455
Beaver,2038,OTHR,1114.0698682255345
Beaver,2038,RETL,563.26617111612
Beaver,2038,WSLE,296.0976303007645
Beaver,2039,AGRI,703.6366092535877
Beaver,2039,CONS,369.046906164903
Beaver,2039,FOOD,487.100408907598
Beaver,2039,GVED,1001.8610849408074
Beaver,2039,HLTH,212.043610831271
Beaver,2039,MANU,285.135671028145
Beaver,2039,MING,236.844085948565
Beaver,2039,OFFI,162.00299682099939
Beaver,2039,OTHR,1120.7602806977561
Beaver,2039,RETL,566.690706903985
Beaver,2039,WSLE,294.8174020749046
Beaver,2040,AGRI,702.8206484767662
Beaver,2040,CONS,369.348668924592
Beaver,2040,FOOD,487.994898693415
Beaver,2040,GVED,1009.6294167893686
Beaver,2040,HLTH,214.111765893005
Beaver,2040,MANU,288.724843843931
Beaver,2040,MING,237.623768405926
Beaver,2040,OFFI,162.7815538901432
Beaver,2040,OTHR,1127.574054126256
Beaver,2040,RETL,570.43446086337
Beaver,2040,WSLE,293.5564314890612
Beaver,2041,AGRI,701.0327652597787
Beaver,2041,CONS,367.230574755968
Beaver,2041,FOOD,489.777649296854
Beaver,2041,GVED,1013.6993659132718
Beaver,2041,HLTH,216.218943271864
Beaver,2041,MANU,291.332271241259
Beaver,2041,MING,238.410550219388
Beaver,2041,OFFI,163.5580945582545
Beaver,2041,OTHR,1131.317744352918
Beaver,2041,RETL,574.266501332734
Beaver,2041,WSLE,292.2997152725108
Beaver,2042,AGRI,699.2668210191293
Beaver,2042,CONS,367.265200806379
Beaver,2042,FOOD,490.544342372817
Beaver,2042,GVED,1020.510705749019
Beaver,2042,HLTH,217.35778333417
Beaver,2042,MANU,293.942132221453
Beaver,2042,MING,240.181265241067
Beaver,2042,OFFI,165.3138484976991
Beaver,2042,OTHR,1136.036949677729
Beaver,2042,RETL,578.116533554647
Beaver,2042,WSLE,292.0305997481171
Beaver,2043,AGRI,696.5500775202986
Beaver,2043,CONS,365.793626811135
Beaver,2043,FOOD,491.330452038053
Beaver,2043,GVED,1027.8590520835821
Beaver,2043,HLTH,219.257670886389
Beaver,2043,MANU,296.564219827488
Beaver,2043,MING,240.987578109012
Beaver,2043,OFFI,166.09836738235822
Beaver,2043,OTHR,1138.829197674169
Beaver,2043,RETL,581.045131509682
Beaver,2043,WSLE,289.8323941067264
Beaver,2044,AGRI,694.8342293892489
Beaver,2044,CONS,364.386272528329
Beaver,2044,FOOD,491.109388836711
Beaver,2044,GVED,1033.9981716769942
Beaver,2044,HLTH,220.761914417482
Beaver,2044,MANU,299.19150878271
Beaver,2044,MING,241.802625445281
Beaver,2044,OFFI,168.83183914220552
Beaver,2044,OTHR,1142.566721420937
Beaver,2044,RETL,583.133228757938
Beaver,2044,WSLE,288.62022333083996
Beaver,2045,AGRI,693.1528362216774
Beaver,2045,CONS,365.493300641959
Beaver,2045,FOOD,490.882162380151
Beaver,2045,GVED,1040.6378918039045
Beaver,2045,HLTH,222.221445387648
Beaver,2045,MANU,302.800472290273
Beaver,2045,MING,241.657428871381
Beaver,2045,OFFI,168.6499880046768
Beaver,2045,OTHR,1146.306871907123
Beaver,2045,RETL,586.587466315826
Beaver,2045,WSLE,288.3946663933158
Beaver,2046,AGRI,691.4980425209257
Beaver,2046,CONS,370.571198153535
Beaver,2046,FOOD,490.627016668242
Beaver,2046,GVED,1046.351896584333
Beaver,2046,HLTH,223.76215504271
Beaver,2046,MANU,305.440673449308
Beaver,2046,MING,241.520797874885
Beaver,2046,OFFI,171.3866396104741
Beaver,2046,OTHR,1148.0877167313602
Beaver,2046,RETL,589.155977072491
Beaver,2046,WSLE,287.2056326569584
Beaver,2047,AGRI,689.8730189489881
Beaver,2047,CONS,378.143450513695
Beaver,2047,FOOD,491.317436857431
Beaver,2047,GVED,1052.666239856122
Beaver,2047,HLTH,226.342941425357
Beaver,2047,MANU,309.057784632291
Beaver,2047,MING,243.333758533204
Beaver,2047,OFFI,172.1821216849303
Beaver,2047,OTHR,1149.843237084594
Beaver,2047,RETL,594.146936236389
Beaver,2047,WSLE,286.9977682070709
Beaver,2048,AGRI,688.271301349185
Beaver,2048,CONS,386.953282382843
Beaver,2048,FOOD,491.026270736408
Beaver,2048,GVED,1058.6746215819453
Beaver,2048,HLTH,227.937524748093
Beaver,2048,MANU,312.677646559923
Beaver,2048,MING,246.118871790599
Beaver,2048,OFFI,174.91873502220523
Beaver,2048,OTHR,1148.6876970851981
Beaver,2048,RETL,597.344745683724
Beaver,2048,WSLE,286.7973294599309
Beaver,2049,AGRI,685.7243525814101
Beaver,2049,CONS,397.722811485579
Beaver,2049,FOOD,491.68315786778
Beaver,2049,GVED,1062.8572154640735
Beaver,2049,HLTH,229.556273611326
Beaver,2049,MANU,316.299853386446
Beaver,2049,MING,249.875676435915
Beaver,2049,OFFI,176.6856803266641
Beaver,2049,OTHR,1149.485580001712
Beaver,2049,RETL,600.767594426099
Beaver,2049,WSLE,286.6033225118967
Beaver,2050,AGRI,684.1799248318921
Beaver,2050,CONS,409.184387130064
Beaver,2050,FOOD,491.394541323394
Beaver,2050,GVED,1067.107932420091
Beaver,2050,HLTH,231.082217718628
Beaver,2050,MANU,319.933919775415
Beaver,2050,MING,252.671777126511
Beaver,2050,OFFI,179.4256677871393
Beaver,2050,OTHR,1150.349219624258
Beaver,2050,RETL,604.357289141615
Beaver,2050,WSLE,285.45862216620367
Beaver,2051,AGRI,681.64386478632
Beaver,2051,CONS,422.417107341369
Beaver,2051,FOOD,491.947364056847
Beaver,2051,GVED,1068.7297316444572
Beaver,2051,HLTH,232.496315939782
Beaver,2051,MANU,323.538489412995
Beaver,2051,MING,255.448417301012
Beaver,2051,OFFI,180.21676726657012
Beaver,2051,OTHR,1151.067935399697
Beaver,2051,RETL,608.175407974396
Beaver,2051,WSLE,284.288357209666
Beaver,2052,AGRI,680.0940116230151
Beaver,2052,CONS,436.929112631623
Beaver,2052,FOOD,491.532531322115
Beaver,2052,GVED,1071.8885884460096
Beaver,2052,HLTH,233.80272655834
Beaver,2052,MANU,327.146020306572
Beaver,2052,MING,258.226508966805
Beaver,2052,OFFI,181.977762832071
Beaver,2052,OTHR,1152.8111524862688
Beaver,2052,RETL,612.952396693405
Beaver,2052,WSLE,284.093484791475
Beaver,2053,AGRI,677.5933861703094
Beaver,2053,CONS,451.765094411175
Beaver,2053,FOOD,492.071489820754
Beaver,2053,GVED,1074.1980238013757
Beaver,2053,HLTH,234.966942682592
Beaver,2053,MANU,329.788494490112
Beaver,2053,MING,261.969615413939
Beaver,2053,OFFI,181.80853921215748
Beaver,2053,OTHR,1152.636778778869
Beaver,2053,RETL,617.779297215126
Beaver,2053,WSLE,283.9026425662992
Beaver,2054,AGRI,676.0706240272228
Beaver,2054,CONS,467.712702821229
Beaver,2054,FOOD,491.6587085123
Beaver,2054,GVED,1076.2124383334299
Beaver,2054,HLTH,235.83791075929
Beaver,2054,MANU,332.432482546701
Beaver,2054,MING,263.781018994386
Beaver,2054,OFFI,182.60836166533971
Beaver,2054,OTHR,1153.476661722537
Beaver,2054,RETL,621.082263690036
Beaver,2054,WSLE,283.7167290162241
Beaver,2055,AGRI,672.6356157703955
Beaver,2055,CONS,484.061886866554
Beaver,2055,FOOD,491.263186395291
Beaver,2055,GVED,1077.6554613381181
Beaver,2055,HLTH,236.427854959939
Beaver,2055,MANU,335.081579637195
Beaver,2055,MING,266.558374784554
Beaver,2055,OFFI,183.4115342449553
Beaver,2055,OTHR,1154.341477124371
Beaver,2055,RETL,625.656683222682
Beaver,2055,WSLE,283.540417146214
Beaver,2056,AGRI,670.172518869296
Beaver,2056,CONS,497.213999013109
Beaver,2056,FOOD,490.917056632698
Beaver,2056,GVED,1077.1620163778775
Beaver,2056,HLTH,238.091335416834
Beaver,2056,MANU,337.73086536054
Beaver,2056,MING,266.445471454005
Beaver,2056,OFFI,184.2172197175268
Beaver,2056,OTHR,1155.294479342576
Beaver,2056,RETL,629.026770610644
Beaver,2056,WSLE,284.3330409067098
Beaver,2057,AGRI,667.6961638278738
Beaver,2057,CONS,508.736244273575
Beaver,2057,FOOD,489.564440224115
Beaver,2057,GVED,1076.4576537330702
Beaver,2057,HLTH,238.392840531217
Beaver,2057,MANU,339.402460351065
Beaver,2057,MING,265.360538944342
Beaver,2057,OFFI,185.0170653808725
Beaver,2057,OTHR,1156.194004003548
Beaver,2057,RETL,630.861499081437
Beaver,2057,WSLE,283.1881180331115
Beaver,2058,AGRI,665.2256977640191
Beaver,2058,CONS,517.358946048341
Beaver,2058,FOOD,488.232770586058
Beaver,2058,GVED,1075.735115086217
Beaver,2058,HLTH,239.748131302519
Beaver,2058,MANU,342.034657959857
Beaver,2058,MING,263.316016649783
Beaver,2058,OFFI,185.8176341298087
Beaver,2058,OTHR,1159.0524699086548
Beaver,2058,RETL,633.63813871962
Beaver,2058,WSLE,284.93174568558527
Beaver,2059,AGRI,662.7623516166994
Beaver,2059,CONS,525.242411207107
Beaver,2059,FOOD,487.87776797491
Beaver,2059,GVED,1075.0060932516685
Beaver,2059,HLTH,239.920993767294
Beaver,2059,MANU,344.664352206203
Beaver,2059,MING,263.195967376518
Beaver,2059,OFFI,187.5795154687114
Beaver,2059,OTHR,1160.9702369920678
Beaver,2059,RETL,636.058830031201
Beaver,2059,WSLE,284.752878264802
Beaver,2060,AGRI,659.3521731872033
Beaver,2060,CONS,532.273098271702
Beaver,2060,FOOD,486.58434554399
Beaver,2060,GVED,1077.1359682859672
Beaver,2060,HLTH,240.115165609585
Beaver,2060,MANU,347.29439392484
Beaver,2060,MING,263.078332197405
Beaver,2060,OFFI,187.4226219351297
Beaver,2060,OTHR,1161.0010901970018
Beaver,2060,RETL,638.486832704765
Beaver,2060,WSLE,284.5779163194802
Beaver,2061,AGRI,656.8993481789399
Beaver,2061,CONS,538.95064753692
Beaver,2061,FOOD,485.230657405234
Beaver,2061,GVED,1078.2166834502998
Beaver,2061,HLTH,240.907056016531
Beaver,2061,MANU,349.889677571768
Beaver,2061,MING,262.864937045931
Beaver,2061,OFFI,189.18858826460968
Beaver,2061,OTHR,1161.977341451996
Beaver,2061,RETL,641.88256757759
Beaver,2061,WSLE,283.3880850525662
Beaver,2062,AGRI,655.421353042927
Beaver,2062,CONS,544.273642787741
Beaver,2062,FOOD,484.846729346729
Beaver,2062,GVED,1081.1965203184948
Beaver,2062,HLTH,242.632919642712
Beaver,2062,MANU,352.48754911284
Beaver,2062,MING,262.656950960573
Beaver,2062,OFFI,189.9971349768557
Beaver,2062,OTHR,1163.932666535273
Beaver,2062,RETL,645.207644193955
Beaver,2062,WSLE,284.1220984900454
Beaver,2063,AGRI,652.0378404928855
Beaver,2063,CONS,550.551702067215
Beaver,2063,FOOD,484.468688480541
Beaver,2063,GVED,1083.2259708828706
Beaver,2063,HLTH,243.401226678458
Beaver,2063,MANU,355.085182886463
Beaver,2063,MING,262.45215415523
Beaver,2063,OFFI,190.8064827713058
Beaver,2063,OTHR,1166.8550975859273
Beaver,2063,RETL,649.492022287485
Beaver,2063,WSLE,282.9430741878511
Beaver,2064,AGRI,650.5795305452424
Beaver,2064,CONS,555.868736949637
Beaver,2064,FOOD,483.139274804522
Beaver,2064,GVED,1084.306248715947
Beaver,2064,HLTH,245.127508128824
Beaver,2064,MANU,358.639064346538
Beaver,2064,MING,262.250272700653
Beaver,2064,OFFI,191.616466403968
Beaver,2064,OTHR,1168.8278012042567
Beaver,2064,RETL,652.819442352464
Beaver,2064,WSLE,283.6821852107797
Beaver,2065,AGRI,648.1740805491038
Beaver,2065,CONS,560.227315883476
Beaver,2065,FOOD,482.772867199621
Beaver,2065,GVED,1088.2640663514949
Beaver,2065,HLTH,245.897634831037
Beaver,2065,MANU,361.235162621942
Beaver,2065,MING,262.05138492788
Beaver,2065,OFFI,193.3832040573249
Beaver,2065,OTHR,1170.8094610970425
Beaver,2065,RETL,656.148466163663
Beaver,2065,WSLE,282.5110149517923
Box Elder,2023,AGRI,1694.0
Box Elder,2023,CONS,2747.0
Box Elder,2023,FOOD,2000.0
Box Elder,2023,GVED,3784.0
Box Elder,2023,HLTH,2148.0
Box Elder,2023,MANU,8010.0
Box Elder,2023,MING,88.0
Box Elder,2023,OFFI,1364.0
Box Elder,2023,OTHR,6315.0
Box Elder,2023,RETL,3061.0
Box Elder,2023,WSLE,3159.0
Box Elder,2024,AGRI,1697.0
Box Elder,2024,CONS,3238.0
Box Elder,2024,FOOD,1838.0
Box Elder,2024,GVED,4063.0
Box Elder,2024,HLTH,2267.0
Box Elder,2024,MANU,7404.0
Box Elder,2024,MING,98.0
Box Elder,2024,OFFI,1427.0
Box Elder,2024,OTHR,5953.0
Box Elder,2024,RETL,3082.0
Box Elder,2024,WSLE,3186.0
Box Elder,2025,AGRI,1693.208509820528
Box Elder,2025,CONS,3303.35504029581
Box Elder,2025,FOOD,1836.83678435107
Box Elder,2025,GVED,4129.2631831994295
Box Elder,2025,HLTH,2353.92256058493
Box Elder,2025,MANU,7496.40256656994
Box Elder,2025,MING,98.8405301265723
Box Elder,2025,OFFI,1443.2024202429159
Box Elder,2025,OTHR,6038.222345356979
Box Elder,2025,RETL,3090.03675988166
Box Elder,2025,WSLE,3297.1142211410393
Box Elder,2026,AGRI,1692.414241561527
Box Elder,2026,CONS,3371.27368149927
Box Elder,2026,FOOD,1849.01725412099
Box Elder,2026,GVED,4158.848167647756
Box Elder,2026,HLTH,2418.41575951952
Box Elder,2026,MANU,7517.32551366185
Box Elder,2026,MING,101.647895853655
Box Elder,2026,OFFI,1429.2084684936444
Box Elder,2026,OTHR,6095.759376817631
Box Elder,2026,RETL,3079.41310349936
Box Elder,2026,WSLE,3364.845792721371
Box Elder,2027,AGRI,1685.920882357162
Box Elder,2027,CONS,3445.31796406096
Box Elder,2027,FOOD,1852.47717746585
Box Elder,2027,GVED,4199.920585479336
Box Elder,2027,HLTH,2474.50225789722
Box Elder,2027,MANU,7538.68115069876
Box Elder,2027,MING,104.502142549502
Box Elder,2027,OFFI,1418.2837190818252
Box Elder,2027,OTHR,6160.110129727282
Box Elder,2027,RETL,3103.31719561056
Box Elder,2027,WSLE,3436.985086380514
Box Elder,2028,AGRI,1675.3479870863791
Box Elder,2028,CONS,3540.55537414014
Box Elder,2028,FOOD,1854.04735823958
Box Elder,2028,GVED,4233.530067931709
Box Elder,2028,HLTH,2515.92372414843
Box Elder,2028,MANU,7562.81256663449
Box Elder,2028,MING,100.355621379431
Box Elder,2028,OFFI,1418.8233820585829
Box Elder,2028,OTHR,6242.767394727741
Box Elder,2028,RETL,3113.42248113034
Box Elder,2028,WSLE,3485.542524691973
Box Elder,2029,AGRI,1665.8975896019078
Box Elder,2029,CONS,3637.70559481899
Box Elder,2029,FOOD,1849.15243875533
Box Elder,2029,GVED,4266.476819545174
Box Elder,2029,HLTH,2552.75714587089
Box Elder,2029,MANU,7632.0447312804
Box Elder,2029,MING,94.2511319941398
Box Elder,2029,OFFI,1426.4145634972285
Box Elder,2029,OTHR,6333.275211349475
Box Elder,2029,RETL,3128.39860229038
Box Elder,2029,WSLE,3533.2312573118847
Box Elder,2030,AGRI,1657.5135702016
Box Elder,2030,CONS,3702.87782594825
Box Elder,2030,FOOD,1837.69737753594
Box Elder,2030,GVED,4293.245014277972
Box Elder,2030,HLTH,2594.4812411671
Box Elder,2030,MANU,7732.77093189155
Box Elder,2030,MING,93.1226520693325
Box Elder,2030,OFFI,1437.2475774098439
Box Elder,2030,OTHR,6408.215612192345
Box Elder,2030,RETL,3161.75750340868
Box Elder,2030,WSLE,3572.8530119564994
Box Elder,2031,AGRI,1650.091813226258
Box Elder,2031,CONS,3740.58525000045
Box Elder,2031,FOOD,1814.9679508364
Box Elder,2031,GVED,4299.816665329113
Box Elder,2031,HLTH,2631.44152567026
Box Elder,2031,MANU,7826.75037841977
Box Elder,2031,MING,93.9600154407522
Box Elder,2031,OFFI,1444.005186003905
Box Elder,2031,OTHR,6467.421926264742
Box Elder,2031,RETL,3196.62208338098
Box Elder,2031,WSLE,3612.2991202010307
Box Elder,2032,AGRI,1642.8249379278661
Box Elder,2032,CONS,3775.74202610694
Box Elder,2032,FOOD,1798.19634217023
Box Elder,2032,GVED,4314.379027883067
Box Elder,2032,HLTH,2666.49510108092
Box Elder,2032,MANU,7910.16315503967
Box Elder,2032,MING,98.7715267256249
Box Elder,2032,OFFI,1450.78792298327
Box Elder,2032,OTHR,6535.62874239056
Box Elder,2032,RETL,3220.33815299349
Box Elder,2032,WSLE,3644.6974791279777
Box Elder,2033,AGRI,1643.55849199176
Box Elder,2033,CONS,3816.39318364591
Box Elder,2033,FOOD,1793.76434986928
Box Elder,2033,GVED,4323.379506920568
Box Elder,2033,HLTH,2695.45786920934
Box Elder,2033,MANU,7970.38317965189
Box Elder,2033,MING,103.576252144406
Box Elder,2033,OFFI,1465.023204643114
Box Elder,2033,OTHR,6606.351784878082
Box Elder,2033,RETL,3237.29659534441
Box Elder,2033,WSLE,3674.5906956475656
Box Elder,2034,AGRI,1642.793660994807
Box Elder,2034,CONS,3863.49635921866
Box Elder,2034,FOOD,1851.26308408435
Box Elder,2034,GVED,4347.495553144521
Box Elder,2034,HLTH,2732.86244688398
Box Elder,2034,MANU,8021.33648316968
Box Elder,2034,MING,108.467475968816
Box Elder,2034,OFFI,1487.572213243731
Box Elder,2034,OTHR,6765.71180039495
Box Elder,2034,RETL,3259.002266685
Box Elder,2034,WSLE,3647.627366304905
Box Elder,2035,AGRI,1641.764839368643
Box Elder,2035,CONS,3880.30400637907
Box Elder,2035,FOOD,1774.91581579369
Box Elder,2035,GVED,4347.039836093328
Box Elder,2035,HLTH,2736.89799467611
Box Elder,2035,MANU,8074.16975245511
Box Elder,2035,MING,110.121164808762
Box Elder,2035,OFFI,1503.016767467527
Box Elder,2035,OTHR,6630.196093807792
Box Elder,2035,RETL,3244.62502587463
Box Elder,2035,WSLE,3581.4748670700833
Box Elder,2036,AGRI,1640.5556183673052
Box Elder,2036,CONS,3898.6359605952
Box Elder,2036,FOOD,1777.68070670826
Box Elder,2036,GVED,4361.855563228142
Box Elder,2036,HLTH,2753.53910987405
Box Elder,2036,MANU,8171.58816118618
Box Elder,2036,MING,109.955838107945
Box Elder,2036,OFFI,1521.611305135027
Box Elder,2036,OTHR,6669.378905304942
Box Elder,2036,RETL,3250.71634559512
Box Elder,2036,WSLE,3531.4773730608545
Box Elder,2037,AGRI,1639.468949400382
Box Elder,2037,CONS,3897.96201739076
Box Elder,2037,FOOD,1785.22481078991
Box Elder,2037,GVED,4379.757398385994
Box Elder,2037,HLTH,2773.51771205123
Box Elder,2037,MANU,8270.78798327499
Box Elder,2037,MING,108.82915033159
Box Elder,2037,OFFI,1536.447703041116
Box Elder,2037,OTHR,6727.778352524326
Box Elder,2037,RETL,3266.52248110254
Box Elder,2037,WSLE,3493.633674347498
Box Elder,2038,AGRI,1638.472187345802
Box Elder,2038,CONS,3893.14211753504
Box Elder,2038,FOOD,1787.04258420534
Box Elder,2038,GVED,4403.723146637755
Box Elder,2038,HLTH,2800.1518171205
Box Elder,2038,MANU,8358.69717893331
Box Elder,2038,MING,109.676131021216
Box Elder,2038,OFFI,1551.438695919655
Box Elder,2038,OTHR,6809.353088030649
Box Elder,2038,RETL,3287.61302970785
Box Elder,2038,WSLE,3471.0587643915815
Box Elder,2039,AGRI,1636.5394615690002
Box Elder,2039,CONS,3887.79534393107
Box Elder,2039,FOOD,1791.7569682244
Box Elder,2039,GVED,4432.627805378868
Box Elder,2039,HLTH,2825.69363565887
Box Elder,2039,MANU,8438.77903516762
Box Elder,2039,MING,109.547592169554
Box Elder,2039,OFFI,1565.490291113484
Box Elder,2039,OTHR,6890.84026111665
Box Elder,2039,RETL,3312.83628203037
Box Elder,2039,WSLE,3451.5947099313257
Box Elder,2040,AGRI,1634.684198930184
Box Elder,2040,CONS,3877.63225483984
Box Elder,2040,FOOD,1795.71037340317
Box Elder,2040,GVED,4462.19180782126
Box Elder,2040,HLTH,2852.30582420624
Box Elder,2040,MANU,8511.64493455986
Box Elder,2040,MING,109.430659111088
Box Elder,2040,OFFI,1578.70646256216
Box Elder,2040,OTHR,6966.34557099614
Box Elder,2040,RETL,3337.97526094715
Box Elder,2040,WSLE,3431.783481473664
Box Elder,2041,AGRI,1633.809129430238
Box Elder,2041,CONS,3858.25187050811
Box Elder,2041,FOOD,1800.51380798283
Box Elder,2041,GVED,4489.3909807751925
Box Elder,2041,HLTH,2873.89990201008
Box Elder,2041,MANU,8575.38376407704
Box Elder,2041,MING,110.290899870085
Box Elder,2041,OFFI,1589.93604912387
Box Elder,2041,OTHR,7030.679628618345
Box Elder,2041,RETL,3362.63091484866
Box Elder,2041,WSLE,3415.8737198379263
Box Elder,2042,AGRI,1631.00057148046
Box Elder,2042,CONS,3849.9736287598
Box Elder,2042,FOOD,1803.04699001612
Box Elder,2042,GVED,4514.47294854863
Box Elder,2042,HLTH,2893.23107857579
Box Elder,2042,MANU,8633.63718041467
Box Elder,2042,MING,112.121251397309
Box Elder,2042,OFFI,1608.853247904398
Box Elder,2042,OTHR,7101.696726088713
Box Elder,2042,RETL,3387.7398384475
Box Elder,2042,WSLE,3403.506793181766
Box Elder,2043,AGRI,1628.269283192522
Box Elder,2043,CONS,3839.68739867058
Box Elder,2043,FOOD,1805.5416644207
Box Elder,2043,GVED,4543.442622862604
Box Elder,2043,HLTH,2906.02024908241
Box Elder,2043,MANU,8673.04201997388
Box Elder,2043,MING,112.982747010866
Box Elder,2043,OFFI,1623.908246845343
Box Elder,2043,OTHR,7156.393673496747
Box Elder,2043,RETL,3410.60363965519
Box Elder,2043,WSLE,3390.590530058582
Box Elder,2044,AGRI,1624.613123277312
Box Elder,2044,CONS,3824.57329585385
Box Elder,2044,FOOD,1805.99779815797
Box Elder,2044,GVED,4570.587175311682
Box Elder,2044,HLTH,2920.8869861503
Box Elder,2044,MANU,8713.43381799881
Box Elder,2044,MING,112.871515282818
Box Elder,2044,OFFI,1642.8297216745518
Box Elder,2044,OTHR,7213.734240548478
Box Elder,2044,RETL,3428.92486937635
Box Elder,2044,WSLE,3377.6860503994426
Box Elder,2045,AGRI,1622.0178791219669
Box Elder,2045,CONS,3828.28352329262
Box Elder,2045,FOOD,1805.53224252491
Box Elder,2045,GVED,4597.814974654637
Box Elder,2045,HLTH,2936.0852091964
Box Elder,2045,MANU,8770.85919524269
Box Elder,2045,MING,112.767964769305
Box Elder,2045,OFFI,1658.882579608872
Box Elder,2045,OTHR,7264.571554045193
Box Elder,2045,RETL,3451.04078242242
Box Elder,2045,WSLE,3366.060755208091
Box Elder,2046,AGRI,1619.4673645596479
Box Elder,2046,CONS,3856.26910285699
Box Elder,2046,FOOD,1804.87390852088
Box Elder,2046,GVED,4625.297562959848
Box Elder,2046,HLTH,2951.88168462743
Box Elder,2046,MANU,8831.06028246772
Box Elder,2046,MING,113.636293535953
Box Elder,2046,OFFI,1682.646767474984
Box Elder,2046,OTHR,7312.854401966893
Box Elder,2046,RETL,3472.34307708481
Box Elder,2046,WSLE,3352.3413913681225
Box Elder,2047,AGRI,1616.9879070133
Box Elder,2047,CONS,3903.36093395745
Box Elder,2047,FOOD,1803.20289309974
Box Elder,2047,GVED,4650.756677962008
Box Elder,2047,HLTH,2966.25703591902
Box Elder,2047,MANU,8888.65068512022
Box Elder,2047,MING,114.508191091553
Box Elder,2047,OFFI,1709.327953744029
Box Elder,2047,OTHR,7348.539852269935
Box Elder,2047,RETL,3493.97824483496
Box Elder,2047,WSLE,3339.7633957312137
Box Elder,2048,AGRI,1614.5620786103611
Box Elder,2048,CONS,3965.31690664176
Box Elder,2048,FOOD,1802.44069701497
Box Elder,2048,GVED,4674.967226576698
Box Elder,2048,HLTH,2978.96613849299
Box Elder,2048,MANU,8950.32465123569
Box Elder,2048,MING,115.382443112569
Box Elder,2048,OFFI,1736.9654317549061
Box Elder,2048,OTHR,7380.297941184072
Box Elder,2048,RETL,3515.1289648236
Box Elder,2048,WSLE,3327.3043759850557
Box Elder,2049,AGRI,1611.218411762836
Box Elder,2049,CONS,4042.67192347118
Box Elder,2049,FOOD,1802.56619003226
Box Elder,2049,GVED,4702.311494172891
Box Elder,2049,HLTH,2990.41122788496
Box Elder,2049,MANU,9015.04307215392
Box Elder,2049,MING,117.227022172082
Box Elder,2049,OFFI,1766.520302645532
Box Elder,2049,OTHR,7409.040973777569
Box Elder,2049,RETL,3537.75205102603
Box Elder,2049,WSLE,3312.98454503
Box Elder,2050,AGRI,1608.9401015607239
Box Elder,2050,CONS,4124.73744213903
Box Elder,2050,FOOD,1801.90914847555
Box Elder,2050,GVED,4728.453803072755
Box Elder,2050,HLTH,3000.89758764591
Box Elder,2050,MANU,9079.54369437383
Box Elder,2050,MING,119.078997790472
Box Elder,2050,OFFI,1791.341279809642
Box Elder,2050,OTHR,7436.70287991354
Box Elder,2050,RETL,3557.89656723904
Box Elder,2050,WSLE,3299.2047142632355
Box Elder,2051,AGRI,1605.574096614454
Box Elder,2051,CONS,4210.95940871381
Box Elder,2051,FOOD,1799.5200576408
Box Elder,2051,GVED,4748.523490339889
Box Elder,2051,HLTH,3008.94117248544
Box Elder,2051,MANU,9150.94151600852
Box Elder,2051,MING,119.941868881831
Box Elder,2051,OFFI,1812.8840371109868
Box Elder,2051,OTHR,7459.747879082937
Box Elder,2051,RETL,3577.33107115179
Box Elder,2051,WSLE,3284.2371642761887
Box Elder,2052,AGRI,1601.29533974344
Box Elder,2052,CONS,4295.82952519161
Box Elder,2052,FOOD,1796.10196004476
Box Elder,2052,GVED,4769.176049762488
Box Elder,2052,HLTH,3014.934007365
Box Elder,2052,MANU,9213.86831328755
Box Elder,2052,MING,121.773194020534
Box Elder,2052,OFFI,1828.6218847514479
Box Elder,2052,OTHR,7478.977291819762
Box Elder,2052,RETL,3593.64891111048
Box Elder,2052,WSLE,3269.4029254427296
Box Elder,2053,AGRI,1598.020069790562
Box Elder,2053,CONS,4380.287711827
Box Elder,2053,FOOD,1792.63190158984
Box Elder,2053,GVED,4792.847517226227
Box Elder,2053,HLTH,3019.33771913222
Box Elder,2053,MANU,9262.42127690052
Box Elder,2053,MING,122.638902809725
Box Elder,2053,OFFI,1840.4959970693858
Box Elder,2053,OTHR,7503.018510156874
Box Elder,2053,RETL,3607.37783186703
Box Elder,2053,WSLE,3256.575381793076
Box Elder,2054,AGRI,1593.811103819527
Box Elder,2054,CONS,4469.36751092729
Box Elder,2054,FOOD,1788.16720248461
Box Elder,2054,GVED,4813.936461707078
Box Elder,2054,HLTH,3021.52691460016
Box Elder,2054,MANU,9304.33014410163
Box Elder,2054,MING,123.50585695115
Box Elder,2054,OFFI,1850.449152623699
Box Elder,2054,OTHR,7520.326287450026
Box Elder,2054,RETL,3621.94893872007
Box Elder,2054,WSLE,3243.8275672333434
Box Elder,2055,AGRI,1588.6856081027918
Box Elder,2055,CONS,4558.93326514324
Box Elder,2055,FOOD,1782.8306705218
Box Elder,2055,GVED,4834.19082694541
Box Elder,2055,HLTH,3021.7190010262
Box Elder,2055,MANU,9337.89622728822
Box Elder,2055,MING,124.376644475859
Box Elder,2055,OFFI,1859.498632353178
Box Elder,2055,OTHR,7537.077981925905
Box Elder,2055,RETL,3633.27696588905
Box Elder,2055,WSLE,3230.3557429804987
Box Elder,2056,AGRI,1584.5648384098479
Box Elder,2056,CONS,4620.26158705231
Box Elder,2056,FOOD,1775.7795299868
Box Elder,2056,GVED,4854.851455869597
Box Elder,2056,HLTH,3028.29835379674
Box Elder,2056,MANU,9359.44996038137
Box Elder,2056,MING,124.290881657342
Box Elder,2056,OFFI,1867.687558882797
Box Elder,2056,OTHR,7558.493788985274
Box Elder,2056,RETL,3638.10433793112
Box Elder,2056,WSLE,3220.203769622137
Box Elder,2057,AGRI,1580.3804783560631
Box Elder,2057,CONS,4661.80872911629
Box Elder,2057,FOOD,1765.58035958331
Box Elder,2057,GVED,4872.431273961243
Box Elder,2057,HLTH,3033.59999015174
Box Elder,2057,MANU,9387.91089924305
Box Elder,2057,MING,122.271426065978
Box Elder,2057,OFFI,1876.691881928921
Box Elder,2057,OTHR,7574.079336219112
Box Elder,2057,RETL,3638.8477681548
Box Elder,2057,WSLE,3208.649489324682
Box Elder,2058,AGRI,1575.250940775021
Box Elder,2058,CONS,4695.21752796322
Box Elder,2058,FOOD,1755.39765790743
Box Elder,2058,GVED,4887.872496760816
Box Elder,2058,HLTH,3038.43371243709
Box Elder,2058,MANU,9418.37408351014
Box Elder,2058,MING,120.256591601608
Box Elder,2058,OFFI,1884.737035790189
Box Elder,2058,OTHR,7588.799675220415
Box Elder,2058,RETL,3640.30937942369
Box Elder,2058,WSLE,3198.148234551591
Box Elder,2059,AGRI,1570.1380453933969
Box Elder,2059,CONS,4719.40403182696
Box Elder,2059,FOOD,1744.28374204599
Box Elder,2059,GVED,4902.892642680572
Box Elder,2059,HLTH,3041.69801628828
Box Elder,2059,MANU,9448.84945008338
Box Elder,2059,MING,119.206494185342
Box Elder,2059,OFFI,1892.785096765984
Box Elder,2059,OTHR,7596.874689955724
Box Elder,2059,RETL,3638.23907772821
Box Elder,2059,WSLE,3184.829184342324
Box Elder,2060,AGRI,1564.09481258438
Box Elder,2060,CONS,4744.39580993098
Box Elder,2060,FOOD,1735.1118456651
Box Elder,2060,GVED,4918.309341815215
Box Elder,2060,HLTH,3045.65976708046
Box Elder,2060,MANU,9478.44738031262
Box Elder,2060,MING,118.159800125089
Box Elder,2060,OFFI,1900.845277201611
Box Elder,2060,OTHR,7609.832746973258
Box Elder,2060,RETL,3639.95603612094
Box Elder,2060,WSLE,3173.4906859349053
Box Elder,2061,AGRI,1558.990114872549
Box Elder,2061,CONS,4770.58053469055
Box Elder,2061,FOOD,1726.99143764273
Box Elder,2061,GVED,4928.242106027189
Box Elder,2061,HLTH,3049.02550624036
Box Elder,2061,MANU,9510.07783654688
Box Elder,2061,MING,117.104958383221
Box Elder,2061,OFFI,1908.8933805700149
Box Elder,2061,OTHR,7622.83999129636
Box Elder,2061,RETL,3642.21550521787
Box Elder,2061,WSLE,3162.2855479038217
Box Elder,2062,AGRI,1554.881884285844
Box Elder,2062,CONS,4795.55305836717
Box Elder,2062,FOOD,1718.91732766907
Box Elder,2062,GVED,4941.5910273278505
Box Elder,2062,HLTH,3053.32069811667
Box Elder,2062,MANU,9544.71566964402
Box Elder,2062,MING,117.012301667024
Box Elder,2062,OFFI,1916.0071528735818
Box Elder,2062,OTHR,7638.848061491086
Box Elder,2062,RETL,3644.12487256479
Box Elder,2062,WSLE,3149.2428410684806
Box Elder,2063,AGRI,1549.839560606062
Box Elder,2063,CONS,4818.62365169401
Box Elder,2063,FOOD,1710.87463098352
Box Elder,2063,GVED,4954.972844467952
Box Elder,2063,HLTH,3056.68493216208
Box Elder,2063,MANU,9581.3181188772
Box Elder,2063,MING,115.963574897051
Box Elder,2063,OFFI,1923.130636646834
Box Elder,2063,OTHR,7655.871739827177
Box Elder,2063,RETL,3646.07095857957
Box Elder,2063,WSLE,3138.1699205366417
Box Elder,2064,AGRI,1544.8203873890461
Box Elder,2064,CONS,4840.74947395492
Box Elder,2064,FOOD,1703.81807889651
Box Elder,2064,GVED,4967.426241762068
Box Elder,2064,HLTH,3061.03097260489
Box Elder,2064,MANU,9619.87225873676
Box Elder,2064,MING,115.874374275881
Box Elder,2064,OFFI,1930.262129818685
Box Elder,2064,OTHR,7671.988098252166
Box Elder,2064,RETL,3649.00688162777
Box Elder,2064,WSLE,3128.1019665020076
Box Elder,2065,AGRI,1540.780726035442
Box Elder,2065,CONS,4860.02299199507
Box Elder,2065,FOOD,1695.83372039039
Box Elder,2065,GVED,4981.8235457336
Box Elder,2065,HLTH,3064.44569232696
Box Elder,2065,MANU,9659.42206058753
Box Elder,2065,MING,114.830467647268
Box Elder,2065,OFFI,1936.446469922067
Box Elder,2065,OTHR,7690.070464271188
Box Elder,2065,RETL,3651.0196580191
Box Elder,2065,WSLE,3115.2133314657517
Cache,2023,AGRI,1857.0
Cache,2023,CONS,4652.0
Cache,2023,FOOD,4787.0
Cache,2023,GVED,14654.0
Cache,2023,HLTH,8115.0
Cache,2023,MANU,13034.0
Cache,2023,MING,155.0
Cache,2023,OFFI,10517.0
Cache,2023,OTHR,20398.0
Cache,2023,RETL,9824.0
Cache,2023,WSLE,4096.0
Cache,2024,AGRI,1862.0
Cache,2024,CONS,4930.0
Cache,2024,FOOD,4837.0
Cache,2024,GVED,14880.0
Cache,2024,HLTH,8202.0
Cache,2024,MANU,12427.0
Cache,2024,MING,146.0
Cache,2024,OFFI,10773.0
Cache,2024,OTHR,20638.0
Cache,2024,RETL,9366.0
Cache,2024,WSLE,3979.0
Cache,2025,AGRI,1855.941144269191
Cache,2025,CONS,5023.04527647806
Cache,2025,FOOD,4852.23460612558
Cache,2025,GVED,15205.036121383193
Cache,2025,HLTH,8545.52283216487
Cache,2025,MANU,12638.8126017947
Cache,2025,MING,145.774774444434
Cache,2025,OFFI,10916.756657249498
Cache,2025,OTHR,20994.05763885183
Cache,2025,RETL,9434.77289635564
Cache,2025,WSLE,4057.5441869020606
Cache,2026,AGRI,1856.894830334551
Cache,2026,CONS,5070.83218483016
Cache,2026,FOOD,4878.85764416329
Cache,2026,GVED,15389.653028209048
Cache,2026,HLTH,8798.08658369694
Cache,2026,MANU,12725.8987832956
Cache,2026,MING,151.503944955115
Cache,2026,OFFI,10819.178001934706
Cache,2026,OTHR,21180.25487430791
Cache,2026,RETL,9393.75007304698
Cache,2026,WSLE,4085.4260626508885
Cache,2027,AGRI,1849.15140163029
Cache,2027,CONS,5128.11345401428
Cache,2027,FOOD,4867.13453106576
Cache,2027,GVED,15577.91589338307
Cache,2027,HLTH,9002.73682680391
Cache,2027,MANU,12807.3354746238
Cache,2027,MING,154.320206272693
Cache,2027,OFFI,10729.461387716115
Cache,2027,OTHR,21334.07451623415
Cache,2027,RETL,9421.77445483789
Cache,2027,WSLE,4115.3850620379635
Cache,2028,AGRI,1837.354543631256
Cache,2028,CONS,5229.55870526889
Cache,2028,FOOD,4844.25465303033
Cache,2028,GVED,15735.449806226388
Cache,2028,HLTH,9148.62549360456
Cache,2028,MANU,12893.5977903224
Cache,2028,MING,148.131349283501
Cache,2028,OFFI,10722.488620648743
Cache,2028,OTHR,21536.4658506486
Cache,2028,RETL,9405.67097569285
Cache,2028,WSLE,4116.542910556487
Cache,2029,AGRI,1827.6811129866528
Cache,2029,CONS,5339.12576720076
Cache,2029,FOOD,4802.16814158576
Cache,2029,GVED,15892.604786751941
Cache,2029,HLTH,9276.71280046371
Cache,2029,MANU,13056.979614058
Cache,2029,MING,139.994051665823
Cache,2029,OFFI,10767.728797316635
Cache,2029,OTHR,21756.579404515658
Cache,2029,RETL,9401.49416971746
Cache,2029,WSLE,4119.21841784278
Cache,2030,AGRI,1818.0952421040429
Cache,2030,CONS,5410.4882102807
Cache,2030,FOOD,4752.77814064744
Cache,2030,GVED,16004.672851156134
Cache,2030,HLTH,9433.12361853604
Cache,2030,MANU,13281.6699609311
Cache,2030,MING,137.830322795231
Cache,2030,OFFI,10834.666104850829
Cache,2030,OTHR,21935.76080656432
Cache,2030,RETL,9471.56015231744
Cache,2030,WSLE,4116.22143464369
Cache,2031,AGRI,1809.489449553734
Cache,2031,CONS,5453.59074636139
Cache,2031,FOOD,4678.46614508281
Cache,2031,GVED,16079.490507782735
Cache,2031,HLTH,9582.13240806861
Cache,2031,MANU,13496.0510792291
Cache,2031,MING,138.618305938411
Cache,2031,OFFI,10886.834508237429
Cache,2031,OTHR,22091.87129766589
Cache,2031,RETL,9556.31724137923
Cache,2031,WSLE,4120.591269204197
Cache,2032,AGRI,1802.034936078953
Cache,2032,CONS,5501.81275844186
Cache,2032,FOOD,4621.63055866081
Cache,2032,GVED,16158.244694874395
Cache,2032,HLTH,9722.06489893755
Cache,2032,MANU,13681.8092562828
Cache,2032,MING,146.364380643481
Cache,2032,OFFI,10944.02287310327
Cache,2032,OTHR,22293.11253359841
Cache,2032,RETL,9606.40280378814
Cache,2032,WSLE,4116.071320676498
Cache,2033,AGRI,1802.609334048294
Cache,2033,CONS,5564.59141811122
Cache,2033,FOOD,4605.45243477853
Cache,2033,GVED,16239.756135525222
Cache,2033,HLTH,9858.58210281109
Cache,2033,MANU,13844.7525892112
Cache,2033,MING,153.111674427909
Cache,2033,OFFI,11041.226651608515
Cache,2033,OTHR,22512.71459235699
Cache,2033,RETL,9646.74349300828
Cache,2033,WSLE,4111.764660140713
Cache,2034,AGRI,1803.8590196240348
Cache,2034,CONS,5651.54123219529
Cache,2034,FOOD,4762.09500182882
Cache,2034,GVED,16365.827161676356
Cache,2034,HLTH,10026.0404505527
Cache,2034,MANU,13992.6829156975
Cache,2034,MING,160.056734692555
Cache,2034,OFFI,11214.821256568308
Cache,2034,OTHR,22981.242479879802
Cache,2034,RETL,9709.96042169995
Cache,2034,WSLE,4109.654860176732
Cache,2035,AGRI,1802.3591124035909
Cache,2035,CONS,5675.74120493973
Cache,2035,FOOD,4560.65005183755
Cache,2035,GVED,16411.796087004426
Cache,2035,HLTH,10075.4844135619
Cache,2035,MANU,14126.3389402467
Cache,2035,MING,162.46715382067
Cache,2035,OFFI,11334.448677429824
Cache,2035,OTHR,22627.36003486954
Cache,2035,RETL,9659.02839283543
Cache,2035,WSLE,4056.5575502165657
Cache,2036,AGRI,1800.9628285743688
Cache,2036,CONS,5713.30724960443
Cache,2036,FOOD,4565.12911690061
Cache,2036,GVED,16509.16423369195
Cache,2036,HLTH,10158.7004992467
Cache,2036,MANU,14343.3796935762
Cache,2036,MING,162.222651268671
Cache,2036,OFFI,11460.544500707947
Cache,2036,OTHR,22739.80643730351
Cache,2036,RETL,9674.02552839555
Cache,2036,WSLE,4025.646511953927
Cache,2037,AGRI,1800.660963400044
Cache,2037,CONS,5721.15267327294
Cache,2037,FOOD,4580.99718886858
Cache,2037,GVED,16624.72655888981
Cache,2037,HLTH,10248.846066793
Cache,2037,MANU,14561.0541543211
Cache,2037,MING,161.026361520418
Cache,2037,OFFI,11565.546859547472
Cache,2037,OTHR,22909.34261637731
Cache,2037,RETL,9724.05174220464
Cache,2037,WSLE,4008.2908342403316
Cache,2038,AGRI,1798.50308004407
Cache,2038,CONS,5720.41897512608
Cache,2038,FOOD,4580.91604723364
Cache,2038,GVED,16763.277315094667
Cache,2038,HLTH,10362.3093590783
Cache,2038,MANU,14756.2725127738
Cache,2038,MING,160.832427215027
Cache,2038,OFFI,11673.632017146636
Cache,2038,OTHR,23165.79881711677
Cache,2038,RETL,9780.17977889104
Cache,2038,WSLE,4008.266864302812
Cache,2039,AGRI,1797.37378725537
Cache,2039,CONS,5722.94230713905
Cache,2039,FOOD,4588.98372404608
Cache,2039,GVED,16922.09804339954
Cache,2039,HLTH,10472.8587362743
Cache,2039,MANU,14939.839789038
Cache,2039,MING,160.647737771018
Cache,2039,OFFI,11773.267378783468
Cache,2039,OTHR,23419.78560454395
Cache,2039,RETL,9855.1653136838
Cache,2039,WSLE,4009.40884563688
Cache,2040,AGRI,1796.320525060998
Cache,2040,CONS,5719.12253478871
Cache,2040,FOOD,4594.53143541818
Cache,2040,GVED,17081.27975913618
Cache,2040,HLTH,10598.1205264929
Cache,2040,MANU,15112.6276109997
Cache,2040,MING,161.457691541738
Cache,2040,OFFI,11870.693586677167
Cache,2040,OTHR,23661.8019061619
Cache,2040,RETL,9923.40451824976
Cache,2040,WSLE,4013.0143779574337
Cache,2041,AGRI,1794.292322296571
Cache,2041,CONS,5702.07904255885
Cache,2041,FOOD,4607.87140667828
Cache,2041,GVED,17235.94504833402
Cache,2041,HLTH,10704.0575721289
Cache,2041,MANU,15269.2364305382
Cache,2041,MING,162.265906944426
Cache,2041,OFFI,11958.174833612517
Cache,2041,OTHR,23876.708988254
Cache,2041,RETL,10000.8054405767
Cache,2041,WSLE,4018.5164535524036
Cache,2042,AGRI,1791.3128728525758
Cache,2042,CONS,5697.45571325813
Cache,2042,FOOD,4613.16865728014
Cache,2042,GVED,17388.59568937446
Cache,2042,HLTH,10806.7966101548
Cache,2042,MANU,15417.9604575943
Cache,2042,MING,164.041532103247
Cache,2042,OFFI,12096.921017299539
Cache,2042,OTHR,24092.84664482357
Cache,2042,RETL,10067.2567255317
Cache,2042,WSLE,4029.52721786873
Cache,2043,AGRI,1789.3840998689298
Cache,2043,CONS,5695.70247699855
Cache,2043,FOOD,4627.48086347216
Cache,2043,GVED,17559.511709672246
Cache,2043,HLTH,10902.3831573104
Cache,2043,MANU,15544.1146737504
Cache,2043,MING,165.825772563358
Cache,2043,OFFI,12213.548096574403
Cache,2043,OTHR,24291.577848765548
Cache,2043,RETL,10138.8236274261
Cache,2043,WSLE,4037.9362721369157
Cache,2044,AGRI,1786.531347494598
Cache,2044,CONS,5688.97761126526
Cache,2044,FOOD,4638.86340580403
Cache,2044,GVED,17734.01583466945
Cache,2044,HLTH,11008.4802256241
Cache,2044,MANU,15673.9365666009
Cache,2044,MING,165.661260456794
Cache,2044,OFFI,12354.416240939145
Cache,2044,OTHR,24501.558267407592
Cache,2044,RETL,10208.3707950738
Cache,2044,WSLE,4049.1893626226274
Cache,2045,AGRI,1783.769333860066
Cache,2045,CONS,5706.73128526631
Cache,2045,FOOD,4651.45063451935
Cache,2045,GVED,17917.27361112349
Cache,2045,HLTH,11120.6560337216
Cache,2045,MANU,15831.5935869824
Cache,2045,MING,165.506628728753
Cache,2045,OFFI,12486.846497571782
Cache,2045,OTHR,24691.05082008036
Cache,2045,RETL,10287.4088696914
Cache,2045,WSLE,4056.77391341729
Cache,2046,AGRI,1781.0571126770722
Cache,2046,CONS,5755.21566918281
Cache,2046,FOOD,4654.23409883084
Cache,2046,GVED,18099.876468705155
Cache,2046,HLTH,11223.4271002031
Cache,2046,MANU,15992.6809824514
Cache,2046,MING,165.351517561981
Cache,2046,OFFI,12659.852142858179
Cache,2046,OTHR,24858.40638073231
Cache,2046,RETL,10356.4225740687
Cache,2046,WSLE,4065.1561166498714
Cache,2047,AGRI,1778.4201923423739
Cache,2047,CONS,5832.9547363187
Cache,2047,FOOD,4658.08964949008
Cache,2047,GVED,18280.232628451005
Cache,2047,HLTH,11320.9641460134
Cache,2047,MANU,16150.1870579788
Cache,2047,MING,167.143812920791
Cache,2047,OFFI,12866.909357240329
Cache,2047,OTHR,25015.586162213178
Cache,2047,RETL,10439.2651815317
Cache,2047,WSLE,4070.7370278167855
Cache,2048,AGRI,1775.840296229945
Cache,2048,CONS,5931.36170652072
Cache,2048,FOOD,4665.89635526561
Cache,2048,GVED,18465.70588707273
Cache,2048,HLTH,11409.1716474486
Cache,2048,MANU,16311.7292405945
Cache,2048,MING,168.937651466011
Cache,2048,OFFI,13084.557839326286
Cache,2048,OTHR,25146.803281549088
Cache,2048,RETL,10516.9041766074
Cache,2048,WSLE,4076.3874129993987
Cache,2049,AGRI,1773.315234846084
Cache,2049,CONS,6049.5351228582
Cache,2049,FOOD,4672.81785607434
Cache,2049,GVED,18647.79610752662
Cache,2049,HLTH,11495.0686458389
Cache,2049,MANU,16479.1727216722
Cache,2049,MING,170.732358033685
Cache,2049,OFFI,13301.142072425764
Cache,2049,OTHR,25266.56298236307
Cache,2049,RETL,10593.1523331803
Cache,2049,WSLE,4080.152188004445
Cache,2050,AGRI,1769.922827630842
Cache,2050,CONS,6172.73222115313
Cache,2050,FOOD,4682.06434861029
Cache,2050,GVED,18834.795115416513
Cache,2050,HLTH,11583.4082541261
Cache,2050,MANU,16645.8431309612
Cache,2050,MING,172.538960345536
Cache,2050,OFFI,13496.979435877285
Cache,2050,OTHR,25384.4210579364
Cache,2050,RETL,10672.3435983665
Cache,2050,WSLE,4083.4069242981295
Cache,2051,AGRI,1766.410922090077
Cache,2051,CONS,6297.25172916024
Cache,2051,FOOD,4685.55640982267
Cache,2051,GVED,19003.465879982803
Cache,2051,HLTH,11662.2953350944
Cache,2051,MANU,16822.8710429565
Cache,2051,MING,174.31365253505
Cache,2051,OFFI,13655.036514588017
Cache,2051,OTHR,25479.88404115835
Cache,2051,RETL,10740.5619044594
Cache,2051,WSLE,4083.6198566385547
Cache,2052,AGRI,1761.988112733444
Cache,2052,CONS,6420.49899384091
Cache,2052,FOOD,4689.12017087303
Cache,2052,GVED,19175.97210236818
Cache,2052,HLTH,11740.9620221405
Cache,2052,MANU,16984.692948257
Cache,2052,MING,176.090288593155
Cache,2052,OFFI,13784.113950272607
Cache,2052,OTHR,25569.106911759613
Cache,2052,RETL,10808.2984122014
Cache,2052,WSLE,4083.9467028754293
Cache,2053,AGRI,1757.6059814217679
Cache,2053,CONS,6542.566592049
Cache,2053,FOOD,4691.75922296452
Cache,2053,GVED,19349.78853764027
Cache,2053,HLTH,11826.6494921565
Cache,2053,MANU,17120.5275208768
Cache,2053,MING,177.86742431389
Cache,2053,OFFI,13876.495923911352
Cache,2053,OTHR,25670.14232088688
Cache,2053,RETL,10868.5651354925
Cache,2053,WSLE,4087.2144137339087
Cache,2054,AGRI,1754.2221928113322
Cache,2054,CONS,6666.99543455126
Cache,2054,FOOD,4689.57091075383
Cache,2054,GVED,19517.222587277174
Cache,2054,HLTH,11908.137867142
Cache,2054,MANU,17241.9775714752
Cache,2054,MING,179.645066070608
Cache,2054,OFFI,13962.141774261658
Cache,2054,OTHR,25746.17030559013
Cache,2054,RETL,10922.938718522
Cache,2054,WSLE,4087.613498156521
Cache,2055,AGRI,1748.9594522721022
Cache,2055,CONS,6797.90558255143
Cache,2055,FOOD,4688.59190890085
Cache,2055,GVED,19678.347378237617
Cache,2055,HLTH,11984.0581684246
Cache,2055,MANU,17348.5222196913
Cache,2055,MING,179.50002854331
Cache,2055,OFFI,14038.45732509042
Cache,2055,OTHR,25829.03306029577
Cache,2055,RETL,10978.3514812835
Cache,2055,WSLE,4091.123253909389
Cache,2056,AGRI,1743.7367554163238
Cache,2056,CONS,6881.70259425093
Cache,2056,FOOD,4681.16179048857
Cache,2056,GVED,19827.908051951898
Cache,2056,HLTH,12064.6148523676
Cache,2056,MANU,17432.7318961192
Cache,2056,MING,179.366514999159
Cache,2056,OFFI,14106.50150800813
Cache,2056,OTHR,25925.78932291768
Cache,2056,RETL,11008.3459499241
Cache,2056,WSLE,4097.874190148138
Cache,2057,AGRI,1738.452764239141
Cache,2057,CONS,6938.97510606094
Cache,2057,FOOD,4670.51745169819
Cache,2057,GVED,19966.729025245688
Cache,2057,HLTH,12131.0889055867
Cache,2057,MANU,17529.9484849172
Cache,2057,MING,175.370927241753
Cache,2057,OFFI,14176.577192897208
Cache,2057,OTHR,26009.854080745972
Cache,2057,RETL,11028.8386134111
Cache,2057,WSLE,4101.292466847224
Cache,2058,AGRI,1734.1483355236949
Cache,2058,CONS,6980.62440099362
Cache,2058,FOOD,4659.95820374725
Cache,2058,GVED,20096.057218112335
Cache,2058,HLTH,12199.2982707198
Cache,2058,MANU,17631.0573440131
Cache,2058,MING,172.345200252159
Cache,2058,OFFI,14248.565621208494
Cache,2058,OTHR,26084.54220025113
Cache,2058,RETL,11047.2744208064
Cache,2058,WSLE,4102.8620254216585
Cache,2059,AGRI,1727.939112160699
Cache,2059,CONS,7017.5449414905
Cache,2059,FOOD,4649.47363243366
Cache,2059,GVED,20219.795735916014
Cache,2059,HLTH,12262.7075250283
Cache,2059,MANU,17734.0652500096
Cache,2059,MING,171.246913039789
Cache,2059,OFFI,14318.61819824876
Cache,2059,OTHR,26158.439817745682
Cache,2059,RETL,11068.2733633584
Cache,2059,WSLE,4105.446438718059
Cache,2060,AGRI,1722.72272541025
Cache,2060,CONS,7054.49511572522
Cache,2060,FOOD,4639.03506495898
Cache,2060,GVED,20346.96592266825
Cache,2060,HLTH,12334.6880947736
Cache,2060,MANU,17836.1604236325
Cache,2060,MING,169.193039549644
Cache,2060,OFFI,14387.776147860286
Cache,2060,OTHR,26231.532863038672
Cache,2060,RETL,11090.8453589334
Cache,2060,WSLE,4109.023450083608
Cache,2061,AGRI,1717.489357172035
Cache,2061,CONS,7088.85682635575
Cache,2061,FOOD,4629.51814566012
Cache,2061,GVED,20457.815687331633
Cache,2061,HLTH,12406.8283257458
Cache,2061,MANU,17939.6492848357
Cache,2061,MING,168.096802358116
Cache,2061,OFFI,14454.743286342704
Cache,2061,OTHR,26306.15491830643
Cache,2061,RETL,11116.0719502602
Cache,2061,WSLE,4112.4034063695935
Cache,2062,AGRI,1713.255717554704
Cache,2062,CONS,7121.57744514545
Cache,2062,FOOD,4619.14747542845
Cache,2062,GVED,20576.74045133149
Cache,2062,HLTH,12480.378403371
Cache,2062,MANU,18047.1511603204
Cache,2062,MING,166.047323447389
Cache,2062,OFFI,14519.007092321737
Cache,2062,OTHR,26383.08103040806
Cache,2062,RETL,11142.7314098483
Cache,2062,WSLE,4114.898985918369
Cache,2063,AGRI,1709.047398740673
Cache,2063,CONS,7151.4518268431
Cache,2063,FOOD,4610.75841589874
Cache,2063,GVED,20694.745238218988
Cache,2063,HLTH,12553.9490061377
Cache,2063,MANU,18156.5958991353
Cache,2063,MING,165.917854338525
Cache,2063,OFFI,14582.370733860216
Cache,2063,OTHR,26462.08887222346
Cache,2063,RETL,11171.3854308278
Cache,2063,WSLE,4118.392985378841
Cache,2064,AGRI,1704.862515225978
Cache,2064,CONS,7179.43724349649
Cache,2064,FOOD,4602.42799155805
Cache,2064,GVED,20810.858683274502
Cache,2064,HLTH,12627.5299809758
Cache,2064,MANU,18267.9644397336
Cache,2064,MING,164.833473918036
Cache,2064,OFFI,14642.91036935776
Cache,2064,OTHR,26541.23635715436
Cache,2064,RETL,11201.0624363945
Cache,2064,WSLE,4121.92234680902
Cache,2065,AGRI,1700.701479652136
Cache,2065,CONS,7205.54138480393
Cache,2065,FOOD,4594.15741612915
Cache,2065,GVED,20927.963949941517
Cache,2065,HLTH,12701.1279004169
Cache,2065,MANU,18380.3060086272
Cache,2065,MING,164.708465992711
Cache,2065,OFFI,14701.59544351651
Cache,2065,OTHR,26620.534760881492
Cache,2065,RETL,11232.7208794143
Cache,2065,WSLE,4123.576469222192
Carbon,2023,AGRI,429.0
Carbon,2023,CONS,518.0
Carbon,2023,FOOD,798.0
Carbon,2023,GVED,2452.0
Carbon,2023,HLTH,1259.0
Carbon,2023,MANU,539.0
Carbon,2023,MING,637.0
Carbon,2023,OFFI,431.0
Carbon,2023,OTHR,2493.0
Carbon,2023,RETL,1321.0
Carbon,2023,WSLE,930.0
Carbon,2024,AGRI,430.0
Carbon,2024,CONS,522.0
Carbon,2024,FOOD,779.0
Carbon,2024,GVED,2475.0
Carbon,2024,HLTH,1264.0
Carbon,2024,MANU,695.0
Carbon,2024,MING,549.0
Carbon,2024,OFFI,487.0
Carbon,2024,OTHR,2646.0
Carbon,2024,RETL,1284.0
Carbon,2024,WSLE,953.0
Carbon,2025,AGRI,429.292561460403
Carbon,2025,CONS,518.5775562185
Carbon,2025,FOOD,774.371142766911
Carbon,2025,GVED,2487.1455493720837
Carbon,2025,HLTH,1297.74036138146
Carbon,2025,MANU,706.328386637595
Carbon,2025,MING,538.106709593195
Carbon,2025,OFFI,491.6519100050531
Carbon,2025,OTHR,2680.5649642798
Carbon,2025,RETL,1271.4474753508
Carbon,2025,WSLE,967.33601165143
Carbon,2026,AGRI,429.58911565605104
Carbon,2026,CONS,573.654865319502
Carbon,2026,FOOD,775.754765209377
Carbon,2026,GVED,2478.183158192258
Carbon,2026,HLTH,1316.14270465636
Carbon,2026,MANU,714.205180611935
Carbon,2026,MING,545.012510635426
Carbon,2026,OFFI,487.11481705096094
Carbon,2026,OTHR,2701.403756507415
Carbon,2026,RETL,1249.00074982703
Carbon,2026,WSLE,970.4087416147851
Carbon,2027,AGRI,427.928008464806
Carbon,2027,CONS,628.013121008698
Carbon,2027,FOOD,777.252619146292
Carbon,2027,GVED,2478.3927281267474
Carbon,2027,HLTH,1331.52537385772
Carbon,2027,MANU,723.425007025303
Carbon,2027,MING,547.091050129861
Carbon,2027,OFFI,483.88499915413536
Carbon,2027,OTHR,2730.013802698086
Carbon,2027,RETL,1242.00241935166
Carbon,2027,WSLE,976.9092920417164
Carbon,2028,AGRI,426.25915234819104
Carbon,2028,CONS,626.546895831742
Carbon,2028,FOOD,771.935273280178
Carbon,2028,GVED,2486.3236326638257
Carbon,2028,HLTH,1332.82800387627
Carbon,2028,MANU,728.103420463198
Carbon,2028,MING,517.137662380838
Carbon,2028,OFFI,482.0855731563799
Carbon,2028,OTHR,2765.2487079105977
Carbon,2028,RETL,1225.83633656923
Carbon,2028,WSLE,973.9842916514372
Carbon,2029,AGRI,424.61383975368403
Carbon,2029,CONS,573.482883698818
Carbon,2029,FOOD,758.877222100377
Carbon,2029,GVED,2478.0398762668706
Carbon,2029,HLTH,1331.68534864351
Carbon,2029,MANU,735.793308094951
Carbon,2029,MING,481.39707663995
Carbon,2029,OFFI,486.2722902610591
Carbon,2029,OTHR,2802.7626094126017
Carbon,2029,RETL,1212.48919969496
Carbon,2029,WSLE,975.3057162388957
Carbon,2030,AGRI,422.989704678428
Carbon,2030,CONS,521.324059693278
Carbon,2030,FOOD,743.884707787622
Carbon,2030,GVED,2464.8726667220067
Carbon,2030,HLTH,1333.78335025661
Carbon,2030,MANU,746.506398164899
Carbon,2030,MING,467.679939109772
Carbon,2030,OFFI,489.4882456612222
Carbon,2030,OTHR,2832.994139899003
Carbon,2030,RETL,1207.8130809331
Carbon,2030,WSLE,973.8760216996792
Carbon,2031,AGRI,421.374935646579
Carbon,2031,CONS,520.103328468825
Carbon,2031,FOOD,727.960771708758
Carbon,2031,GVED,2454.518728785921
Carbon,2031,HLTH,1337.82953396327
Carbon,2031,MANU,759.198532648768
Carbon,2031,MING,465.910060326993
Carbon,2031,OFFI,490.70856645814035
Carbon,2031,OTHR,2857.897151498828
Carbon,2031,RETL,1208.15321290195
Carbon,2031,WSLE,972.4710272078402
Carbon,2032,AGRI,419.79034135177994
Carbon,2032,CONS,521.038302285619
Carbon,2032,FOOD,717.114256187123
Carbon,2032,GVED,2453.59271213174
Carbon,2032,HLTH,1344.18788993153
Carbon,2032,MANU,770.985805951094
Carbon,2032,MING,483.029904201986
Carbon,2032,OFFI,491.9979980416449
Carbon,2032,OTHR,2888.255805262208
Carbon,2032,RETL,1209.11128694597
Carbon,2032,WSLE,969.3849865627935
Carbon,2033,AGRI,421.186323258763
Carbon,2033,CONS,523.270038193114
Carbon,2033,FOOD,710.434009897417
Carbon,2033,GVED,2457.649063043934
Carbon,2033,HLTH,1345.67570499218
Carbon,2033,MANU,779.901886848064
Carbon,2033,MING,502.094438119105
Carbon,2033,OFFI,493.3692138481564
Carbon,2033,OTHR,2913.48872725672
Carbon,2033,RETL,1207.68637284945
Carbon,2033,WSLE,963.7041849718753
Carbon,2034,AGRI,422.64547906184
Carbon,2034,CONS,527.684836268849
Carbon,2034,FOOD,709.747014740041
Carbon,2034,GVED,2467.464532835204
Carbon,2034,HLTH,1354.75845490554
Carbon,2034,MANU,788.236863212245
Carbon,2034,MING,518.492444842278
Carbon,2034,OFFI,499.1184072666109
Carbon,2034,OTHR,2959.10597968417
Carbon,2034,RETL,1209.27477126173
Carbon,2034,WSLE,958.049740266807
Carbon,2035,AGRI,422.96648220026304
Carbon,2035,CONS,529.322888236705
Carbon,2035,FOOD,697.314606378736
Carbon,2035,GVED,2473.7866678633372
Carbon,2035,HLTH,1351.80770684801
Carbon,2035,MANU,798.302970567677
Carbon,2035,MING,524.140140838181
Carbon,2035,OFFI,503.67649300444907
Carbon,2035,OTHR,2940.913968133975
Carbon,2035,RETL,1205.77152731747
Carbon,2035,WSLE,946.1058283641676
Carbon,2036,AGRI,423.38777565487
Carbon,2036,CONS,531.822734856156
Carbon,2036,FOOD,696.560316480054
Carbon,2036,GVED,2483.076648493545
Carbon,2036,HLTH,1353.96013523641
Carbon,2036,MANU,812.011107817816
Carbon,2036,MING,519.474211060676
Carbon,2036,OFFI,509.9103211389861
Carbon,2036,OTHR,2966.250531336265
Carbon,2036,RETL,1205.88576773575
Carbon,2036,WSLE,936.3054382373954
Carbon,2037,AGRI,422.85299460769
Carbon,2037,CONS,535.543505423249
Carbon,2037,FOOD,699.644050949876
Carbon,2037,GVED,2499.2213100897916
Carbon,2037,HLTH,1358.24783722855
Carbon,2037,MANU,825.743812164128
Carbon,2037,MING,514.895156969768
Carbon,2037,OFFI,513.221881501667
Carbon,2037,OTHR,2998.2758775815028
Carbon,2037,RETL,1209.81435155846
Carbon,2037,WSLE,931.4718749979427
Carbon,2038,AGRI,423.321642161503
Carbon,2038,CONS,539.353169620205
Carbon,2038,FOOD,698.859974817373
Carbon,2038,GVED,2517.844812409165
Carbon,2038,HLTH,1366.7945838524
Carbon,2038,MANU,837.535339759844
Carbon,2038,MING,513.309082425902
Carbon,2038,OFFI,517.5384865026778
Carbon,2038,OTHR,3041.200146941988
Carbon,2038,RETL,1215.88477635596
Carbon,2038,WSLE,928.6761382061673
Carbon,2039,AGRI,423.799141494179
Carbon,2039,CONS,542.904262799289
Carbon,2039,FOOD,700.063954430977
Carbon,2039,GVED,2541.5288809402355
Carbon,2039,HLTH,1374.63099365145
Carbon,2039,MANU,849.316854508673
Carbon,2039,MING,512.72428673482
Carbon,2039,OFFI,521.8583420569955
Carbon,2039,OTHR,3080.172291185358
Carbon,2039,RETL,1222.90553861884
Carbon,2039,WSLE,926.8740079375032
Carbon,2040,AGRI,424.289097251508
Carbon,2040,CONS,547.281067123943
Carbon,2040,FOOD,700.339597359721
Carbon,2040,GVED,2565.5739866862104
Carbon,2040,HLTH,1383.88407508838
Carbon,2040,MANU,861.112697792397
Carbon,2040,MING,513.157852339566
Carbon,2040,OFFI,526.1923601644874
Carbon,2040,OTHR,3117.308906081154
Carbon,2040,RETL,1229.98918852364
Carbon,2040,WSLE,925.1681870270784
Carbon,2041,AGRI,423.80233850799095
Carbon,2041,CONS,550.889173533629
Carbon,2041,FOOD,700.601651910591
Carbon,2041,GVED,2590.762475115203
Carbon,2041,HLTH,1391.86966568162
Carbon,2041,MANU,870.922028008269
Carbon,2041,MING,515.543067579912
Carbon,2041,OFFI,528.5602253506604
Carbon,2041,OTHR,3147.458052966403
Carbon,2041,RETL,1237.97839432639
Carbon,2041,WSLE,924.4143292966112
Carbon,2042,AGRI,424.301010497952
Carbon,2042,CONS,556.692611488538
Carbon,2042,FOOD,700.856805091603
Carbon,2042,GVED,2624.995454293841
Carbon,2042,HLTH,1402.15687003311
Carbon,2042,MANU,881.679671213042
Carbon,2042,MING,519.865067964485
Carbon,2042,OFFI,533.848865538003
Carbon,2042,OTHR,3179.400716253874
Carbon,2042,RETL,1246.53122496123
Carbon,2042,WSLE,923.5882723713733
Carbon,2043,AGRI,424.81184643009203
Carbon,2043,CONS,560.653835741647
Carbon,2043,FOOD,701.164363299318
Carbon,2043,GVED,2660.2890754859454
Carbon,2043,HLTH,1411.05722979358
Carbon,2043,MANU,889.537438314766
Carbon,2043,MING,524.21293389634
Carbon,2043,OFFI,539.1488046601377
Carbon,2043,OTHR,3210.51805647356
Carbon,2043,RETL,1255.50265436491
Carbon,2043,WSLE,923.8366844821307
Carbon,2044,AGRI,423.387646647657
Carbon,2044,CONS,565.151638770318
Carbon,2044,FOOD,702.443661514719
Carbon,2044,GVED,2695.3551334907893
Carbon,2044,HLTH,1423.11879111826
Carbon,2044,MANU,898.36738475329
Carbon,2044,MING,523.693679369036
Carbon,2044,OFFI,544.4467510243577
Carbon,2044,OTHR,3244.4839086540032
Carbon,2044,RETL,1265.59808722971
Carbon,2044,WSLE,923.0915899688313
Carbon,2045,AGRI,423.929956578736
Carbon,2045,CONS,569.957176928747
Carbon,2045,FOOD,703.757846142787
Carbon,2045,GVED,2730.196008377707
Carbon,2045,HLTH,1438.87881950355
Carbon,2045,MANU,909.168237598218
Carbon,2045,MING,523.204359233381
Carbon,2045,OFFI,548.786208629684
Carbon,2045,OTHR,3274.654501806455
Carbon,2045,RETL,1276.26906990819
Carbon,2045,WSLE,924.347000667918
Carbon,2046,AGRI,423.513131883146
Carbon,2046,CONS,577.149840859695
Carbon,2046,FOOD,705.071345053332
Carbon,2046,GVED,2768.3965968364832
Carbon,2046,HLTH,1455.57544063583
Carbon,2046,MANU,920.933139755182
Carbon,2046,MING,523.691949295628
Carbon,2046,OFFI,557.0115920766688
Carbon,2046,OTHR,3304.757936856147
Carbon,2046,RETL,1289.2557750244
Carbon,2046,WSLE,924.5952876302458
Carbon,2047,AGRI,424.08380188569504
Carbon,2047,CONS,583.419352363198
Carbon,2047,FOOD,706.399072152644
Carbon,2047,GVED,2805.987366106375
Carbon,2047,HLTH,1473.17551758423
Carbon,2047,MANU,931.739671077598
Carbon,2047,MING,529.051129656931
Carbon,2047,OFFI,565.2405454270954
Carbon,2047,OTHR,3331.994655631118
Carbon,2047,RETL,1302.24806229192
Carbon,2047,WSLE,924.8707368397297
Carbon,2048,AGRI,423.69644245551297
Carbon,2048,CONS,590.377098985341
Carbon,2048,FOOD,708.707681114622
Carbon,2048,GVED,2844.4039353568046
Carbon,2048,HLTH,1490.64512932485
Carbon,2048,MANU,943.521845173946
Carbon,2048,MING,537.324639416207
Carbon,2048,OFFI,573.4688423202463
Carbon,2048,OTHR,3354.408880655769
Carbon,2048,RETL,1316.57603977894
Carbon,2048,WSLE,925.1643736975784
Carbon,2049,AGRI,423.32220432458496
Carbon,2049,CONS,598.045346821127
Carbon,2049,FOOD,711.992401232444
Carbon,2049,GVED,2882.1973432243612
Carbon,2049,HLTH,1507.11963788718
Carbon,2049,MANU,955.306983764838
Carbon,2049,MING,546.566966126068
Carbon,2049,OFFI,582.6649721253253
Carbon,2049,OTHR,3378.7823996167917
Carbon,2049,RETL,1331.65346486105
Carbon,2049,WSLE,926.4358834668872
Carbon,2050,AGRI,422.968532794171
Carbon,2050,CONS,605.32421023025
Carbon,2050,FOOD,714.364181386904
Carbon,2050,GVED,2918.3080798186056
Carbon,2050,HLTH,1523.09374729018
Carbon,2050,MANU,967.131904926052
Carbon,2050,MING,554.867300415776
Carbon,2050,OFFI,590.9103951358384
Carbon,2050,OTHR,3404.348290542764
Carbon,2050,RETL,1346.46054229324
Carbon,2050,WSLE,927.8100825526981
Carbon,2051,AGRI,423.561867807916
Carbon,2051,CONS,612.670102595601
Carbon,2051,FOOD,716.62349934202
Carbon,2051,GVED,2949.8703584142772
Carbon,2051,HLTH,1538.83083864613
Carbon,2051,MANU,979.809077562236
Carbon,2051,MING,564.051095745235
Carbon,2051,OFFI,598.1256803656682
Carbon,2051,OTHR,3425.493878825587
Carbon,2051,RETL,1361.2925766462
Carbon,2051,WSLE,927.0005944233292
Carbon,2052,AGRI,423.198558505278
Carbon,2052,CONS,619.146933983509
Carbon,2052,FOOD,718.919475776242
Carbon,2052,GVED,2980.34070494191
Carbon,2052,HLTH,1553.29422666466
Carbon,2052,MANU,991.526924894421
Carbon,2052,MING,572.270002359119
Carbon,2052,OFFI,604.3786757049904
Carbon,2052,OTHR,3446.743645270862
Carbon,2052,RETL,1376.05521475073
Carbon,2052,WSLE,928.1571595475181
Carbon,2053,AGRI,421.878131327237
Carbon,2053,CONS,624.662687720435
Carbon,2053,FOOD,721.223620185695
Carbon,2053,GVED,3010.841362724834
Carbon,2053,HLTH,1566.99736719198
Carbon,2053,MANU,1001.31246332629
Carbon,2053,MING,582.417096984789
Carbon,2053,OFFI,609.665804419139
Carbon,2053,OTHR,3468.980228835785
Carbon,2053,RETL,1389.54839907575
Carbon,2053,WSLE,929.3210908194178
Carbon,2054,AGRI,422.49477009797397
Carbon,2054,CONS,630.757257866686
Carbon,2054,FOOD,722.573400058849
Carbon,2054,GVED,3035.748327526012
Carbon,2054,HLTH,1579.20422633543
Carbon,2054,MANU,1011.09765931408
Carbon,2054,MING,590.629274514136
Carbon,2054,OFFI,613.0238813048823
Carbon,2054,OTHR,3489.308405566965
Carbon,2054,RETL,1403.20586613971
Carbon,2054,WSLE,930.4949764842193
Carbon,2055,AGRI,422.15522272160797
Carbon,2055,CONS,635.934259600254
Carbon,2055,FOOD,724.918855938672
Carbon,2055,GVED,3058.0163600990354
Carbon,2055,HLTH,1590.92441925368
Carbon,2055,MANU,1019.93080457767
Carbon,2055,MING,596.921147136717
Carbon,2055,OFFI,618.3189542542675
Carbon,2055,OTHR,3510.694043777366
Carbon,2055,RETL,1414.94010837168
Carbon,2055,WSLE,931.7087450915607
Carbon,2056,AGRI,420.857031147057
Carbon,2056,CONS,638.794484320009
Carbon,2056,FOOD,725.380278144507
Carbon,2056,GVED,3074.171637759584
Carbon,2056,HLTH,1603.31325001432
Carbon,2056,MANU,1026.85050780623
Carbon,2056,MING,597.453245036213
Carbon,2056,OFFI,621.6934731689647
Carbon,2056,OTHR,3532.218163863024
Carbon,2056,RETL,1423.60508118818
Carbon,2056,WSLE,933.0017000085063
Carbon,2057,AGRI,420.51043855875594
Carbon,2057,CONS,642.389394005453
Carbon,2057,FOOD,725.798465105388
Carbon,2057,GVED,3089.1771491834184
Carbon,2057,HLTH,1612.54678662848
Carbon,2057,MANU,1034.67347118004
Carbon,2057,MING,590.248155692129
Carbon,2057,OFFI,624.0744610704803
Carbon,2057,OTHR,3553.47374590198
Carbon,2057,RETL,1430.73419785256
Carbon,2057,WSLE,936.1142487858214
Carbon,2058,AGRI,420.1658856482
Carbon,2058,CONS,644.1735541486
Carbon,2058,FOOD,725.277810045703
Carbon,2058,GVED,3103.037577591387
Carbon,2058,HLTH,1618.92994050956
Carbon,2058,MANU,1043.45177438137
Carbon,2058,MING,584.981882098984
Carbon,2058,OFFI,628.3778282574272
Carbon,2058,OTHR,3573.784641114526
Carbon,2058,RETL,1436.24435559966
Carbon,2058,WSLE,937.3144307716658
Carbon,2059,AGRI,418.863362589525
Carbon,2059,CONS,646.51245047187
Carbon,2059,FOOD,724.7728089749
Carbon,2059,GVED,3113.459289628431
Carbon,2059,HLTH,1620.82256401792
Carbon,2059,MANU,1051.26106950583
Carbon,2059,MING,581.648527532907
Carbon,2059,OFFI,632.6775044826986
Carbon,2059,OTHR,3593.132933939193
Carbon,2059,RETL,1441.10911118603
Carbon,2059,WSLE,938.5202697726252
Carbon,2060,AGRI,418.528439218582
Carbon,2060,CONS,648.297302296024
Carbon,2060,FOOD,724.296097435921
Carbon,2060,GVED,3128.334250926445
Carbon,2060,HLTH,1622.67598916547
Carbon,2060,MANU,1059.07274560668
Carbon,2060,MING,582.1676179184
Carbon,2060,OFFI,636.9795015363103
Carbon,2060,OTHR,3608.682617699045
Carbon,2060,RETL,1445.01024283977
Carbon,2060,WSLE,939.7396132588428
Carbon,2061,AGRI,418.188951207778
Carbon,2061,CONS,650.844457743432
Carbon,2061,FOOD,723.708586962772
Carbon,2061,GVED,3139.609059776876
Carbon,2061,HLTH,1623.74364182023
Carbon,2061,MANU,1066.84465328749
Carbon,2061,MING,583.613388101326
Carbon,2061,OFFI,641.2578016230839
Carbon,2061,OTHR,3626.853375801623
Carbon,2061,RETL,1448.81803097878
Carbon,2061,WSLE,940.8953400563203
Carbon,2062,AGRI,418.816306432224
Carbon,2062,CONS,653.204205450642
Carbon,2062,FOOD,723.13596850086
Carbon,2062,GVED,3151.498483503142
Carbon,2062,HLTH,1625.33360450013
Carbon,2062,MANU,1074.62467807965
Carbon,2062,MING,585.068092898799
Carbon,2062,OFFI,644.5833725717347
Carbon,2062,OTHR,3645.064944284575
Carbon,2062,RETL,1451.50463770237
Carbon,2062,WSLE,941.1091153760821
Carbon,2063,AGRI,417.532259424999
Carbon,2063,CONS,655.56736680575
Carbon,2063,FOOD,722.572130629308
Carbon,2063,GVED,3163.4035848928697
Carbon,2063,HLTH,1626.93878479067
Carbon,2063,MANU,1083.36168881871
Carbon,2063,MING,585.569399083193
Carbon,2063,OFFI,647.9107465560204
Carbon,2063,OTHR,3665.202623680405
Carbon,2063,RETL,1455.1603362661
Carbon,2063,WSLE,942.2903029251124
Carbon,2064,AGRI,417.211088428568
Carbon,2064,CONS,658.890113640318
Carbon,2064,FOOD,722.01631917774
Carbon,2064,GVED,3177.2350794987096
Carbon,2064,HLTH,1628.55758632616
Carbon,2064,MANU,1091.13914268859
Carbon,2064,MING,586.075726180763
Carbon,2064,OFFI,651.2393829579203
Carbon,2064,OTHR,3685.345408669927
Carbon,2064,RETL,1457.86802626388
Carbon,2064,WSLE,943.4789902232985
Carbon,2065,AGRI,417.85070880312696
Carbon,2065,CONS,661.258504764641
Carbon,2065,FOOD,721.468749803844
Carbon,2065,GVED,3190.121958835629
Carbon,2065,HLTH,1629.23456336267
Carbon,2065,MANU,1099.87192210806
Carbon,2065,MING,586.587281438909
Carbon,2065,OFFI,653.613576313714
Carbon,2065,OTHR,3704.539143911781
Carbon,2065,RETL,1461.54253868428
Carbon,2065,WSLE,944.6755234636967
Daggett,2023,AGRI,68.0
Daggett,2023,CONS,14.0
Daggett,2023,FOOD,117.0
Daggett,2023,GVED,180.0
Daggett,2023,HLTH,7.0
Daggett,2023,MANU,15.0
Daggett,2023,MING,2.0
Daggett,2023,OFFI,31.0
Daggett,2023,OTHR,101.0
Daggett,2023,RETL,68.0
Daggett,2023,WSLE,42.0
Daggett,2024,AGRI,68.0
Daggett,2024,CONS,13.0
Daggett,2024,FOOD,118.0
Daggett,2024,GVED,191.0
Daggett,2024,HLTH,6.0
Daggett,2024,MANU,15.0
Daggett,2024,MING,15.0
Daggett,2024,OFFI,32.0
Daggett,2024,OTHR,111.0
Daggett,2024,RETL,70.0
Daggett,2024,WSLE,31.0
Daggett,2025,AGRI,67.8866241617037
Daggett,2025,CONS,13.2210287480722
Daggett,2025,FOOD,117.841136414356
Daggett,2025,GVED,194.8548565211221
Daggett,2025,HLTH,7.05176509622072
Daggett,2025,MANU,14.9764463899146
Daggett,2025,MING,14.9749801361424
Daggett,2025,OFFI,31.947102067740403
Daggett,2025,OTHR,112.83459754317519
Daggett,2025,RETL,70.98819398422
Daggett,2025,WSLE,31.953653093698712
Daggett,2026,AGRI,67.77574719901648
Daggett,2026,CONS,12.4426416747992
Daggett,2026,FOOD,119.15380447583
Daggett,2026,GVED,192.72033047723306
Daggett,2026,HLTH,7.05981034418098
Daggett,2026,MANU,14.9569865570864
Daggett,2026,MING,14.9505088652492
Daggett,2026,OFFI,32.89434977924528
Daggett,2026,OTHR,113.71356391552158
Daggett,2026,RETL,72.4575193276648
Daggett,2026,WSLE,31.91969719108768
Daggett,2027,AGRI,67.66865649681249
Daggett,2027,CONS,12.5698138722805
Daggett,2027,FOOD,120.638794130509
Daggett,2027,GVED,191.52044137226272
Daggett,2027,HLTH,7.02833386946676
Daggett,2027,MANU,15.937083368637
Daggett,2027,MING,14.9268035060864
Daggett,2027,OFFI,32.84665134467093
Daggett,2027,OTHR,116.6285267461941
Daggett,2027,RETL,73.8126236544277
Daggett,2027,WSLE,31.90404028554559
Daggett,2028,AGRI,67.56266581982908
Daggett,2028,CONS,13.6463167638625
Daggett,2028,FOOD,120.649506340289
Daggett,2028,GVED,191.34651701029094
Daggett,2028,HLTH,6.98934442488258
Daggett,2028,MANU,15.9133309608806
Daggett,2028,MING,14.9034177954599
Daggett,2028,OFFI,32.79640119858633
Daggett,2028,OTHR,119.45206756416314
Daggett,2028,RETL,74.3624612515894
Daggett,2028,WSLE,31.86027284846404
Daggett,2029,AGRI,67.45993390699735
Daggett,2029,CONS,13.6555097527967
Daggett,2029,FOOD,119.276969879356
Daggett,2029,GVED,191.01962235098992
Daggett,2029,HLTH,7.93032850937495
Daggett,2029,MANU,15.8865043369643
Daggett,2029,MING,13.8887079945904
Daggett,2029,OFFI,32.74544163628023
Daggett,2029,OTHR,122.23542700146149
Daggett,2029,RETL,74.9466543749226
Daggett,2029,WSLE,32.79729041007088
Daggett,2030,AGRI,66.36917101171336
Daggett,2030,CONS,13.6547022844137
Daggett,2030,FOOD,117.840552239428
Daggett,2030,GVED,193.53263956449848
Daggett,2030,HLTH,7.90979255841417
Daggett,2030,MANU,15.8597770785355
Daggett,2030,MING,12.8775080898279
Daggett,2030,OFFI,33.685961528552696
Daggett,2030,OTHR,125.01449429689988
Daggett,2030,RETL,75.7848691140524
Daggett,2030,WSLE,31.75095968602654
Daggett,2031,AGRI,66.27106566596447
Daggett,2031,CONS,14.6633834767952
Daggett,2031,FOOD,115.712232976636
Daggett,2031,GVED,192.39607077286044
Daggett,2031,HLTH,7.90170939255838
Daggett,2031,MANU,15.8358536822377
Daggett,2031,MING,12.8584773257093
Daggett,2031,OFFI,33.636390776703124
Daggett,2031,OTHR,126.87800908223159
Daggett,2031,RETL,76.7566704845676
Daggett,2031,WSLE,31.706519967657663
Daggett,2032,AGRI,66.17670006187632
Daggett,2032,CONS,14.6531208238636
Daggett,2032,FOOD,114.603472537005
Daggett,2032,GVED,192.33921244738946
Daggett,2032,HLTH,8.89005825558573
Daggett,2032,MANU,16.80181489384
Daggett,2032,MING,13.8278583866252
Daggett,2032,OFFI,33.58906458835777
Daggett,2032,OTHR,129.79418325815038
Daggett,2032,RETL,77.8802282026058
Daggett,2032,WSLE,31.66881762429057
Daggett,2033,AGRI,66.08499400327189
Daggett,2033,CONS,14.722871493464
Daggett,2033,FOOD,113.56243572287
Daggett,2033,GVED,192.3892916134699
Daggett,2033,HLTH,8.87727648447613
Daggett,2033,MANU,16.7810719662357
Daggett,2033,MING,14.7950049602133
Daggett,2033,OFFI,33.54406672181136
Daggett,2033,OTHR,131.2692509245952
Daggett,2033,RETL,79.0449943199813
Daggett,2033,WSLE,31.64181042685206
Daggett,2034,AGRI,66.00169423064541
Daggett,2034,CONS,15.8528234249393
Daggett,2034,FOOD,113.653859552318
Daggett,2034,GVED,192.80630209130447
Daggett,2034,HLTH,8.87552271740101
Daggett,2034,MANU,16.7680427837618
Daggett,2034,MING,14.7762369376509
Daggett,2034,OFFI,33.5092855131955
Daggett,2034,OTHR,133.56523210859476
Daggett,2034,RETL,79.4458828233958
Daggett,2034,WSLE,31.6846431751573
Daggett,2035,AGRI,65.90154817039358
Daggett,2035,CONS,15.5691424992437
Daggett,2035,FOOD,111.276749600626
Daggett,2035,GVED,191.57781117357388
Daggett,2035,HLTH,8.832714045699
Daggett,2035,MANU,16.7326274926222
Daggett,2035,MING,14.7539740464037
Daggett,2035,OFFI,33.4493908908105
Daggett,2035,OTHR,132.96842496913052
Daggett,2035,RETL,80.064420416763
Daggett,2035,WSLE,30.559555933581652
Daggett,2036,AGRI,65.8135871166639
Daggett,2036,CONS,15.3712029682427
Daggett,2036,FOOD,111.178129202307
Daggett,2036,GVED,190.1786646770161
Daggett,2036,HLTH,9.7552362130311
Daggett,2036,MANU,17.6932749406268
Daggett,2036,MING,14.7342678612561
Daggett,2036,OFFI,33.40505222671705
Daggett,2036,OTHR,134.7763867876102
Daggett,2036,RETL,79.7847307566534
Daggett,2036,WSLE,31.50798780126836
Daggett,2037,AGRI,65.72986866268259
Daggett,2037,CONS,15.2372500950738
Daggett,2037,FOOD,111.077491137404
Daggett,2037,GVED,190.3727882097948
Daggett,2037,HLTH,9.70530014508973
Daggett,2037,MANU,17.6717391049823
Daggett,2037,MING,14.7155065635225
Daggett,2037,OFFI,34.34402291037747
Daggett,2037,OTHR,135.60219978496022
Daggett,2037,RETL,79.4820130179051
Daggett,2037,WSLE,30.493763807403372
Daggett,2038,AGRI,65.64991092690951
Daggett,2038,CONS,14.1361390254457
Daggett,2038,FOOD,110.986708923808
Daggett,2038,GVED,190.053179600151
Daggett,2038,HLTH,9.66551312741373
Daggett,2038,MANU,17.6513059827331
Daggett,2038,MING,14.6975907981068
Daggett,2038,OFFI,35.28260959793103
Daggett,2038,OTHR,137.41378934095937
Daggett,2038,RETL,79.2570196892184
Daggett,2038,WSLE,30.464029549338083
Daggett,2039,AGRI,65.57174421051701
Daggett,2039,CONS,14.0521400076889
Daggett,2039,FOOD,110.895014937216
Daggett,2039,GVED,190.4149782378019
Daggett,2039,HLTH,9.64857194730672
Daggett,2039,MANU,17.6312834679478
Daggett,2039,MING,14.6800780823669
Daggett,2039,OFFI,35.24113064444043
Daggett,2039,OTHR,140.20200021067262
Daggett,2039,RETL,79.175783205621
Daggett,2039,WSLE,30.43457237069136
Daggett,2040,AGRI,65.49572308943547
Daggett,2040,CONS,14.0100120602735
Daggett,2040,FOOD,109.839959407958
Daggett,2040,GVED,190.8971438156274
Daggett,2040,HLTH,10.6189512622314
Daggett,2040,MANU,17.6121289924225
Daggett,2040,MING,14.6630395802766
Daggett,2040,OFFI,35.20093492735866
Daggett,2040,OTHR,141.03706511182912
Daggett,2040,RETL,79.242804231432
Daggett,2040,WSLE,30.40759491524012
Daggett,2041,AGRI,65.42009731681699
Daggett,2041,CONS,13.9945694121447
Daggett,2041,FOOD,109.759740554814
Daggett,2041,GVED,191.7632390835843
Daggett,2041,HLTH,10.649535184694
Daggett,2041,MANU,18.5693387824086
Daggett,2041,MING,14.6460934540102
Daggett,2041,OFFI,36.137322229951195
Daggett,2041,OTHR,141.86909201037867
Daggett,2041,RETL,78.4586826254599
Daggett,2041,WSLE,30.38002496251531
Daggett,2042,AGRI,65.34626635633931
Daggett,2042,CONS,12.9739022950749
Daggett,2042,FOOD,109.665325636101
Daggett,2042,GVED,192.5067510023899
Daggett,2042,HLTH,10.7015533959882
Daggett,2042,MANU,18.5490274567033
Daggett,2042,MING,14.6295590452617
Daggett,2042,OFFI,36.0969938752223
Daggett,2042,OTHR,143.67171310914998
Daggett,2042,RETL,78.6758892202087
Daggett,2042,WSLE,30.350681941739268
Daggett,2043,AGRI,64.3002202059693
Daggett,2043,CONS,12.9430476178578
Daggett,2043,FOOD,108.60942470915
Daggett,2043,GVED,192.77934511388534
Daggett,2043,HLTH,10.7833683982088
Daggett,2043,MANU,18.5296487924461
Daggett,2043,MING,14.6134678001105
Daggett,2043,OFFI,36.05788747454008
Daggett,2043,OTHR,145.47878020695384
Daggett,2043,RETL,78.9177512808014
Daggett,2043,WSLE,29.34971019430165
Daggett,2044,AGRI,64.23162684274736
Daggett,2044,CONS,12.8978839166931
Daggett,2044,FOOD,108.524934932402
Daggett,2044,GVED,193.78676055457828
Daggett,2044,HLTH,11.8245705625487
Daggett,2044,MANU,18.5106758450547
Daggett,2044,MING,14.5978695397253
Daggett,2044,OFFI,36.99310150777502
Daggett,2044,OTHR,147.28356290259353
Daggett,2044,RETL,79.0988367853399
Daggett,2044,WSLE,29.323882594992007
Daggett,2045,AGRI,64.16603868725507
Daggett,2045,CONS,12.8627571136256
Daggett,2045,FOOD,107.474145676819
Daggett,2045,GVED,195.61180001621273
Daggett,2045,HLTH,11.8882917147298
Daggett,2045,MANU,18.492653971915
Daggett,2045,MING,14.5829524548692
Daggett,2045,OFFI,36.95583282544545
Daggett,2045,OTHR,147.14758684379282
Daggett,2045,RETL,79.2633402644506
Daggett,2045,WSLE,29.299724248782347
Daggett,2046,AGRI,64.10271194447965
Daggett,2046,CONS,12.8549267182866
Daggett,2046,FOOD,107.388134247661
Daggett,2046,GVED,195.74912097736004
Daggett,2046,HLTH,11.9589830646017
Daggett,2046,MANU,19.4462302618134
Daggett,2046,MING,14.5685549234225
Daggett,2046,OFFI,36.91975284689333
Daggett,2046,OTHR,148.95520952584778
Daggett,2046,RETL,79.4843733531251
Daggett,2046,WSLE,29.2749376483596
Daggett,2047,AGRI,64.04197539686318
Daggett,2047,CONS,12.8705708314699
Daggett,2047,FOOD,106.332341072959
Daggett,2047,GVED,196.80881060547298
Daggett,2047,HLTH,12.0388567602062
Daggett,2047,MANU,19.4283972370991
Daggett,2047,MING,14.554745353882
Daggett,2047,OFFI,36.885145134682446
Daggett,2047,OTHR,149.79429623035554
Daggett,2047,RETL,79.7484626800872
Daggett,2047,WSLE,29.25118123425359
Daggett,2048,AGRI,63.98323623091369
Daggett,2048,CONS,12.913212164858
Daggett,2048,FOOD,106.248466476763
Daggett,2048,GVED,197.88487857221477
Daggett,2048,HLTH,13.1286614612904
Daggett,2048,MANU,19.4111749530365
Daggett,2048,MING,15.5108156222547
Daggett,2048,OFFI,37.821100472045224
Daggett,2048,OTHR,151.60523736215916
Daggett,2048,RETL,80.188377345327
Daggett,2048,WSLE,29.22821121800855
Daggett,2049,AGRI,63.92650229876438
Daggett,2049,CONS,12.9230329980845
Daggett,2049,FOOD,106.164768482969
Daggett,2049,GVED,197.94518298748304
Daggett,2049,HLTH,13.2018927334948
Daggett,2049,MANU,19.3945220738288
Daggett,2049,MING,15.4970565080299
Daggett,2049,OFFI,38.75646535584869
Daggett,2049,OTHR,151.4793726204572
Daggett,2049,RETL,80.6399007487059
Daggett,2049,WSLE,29.2058159662471
Daggett,2050,AGRI,63.87272146247048
Daggett,2050,CONS,12.9061460753925
Daggett,2050,FOOD,105.127468044168
Daggett,2050,GVED,199.75117412204978
Daggett,2050,HLTH,13.2846673170293
Daggett,2050,MANU,19.3790897210528
Daggett,2050,MING,15.4840069048637
Daggett,2050,OFFI,38.72429620108489
Daggett,2050,OTHR,154.26754684389397
Daggett,2050,RETL,81.0963236372359
Daggett,2050,WSLE,29.18639498435758
Daggett,2051,AGRI,63.816405820492626
Daggett,2051,CONS,12.8962920609496
Daggett,2051,FOOD,105.022948653132
Daggett,2051,GVED,198.5861870371216
Daggett,2051,HLTH,14.3941370059888
Daggett,2051,MANU,20.3288171772232
Daggett,2051,MING,15.4703626150502
Daggett,2051,OFFI,38.6902577526338
Daggett,2051,OTHR,155.0982919180987
Daggett,2051,RETL,81.6012430209041
Daggett,2051,WSLE,29.160610314694928
Daggett,2052,AGRI,62.79560710720104
Daggett,2052,CONS,12.8897701708857
Daggett,2052,FOOD,103.953795645536
Daggett,2052,GVED,199.1926619262721
Daggett,2052,HLTH,14.4781893018121
Daggett,2052,MANU,20.3113847004506
Daggett,2052,MING,15.4570987975491
Daggett,2052,OFFI,39.62324882304551
Daggett,2052,OTHR,155.9319642302679
Daggett,2052,RETL,82.0965026415626
Daggett,2052,WSLE,28.16957928528212
Daggett,2053,AGRI,62.74289726051466
Daggett,2053,CONS,12.8829678273425
Daggett,2053,FOOD,103.851991017192
Daggett,2053,GVED,198.79705412457565
Daggett,2053,HLTH,14.5698840715969
Daggett,2053,MANU,20.2943632513587
Daggett,2053,MING,16.4093850559629
Daggett,2053,OFFI,39.5900804712971
Daggett,2053,OTHR,157.7320342942216
Daggett,2053,RETL,82.5536844167948
Daggett,2053,WSLE,28.145905487775188
Daggett,2054,AGRI,62.69113623104332
Daggett,2054,CONS,12.8660065383227
Daggett,2054,FOOD,102.786187539873
Daggett,2054,GVED,200.31215776737653
Daggett,2054,HLTH,15.6834987743027
Daggett,2054,MANU,20.2776920491547
Daggett,2054,MING,16.3958494951731
Daggett,2054,OFFI,39.55750537812097
Daggett,2054,OTHR,159.53122421846416
Daggett,2054,RETL,81.9990379953961
Daggett,2054,WSLE,28.12268244260357
Daggett,2055,AGRI,62.64064513585972
Daggett,2055,CONS,13.8075299688636
Daggett,2055,FOOD,102.690831808091
Daggett,2055,GVED,199.12815438479956
Daggett,2055,HLTH,15.7270599792917
Daggett,2055,MANU,20.2615750939431
Daggett,2055,MING,16.382642572313
Daggett,2055,OFFI,40.48945139800087
Daggett,2055,OTHR,160.36823023942802
Daggett,2055,RETL,83.3376833152679
Daggett,2055,WSLE,28.10064540898609
Daggett,2056,AGRI,62.590590327417516
Daggett,2056,CONS,13.6125278431639
Daggett,2056,FOOD,101.64376125319
Daggett,2056,GVED,198.28728216545653
Daggett,2056,HLTH,15.7972814581363
Daggett,2056,MANU,20.2459617535654
Daggett,2056,MING,16.3695410627996
Daggett,2056,OFFI,40.45733629091626
Daggett,2056,OTHR,161.20919588400312
Daggett,2056,RETL,82.5379848324127
Daggett,2056,WSLE,28.080646577263174
Daggett,2057,AGRI,62.53897193514541
Daggett,2057,CONS,13.4433592832041
Daggett,2057,FOOD,100.58655954925
Daggett,2057,GVED,197.83724686634005
Daggett,2057,HLTH,16.8632999431998
Daggett,2057,MANU,21.1916088234252
Daggett,2057,MING,16.3560410325916
Daggett,2057,OFFI,40.424093917372346
Daggett,2057,OTHR,163.00205796597714
Daggett,2057,RETL,82.6538565229958
Daggett,2057,WSLE,28.05811931704659
Daggett,2058,AGRI,61.5262858335818
Daggett,2058,CONS,13.3052167379834
Daggett,2058,FOOD,100.492576022076
Daggett,2058,GVED,196.43040519039786
Daggett,2058,HLTH,16.8799790021533
Daggett,2058,MANU,21.1744828616406
Daggett,2058,MING,15.3812779908936
Daggett,2058,OFFI,40.391024192400394
Daggett,2058,OTHR,163.8315569422607
Daggett,2058,RETL,82.6785078011605
Daggett,2058,WSLE,28.03591959024823
Daggett,2059,AGRI,61.47609009031038
Daggett,2059,CONS,13.1899608715622
Daggett,2059,FOOD,99.4411183567188
Daggett,2059,GVED,196.01877410600173
Daggett,2059,HLTH,16.8756742838346
Daggett,2059,MANU,21.1575112834489
Daggett,2059,MING,15.3687272782034
Daggett,2059,OFFI,40.35821348519095
Daggett,2059,OTHR,165.6215038922665
Daggett,2059,RETL,82.8046058882544
Daggett,2059,WSLE,28.974564669990478
Daggett,2060,AGRI,61.426808249167934
Daggett,2060,CONS,13.0912503456351
Daggett,2060,FOOD,98.3918486742971
Daggett,2060,GVED,196.65499757585337
Daggett,2060,HLTH,17.9117397465247
Daggett,2060,MANU,21.1408482426029
Daggett,2060,MING,15.3564050388561
Daggett,2060,OFFI,41.28577181133557
Daggett,2060,OTHR,167.41065153380183
Daggett,2060,RETL,81.9391084987476
Daggett,2060,WSLE,28.952290159411962
Daggett,2061,AGRI,61.37698208925038
Daggett,2061,CONS,12.6040951861332
Daggett,2061,FOOD,98.312038439542
Daggett,2061,GVED,196.05948450349973
Daggett,2061,HLTH,18.2646633123219
Daggett,2061,MANU,21.1236999108671
Daggett,2061,MING,15.3439487398063
Daggett,2061,OFFI,41.25228298899193
Daggett,2061,OTHR,167.2748569168753
Daggett,2061,RETL,81.8007072588159
Daggett,2061,WSLE,28.92880560143837
Daggett,2062,AGRI,61.328418905513324
Daggett,2062,CONS,12.5941224737331
Daggett,2062,FOOD,97.2760131957045
Daggett,2062,GVED,194.94611874826137
Daggett,2062,HLTH,18.2502118002055
Daggett,2062,MANU,21.1069862490829
Daggett,2062,MING,15.3318081786947
Daggett,2062,OFFI,42.17788104084382
Daggett,2062,OTHR,169.05898039702885
Daggett,2062,RETL,82.6942222640429
Daggett,2062,WSLE,28.90591632187629
Daggett,2063,AGRI,61.28060039462804
Daggett,2063,CONS,12.5843026839301
Daggett,2063,FOOD,97.2001659102389
Daggett,2063,GVED,194.79411689874718
Daggett,2063,HLTH,19.1934727504487
Daggett,2063,MANU,22.0480197376938
Daggett,2063,MING,15.3198537821952
Daggett,2063,OFFI,42.14499443623754
Daggett,2063,OTHR,171.79963564693261
Daggett,2063,RETL,82.6297445775469
Daggett,2063,WSLE,28.88337802888011
Daggett,2064,AGRI,60.27670824864714
Daggett,2064,CONS,12.5746226821071
Daggett,2064,FOOD,96.1686439886237
Daggett,2064,GVED,194.6442788462107
Daggett,2064,HLTH,19.1787088929764
Daggett,2064,MANU,22.0310601272478
Daggett,2064,MING,15.3080695605133
Daggett,2064,OFFI,42.11257598340638
Daggett,2064,OTHR,172.62423958231875
Daggett,2064,RETL,82.5661847524034
Daggett,2064,WSLE,28.86116057599488
Daggett,2065,AGRI,60.23099504449988
Daggett,2065,CONS,12.5650862241544
Daggett,2065,FOOD,96.0957107282823
Daggett,2065,GVED,194.4966627285832
Daggett,2065,HLTH,19.1641639674093
Daggett,2065,MANU,22.0143520093289
Daggett,2065,MING,15.2964600859873
Daggett,2065,OFFI,42.080638260875915
Daggett,2065,OTHR,173.44935197988104
Daggett,2065,RETL,82.5035674501499
Daggett,2065,WSLE,28.83927258370617
Davis,2023,AGRI,882.0
Davis,2023,CONS,15195.0
Davis,2023,FOOD,12261.0
Davis,2023,GVED,43984.0
Davis,2023,HLTH,18658.0
Davis,2023,MANU,14428.0
Davis,2023,MING,339.0
Davis,2023,OFFI,20451.0
Davis,2023,OTHR,59305.0
Davis,2023,RETL,22041.0
Davis,2023,WSLE,13932.0
Davis,2024,AGRI,883.0
Davis,2024,CONS,15310.0
Davis,2024,FOOD,12284.0
Davis,2024,GVED,45581.0
Davis,2024,HLTH,18992.0
Davis,2024,MANU,14856.0
Davis,2024,MING,409.0
Davis,2024,OFFI,20112.0
Davis,2024,OTHR,58677.0
Davis,2024,RETL,21875.0
Davis,2024,WSLE,13612.0
Davis,2025,AGRI,880.6279619798539
Davis,2025,CONS,15580.8184508063
Davis,2025,FOOD,12220.7540091396
Davis,2025,GVED,46211.62220311969
Davis,2025,HLTH,19746.1175320414
Davis,2025,MANU,15049.3057887461
Davis,2025,MING,405.459086573866
Davis,2025,OFFI,20365.82305291041
Davis,2025,OTHR,59471.68349640288
Davis,2025,RETL,21861.4065047883
Davis,2025,WSLE,13864.442487190827
Davis,2026,AGRI,879.144740105036
Davis,2026,CONS,15715.030921619
Davis,2026,FOOD,12216.5802540738
Davis,2026,GVED,46325.87157834385
Davis,2026,HLTH,20304.5694226096
Davis,2026,MANU,15079.1320923136
Davis,2026,MING,415.675508744487
Davis,2026,OFFI,20165.17002754904
Davis,2026,OTHR,59970.76025511091
Davis,2026,RETL,21662.1690988428
Davis,2026,WSLE,13923.11833239398
Davis,2027,AGRI,875.257816958269
Davis,2027,CONS,15898.6084149906
Davis,2027,FOOD,12163.370969877
Davis,2027,GVED,46419.4733831369
Davis,2027,HLTH,20804.2591769382
Davis,2027,MANU,15122.0616483691
Davis,2027,MING,420.526990800646
Davis,2027,OFFI,19990.14175136311
Davis,2027,OTHR,60519.07764712231
Davis,2027,RETL,21738.4294975026
Davis,2027,WSLE,14021.39286891267
Davis,2028,AGRI,869.045494683233
Davis,2028,CONS,16141.6794761381
Davis,2028,FOOD,12078.9768264107
Davis,2028,GVED,46397.469908524465
Davis,2028,HLTH,21140.6103453295
Davis,2028,MANU,15161.8745633589
Davis,2028,MING,401.155516417951
Davis,2028,OFFI,19960.95977642653
Davis,2028,OTHR,61140.142972485526
Davis,2028,RETL,21680.7021647388
Davis,2028,WSLE,14000.934513410739
Davis,2029,AGRI,863.9418120333239
Davis,2029,CONS,16443.9733802323
Davis,2029,FOOD,11972.8882896701
Davis,2029,GVED,46403.122996993814
Davis,2029,HLTH,21466.9721197009
Davis,2029,MANU,15306.7981261316
Davis,2029,MING,376.94556133562
Davis,2029,OFFI,20059.067393979552
Davis,2029,OTHR,61897.84476378162
Davis,2029,RETL,21717.3025511769
Davis,2029,WSLE,13998.587237798036
Davis,2030,AGRI,858.8851667438321
Davis,2030,CONS,16649.2236996491
Davis,2030,FOOD,11832.6854611579
Davis,2030,GVED,46606.33946966498
Davis,2030,HLTH,21835.7176086642
Davis,2030,MANU,15517.9882194712
Davis,2030,MING,368.665103266716
Davis,2030,OFFI,20186.59778376312
Davis,2030,OTHR,62469.023140087695
Davis,2030,RETL,21900.1590487392
Davis,2030,WSLE,13964.753310745533
Davis,2031,AGRI,854.6784849148299
Davis,2031,CONS,16772.3954548716
Davis,2031,FOOD,11630.5703995879
Davis,2031,GVED,46223.45268888115
Davis,2031,HLTH,22170.085275557
Davis,2031,MANU,15715.8888801934
Davis,2031,MING,370.120630389388
Davis,2031,OFFI,20271.37323457091
Davis,2031,OTHR,62918.98717857879
Davis,2031,RETL,22107.4199821072
Davis,2031,WSLE,13942.876500806451
Davis,2032,AGRI,849.67352049645
Davis,2032,CONS,16920.7496119118
Davis,2032,FOOD,11475.2360168841
Davis,2032,GVED,46051.65439522586
Davis,2032,HLTH,22497.5264343833
Davis,2032,MANU,15873.1603306419
Davis,2032,MING,385.598191679463
Davis,2032,OFFI,20358.11687833578
Davis,2032,OTHR,63576.09880218746
Davis,2032,RETL,22249.938552939
Davis,2032,WSLE,13893.093127510492
Davis,2033,AGRI,851.726180960982
Davis,2033,CONS,17175.3565242791
Davis,2033,FOOD,11411.9752494446
Davis,2033,GVED,45936.80737702691
Davis,2033,HLTH,22819.0133722295
Davis,2033,MANU,16030.3744238857
Davis,2033,MING,404.067902209034
Davis,2033,OFFI,20536.758327174342
Davis,2033,OTHR,64278.823442951936
Davis,2033,RETL,22387.8129865738
Davis,2033,WSLE,13843.930953235871
Davis,2034,AGRI,853.505043282635
Davis,2034,CONS,17548.3119712951
Davis,2034,FOOD,11777.356047255
Davis,2034,GVED,45931.37106345019
Davis,2034,HLTH,23226.9621003918
Davis,2034,MANU,16176.6873646319
Davis,2034,MING,419.311385819288
Davis,2034,OFFI,20868.30405209311
Davis,2034,OTHR,65701.81817833382
Davis,2034,RETL,22586.512494063
Davis,2034,WSLE,13799.21494720399
Davis,2035,AGRI,852.195581926675
Davis,2035,CONS,17662.9978916206
Davis,2035,FOOD,11252.6589647989
Davis,2035,GVED,45738.12437098126
Davis,2035,HLTH,23313.2155373577
Davis,2035,MANU,16289.0437670985
Davis,2035,MING,424.4547398552
Davis,2035,OFFI,21069.438350655022
Davis,2035,OTHR,64584.34823893167
Davis,2035,RETL,22477.8582892809
Davis,2035,WSLE,13538.465238626686
Davis,2036,AGRI,851.1873174059331
Davis,2036,CONS,17860.4627401744
Davis,2036,FOOD,11262.3743678528
Davis,2036,GVED,45689.78541854528
Davis,2036,HLTH,23549.9500842516
Davis,2036,MANU,16511.9663819285
Davis,2036,MING,419.910947063839
Davis,2036,OFFI,21324.073396728832
Davis,2036,OTHR,64988.69185664493
Davis,2036,RETL,22572.7700351814
Davis,2036,WSLE,13379.212454487108
Davis,2037,AGRI,852.220058362853
Davis,2037,CONS,17995.4126961897
Davis,2037,FOOD,11318.4856187571
Davis,2037,GVED,45725.8341938174
Davis,2037,HLTH,23835.982877068
Davis,2037,MANU,16742.3814161908
Davis,2037,MING,415.495386200568
Davis,2037,OFFI,21557.813446743792
Davis,2037,OTHR,65663.35188184521
Davis,2037,RETL,22767.1807167974
Davis,2037,WSLE,13277.906337267974
Davis,2038,AGRI,852.303020300222
Davis,2038,CONS,18105.0411917376
Davis,2038,FOOD,11339.8835402417
Davis,2038,GVED,45829.044943696295
Davis,2038,HLTH,24167.5218552058
Davis,2038,MANU,16948.738421937
Davis,2038,MING,414.080170464292
Davis,2038,OFFI,21793.98304753252
Davis,2038,OTHR,66639.7831588413
Davis,2038,RETL,22986.0087080305
Davis,2038,WSLE,13244.453811847929
Davis,2039,AGRI,852.382786026812
Davis,2039,CONS,18208.8220656039
Davis,2039,FOOD,11387.7021711497
Davis,2039,GVED,46011.158751093186
Davis,2039,HLTH,24493.1535209019
Davis,2039,MANU,17142.2194727139
Davis,2039,MING,412.674005394479
Davis,2039,OFFI,22015.29472159664
Davis,2039,OTHR,67638.48017057555
Davis,2039,RETL,23243.9347988714
Davis,2039,WSLE,13217.92077539842
Davis,2040,AGRI,852.5422175646611
Davis,2040,CONS,18288.9252480129
Davis,2040,FOOD,11429.6042974603
Davis,2040,GVED,46394.76298216283
Davis,2040,HLTH,24845.3044550755
Davis,2040,MANU,17325.6941020275
Davis,2040,MING,411.344477802396
Davis,2040,OFFI,22245.12725055174
Davis,2040,OTHR,68571.2107763008
Davis,2040,RETL,23497.2004429136
Davis,2040,WSLE,13199.3015486091
Davis,2041,AGRI,851.700975582972
Davis,2041,CONS,18329.9493881396
Davis,2041,FOOD,11495.2424079238
Davis,2041,GVED,46387.36741644893
Davis,2041,HLTH,25164.628225044
Davis,2041,MANU,17494.8610243225
Davis,2041,MING,411.957436137339
Davis,2041,OFFI,22454.848712712148
Davis,2041,OTHR,69461.05456206712
Davis,2041,RETL,23779.309163288
Davis,2041,WSLE,13193.420990455808
Davis,2042,AGRI,850.799736445886
Davis,2042,CONS,18396.0848811387
Davis,2042,FOOD,11539.342929336
Davis,2042,GVED,46595.99965661938
Davis,2042,HLTH,25462.2194881302
Davis,2042,MANU,17652.1532063201
Davis,2042,MING,414.453784812483
Davis,2042,OFFI,22745.20627282135
Davis,2042,OTHR,70353.95320685739
Davis,2042,RETL,24028.3253650614
Davis,2042,WSLE,13202.263056437745
Davis,2043,AGRI,851.937778679569
Davis,2043,CONS,18467.5016788894
Davis,2043,FOOD,11599.168283131
Davis,2043,GVED,46838.099530846834
Davis,2043,HLTH,25734.7001971475
Davis,2043,MANU,17775.0367498746
Davis,2043,MING,417.009879065379
Davis,2043,OFFI,22997.8954458484
Davis,2043,OTHR,71194.13518026666
Davis,2043,RETL,24291.5908444577
Davis,2043,WSLE,13209.51552497546
Davis,2044,AGRI,850.153527986192
Davis,2044,CONS,18518.1770658464
Davis,2044,FOOD,11644.8990455386
Davis,2044,GVED,47090.540666489425
Davis,2044,HLTH,26034.7324919205
Davis,2044,MANU,17899.8709952044
Davis,2044,MING,414.687900518266
Davis,2044,OFFI,23282.484343218217
Davis,2044,OTHR,72050.96040583827
Davis,2044,RETL,24542.827208529
Davis,2044,WSLE,13217.962204313939
Davis,2045,AGRI,849.399574098037
Davis,2045,CONS,18650.7816802125
Davis,2045,FOOD,11701.4310941745
Davis,2045,GVED,47373.61031644985
Davis,2045,HLTH,26351.8801617091
Davis,2045,MANU,18059.0702988388
Davis,2045,MING,412.404986714067
Davis,2045,OFFI,23562.474758187316
Davis,2045,OTHR,72877.5605662359
Davis,2045,RETL,24826.8588702984
Davis,2045,WSLE,13224.199621257434
Davis,2046,AGRI,849.598672901557
Davis,2046,CONS,18882.3973600051
Davis,2046,FOOD,11743.7423370113
Davis,2046,GVED,47673.25828968841
Davis,2046,HLTH,26666.2241944362
Davis,2046,MANU,18221.1330146411
Davis,2046,MING,412.041642295448
Davis,2046,OFFI,23910.537319269068
Davis,2046,OTHR,73626.47546177715
Davis,2046,RETL,25089.1797344904
Davis,2046,WSLE,13227.531487504997
Davis,2047,AGRI,848.865133579963
Davis,2047,CONS,19193.7194701099
Davis,2047,FOOD,11787.919068445
Davis,2047,GVED,47978.355614872504
Davis,2047,HLTH,26975.9058980043
Davis,2047,MANU,18378.9671999268
Davis,2047,MING,412.667555700724
Davis,2047,OFFI,24317.938362957488
Davis,2047,OTHR,74312.3104796609
Davis,2047,RETL,25377.9920187045
Davis,2047,WSLE,13226.567410816799
Davis,2048,AGRI,848.1602164400219
Davis,2048,CONS,19558.3344419954
Davis,2048,FOOD,11841.6429997884
Davis,2048,GVED,48289.6804694473
Davis,2048,HLTH,27257.3211515265
Davis,2048,MANU,18541.0597696317
Davis,2048,MING,416.215640461297
Davis,2048,OFFI,24740.772550327278
Davis,2048,OTHR,74902.17025094847
Davis,2048,RETL,25648.0276362882
Davis,2048,WSLE,13220.145469014118
Davis,2049,AGRI,846.5063342257481
Davis,2049,CONS,19973.1038191536
Davis,2049,FOOD,11901.3793745451
Davis,2049,GVED,48592.02973097912
Davis,2049,HLTH,27542.8205410223
Davis,2049,MANU,18708.9733303925
Davis,2049,MING,418.797071176052
Davis,2049,OFFI,25161.15234115615
Davis,2049,OTHR,75468.9794733901
Davis,2049,RETL,25920.2844673372
Davis,2049,WSLE,13210.510994607164
Davis,2050,AGRI,844.947859100606
Davis,2050,CONS,20412.7399236224
Davis,2050,FOOD,11964.0154656527
Davis,2050,GVED,49111.91022396691
Davis,2050,HLTH,27822.9085910752
Davis,2050,MANU,18878.1286756184
Davis,2050,MING,421.443309023846
Davis,2050,OFFI,25550.40358234117
Davis,2050,OTHR,76042.3769681336
Davis,2050,RETL,26205.8007761729
Davis,2050,WSLE,13203.17878864802
Davis,2051,AGRI,843.188979858935
Davis,2051,CONS,20835.2450085717
Davis,2051,FOOD,12006.1087460962
Davis,2051,GVED,49172.95709902447
Davis,2051,HLTH,28060.0797852938
Davis,2051,MANU,19055.7991174776
Davis,2051,MING,422.958720257472
Davis,2051,OFFI,25869.84168305691
Davis,2051,OTHR,76515.97865803959
Davis,2051,RETL,26447.3227070009
Davis,2051,WSLE,13176.14310381767
Davis,2052,AGRI,842.435481328098
Davis,2052,CONS,21239.4574586738
Davis,2052,FOOD,12045.5940656013
Davis,2052,GVED,49448.68960117868
Davis,2052,HLTH,28280.0221702147
Davis,2052,MANU,19215.8100034431
Davis,2052,MING,425.449855170761
Davis,2052,OFFI,26136.85343351202
Davis,2052,OTHR,76961.87663599118
Davis,2052,RETL,26678.6602876057
Davis,2052,WSLE,13150.56486521494
Davis,2053,AGRI,839.774674683
Davis,2053,CONS,21639.9836591818
Davis,2053,FOOD,12081.6208081411
Davis,2053,GVED,49727.33723517007
Davis,2053,HLTH,28482.4213595126
Davis,2053,MANU,19349.1562523728
Davis,2053,MING,427.947896759641
Davis,2053,OFFI,26341.07235505087
Davis,2053,OTHR,77441.55620763764
Davis,2053,RETL,26896.8932046967
Davis,2053,WSLE,13134.891817500335
Davis,2054,AGRI,839.066306611253
Davis,2054,CONS,22059.8229630095
Davis,2054,FOOD,12108.4935411863
Davis,2054,GVED,50004.321307404134
Davis,2054,HLTH,28672.2792810829
Davis,2054,MANU,19471.3492914878
Davis,2054,MING,429.491685537077
Davis,2054,OFFI,26538.75377199251
Davis,2054,OTHR,77876.00556224956
Davis,2054,RETL,27111.2369641953
Davis,2054,WSLE,13111.821349340195
Davis,2055,AGRI,836.4725684788641
Davis,2055,CONS,22491.5305793593
Davis,2055,FOOD,12132.6682190828
Davis,2055,GVED,50265.67331589216
Davis,2055,HLTH,28844.9690492202
Davis,2055,MANU,19576.5736156426
Davis,2055,MING,429.139594889466
Davis,2055,OFFI,26714.92183414819
Davis,2055,OTHR,78307.1490626761
Davis,2055,RETL,27314.7074228419
Davis,2055,WSLE,13099.351887534169
Davis,2056,AGRI,833.949216195557
Davis,2056,CONS,22773.8725119156
Davis,2056,FOOD,12135.53569511
Davis,2056,GVED,50517.05598178857
Davis,2056,HLTH,29066.284028526
Davis,2056,MANU,19659.569882188
Davis,2056,MING,424.038484067168
Davis,2056,OFFI,26878.54802721327
Davis,2056,OTHR,78774.5298092301
Davis,2056,RETL,27458.1260970275
Davis,2056,WSLE,13097.578311970254
Davis,2057,AGRI,832.300286170108
Davis,2057,CONS,22952.8473157714
Davis,2057,FOOD,12118.3245750724
Davis,2057,GVED,50739.064777132386
Davis,2057,HLTH,29266.9775034904
Davis,2057,MANU,19755.3203066468
Davis,2057,MING,415.033295294771
Davis,2057,OFFI,27050.19511850438
Davis,2057,OTHR,79153.39212025594
Davis,2057,RETL,27565.2680183965
Davis,2057,WSLE,13081.671801800112
Davis,2058,AGRI,829.704036036384
Davis,2058,CONS,23074.3605051108
Davis,2058,FOOD,12100.2464178479
Davis,2058,GVED,50932.61424770966
Davis,2058,HLTH,29462.7904065738
Davis,2058,MANU,19856.2041397616
Davis,2058,MING,406.051449850549
Davis,2058,OFFI,27223.84805886107
Davis,2058,OTHR,79490.49907067261
Davis,2058,RETL,27665.7751777391
Davis,2058,WSLE,13063.470735458068
Davis,2059,AGRI,827.11785179129
Davis,2059,CONS,23161.4756357906
Davis,2059,FOOD,12076.4451535545
Davis,2059,GVED,51092.45789535621
Davis,2059,HLTH,29664.9465415182
Davis,2059,MANU,19958.1107211956
Davis,2059,MING,399.010344612089
Davis,2059,OFFI,27395.53319094742
Davis,2059,OTHR,79791.50863331834
Davis,2059,RETL,27759.6031698119
Davis,2059,WSLE,13045.562451257045
Davis,2060,AGRI,824.5464345541991
Davis,2060,CONS,23218.3656950299
Davis,2060,FOOD,12048.7627301979
Davis,2060,GVED,51449.3136345652
Davis,2060,HLTH,29848.7083643735
Davis,2060,MANU,20058.1753522954
Davis,2060,MING,394.866525619837
Davis,2060,OFFI,27559.59256812791
Davis,2060,OTHR,80059.17549572894
Davis,2060,RETL,27835.2819368711
Davis,2060,WSLE,13025.887423973445
Davis,2061,AGRI,823.877606339312
Davis,2061,CONS,23260.7345304841
Davis,2061,FOOD,12021.7274723424
Davis,2061,GVED,51311.612180195734
Davis,2061,HLTH,30035.0834604256
Davis,2061,MANU,20160.8208299607
Davis,2061,MING,392.628237302429
Davis,2061,OFFI,27717.52909006361
Davis,2061,OTHR,80358.65453301849
Davis,2061,RETL,27920.1640001495
Davis,2061,WSLE,13005.731548903834
Davis,2062,AGRI,821.309255327174
Davis,2062,CONS,23300.7825058592
Davis,2062,FOOD,11995.925499365
Davis,2062,GVED,51423.37284223706
Davis,2062,HLTH,30225.9641774024
Davis,2062,MANU,20266.5652524364
Davis,2062,MING,390.401102844642
Davis,2062,OFFI,27870.95576237677
Davis,2062,OTHR,80691.78305612325
Davis,2062,RETL,28010.1866333209
Davis,2062,WSLE,12985.858670475933
Davis,2063,AGRI,820.668870555041
Davis,2063,CONS,23337.1915826745
Davis,2063,FOOD,11971.2522772047
Davis,2063,GVED,51532.64599009021
Davis,2063,HLTH,30418.7895617814
Davis,2063,MANU,20374.2794872074
Davis,2063,MING,389.139211515753
Davis,2063,OFFI,28018.70032312735
Davis,2063,OTHR,81029.0978757864
Davis,2063,RETL,28105.1606366991
Davis,2063,WSLE,12967.116021464088
Davis,2064,AGRI,819.080847525996
Davis,2064,CONS,23371.8618143582
Davis,2064,FOOD,11946.7357718033
Davis,2064,GVED,51644.173626072705
Davis,2064,HLTH,30612.5742881771
Davis,2064,MANU,20482.0286493684
Davis,2064,MING,387.883126456661
Davis,2064,OFFI,28163.623247536478
Davis,2064,OTHR,81368.60611391687
Davis,2064,RETL,28205.0496004279
Davis,2064,WSLE,12947.574011395005
Davis,2065,AGRI,817.5036367073669
Davis,2065,CONS,23403.8503422089
Davis,2065,FOOD,11922.379036412
Davis,2065,GVED,51754.14772873281
Davis,2065,HLTH,30807.3325988813
Davis,2065,MANU,20591.7350671366
Davis,2065,MING,387.588960085268
Davis,2065,OFFI,28304.78914843322
Davis,2065,OTHR,81708.4291196181
Davis,2065,RETL,28307.9429338113
Davis,2065,WSLE,12929.150452386126
Duchesne,2023,AGRI,1305.0
Duchesne,2023,CONS,698.0
Duchesne,2023,FOOD,532.0
Duchesne,2023,GVED,2727.0
Duchesne,2023,HLTH,350.0
Duchesne,2023,MANU,256.0
Duchesne,2023,MING,1928.0
Duchesne,2023,OFFI,776.0
Duchesne,2023,OTHR,2240.0
Duchesne,2023,RETL,1276.0
Duchesne,2023,WSLE,1089.0
Duchesne,2024,AGRI,1309.0
Duchesne,2024,CONS,825.0
Duchesne,2024,FOOD,534.0
Duchesne,2024,GVED,2784.0
Duchesne,2024,HLTH,331.0
Duchesne,2024,MANU,290.0
Duchesne,2024,MING,1958.0
Duchesne,2024,OFFI,784.0
Duchesne,2024,OTHR,2481.0
Duchesne,2024,RETL,1236.0
Duchesne,2024,WSLE,1064.0
Duchesne,2025,AGRI,1305.854703716559
Duchesne,2025,CONS,827.022334387703
Duchesne,2025,FOOD,535.123872839788
Duchesne,2025,GVED,2898.6974728778564
Duchesne,2025,HLTH,343.578917313178
Duchesne,2025,MANU,294.539959695686
Duchesne,2025,MING,1932.61287972147
Duchesne,2025,OFFI,791.710049938092
Duchesne,2025,OTHR,2529.1067873108614
Duchesne,2025,RETL,1232.33409789677
Duchesne,2025,WSLE,1081.4338091987659
Duchesne,2026,AGRI,1309.2413543220791
Duchesne,2026,CONS,1391.7870720049
Duchesne,2026,FOOD,577.051392094296
Duchesne,2026,GVED,2957.108887215787
Duchesne,2026,HLTH,358.460112324043
Duchesne,2026,MANU,327.784878765583
Duchesne,2026,MING,1974.72790647989
Duchesne,2026,OFFI,792.141887334133
Duchesne,2026,OTHR,2587.333743683379
Duchesne,2026,RETL,1254.94624359635
Duchesne,2026,WSLE,1091.2945675960634
Duchesne,2027,AGRI,1305.557676516762
Duchesne,2027,CONS,1958.47322490382
Duchesne,2027,FOOD,617.169845074863
Duchesne,2027,GVED,3046.0562509070423
Duchesne,2027,HLTH,371.355978095399
Duchesne,2027,MANU,360.838760212681
Duchesne,2027,MING,1997.75086946678
Duchesne,2027,OFFI,785.716582851029
Duchesne,2027,OTHR,2649.3025149172913
Duchesne,2027,RETL,1287.3834954605
Duchesne,2027,WSLE,1100.6652288603764
Duchesne,2028,AGRI,1298.6123842952052
Duchesne,2028,CONS,1971.35214805255
Duchesne,2028,FOOD,620.142674282662
Duchesne,2028,GVED,3096.937163338769
Duchesne,2028,HLTH,376.354930542739
Duchesne,2028,MANU,362.926701024014
Duchesne,2028,MING,1900.1936156892
Duchesne,2028,OFFI,784.2989075848959
Duchesne,2028,OTHR,2685.351553665987
Duchesne,2028,RETL,1287.05604984367
Duchesne,2028,WSLE,1094.2630540817195
Duchesne,2029,AGRI,1291.3098674761159
Duchesne,2029,CONS,1448.1956323305
Duchesne,2029,FOOD,584.898253381137
Duchesne,2029,GVED,3090.2812392239193
Duchesne,2029,HLTH,375.590351437722
Duchesne,2029,MANU,336.555750302253
Duchesne,2029,MING,1777.8274499645
Duchesne,2029,OFFI,798.733185688195
Duchesne,2029,OTHR,2705.822967370919
Duchesne,2029,RETL,1264.04378952228
Duchesne,2029,WSLE,1121.0407964790932
Duchesne,2030,AGRI,1284.537498687309
Duchesne,2030,CONS,917.68563242289
Duchesne,2030,FOOD,546.328137666083
Duchesne,2030,GVED,3045.7578746639388
Duchesne,2030,HLTH,376.462500318782
Duchesne,2030,MANU,311.39810047656
Duchesne,2030,MING,1735.64364753903
Duchesne,2030,OFFI,812.0945008194731
Duchesne,2030,OTHR,2711.6472754790016
Duchesne,2030,RETL,1248.62492467696
Duchesne,2030,WSLE,1145.6800799358766
Duchesne,2031,AGRI,1280.7256196764429
Duchesne,2031,CONS,916.301313658827
Duchesne,2031,FOOD,539.559118685697
Duchesne,2031,GVED,3029.8422941184995
Duchesne,2031,HLTH,383.002624152303
Duchesne,2031,MANU,317.778102700461
Duchesne,2031,MING,1737.22168339732
Duchesne,2031,OFFI,814.465106437602
Duchesne,2031,OTHR,2745.650436503625
Duchesne,2031,RETL,1261.71925830328
Duchesne,2031,WSLE,1137.9998830216655
Duchesne,2032,AGRI,1277.223543217802
Duchesne,2032,CONS,920.57477800388
Duchesne,2032,FOOD,534.729985191053
Duchesne,2032,GVED,3028.16511334718
Duchesne,2032,HLTH,390.060390327952
Duchesne,2032,MANU,322.286254461718
Duchesne,2032,MING,1813.15520275634
Duchesne,2032,OFFI,815.201880904927
Duchesne,2032,OTHR,2776.3685848996633
Duchesne,2032,RETL,1272.57131958368
Duchesne,2032,WSLE,1129.8083948301528
Duchesne,2033,AGRI,1278.800768942936
Duchesne,2033,CONS,930.184557832636
Duchesne,2033,FOOD,533.102207575187
Duchesne,2033,GVED,3034.5013844837154
Duchesne,2033,HLTH,395.629103960416
Duchesne,2033,MANU,325.900669966447
Duchesne,2033,MING,1888.97486056556
Duchesne,2033,OFFI,817.178002021659
Duchesne,2033,OTHR,2804.2940292410985
Duchesne,2033,RETL,1282.26954810587
Duchesne,2033,WSLE,1118.2178004246964
Duchesne,2034,AGRI,1280.983301597986
Duchesne,2034,CONS,942.603969246481
Duchesne,2034,FOOD,531.941475056025
Duchesne,2034,GVED,3049.182803382386
Duchesne,2034,HLTH,402.115222589593
Duchesne,2034,MANU,329.70842958687
Duchesne,2034,MING,1948.60167317612
Duchesne,2034,OFFI,820.708020482433
Duchesne,2034,OTHR,2847.341767522266
Duchesne,2034,RETL,1290.95038996142
Duchesne,2034,WSLE,1104.7216937608919
Duchesne,2035,AGRI,1279.6012892705621
Duchesne,2035,CONS,951.914389382712
Duchesne,2035,FOOD,528.742458651141
Duchesne,2035,GVED,3050.1448657490737
Duchesne,2035,HLTH,404.736414060919
Duchesne,2035,MANU,333.973897800106
Duchesne,2035,MING,1964.82523768336
Duchesne,2035,OFFI,826.831958406732
Duchesne,2035,OTHR,2834.699278144094
Duchesne,2035,RETL,1291.4393421524
Duchesne,2035,WSLE,1083.2186146137622
Duchesne,2036,AGRI,1281.15857817764
Duchesne,2036,CONS,956.59626734155
Duchesne,2036,FOOD,530.162941828855
Duchesne,2036,GVED,3050.8028869917835
Duchesne,2036,HLTH,407.488892763526
Duchesne,2036,MANU,339.520795360822
Duchesne,2036,MING,1935.94660745375
Duchesne,2036,OFFI,833.7886887592169
Duchesne,2036,OTHR,2859.8266652934917
Duchesne,2036,RETL,1289.96458219471
Duchesne,2036,WSLE,1064.6712509512413
Duchesne,2037,AGRI,1281.795149239686
Duchesne,2037,CONS,954.393322610094
Duchesne,2037,FOOD,532.55742727648
Duchesne,2037,GVED,3052.235497722835
Duchesne,2037,HLTH,410.481481386203
Duchesne,2037,MANU,345.073248139718
Duchesne,2037,MING,1901.43039901109
Duchesne,2037,OFFI,840.7775287145159
Duchesne,2037,OTHR,2893.674468224954
Duchesne,2037,RETL,1290.96937925909
Duchesne,2037,WSLE,1049.1258050123809
Duchesne,2038,AGRI,1281.468101871608
Duchesne,2038,CONS,949.957305394356
Duchesne,2038,FOOD,534.975299653363
Duchesne,2038,GVED,3058.4107529828343
Duchesne,2038,HLTH,414.805144128206
Duchesne,2038,MANU,350.624233009003
Duchesne,2038,MING,1879.82909681599
Duchesne,2038,OFFI,845.816957359425
Duchesne,2038,OTHR,2935.4187020306863
Duchesne,2038,RETL,1293.18518334612
Duchesne,2038,WSLE,1039.5159743416934
Duchesne,2039,AGRI,1282.111874019043
Duchesne,2039,CONS,947.221429289638
Duchesne,2039,FOOD,537.394337938533
Duchesne,2039,GVED,3077.5410756084398
Duchesne,2039,HLTH,420.048353350529
Duchesne,2039,MANU,355.180847880748
Duchesne,2039,MING,1862.21717260221
Duchesne,2039,OFFI,851.821138041062
Duchesne,2039,OTHR,2979.011552949796
Duchesne,2039,RETL,1299.59227553063
Duchesne,2039,WSLE,1028.9099000642825
Duchesne,2040,AGRI,1280.841659319467
Duchesne,2040,CONS,942.405356294311
Duchesne,2040,FOOD,537.859928632221
Duchesne,2040,GVED,3098.13478368462
Duchesne,2040,HLTH,425.337804810301
Duchesne,2040,MANU,359.735137271215
Duchesne,2040,MING,1845.69455711798
Duchesne,2040,OFFI,857.8262902390829
Duchesne,2040,OTHR,3016.729902714279
Duchesne,2040,RETL,1305.48352048143
Duchesne,2040,WSLE,1019.3405642142773
Duchesne,2041,AGRI,1280.512754900269
Duchesne,2041,CONS,938.802237509969
Duchesne,2041,FOOD,540.250716772703
Duchesne,2041,GVED,3127.5122573941294
Duchesne,2041,HLTH,430.563274376135
Duchesne,2041,MANU,364.266661824312
Duchesne,2041,MING,1837.97307535694
Duchesne,2041,OFFI,861.840773792399
Duchesne,2041,OTHR,3053.2083740109592
Duchesne,2041,RETL,1315.84099152134
Duchesne,2041,WSLE,1011.6770673541264
Duchesne,2042,AGRI,1278.197086071028
Duchesne,2042,CONS,937.844331365945
Duchesne,2042,FOOD,540.669105497763
Duchesne,2042,GVED,3156.9750839745125
Duchesne,2042,HLTH,436.630310817933
Duchesne,2042,MANU,368.777455815777
Duchesne,2042,MING,1840.98054170916
Duchesne,2042,OFFI,868.7589037755749
Duchesne,2042,OTHR,3091.3579874404713
Duchesne,2042,RETL,1326.07728086776
Duchesne,2042,WSLE,1003.939742592994
Duchesne,2043,AGRI,1277.896920072796
Duchesne,2043,CONS,936.55237217157
Duchesne,2043,FOOD,542.06016967442
Duchesne,2043,GVED,3196.310473371632
Duchesne,2043,HLTH,442.960474838219
Duchesne,2043,MANU,372.318714862418
Duchesne,2043,MING,1840.15544094907
Duchesne,2043,OFFI,872.760286727302
Duchesne,2043,OTHR,3123.648283572981
Duchesne,2043,RETL,1336.7293497136
Duchesne,2043,WSLE,996.2751827163595
Duchesne,2044,AGRI,1275.655261308784
Duchesne,2044,CONS,934.147006426304
Duchesne,2044,FOOD,543.439300398157
Duchesne,2044,GVED,3228.9068025539405
Duchesne,2044,HLTH,448.328817067157
Duchesne,2044,MANU,376.827298330176
Duchesne,2044,MING,1824.76069997608
Duchesne,2044,OFFI,875.7868655403311
Duchesne,2044,OTHR,3156.758225273129
Duchesne,2044,RETL,1345.38306343453
Duchesne,2044,WSLE,989.5693332032511
Duchesne,2045,AGRI,1274.4474660800201
Duchesne,2045,CONS,937.233868071457
Duchesne,2045,FOOD,545.79945787845
Duchesne,2045,GVED,3260.7977336824297
Duchesne,2045,HLTH,455.717278107936
Duchesne,2045,MANU,381.341467593542
Duchesne,2045,MING,1806.55892428154
Duchesne,2045,OFFI,880.782884947579
Duchesne,2045,OTHR,3192.8033119799893
Duchesne,2045,RETL,1357.6073460241
Duchesne,2045,WSLE,983.8845045965913
Duchesne,2046,AGRI,1273.248428112416
Duchesne,2046,CONS,946.184833529717
Duchesne,2046,FOOD,547.171051245441
Duchesne,2046,GVED,3294.773134743934
Duchesne,2046,HLTH,463.388206481282
Duchesne,2046,MANU,385.848399830191
Duchesne,2046,MING,1795.21824443226
Duchesne,2046,OFFI,887.722036774784
Duchesne,2046,OTHR,3226.73987157819
Duchesne,2046,RETL,1368.86877316945
Duchesne,2046,WSLE,977.2019683000456
Duchesne,2047,AGRI,1272.0976562290762
Duchesne,2047,CONS,960.756581345218
Duchesne,2047,FOOD,548.52983982537
Duchesne,2047,GVED,3329.163956094225
Duchesne,2047,HLTH,471.449750469421
Duchesne,2047,MANU,390.357556741073
Duchesne,2047,MING,1795.60508741484
Duchesne,2047,OFFI,895.6440109067
Duchesne,2047,OTHR,3256.7258036801622
Duchesne,2047,RETL,1382.772284689
Duchesne,2047,WSLE,971.5155556123036
Duchesne,2048,AGRI,1270.014049449442
Duchesne,2048,CONS,979.330578674887
Duchesne,2048,FOOD,549.889865249054
Duchesne,2048,GVED,3363.6498083164793
Duchesne,2048,HLTH,478.655181192126
Duchesne,2048,MANU,394.867556231327
Duchesne,2048,MING,1803.79291411846
Duchesne,2048,OFFI,904.542176198706
Duchesne,2048,OTHR,3283.792605697551
Duchesne,2048,RETL,1396.83799723266
Duchesne,2048,WSLE,965.8550005218455
Duchesne,2049,AGRI,1268.935130837421
Duchesne,2049,CONS,999.565977686757
Duchesne,2049,FOOD,551.265465479455
Duchesne,2049,GVED,3396.5023606539885
Duchesne,2049,HLTH,485.345511431355
Duchesne,2049,MANU,400.347573853124
Duchesne,2049,MING,1812.97933439931
Duchesne,2049,OFFI,912.479179127091
Duchesne,2049,OTHR,3308.001945533308
Duchesne,2049,RETL,1410.22478731284
Duchesne,2049,WSLE,959.2518341818998
Duchesne,2050,AGRI,1266.978730531194
Duchesne,2050,CONS,1019.70264224934
Duchesne,2050,FOOD,552.680600641801
Duchesne,2050,GVED,3426.3051221727774
Duchesne,2050,HLTH,492.456680403456
Duchesne,2050,MANU,404.87594321643
Duchesne,2050,MING,1822.25390484738
Duchesne,2050,OFFI,919.484871229673
Duchesne,2050,OTHR,3333.432431521074
Duchesne,2050,RETL,1423.79134930403
Duchesne,2050,WSLE,952.755320461874
Duchesne,2051,AGRI,1264.875839021924
Duchesne,2051,CONS,1041.5876295525
Duchesne,2051,FOOD,553.095847910501
Duchesne,2051,GVED,3450.357585638228
Duchesne,2051,HLTH,498.589371006982
Duchesne,2051,MANU,409.356346593926
Duchesne,2051,MING,1829.41883387004
Duchesne,2051,OFFI,925.444696104817
Duchesne,2051,OTHR,3354.562276955086
Duchesne,2051,RETL,1436.36288554403
Duchesne,2051,WSLE,945.108239813465
Duchesne,2052,AGRI,1262.826857913052
Duchesne,2052,CONS,1063.89039428312
Duchesne,2052,FOOD,553.547016711196
Duchesne,2052,GVED,3472.111023635617
Duchesne,2052,HLTH,505.594735566655
Duchesne,2052,MANU,414.808190114683
Duchesne,2052,MING,1837.58195232268
Duchesne,2052,OFFI,930.455028118006
Duchesne,2052,OTHR,3374.888263597416
Duchesne,2052,RETL,1448.93515689619
Duchesne,2052,WSLE,938.4766747942463
Duchesne,2053,AGRI,1259.843777948883
Duchesne,2053,CONS,1088.21449730872
Duchesne,2053,FOOD,554.987320847531
Duchesne,2053,GVED,3494.05446146063
Duchesne,2053,HLTH,511.879899518989
Duchesne,2053,MANU,418.328618671256
Duchesne,2053,MING,1848.65723433908
Duchesne,2053,OFFI,934.509720338435
Duchesne,2053,OTHR,3399.164996093741
Duchesne,2053,RETL,1462.9535211933
Duchesne,2053,WSLE,932.8380601666157
Duchesne,2054,AGRI,1256.887726772843
Duchesne,2054,CONS,1111.7078528602
Duchesne,2054,FOOD,554.512551587932
Duchesne,2054,GVED,3511.6369620228293
Duchesne,2054,HLTH,518.510042377285
Duchesne,2054,MANU,422.814304381091
Duchesne,2054,MING,1853.95283046384
Duchesne,2054,OFFI,935.678347192521
Duchesne,2054,OTHR,3417.697306374529
Duchesne,2054,RETL,1476.003508555
Duchesne,2054,WSLE,928.1860595394221
Duchesne,2055,AGRI,1253.975157819526
Duchesne,2055,CONS,1135.55195173622
Duchesne,2055,FOOD,555.023075783571
Duchesne,2055,GVED,3525.053611951909
Duchesne,2055,HLTH,523.090578582017
Duchesne,2055,MANU,425.376487146825
Duchesne,2055,MING,1851.57595172557
Duchesne,2055,OFFI,937.830686776711
Duchesne,2055,OTHR,3439.219655239597
Duchesne,2055,RETL,1485.90084449791
Duchesne,2055,WSLE,921.6483258629162
Duchesne,2056,AGRI,1252.07732360973
Duchesne,2056,CONS,1143.30048923932
Duchesne,2056,FOOD,553.627387225047
Duchesne,2056,GVED,3528.948261229286
Duchesne,2056,HLTH,529.636102826745
Duchesne,2056,MANU,428.908196128885
Duchesne,2056,MING,1831.91472664471
Duchesne,2056,OFFI,940.958759239518
Duchesne,2056,OTHR,3458.940005462522
Duchesne,2056,RETL,1491.76471550361
Duchesne,2056,WSLE,918.067843711904
Duchesne,2057,AGRI,1249.137645776307
Duchesne,2057,CONS,1144.05807235987
Duchesne,2057,FOOD,551.281417563307
Duchesne,2057,GVED,3525.854099679981
Duchesne,2057,HLTH,535.429472227915
Duchesne,2057,MANU,431.453687679782
Duchesne,2057,MING,1791.99021126347
Duchesne,2057,OFFI,942.125565332613
Duchesne,2057,OTHR,3475.663626487572
Duchesne,2057,RETL,1492.93586542066
Duchesne,2057,WSLE,911.5389736156292
Duchesne,2058,AGRI,1245.2495662924239
Duchesne,2058,CONS,1142.38143376077
Duchesne,2058,FOOD,548.938942346936
Duchesne,2058,GVED,3523.4000321127633
Duchesne,2058,HLTH,539.156368888943
Duchesne,2058,MANU,434.956910526022
Duchesne,2058,MING,1754.05813379103
Duchesne,2058,OFFI,946.175218578524
Duchesne,2058,OTHR,3492.337048633116
Duchesne,2058,RETL,1493.46687334088
Duchesne,2058,WSLE,905.9804897456174
Duchesne,2059,AGRI,1241.3754871757192
Duchesne,2059,CONS,1141.48950835301
Duchesne,2059,FOOD,546.636859103424
Duchesne,2059,GVED,3520.221497977005
Duchesne,2059,HLTH,543.313576368457
Duchesne,2059,MANU,437.498402207386
Duchesne,2059,MING,1725.79856965361
Duchesne,2059,OFFI,949.267106480589
Duchesne,2059,OTHR,3507.2170689786026
Duchesne,2059,RETL,1493.85705843379
Duchesne,2059,WSLE,902.3728056173386
Duchesne,2060,AGRI,1237.5207186827
Duchesne,2060,CONS,1139.89618826334
Duchesne,2060,FOOD,544.336818790954
Duchesne,2060,GVED,3521.9184148839345
Duchesne,2060,HLTH,547.102192873756
Duchesne,2060,MANU,440.999007973086
Duchesne,2060,MING,1707.20140065948
Duchesne,2060,OFFI,952.3623845154519
Duchesne,2060,OTHR,3523.005925444345
Duchesne,2060,RETL,1495.71960389768
Duchesne,2060,WSLE,896.8496846466962
Duchesne,2061,AGRI,1235.557910895987
Duchesne,2061,CONS,1137.47470068183
Duchesne,2061,FOOD,541.97728812118
Duchesne,2061,GVED,3521.382731966868
Duchesne,2061,HLTH,551.563177217576
Duchesne,2061,MANU,444.477280216938
Duchesne,2061,MING,1691.4316577358
Duchesne,2061,OFFI,956.384862780933
Duchesne,2061,OTHR,3539.32818633055
Duchesne,2061,RETL,1497.33727943219
Duchesne,2061,WSLE,892.2862206957718
Duchesne,2062,AGRI,1233.622064931443
Duchesne,2062,CONS,1135.61646089467
Duchesne,2062,FOOD,540.590222531196
Duchesne,2062,GVED,3522.4294675701417
Duchesne,2062,HLTH,555.91795507122
Duchesne,2062,MANU,447.958549414209
Duchesne,2062,MING,1677.6362555869
Duchesne,2062,OFFI,959.461096390884
Duchesne,2062,OTHR,3556.6507691786
Duchesne,2062,RETL,1499.02725835911
Duchesne,2062,WSLE,887.7472668535734
Duchesne,2063,AGRI,1231.7027040073172
Duchesne,2063,CONS,1133.77351612682
Duchesne,2063,FOOD,538.253736065565
Duchesne,2063,GVED,3523.512950104489
Duchesne,2063,HLTH,560.271953416624
Duchesne,2063,MANU,451.439234154166
Duchesne,2063,MING,1666.75327366899
Duchesne,2063,OFFI,962.542956400853
Duchesne,2063,OTHR,3575.899895316042
Duchesne,2063,RETL,1500.73092123726
Duchesne,2063,WSLE,883.2251161137641
Duchesne,2064,AGRI,1228.841754304229
Duchesne,2064,CONS,1131.9446491181
Duchesne,2064,FOOD,536.882950263354
Duchesne,2064,GVED,3525.5863919464964
Duchesne,2064,HLTH,565.581511361058
Duchesne,2064,MANU,454.918998882043
Duchesne,2064,MING,1656.86039723507
Duchesne,2064,OFFI,966.5863281492041
Duchesne,2064,OTHR,3594.197864377597
Duchesne,2064,RETL,1502.44680342791
Duchesne,2064,WSLE,878.7187110015816
Duchesne,2065,AGRI,1226.953785242036
Duchesne,2065,CONS,1130.13016577335
Duchesne,2065,FOOD,535.519755280399
Duchesne,2065,GVED,3526.736740348065
Duchesne,2065,HLTH,569.932724231747
Duchesne,2065,MANU,458.398108250932
Duchesne,2065,MING,1647.9556221719
Duchesne,2065,OFFI,968.721365789605
Duchesne,2065,OTHR,3612.5046961766748
Duchesne,2065,RETL,1503.21942151934
Duchesne,2065,WSLE,874.228185205655
Emery,2023,AGRI,603.0
Emery,2023,CONS,706.0
Emery,2023,FOOD,277.0
Emery,2023,GVED,839.0
Emery,2023,HLTH,229.0
Emery,2023,MANU,50.0
Emery,2023,MING,418.0
Emery,2023,OFFI,372.0
Emery,2023,OTHR,997.0
Emery,2023,RETL,721.0
Emery,2023,WSLE,473.0
Emery,2024,AGRI,604.0
Emery,2024,CONS,656.0
Emery,2024,FOOD,278.0
Emery,2024,GVED,842.0
Emery,2024,HLTH,250.0
Emery,2024,MANU,49.0
Emery,2024,MING,442.0
Emery,2024,OFFI,316.0
Emery,2024,OTHR,790.0
Emery,2024,RETL,704.0
Emery,2024,WSLE,543.0
Emery,2025,AGRI,601.9972619174724
Emery,2025,CONS,962.681081211966
Emery,2025,FOOD,283.580679686725
Emery,2025,GVED,864.7429897252171
Emery,2025,HLTH,259.506159255901
Emery,2025,MANU,50.0010191208297
Emery,2025,MING,502.515158718243
Emery,2025,OFFI,318.9298277332461
Emery,2025,OTHR,806.0779172022033
Emery,2025,RETL,728.990591226243
Emery,2025,WSLE,539.4410581187199
Emery,2026,AGRI,602.0020683815607
Emery,2026,CONS,795.023746068852
Emery,2026,FOOD,284.261468063644
Emery,2026,GVED,876.5856738784519
Emery,2026,HLTH,264.375705927421
Emery,2026,MANU,50.8935668334042
Emery,2026,MING,576.547118415876
Emery,2026,OFFI,317.2411117922156
Emery,2026,OTHR,810.4932486372713
Emery,2026,RETL,725.781498419673
Emery,2026,WSLE,536.6883315943743
Emery,2027,AGRI,599.0562919817428
Emery,2027,CONS,869.717120134237
Emery,2027,FOOD,288.71883896388
Emery,2027,GVED,897.5187365824796
Emery,2027,HLTH,269.164971123818
Emery,2027,MANU,51.8443282752832
Emery,2027,MING,645.539030495479
Emery,2027,OFFI,313.89101052205183
Emery,2027,OTHR,820.6700895757556
Emery,2027,RETL,736.959369467647
Emery,2027,WSLE,540.1884502706525
Emery,2028,AGRI,595.12700960404
Emery,2028,CONS,686.580959520583
Emery,2028,FOOD,287.177948754683
Emery,2028,GVED,906.9469984100136
Emery,2028,HLTH,271.903736806424
Emery,2028,MANU,51.7104731857796
Emery,2028,MING,689.420236786098
Emery,2028,OFFI,313.026955033831
Emery,2028,OTHR,828.4648926756096
Emery,2028,RETL,732.812778186955
Emery,2028,WSLE,526.2176886192544
Emery,2029,AGRI,592.2316805588366
Emery,2029,CONS,666.114920935947
Emery,2029,FOOD,285.36149946008
Emery,2029,GVED,909.1277002790833
Emery,2029,HLTH,273.999279573919
Emery,2029,MANU,52.5821801250509
Emery,2029,MING,659.42533716033
Emery,2029,OFFI,312.2566287564909
Emery,2029,OTHR,837.7156787791165
Emery,2029,RETL,731.141210759238
Emery,2029,WSLE,514.7781035139926
Emery,2030,AGRI,588.3759983919305
Emery,2030,CONS,661.576648573427
Emery,2030,FOOD,281.768981231669
Emery,2030,GVED,907.6061830058358
Emery,2030,HLTH,277.274331478412
Emery,2030,MANU,53.4605722851415
Emery,2030,MING,646.451710341846
Emery,2030,OFFI,314.5400756192235
Emery,2030,OTHR,845.5019957889256
Emery,2030,RETL,733.069115775347
Emery,2030,WSLE,504.6327985218985
Emery,2031,AGRI,584.5349491192198
Emery,2031,CONS,658.406675567008
Emery,2031,FOOD,277.230354566324
Emery,2031,GVED,906.170543916768
Emery,2031,HLTH,280.918572777829
Emery,2031,MANU,55.332198483802
Emery,2031,MING,642.44743737851
Emery,2031,OFFI,314.8842910070956
Emery,2031,OTHR,848.611436773325
Emery,2031,RETL,738.557371516621
Emery,2031,WSLE,496.6083426376506
Emery,2032,AGRI,581.7250123637018
Emery,2032,CONS,656.935336339955
Emery,2032,FOOD,273.82357447457
Emery,2032,GVED,907.3414054931102
Emery,2032,HLTH,283.841355388756
Emery,2032,MANU,56.2239383978446
Emery,2032,MING,655.346932782148
Emery,2032,OFFI,314.3202853815395
Emery,2032,OTHR,856.9974586922885
Emery,2032,RETL,741.788260986518
Emery,2032,WSLE,488.8924951408228
Emery,2033,AGRI,581.9038180343008
Emery,2033,CONS,656.261553216663
Emery,2033,FOOD,272.445179107918
Emery,2033,GVED,909.206782536245
Emery,2033,HLTH,286.601724134375
Emery,2033,MANU,56.1415049215421
Emery,2033,MING,668.216153503964
Emery,2033,OFFI,314.8341585614395
Emery,2033,OTHR,864.2367014207315
Emery,2033,RETL,745.350297744909
Emery,2033,WSLE,479.52734181921033
Emery,2034,AGRI,581.1725377508571
Emery,2034,CONS,656.560938039527
Emery,2034,FOOD,273.368039501517
Emery,2034,GVED,911.9679450490189
Emery,2034,HLTH,289.950392165613
Emery,2034,MANU,57.0817858766504
Emery,2034,MING,679.29387322721
Emery,2034,OFFI,315.6120384497881
Emery,2034,OTHR,879.4889592721079
Emery,2034,RETL,749.893315458473
Emery,2034,WSLE,470.96918148378603
Emery,2035,AGRI,580.2864628031036
Emery,2035,CONS,653.890121537409
Emery,2035,FOOD,269.210488088088
Emery,2035,GVED,912.4289371131953
Emery,2035,HLTH,292.022856238152
Emery,2035,MANU,57.9184058811689
Emery,2035,MING,683.982137083321
Emery,2035,OFFI,317.6443473505772
Emery,2035,OTHR,864.9157826690022
Emery,2035,RETL,750.699878516553
Emery,2035,WSLE,462.14479114732217
Emery,2036,AGRI,579.5122586128481
Emery,2036,CONS,653.025993073504
Emery,2036,FOOD,269.639174990069
Emery,2036,GVED,912.660978691659
Emery,2036,HLTH,294.203544780071
Emery,2036,MANU,58.8165319639868
Emery,2036,MING,680.112785089373
Emery,2036,OFFI,320.153055896601
Emery,2036,OTHR,869.3290428868572
Emery,2036,RETL,752.994035512497
Emery,2036,WSLE,457.72710906091663
Emery,2037,AGRI,578.7760413004761
Emery,2037,CONS,652.319121097473
Emery,2037,FOOD,270.979993745857
Emery,2037,GVED,915.0336277921781
Emery,2037,HLTH,296.467360364556
Emery,2037,MANU,59.7196188041438
Emery,2037,MING,676.325975922235
Emery,2037,OFFI,323.6810075634732
Emery,2037,OTHR,876.7167424815004
Emery,2037,RETL,757.189504747872
Emery,2037,WSLE,452.42166196537823
Emery,2038,AGRI,577.0933693560262
Emery,2038,CONS,652.224246600481
Emery,2038,FOOD,270.35310705826
Emery,2038,GVED,919.008234788596
Emery,2038,HLTH,300.562350463512
Emery,2038,MANU,60.6266042433143
Emery,2038,MING,675.546131885931
Emery,2038,OFFI,326.2538047748875
Emery,2038,OTHR,887.0963320328166
Emery,2038,RETL,761.008514882307
Emery,2038,WSLE,449.14843563622105
Emery,2039,AGRI,576.4078101871496
Emery,2039,CONS,652.782959027421
Emery,2039,FOOD,271.632266792815
Emery,2039,GVED,925.3002141326342
Emery,2039,HLTH,304.2981150247
Emery,2039,MANU,61.5344279547009
Emery,2039,MING,674.803185345024
Emery,2039,OFFI,326.8831705381346
Emery,2039,OTHR,896.4966872525721
Emery,2039,RETL,766.448347686325
Emery,2039,WSLE,444.93538942666225
Emery,2040,AGRI,574.7639667406214
Emery,2040,CONS,652.816300439219
Emery,2040,FOOD,271.911230176152
Emery,2040,GVED,931.3675141842847
Emery,2040,HLTH,307.806957503556
Emery,2040,MANU,62.4448313798635
Emery,2040,MING,675.083438211739
Emery,2040,OFFI,330.4730348387053
Emery,2040,OTHR,903.9400286071525
Emery,2040,RETL,771.043413417013
Emery,2040,WSLE,442.7604084636939
Emery,2041,AGRI,574.1023940342919
Emery,2041,CONS,654.51775039519
Emery,2041,FOOD,272.14051899651
Emery,2041,GVED,936.8851310332351
Emery,2041,HLTH,311.646959682789
Emery,2041,MANU,63.354055844501
Emery,2041,MING,676.354667588614
Emery,2041,OFFI,331.1323247009122
Emery,2041,OTHR,912.3422337484892
Emery,2041,RETL,777.119205748384
Emery,2041,WSLE,438.6440426695124
Emery,2042,AGRI,572.4810003397691
Emery,2042,CONS,655.454106167462
Emery,2042,FOOD,272.376556413536
Emery,2042,GVED,944.939931805984
Emery,2042,HLTH,315.126535177395
Emery,2042,MANU,64.2612119007636
Emery,2042,MING,680.56637101329
Emery,2042,OFFI,333.7435440773785
Emery,2042,OTHR,918.7397314415284
Emery,2042,RETL,782.558281822898
Emery,2042,WSLE,435.47298138854626
Emery,2043,AGRI,570.8796569459734
Emery,2043,CONS,657.460393331199
Emery,2043,FOOD,272.617953306908
Emery,2043,GVED,953.1820590696367
Emery,2043,HLTH,318.998298016116
Emery,2043,MANU,64.1966227799002
Emery,2043,MING,683.829878982709
Emery,2043,OFFI,334.42429998194643
Emery,2043,OTHR,926.1472230083289
Emery,2043,RETL,788.217168621849
Emery,2043,WSLE,432.37254220044156
Emery,2044,AGRI,569.2992649350703
Emery,2044,CONS,658.28793295115
Emery,2044,FOOD,272.875020402389
Emery,2044,GVED,962.2444652454595
Emery,2044,HLTH,323.29530137777
Emery,2044,MANU,65.1067822004018
Emery,2044,MING,683.216533746308
Emery,2044,OFFI,337.0582782274168
Emery,2044,OTHR,931.597197677529
Emery,2044,RETL,792.05009976319
Emery,2044,WSLE,430.2417270908812
Emery,2045,AGRI,567.7473641821833
Emery,2045,CONS,661.447913102223
Emery,2045,FOOD,273.161248116724
Emery,2045,GVED,970.8535111526494
Emery,2045,HLTH,328.015545802622
Emery,2045,MANU,66.0184336672914
Emery,2045,MING,682.638963047152
Emery,2045,OFFI,336.78773006341737
Emery,2045,OTHR,938.9899371650862
Emery,2045,RETL,798.499160168207
Emery,2045,WSLE,427.16557485825905
Emery,2046,AGRI,567.1883252305772
Emery,2046,CONS,665.8986045004
Emery,2046,FOOD,273.470936341958
Emery,2046,GVED,979.646760864851
Emery,2046,HLTH,333.910427467828
Emery,2046,MANU,66.9291889561446
Emery,2046,MING,683.051658569899
Emery,2046,OFFI,340.4071366243944
Emery,2046,OTHR,943.475414714271
Emery,2046,RETL,804.436415478835
Emery,2046,WSLE,426.01321882831104
Emery,2047,AGRI,565.6816900981762
Emery,2047,CONS,670.094018433807
Emery,2047,FOOD,272.826698951268
Emery,2047,GVED,988.655809611518
Emery,2047,HLTH,338.679597243115
Emery,2047,MANU,67.8406318009611
Emery,2047,MING,687.36844629144
Emery,2047,OFFI,343.0610573394482
Emery,2047,OTHR,947.9699506499536
Emery,2047,RETL,811.132020201519
Emery,2047,WSLE,424.86965772064434
Emery,2048,AGRI,564.1944421126158
Emery,2048,CONS,675.796943726589
Emery,2048,FOOD,273.139053683088
Emery,2048,GVED,997.1558207536532
Emery,2048,HLTH,344.077281853316
Emery,2048,MANU,67.7831100333743
Emery,2048,MING,694.603944822105
Emery,2048,OFFI,345.7190799751779
Emery,2048,OTHR,951.5300905186939
Emery,2048,RETL,817.817936094783
Emery,2048,WSLE,421.79718556980646
Emery,2049,AGRI,562.726632503926
Emery,2049,CONS,682.687119937938
Emery,2049,FOOD,274.384655396261
Emery,2049,GVED,1004.2160690727683
Emery,2049,HLTH,349.775404017005
Emery,2049,MANU,68.6962251211287
Emery,2049,MING,701.849567064082
Emery,2049,OFFI,349.3497119975874
Emery,2049,OTHR,957.0479602711619
Emery,2049,RETL,825.284848011079
Emery,2049,WSLE,420.67201479423767
Emery,2050,AGRI,561.286782192464
Emery,2050,CONS,689.721905885422
Emery,2050,FOOD,274.638891480192
Emery,2050,GVED,1011.7911872710918
Emery,2050,HLTH,354.844967208349
Emery,2050,MANU,69.6130926151267
Emery,2050,MING,709.125988936235
Emery,2050,OFFI,352.0303013894101
Emery,2050,OTHR,961.6552628627871
Emery,2050,RETL,833.099955874229
Emery,2050,WSLE,418.6414255242493
Emery,2051,AGRI,559.8258701395645
Emery,2051,CONS,695.706589462922
Emery,2051,FOOD,274.805418677068
Emery,2051,GVED,1017.0640628386049
Emery,2051,HLTH,358.98721390773
Emery,2051,MANU,70.5204400565441
Emery,2051,MING,715.378923504085
Emery,2051,OFFI,353.7007890413654
Emery,2051,OTHR,964.1834088113378
Emery,2051,RETL,839.846309929477
Emery,2051,WSLE,416.47502475355043
Emery,2052,AGRI,557.4146845110023
Emery,2052,CONS,702.446761508489
Emery,2052,FOOD,273.976850454167
Emery,2052,GVED,1021.7734437585872
Emery,2052,HLTH,364.51706305644
Emery,2052,MANU,71.4286605786705
Emery,2052,MING,722.610177069466
Emery,2052,OFFI,355.37872055228877
Emery,2052,OTHR,969.6288297170191
Emery,2052,RETL,847.444883620342
Emery,2052,WSLE,415.2947668036632
Emery,2053,AGRI,555.9827174049258
Emery,2053,CONS,708.879170713581
Emery,2053,FOOD,275.037810490716
Emery,2053,GVED,1023.4986050224885
Emery,2053,HLTH,369.37009401567
Emery,2053,MANU,72.3369041279491
Emery,2053,MING,730.81276321506
Emery,2053,OFFI,355.1287732820875
Emery,2053,OTHR,974.0920933919244
Emery,2053,RETL,855.204030158614
Emery,2053,WSLE,416.0500770447632
Emery,2054,AGRI,554.5608732136135
Emery,2054,CONS,714.886473670347
Emery,2054,FOOD,274.141625675715
Emery,2054,GVED,1025.234098217285
Emery,2054,HLTH,373.654905040029
Emery,2054,MANU,72.2807625691381
Emery,2054,MING,737.088912165065
Emery,2054,OFFI,357.7779822691194
Emery,2054,OTHR,977.5914218895659
Emery,2054,RETL,861.970286770689
Emery,2054,WSLE,414.881884267053
Emery,2055,AGRI,552.1882905246883
Emery,2055,CONS,720.663551685763
Emery,2055,FOOD,274.187841725178
Emery,2055,GVED,1025.9140660470493
Emery,2055,HLTH,377.817194825141
Emery,2055,MANU,73.1908758517195
Emery,2055,MING,742.413776172873
Emery,2055,OFFI,357.54143209155
Emery,2055,OTHR,981.0932358818002
Emery,2055,RETL,868.546762864701
Emery,2055,WSLE,414.7009911919633
Emery,2056,AGRI,550.7858408960475
Emery,2056,CONS,724.020977205964
Emery,2056,FOOD,274.230266407586
Emery,2056,GVED,1025.8144276632447
Emery,2056,HLTH,381.89176163936
Emery,2056,MANU,74.1024268437073
Emery,2056,MING,741.971721041474
Emery,2056,OFFI,357.3173043098179
Emery,2056,OTHR,985.6025858609572
Emery,2056,RETL,873.042802395903
Emery,2056,WSLE,415.5329342075593
Emery,2057,AGRI,548.4088083380909
Emery,2057,CONS,726.074758269161
Emery,2057,FOOD,272.304578656257
Emery,2057,GVED,1025.5001207679056
Emery,2057,HLTH,385.75801202723
Emery,2057,MANU,74.0466426597336
Emery,2057,MING,736.693759509104
Emery,2057,OFFI,358.03563653114634
Emery,2057,OTHR,990.0351907662713
Emery,2057,RETL,876.000059725648
Emery,2057,WSLE,416.30067403314655
Emery,2058,AGRI,546.0372613713403
Emery,2058,CONS,729.071763485676
Emery,2058,FOOD,272.274776991232
Emery,2058,GVED,1023.0266305522043
Emery,2058,HLTH,388.190946867949
Emery,2058,MANU,74.9528285107352
Emery,2058,MING,732.392026564283
Emery,2058,OFFI,359.7151795286753
Emery,2058,OTHR,993.4794416151437
Emery,2058,RETL,879.144692702701
Emery,2058,WSLE,416.10858053611264
Emery,2059,AGRI,543.6721279489458
Emery,2059,CONS,731.082350226845
Emery,2059,FOOD,271.266283923393
Emery,2059,GVED,1022.1649862244618
Emery,2059,HLTH,390.737662686714
Emery,2059,MANU,74.8975027653305
Emery,2059,MING,730.024449378782
Emery,2059,OFFI,360.432443106575
Emery,2059,OTHR,996.9131421095719
Emery,2059,RETL,881.873269684465
Emery,2059,WSLE,416.8768973077662
Emery,2060,AGRI,541.3181671972893
Emery,2060,CONS,733.516206722915
Emery,2060,FOOD,270.257803313375
Emery,2060,GVED,1020.6246558873034
Emery,2060,HLTH,392.527482040918
Emery,2060,MANU,75.8033132986538
Emery,2060,MING,729.591994429418
Emery,2060,OFFI,361.1532378183511
Emery,2060,OTHR,999.4066203516397
Emery,2060,RETL,885.241788585535
Emery,2060,WSLE,418.6076078514798
Emery,2061,AGRI,539.920081893382
Emery,2061,CONS,736.184449138659
Emery,2061,FOOD,270.038584556766
Emery,2061,GVED,1017.7581632168128
Emery,2061,HLTH,394.044899915156
Emery,2061,MANU,76.7008224786807
Emery,2061,MING,729.959185002524
Emery,2061,OFFI,361.8192863157079
Emery,2061,OTHR,1002.431942038781
Emery,2061,RETL,888.963122070408
Emery,2061,WSLE,419.2270524195294
Emery,2062,AGRI,538.5346440224647
Emery,2062,CONS,738.476673459393
Emery,2062,FOOD,269.824922480992
Emery,2062,GVED,1015.9946465002118
Emery,2062,HLTH,396.607834610156
Emery,2062,MANU,77.5983726552892
Emery,2062,MING,729.381620892736
Emery,2062,OFFI,361.5330047833995
Emery,2062,OTHR,1007.388217934928
Emery,2062,RETL,893.050939657239
Emery,2062,WSLE,418.89534825811324
Emery,2063,AGRI,536.1997603162893
Emery,2063,CONS,740.773346838577
Emery,2063,FOOD,269.614536721453
Emery,2063,GVED,1014.2449723096247
Emery,2063,HLTH,399.171067262896
Emery,2063,MANU,77.537868264442
Emery,2063,MING,729.770404071769
Emery,2063,OFFI,363.16609484431217
Emery,2063,OTHR,1012.3476903106247
Emery,2063,RETL,897.142071332004
Emery,2063,WSLE,420.4837122051821
Emery,2064,AGRI,534.8305544577198
Emery,2064,CONS,742.117043480648
Emery,2064,FOOD,269.407145873306
Emery,2064,GVED,1012.5080481404118
Emery,2064,HLTH,401.734282965975
Emery,2064,MANU,78.4349795212919
Emery,2064,MING,729.209055618923
Emery,2064,OFFI,363.84349732401074
Emery,2064,OTHR,1015.395997291935
Emery,2064,RETL,901.235750252917
Emery,2064,WSLE,420.16027091463786
Emery,2065,AGRI,533.4689159895638
Emery,2065,CONS,744.422316200784
Emery,2065,FOOD,269.20283040526
Emery,2065,GVED,1011.740172978509
Emery,2065,HLTH,404.297698293292
Emery,2065,MANU,79.3315240358155
Emery,2065,MING,728.656031351439
Emery,2065,OFFI,365.4796198583132
Emery,2065,OTHR,1020.3621044728498
Emery,2065,RETL,905.332406576123
Emery,2065,WSLE,419.8416259056962
Garfield,2023,AGRI,293.0
Garfield,2023,CONS,162.0
Garfield,2023,FOOD,1123.0
Garfield,2023,GVED,603.0
Garfield,2023,HLTH,264.0
Garfield,2023,MANU,54.0
Garfield,2023,MING,13.0
Garfield,2023,OFFI,183.0
Garfield,2023,OTHR,530.0
Garfield,2023,RETL,296.0
Garfield,2023,WSLE,144.0
Garfield,2024,AGRI,293.0
Garfield,2024,CONS,167.0
Garfield,2024,FOOD,1200.0
Garfield,2024,GVED,610.0
Garfield,2024,HLTH,269.0
Garfield,2024,MANU,51.0
Garfield,2024,MING,11.0
Garfield,2024,OFFI,154.0
Garfield,2024,OTHR,523.0
Garfield,2024,RETL,307.0
Garfield,2024,WSLE,153.0
Garfield,2025,AGRI,292.5114379994635
Garfield,2025,CONS,171.35909183387
Garfield,2025,FOOD,1203.40752616446
Garfield,2025,GVED,621.6981568419308
Garfield,2025,HLTH,279.487574331062
Garfield,2025,MANU,52.9189969368764
Garfield,2025,MING,10.9812232159455
Garfield,2025,OFFI,155.7515343676063
Garfield,2025,OTHR,534.2479725212403
Garfield,2025,RETL,309.603390949731
Garfield,2025,WSLE,154.7764774466596
Garfield,2026,AGRI,292.03338444193287
Garfield,2026,CONS,174.34516306419
Garfield,2026,FOOD,1213.49829484467
Garfield,2026,GVED,627.8944195843601
Garfield,2026,HLTH,289.061978331697
Garfield,2026,MANU,52.8472363543403
Garfield,2026,MING,11.9590684933144
Garfield,2026,OFFI,155.5148782535949
Garfield,2026,OTHR,539.5644616069923
Garfield,2026,RETL,311.850158064578
Garfield,2026,WSLE,153.5814021029896
Garfield,2027,AGRI,290.5760275770351
Garfield,2027,CONS,178.07735880503
Garfield,2027,FOOD,1216.60978702764
Garfield,2027,GVED,632.5997976025313
Garfield,2027,HLTH,295.987593510517
Garfield,2027,MANU,53.769649453896
Garfield,2027,MING,11.9392498239167
Garfield,2027,OFFI,154.3050381834115
Garfield,2027,OTHR,547.913721048586
Garfield,2027,RETL,315.857454232547
Garfield,2027,WSLE,154.4045731911426
Garfield,2028,AGRI,289.12727230246793
Garfield,2028,CONS,184.419412760138
Garfield,2028,FOOD,1217.17396864104
Garfield,2028,GVED,637.1120398807824
Garfield,2028,HLTH,299.886563673688
Garfield,2028,MANU,54.6809460888908
Garfield,2028,MING,10.9259423011899
Garfield,2028,OFFI,153.0788335152294
Garfield,2028,OTHR,557.137162823099
Garfield,2028,RETL,318.446923155153
Garfield,2028,WSLE,154.2029800310221
Garfield,2029,AGRI,286.7039638526336
Garfield,2029,CONS,190.783845194969
Garfield,2029,FOOD,1211.97726636131
Garfield,2029,GVED,641.2076341392476
Garfield,2029,HLTH,303.366891737462
Garfield,2029,MANU,55.5947769401155
Garfield,2029,MING,10.9088004229261
Garfield,2029,OFFI,154.84900115046878
Garfield,2029,OTHR,567.391930474377
Garfield,2029,RETL,321.004618051218
Garfield,2029,WSLE,154.0142946054045
Garfield,2030,AGRI,285.28808313056896
Garfield,2030,CONS,195.43826621568
Garfield,2030,FOOD,1203.97259218957
Garfield,2030,GVED,645.4447483135054
Garfield,2030,HLTH,307.939961629904
Garfield,2030,MANU,56.5078168121093
Garfield,2030,MING,9.90173891525788
Garfield,2030,OFFI,154.64271354614561
Garfield,2030,OTHR,574.6987123582103
Garfield,2030,RETL,326.778825602951
Garfield,2030,WSLE,151.8446024666689
Garfield,2031,AGRI,283.8774191680866
Garfield,2031,CONS,197.16237390048
Garfield,2031,FOOD,1187.88295015839
Garfield,2031,GVED,647.1659900433021
Garfield,2031,HLTH,312.43419964612
Garfield,2031,MANU,57.4164785677571
Garfield,2031,MING,9.88674080385386
Garfield,2031,OFFI,154.4341533377024
Garfield,2031,OTHR,582.0595580486696
Garfield,2031,RETL,331.562288624789
Garfield,2031,WSLE,151.65257157688922
Garfield,2032,AGRI,282.4855016640582
Garfield,2032,CONS,199.810207252257
Garfield,2032,FOOD,1176.08552468717
Garfield,2032,GVED,648.6795659838755
Garfield,2032,HLTH,315.870708990115
Garfield,2032,MANU,58.3272197080091
Garfield,2032,MING,10.8602010614417
Garfield,2032,OFFI,155.2203170880528
Garfield,2032,OTHR,587.5834794081734
Garfield,2032,RETL,335.075166357835
Garfield,2032,WSLE,150.4925534906728
Garfield,2033,AGRI,282.09393543900734
Garfield,2033,CONS,202.998078555561
Garfield,2033,FOOD,1170.59672030747
Garfield,2033,GVED,649.0227164368289
Garfield,2033,HLTH,318.753850895512
Garfield,2033,MANU,59.2426225655871
Garfield,2033,MING,10.8449582434919
Garfield,2033,OFFI,154.0438253636176
Garfield,2033,OTHR,596.2417328205945
Garfield,2033,RETL,337.3237197981
Garfield,2033,WSLE,149.3719533531731
Garfield,2034,AGRI,281.73826366882133
Garfield,2034,CONS,206.583687708992
Garfield,2034,FOOD,1170.8908528786
Garfield,2034,GVED,651.5091394944019
Garfield,2034,HLTH,321.434994771313
Garfield,2034,MANU,60.1842498745688
Garfield,2034,MING,11.8167643652432
Garfield,2034,OFFI,155.9244726068739
Garfield,2034,OTHR,605.7687377618923
Garfield,2034,RETL,339.111598374551
Garfield,2034,WSLE,148.4868040077618
Garfield,2035,AGRI,281.310537812382
Garfield,2035,CONS,207.756635685601
Garfield,2035,FOOD,1156.96595189866
Garfield,2035,GVED,652.3992072325891
Garfield,2035,HLTH,320.566316491556
Garfield,2035,MANU,61.0342522583012
Garfield,2035,MING,11.7976344948889
Garfield,2035,OFFI,156.5299227521252
Garfield,2035,OTHR,599.5593411094917
Garfield,2035,RETL,338.249764992562
Garfield,2035,WSLE,145.9970983502682
Garfield,2036,AGRI,280.93498552070025
Garfield,2036,CONS,210.447146879323
Garfield,2036,FOOD,1157.00859841197
Garfield,2036,GVED,654.7816872925749
Garfield,2036,HLTH,321.203259369332
Garfield,2036,MANU,61.9354326775286
Garfield,2036,MING,11.781652511381
Garfield,2036,OFFI,158.2952955656989
Garfield,2036,OTHR,602.8484858545294
Garfield,2036,RETL,338.697495760293
Garfield,2036,WSLE,143.8662489616986
Garfield,2037,AGRI,280.57752643949993
Garfield,2037,CONS,209.81790887008
Garfield,2037,FOOD,1159.99377410212
Garfield,2037,GVED,658.2194365679605
Garfield,2037,HLTH,323.490730529855
Garfield,2037,MANU,62.839058418872
Garfield,2037,MING,10.7855143954671
Garfield,2037,OFFI,160.0675102605412
Garfield,2037,OTHR,607.0964221824677
Garfield,2037,RETL,338.810527384739
Garfield,2037,WSLE,142.7294552743308
Garfield,2038,AGRI,280.23614052809836
Garfield,2038,CONS,208.904201439533
Garfield,2038,FOOD,1158.13246938999
Garfield,2038,GVED,662.751115410586
Garfield,2038,HLTH,325.434365000763
Garfield,2038,MANU,63.744661712251
Garfield,2038,MING,10.7723263246518
Garfield,2038,OFFI,162.8233124597111
Garfield,2038,OTHR,615.2958773817979
Garfield,2038,RETL,341.141359176127
Garfield,2038,WSLE,142.5848003132083
Garfield,2039,AGRI,279.9024102419618
Garfield,2039,CONS,207.741179595613
Garfield,2039,FOOD,1158.20678124873
Garfield,2039,GVED,668.6976418179108
Garfield,2039,HLTH,328.741594714891
Garfield,2039,MANU,64.6497117216142
Garfield,2039,MING,10.759458725401
Garfield,2039,OFFI,162.63966300565
Garfield,2039,OTHR,622.5095435161675
Garfield,2039,RETL,343.982944378824
Garfield,2039,WSLE,141.4639448916816
Garfield,2040,AGRI,278.60025052210744
Garfield,2040,CONS,206.6045690477
Garfield,2040,FOOD,1155.46238844398
Garfield,2040,GVED,676.8507097276165
Garfield,2040,HLTH,332.436409580304
Garfield,2040,MANU,65.5531280712825
Garfield,2040,MING,10.7469809277821
Garfield,2040,OFFI,165.39370920072122
Garfield,2040,OTHR,629.7239594033572
Garfield,2040,RETL,345.924734628793
Garfield,2040,WSLE,141.32425125364728
Garfield,2041,AGRI,278.27846817202175
Garfield,2041,CONS,206.429431710001
Garfield,2041,FOOD,1153.66594210229
Garfield,2041,GVED,681.1342801153135
Garfield,2041,HLTH,335.18643202628
Garfield,2041,MANU,66.4542660390765
Garfield,2041,MING,10.734576289431
Garfield,2041,OFFI,165.2112695640775
Garfield,2041,OTHR,635.9413328530234
Garfield,2041,RETL,350.088467945743
Garfield,2041,WSLE,140.2063920647704
Garfield,2042,AGRI,277.9643559171227
Garfield,2042,CONS,204.988860015467
Garfield,2042,FOOD,1150.77803352036
Garfield,2042,GVED,687.3043831187097
Garfield,2042,HLTH,336.971742914982
Garfield,2042,MANU,67.3536689320955
Garfield,2042,MING,10.7224362323905
Garfield,2042,OFFI,166.9799696081597
Garfield,2042,OTHR,642.1314548614566
Garfield,2042,RETL,352.160227193873
Garfield,2042,WSLE,140.0619112322851
Garfield,2043,AGRI,276.6845887374754
Garfield,2043,CONS,204.435202725602
Garfield,2043,FOOD,1148.01596381164
Garfield,2043,GVED,695.4955508616035
Garfield,2043,HLTH,338.928418643196
Garfield,2043,MANU,67.2803140488732
Garfield,2043,MING,10.7106732015008
Garfield,2043,OFFI,167.7782151715955
Garfield,2043,OTHR,648.3405748774671
Garfield,2043,RETL,354.313140943538
Garfield,2043,WSLE,139.9258328052147
Garfield,2044,AGRI,276.3893988407637
Garfield,2044,CONS,205.054135428152
Garfield,2044,FOOD,1144.25958531589
Garfield,2044,GVED,702.415722005074
Garfield,2044,HLTH,342.364217931294
Garfield,2044,MANU,68.1822800364482
Garfield,2044,MING,10.6992628926923
Garfield,2044,OFFI,169.5516273595352
Garfield,2044,OTHR,655.5165789161904
Garfield,2044,RETL,357.666573750615
Garfield,2044,WSLE,138.81794067575362
Garfield,2045,AGRI,275.13495408497096
Garfield,2045,CONS,205.338597605581
Garfield,2045,FOOD,1141.54801626909
Garfield,2045,GVED,711.9126686263937
Garfield,2045,HLTH,344.686078449481
Garfield,2045,MANU,69.0860028024505
Garfield,2045,MING,10.6883700355536
Garfield,2045,OFFI,169.385181569438
Garfield,2045,OTHR,660.7643516032276
Garfield,2045,RETL,361.297583724093
Garfield,2045,WSLE,138.6912772759635
Garfield,2046,AGRI,274.8634180234403
Garfield,2046,CONS,208.927292387431
Garfield,2046,FOOD,1137.81073385317
Garfield,2046,GVED,720.6699112333908
Garfield,2046,HLTH,348.207811123766
Garfield,2046,MANU,69.9896588696993
Garfield,2046,MING,10.6778375880906
Garfield,2046,OFFI,172.1361332669434
Garfield,2046,OTHR,666.004185563182
Garfield,2046,RETL,365.033874746234
Garfield,2046,WSLE,137.5935182229901
Garfield,2047,AGRI,274.6029954355599
Garfield,2047,CONS,215.693385584665
Garfield,2047,FOOD,1134.10448952453
Garfield,2047,GVED,729.1998403237756
Garfield,2047,HLTH,351.684970028485
Garfield,2047,MANU,70.8944260071861
Garfield,2047,MING,10.6677436396853
Garfield,2047,OFFI,172.9477804213706
Garfield,2047,OTHR,671.2543514760468
Garfield,2047,RETL,370.079910014832
Garfield,2047,WSLE,138.4430268629077
Garfield,2048,AGRI,273.38171838668933
Garfield,2048,CONS,222.083512335464
Garfield,2048,FOOD,1131.38943380094
Garfield,2048,GVED,738.6638053734712
Garfield,2048,HLTH,355.323573535563
Garfield,2048,MANU,71.7997350540328
Garfield,2048,MING,10.6579887910036
Garfield,2048,OFFI,175.70173735388698
Garfield,2048,OTHR,677.479769627975
Garfield,2048,RETL,374.327361676863
Garfield,2048,WSLE,137.3553649639171
Garfield,2049,AGRI,273.13933110062953
Garfield,2049,CONS,229.449453770782
Garfield,2049,FOOD,1129.64808857012
Garfield,2049,GVED,746.7912596696933
Garfield,2049,HLTH,357.921006520072
Garfield,2049,MANU,72.7054781908842
Garfield,2049,MING,10.6485708881165
Garfield,2049,OFFI,175.5497346662192
Garfield,2049,OTHR,679.8327515303667
Garfield,2049,RETL,377.669844862471
Garfield,2049,WSLE,138.2093822296764
Garfield,2050,AGRI,271.94180855250204
Garfield,2050,CONS,237.75980132404
Garfield,2050,FOOD,1128.03589774005
Garfield,2050,GVED,756.0629572170832
Garfield,2050,HLTH,361.496283318616
Garfield,2050,MANU,73.6138600063493
Garfield,2050,MING,10.6396781478593
Garfield,2050,OFFI,177.3435008271584
Garfield,2050,OTHR,685.1277311347994
Garfield,2050,RETL,382.254004730411
Garfield,2050,WSLE,136.16856664146928
Garfield,2051,AGRI,271.70208095361767
Garfield,2051,CONS,246.406849308215
Garfield,2051,FOOD,1125.11323976598
Garfield,2051,GVED,762.3862576424311
Garfield,2051,HLTH,364.867884194699
Garfield,2051,MANU,74.514880537888
Garfield,2051,MING,10.6302890975761
Garfield,2051,OFFI,179.1194914194607
Garfield,2051,OTHR,690.3303331499499
Garfield,2051,RETL,387.004046047469
Garfield,2051,WSLE,136.0451397840219
Garfield,2052,AGRI,270.503031408109
Garfield,2052,CONS,255.05472385415
Garfield,2052,FOOD,1123.16066198292
Garfield,2052,GVED,769.4681619145913
Garfield,2052,HLTH,366.957892195339
Garfield,2052,MANU,75.4163104413512
Garfield,2052,MING,10.6211738670741
Garfield,2052,OFFI,179.93099461013782
Garfield,2052,OTHR,695.5374667832384
Garfield,2052,RETL,391.649439751145
Garfield,2052,WSLE,136.8907591387995
Garfield,2053,AGRI,269.3107537957422
Garfield,2053,CONS,263.880604747969
Garfield,2053,FOOD,1121.204861874
Garfield,2053,GVED,777.3042471929995
Garfield,2053,HLTH,369.947731164607
Garfield,2053,MANU,75.3523695398101
Garfield,2053,MING,10.6122670342386
Garfield,2053,OFFI,180.744208680066
Garfield,2053,OTHR,700.7440324502426
Garfield,2053,RETL,396.336653803735
Garfield,2053,WSLE,135.8061785205878
Garfield,2054,AGRI,269.0886177598678
Garfield,2054,CONS,273.872950495398
Garfield,2054,FOOD,1119.24833626871
Garfield,2054,GVED,784.4431486996561
Garfield,2054,HLTH,372.469952190814
Garfield,2054,MANU,76.2541609243632
Garfield,2054,MING,10.6035295911284
Garfield,2054,OFFI,182.52302283285871
Garfield,2054,OTHR,704.0185854300987
Garfield,2054,RETL,399.613103991629
Garfield,2054,WSLE,136.6536992724186
Garfield,2055,AGRI,267.9082484508252
Garfield,2055,CONS,282.757943258868
Garfield,2055,FOOD,1116.37484267753
Garfield,2055,GVED,788.395271784
Garfield,2055,HLTH,373.415451747929
Garfield,2055,MANU,77.156433753051
Garfield,2055,MING,10.5950261950174
Garfield,2055,OFFI,181.4121938286876
Garfield,2055,OTHR,708.2715630928324
Garfield,2055,RETL,404.107352817239
Garfield,2055,WSLE,135.57657740693048
Garfield,2056,AGRI,266.73128378529043
Garfield,2056,CONS,289.686538400633
Garfield,2056,FOOD,1111.67557124227
Garfield,2056,GVED,794.4737417241133
Garfield,2056,HLTH,375.398074890091
Garfield,2056,MANU,78.0583835371119
Garfield,2056,MING,10.5866357046036
Garfield,2056,OFFI,183.1951658579238
Garfield,2056,OTHR,712.5377889149261
Garfield,2056,RETL,407.785461530156
Garfield,2056,WSLE,136.4318018573143
Garfield,2057,AGRI,266.511351864089
Garfield,2057,CONS,295.068400126491
Garfield,2057,FOOD,1105.88778268728
Garfield,2057,GVED,797.9675177197474
Garfield,2057,HLTH,378.126762903571
Garfield,2057,MANU,77.9940232150454
Garfield,2057,MING,10.5779486483794
Garfield,2057,OFFI,184.00555102419
Garfield,2057,OTHR,717.721818719378
Garfield,2057,RETL,410.034104164797
Garfield,2057,WSLE,136.3155550629484
Garfield,2058,AGRI,265.331207339458
Garfield,2058,CONS,298.956058009455
Garfield,2058,FOOD,1100.11310625967
Garfield,2058,GVED,804.2514855763235
Garfield,2058,HLTH,378.446216235911
Garfield,2058,MANU,78.8914897854042
Garfield,2058,MING,10.5693114740768
Garfield,2058,OFFI,184.8154421667254
Garfield,2058,OTHR,721.939568853638
Garfield,2058,RETL,410.923981609424
Garfield,2058,WSLE,135.2389579556513
Garfield,2059,AGRI,264.15422727406775
Garfield,2059,CONS,300.982530282893
Garfield,2059,FOOD,1095.30010212559
Garfield,2059,GVED,808.0239513685503
Garfield,2059,HLTH,379.788252754514
Garfield,2059,MANU,79.787593023909
Garfield,2059,MING,10.5607402515174
Garfield,2059,OFFI,185.6242863270922
Garfield,2059,OTHR,726.1218845080173
Garfield,2059,RETL,412.69887561751
Garfield,2059,WSLE,136.0836175850117
Garfield,2060,AGRI,262.9827397326173
Garfield,2060,CONS,303.88020441462
Garfield,2060,FOOD,1089.55656513631
Garfield,2060,GVED,814.8742075490003
Garfield,2060,HLTH,381.205976886484
Garfield,2060,MANU,79.7239251000325
Garfield,2060,MING,10.5523295317213
Garfield,2060,OFFI,186.4348889311169
Garfield,2060,OTHR,730.341955626724
Garfield,2060,RETL,413.305150097681
Garfield,2060,WSLE,135.0117981869663
Garfield,2061,AGRI,262.7694221206666
Garfield,2061,CONS,306.448012488608
Garfield,2061,FOOD,1083.87779081665
Garfield,2061,GVED,816.703712856697
Garfield,2061,HLTH,383.188707370019
Garfield,2061,MANU,80.6182540882805
Garfield,2061,MING,10.5437700432222
Garfield,2061,OFFI,188.2016564570778
Garfield,2061,OTHR,734.544525056143
Garfield,2061,RETL,414.78110446477
Garfield,2061,WSLE,135.86128059300611
Garfield,2062,AGRI,261.60327359821883
Garfield,2062,CONS,309.080256289304
Garfield,2062,FOOD,1079.18724436912
Garfield,2062,GVED,820.848704107774
Garfield,2062,HLTH,385.760231787995
Garfield,2062,MANU,81.512704683506
Garfield,2062,MING,10.5354275176619
Garfield,2062,OFFI,189.0109840573556
Garfield,2062,OTHR,739.712760964154
Garfield,2062,RETL,416.369394083977
Garfield,2062,WSLE,134.7955453392624
Garfield,2063,AGRI,260.44180749648694
Garfield,2063,CONS,311.711735254788
Garfield,2063,FOOD,1074.51582556058
Garfield,2063,GVED,824.9961327399399
Garfield,2063,HLTH,387.374431586629
Garfield,2063,MANU,81.4491482405753
Garfield,2063,MING,10.5272129172462
Garfield,2063,OFFI,189.82110076561952
Garfield,2063,OTHR,744.880943135103
Garfield,2063,RETL,418.917218409491
Garfield,2063,WSLE,134.6904436202367
Garfield,2064,AGRI,260.2414724255136
Garfield,2064,CONS,314.342225761607
Garfield,2064,FOOD,1070.81903160789
Garfield,2064,GVED,830.1020615598369
Garfield,2064,HLTH,389.946721408292
Garfield,2064,MANU,82.3432508923201
Garfield,2064,MING,10.5191152544047
Garfield,2064,OFFI,190.631842366351
Garfield,2064,OTHR,750.048497553248
Garfield,2064,RETL,421.465245128015
Garfield,2064,WSLE,134.5868380592033
Garfield,2065,AGRI,259.0880793497865
Garfield,2065,CONS,316.01588952532
Garfield,2065,FOOD,1066.18281900477
Garfield,2065,GVED,835.2086936592063
Garfield,2065,HLTH,391.563047539537
Garfield,2065,MANU,83.2368314160711
Garfield,2065,MING,10.511137671072
Garfield,2065,OFFI,192.3993267479377
Garfield,2065,OTHR,753.303783899702
Garfield,2065,RETL,424.013696706854
Garfield,2065,WSLE,134.48476885565032
Grand,2023,AGRI,103.0
Grand,2023,CONS,462.0
Grand,2023,FOOD,2512.0
Grand,2023,GVED,1312.0
Grand,2023,HLTH,632.0
Grand,2023,MANU,162.0
Grand,2023,MING,117.0
Grand,2023,OFFI,580.0
Grand,2023,OTHR,2202.0
Grand,2023,RETL,1005.0
Grand,2023,WSLE,389.0
Grand,2024,AGRI,103.0
Grand,2024,CONS,501.0
Grand,2024,FOOD,2466.0
Grand,2024,GVED,1373.0
Grand,2024,HLTH,655.0
Grand,2024,MANU,162.0
Grand,2024,MING,119.0
Grand,2024,OFFI,583.0
Grand,2024,OTHR,2159.0
Grand,2024,RETL,995.0
Grand,2024,WSLE,390.0
Grand,2025,AGRI,102.8286492845239
Grand,2025,CONS,517.467155564715
Grand,2025,FOOD,2471.60621772807
Grand,2025,GVED,1398.9582059104748
Grand,2025,HLTH,675.668432640018
Grand,2025,MANU,164.740926291062
Grand,2025,MING,117.800151714185
Grand,2025,OFFI,594.0745413608068
Grand,2025,OTHR,2206.231315802785
Grand,2025,RETL,995.514238554729
Grand,2025,WSLE,396.419549440709
Grand,2026,AGRI,102.66045107983975
Grand,2026,CONS,523.669659915677
Grand,2026,FOOD,2489.32037463662
Grand,2026,GVED,1398.6729063610135
Grand,2026,HLTH,684.722085338543
Grand,2026,MANU,166.475060910289
Grand,2026,MING,121.577480965186
Grand,2026,OFFI,592.1589180456539
Grand,2026,OTHR,2242.088552040835
Grand,2026,RETL,986.469696619151
Grand,2026,WSLE,399.799237225856
Grand,2027,AGRI,101.50431131258956
Grand,2027,CONS,526.042862264964
Grand,2027,FOOD,2493.506899153
Grand,2027,GVED,1395.4110460580405
Grand,2027,HLTH,690.691079984088
Grand,2027,MANU,167.234571594244
Grand,2027,MING,123.36527111025
Grand,2027,OFFI,590.3494131599658
Grand,2027,OTHR,2294.814763666336
Grand,2027,RETL,983.625677664655
Grand,2027,WSLE,402.304068891278
Grand,2028,AGRI,101.34540464265271
Grand,2028,CONS,529.239967658631
Grand,2028,FOOD,2493.28033721003
Grand,2028,GVED,1389.2143832813717
Grand,2028,HLTH,691.408319254937
Grand,2028,MANU,168.95573769506
Grand,2028,MING,117.196120489812
Grand,2028,OFFI,593.4221696131889
Grand,2028,OTHR,2361.114583197696
Grand,2028,RETL,977.281749609187
Grand,2028,WSLE,402.68512327159
Grand,2029,AGRI,100.19982203712952
Grand,2029,CONS,533.458147335851
Grand,2029,FOOD,2479.89381907032
Grand,2029,GVED,1383.4117901453906
Grand,2029,HLTH,693.672278917405
Grand,2029,MANU,170.679736606142
Grand,2029,MING,110.068059547325
Grand,2029,OFFI,598.4826668325031
Grand,2029,OTHR,2418.429579180785
Grand,2029,RETL,974.107885433299
Grand,2029,WSLE,403.0716962626681
Grand,2030,AGRI,100.05169432798739
Grand,2030,CONS,535.155863160247
Grand,2030,FOOD,2458.73318758863
Grand,2030,GVED,1382.656099016666
Grand,2030,HLTH,699.118391394291
Grand,2030,MANU,173.398599695791
Grand,2030,MING,107.92384876467
Grand,2030,OFFI,604.6018156391638
Grand,2030,OTHR,2464.063067847924
Grand,2030,RETL,977.949065989222
Grand,2030,WSLE,402.47903260116595
Grand,2031,AGRI,99.90407902156416
Grand,2031,CONS,533.547600704689
Grand,2031,FOOD,2425.03323471604
Grand,2031,GVED,1371.6944990501747
Grand,2031,HLTH,704.261647422061
Grand,2031,MANU,176.113362852684
Grand,2031,MING,108.749698222312
Grand,2031,OFFI,609.7818779422578
Grand,2031,OTHR,2501.751122618277
Grand,2031,RETL,983.71460057127
Grand,2031,WSLE,401.9088299291555
Grand,2032,AGRI,98.77466546415117
Grand,2032,CONS,533.624513174668
Grand,2032,FOOD,2399.72476765629
Grand,2032,GVED,1365.8625997274908
Grand,2032,HLTH,709.750963780307
Grand,2032,MANU,178.834982604982
Grand,2032,MING,113.532848086639
Grand,2032,OFFI,614.9647877524295
Grand,2032,OTHR,2535.838117255333
Grand,2032,RETL,988.068962072262
Grand,2032,WSLE,401.3997344954214
Grand,2033,AGRI,98.63859574704652
Grand,2033,CONS,536.316326465485
Grand,2033,FOOD,2385.95098327805
Grand,2033,GVED,1361.6696557641176
Grand,2033,HLTH,713.699976808125
Grand,2033,MANU,180.587975554377
Grand,2033,MING,118.305651773903
Grand,2033,OFFI,622.2710364456094
Grand,2033,OTHR,2569.338787756783
Grand,2033,RETL,991.57061250153
Grand,2033,WSLE,398.0663725923374
Grand,2034,AGRI,98.51901093326775
Grand,2034,CONS,542.411470803773
Grand,2034,FOOD,2383.66224516608
Grand,2034,GVED,1362.1298659837234
Grand,2034,HLTH,720.041428420079
Grand,2034,MANU,181.440087866363
Grand,2034,MING,123.095826826141
Grand,2034,OFFI,632.501147427899
Grand,2034,OTHR,2632.538580860127
Grand,2034,RETL,999.13616735674
Grand,2034,WSLE,395.4320921330558
Grand,2035,AGRI,98.36193609664994
Grand,2035,CONS,541.426770385401
Grand,2035,FOOD,2357.23126099996
Grand,2035,GVED,1358.193254171578
Grand,2035,HLTH,719.526080195592
Grand,2035,MANU,182.988574346343
Grand,2035,MING,124.838985135413
Grand,2035,OFFI,642.7644048634
Grand,2035,OTHR,2578.7252811703192
Grand,2035,RETL,996.368994915939
Grand,2035,WSLE,390.8425086904322
Grand,2036,AGRI,98.2312026515389
Grand,2036,CONS,541.636512545681
Grand,2036,FOOD,2357.87456857582
Grand,2036,GVED,1359.6776145592364
Grand,2036,HLTH,719.94872274066
Grand,2036,MANU,185.690065583785
Grand,2036,MING,123.686361695502
Grand,2036,OFFI,651.7098615980118
Grand,2036,OTHR,2599.714018242897
Grand,2036,RETL,997.757748494031
Grand,2036,WSLE,386.4407249578662
Grand,2037,AGRI,98.10676818573943
Grand,2037,CONS,539.907087436815
Grand,2037,FOOD,2365.32749850714
Grand,2037,GVED,1367.8479318400055
Grand,2037,HLTH,721.41573023781
Grand,2037,MANU,188.397509047421
Grand,2037,MING,122.54704430947
Grand,2037,OFFI,660.6840980154027
Grand,2037,OTHR,2625.146921417273
Grand,2037,RETL,1002.39190099128
Grand,2037,WSLE,384.0236129043047
Grand,2038,AGRI,98.9677827950959
Grand,2038,CONS,536.583828122571
Grand,2038,FOOD,2365.06721925085
Grand,2038,GVED,1375.5389153698839
Grand,2038,HLTH,724.668704505605
Grand,2038,MANU,190.131392750749
Grand,2038,MING,122.397971241577
Grand,2038,OFFI,667.7380546166094
Grand,2038,OTHR,2656.622169801365
Grand,2038,RETL,1005.64178954927
Grand,2038,WSLE,383.60297708587893
Grand,2039,AGRI,98.85043160754387
Grand,2039,CONS,532.768566236314
Grand,2039,FOOD,2364.81099807032
Grand,2039,GVED,1384.0177886910512
Grand,2039,HLTH,726.44371437219
Grand,2039,MANU,191.866664996854
Grand,2039,MING,122.2525810327
Grand,2039,OFFI,675.7843679074872
Grand,2039,OTHR,2684.207198098721
Grand,2039,RETL,1010.02221383046
Grand,2039,WSLE,382.2166572145475
Grand,2040,AGRI,98.73642777943914
Grand,2040,CONS,528.362141498325
Grand,2040,FOOD,2361.78568534768
Grand,2040,GVED,1397.3598847030744
Grand,2040,HLTH,729.179270593949
Grand,2040,MANU,193.60527250704
Grand,2040,MING,122.112432999359
Grand,2040,OFFI,683.8456553814208
Grand,2040,OTHR,2712.888509182329
Grand,2040,RETL,1014.19043658928
Grand,2040,WSLE,380.85537350849097
Grand,2041,AGRI,98.62291676910404
Grand,2041,CONS,523.686180278624
Grand,2041,FOOD,2361.64882095021
Grand,2041,GVED,1405.6803368359429
Grand,2041,HLTH,730.522653933867
Grand,2041,MANU,195.339514478987
Grand,2041,MING,122.949196812714
Grand,2041,OFFI,690.9145874903066
Grand,2041,OTHR,2740.503471531711
Grand,2041,RETL,1020.59946198993
Grand,2041,WSLE,380.4702756388322
Grand,2042,AGRI,98.51188734320488
Grand,2042,CONS,519.793364559497
Grand,2042,FOOD,2357.49823342556
Grand,2042,GVED,1418.5875938398797
Grand,2042,HLTH,731.097739465934
Grand,2042,MANU,197.071786114573
Grand,2042,MING,123.785722174393
Grand,2042,OFFI,699.9283080787704
Grand,2042,OTHR,2767.042495497439
Grand,2042,RETL,1025.69104966967
Grand,2042,WSLE,380.0808581506318
Grand,2043,AGRI,98.40406521221382
Grand,2043,CONS,516.838620912452
Grand,2043,FOOD,2355.4724669505
Grand,2043,GVED,1433.2255532155132
Grand,2043,HLTH,730.615221689206
Grand,2043,MANU,197.834791533602
Grand,2043,MING,124.625013200281
Grand,2043,OFFI,707.9751924262217
Grand,2043,OTHR,2791.753054800925
Grand,2043,RETL,1031.03069954866
Grand,2043,WSLE,379.7142653072122
Grand,2044,AGRI,97.32622613935963
Grand,2044,CONS,514.27519225468
Grand,2044,FOOD,2350.52745137902
Grand,2044,GVED,1448.755439409825
Grand,2044,HLTH,730.242916009412
Grand,2044,MANU,199.574640354337
Grand,2044,MING,124.492644411181
Grand,2044,OFFI,717.9675052898887
Grand,2044,OTHR,2816.428261541478
Grand,2044,RETL,1036.48799480994
Grand,2044,WSLE,379.3518375288313
Grand,2045,AGRI,97.22720262096958
Grand,2045,CONS,514.073765646637
Grand,2045,FOOD,2348.62886266103
Grand,2045,GVED,1464.5931940074329
Grand,2045,HLTH,730.701263613369
Grand,2045,MANU,201.320591789245
Grand,2045,MING,124.366370875418
Grand,2045,OFFI,728.9438980254079
Grand,2045,OTHR,2842.17214212963
Grand,2045,RETL,1043.84203297224
Grand,2045,WSLE,379.008822314891
Grand,2046,AGRI,97.13147040752953
Grand,2046,CONS,517.5094140172
Grand,2046,FOOD,2344.75433870437
Grand,2046,GVED,1481.329381895042
Grand,2046,HLTH,731.150920887918
Grand,2046,MANU,203.068084935188
Grand,2046,MING,124.243697887097
Grand,2046,OFFI,740.886131041934
Grand,2046,OTHR,2865.928398722464
Grand,2046,RETL,1050.70181738505
Grand,2046,WSLE,380.6105459029956
Grand,2047,AGRI,97.0396691226066
Grand,2047,CONS,524.326807237456
Grand,2047,FOOD,2341.92438971889
Grand,2047,GVED,1498.8040342491709
Grand,2047,HLTH,733.040268768328
Grand,2047,MANU,204.820021316871
Grand,2047,MING,126.066705289208
Grand,2047,OFFI,756.7130197415997
Grand,2047,OTHR,2889.737021566248
Grand,2047,RETL,1060.59152578491
Grand,2047,WSLE,380.2815064242072
Grand,2048,AGRI,96.95088389644796
Grand,2048,CONS,532.942600492232
Grand,2048,FOOD,2342.05214354257
Grand,2048,GVED,1514.850252056305
Grand,2048,HLTH,733.700239798298
Grand,2048,MANU,206.574563178606
Grand,2048,MING,126.920605387517
Grand,2048,OFFI,770.5908707114086
Grand,2048,OTHR,2910.651866370492
Grand,2048,RETL,1069.40875863852
Grand,2048,WSLE,380.9314091303175
Grand,2049,AGRI,96.86510999971111
Grand,2049,CONS,544.334262137338
Grand,2049,FOOD,2344.1475686275
Grand,2049,GVED,1531.2182969201883
Grand,2049,HLTH,735.749071604832
Grand,2049,MANU,208.331583610369
Grand,2049,MING,128.745240223906
Grand,2049,OFFI,787.368745680599
Grand,2049,OTHR,2932.549731795206
Grand,2049,RETL,1080.50940984411
Grand,2049,WSLE,380.61915346564206
Grand,2050,AGRI,96.78394245826944
Grand,2050,CONS,556.400243907337
Grand,2050,FOOD,2346.43357229637
Grand,2050,GVED,1549.8588906727714
Grand,2050,HLTH,737.741935148355
Grand,2050,MANU,210.096600029047
Grand,2050,MING,130.573483445763
Grand,2050,OFFI,803.1889403149851
Grand,2050,OTHR,2955.571566536119
Grand,2050,RETL,1093.06147924454
Grand,2050,WSLE,381.3009758646145
Grand,2051,AGRI,95.73160993170225
Grand,2051,CONS,567.678246190647
Grand,2051,FOOD,2348.27607761702
Grand,2051,GVED,1558.7994030704178
Grand,2051,HLTH,739.130962084892
Grand,2051,MANU,211.844262936612
Grand,2051,MING,132.390547787863
Grand,2051,OFFI,815.0623398080479
Grand,2051,OTHR,2977.213594967481
Grand,2051,RETL,1103.14118087967
Grand,2051,WSLE,380.96744162663174
Grand,2052,AGRI,95.64949122686787
Grand,2052,CONS,581.137628050721
Grand,2052,FOOD,2350.15049809142
Grand,2052,GVED,1573.4426903358044
Grand,2052,HLTH,742.152105860432
Grand,2052,MANU,213.594572829102
Grand,2052,MING,134.20778992071
Grand,2052,OFFI,825.9696905350283
Grand,2052,OTHR,3000.850930007325
Grand,2052,RETL,1115.94196708395
Grand,2052,WSLE,381.6117948421853
Grand,2053,AGRI,95.56920335825386
Grand,2053,CONS,594.512562757517
Grand,2053,FOOD,2352.99960903843
Grand,2053,GVED,1585.7991935677
Grand,2053,HLTH,745.825995563845
Grand,2053,MANU,215.345695178161
Grand,2053,MING,136.024436958331
Grand,2053,OFFI,834.9411038985728
Grand,2053,OTHR,3025.453252165125
Grand,2053,RETL,1129.63208305975
Grand,2053,WSLE,381.2950666407582
Grand,2054,AGRI,95.49037599701968
Grand,2054,CONS,609.148952137148
Grand,2054,FOOD,2354.8888567684
Grand,2054,GVED,1597.6711439748155
Grand,2054,HLTH,748.454489307557
Grand,2054,MANU,216.132424750648
Grand,2054,MING,137.840147238585
Grand,2054,OFFI,842.9426842877692
Grand,2054,OTHR,3049.074776411724
Grand,2054,RETL,1143.34637343567
Grand,2054,WSLE,381.94705524354015
Grand,2055,AGRI,94.44987452401284
Grand,2055,CONS,624.716618440128
Grand,2055,FOOD,2355.88814975686
Grand,2055,GVED,1610.386184095959
Grand,2055,HLTH,750.689230848065
Grand,2055,MANU,217.88663316047
Grand,2055,MING,138.692421110374
Grand,2055,OFFI,851.9136424738124
Grand,2055,OTHR,3071.796763962162
Grand,2055,RETL,1156.08833079733
Grand,2055,WSLE,382.6095375801851
Grand,2056,AGRI,94.37466216453478
Grand,2056,CONS,628.526927040755
Grand,2056,FOOD,2353.15075174215
Grand,2056,GVED,1619.1459677268779
Grand,2056,HLTH,752.907939237663
Grand,2056,MANU,218.678046316166
Grand,2056,MING,138.582623741898
Grand,2056,OFFI,859.916823884035
Grand,2056,OTHR,3095.534994932756
Grand,2056,RETL,1165.960676633
Grand,2056,WSLE,384.24526340248417
Grand,2057,AGRI,94.29687813518044
Grand,2057,CONS,632.933728188635
Grand,2057,FOOD,2348.31044235221
Grand,2057,GVED,1625.0430242414789
Grand,2057,HLTH,753.947080192964
Grand,2057,MANU,219.460313406301
Grand,2057,MING,136.543876049731
Grand,2057,OFFI,866.9141064169023
Grand,2057,OTHR,3120.005728319928
Grand,2057,RETL,1174.5196917759
Grand,2057,WSLE,384.89396735518983
Grand,2058,AGRI,94.21952899691047
Grand,2058,CONS,636.62840269654
Grand,2058,FOOD,2343.48653695439
Grand,2058,GVED,1631.3302664011098
Grand,2058,HLTH,754.627398530707
Grand,2058,MANU,220.242265770496
Grand,2058,MING,134.509085720595
Grand,2058,OFFI,874.8642379293718
Grand,2058,OTHR,3145.421815887691
Grand,2058,RETL,1183.09325753233
Grand,2058,WSLE,385.5443744560189
Grand,2059,AGRI,93.18221042054144
Grand,2059,CONS,640.847925017738
Grand,2059,FOOD,2336.76160047478
Grand,2059,GVED,1635.683384959853
Grand,2059,HLTH,755.282395375686
Grand,2059,MANU,221.024002338727
Grand,2059,MING,133.438915777982
Grand,2059,OFFI,882.8046579424487
Grand,2059,OTHR,3166.964772689414
Grand,2059,RETL,1191.22542861222
Grand,2059,WSLE,386.195407947688
Grand,2060,AGRI,93.10760539679099
Grand,2060,CONS,644.031778238476
Grand,2060,FOOD,2331.02601320726
Grand,2060,GVED,1642.0085904006053
Grand,2060,HLTH,756.149757935782
Grand,2060,MANU,221.807241548097
Grand,2060,MING,133.332153893467
Grand,2060,OFFI,890.7417826399653
Grand,2060,OTHR,3187.532411472461
Grand,2060,RETL,1199.12662025995
Grand,2060,WSLE,386.84905687963976
Grand,2061,AGRI,93.03208145914451
Grand,2061,CONS,647.318682196036
Grand,2061,FOOD,2326.25821849033
Grand,2061,GVED,1641.9445208613913
Grand,2061,HLTH,757.271444304002
Grand,2061,MANU,223.545316902864
Grand,2061,MING,133.224001941389
Grand,2061,OFFI,897.6912346491595
Grand,2061,OTHR,3209.880771408746
Grand,2061,RETL,1206.4894941358
Grand,2061,WSLE,386.5352654989477
Grand,2062,AGRI,92.95847187601493
Grand,2062,CONS,649.681219595405
Grand,2062,FOOD,2322.5011419458
Grand,2062,GVED,1645.4365585194062
Grand,2062,HLTH,757.630507982436
Grand,2062,MANU,224.326679611129
Grand,2062,MING,133.118591387396
Grand,2062,OFFI,904.64686034287
Grand,2062,OTHR,3235.129926349005
Grand,2062,RETL,1214.15902802675
Grand,2062,WSLE,387.187666004258
Grand,2063,AGRI,92.88599102980011
Grand,2063,CONS,652.047127865246
Grand,2063,FOOD,2319.7327688194
Grand,2063,GVED,1649.8985368774186
Grand,2063,HLTH,757.997265162121
Grand,2063,MANU,226.066751105297
Grand,2063,MING,133.014797209674
Grand,2063,OFFI,912.558913983403
Grand,2063,OTHR,3259.417200488033
Grand,2063,RETL,1221.82975128206
Grand,2063,WSLE,388.8007528151478
Grand,2064,AGRI,91.85778762505124
Grand,2064,CONS,654.415828163769
Grand,2064,FOOD,2316.99164723317
Grand,2064,GVED,1653.4131861816918
Grand,2064,HLTH,758.3709586049
Grand,2064,MANU,226.8496121019
Grand,2064,MING,132.912480576658
Grand,2064,OFFI,919.5109971201882
Grand,2064,OTHR,3284.65589239941
Grand,2064,RETL,1228.54393945208
Grand,2064,WSLE,388.5016824502213
Grand,2065,AGRI,91.78812367159006
Grand,2065,CONS,656.787612537846
Grand,2065,FOOD,2314.27843705142
Grand,2065,GVED,1657.895428021372
Grand,2065,HLTH,758.751847020707
Grand,2065,MANU,228.589629318312
Grand,2065,MING,132.811681187725
Grand,2065,OFFI,926.4618799597858
Grand,2065,OTHR,3307.021592506422
Grand,2065,RETL,1235.26045504782
Grand,2065,WSLE,389.1630757280214
Iron,2023,AGRI,1212.0
Iron,2023,CONS,3232.0
Iron,2023,FOOD,3009.0
Iron,2023,GVED,6304.0
Iron,2023,HLTH,3112.0
Iron,2023,MANU,2791.0
Iron,2023,MING,361.0
Iron,2023,OFFI,2410.0
Iron,2023,OTHR,8441.0
Iron,2023,RETL,3814.0
Iron,2023,WSLE,1427.0
Iron,2024,AGRI,1213.0
Iron,2024,CONS,3237.0
Iron,2024,FOOD,3093.0
Iron,2024,GVED,6475.0
Iron,2024,HLTH,3218.0
Iron,2024,MANU,2849.0
Iron,2024,MING,378.0
Iron,2024,OFFI,2151.0
Iron,2024,OTHR,9112.0
Iron,2024,RETL,3799.0
Iron,2024,WSLE,1391.0
Iron,2025,AGRI,1208.054146498288
Iron,2025,CONS,3344.8963550522
Iron,2025,FOOD,3121.05255556952
Iron,2025,GVED,6637.656005854875
Iron,2025,HLTH,3376.17415947538
Iron,2025,MANU,2994.23161087964
Iron,2025,MING,272.550755142125
Iron,2025,OFFI,2255.583008694636
Iron,2025,OTHR,9309.74071909774
Iron,2025,RETL,3868.67388307194
Iron,2025,WSLE,1446.9800691656299
Iron,2026,AGRI,1207.185686302288
Iron,2026,CONS,3436.95976128419
Iron,2026,FOOD,3169.36949947852
Iron,2026,GVED,6764.5891978581585
Iron,2026,HLTH,3523.49268269153
Iron,2026,MANU,3110.51215324198
Iron,2026,MING,280.094722993813
Iron,2026,OFFI,2316.8938534117124
Iron,2026,OTHR,9478.076310556671
Iron,2026,RETL,3919.97008838378
Iron,2026,WSLE,1490.936481101107
Iron,2027,AGRI,1201.342748343454
Iron,2027,CONS,3522.01049322881
Iron,2027,FOOD,3197.70570169611
Iron,2027,GVED,6900.603820333092
Iron,2027,HLTH,3637.38934451648
Iron,2027,MANU,3221.52942179626
Iron,2027,MING,283.628808295494
Iron,2027,OFFI,2378.394290440002
Iron,2027,OTHR,9624.123367238148
Iron,2027,RETL,3986.47047271914
Iron,2027,WSLE,1534.307787853461
Iron,2028,AGRI,1192.466306266643
Iron,2028,CONS,3662.9080609005
Iron,2028,FOOD,3225.88824029369
Iron,2028,GVED,7035.727700201964
Iron,2028,HLTH,3735.96920513917
Iron,2028,MANU,3334.6662311018
Iron,2028,MING,264.277354418755
Iron,2028,OFFI,2456.942654037453
Iron,2028,OTHR,9821.68623271523
Iron,2028,RETL,4045.83525484799
Iron,2028,WSLE,1569.568221775935
Iron,2029,AGRI,1185.655806307162
Iron,2029,CONS,3824.17402292447
Iron,2029,FOOD,3239.13675638081
Iron,2029,GVED,7181.5293839239785
Iron,2029,HLTH,3826.34027342507
Iron,2029,MANU,3464.65237671265
Iron,2029,MING,339.187327074298
Iron,2029,OFFI,2547.776016992107
Iron,2029,OTHR,10031.550651321424
Iron,2029,RETL,4105.56543193384
Iron,2029,WSLE,1603.8571035275058
Iron,2030,AGRI,1177.795180868165
Iron,2030,CONS,3933.83505314655
Iron,2030,FOOD,3236.11196845475
Iron,2030,GVED,7291.839232220658
Iron,2030,HLTH,3918.79466968879
Iron,2030,MANU,3594.47876922687
Iron,2030,MING,330.696804321725
Iron,2030,OFFI,2640.820580221146
Iron,2030,OTHR,10200.538267383312
Iron,2030,RETL,4177.03835986405
Iron,2030,WSLE,1634.887484524769
Iron,2031,AGRI,1171.896695931178
Iron,2031,CONS,4011.44945068247
Iron,2031,FOOD,3218.56804095648
Iron,2031,GVED,7380.283402702113
Iron,2031,HLTH,4012.85499754452
Iron,2031,MANU,3719.45125057029
Iron,2031,MING,329.150469091739
Iron,2031,OFFI,2729.048199378257
Iron,2031,OTHR,10356.911049206808
Iron,2031,RETL,4255.76905945827
Iron,2031,WSLE,1667.929514989976
Iron,2032,AGRI,1165.089114316616
Iron,2032,CONS,4089.58235231344
Iron,2032,FOOD,3210.70679661207
Iron,2032,GVED,7470.135704404527
Iron,2032,HLTH,4103.07222067373
Iron,2032,MANU,3839.53830567053
Iron,2032,MING,341.465173220725
Iron,2032,OFFI,2816.629811273459
Iron,2032,OTHR,10520.83837222874
Iron,2032,RETL,4317.83036646706
Iron,2032,WSLE,1698.4821608571085
Iron,2033,AGRI,1165.22672080293
Iron,2033,CONS,4171.08548939387
Iron,2033,FOOD,3220.05164820634
Iron,2033,GVED,7550.688743648675
Iron,2033,HLTH,4183.10794324303
Iron,2033,MANU,3945.75964447324
Iron,2033,MING,354.738826630802
Iron,2033,OFFI,2910.314729347765
Iron,2033,OTHR,10668.7042911396
Iron,2033,RETL,4367.14898421027
Iron,2033,WSLE,1724.5442337558752
Iron,2034,AGRI,1164.674543383434
Iron,2034,CONS,4259.67598180696
Iron,2034,FOOD,3253.56062810258
Iron,2034,GVED,7649.3077027474965
Iron,2034,HLTH,4272.09328453512
Iron,2034,MANU,4047.50068912828
Iron,2034,MING,366.089446280984
Iron,2034,OFFI,3015.7055914614903
Iron,2034,OTHR,10912.226335996389
Iron,2034,RETL,4418.92798773226
Iron,2034,WSLE,1752.4718153388826
Iron,2035,AGRI,1162.357513473226
Iron,2035,CONS,4335.91179391491
Iron,2035,FOOD,3234.95162867377
Iron,2035,GVED,7721.359326096603
Iron,2035,HLTH,4320.75623588541
Iron,2035,MANU,4154.19202770898
Iron,2035,MING,371.309120660694
Iron,2035,OFFI,3113.222637790703
Iron,2035,OTHR,10839.873052407791
Iron,2035,RETL,4436.95891099637
Iron,2035,WSLE,1766.1396069419757
Iron,2036,AGRI,1160.564507304374
Iron,2036,CONS,4404.34178073137
Iron,2036,FOOD,3262.2993032509
Iron,2036,GVED,7825.65633083847
Iron,2036,HLTH,4385.39604535011
Iron,2036,MANU,4274.90044251077
Iron,2036,MING,367.801827629869
Iron,2036,OFFI,3212.9940442122315
Iron,2036,OTHR,10957.80136712297
Iron,2036,RETL,4476.49642461375
Iron,2036,WSLE,1786.5635672013118
Iron,2037,AGRI,1159.8359201953022
Iron,2037,CONS,4430.93931208246
Iron,2037,FOOD,3297.43718670981
Iron,2037,GVED,7946.609688521336
Iron,2037,HLTH,4460.40910247322
Iron,2037,MANU,4396.59191734097
Iron,2037,MING,365.314037380912
Iron,2037,OFFI,3307.243358229648
Iron,2037,OTHR,11097.91339955134
Iron,2037,RETL,4531.68966952522
Iron,2037,WSLE,1811.3645928008982
Iron,2038,AGRI,1157.215805713453
Iron,2038,CONS,4441.52614416784
Iron,2038,FOOD,3323.21606754889
Iron,2038,GVED,8083.494844282336
Iron,2038,HLTH,4554.40645606678
Iron,2038,MANU,4513.08838126137
Iron,2038,MING,364.818140429423
Iron,2038,OFFI,3401.3330491642682
Iron,2038,OTHR,11281.30025953573
Iron,2038,RETL,4590.8247746261
Iron,2038,WSLE,1842.5679433641662
Iron,2039,AGRI,1155.616475308804
Iron,2039,CONS,4441.37021890532
Iron,2039,FOOD,3346.22134229221
Iron,2039,GVED,8234.07956864682
Iron,2039,HLTH,4643.39118351594
Iron,2039,MANU,4625.27896329817
Iron,2039,MING,365.316174733888
Iron,2039,OFFI,3491.138621145134
Iron,2039,OTHR,11440.428475412009
Iron,2039,RETL,4652.59412536739
Iron,2039,WSLE,1874.1512099729034
Iron,2040,AGRI,1153.003945791695
Iron,2040,CONS,4420.02710377437
Iron,2040,FOOD,3359.60989583239
Iron,2040,GVED,8372.485142232023
Iron,2040,HLTH,4727.07266737408
Iron,2040,MANU,4661.38891181548
Iron,2040,MING,364.841540053342
Iron,2040,OFFI,3516.083981571902
Iron,2040,OTHR,11568.48977008263
Iron,2040,RETL,4701.81680595938
Iron,2040,WSLE,1874.7343936931406
Iron,2041,AGRI,1150.451506000235
Iron,2041,CONS,4377.95187818378
Iron,2041,FOOD,3374.91640875078
Iron,2041,GVED,8497.079943105113
Iron,2041,HLTH,4806.66288082562
Iron,2041,MANU,4692.82711921157
Iron,2041,MING,367.311742509108
Iron,2041,OFFI,3534.8567027247877
Iron,2041,OTHR,11679.14239197191
Iron,2041,RETL,4752.12154800158
Iron,2041,WSLE,1876.422574770236
Iron,2042,AGRI,1146.998790454498
Iron,2042,CONS,4347.31607431823
Iron,2042,FOOD,3383.92159628054
Iron,2042,GVED,8624.968677683846
Iron,2042,HLTH,4880.82845921514
Iron,2042,MANU,4723.62812662654
Iron,2042,MING,370.771037078222
Iron,2042,OFFI,3565.242557277738
Iron,2042,OTHR,11790.2221861898
Iron,2042,RETL,4797.72481660793
Iron,2042,WSLE,1879.2060139821954
Iron,2043,AGRI,1144.612444813605
Iron,2043,CONS,4317.31661997704
Iron,2043,FOOD,3393.81927448611
Iron,2043,GVED,8765.050951517467
Iron,2043,HLTH,4951.74802373771
Iron,2043,MANU,4749.04203739852
Iron,2043,MING,374.24511414749
Iron,2043,OFFI,3588.893696613354
Iron,2043,OTHR,11880.08102569298
Iron,2043,RETL,4841.20785218701
Iron,2043,WSLE,1881.2651434130507
Iron,2044,AGRI,1141.333171228444
Iron,2044,CONS,4287.60937552177
Iron,2044,FOOD,3400.66944412821
Iron,2044,GVED,8906.154406830925
Iron,2044,HLTH,5027.16736030875
Iron,2044,MANU,4775.86121974814
Iron,2044,MING,373.839549220383
Iron,2044,OFFI,3615.62879245854
Iron,2044,OTHR,11976.17097329337
Iron,2044,RETL,4885.77005342725
Iron,2044,WSLE,1884.558472929565
Iron,2045,AGRI,1138.148356499727
Iron,2045,CONS,4295.12036043354
Iron,2045,FOOD,3408.53424396339
Iron,2045,GVED,9056.122550348824
Iron,2045,HLTH,5107.59311835842
Iron,2045,MANU,4809.01677890586
Iron,2045,MING,373.459926682682
Iron,2045,OFFI,3642.606116231178
Iron,2045,OTHR,12065.14853247027
Iron,2045,RETL,4937.20431678173
Iron,2045,WSLE,1886.1888618809126
Iron,2046,AGRI,1135.032270423303
Iron,2046,CONS,4347.26476880238
Iron,2046,FOOD,3412.35634359856
Iron,2046,GVED,9207.792764544869
Iron,2046,HLTH,5192.86706446175
Iron,2046,MANU,4844.55539747738
Iron,2046,MING,374.070525126517
Iron,2046,OFFI,3678.496151276041
Iron,2046,OTHR,12143.69549119936
Iron,2046,RETL,4985.80843731795
Iron,2046,WSLE,1890.8693651282267
Iron,2047,AGRI,1132.956655377502
Iron,2047,CONS,4436.52994170882
Iron,2047,FOOD,3416.03763194537
Iron,2047,GVED,9361.249185983525
Iron,2047,HLTH,5277.87113314297
Iron,2047,MANU,4880.41974115476
Iron,2047,MING,377.609294143086
Iron,2047,OFFI,3721.3412113340532
Iron,2047,OTHR,12215.58855894488
Iron,2047,RETL,5041.60098368407
Iron,2047,WSLE,1893.7661583118677
Iron,2048,AGRI,1130.934971079386
Iron,2048,CONS,4556.41291694025
Iron,2048,FOOD,3422.48187734173
Iron,2048,GVED,9511.243631859772
Iron,2048,HLTH,5360.20917619385
Iron,2048,MANU,4917.62687339491
Iron,2048,MING,384.063599193693
Iron,2048,OFFI,3766.229729390526
Iron,2048,OTHR,12270.08722893838
Iron,2048,RETL,5094.36221870316
Iron,2048,WSLE,1898.6566059252002
Iron,2049,AGRI,1127.993350337799
Iron,2049,CONS,4700.99270527741
Iron,2049,FOOD,3428.71080175657
Iron,2049,GVED,9661.798420855972
Iron,2049,HLTH,5440.41477312544
Iron,2049,MANU,4956.07380569556
Iron,2049,MING,390.520957564227
Iron,2049,OFFI,3810.200864128602
Iron,2049,OTHR,12321.63848467372
Iron,2049,RETL,5148.3578675374
Iron,2049,WSLE,1900.7332193225957
Iron,2050,AGRI,1124.154535647228
Iron,2050,CONS,4853.40223493702
Iron,2050,FOOD,3433.00055044873
Iron,2050,GVED,9806.46569846998
Iron,2050,HLTH,5513.42267635664
Iron,2050,MANU,4993.95564553503
Iron,2050,MING,396.988667870391
Iron,2050,OFFI,3848.530057334418
Iron,2050,OTHR,12372.54768695311
Iron,2050,RETL,5200.84401578168
Iron,2050,WSLE,1902.9039720712033
Iron,2051,AGRI,1121.236406974966
Iron,2051,CONS,5020.48768370095
Iron,2051,FOOD,3435.6497730961
Iron,2051,GVED,9941.391039289381
Iron,2051,HLTH,5587.71139456363
Iron,2051,MANU,5035.48763280354
Iron,2051,MING,402.460947154695
Iron,2051,OFFI,3880.763576721509
Iron,2051,OTHR,12419.31404665457
Iron,2051,RETL,5256.5286067905
Iron,2051,WSLE,1904.9945295747216
Iron,2052,AGRI,1118.357019289482
Iron,2052,CONS,5192.85737043587
Iron,2052,FOOD,3438.13803893877
Iron,2052,GVED,10089.269555983768
Iron,2052,HLTH,5660.79183972335
Iron,2052,MANU,5073.34660230388
Iron,2052,MING,408.90088628031
Iron,2052,OFFI,3908.1788312327417
Iron,2052,OTHR,12463.10929001972
Iron,2052,RETL,5310.64412130992
Iron,2052,WSLE,1908.114436277819
Iron,2053,AGRI,1114.5404516481472
Iron,2053,CONS,5378.07036298696
Iron,2053,FOOD,3441.38543395651
Iron,2053,GVED,10234.840733315139
Iron,2053,HLTH,5732.98101512889
Iron,2053,MANU,5106.37725436552
Iron,2053,MING,415.338323247952
Iron,2053,OFFI,3926.871955291233
Iron,2053,OTHR,12518.25304078584
Iron,2053,RETL,5370.78024861441
Iron,2053,WSLE,1912.3636636592196
Iron,2054,AGRI,1111.713634667847
Iron,2054,CONS,5564.48781685701
Iron,2054,FOOD,3442.55600297265
Iron,2054,GVED,10376.41260670856
Iron,2054,HLTH,5797.08024802321
Iron,2054,MANU,5134.65959450436
Iron,2054,MING,420.807557031797
Iron,2054,OFFI,3945.606361884777
Iron,2054,OTHR,12563.57654624413
Iron,2054,RETL,5425.10507820915
Iron,2054,WSLE,1915.6823567932959
Iron,2055,AGRI,1107.954704349951
Iron,2055,CONS,5761.83985387904
Iron,2055,FOOD,3441.75947447308
Iron,2055,GVED,10509.678380832898
Iron,2055,HLTH,5856.58598667811
Iron,2055,MANU,5160.1951982498
Iron,2055,MING,425.3138046264
Iron,2055,OFFI,3960.539769660471
Iron,2055,OTHR,12606.03695199428
Iron,2055,RETL,5478.06077791564
Iron,2055,WSLE,1919.0783024870232
Iron,2056,AGRI,1104.2121656569711
Iron,2056,CONS,5910.41973564044
Iron,2056,FOOD,3437.01825762163
Iron,2056,GVED,10637.11185057041
Iron,2056,HLTH,5923.35931852034
Iron,2056,MANU,5179.84975962444
Iron,2056,MING,425.002471303312
Iron,2056,OFFI,3974.482644915443
Iron,2056,OTHR,12660.743649948181
Iron,2056,RETL,5520.01978458577
Iron,2056,WSLE,1924.5075902984622
Iron,2057,AGRI,1099.481342676089
Iron,2057,CONS,6021.50931036604
Iron,2057,FOOD,3431.02685029812
Iron,2057,GVED,10761.784018844715
Iron,2057,HLTH,5986.81964644504
Iron,2057,MANU,5203.144162126
Iron,2057,MING,419.8695148262
Iron,2057,OFFI,3992.1696690398776
Iron,2057,OTHR,12713.89433315413
Iron,2057,RETL,5556.27767931947
Iron,2057,WSLE,1930.9237744749705
Iron,2058,AGRI,1095.725415644145
Iron,2058,CONS,6109.52081859145
Iron,2058,FOOD,3424.9118037653
Iron,2058,GVED,10882.980905689248
Iron,2058,HLTH,6046.97666701546
Iron,2058,MANU,5228.32362816907
Iron,2058,MING,414.746993972397
Iron,2058,OFFI,4009.857422798446
Iron,2058,OTHR,12764.91171415548
Iron,2058,RETL,5589.03450065909
Iron,2058,WSLE,1937.398993129026
Iron,2059,AGRI,1092.94344777154
Iron,2059,CONS,6178.73008556323
Iron,2059,FOOD,3419.65072260311
Iron,2059,GVED,11005.206704765878
Iron,2059,HLTH,6100.1158701923
Iron,2059,MANU,5252.52381087909
Iron,2059,MING,412.517095452487
Iron,2059,OFFI,4027.563882373301
Iron,2059,OTHR,12813.86657064287
Iron,2059,RETL,5619.54919088936
Iron,2059,WSLE,1941.9799757993035
Iron,2060,AGRI,1088.2642031287319
Iron,2060,CONS,6236.16415426181
Iron,2060,FOOD,3416.29953508306
Iron,2060,GVED,11128.690708594266
Iron,2060,HLTH,6150.47765363398
Iron,2060,MANU,5277.67183375799
Iron,2060,MING,412.216653077678
Iron,2060,OFFI,4044.369576036169
Iron,2060,OTHR,12867.73549636784
Iron,2060,RETL,5652.44328563157
Iron,2060,WSLE,1946.6839394398453
Iron,2061,AGRI,1085.463467493113
Iron,2061,CONS,6289.09742250014
Iron,2061,FOOD,3412.56941779704
Iron,2061,GVED,11246.529056773416
Iron,2061,HLTH,6199.98538650846
Iron,2061,MANU,5305.03776133092
Iron,2061,MING,411.882284852104
Iron,2061,OFFI,4064.104921642266
Iron,2061,OTHR,12922.50965583727
Iron,2061,RETL,5687.97863899636
Iron,2061,WSLE,1947.0228865534314
Iron,2062,AGRI,1081.7299044250449
Iron,2062,CONS,6338.74087947359
Iron,2062,FOOD,3408.91105948001
Iron,2062,GVED,11372.742048214037
Iron,2062,HLTH,6250.65758942667
Iron,2062,MANU,5333.42035955623
Iron,2062,MING,411.556392076076
Iron,2062,OFFI,4081.012286469651
Iron,2062,OTHR,12975.52871374604
Iron,2062,RETL,5723.72414778528
Iron,2062,WSLE,1948.357061659127
Iron,2063,AGRI,1078.01399393505
Iron,2063,CONS,6386.46048382633
Iron,2063,FOOD,3405.29559938488
Iron,2063,GVED,11502.710758420442
Iron,2063,HLTH,6302.27583683286
Iron,2063,MANU,5360.85902554189
Iron,2063,MING,411.235496573377
Iron,2063,OFFI,4096.980088998075
Iron,2063,OTHR,13032.43589717615
Iron,2063,RETL,5761.39088865608
Iron,2063,WSLE,1948.7528857870384
Iron,2064,AGRI,1075.271263495359
Iron,2064,CONS,6431.29916522401
Iron,2064,FOOD,3401.71944939519
Iron,2064,GVED,11634.505619618689
Iron,2064,HLTH,6353.87655453865
Iron,2064,MANU,5389.26503405565
Iron,2064,MING,410.919169125088
Iron,2064,OFFI,4112.96372801184
Iron,2064,OTHR,13087.47048135542
Iron,2064,RETL,5798.09959221705
Iron,2064,WSLE,1950.1241439216365
Iron,2065,AGRI,1071.587703123066
Iron,2065,CONS,6475.1792039619
Iron,2065,FOOD,3399.13962212592
Iron,2065,GVED,11768.13042083739
Iron,2065,HLTH,6405.4635397908
Iron,2065,MANU,5417.68285137637
Iron,2065,MING,410.607532467878
Iron,2065,OFFI,4129.921104630685
Iron,2065,OTHR,13142.55504053933
Iron,2065,RETL,5835.76764138073
Iron,2065,WSLE,1950.5572483559138
Juab,2023,AGRI,485.0
Juab,2023,CONS,566.0
Juab,2023,FOOD,394.0
Juab,2023,GVED,1091.0
Juab,2023,HLTH,674.0
Juab,2023,MANU,903.0
Juab,2023,MING,98.0
Juab,2023,OFFI,434.0
Juab,2023,OTHR,996.0
Juab,2023,RETL,533.0
Juab,2023,WSLE,147.0
Juab,2024,AGRI,487.0
Juab,2024,CONS,602.0
Juab,2024,FOOD,481.0
Juab,2024,GVED,1109.0
Juab,2024,HLTH,833.0
Juab,2024,MANU,857.0
Juab,2024,MING,61.0
Juab,2024,OFFI,385.0
Juab,2024,OTHR,996.0
Juab,2024,RETL,536.0
Juab,2024,WSLE,171.0
Juab,2025,AGRI,486.1890013100981
Juab,2025,CONS,621.368218630138
Juab,2025,FOOD,482.889780134229
Juab,2025,GVED,1139.7960100248806
Juab,2025,HLTH,867.781473149009
Juab,2025,MANU,874.923840859244
Juab,2025,MING,79.5822622741336
Juab,2025,OFFI,389.6251248848989
Juab,2025,OTHR,1016.0067747329813
Juab,2025,RETL,541.761211784305
Juab,2025,WSLE,173.786147375655
Juab,2026,AGRI,486.3899895694821
Juab,2026,CONS,633.034438885376
Juab,2026,FOOD,487.62400360215
Juab,2026,GVED,1160.823848583782
Juab,2026,HLTH,894.972558267312
Juab,2026,MANU,882.55426495258
Juab,2026,MING,100.08177737132
Juab,2026,OFFI,385.2022594522913
Juab,2026,OTHR,1029.2762116431313
Juab,2026,RETL,542.579304934832
Juab,2026,WSLE,173.5169934128908
Juab,2027,AGRI,485.6243726393522
Juab,2027,CONS,650.746644107105
Juab,2027,FOOD,491.089557079072
Juab,2027,GVED,1185.8823881317894
Juab,2027,HLTH,918.711853606131
Juab,2027,MANU,891.988657997164
Juab,2027,MING,119.575097771403
Juab,2027,OFFI,381.09522767949596
Juab,2027,OTHR,1045.4496492834164
Juab,2027,RETL,552.207041034157
Juab,2027,WSLE,174.4123251531911
Juab,2028,AGRI,482.8756435057906
Juab,2028,CONS,673.552451918675
Juab,2028,FOOD,492.35479434529
Juab,2028,GVED,1207.8668744117756
Juab,2028,HLTH,934.925824455633
Juab,2028,MANU,899.618364555589
Juab,2028,MING,136.001351245345
Juab,2028,OFFI,380.7570788838867
Juab,2028,OTHR,1064.4905454477814
Juab,2028,RETL,557.340114324923
Juab,2028,WSLE,174.17795830565922
Juab,2029,AGRI,480.1570365907994
Juab,2029,CONS,697.001288182557
Juab,2029,FOOD,492.726218888186
Juab,2029,GVED,1232.0691656377485
Juab,2029,HLTH,950.789176183552
Juab,2029,MANU,914.153325648027
Juab,2029,MING,150.403287391077
Juab,2029,OFFI,382.3812233606692
Juab,2029,OTHR,1087.5514719709024
Juab,2029,RETL,565.012207040377
Juab,2029,WSLE,173.95316332169278
Juab,2030,AGRI,477.4621121523187
Juab,2030,CONS,713.963972002793
Juab,2030,FOOD,491.262562103446
Juab,2030,GVED,1252.772060965203
Juab,2030,HLTH,968.035741676007
Juab,2030,MANU,931.589337237615
Juab,2030,MING,167.746435693465
Juab,2030,OFFI,383.0468656471268
Juab,2030,OTHR,1103.867278930914
Juab,2030,RETL,573.178641003452
Juab,2030,WSLE,172.7415021164748
Juab,2031,AGRI,475.7643902360584
Juab,2031,CONS,727.048019170253
Juab,2031,FOOD,487.798195453609
Juab,2031,GVED,1273.048069677249
Juab,2031,HLTH,984.636524352605
Juab,2031,MANU,948.755787147492
Juab,2031,MING,187.016335247629
Juab,2031,OFFI,383.6780399649553
Juab,2031,OTHR,1120.9548779171837
Juab,2031,RETL,584.525037952588
Juab,2031,WSLE,172.4804359043151
Juab,2032,AGRI,474.0976731709459
Juab,2032,CONS,738.568386503206
Juab,2032,FOOD,485.625551187733
Juab,2032,GVED,1292.049773751286
Juab,2032,HLTH,999.442149663754
Juab,2032,MANU,964.133239691572
Juab,2032,MING,208.246493015302
Juab,2032,OFFI,384.3397290359415
Juab,2032,OTHR,1136.7787361695073
Juab,2032,RETL,593.572187159722
Juab,2032,WSLE,172.26800823955762
Juab,2033,AGRI,474.4259142922832
Juab,2033,CONS,749.13985936921
Juab,2033,FOOD,486.363810907537
Juab,2033,GVED,1305.5746376404954
Juab,2033,HLTH,1010.78510059627
Juab,2033,MANU,976.750389010627
Juab,2033,MING,209.955856119807
Juab,2033,OFFI,386.97771978100127
Juab,2033,OTHR,1154.157391617628
Juab,2033,RETL,600.708285852022
Juab,2033,WSLE,171.1110916494256
Juab,2034,AGRI,474.8195454214025
Juab,2034,CONS,760.871169283796
Juab,2034,FOOD,499.526924154209
Juab,2034,GVED,1320.2515731026974
Juab,2034,HLTH,1026.344721565
Juab,2034,MANU,988.661683503188
Juab,2034,MING,212.735998574855
Juab,2034,OFFI,392.28941908243917
Juab,2034,OTHR,1181.921676597106
Juab,2034,RETL,607.318659959512
Juab,2034,WSLE,170.2567481308061
Juab,2035,AGRI,475.0692995811494
Juab,2035,CONS,766.172252061096
Juab,2035,FOOD,486.550217854415
Juab,2035,GVED,1325.3158088576863
Juab,2035,HLTH,1029.09893306471
Juab,2035,MANU,1000.67142575408
Juab,2035,MING,213.334045512403
Juab,2035,OFFI,394.3912533821607
Juab,2035,OTHR,1168.5917998399814
Juab,2035,RETL,609.417234707937
Juab,2035,WSLE,168.5631261162997
Juab,2036,AGRI,475.4165930515339
Juab,2036,CONS,769.678630158105
Juab,2036,FOOD,489.6487546954
Juab,2036,GVED,1334.4630000330997
Juab,2036,HLTH,1035.40368103451
Juab,2036,MANU,1017.86555156748
Juab,2036,MING,213.069473588574
Juab,2036,OFFI,397.71915423168923
Juab,2036,OTHR,1179.8954665406027
Juab,2036,RETL,612.178356050324
Juab,2036,WSLE,166.389049063617
Juab,2037,AGRI,474.8118657665889
Juab,2037,CONS,771.171253726378
Juab,2037,FOOD,494.749266159277
Juab,2037,GVED,1345.532141640235
Juab,2037,HLTH,1045.43989295114
Juab,2037,MANU,1035.23014541372
Juab,2037,MING,211.851629594978
Juab,2037,OFFI,401.1248942671997
Juab,2037,OTHR,1197.2561987022148
Juab,2037,RETL,619.813767090658
Juab,2037,WSLE,165.2283676086154
Juab,2038,AGRI,475.21437908623375
Juab,2038,CONS,769.251807350231
Juab,2038,FOOD,496.923202458704
Juab,2038,GVED,1356.1462560050923
Juab,2038,HLTH,1055.40741074824
Juab,2038,MANU,1051.71379936551
Juab,2038,MING,212.614903557306
Juab,2038,OFFI,403.6033042791224
Juab,2038,OTHR,1213.819023061172
Juab,2038,RETL,625.881884935293
Juab,2038,WSLE,165.0696098314855
Juab,2039,AGRI,475.6277228042994
Juab,2039,CONS,767.906672246698
Juab,2039,FOOD,501.011660574618
Juab,2039,GVED,1367.6424033785092
Juab,2039,HLTH,1064.26483152934
Juab,2039,MANU,1066.25684816481
Juab,2039,MING,212.407811476539
Juab,2039,OFFI,406.1029365729082
Juab,2039,OTHR,1233.273292855369
Juab,2039,RETL,633.335147044193
Juab,2039,WSLE,164.9161802851921
Juab,2040,AGRI,475.0777153813068
Juab,2040,CONS,765.251884895708
Juab,2040,FOOD,503.177306813846
Juab,2040,GVED,1379.4459144940015
Juab,2040,HLTH,1072.9240764524
Juab,2040,MANU,1080.92565287195
Juab,2040,MING,212.216540958093
Juab,2040,OFFI,407.67264767347024
Juab,2040,OTHR,1249.02392911897
Juab,2040,RETL,639.761495217192
Juab,2040,WSLE,165.7677781312573
Juab,2041,AGRI,475.50699009926655
Juab,2041,CONS,759.939972701711
Juab,2041,FOOD,507.242458305703
Juab,2041,GVED,1390.2998230480637
Juab,2041,HLTH,1080.18715587651
Juab,2041,MANU,1093.61120677557
Juab,2041,MING,212.029113191264
Juab,2041,OFFI,409.2442546597068
Juab,2041,OTHR,1263.705042335976
Juab,2041,RETL,646.279241199069
Juab,2041,WSLE,165.63912077379882
Juab,2042,AGRI,473.995848968875
Juab,2042,CONS,754.682479648683
Juab,2042,FOOD,508.257114729452
Juab,2042,GVED,1399.0279961612232
Juab,2042,HLTH,1084.91639573014
Juab,2042,MANU,1106.19217356849
Juab,2042,MING,212.820212946715
Juab,2042,OFFI,412.7433407688303
Juab,2042,OTHR,1278.0819944441769
Juab,2042,RETL,649.573345174428
Juab,2042,WSLE,165.4927838518464
Juab,2043,AGRI,474.450885979286
Juab,2043,CONS,750.859215994209
Juab,2043,FOOD,511.255330497022
Juab,2043,GVED,1408.2793676766325
Juab,2043,HLTH,1090.02355567532
Juab,2043,MANU,1117.91689833743
Juab,2043,MING,213.622292835691
Juab,2043,OFFI,415.2962422855553
Juab,2043,OTHR,1291.641279704115
Juab,2043,RETL,655.959479478014
Juab,2043,WSLE,165.3714071727718
Juab,2044,AGRI,473.94624028311
Juab,2044,CONS,746.920021171912
Juab,2044,FOOD,512.245554180987
Juab,2044,GVED,1417.1484551773556
Juab,2044,HLTH,1093.75041423181
Juab,2044,MANU,1128.63818270753
Juab,2044,MING,213.455829792564
Juab,2044,OFFI,417.844025482635
Juab,2044,OTHR,1303.121530771424
Juab,2044,RETL,660.364421454557
Juab,2044,WSLE,165.24645231960562
Juab,2045,AGRI,473.464061492782
Juab,2045,CONS,747.117081930439
Juab,2045,FOOD,514.200195723204
Juab,2045,GVED,1426.5503239807783
Juab,2045,HLTH,1099.29126511837
Juab,2045,MANU,1142.33910798146
Juab,2045,MING,213.301717283567
Juab,2045,OFFI,421.38242679367215
Juab,2045,OTHR,1316.565884746121
Juab,2045,RETL,666.105761022216
Juab,2045,WSLE,164.1618420243743
Juab,2046,AGRI,472.99815598646296
Juab,2046,CONS,750.966694191151
Juab,2046,FOOD,515.099628544963
Juab,2046,GVED,1435.5161591548722
Juab,2046,HLTH,1103.91035914383
Juab,2046,MANU,1156.95463396939
Juab,2046,MING,213.152830912095
Juab,2046,OFFI,425.8767236115443
Juab,2046,OTHR,1327.855124323895
Juab,2046,RETL,669.97822371334
Juab,2046,WSLE,165.0128453037953
Juab,2047,AGRI,473.521793985039
Juab,2047,CONS,758.983463849359
Juab,2047,FOOD,515.96384586441
Juab,2047,GVED,1443.9925053647937
Juab,2047,HLTH,1108.36082762172
Juab,2047,MANU,1170.62337215513
Juab,2047,MING,213.983317952973
Juab,2047,OFFI,431.34431189734636
Juab,2047,OTHR,1337.144273134211
Juab,2047,RETL,675.119318912122
Juab,2047,WSLE,164.8978061891975
Juab,2048,AGRI,472.119582127987
Juab,2048,CONS,768.632047733197
Juab,2048,FOOD,516.785942149123
Juab,2048,GVED,1452.3311723092258
Juab,2048,HLTH,1111.49629445297
Juab,2048,MANU,1184.30572177381
Juab,2048,MING,214.818657071424
Juab,2048,OFFI,436.80986315242393
Juab,2048,OTHR,1343.4550007333619
Juab,2048,RETL,679.301451426808
Juab,2048,WSLE,164.7869384540831
Juab,2049,AGRI,471.70242625326796
Juab,2049,CONS,779.894136179786
Juab,2049,FOOD,517.563682564988
Juab,2049,GVED,1459.2084711753296
Juab,2049,HLTH,1114.51685785945
Juab,2049,MANU,1198.95700245397
Juab,2049,MING,215.658175947515
Juab,2049,OFFI,443.24006767201854
Juab,2049,OTHR,1349.688887860528
Juab,2049,RETL,683.738746401542
Juab,2049,WSLE,165.6463041974202
Juab,2050,AGRI,471.307676534153
Juab,2050,CONS,793.064444068494
Juab,2050,FOOD,518.369034117808
Juab,2050,GVED,1465.1823955833877
Juab,2050,HLTH,1116.53204687389
Juab,2050,MANU,1213.7254192196
Juab,2050,MING,216.509171923922
Juab,2050,OFFI,447.7619521007179
Juab,2050,OTHR,1358.97266908192
Juab,2050,RETL,687.237810911713
Juab,2050,WSLE,165.5590510647242
Juab,2051,AGRI,470.892383184535
Juab,2051,CONS,806.729940774257
Juab,2051,FOOD,518.926257188452
Juab,2051,GVED,1471.5727976781145
Juab,2051,HLTH,1118.48801507641
Juab,2051,MANU,1229.11915458384
Juab,2051,MING,217.338312200117
Juab,2051,OFFI,452.18623734836956
Juab,2051,OTHR,1365.608881175908
Juab,2051,RETL,691.381187735184
Juab,2051,WSLE,164.4475063841723
Juab,2052,AGRI,469.522988926462
Juab,2052,CONS,820.942945162836
Juab,2052,FOOD,518.469561744146
Juab,2052,GVED,1477.1703556318967
Juab,2052,HLTH,1117.89974115247
Juab,2052,MANU,1243.56229272337
Juab,2052,MING,218.170748557078
Juab,2052,OFFI,454.6740287153998
Juab,2052,OTHR,1370.24483323045
Juab,2052,RETL,695.302264772751
Juab,2052,WSLE,165.2737732769165
Juab,2053,AGRI,469.12946554373104
Juab,2053,CONS,834.454712775139
Juab,2053,FOOD,518.955365198713
Juab,2053,GVED,1483.653977458178
Juab,2053,HLTH,1119.26483409556
Juab,2053,MANU,1257.04300880569
Juab,2053,MING,219.004816076777
Juab,2053,OFFI,456.1963442364079
Juab,2053,OTHR,1377.745822609162
Juab,2053,RETL,698.936206016071
Juab,2053,WSLE,165.1350810793184
Juab,2054,AGRI,468.74313379112505
Juab,2054,CONS,850.237243165586
Juab,2054,FOOD,518.454654568883
Juab,2054,GVED,1488.7782584042025
Juab,2054,HLTH,1119.51926001059
Juab,2054,MANU,1268.60167177763
Juab,2054,MING,218.875610595836
Juab,2054,OFFI,456.75799303678957
Juab,2054,OTHR,1382.335067902351
Juab,2054,RETL,701.451291716945
Juab,2054,WSLE,165.9633720815539
Juab,2055,AGRI,467.40292464608
Juab,2055,CONS,867.731818379146
Juab,2055,FOOD,518.93831994754
Juab,2055,GVED,1495.9113806735988
Juab,2055,HLTH,1119.43893105922
Juab,2055,MANU,1279.2432329733
Juab,2055,MING,219.715503526202
Juab,2055,OFFI,457.33665805298324
Juab,2055,OTHR,1389.888758143378
Juab,2055,RETL,705.915647445283
Juab,2055,WSLE,165.83542372349598
Juab,2056,AGRI,467.03123426902505
Juab,2056,CONS,880.615905094187
Juab,2056,FOOD,517.571362466689
Juab,2056,GVED,1499.7831666792072
Juab,2056,HLTH,1120.18842429914
Juab,2056,MANU,1289.01790029987
Juab,2056,MING,219.596972594036
Juab,2056,OFFI,458.9105551844126
Juab,2056,OTHR,1397.683752052458
Juab,2056,RETL,707.646258227616
Juab,2056,WSLE,166.6898177370702
Juab,2057,AGRI,465.684838540832
Juab,2057,CONS,889.024399139105
Juab,2057,FOOD,516.122082395554
Juab,2057,GVED,1506.9975307616974
Juab,2057,HLTH,1121.46391817561
Juab,2057,MANU,1298.64180511932
Juab,2057,MING,217.542497775644
Juab,2057,OFFI,459.4841718768143
Juab,2057,OTHR,1403.302817517583
Juab,2057,RETL,708.538364217556
Juab,2057,WSLE,165.5954426130981
Juab,2058,AGRI,465.30344275001903
Juab,2058,CONS,894.883520804038
Juab,2058,FOOD,513.714195362484
Juab,2058,GVED,1510.6736554630172
Juab,2058,HLTH,1122.67233048914
Juab,2058,MANU,1310.19074522582
Juab,2058,MING,216.452867374814
Juab,2058,OFFI,461.022590857848
Juab,2058,OTHR,1407.017888802976
Juab,2058,RETL,709.577165662979
Juab,2058,WSLE,166.4279747947765
Juab,2059,AGRI,463.964315649074
Juab,2059,CONS,899.807241240812
Juab,2059,FOOD,512.28093316269
Juab,2059,GVED,1516.428434868847
Juab,2059,HLTH,1123.69737127359
Juab,2059,MANU,1320.76951082732
Juab,2059,MING,216.325604698504
Juab,2059,OFFI,460.640516450878
Juab,2059,OTHR,1414.599120236996
Juab,2059,RETL,711.672470679828
Juab,2059,WSLE,166.2996928937523
Juab,2060,AGRI,463.593412875365
Juab,2060,CONS,904.115042790391
Juab,2060,FOOD,510.863014543913
Juab,2060,GVED,1521.8983153681525
Juab,2060,HLTH,1123.47484049156
Juab,2060,MANU,1331.34954159919
Juab,2060,MING,215.240568629052
Juab,2060,OFFI,463.1456449511811
Juab,2060,OTHR,1419.32875749755
Juab,2060,RETL,711.484974765489
Juab,2060,WSLE,167.1335809074837
Juab,2061,AGRI,462.258373758436
Juab,2061,CONS,908.217014734715
Juab,2061,FOOD,509.489632840106
Juab,2061,GVED,1528.3672909020672
Juab,2061,HLTH,1123.20336404055
Juab,2061,MANU,1341.77758321262
Juab,2061,MING,214.106980130935
Juab,2061,OFFI,463.7289626322547
Juab,2061,OTHR,1424.890451068963
Juab,2061,RETL,712.517710772279
Juab,2061,WSLE,166.9980110355137
Juab,2062,AGRI,461.892622012837
Juab,2062,CONS,911.331360092348
Juab,2062,FOOD,508.128272391021
Juab,2062,GVED,1534.8239080724563
Juab,2062,HLTH,1124.23113016734
Juab,2062,MANU,1352.21478741966
Juab,2062,MING,213.93757270389
Juab,2062,OFFI,465.2785233379704
Juab,2062,OTHR,1431.42894200724
Juab,2062,RETL,714.828660877903
Juab,2062,WSLE,167.82411555269812
Juab,2063,AGRI,462.48996960349
Juab,2063,CONS,914.450747440544
Juab,2063,FOOD,506.774587762404
Juab,2063,GVED,1542.244605037661
Juab,2063,HLTH,1124.31204440251
Juab,2063,MANU,1362.65033951173
Juab,2063,MING,213.770762987748
Juab,2063,OFFI,465.8732309003585
Juab,2063,OTHR,1437.972766418175
Juab,2063,RETL,716.186282037477
Juab,2063,WSLE,167.69326105751298
Juab,2064,AGRI,461.177462230834
Juab,2064,CONS,917.574357965423
Juab,2064,FOOD,505.428016111793
Juab,2064,GVED,1548.7123261251224
Juab,2064,HLTH,1124.40396397033
Juab,2064,MANU,1373.08322412751
Juab,2064,MING,213.606327863499
Juab,2064,OFFI,466.4716297761848
Juab,2064,OTHR,1443.5639403506088
Juab,2064,RETL,717.548891354973
Juab,2064,WSLE,166.6075149721379
Juab,2065,AGRI,460.827710227256
Juab,2065,CONS,920.702594509731
Juab,2065,FOOD,504.088676210976
Juab,2065,GVED,1554.2300007209772
Juab,2065,HLTH,1124.50725691045
Juab,2065,MANU,1383.51423771323
Juab,2065,MING,213.444331132813
Juab,2065,OFFI,467.0738914885254
Juab,2065,OTHR,1449.161358345937
Juab,2065,RETL,719.872796296182
Juab,2065,WSLE,167.4371903886239
Kane,2023,AGRI,170.0
Kane,2023,CONS,306.0
Kane,2023,FOOD,1255.0
Kane,2023,GVED,841.0
Kane,2023,HLTH,188.0
Kane,2023,MANU,166.0
Kane,2023,MING,40.0
Kane,2023,OFFI,310.0
Kane,2023,OTHR,2175.0
Kane,2023,RETL,610.0
Kane,2023,WSLE,211.0
Kane,2024,AGRI,170.0
Kane,2024,CONS,275.0
Kane,2024,FOOD,1251.0
Kane,2024,GVED,851.0
Kane,2024,HLTH,153.0
Kane,2024,MANU,165.0
Kane,2024,MING,40.0
Kane,2024,OFFI,362.0
Kane,2024,OTHR,2249.0
Kane,2024,RETL,580.0
Kane,2024,WSLE,215.0
Kane,2025,AGRI,169.7166871832993
Kane,2025,CONS,282.911225392253
Kane,2025,FOOD,1254.10186253629
Kane,2025,GVED,864.6603074684284
Kane,2025,HLTH,159.899345418894
Kane,2025,MANU,167.746295000721
Kane,2025,MING,39.9332201150662
Kane,2025,OFFI,364.41546528064066
Kane,2025,OTHR,2292.638110056844
Kane,2025,RETL,588.304035077889
Kane,2025,WSLE,215.6610842698967
Kane,2026,AGRI,169.439461698155
Kane,2026,CONS,286.530073253315
Kane,2026,FOOD,1264.05861321
Kane,2026,GVED,867.7879357821917
Kane,2026,HLTH,165.728855272578
Kane,2026,MANU,169.5237928558
Kane,2026,MING,40.8645341795516
Kane,2026,OFFI,362.87631679312756
Kane,2026,OTHR,2319.58066334958
Kane,2026,RETL,589.601095116486
Kane,2026,WSLE,214.3452947500573
Kane,2027,AGRI,169.17184128485053
Kane,2027,CONS,290.659045475049
Kane,2027,FOOD,1265.56161104159
Kane,2027,GVED,870.8017474111797
Kane,2027,HLTH,169.710681863359
Kane,2027,MANU,171.292953873818
Kane,2027,MING,41.7947398113571
Kane,2027,OFFI,360.3602150810408
Kane,2027,OTHR,2355.429503783676
Kane,2027,RETL,595.374333759836
Kane,2027,WSLE,214.0468813388801
Kane,2028,AGRI,167.9134103129576
Kane,2028,CONS,300.424148234656
Kane,2028,FOOD,1265.81192665076
Kane,2028,GVED,877.5356255275597
Kane,2028,HLTH,173.23858319087
Kane,2028,MANU,173.034135053303
Kane,2028,MING,39.7419769552973
Kane,2028,OFFI,358.8369971819734
Kane,2028,OTHR,2405.9059866264997
Kane,2028,RETL,598.421812017186
Kane,2028,WSLE,211.7495413959271
Kane,2029,AGRI,166.66650820843248
Kane,2029,CONS,310.776711899292
Kane,2029,FOOD,1261.21230073372
Kane,2029,GVED,881.6681583830095
Kane,2029,HLTH,177.543468154638
Kane,2029,MANU,175.773052635044
Kane,2029,MING,37.6973735006117
Kane,2029,OFFI,361.3062560430043
Kane,2029,OTHR,2453.461158380838
Kane,2029,RETL,603.347701996565
Kane,2029,WSLE,210.4651226119743
Kane,2030,AGRI,165.42885751007566
Kane,2030,CONS,317.904724984201
Kane,2030,FOOD,1250.77809886584
Kane,2030,GVED,886.6037509437484
Kane,2030,HLTH,180.859147605809
Kane,2030,MANU,179.494160057997
Kane,2030,MING,36.6507701312436
Kane,2030,OFFI,363.7968355282385
Kane,2030,OTHR,2491.20570480473
Kane,2030,RETL,609.647300114569
Kane,2030,WSLE,208.1984984055067
Kane,2031,AGRI,165.18443975278342
Kane,2031,CONS,322.695715538785
Kane,2031,FOOD,1234.3464048565
Kane,2031,GVED,888.2810817517691
Kane,2031,HLTH,184.140226205414
Kane,2031,MANU,183.201345863955
Kane,2031,MING,36.5965431707552
Kane,2031,OFFI,364.3139865707085
Kane,2031,OTHR,2525.334554511014
Kane,2031,RETL,616.998595734682
Kane,2031,WSLE,205.9360204052706
Kane,2032,AGRI,163.9616963438811
Kane,2032,CONS,328.353758716326
Kane,2032,FOOD,1221.12286137059
Kane,2032,GVED,890.8046546728322
Kane,2032,HLTH,188.418305860918
Kane,2032,MANU,185.92472000577
Kane,2032,MING,38.5197819168443
Kane,2032,OFFI,366.814553189453
Kane,2032,OTHR,2557.10704519927
Kane,2032,RETL,622.850238740961
Kane,2032,WSLE,205.67536435479852
Kane,2033,AGRI,163.7346898843508
Kane,2033,CONS,335.155840242246
Kane,2033,FOOD,1215.12033707858
Kane,2033,GVED,892.5319098228613
Kane,2033,HLTH,190.303071044731
Kane,2033,MANU,188.676813863799
Kane,2033,MING,40.438975511938
Kane,2033,OFFI,368.38991490443595
Kane,2033,OTHR,2585.204748493681
Kane,2033,RETL,627.395228059697
Kane,2033,WSLE,201.5187784242937
Kane,2034,AGRI,163.52977667758373
Kane,2034,CONS,342.187703678208
Kane,2034,FOOD,1214.64596492376
Kane,2034,GVED,897.2289060478573
Kane,2034,HLTH,193.669043136069
Kane,2034,MANU,190.55999948217
Kane,2034,MING,41.3728692017014
Kane,2034,OFFI,370.39662063497804
Kane,2034,OTHR,2633.470527599509
Kane,2034,RETL,630.174952129345
Kane,2034,WSLE,199.5338028524646
Kane,2035,AGRI,163.27889155115818
Kane,2035,CONS,346.190821716763
Kane,2035,FOOD,1200.79355596201
Kane,2035,GVED,897.9939999854854
Kane,2035,HLTH,193.594480677124
Kane,2035,MANU,192.03382812548
Kane,2035,MING,42.2938467306573
Kane,2035,OFFI,375.1110828569399
Kane,2035,OTHR,2599.961581961843
Kane,2035,RETL,627.804303247825
Kane,2035,WSLE,196.9706077347808
Kane,2036,AGRI,163.06112545594135
Kane,2036,CONS,349.954238664548
Kane,2036,FOOD,1200.52095676437
Kane,2036,GVED,902.6277832411494
Kane,2036,HLTH,195.350082828804
Kane,2036,MANU,195.709875976015
Kane,2036,MING,42.2373197099045
Kane,2036,OFFI,378.53603855946005
Kane,2036,OTHR,2621.53204228183
Kane,2036,RETL,629.542854375878
Kane,2036,WSLE,192.7983436189836
Kane,2037,AGRI,162.85391711694575
Kane,2037,CONS,351.470952774732
Kane,2037,FOOD,1205.1625587873
Kane,2037,GVED,909.9506756702326
Kane,2037,HLTH,197.48607669457
Kane,2037,MANU,198.41138834828
Kane,2037,MING,42.1835227227592
Kane,2037,OFFI,381.9843009830047
Kane,2037,OTHR,2647.901258605158
Kane,2037,RETL,633.552669958434
Kane,2037,WSLE,191.5885094130743
Kane,2038,AGRI,162.65604345340378
Kane,2038,CONS,351.418094832343
Kane,2038,FOOD,1203.98748762447
Kane,2038,GVED,918.2337260271684
Kane,2038,HLTH,200.047589310439
Kane,2038,MANU,201.122109343829
Kane,2038,MING,42.1321594206992
Kane,2038,OFFI,385.4551495871154
Kane,2038,OTHR,2681.271015253663
Kane,2038,RETL,636.928986904014
Kane,2038,WSLE,190.3950389996017
Kane,2039,AGRI,162.46260414988214
Kane,2039,CONS,352.084848023454
Kane,2039,FOOD,1203.79524440247
Kane,2039,GVED,927.9374497274835
Kane,2039,HLTH,202.827460838287
Kane,2039,MANU,203.832565311058
Kane,2039,MING,42.0819565771507
Kane,2039,OFFI,387.9528154188261
Kane,2039,OTHR,2709.735909527896
Kane,2039,RETL,642.279216075191
Kane,2039,WSLE,188.2302104527774
Kane,2040,AGRI,162.274432116575
Kane,2040,CONS,350.563398795648
Kane,2040,FOOD,1201.72173435266
Kane,2040,GVED,937.966958717093
Kane,2040,HLTH,205.854797329367
Kane,2040,MANU,205.556377442942
Kane,2040,MING,42.0331181393772
Kane,2040,OFFI,392.405754117964
Kane,2040,OTHR,2740.105998830248
Kane,2040,RETL,646.847613034074
Kane,2040,WSLE,186.0716926778841
Kane,2041,AGRI,162.0872206797296
Kane,2041,CONS,347.620992307062
Kane,2041,FOOD,1200.61283108272
Kane,2041,GVED,946.2786951769064
Kane,2041,HLTH,207.913959224537
Kane,2041,MANU,208.252117278409
Kane,2041,MING,41.984545419952
Kane,2041,OFFI,392.9429431046913
Kane,2041,OTHR,2763.560141535192
Kane,2041,RETL,652.756961350424
Kane,2041,WSLE,185.8700467757189
Kane,2042,AGRI,160.92908531172262
Kane,2042,CONS,346.745655845167
Kane,2042,FOOD,1197.50533317214
Kane,2042,GVED,956.2926744565418
Kane,2042,HLTH,210.040901442184
Kane,2042,MANU,209.967664380318
Kane,2042,MING,41.9371454655237
Kane,2042,OFFI,397.3855471052068
Kane,2042,OTHR,2787.9241563456317
Kane,2042,RETL,656.556584450679
Kane,2042,WSLE,184.6931178310585
Kane,2043,AGRI,161.72660924819792
Kane,2043,CONS,345.439667019786
Kane,2043,FOOD,1196.42931449943
Kane,2043,GVED,968.1498675309517
Kane,2043,HLTH,211.885845591273
Kane,2043,MANU,211.688521667354
Kane,2043,MING,42.8652562125208
Kane,2043,OFFI,399.88192670208593
Kane,2043,OTHR,2809.4087463866317
Kane,2043,RETL,661.546734619605
Kane,2043,WSLE,184.5000161300516
Kane,2044,AGRI,161.5542108956962
Kane,2044,CONS,344.185153758447
Kane,2044,FOOD,1193.41469260578
Kane,2044,GVED,979.9320600367529
Kane,2044,HLTH,215.467569031429
Kane,2044,MANU,213.411590911991
Kane,2044,MING,42.819507166469
Kane,2044,OFFI,403.3570187238011
Kane,2044,OTHR,2832.8489815243593
Kane,2044,RETL,665.781768891904
Kane,2044,WSLE,182.3648035398491
Kane,2045,AGRI,161.38938665867417
Kane,2045,CONS,346.60086876384
Kane,2045,FOOD,1191.43647751808
Kane,2045,GVED,992.5788749907257
Kane,2045,HLTH,217.968840249171
Kane,2045,MANU,215.141796507369
Kane,2045,MING,42.7757593605314
Kane,2045,OFFI,405.8705042873392
Kane,2045,OTHR,2854.418624119793
Kane,2045,RETL,671.571176272952
Kane,2045,WSLE,181.21444283012
Kane,2046,AGRI,160.25897717269405
Kane,2046,CONS,351.872608367793
Kane,2046,FOOD,1188.47874464105
Kane,2046,GVED,1005.3270596722206
Kane,2046,HLTH,220.573267302664
Kane,2046,MANU,217.845257366397
Kane,2046,MING,42.7335313503947
Kane,2046,OFFI,410.33243183011166
Kane,2046,OTHR,2875.020459088808
Kane,2046,RETL,677.55336444513
Kane,2046,WSLE,181.04079552968398
Kane,2047,AGRI,160.10724361910977
Kane,2047,CONS,360.860733072282
Kane,2047,FOOD,1186.53115819997
Kane,2047,GVED,1016.7798064352902
Kane,2047,HLTH,224.23814208415
Kane,2047,MANU,219.581698483544
Kane,2047,MING,42.6930286804344
Kane,2047,OFFI,416.74112536731855
Kane,2047,OTHR,2897.615449190932
Kane,2047,RETL,685.033563193975
Kane,2047,WSLE,179.90342259542052
Kane,2048,AGRI,159.96050371378865
Kane,2048,CONS,371.167669772645
Kane,2048,FOOD,1185.58147722363
Kane,2048,GVED,1030.9276168459637
Kane,2048,HLTH,226.93588262327
Kane,2048,MANU,222.29105951882
Kane,2048,MING,43.6232836866978
Kane,2048,OFFI,421.2105277511317
Kane,2048,OTHR,2913.452918845855
Kane,2048,RETL,690.850287516844
Kane,2048,WSLE,179.74233180752591
Kane,2049,AGRI,159.8187691839181
Kane,2049,CONS,383.494661383838
Kane,2049,FOOD,1185.61981518682
Kane,2049,GVED,1041.284885115293
Kane,2049,HLTH,230.777113427136
Kane,2049,MANU,224.033275454901
Kane,2049,MING,44.5531580217072
Kane,2049,OFFI,426.6518815690433
Kane,2049,OTHR,2929.3286380741947
Kane,2049,RETL,698.087914869868
Kane,2049,WSLE,178.6173896084907
Kane,2050,AGRI,158.71671011284604
Kane,2050,CONS,397.797913300365
Kane,2050,FOOD,1185.75068065253
Kane,2050,GVED,1052.868264632888
Kane,2050,HLTH,233.451049188295
Kane,2050,MANU,226.752689006346
Kane,2050,MING,44.5156534678803
Kane,2050,OFFI,431.1363693056507
Kane,2050,OTHR,2949.204813691613
Kane,2050,RETL,704.487916575979
Kane,2050,WSLE,179.4399280875125
Kane,2051,AGRI,158.57677713088185
Kane,2051,CONS,412.706471772551
Kane,2051,FOOD,1185.67698888638
Kane,2051,GVED,1060.6389328899443
Kane,2051,HLTH,236.028648899347
Kane,2051,MANU,229.450862564352
Kane,2051,MING,45.4433188982228
Kane,2051,OFFI,436.5558977099598
Kane,2051,OTHR,2967.834332700394
Kane,2051,RETL,713.415458772364
Kane,2051,WSLE,177.3449839208124
Kane,2052,AGRI,158.4408030434943
Kane,2052,CONS,428.916315747547
Kane,2052,FOOD,1185.61405491755
Kane,2052,GVED,1069.9137698939571
Kane,2052,HLTH,239.621965934466
Kane,2052,MANU,231.183865751994
Kane,2052,MING,46.3704218640047
Kane,2052,OFFI,440.04280649364887
Kane,2052,OTHR,2985.520049769222
Kane,2052,RETL,719.895043712282
Kane,2052,WSLE,176.2232868283092
Kane,2053,AGRI,157.34258039302537
Kane,2053,CONS,445.475491710608
Kane,2053,FOOD,1186.52418219042
Kane,2053,GVED,1077.225182479116
Kane,2053,HLTH,241.966397005939
Kane,2053,MANU,233.883443841713
Kane,2053,MING,46.3315044713269
Kane,2053,OFFI,442.56560264467225
Kane,2053,OTHR,3006.116456930922
Kane,2053,RETL,728.695459366465
Kane,2053,WSLE,177.03682895153662
Kane,2054,AGRI,157.21281058483532
Kane,2054,CONS,461.819788049507
Kane,2054,FOOD,1186.47382369959
Kane,2054,GVED,1085.05536411668
Kane,2054,HLTH,244.00649876252
Kane,2054,MANU,235.617512086243
Kane,2054,MING,47.2577472842294
Kane,2054,OFFI,444.1252574353086
Kane,2054,OTHR,3025.7475342472226
Kane,2054,RETL,737.017705436462
Kane,2054,WSLE,175.9222218377071
Kane,2055,AGRI,156.1225666493806
Kane,2055,CONS,479.870279965067
Kane,2055,FOOD,1186.46008378006
Kane,2055,GVED,1092.8348798895681
Kane,2055,HLTH,246.885885823538
Kane,2055,MANU,237.354817087444
Kane,2055,MING,47.2196834942927
Kane,2055,OFFI,446.6555344565435
Kane,2055,OTHR,3043.499495231234
Kane,2055,RETL,743.182343715897
Kane,2055,WSLE,175.7776810738407
Kane,2056,AGRI,155.99791511677523
Kane,2056,CONS,493.290197808674
Kane,2056,FOOD,1183.61195031224
Kane,2056,GVED,1099.0105769620309
Kane,2056,HLTH,248.566819871036
Kane,2056,MANU,238.128191504289
Kane,2056,MING,47.1819320729478
Kane,2056,OFFI,448.2224721447264
Kane,2056,OTHR,3063.204377912926
Kane,2056,RETL,747.80703219613
Kane,2056,WSLE,175.6358642369579
Kane,2057,AGRI,155.86931227100024
Kane,2057,CONS,502.347501609123
Kane,2057,FOOD,1179.7228945446
Kane,2057,GVED,1105.2095555020503
Kane,2057,HLTH,251.138561390482
Kane,2057,MANU,239.856205083008
Kane,2057,MING,46.1809044452138
Kane,2057,OFFI,448.81239128261376
Kane,2057,OTHR,3080.844197477003
Kane,2057,RETL,750.775063909499
Kane,2057,WSLE,175.4884995817507
Kane,2058,AGRI,154.7800401549499
Kane,2058,CONS,508.452024294917
Kane,2058,FOOD,1176.80420897116
Kane,2058,GVED,1108.1440693051925
Kane,2058,HLTH,253.619407997698
Kane,2058,MANU,241.582307391089
Kane,2058,MING,46.142980803469
Kane,2058,OFFI,452.2866381761165
Kane,2058,OTHR,3099.427957696389
Kane,2058,RETL,754.573741283748
Kane,2058,WSLE,176.3033512567811
Kane,2059,AGRI,154.65382037690878
Kane,2059,CONS,513.761651381954
Kane,2059,FOOD,1172.93577486433
Kane,2059,GVED,1112.2705086404471
Kane,2059,HLTH,254.910730813093
Kane,2059,MANU,242.346444082957
Kane,2059,MING,45.1447888545836
Kane,2059,OFFI,453.83642595012464
Kane,2059,OTHR,3118.961917612712
Kane,2059,RETL,757.896911133336
Kane,2059,WSLE,175.1969144992944
Kane,2060,AGRI,153.57012372250333
Kane,2060,CONS,519.546224000794
Kane,2060,FOOD,1169.0862009097
Kane,2060,GVED,1118.539846969694
Kane,2060,HLTH,257.369237779982
Kane,2060,MANU,244.072503711126
Kane,2060,MING,45.108598161988
Kane,2060,OFFI,455.3899437586358
Kane,2060,OTHR,3137.5513113051347
Kane,2060,RETL,760.018928498794
Kane,2060,WSLE,176.0142937434987
Kane,2061,AGRI,153.44555580564023
Kane,2061,CONS,525.43365364386
Kane,2061,FOOD,1166.21990676793
Kane,2061,GVED,1123.3470772575201
Kane,2061,HLTH,259.193594347708
Kane,2061,MANU,245.792518669386
Kane,2061,MING,45.0720084662227
Kane,2061,OFFI,457.8975460445113
Kane,2061,OTHR,3157.063222862962
Kane,2061,RETL,763.771082323694
Kane,2061,WSLE,174.9125235133514
Kane,2062,AGRI,153.32414539303005
Kane,2062,CONS,530.767343918054
Kane,2062,FOOD,1163.38068495911
Kane,2062,GVED,1130.1241577413996
Kane,2062,HLTH,261.863227164814
Kane,2062,MANU,247.514516780965
Kane,2062,MING,45.0363462333458
Kane,2062,OFFI,460.4099587411905
Kane,2062,OTHR,3178.5212164792238
Kane,2062,RETL,766.999717340365
Kane,2062,WSLE,174.7741278358816
Kane,2063,AGRI,152.24710583878073
Kane,2063,CONS,536.098443360926
Kane,2063,FOOD,1161.51609208954
Kane,2063,GVED,1136.9029131413163
Kane,2063,HLTH,264.531521819687
Kane,2063,MANU,249.236508437695
Kane,2063,MING,45.001230848814
Kane,2063,OFFI,461.96595324373845
Kane,2063,OTHR,3199.022665669294
Kane,2063,RETL,772.146623540993
Kane,2063,WSLE,174.6378543319573
Kane,2064,AGRI,152.1299954752533
Kane,2064,CONS,540.469841521808
Kane,2064,FOOD,1159.66588514704
Kane,2064,GVED,1142.7256737418204
Kane,2064,HLTH,266.241549584758
Kane,2064,MANU,250.958301316904
Kane,2064,MING,44.9666153434822
Kane,2064,OFFI,464.4808663410999
Kane,2064,OTHR,3220.480796416355
Kane,2064,RETL,777.293204859343
Kane,2064,WSLE,174.5035207267704
Kane,2065,AGRI,152.01462173069817
Kane,2065,CONS,544.84009881153
Kane,2065,FOOD,1157.83037831646
Kane,2065,GVED,1149.5072729828692
Kane,2065,HLTH,268.907721136851
Kane,2065,MANU,252.680034763948
Kane,2065,MING,44.9325131483436
Kane,2065,OFFI,466.9966953376648
Kane,2065,OTHR,3241.939137467273
Kane,2065,RETL,782.439886624947
Kane,2065,WSLE,173.4151503870731
Millard,2023,AGRI,1292.0
Millard,2023,CONS,460.0
Millard,2023,FOOD,375.0
Millard,2023,GVED,1180.0
Millard,2023,HLTH,696.0
Millard,2023,MANU,297.0
Millard,2023,MING,137.0
Millard,2023,OFFI,269.0
Millard,2023,OTHR,1652.0
Millard,2023,RETL,875.0
Millard,2023,WSLE,752.0
Millard,2024,AGRI,1296.0
Millard,2024,CONS,554.0
Millard,2024,FOOD,393.0
Millard,2024,GVED,1217.0
Millard,2024,HLTH,711.0
Millard,2024,MANU,299.0
Millard,2024,MING,106.0
Millard,2024,OFFI,474.0
Millard,2024,OTHR,1632.0
Millard,2024,RETL,920.0
Millard,2024,WSLE,772.0
Millard,2025,AGRI,1291.8520248047068
Millard,2025,CONS,554.542270393816
Millard,2025,FOOD,390.442925660804
Millard,2025,GVED,1227.9744142032057
Millard,2025,HLTH,740.146162535368
Millard,2025,MANU,304.543122410321
Millard,2025,MING,104.821010726478
Millard,2025,OFFI,480.2669714401693
Millard,2025,OTHR,1646.6874773846987
Millard,2025,RETL,924.766041591924
Millard,2025,WSLE,770.8635720217769
Millard,2026,AGRI,1292.721399595142
Millard,2026,CONS,552.870477871187
Millard,2026,FOOD,391.873316003534
Millard,2026,GVED,1235.131463605958
Millard,2026,HLTH,761.032918450946
Millard,2026,MANU,307.087162906235
Millard,2026,MING,106.617096692096
Millard,2026,OFFI,474.57028782597644
Millard,2026,OTHR,1663.3154646032542
Millard,2026,RETL,924.076492255174
Millard,2026,WSLE,759.7038560398261
Millard,2027,AGRI,1286.758280944946
Millard,2027,CONS,550.701812866293
Millard,2027,FOOD,390.479647925678
Millard,2027,GVED,1238.4995970231444
Millard,2027,HLTH,775.679328235246
Millard,2027,MANU,308.713299531364
Millard,2027,MING,107.447118844939
Millard,2027,OFFI,470.0191793222588
Millard,2027,OTHR,1670.8118443680016
Millard,2027,RETL,925.504444974155
Millard,2027,WSLE,753.0219081817199
Millard,2028,AGRI,1279.781450841946
Millard,2028,CONS,552.134356796746
Millard,2028,FOOD,388.994575208889
Millard,2028,GVED,1242.3231452815107
Millard,2028,HLTH,786.756919629621
Millard,2028,MANU,311.242809804936
Millard,2028,MING,102.290992717572
Millard,2028,OFFI,469.38010459598155
Millard,2028,OTHR,1694.4684111683196
Millard,2028,RETL,923.094938329681
Millard,2028,WSLE,743.079377215018
Millard,2029,AGRI,1273.894058700355
Millard,2029,CONS,554.498088692437
Millard,2029,FOOD,385.598874981116
Millard,2029,GVED,1247.741791204335
Millard,2029,HLTH,795.480779091277
Millard,2029,MANU,315.783153721705
Millard,2029,MING,96.1830889225107
Millard,2029,OFFI,469.79046470421775
Millard,2029,OTHR,1730.2114688740835
Millard,2029,RETL,922.883217416875
Millard,2029,WSLE,733.2802765676901
Millard,2030,AGRI,1267.077034720279
Millard,2030,CONS,556.029468733587
Millard,2030,FOOD,381.257320068498
Millard,2030,GVED,1251.1120072908275
Millard,2030,HLTH,806.173980145781
Millard,2030,MANU,321.315060888781
Millard,2030,MING,93.078147375053
Millard,2030,OFFI,471.2298197767499
Millard,2030,OTHR,1764.111269674138
Millard,2030,RETL,926.628460949691
Millard,2030,WSLE,723.535521167079
Millard,2031,AGRI,1261.250371547606
Millard,2031,CONS,556.727596239086
Millard,2031,FOOD,374.891246305591
Millard,2031,GVED,1250.9841850665414
Millard,2031,HLTH,815.836999715476
Millard,2031,MANU,326.801112141579
Millard,2031,MING,92.9395609483439
Millard,2031,OFFI,473.6174092649092
Millard,2031,OTHR,1790.8102853132193
Millard,2031,RETL,930.608119296125
Millard,2031,WSLE,716.671451305697
Millard,2032,AGRI,1256.513299625488
Millard,2032,CONS,558.661749435989
Millard,2032,FOOD,368.620870939268
Millard,2032,GVED,1251.8724447088948
Millard,2032,HLTH,823.682100541264
Millard,2032,MANU,331.324012131194
Millard,2032,MING,96.7707789543283
Millard,2032,OFFI,474.06690012451656
Millard,2032,OTHR,1813.8947354481602
Millard,2032,RETL,933.582441150581
Millard,2032,WSLE,709.003806175131
Millard,2033,AGRI,1256.774445655987
Millard,2033,CONS,562.493602434313
Millard,2033,FOOD,366.414798103629
Millard,2033,GVED,1252.0907075613745
Millard,2033,HLTH,829.421362670228
Millard,2033,MANU,334.895303105104
Millard,2033,MING,100.590535568543
Millard,2033,OFFI,475.5896095827667
Millard,2033,OTHR,1838.0517453594175
Millard,2033,RETL,935.429318746169
Millard,2033,WSLE,699.613169827839
Millard,2034,AGRI,1258.265792010169
Millard,2034,CONS,567.81672520523
Millard,2034,FOOD,366.642021801102
Millard,2034,GVED,1255.1436811148171
Millard,2034,HLTH,837.614195753562
Millard,2034,MANU,338.640229946946
Millard,2034,MING,104.457556123516
Millard,2034,OFFI,480.4860722752142
Millard,2034,OTHR,1870.2280898229237
Millard,2034,RETL,936.916472532326
Millard,2034,WSLE,690.05885856227
Millard,2035,AGRI,1256.199546353528
Millard,2035,CONS,571.6216393255
Millard,2035,FOOD,360.486557371775
Millard,2035,GVED,1254.501881266147
Millard,2035,HLTH,841.203079539213
Millard,2035,MANU,341.784256094168
Millard,2035,MING,105.202562140381
Millard,2035,OFFI,484.02393957569046
Millard,2035,OTHR,1868.9015399779814
Millard,2035,RETL,935.045235080707
Millard,2035,WSLE,679.873241736734
Millard,2036,AGRI,1256.500318708105
Millard,2036,CONS,575.365458943116
Millard,2036,FOOD,360.106087435579
Millard,2036,GVED,1257.073740667942
Millard,2036,HLTH,845.624424641107
Millard,2036,MANU,347.232168430968
Millard,2036,MING,104.070937926859
Millard,2036,OFFI,487.34193393062765
Millard,2036,OTHR,1890.3659213939004
Millard,2036,RETL,935.500111665994
Millard,2036,WSLE,673.2452346766361
Millard,2037,AGRI,1255.9020851883151
Millard,2037,CONS,576.956269240964
Millard,2037,FOOD,361.701465633719
Millard,2037,GVED,1263.3346083980996
Millard,2037,HLTH,850.869991632234
Millard,2037,MANU,352.698539588709
Millard,2037,MING,103.936536260199
Millard,2037,OFFI,490.69915544821583
Millard,2037,OTHR,1914.8302820345639
Millard,2037,RETL,938.679709240463
Millard,2037,WSLE,668.655304415103
Millard,2038,AGRI,1254.388441080705
Millard,2038,CONS,579.362652294995
Millard,2038,FOOD,361.354586609862
Millard,2038,GVED,1267.2508098496533
Millard,2038,HLTH,857.489358681309
Millard,2038,MANU,357.193581531307
Millard,2038,MING,103.809520217955
Millard,2038,OFFI,493.0992185087176
Millard,2038,OTHR,1941.2882362172134
Millard,2038,RETL,941.964143939393
Millard,2038,WSLE,666.0677980454919
Millard,2039,AGRI,1253.8855035371569
Millard,2039,CONS,580.766494669241
Millard,2039,FOOD,361.987671179632
Millard,2039,GVED,1270.3728333379472
Millard,2039,HLTH,864.190751335058
Millard,2039,MANU,361.68498391634
Millard,2039,MING,103.685863294994
Millard,2039,OFFI,494.5263091940002
Millard,2039,OTHR,1965.7399570769226
Millard,2039,RETL,946.223988532162
Millard,2039,WSLE,662.511765025374
Millard,2040,AGRI,1252.451545720585
Millard,2040,CONS,583.503803911749
Millard,2040,FOOD,362.653551559685
Millard,2040,GVED,1277.2839459609277
Millard,2040,HLTH,872.855716062597
Millard,2040,MANU,366.184312953841
Millard,2040,MING,103.569567976511
Millard,2040,OFFI,495.976571889866
Millard,2040,OTHR,1987.3574552286113
Millard,2040,RETL,951.897047240762
Millard,2040,WSLE,659.024987395239
Millard,2041,AGRI,1251.021244587247
Millard,2041,CONS,585.219529404706
Millard,2041,FOOD,363.305013597322
Millard,2041,GVED,1282.02206975981
Millard,2041,HLTH,881.016175771728
Millard,2041,MANU,369.693509476702
Millard,2041,MING,104.429797328917
Millard,2041,OFFI,497.41969696565195
Millard,2041,OTHR,2008.8768479653706
Millard,2041,RETL,958.160316211492
Millard,2041,WSLE,657.4820250394939
Millard,2042,AGRI,1249.6139358616829
Millard,2042,CONS,587.527474219719
Millard,2042,FOOD,362.960437891482
Millard,2042,GVED,1287.4704220447086
Millard,2042,HLTH,889.761811397723
Millard,2042,MANU,373.188480618636
Millard,2042,MING,105.286630212569
Millard,2042,OFFI,500.803348334692
Millard,2042,OTHR,2026.346458044776
Millard,2042,RETL,962.099568804021
Millard,2042,WSLE,653.941023354418
Millard,2043,AGRI,1246.307994675401
Millard,2043,CONS,589.366653666737
Millard,2043,FOOD,363.625318075153
Millard,2043,GVED,1297.8144036936826
Millard,2043,HLTH,896.907301190154
Millard,2043,MANU,375.724933853399
Millard,2043,MING,106.148560680017
Millard,2043,OFFI,504.20609480852215
Millard,2043,OTHR,2045.902545611989
Millard,2043,RETL,968.119161178329
Millard,2043,WSLE,650.477690269207
Millard,2044,AGRI,1244.989383223194
Millard,2044,CONS,592.48831471405
Millard,2044,FOOD,363.314880402118
Millard,2044,GVED,1306.242950928239
Millard,2044,HLTH,905.481211810304
Millard,2044,MANU,379.234668957737
Millard,2044,MING,106.037358312575
Millard,2044,OFFI,507.6093196722574
Millard,2044,OTHR,2064.439536248744
Millard,2044,RETL,973.538526919656
Millard,2044,WSLE,649.9339702765479
Millard,2045,AGRI,1242.759879042679
Millard,2045,CONS,598.263758383298
Millard,2045,FOOD,363.99025949682
Millard,2045,GVED,1313.2257105590506
Millard,2045,HLTH,913.930578700993
Millard,2045,MANU,382.757235438068
Millard,2045,MING,105.932329840758
Millard,2045,OFFI,510.05710813869183
Millard,2045,OTHR,2082.070826899203
Millard,2045,RETL,979.836536228613
Millard,2045,WSLE,646.514280038141
Millard,2046,AGRI,1241.5409692084772
Millard,2046,CONS,607.296043458802
Millard,2046,FOOD,363.686452277148
Millard,2046,GVED,1321.6725536929014
Millard,2046,HLTH,924.046066466549
Millard,2046,MANU,386.276694196249
Millard,2046,MING,105.828821860786
Millard,2046,OFFI,515.4189396304816
Millard,2046,OTHR,2098.672031830877
Millard,2046,RETL,987.418384518205
Millard,2046,WSLE,646.966311625415
Millard,2047,AGRI,1239.403442027471
Millard,2047,CONS,616.841611642367
Millard,2047,FOOD,364.363525056208
Millard,2047,GVED,1329.3535248987773
Millard,2047,HLTH,933.25372947605
Millard,2047,MANU,389.804903530435
Millard,2047,MING,106.700404923395
Millard,2047,OFFI,521.7588738473116
Millard,2047,OTHR,2112.405790978786
Millard,2047,RETL,993.973171096493
Millard,2047,WSLE,645.500593900784
Millard,2048,AGRI,1237.306896648117
Millard,2048,CONS,629.220739775622
Millard,2048,FOOD,364.076054661767
Millard,2048,GVED,1338.2154595858342
Millard,2048,HLTH,941.00582118022
Millard,2048,MANU,394.307768705188
Millard,2048,MING,108.543325542474
Millard,2048,OFFI,529.0697044077914
Millard,2048,OTHR,2119.379929537037
Millard,2048,RETL,1000.35456441593
Millard,2048,WSLE,644.052923575518
Millard,2049,AGRI,1236.21870011002
Millard,2049,CONS,642.467541725342
Millard,2049,FOOD,363.795574666969
Millard,2049,GVED,1346.629393462813
Millard,2049,HLTH,950.317026638722
Millard,2049,MANU,397.844351630553
Millard,2049,MING,109.417484184542
Millard,2049,OFFI,536.3796884592068
Millard,2049,OTHR,2132.196053928891
Millard,2049,RETL,1007.50390911342
Millard,2049,WSLE,642.61729030027
Millard,2050,AGRI,1234.228150326162
Millard,2050,CONS,655.576947780943
Millard,2050,FOOD,363.553179992478
Millard,2050,GVED,1353.857573377572
Millard,2050,HLTH,959.37631041655
Millard,2050,MANU,402.371212062722
Millard,2050,MING,111.266040785384
Millard,2050,OFFI,541.7754276162249
Millard,2050,OTHR,2142.282859411079
Millard,2050,RETL,1014.75236270063
Millard,2050,WSLE,642.222100877358
Millard,2051,AGRI,1230.2316590298599
Millard,2051,CONS,669.806551784946
Millard,2051,FOOD,364.198141283498
Millard,2051,GVED,1358.1417698309706
Millard,2051,HLTH,968.662488078345
Millard,2051,MANU,406.841389639674
Millard,2051,MING,113.098132787961
Millard,2051,OFFI,547.1031510329773
Millard,2051,OTHR,2152.914198904078
Millard,2051,RETL,1021.57438771971
Millard,2051,WSLE,640.6947129283631
Millard,2052,AGRI,1228.207815254861
Millard,2052,CONS,684.815474142944
Millard,2052,FOOD,363.882563787813
Millard,2052,GVED,1363.2902827565713
Millard,2052,HLTH,976.754591441445
Millard,2052,MANU,410.349688118895
Millard,2052,MING,113.964482131424
Millard,2052,OFFI,550.5009687555697
Millard,2052,OTHR,2161.657955747199
Millard,2052,RETL,1028.96868013839
Millard,2052,WSLE,640.154634326938
Millard,2053,AGRI,1226.210250557833
Millard,2053,CONS,699.169416012202
Millard,2053,FOOD,363.571363989338
Millard,2053,GVED,1368.8595310782541
Millard,2053,HLTH,984.567119743192
Millard,2053,MANU,413.860040925162
Millard,2053,MING,115.797049390399
Millard,2053,OFFI,551.9696255970222
Millard,2053,OTHR,2172.351301226788
Millard,2053,RETL,1036.22449071013
Millard,2053,WSLE,640.586919329186
Millard,2054,AGRI,1223.2699312045459
Millard,2054,CONS,712.645147201366
Millard,2054,FOOD,363.263031371434
Millard,2054,GVED,1374.0467148742985
Millard,2054,HLTH,992.202516089167
Millard,2054,MANU,417.371697299041
Millard,2054,MING,117.628843259212
Millard,2054,OFFI,553.4418380137189
Millard,2054,OTHR,2181.12808695832
Millard,2054,RETL,1042.31393720658
Millard,2054,WSLE,640.060876614367
Millard,2055,AGRI,1219.398138996539
Millard,2055,CONS,725.517836496286
Millard,2055,FOOD,362.96972765029
Millard,2055,GVED,1376.4842586454672
Millard,2055,HLTH,998.310049200513
Millard,2055,MANU,419.926965402564
Millard,2055,MING,118.498080560982
Millard,2055,OFFI,553.9616401493114
Millard,2055,OTHR,2189.009803057311
Millard,2055,RETL,1047.23590776852
Millard,2055,WSLE,640.526655220124
Millard,2056,AGRI,1216.513211716813
Millard,2056,CONS,733.507058653723
Millard,2056,FOOD,361.742069502978
Millard,2056,GVED,1377.8770471348544
Millard,2056,HLTH,1003.24586703523
Millard,2056,MANU,422.492389166141
Millard,2056,MING,118.408403229283
Millard,2056,OFFI,554.4972501613295
Millard,2056,OTHR,2197.0182604999
Millard,2056,RETL,1050.78920318044
Millard,2056,WSLE,643.9353129755
Millard,2057,AGRI,1213.588091364052
Millard,2057,CONS,736.884970857324
Millard,2057,FOOD,359.518501891235
Millard,2057,GVED,1381.138779365967
Millard,2057,HLTH,1006.45494001152
Millard,2057,MANU,424.068539279738
Millard,2057,MING,116.38722157961
Millard,2057,OFFI,555.0021879014732
Millard,2057,OTHR,2205.783363556394
Millard,2057,RETL,1052.63761486316
Millard,2057,WSLE,644.375169105982
Millard,2058,AGRI,1210.673483235275
Millard,2058,CONS,740.31337026846
Millard,2058,FOOD,358.262719466758
Millard,2058,GVED,1382.3847219657746
Millard,2058,HLTH,1008.75859202555
Millard,2058,MANU,427.567901152517
Millard,2058,MING,115.331701807439
Millard,2058,OFFI,555.5080105390764
Millard,2058,OTHR,2213.594930731842
Millard,2058,RETL,1053.57511592645
Millard,2058,WSLE,645.7831962079811
Millard,2059,AGRI,1206.809185958325
Millard,2059,CONS,742.635890365767
Millard,2059,FOOD,356.052190877331
Millard,2059,GVED,1384.0369438688292
Millard,2059,HLTH,1010.47681858516
Millard,2059,MANU,430.103461505369
Millard,2059,MING,114.278715187097
Millard,2059,OFFI,556.0145504851025
Millard,2059,OTHR,2220.449455929196
Millard,2059,RETL,1054.72513688414
Millard,2059,WSLE,647.191684813651
Millard,2060,AGRI,1202.967717480703
Millard,2060,CONS,745.27232455096
Millard,2060,FOOD,354.811014241073
Millard,2060,GVED,1389.3446580177397
Millard,2060,HLTH,1011.36682338171
Millard,2060,MANU,432.6408798904
Millard,2060,MING,114.188953711451
Millard,2060,OFFI,555.566881176106
Millard,2060,OTHR,2227.326505773768
Millard,2060,RETL,1056.15708832512
Millard,2060,WSLE,648.605417534621
Millard,2061,AGRI,1200.073940454655
Millard,2061,CONS,748.314906548341
Millard,2061,FOOD,353.564213620415
Millard,2061,GVED,1391.6403500141532
Millard,2061,HLTH,1012.02747357275
Millard,2061,MANU,435.166935006995
Millard,2061,MING,114.096329705246
Millard,2061,OFFI,555.1162348694629
Millard,2061,OTHR,2234.150788136953
Millard,2061,RETL,1057.37853407705
Millard,2061,WSLE,649.038300111699
Millard,2062,AGRI,1197.207932388146
Millard,2062,CONS,751.555770923291
Millard,2062,FOOD,352.326225721187
Millard,2062,GVED,1396.2886733393966
Millard,2062,HLTH,1013.14320517148
Millard,2062,MANU,438.655570809624
Millard,2062,MING,114.006053500151
Millard,2062,OFFI,554.6770113887416
Millard,2062,OTHR,2244.840159733276
Millard,2062,RETL,1059.41662066029
Millard,2062,WSLE,649.4830008789729
Millard,2063,AGRI,1193.401982281352
Millard,2063,CONS,753.842246371799
Millard,2063,FOOD,351.094021835063
Millard,2063,GVED,1400.9449153205699
Millard,2063,HLTH,1014.26822686839
Millard,2063,MANU,441.186018333267
Millard,2063,MING,113.917161599665
Millard,2063,OFFI,554.244523006027
Millard,2063,OTHR,2252.664739290412
Millard,2063,RETL,1060.50556241479
Millard,2063,WSLE,651.849063702348
Millard,2064,AGRI,1189.613739621278
Millard,2064,CONS,756.132644601668
Millard,2064,FOOD,349.867201608097
Millard,2064,GVED,1404.651062840604
Millard,2064,HLTH,1014.44479350654
Millard,2064,MANU,444.673669962018
Millard,2064,MING,113.829535105003
Millard,2064,OFFI,553.8181912395537
Millard,2064,OTHR,2262.413013782879
Millard,2064,RETL,1061.60331706807
Millard,2064,WSLE,651.347653311687
Millard,2065,AGRI,1186.799491906122
Millard,2065,CONS,759.383316796749
Millard,2065,FOOD,349.601866103285
Millard,2065,GVED,1409.3219631863387
Millard,2065,HLTH,1015.58750704863
Millard,2065,MANU,447.204520522268
Millard,2065,MING,113.743208015694
Millard,2065,OFFI,553.3981815082293
Millard,2065,OTHR,2273.125598022165
Millard,2065,RETL,1062.71026609551
Millard,2065,WSLE,652.76573580104
Morgan,2023,AGRI,457.0
Morgan,2023,CONS,816.0
Morgan,2023,FOOD,230.0
Morgan,2023,GVED,841.0
Morgan,2023,HLTH,194.0
Morgan,2023,MANU,201.0
Morgan,2023,MING,80.0
Morgan,2023,OFFI,491.0
Morgan,2023,OTHR,2111.0
Morgan,2023,RETL,566.0
Morgan,2023,WSLE,272.0
Morgan,2024,AGRI,457.0
Morgan,2024,CONS,900.0
Morgan,2024,FOOD,318.0
Morgan,2024,GVED,910.0
Morgan,2024,HLTH,198.0
Morgan,2024,MANU,211.0
Morgan,2024,MING,70.0
Morgan,2024,OFFI,528.0
Morgan,2024,OTHR,2018.0
Morgan,2024,RETL,585.0
Morgan,2024,WSLE,279.0
Morgan,2025,AGRI,455.246428155382
Morgan,2025,CONS,927.0442625946
Morgan,2025,FOOD,316.596387909154
Morgan,2025,GVED,923.281685116438
Morgan,2025,HLTH,207.457518351631
Morgan,2025,MANU,213.716106461931
Morgan,2025,MING,68.8877381156222
Morgan,2025,OFFI,533.3652469285172
Morgan,2025,OTHR,2049.011911380668
Morgan,2025,RETL,584.886434465703
Morgan,2025,WSLE,279.7155009998504
Morgan,2026,AGRI,454.49652967326904
Morgan,2026,CONS,954.441377712704
Morgan,2026,FOOD,318.060108718034
Morgan,2026,GVED,929.2630931641611
Morgan,2026,HLTH,214.005480827974
Morgan,2026,MANU,215.351077002345
Morgan,2026,MING,70.767434514066
Morgan,2026,OFFI,525.5073369405642
Morgan,2026,OTHR,2073.489615764858
Morgan,2026,RETL,583.006482046164
Morgan,2026,WSLE,281.2330078128299
Morgan,2027,AGRI,451.83122340372904
Morgan,2027,CONS,977.925022664889
Morgan,2027,FOOD,316.974059252501
Morgan,2027,GVED,938.294150745425
Morgan,2027,HLTH,219.951919116214
Morgan,2027,MANU,216.324554731041
Morgan,2027,MING,71.6622315406372
Morgan,2027,OFFI,521.5406117836837
Morgan,2027,OTHR,2102.161206847361
Morgan,2027,RETL,587.664010445529
Morgan,2027,WSLE,281.5049117983029
Morgan,2028,AGRI,449.143511923726
Morgan,2028,CONS,1001.91228643856
Morgan,2028,FOOD,316.675943591214
Morgan,2028,GVED,944.3328942677008
Morgan,2028,HLTH,223.933206411364
Morgan,2028,MANU,218.05168265754
Morgan,2028,MING,68.5725167965095
Morgan,2028,OFFI,520.1175975046415
Morgan,2028,OTHR,2134.630223348194
Morgan,2028,RETL,589.381072297727
Morgan,2028,WSLE,280.31619768973496
Morgan,2029,AGRI,445.499513250875
Morgan,2029,CONS,1025.42517630333
Morgan,2029,FOOD,315.440258323161
Morgan,2029,GVED,951.9418828181122
Morgan,2029,HLTH,228.681042034535
Morgan,2029,MANU,220.802365621086
Morgan,2029,MING,63.5121040859833
Morgan,2029,OFFI,520.7500658971516
Morgan,2029,OTHR,2160.894231267564
Morgan,2029,RETL,593.809773845562
Morgan,2029,WSLE,279.2218675689421
Morgan,2030,AGRI,442.87083224746
Morgan,2030,CONS,1039.71599806624
Morgan,2030,FOOD,312.267097290556
Morgan,2030,GVED,956.6806361468122
Morgan,2030,HLTH,233.517961869349
Morgan,2030,MANU,224.536379058623
Morgan,2030,MING,62.4308517626087
Morgan,2030,OFFI,522.5250816382895
Morgan,2030,OTHR,2175.6486843543216
Morgan,2030,RETL,600.750089457653
Morgan,2030,WSLE,279.1462924748646
Morgan,2031,AGRI,441.22727709842
Morgan,2031,CONS,1048.19316896805
Morgan,2031,FOOD,308.006064981971
Morgan,2031,GVED,959.3211170246203
Morgan,2031,HLTH,238.084331482181
Morgan,2031,MANU,228.175036545003
Morgan,2031,MING,62.338649559429
Morgan,2031,OFFI,525.1575659037087
Morgan,2031,OTHR,2188.6040717542282
Morgan,2031,RETL,607.55587987199
Morgan,2031,WSLE,277.8870003203222
Morgan,2032,AGRI,438.636767070857
Morgan,2032,CONS,1057.65733513391
Morgan,2032,FOOD,304.891235947007
Morgan,2032,GVED,962.9428243816408
Morgan,2032,HLTH,241.753675097773
Morgan,2032,MANU,231.894271949064
Morgan,2032,MING,65.2167899219996
Morgan,2032,OFFI,525.90447321983
Morgan,2032,OTHR,2212.582326481138
Morgan,2032,RETL,614.189344339797
Morgan,2032,WSLE,277.8109599631206
Morgan,2033,AGRI,439.035399525134
Morgan,2033,CONS,1071.13104473183
Morgan,2033,FOOD,304.02715424834
Morgan,2033,GVED,966.6107456506732
Morgan,2033,HLTH,246.314072781381
Morgan,2033,MANU,234.709161801813
Morgan,2033,MING,68.0898941421083
Morgan,2033,OFFI,531.9522110062165
Morgan,2033,OTHR,2240.2959549811367
Morgan,2033,RETL,619.956778743588
Morgan,2033,WSLE,276.9781960533644
Morgan,2034,AGRI,439.538895319501
Morgan,2034,CONS,1092.2037854084
Morgan,2034,FOOD,310.235043045059
Morgan,2034,GVED,977.8591902744803
Morgan,2034,HLTH,251.082437492692
Morgan,2034,MANU,236.880008492812
Morgan,2034,MING,70.9769827513207
Morgan,2034,OFFI,539.7938689261633
Morgan,2034,OTHR,2290.514075611261
Morgan,2034,RETL,627.69330287164
Morgan,2034,WSLE,277.1261112770083
Morgan,2035,AGRI,438.788534444657
Morgan,2035,CONS,1095.66784247239
Morgan,2035,FOOD,302.217774597276
Morgan,2035,GVED,979.0760578913327
Morgan,2035,HLTH,252.513479113559
Morgan,2035,MANU,238.868692752861
Morgan,2035,MING,71.831453592006
Morgan,2035,OFFI,545.702995511331
Morgan,2035,OTHR,2241.755074879798
Morgan,2035,RETL,625.748337683298
Morgan,2035,WSLE,273.210248544519
Morgan,2036,AGRI,439.19438856114505
Morgan,2036,CONS,1104.44918684049
Morgan,2036,FOOD,302.987543050332
Morgan,2036,GVED,984.3170871947976
Morgan,2036,HLTH,254.922397297828
Morgan,2036,MANU,243.49617797725
Morgan,2036,MING,70.7521348481861
Morgan,2036,OFFI,550.9495554492
Morgan,2036,OTHR,2253.468922509346
Morgan,2036,RETL,630.743540978892
Morgan,2036,WSLE,272.08192862169017
Morgan,2037,AGRI,439.629212268352
Morgan,2037,CONS,1106.94408845802
Morgan,2037,FOOD,305.685767284707
Morgan,2037,GVED,991.8672776426614
Morgan,2037,HLTH,258.480664847366
Morgan,2037,MANU,247.173040593231
Morgan,2037,MING,70.663016229922
Morgan,2037,OFFI,555.3196987708152
Morgan,2037,OTHR,2274.686740878894
Morgan,2037,RETL,636.349935659603
Morgan,2037,WSLE,271.962679512789
Morgan,2038,AGRI,439.104045466063
Morgan,2038,CONS,1107.63471750654
Morgan,2038,FOOD,307.419286093469
Morgan,2038,GVED,1003.2020591969433
Morgan,2038,HLTH,262.254254915738
Morgan,2038,MANU,250.854483174214
Morgan,2038,MING,70.5782910278247
Morgan,2038,OFFI,560.7343754087619
Morgan,2038,OTHR,2309.749155026824
Morgan,2038,RETL,643.38588123327
Morgan,2038,WSLE,271.8562806240846
Morgan,2039,AGRI,438.589366780567
Morgan,2039,CONS,1109.20381634355
Morgan,2039,FOOD,309.138524294224
Morgan,2039,GVED,1014.88220044063
Morgan,2039,HLTH,265.999169253697
Morgan,2039,MANU,254.52619820892
Morgan,2039,MING,70.495507899882
Morgan,2039,OFFI,564.1884931679103
Morgan,2039,OTHR,2343.6524744342587
Morgan,2039,RETL,650.787656731641
Morgan,2039,WSLE,272.706852874088
Morgan,2040,AGRI,438.093597153366
Morgan,2040,CONS,1111.01048664606
Morgan,2040,FOOD,310.892410498928
Morgan,2040,GVED,1025.6775339577339
Morgan,2040,HLTH,268.944607760097
Morgan,2040,MANU,257.250473615588
Morgan,2040,MING,70.4162432232518
Morgan,2040,OFFI,568.7167459056348
Morgan,2040,OTHR,2375.079401909842
Morgan,2040,RETL,659.25104886289
Morgan,2040,WSLE,273.6308841280918
Morgan,2041,AGRI,438.574509105733
Morgan,2041,CONS,1108.30567197399
Morgan,2041,FOOD,312.642399151014
Morgan,2041,GVED,1037.3834222943658
Morgan,2041,HLTH,272.835407832965
Morgan,2041,MANU,259.957076658369
Morgan,2041,MING,70.3371411624076
Morgan,2041,OFFI,573.2190989706819
Morgan,2041,OTHR,2401.434183007559
Morgan,2041,RETL,665.777166726549
Morgan,2041,WSLE,274.52351684767757
Morgan,2042,AGRI,437.10786058469
Morgan,2042,CONS,1108.19658893027
Morgan,2042,FOOD,314.331029928659
Morgan,2042,GVED,1047.2131147794785
Morgan,2042,HLTH,275.80680311798
Morgan,2042,MANU,262.619782629683
Morgan,2042,MING,71.2339109402765
Morgan,2042,OFFI,578.581650124215
Morgan,2042,OTHR,2428.968620856833
Morgan,2042,RETL,672.070298201684
Morgan,2042,WSLE,274.3379545486986
Morgan,2043,AGRI,437.611248956196
Morgan,2043,CONS,1106.03346410508
Morgan,2043,FOOD,316.048947108949
Morgan,2043,GVED,1058.3838691248693
Morgan,2043,HLTH,277.623464325792
Morgan,2043,MANU,265.317941419383
Morgan,2043,MING,72.1318283593965
Morgan,2043,OFFI,583.0402728146796
Morgan,2043,OTHR,2454.0296188029333
Morgan,2043,RETL,678.440318830291
Morgan,2043,WSLE,275.2042937939551
Morgan,2044,AGRI,437.15125235707296
Morgan,2044,CONS,1103.70585808085
Morgan,2044,FOOD,316.780548303408
Morgan,2044,GVED,1068.4254463685454
Morgan,2044,HLTH,280.923968164919
Morgan,2044,MANU,268.001980081546
Morgan,2044,MING,72.0564264112348
Morgan,2044,OFFI,589.4170872714672
Morgan,2044,OTHR,2478.845346281728
Morgan,2044,RETL,684.885208486683
Morgan,2044,WSLE,276.03947913747277
Morgan,2045,AGRI,436.713207519427
Morgan,2045,CONS,1105.002151956
Morgan,2045,FOOD,317.527173700471
Morgan,2045,GVED,1077.2681332149796
Morgan,2045,HLTH,283.123975096144
Morgan,2045,MANU,270.701429198194
Morgan,2045,MING,71.0125201811536
Morgan,2045,OFFI,594.8488695763457
Morgan,2045,OTHR,2500.892457593902
Morgan,2045,RETL,690.662854628043
Morgan,2045,WSLE,276.899741567229
Morgan,2046,AGRI,436.286723219847
Morgan,2046,CONS,1112.82109525676
Morgan,2046,FOOD,318.233238663801
Morgan,2046,GVED,1086.9353777228948
Morgan,2046,HLTH,286.405017392814
Morgan,2046,MANU,274.34999973237
Morgan,2046,MING,71.9148069915598
Morgan,2046,OFFI,603.1296962225846
Morgan,2046,OTHR,2522.452977436193
Morgan,2046,RETL,696.603331033229
Morgan,2046,WSLE,277.70162343635263
Morgan,2047,AGRI,435.87853797795003
Morgan,2047,CONS,1123.16391334414
Morgan,2047,FOOD,318.944194245192
Morgan,2047,GVED,1094.2573355801785
Morgan,2047,HLTH,288.60871959456
Morgan,2047,MANU,277.034904438246
Morgan,2047,MING,71.8479440784351
Morgan,2047,OFFI,613.3519126719976
Morgan,2047,OTHR,2540.162930826259
Morgan,2047,RETL,700.743456577456
Morgan,2047,WSLE,277.5414996192252
Morgan,2048,AGRI,435.48412462193403
Morgan,2048,CONS,1136.50123748148
Morgan,2048,FOOD,318.692969107122
Morgan,2048,GVED,1103.3781293135582
Morgan,2048,HLTH,290.76482771023
Morgan,2048,MANU,279.724858750545
Morgan,2048,MING,72.7528684432613
Morgan,2048,OFFI,623.5686689493383
Morgan,2048,OTHR,2554.0235901500473
Morgan,2048,RETL,706.054627595187
Morgan,2048,WSLE,278.3571963292115
Morgan,2049,AGRI,434.134246848844
Morgan,2049,CONS,1152.7936732257
Morgan,2049,FOOD,319.408151617909
Morgan,2049,GVED,1109.342452713821
Morgan,2049,HLTH,292.905343020262
Morgan,2049,MANU,283.38393037887
Morgan,2049,MING,73.6582534770722
Morgan,2049,OFFI,632.8027403253727
Morgan,2049,OTHR,2565.88979845006
Morgan,2049,RETL,710.608716513391
Morgan,2049,WSLE,280.1357215375031
Morgan,2050,AGRI,433.778247423441
Morgan,2050,CONS,1171.54482729398
Morgan,2050,FOOD,318.24278679777
Morgan,2050,GVED,1113.483697735305
Morgan,2050,HLTH,295.108482986183
Morgan,2050,MANU,287.079940277553
Morgan,2050,MING,74.5663200155288
Morgan,2050,OFFI,642.1232469832594
Morgan,2050,OTHR,2578.344772971219
Morgan,2050,RETL,714.324717086313
Morgan,2050,WSLE,280.0536417266783
Morgan,2051,AGRI,433.39146657537
Morgan,2051,CONS,1189.14548686548
Morgan,2051,FOOD,317.904475751283
Morgan,2051,GVED,1119.1674189439125
Morgan,2051,HLTH,295.874828889672
Morgan,2051,MANU,289.701957284321
Morgan,2051,MING,75.4670552307643
Morgan,2051,OFFI,648.2717386975344
Morgan,2051,OTHR,2585.264488626196
Morgan,2051,RETL,717.460642444347
Morgan,2051,WSLE,279.7535053276109
Morgan,2052,AGRI,433.017797555671
Morgan,2052,CONS,1205.87766501109
Morgan,2052,FOOD,316.597078268778
Morgan,2052,GVED,1123.1756376661904
Morgan,2052,HLTH,297.632341692129
Morgan,2052,MANU,293.30142813909
Morgan,2052,MING,76.3681893127644
Morgan,2052,OFFI,654.4129768017486
Morgan,2052,OTHR,2595.1375159993922
Morgan,2052,RETL,720.385812167782
Morgan,2052,WSLE,279.4654004625597
Morgan,2053,AGRI,431.68765806088896
Morgan,2053,CONS,1222.63618161074
Morgan,2053,FOOD,315.291015845384
Morgan,2053,GVED,1127.1498279406237
Morgan,2053,HLTH,299.348570022734
Morgan,2053,MANU,295.938002675916
Morgan,2053,MING,77.2692384392374
Morgan,2053,OFFI,657.6529888116817
Morgan,2053,OTHR,2603.0768375539983
Morgan,2053,RETL,722.99492668669
Morgan,2053,WSLE,280.14678114109176
Morgan,2054,AGRI,430.366323137932
Morgan,2054,CONS,1239.51763707389
Morgan,2054,FOOD,313.021298617287
Morgan,2054,GVED,1130.5049671070763
Morgan,2054,HLTH,299.984195594955
Morgan,2054,MANU,298.579146100933
Morgan,2054,MING,78.1700292743377
Morgan,2054,OFFI,660.8991324958442
Morgan,2054,OTHR,2611.030291282396
Morgan,2054,RETL,724.476109777913
Morgan,2054,WSLE,279.8687338481862
Morgan,2055,AGRI,429.05744360574397
Morgan,2055,CONS,1256.86804440239
Morgan,2055,FOOD,311.743328047075
Morgan,2055,GVED,1133.2482678016443
Morgan,2055,HLTH,301.635206990333
Morgan,2055,MANU,301.236135752993
Morgan,2055,MING,79.0713635148599
Morgan,2055,OFFI,662.2593479022097
Morgan,2055,OTHR,2620.20646783712
Morgan,2055,RETL,726.836689145755
Morgan,2055,WSLE,281.5487311026751
Morgan,2056,AGRI,428.721545331356
Morgan,2056,CONS,1265.88901059656
Morgan,2056,FOOD,308.583043789016
Morgan,2056,GVED,1136.3110698231192
Morgan,2056,HLTH,302.452035165301
Morgan,2056,MANU,302.962626971138
Morgan,2056,MING,78.0472553581592
Morgan,2056,OFFI,664.6738043216536
Morgan,2056,OTHR,2627.968263872842
Morgan,2056,RETL,726.44967853551
Morgan,2056,WSLE,282.3356240776478
Morgan,2057,AGRI,428.36821618308204
Morgan,2057,CONS,1270.24246628661
Morgan,2057,FOOD,306.341176889064
Morgan,2057,GVED,1138.677186490601
Morgan,2057,HLTH,304.181568437931
Morgan,2057,MANU,305.604720640105
Morgan,2057,MING,77.0214684273149
Morgan,2057,OFFI,666.9887371026823
Morgan,2057,OTHR,2636.078973811566
Morgan,2057,RETL,726.262911869196
Morgan,2057,WSLE,283.0400100649644
Morgan,2058,AGRI,427.05650158072
Morgan,2058,CONS,1271.73945456673
Morgan,2058,FOOD,303.151531790735
Morgan,2058,GVED,1139.5788045354223
Morgan,2058,HLTH,306.206320583692
Morgan,2058,MANU,308.249805776313
Morgan,2058,MING,75.9977657708245
Morgan,2058,OFFI,668.3515172343159
Morgan,2058,OTHR,2642.372805448255
Morgan,2058,RETL,725.140615298796
Morgan,2058,WSLE,283.754344049511
Morgan,2059,AGRI,425.749090222693
Morgan,2059,CONS,1273.42311714004
Morgan,2059,FOOD,300.934109784657
Morgan,2059,GVED,1141.1859002095616
Morgan,2059,HLTH,307.098759522332
Morgan,2059,MANU,309.933149466592
Morgan,2059,MING,74.9761490798765
Morgan,2059,OFFI,670.6802956797156
Morgan,2059,OTHR,2648.713306671226
Morgan,2059,RETL,725.059933204434
Morgan,2059,WSLE,284.47230678553103
Morgan,2060,AGRI,424.449612974917
Morgan,2060,CONS,1275.27551119425
Morgan,2060,FOOD,297.7693962642
Morgan,2060,GVED,1142.4788794670997
Morgan,2060,HLTH,307.956268306555
Morgan,2060,MANU,312.578127498111
Morgan,2060,MING,74.9169989089783
Morgan,2060,OFFI,673.0165450171879
Morgan,2060,OTHR,2654.1558227447877
Morgan,2060,RETL,724.870318465754
Morgan,2060,WSLE,284.2335611765211
Morgan,2061,AGRI,424.10532202287504
Morgan,2061,CONS,1276.74494877543
Morgan,2061,FOOD,294.650871177857
Morgan,2061,GVED,1144.0831741110612
Morgan,2061,HLTH,309.642573601045
Morgan,2061,MANU,315.201571134009
Morgan,2061,MING,74.8562302238622
Morgan,2061,OFFI,673.4296265859391
Morgan,2061,OTHR,2658.715890274134
Morgan,2061,RETL,724.528633130429
Morgan,2061,WSLE,284.9620028246608
Morgan,2062,AGRI,423.769758038198
Morgan,2062,CONS,1278.60946652
Morgan,2062,FOOD,292.50125915065
Morgan,2062,GVED,1146.052657559686
Morgan,2062,HLTH,311.31405176453
Morgan,2062,MANU,317.826888874439
Morgan,2062,MING,74.7970018822514
Morgan,2062,OFFI,674.8132662651275
Morgan,2062,OTHR,2663.319906027892
Morgan,2062,RETL,724.913603836237
Morgan,2062,WSLE,284.7365329232383
Morgan,2063,AGRI,422.48184876477296
Morgan,2063,CONS,1279.52750095823
Morgan,2063,FOOD,289.400719792645
Morgan,2063,GVED,1147.0740481470839
Morgan,2063,HLTH,312.986298151245
Morgan,2063,MANU,319.494057123191
Morgan,2063,MING,74.7386817541195
Morgan,2063,OFFI,676.2020879124535
Morgan,2063,OTHR,2667.945719275044
Morgan,2063,RETL,724.348379920887
Morgan,2063,WSLE,286.4295021232376
Morgan,2064,AGRI,422.156870482787
Morgan,2064,CONS,1280.45678121785
Morgan,2064,FOOD,287.264600471826
Morgan,2064,GVED,1147.148458899104
Morgan,2064,HLTH,314.659053900932
Morgan,2064,MANU,322.118561371433
Morgan,2064,MING,74.681191832445
Morgan,2064,OFFI,676.6386992208284
Morgan,2064,OTHR,2672.590782745507
Morgan,2064,RETL,724.747956503849
Morgan,2064,WSLE,286.2091769949928
Morgan,2065,AGRI,421.83671127430796
Morgan,2065,CONS,1281.39775414315
Morgan,2065,FOOD,285.134684592443
Morgan,2065,GVED,1148.1905314154392
Morgan,2065,HLTH,316.332477385608
Morgan,2065,MANU,324.74235640163
Morgan,2065,MING,74.6245544236118
Morgan,2065,OFFI,678.0376012542765
Morgan,2065,OTHR,2677.256120065208
Morgan,2065,RETL,725.154344241099
Morgan,2065,WSLE,286.9481478034918
Piute,2023,AGRI,156.0
Piute,2023,CONS,20.0
Piute,2023,FOOD,48.0
Piute,2023,GVED,130.0
Piute,2023,HLTH,47.0
Piute,2023,MANU,21.0
Piute,2023,MING,25.0
Piute,2023,OFFI,25.0
Piute,2023,OTHR,147.0
Piute,2023,RETL,31.0
Piute,2023,WSLE,42.0
Piute,2024,AGRI,156.0
Piute,2024,CONS,26.0
Piute,2024,FOOD,52.0
Piute,2024,GVED,132.0
Piute,2024,HLTH,48.0
Piute,2024,MANU,21.0
Piute,2024,MING,24.0
Piute,2024,OFFI,26.0
Piute,2024,OTHR,147.0
Piute,2024,RETL,32.0
Piute,2024,WSLE,42.0
Piute,2025,AGRI,155.73980701532804
Piute,2025,CONS,25.2958928057533
Piute,2025,FOOD,50.930359221591
Piute,2025,GVED,130.64751637503016
Piute,2025,HLTH,50.8270595761119
Piute,2025,MANU,20.9651399218846
Piute,2025,MING,23.9598579858392
Piute,2025,OFFI,25.96356134984928
Piute,2025,OTHR,143.7670534173653
Piute,2025,RETL,31.8859200795189
Piute,2025,WSLE,42.985312779912654
Piute,2026,AGRI,155.485281659929
Piute,2026,CONS,24.802557128311
Piute,2026,FOOD,49.8542392523362
Piute,2026,GVED,129.7674043643203
Piute,2026,HLTH,53.4640751978848
Piute,2026,MANU,20.9312687930466
Piute,2026,MING,24.9171466250834
Piute,2026,OFFI,25.94469775661183
Piute,2026,OTHR,141.54928144202222
Piute,2026,RETL,31.0666533982847
Piute,2026,WSLE,43.04167717922742
Piute,2027,AGRI,155.23883404252967
Piute,2027,CONS,25.0272446550504
Piute,2027,FOOD,49.7844806519428
Piute,2027,GVED,128.24386200582032
Piute,2027,HLTH,55.7410552406275
Piute,2027,MANU,20.8983006049307
Piute,2027,MING,25.8725284283205
Piute,2027,OFFI,25.914440373505048
Piute,2027,OTHR,140.3395026410692
Piute,2027,RETL,31.0403039571716
Piute,2027,WSLE,43.04690655849649
Piute,2028,AGRI,154.00202601154115
Piute,2028,CONS,23.9511379186722
Piute,2028,FOOD,48.7370913561692
Piute,2028,GVED,128.74803760843852
Piute,2028,HLTH,56.8222688619388
Piute,2028,MANU,21.8591418063434
Piute,2028,MING,24.8381255067336
Piute,2028,OFFI,25.87819885870898
Piute,2028,OTHR,138.1375888182214
Piute,2028,RETL,30.9619542697964
Piute,2028,WSLE,43.00146545955482
Piute,2029,AGRI,152.7758661962463
Piute,2029,CONS,23.9055219105302
Piute,2029,FOOD,48.6965619311283
Piute,2029,GVED,127.83161797001121
Piute,2029,HLTH,58.8379274049511
Piute,2029,MANU,21.8259785067769
Piute,2029,MING,23.8081547975541
Piute,2029,OFFI,25.84331599617666
Piute,2029,OTHR,135.9557126889176
Piute,2029,RETL,29.9266981754785
Piute,2029,WSLE,41.96367491615895
Piute,2030,AGRI,151.55849415499566
Piute,2030,CONS,23.8652522877619
Piute,2030,FOOD,47.6709342734077
Piute,2030,GVED,127.70606119104596
Piute,2030,HLTH,60.8434286718462
Piute,2030,MANU,21.7936514282202
Piute,2030,MING,22.7821494657558
Piute,2030,OFFI,25.810922101169222
Piute,2030,OTHR,135.778158593928
Piute,2030,RETL,29.8877035008362
Piute,2030,WSLE,41.91040141660887
Piute,2031,AGRI,151.33450997958707
Piute,2031,CONS,23.7988408944955
Piute,2031,FOOD,46.646185894007
Piute,2031,GVED,127.64569206938768
Piute,2031,HLTH,61.8987402107337
Piute,2031,MANU,22.7505998271481
Piute,2031,MING,22.7483712905303
Piute,2031,OFFI,25.77906232429194
Piute,2031,OTHR,133.6483399487287
Piute,2031,RETL,30.8533668611324
Piute,2031,WSLE,41.85406912458732
Piute,2032,AGRI,150.13119361513185
Piute,2032,CONS,23.7351303514033
Piute,2032,FOOD,45.6382464943493
Piute,2032,GVED,126.72146230767886
Piute,2032,HLTH,63.9198402045878
Piute,2032,MANU,22.7182679676705
Piute,2032,MING,24.6913281168555
Piute,2032,OFFI,25.74867151395545
Piute,2032,OTHR,133.5249384880924
Piute,2032,RETL,30.856966967592
Piute,2032,WSLE,40.83030234039813
Piute,2033,AGRI,149.9229253139262
Piute,2033,CONS,24.6349236731234
Piute,2033,FOOD,45.7138658755002
Piute,2033,GVED,126.78874974877762
Piute,2033,HLTH,65.6873603261088
Piute,2033,MANU,22.6869380476173
Piute,2033,MING,25.6433562921648
Piute,2033,OFFI,26.71552337930206
Piute,2033,OTHR,134.6269585380458
Piute,2033,RETL,30.8800128013886
Piute,2033,WSLE,39.85638130044806
Piute,2034,AGRI,149.73298604770235
Piute,2034,CONS,24.4998805800127
Piute,2034,FOOD,46.6851436446901
Piute,2034,GVED,128.38169469842322
Piute,2034,HLTH,67.6107353820303
Piute,2034,MANU,23.6437590614397
Piute,2034,MING,26.5960982032815
Piute,2034,OFFI,26.730206717817467
Piute,2034,OTHR,134.64043055239358
Piute,2034,RETL,30.993402953982
Piute,2034,WSLE,40.20260988586625
Piute,2035,AGRI,149.50693993967616
Piute,2035,CONS,24.3521193532842
Piute,2035,FOOD,44.5279525129
Piute,2035,GVED,127.89491790650631
Piute,2035,HLTH,68.5507935554787
Piute,2035,MANU,23.6074198544414
Piute,2035,MING,26.555555497291
Piute,2035,OFFI,26.62752182945487
Piute,2035,OTHR,130.8665109620508
Piute,2035,RETL,30.902548230882
Piute,2035,WSLE,39.67765224415584
Piute,2036,AGRI,149.3072734846583
Piute,2036,CONS,24.2152182682358
Piute,2036,FOOD,44.4749225710243
Piute,2036,GVED,125.85299113903461
Piute,2036,HLTH,70.4444575175756
Piute,2036,MANU,23.5759015069452
Piute,2036,MING,26.5200038610856
Piute,2036,OFFI,28.551195512496413
Piute,2036,OTHR,130.6957009005706
Piute,2036,RETL,30.9122975127423
Piute,2036,WSLE,38.65680736608413
Piute,2037,AGRI,149.11720007268485
Piute,2037,CONS,24.1993512941546
Piute,2037,FOOD,44.4171257938663
Piute,2037,GVED,126.67437374311397
Piute,2037,HLTH,71.3820145405182
Piute,2037,MANU,24.5269573272014
Piute,2037,MING,26.486198100238
Piute,2037,OFFI,28.51308172436711
Piute,2037,OTHR,130.5329571805122
Piute,2037,RETL,30.9481386793987
Piute,2037,WSLE,37.644890343891305
Piute,2038,AGRI,148.93568599069965
Piute,2038,CONS,24.2162142673712
Piute,2038,FOOD,44.3651407161487
Piute,2038,GVED,126.62744069410537
Piute,2038,HLTH,73.36771062074
Piute,2038,MANU,24.4971538785851
Piute,2038,MING,26.4539308847977
Piute,2038,OFFI,28.47887495155334
Piute,2038,OTHR,128.4183180105639
Piute,2038,RETL,31.0206380996765
Piute,2038,WSLE,37.622232022389014
Piute,2039,AGRI,148.75825169745082
Piute,2039,CONS,24.2325148217672
Piute,2039,FOOD,44.3143860838267
Piute,2039,GVED,125.52165271671235
Piute,2039,HLTH,75.3595964167975
Piute,2039,MANU,24.46802351194
Piute,2039,MING,26.422397893802
Piute,2039,OFFI,28.4465836548185
Piute,2039,OTHR,130.2264580816801
Piute,2039,RETL,30.0936946796741
Piute,2039,WSLE,36.62171373177005
Piute,2040,AGRI,148.58563484379795
Piute,2040,CONS,23.3303169786698
Piute,2040,FOOD,44.2594220403167
Piute,2040,GVED,125.62463183123124
Piute,2040,HLTH,77.522479432353
Piute,2040,MANU,25.4172075520894
Piute,2040,MING,26.391737504566
Piute,2040,OFFI,29.39255307114744
Piute,2040,OTHR,130.0789980062228
Piute,2040,RETL,30.2056962240241
Piute,2040,WSLE,36.5992292231991
Piute,2041,AGRI,148.41394487070718
Piute,2041,CONS,23.4784718970871
Piute,2041,FOOD,44.205613261824
Piute,2041,GVED,125.8151822435469
Piute,2041,HLTH,78.807703909974
Piute,2041,MANU,25.3878712641181
Piute,2041,MING,26.3612446893387
Piute,2041,OFFI,29.3599888082624
Piute,2041,OTHR,129.9319559346646
Piute,2041,RETL,30.3363124826738
Piute,2041,WSLE,35.59808850357063
Piute,2042,AGRI,148.24640260551527
Piute,2042,CONS,22.5849226350838
Piute,2042,FOOD,43.1722900028152
Piute,2042,GVED,125.86319634624674
Piute,2042,HLTH,81.1799223643168
Piute,2042,MANU,25.3592218240177
Piute,2042,MING,27.3067800991987
Piute,2042,OFFI,29.327563339278363
Piute,2042,OTHR,129.7870765282664
Piute,2042,RETL,30.4567062376465
Piute,2042,WSLE,35.56765577347634
Piute,2043,AGRI,147.10914333462466
Piute,2043,CONS,22.6935498585313
Piute,2043,FOOD,43.1176892874157
Piute,2043,GVED,126.22333902785067
Piute,2043,HLTH,82.8601197085494
Piute,2043,MANU,25.3313635885807
Piute,2043,MING,27.2767570761581
Piute,2043,OFFI,29.2964226282325
Piute,2043,OTHR,128.672820586483
Piute,2043,RETL,30.577809407557
Piute,2043,WSLE,34.56910110807493
Piute,2044,AGRI,146.9521397947208
Piute,2044,CONS,22.8124580349999
Piute,2044,FOOD,43.0635140900522
Piute,2044,GVED,126.59309217007701
Piute,2044,HLTH,84.3989573807451
Piute,2044,MANU,25.3043501181778
Piute,2044,MING,27.2476490411881
Piute,2044,OFFI,29.26600276945339
Piute,2044,OTHR,127.5644208958739
Piute,2044,RETL,30.7120037287444
Piute,2044,WSLE,34.54356802961012
Piute,2045,AGRI,146.80199920148144
Piute,2045,CONS,21.9098958538421
Piute,2045,FOOD,43.0123812074911
Piute,2045,GVED,125.99821742836492
Piute,2045,HLTH,86.8823567429378
Piute,2045,MANU,26.2507212351712
Piute,2045,MING,27.2198189821835
Piute,2045,OFFI,30.20927658734152
Piute,2045,OTHR,128.40868493864912
Piute,2045,RETL,30.8418678940044
Piute,2045,WSLE,33.54846906344192
Piute,2046,AGRI,146.65707503022483
Piute,2046,CONS,22.048127946159
Piute,2046,FOOD,41.9883031088452
Piute,2046,GVED,126.46386320531737
Piute,2046,HLTH,89.4431486196645
Piute,2046,MANU,26.2248216574776
Piute,2046,MING,27.1929485161111
Piute,2046,OFFI,30.17999884406214
Piute,2046,OTHR,127.31220221445551
Piute,2046,RETL,31.0116793383641
Piute,2046,WSLE,33.52281966608349
Piute,2047,AGRI,146.51807234596902
Piute,2047,CONS,22.1646445198846
Piute,2047,FOOD,41.9388438961907
Piute,2047,GVED,126.82240182122473
Piute,2047,HLTH,90.9778681748334
Piute,2047,MANU,26.1999818283788
Piute,2047,MING,27.1671775445348
Piute,2047,OFFI,30.1518893469868
Piute,2047,OTHR,126.2227763259968
Piute,2047,RETL,31.181643849008
Piute,2047,WSLE,33.49792404963927
Piute,2048,AGRI,145.41421307294345
Piute,2048,CONS,22.2664838888423
Piute,2048,FOOD,41.8901722700401
Piute,2048,GVED,127.2083824174434
Piute,2048,HLTH,93.5432873390912
Piute,2048,MANU,26.1759598171889
Piute,2048,MING,28.1116812602358
Piute,2048,OFFI,32.06350043830861
Piute,2048,OTHR,126.1084415694434
Piute,2048,RETL,31.3788392212252
Piute,2048,WSLE,32.504000193110386
Piute,2049,AGRI,145.28523340154538
Piute,2049,CONS,22.2845326487057
Piute,2049,FOOD,41.8420391479552
Piute,2049,GVED,126.52507959682757
Piute,2049,HLTH,96.1763680570347
Piute,2049,MANU,27.1213232488813
Piute,2049,MING,28.0867507922142
Piute,2049,OFFI,32.03535338355186
Piute,2049,OTHR,125.9978500149036
Piute,2049,RETL,31.5671507026867
Piute,2049,WSLE,32.48005082008132
Piute,2050,AGRI,145.16292056700368
Piute,2050,CONS,22.2601843269303
Piute,2050,FOOD,41.7975523168087
Piute,2050,GVED,126.7454432270964
Piute,2050,HLTH,97.8352233428029
Piute,2050,MANU,27.0985210213176
Piute,2050,MING,28.063121878583
Piute,2050,OFFI,32.97681185994628
Piute,2050,OTHR,125.8938660752332
Piute,2050,RETL,31.7904195266259
Piute,2050,WSLE,31.494172604663497
Piute,2051,AGRI,144.06808686430765
Piute,2051,CONS,22.2060802938947
Piute,2051,FOOD,40.7778310822021
Piute,2051,GVED,126.94423972417982
Piute,2051,HLTH,100.503227119658
Piute,2051,MANU,27.0746213559005
Piute,2051,MING,29.0052714737416
Piute,2051,OFFI,32.9470082597928
Piute,2051,OTHR,124.8152729580441
Piute,2051,RETL,30.9390994259105
Piute,2051,WSLE,31.460231911782373
Piute,2052,AGRI,143.9445572121413
Piute,2052,CONS,22.1459899151148
Piute,2052,FOOD,40.7260671705126
Piute,2052,GVED,125.98762271784094
Piute,2052,HLTH,103.177074005158
Piute,2052,MANU,28.0174612864682
Piute,2052,MING,28.9803878683712
Piute,2052,OFFI,32.91797387743541
Piute,2052,OTHR,124.7076500956065
Piute,2052,RETL,31.1287871798048
Piute,2052,WSLE,31.42702851122001
Piute,2053,AGRI,143.82375127142538
Piute,2053,CONS,23.1190110469477
Piute,2053,FOOD,40.6749502655668
Piute,2053,GVED,126.13056471164259
Piute,2053,HLTH,105.838904067393
Piute,2053,MANU,27.9939350590955
Piute,2053,MING,29.9213118548651
Piute,2053,OFFI,33.854760729067124
Piute,2053,OTHR,125.5676063669809
Piute,2053,RETL,31.3466442498378
Piute,2053,WSLE,30.428779570150592
Piute,2054,AGRI,142.74065059285323
Piute,2054,CONS,23.0128159976579
Piute,2054,FOOD,40.6237036347315
Piute,2054,GVED,125.30175835239793
Piute,2054,HLTH,108.498232138841
Piute,2054,MANU,27.9708327989625
Piute,2054,MING,29.8966204111995
Piute,2054,OFFI,33.82599328251454
Piute,2054,OTHR,124.4988886275486
Piute,2054,RETL,31.5293352471128
Piute,2054,WSLE,30.39688928663888
Piute,2055,AGRI,142.62567700148205
Piute,2055,CONS,22.8591074299956
Piute,2055,FOOD,40.5767703875209
Piute,2055,GVED,125.63609756805964
Piute,2055,HLTH,111.002400173731
Piute,2055,MANU,27.948301077503
Piute,2055,MING,29.8725370660311
Piute,2055,OFFI,33.7981650305552
Piute,2055,OTHR,123.43474589730451
Piute,2055,RETL,31.6768273365969
Piute,2055,WSLE,31.331220008466868
Piute,2056,AGRI,142.51163953107223
Piute,2056,CONS,22.5926240866612
Piute,2056,FOOD,39.5693508031088
Piute,2056,GVED,125.64454245159855
Piute,2056,HLTH,113.256397000763
Piute,2056,MANU,27.925966096884
Piute,2056,MING,29.8486669218792
Piute,2056,OFFI,33.77102613180115
Piute,2056,OTHR,123.3368828887304
Piute,2056,RETL,31.8155455403227
Piute,2056,WSLE,30.34291312232392
Piute,2057,AGRI,141.43198946705436
Piute,2057,CONS,23.4007900556415
Piute,2057,FOOD,39.5216772681367
Piute,2057,GVED,125.44727895659473
Piute,2057,HLTH,115.317277148927
Piute,2057,MANU,27.9029339650712
Piute,2057,MING,28.8619307745802
Piute,2057,OFFI,33.74258823646946
Piute,2057,OTHR,123.23483306002359
Piute,2057,RETL,31.9368319261758
Piute,2057,WSLE,30.31272269461823
Piute,2058,AGRI,141.3158359845654
Piute,2058,CONS,23.2529685129956
Piute,2058,FOOD,39.4764153225359
Piute,2058,GVED,125.27108500005528
Piute,2058,HLTH,117.26831061786
Piute,2058,MANU,28.8413500479219
Piute,2058,MING,28.8382298485966
Piute,2058,OFFI,33.71443643286066
Piute,2058,OTHR,123.1335855865762
Piute,2058,RETL,32.0645824178394
Piute,2058,WSLE,30.283608000480072
Piute,2059,AGRI,140.23998521989614
Piute,2059,CONS,23.1051332753958
Piute,2059,FOOD,39.4324513878659
Piute,2059,GVED,125.12113153331327
Piute,2059,HLTH,119.143123374053
Piute,2059,MANU,28.8178198288027
Piute,2059,MING,28.8147029517384
Piute,2059,OFFI,34.6470511727439
Piute,2059,OTHR,123.0332274034523
Piute,2059,RETL,32.1663618862614
Piute,2059,WSLE,29.29421964082779
Piute,2060,AGRI,140.12754916877608
Piute,2060,CONS,22.9697315828775
Piute,2060,FOOD,38.4308878608553
Piute,2060,GVED,125.95401032540212
Piute,2060,HLTH,121.040523796863
Piute,2060,MANU,28.7947187961719
Piute,2060,MING,28.7916051651306
Piute,2060,OFFI,34.61892942166572
Piute,2060,OTHR,122.9348074492327
Piute,2060,RETL,32.2774804538992
Piute,2060,WSLE,29.266849919371083
Piute,2061,AGRI,140.01388515345874
Piute,2061,CONS,23.0160669874485
Piute,2061,FOOD,38.3997147685377
Piute,2061,GVED,125.7503075822806
Piute,2061,HLTH,122.807898583113
Piute,2061,MANU,28.7713620517079
Piute,2061,MING,28.7682509462785
Piute,2061,OFFI,34.590848387298166
Piute,2061,OTHR,122.8350892716164
Piute,2061,RETL,32.6754476135523
Piute,2061,WSLE,28.284113411011944
Piute,2062,AGRI,138.94486424291927
Piute,2062,CONS,22.9978560319409
Piute,2062,FOOD,38.3693318409275
Piute,2062,GVED,125.65081042415653
Piute,2062,HLTH,125.585443574736
Piute,2062,MANU,28.748597345883
Piute,2062,MING,28.7454887020472
Piute,2062,OFFI,35.52171715239627
Piute,2062,OTHR,121.7796607045327
Piute,2062,RETL,32.6495938861103
Piute,2062,WSLE,28.26173422993034
Piute,2063,AGRI,138.83652724969846
Piute,2063,CONS,22.9799243250972
Piute,2063,FOOD,37.3819239468653
Piute,2063,GVED,125.55283896568359
Piute,2063,HLTH,127.402504806361
Piute,2063,MANU,29.6836725777846
Piute,2063,MING,28.7230754964088
Piute,2063,OFFI,35.49402043937751
Piute,2063,OTHR,122.6421984897616
Piute,2063,RETL,32.6241366023827
Piute,2063,WSLE,28.23969821351198
Piute,2064,AGRI,138.72973246967555
Piute,2064,CONS,22.9622478820756
Piute,2064,FOOD,37.3531693069746
Piute,2064,GVED,125.4562621635686
Piute,2064,HLTH,129.218013913387
Piute,2064,MANU,29.660839528399
Piute,2064,MING,28.7009813502213
Piute,2064,OFFI,35.46671799829778
Piute,2064,OTHR,121.5911062408954
Piute,2064,RETL,32.5990417115718
Piute,2064,WSLE,27.26122153959815
Piute,2065,AGRI,138.62452133977177
Piute,2065,CONS,22.9448335614265
Piute,2065,FOOD,37.3248410670343
Piute,2065,GVED,125.36111749010408
Piute,2065,HLTH,131.032073878795
Piute,2065,MANU,29.6383450682345
Piute,2065,MING,28.6792148361264
Piute,2065,OFFI,35.439820422643734
Piute,2065,OTHR,120.54286410453889
Piute,2065,RETL,32.5743189506238
Piute,2065,WSLE,27.24054692378462
Rich,2023,AGRI,202.0
Rich,2023,CONS,142.0
Rich,2023,FOOD,209.0
Rich,2023,GVED,249.0
Rich,2023,HLTH,69.0
Rich,2023,MANU,48.0
Rich,2023,MING,37.0
Rich,2023,OFFI,102.0
Rich,2023,OTHR,634.0
Rich,2023,RETL,222.0
Rich,2023,WSLE,114.0
Rich,2024,AGRI,202.0
Rich,2024,CONS,153.0
Rich,2024,FOOD,218.0
Rich,2024,GVED,254.0
Rich,2024,HLTH,46.0
Rich,2024,MANU,48.0
Rich,2024,MING,37.0
Rich,2024,OFFI,102.0
Rich,2024,OTHR,672.0
Rich,2024,RETL,210.0
Rich,2024,WSLE,210.0
Rich,2025,AGRI,201.6631658506764
Rich,2025,CONS,155.970443019204
Rich,2025,FOOD,217.730364766718
Rich,2025,GVED,257.8192504296639
Rich,2025,HLTH,47.5290842268192
Rich,2025,MANU,48.9254790296088
Rich,2025,MING,36.9414861095871
Rich,2025,OFFI,102.82847562571081
Rich,2025,OTHR,685.194028001883
Rich,2025,RETL,212.073996750178
Rich,2025,WSLE,209.67372282677778
Rich,2026,AGRI,201.3335451515441
Rich,2026,CONS,153.518572000569
Rich,2026,FOOD,219.380711308168
Rich,2026,GVED,259.64714167942225
Rich,2026,HLTH,48.8867182066123
Rich,2026,MANU,48.8489184193995
Rich,2026,MING,37.8767202866
Rich,2026,OFFI,102.6605511054034
Rich,2026,OTHR,689.1157647286377
Rich,2026,RETL,211.501681554485
Rich,2026,WSLE,205.3525377941594
Rich,2027,AGRI,201.0149712412011
Rich,2027,CONS,153.188366672866
Rich,2027,FOOD,219.334233324264
Rich,2027,GVED,261.20003551965743
Rich,2027,HLTH,49.163072943438
Rich,2027,MANU,49.7953007309281
Rich,2027,MING,38.8249018414849
Rich,2027,OFFI,101.50370424206051
Rich,2027,OTHR,695.0815038826299
Rich,2027,RETL,214.303690674437
Rich,2027,WSLE,203.12036100505338
Rich,2028,AGRI,199.70656252258104
Rich,2028,CONS,156.918697681649
Rich,2028,FOOD,219.136969390973
Rich,2028,GVED,264.12563048706016
Rich,2028,HLTH,50.3429248821936
Rich,2028,MANU,49.723807176308
Rich,2028,MING,36.7801918134959
Rich,2028,OFFI,102.33862253969579
Rich,2028,OTHR,704.4027479944032
Rich,2028,RETL,215.693819540158
Rich,2028,WSLE,199.85188562068228
Rich,2029,AGRI,198.4110591280633
Rich,2029,CONS,159.578803135837
Rich,2029,FOOD,217.990542120727
Rich,2029,GVED,265.175759484508
Rich,2029,HLTH,51.4451920712333
Rich,2029,MANU,50.6465661110443
Rich,2029,MING,34.7443473555701
Rich,2029,OFFI,102.1834800116617
Rich,2029,OTHR,714.8610788442775
Rich,2029,RETL,215.910596522166
Rich,2029,WSLE,196.6080471556417
Rich,2030,AGRI,197.12603342081715
Rich,2030,CONS,161.958561682221
Rich,2030,FOOD,215.886748543939
Rich,2030,GVED,267.33146300198956
Rich,2030,HLTH,51.5315338252222
Rich,2030,MANU,51.5675600439519
Rich,2030,MING,33.7059147845109
Rich,2030,OFFI,103.0229157527603
Rich,2030,OTHR,725.4034554570374
Rich,2030,RETL,218.292173119339
Rich,2030,WSLE,192.39190797422611
Rich,2031,AGRI,195.84556950303573
Rich,2031,CONS,163.764930116626
Rich,2031,FOOD,212.736085224004
Rich,2031,GVED,269.1328210647331
Rich,2031,HLTH,52.628685141886
Rich,2031,MANU,52.4816061913799
Rich,2031,MING,33.6561118845737
Rich,2031,OFFI,102.8711446010904
Rich,2031,OTHR,735.8140964780243
Rich,2031,RETL,221.791571216472
Rich,2031,WSLE,189.1630908735298
Rich,2032,AGRI,194.57894890330903
Rich,2032,CONS,165.212164207134
Rich,2032,FOOD,210.689869731514
Rich,2032,GVED,269.0023184143983
Rich,2032,HLTH,52.6824839869161
Rich,2032,MANU,52.4143594241011
Rich,2032,MING,35.588005753579
Rich,2032,OFFI,103.7128805795939
Rich,2032,OTHR,743.691883691102
Rich,2032,RETL,222.082660694288
Rich,2032,WSLE,185.97293539459568
Rich,2033,AGRI,195.29554066193543
Rich,2033,CONS,166.592399340455
Rich,2033,FOOD,209.795371636224
Rich,2033,GVED,270.87680790563564
Rich,2033,HLTH,52.6582752917916
Rich,2033,MANU,53.3434924228286
Rich,2033,MING,36.5298023172157
Rich,2033,OFFI,104.5563185462182
Rich,2033,OTHR,752.3744528211056
Rich,2033,RETL,224.237100595628
Rich,2033,WSLE,182.83212988425842
Rich,2034,AGRI,195.04895414712942
Rich,2034,CONS,169.087990044672
Rich,2034,FOOD,215.495403227882
Rich,2034,GVED,272.981883772609
Rich,2034,HLTH,53.7610348183467
Rich,2034,MANU,54.3088766008124
Rich,2034,MING,37.490156107896
Rich,2034,OFFI,105.4130589628192
Rich,2034,OTHR,767.6473993450574
Rich,2034,RETL,224.03888844954
Rich,2034,WSLE,179.95133369345112
Rich,2035,AGRI,194.753510527417
Rich,2035,CONS,169.883456607825
Rich,2035,FOOD,207.326367797966
Rich,2035,GVED,272.73468479126717
Rich,2035,HLTH,53.6848017731181
Rich,2035,MANU,54.1656466042511
Rich,2035,MING,38.3886294750788
Rich,2035,OFFI,106.2330591218547
Rich,2035,OTHR,758.7028326699362
Rich,2035,RETL,223.083796407842
Rich,2035,WSLE,176.3955235002753
Rich,2036,AGRI,194.49348566044367
Rich,2036,CONS,170.437695287731
Rich,2036,FOOD,208.213887569284
Rich,2036,GVED,275.0963812916695
Rich,2036,HLTH,53.6959526721424
Rich,2036,MANU,55.077293209534
Rich,2036,MING,38.3357581860191
Rich,2036,OFFI,108.05595001927
Rich,2036,OTHR,766.1374314397092
Rich,2036,RETL,223.221815830704
Rich,2036,WSLE,174.22269563914452
Rich,2037,AGRI,194.24598489629122
Rich,2037,CONS,170.575135303788
Rich,2037,FOOD,209.063372948743
Rich,2037,GVED,276.2013744581803
Rich,2037,HLTH,53.734439961146
Rich,2037,MANU,55.9920873188417
Rich,2037,MING,38.2877153092145
Rich,2037,OFFI,107.9186198055131
Rich,2037,OTHR,774.3977265288837
Rich,2037,RETL,223.59991604584
Rich,2037,WSLE,173.0444348551055
Rich,2038,AGRI,193.0297688266896
Rich,2038,CONS,170.814643167552
Rich,2038,FOOD,208.951352894577
Rich,2038,GVED,278.39430112028515
Rich,2038,HLTH,53.82133427347
Rich,2038,MANU,56.9081281619896
Rich,2038,MING,38.2423700222001
Rich,2038,OFFI,109.7472017699887
Rich,2038,OTHR,782.714742189766
Rich,2038,RETL,225.131304081807
Rich,2038,WSLE,171.8808428410332
Rich,2039,AGRI,192.79986169765874
Rich,2039,CONS,171.148642921446
Rich,2039,FOOD,209.814169008728
Rich,2039,GVED,280.3223479655478
Rich,2039,HLTH,53.9082326451757
Rich,2039,MANU,56.8443318155864
Rich,2039,MING,38.1981802700832
Rich,2039,OFFI,110.59539576769781
Rich,2039,OTHR,792.9731049731834
Rich,2039,RETL,226.815811087735
Rich,2039,WSLE,169.7438527673233
Rich,2040,AGRI,192.5762476382498
Rich,2040,CONS,171.619489963114
Rich,2040,FOOD,210.708868106224
Rich,2040,GVED,282.8506464737183
Rich,2040,HLTH,55.0660209562947
Rich,2040,MANU,57.762356352134
Rich,2040,MING,38.156642429155
Rich,2040,OFFI,110.4674175596153
Rich,2040,OTHR,803.3418476787767
Rich,2040,RETL,228.473739342264
Rich,2040,WSLE,168.6023137135272
Rich,2041,AGRI,192.35381057085914
Rich,2041,CONS,171.13350161965
Rich,2041,FOOD,211.594292928032
Rich,2041,GVED,286.3873058767837
Rich,2041,HLTH,55.1737889413022
Rich,2041,MANU,58.6775212111727
Rich,2041,MING,38.1150683789861
Rich,2041,OFFI,111.31651483793149
Rich,2041,OTHR,810.7335047327742
Rich,2041,RETL,230.184100809708
Rich,2041,WSLE,167.4612234575652
Rich,2042,AGRI,192.1366843043497
Rich,2042,CONS,171.506963916293
Rich,2042,FOOD,212.440310429087
Rich,2042,GVED,288.5120914562508
Rich,2042,HLTH,55.3258969932401
Rich,2042,MANU,58.6133463128703
Rich,2042,MING,39.0483407597341
Rich,2042,OFFI,113.141688665056
Rich,2042,OTHR,819.9285422014948
Rich,2042,RETL,231.888681351221
Rich,2042,WSLE,166.3156208406277
Rich,2043,AGRI,190.95123177559452
Rich,2043,CONS,170.657345409034
Rich,2043,FOOD,213.315798225914
Rich,2043,GVED,290.7744604891842
Rich,2043,HLTH,54.6046628798154
Rich,2043,MANU,59.527920474192
Rich,2043,MING,39.0076911588931
Rich,2043,OFFI,113.01756350044751
Rich,2043,OTHR,827.2830683641857
Rich,2043,RETL,232.568103845566
Rich,2043,WSLE,165.1849913441983
Rich,2044,AGRI,190.74748320202121
Rich,2044,CONS,170.850223368002
Rich,2044,FOOD,213.208835044567
Rich,2044,GVED,293.1625726723428
Rich,2044,HLTH,54.8080652973764
Rich,2044,MANU,59.4678145572692
Rich,2044,MING,38.9678317196679
Rich,2044,OFFI,113.8703918814133
Rich,2044,OTHR,835.5629176601803
Rich,2044,RETL,234.32402426511
Rich,2044,WSLE,164.05752993766382
Rich,2045,AGRI,190.5526555374643
Rich,2045,CONS,171.268321304651
Rich,2045,FOOD,214.087577218631
Rich,2045,GVED,294.9105634777652
Rich,2045,HLTH,54.9968053359934
Rich,2045,MANU,60.3833497946986
Rich,2045,MING,38.9301540033667
Rich,2045,OFFI,115.69871029676551
Rich,2045,OTHR,842.9122618479919
Rich,2045,RETL,236.202335779108
Rich,2045,WSLE,163.9135111792765
Rich,2046,AGRI,189.3933261171041
Rich,2046,CONS,173.133235306958
Rich,2046,FOOD,213.971275811591
Rich,2046,GVED,296.45911329002394
Rich,2046,HLTH,55.2014521927035
Rich,2046,MANU,60.32582829023
Rich,2046,MING,38.8930168568263
Rich,2046,OFFI,116.55592437598669
Rich,2046,OTHR,850.1744170516438
Rich,2046,RETL,238.190250521505
Rich,2046,WSLE,163.767970225781
Rich,2047,AGRI,189.21384643214736
Rich,2047,CONS,176.312273821231
Rich,2047,FOOD,214.828279445907
Rich,2047,GVED,298.96238197712205
Rich,2047,HLTH,55.3995010146187
Rich,2047,MANU,61.2412396400074
Rich,2047,MING,39.8279470239014
Rich,2047,OFFI,118.3862701107112
Rich,2047,OTHR,856.4733464518367
Rich,2047,RETL,240.285230779414
Rich,2047,WSLE,161.68806122345728
Rich,2048,AGRI,189.04026918285092
Rich,2048,CONS,179.634868726793
Rich,2048,FOOD,215.684198957905
Rich,2048,GVED,301.4251665736668
Rich,2048,HLTH,55.5866876349973
Rich,2048,MANU,61.1874146776391
Rich,2048,MING,39.7930525830902
Rich,2048,OFFI,119.2472485470041
Rich,2048,OTHR,861.8014607330769
Rich,2048,RETL,241.384975150701
Rich,2048,WSLE,161.55510688954658
Rich,2049,AGRI,188.87261981969718
Rich,2049,CONS,183.65907158755
Rich,2049,FOOD,216.536288535305
Rich,2049,GVED,303.86173749453224
Rich,2049,HLTH,55.7715727961389
Rich,2049,MANU,62.1038263345274
Rich,2049,MING,40.7279034768126
Rich,2049,OFFI,122.0473318685981
Rich,2049,OTHR,869.0558793820094
Rich,2049,RETL,242.592561712569
Rich,2049,WSLE,160.4571640408876
Rich,2050,AGRI,187.74592804152158
Rich,2050,CONS,188.432251157108
Rich,2050,FOOD,216.453845203041
Rich,2050,GVED,304.35513776392975
Rich,2050,HLTH,55.9543416376364
Rich,2050,MANU,63.0237521614435
Rich,2050,MING,41.6640681362683
Rich,2050,OFFI,122.91254582086421
Rich,2050,OTHR,873.5254920503106
Rich,2050,RETL,244.889195804967
Rich,2050,WSLE,160.3433811122649
Rich,2051,AGRI,187.5804069353858
Rich,2051,CONS,193.114456718322
Rich,2051,FOOD,217.237993615562
Rich,2051,GVED,305.7286765954392
Rich,2051,HLTH,55.0311682338381
Rich,2051,MANU,62.9657519613768
Rich,2051,MING,41.6269574323654
Rich,2051,OFFI,123.7711227617316
Rich,2051,OTHR,877.6263919673414
Rich,2051,RETL,247.127149963616
Rich,2051,WSLE,159.232689207086
Rich,2052,AGRI,186.4534677716467
Rich,2052,CONS,197.692521272898
Rich,2052,FOOD,218.016619100476
Rich,2052,GVED,308.19479700228067
Rich,2052,HLTH,55.1630778144552
Rich,2052,MANU,63.876089058243
Rich,2052,MING,42.5572250683905
Rich,2052,OFFI,124.6310578779448
Rich,2052,OTHR,883.6598849021503
Rich,2052,RETL,249.308018307844
Rich,2052,WSLE,158.1280138755015
Rich,2053,AGRI,186.29696144881453
Rich,2053,CONS,203.192721260896
Rich,2053,FOOD,217.825318911286
Rich,2053,GVED,309.62726618515944
Rich,2053,HLTH,55.2861768648022
Rich,2053,MANU,63.8210368484884
Rich,2053,MING,43.4868052897147
Rich,2053,OFFI,125.4916982198954
Rich,2053,OTHR,889.6791835654305
Rich,2053,RETL,250.323097983535
Rich,2053,WSLE,157.9928674148508
Rich,2054,AGRI,186.1432688547785
Rich,2054,CONS,207.587423378986
Rich,2054,FOOD,217.623175861106
Rich,2054,GVED,311.41861686217925
Rich,2054,HLTH,55.4084680495391
Rich,2054,MANU,64.7316908547052
Rich,2054,MING,43.451197658599
Rich,2054,OFFI,125.38813421972361
Rich,2054,OTHR,894.7026581573746
Rich,2054,RETL,252.383100069109
Rich,2054,WSLE,156.8947629307184
Rich,2055,AGRI,185.02965580557907
Rich,2055,CONS,212.944387603304
Rich,2055,FOOD,218.406473400398
Rich,2055,GVED,312.61163038682935
Rich,2055,HLTH,55.5130872857076
Rich,2055,MANU,64.6796846659385
Rich,2055,MING,44.380802184608
Rich,2055,OFFI,126.25081223505671
Rich,2055,OTHR,898.8318930619243
Rich,2055,RETL,253.304898289998
Rich,2055,WSLE,156.7691545882826
Rich,2056,AGRI,183.91885895374404
Rich,2056,CONS,216.286505193415
Rich,2056,FOOD,218.261460011558
Rich,2056,GVED,314.3463182835666
Rich,2056,HLTH,55.6514170483506
Rich,2056,MANU,64.6308726265932
Rich,2056,MING,44.3478813808455
Rich,2056,OFFI,127.1128542837119
Rich,2056,OTHR,904.053261440929
Rich,2056,RETL,253.991116088446
Rich,2056,WSLE,158.57960938788779
Rich,2057,AGRI,183.76717813517212
Rich,2057,CONS,219.035803087865
Rich,2057,FOOD,217.116857224229
Rich,2057,GVED,316.7014299913466
Rich,2057,HLTH,54.6813813806022
Rich,2057,MANU,65.5399559749133
Rich,2057,MING,43.3502503222396
Rich,2057,OFFI,127.9701450602077
Rich,2057,OTHR,908.1610251997331
Rich,2057,RETL,254.790089056727
Rich,2057,WSLE,158.4502226253934
Rich,2058,AGRI,182.65493513005038
Rich,2058,CONS,220.041460607484
Rich,2058,FOOD,216.937304561503
Rich,2058,GVED,318.9734665238233
Rich,2058,HLTH,54.8501724573256
Rich,2058,MANU,65.486870941348
Rich,2058,MING,43.3159396089647
Rich,2058,OFFI,127.86505307639169
Rich,2058,OTHR,913.2378048132514
Rich,2058,RETL,255.641104029947
Rich,2058,WSLE,157.3613409092982
Rich,2059,AGRI,182.50591020071565
Rich,2059,CONS,222.141172537671
Rich,2059,FOOD,215.794832493523
Rich,2059,GVED,318.9507049855797
Rich,2059,HLTH,55.0102885245541
Rich,2059,MANU,66.3947912646599
Rich,2059,MING,42.3214212406431
Rich,2059,OFFI,127.7607162210448
Rich,2059,OTHR,917.3375596292681
Rich,2059,RETL,256.467019959864
Rich,2059,WSLE,158.195986420212
Rich,2060,AGRI,181.3998235627393
Rich,2060,CONS,222.979279429305
Rich,2060,FOOD,215.612198078512
Rich,2060,GVED,320.05807856528094
Rich,2060,HLTH,55.1637743123132
Rich,2060,MANU,66.342369977527
Rich,2060,MING,42.2888967687951
Rich,2060,OFFI,129.57782159090038
Rich,2060,OTHR,921.4362460631979
Rich,2060,RETL,256.156153474933
Rich,2060,WSLE,158.0714147044145
Rich,2061,AGRI,181.2526816734648
Rich,2061,CONS,224.131726938033
Rich,2061,FOOD,215.437304930588
Rich,2061,GVED,321.3196632722485
Rich,2061,HLTH,54.8353339951013
Rich,2061,MANU,67.2475533716034
Rich,2061,MING,42.2545942648364
Rich,2061,OFFI,130.4317117497535
Rich,2061,OTHR,926.442806763647
Rich,2061,RETL,257.680517939262
Rich,2061,WSLE,157.9431955797043
Rich,2062,AGRI,180.15103147448048
Rich,2062,CONS,224.912625662288
Rich,2062,FOOD,216.225082924548
Rich,2062,GVED,324.89837821834453
Rich,2062,HLTH,54.7919467461777
Rich,2062,MANU,67.1943452277832
Rich,2062,MING,42.2211612488234
Rich,2062,OFFI,131.2867485449737
Rich,2062,OTHR,932.4174453987156
Rich,2062,RETL,258.434871922376
Rich,2062,WSLE,156.85998849762578
Rich,2063,AGRI,180.01056553367707
Rich,2063,CONS,224.737258564449
Rich,2063,FOOD,216.056489608985
Rich,2063,GVED,325.6025418798342
Rich,2063,HLTH,54.7492248017893
Rich,2063,MANU,68.0994438444974
Rich,2063,MING,43.1457317595021
Rich,2063,OFFI,133.0993644000731
Rich,2063,OTHR,936.4778825322401
Rich,2063,RETL,260.148348845961
Rich,2063,WSLE,155.7801920036901
Rich,2064,AGRI,179.87209917234705
Rich,2064,CONS,225.521142223217
Rich,2064,FOOD,216.84705062298
Rich,2064,GVED,326.3088387107181
Rich,2064,HLTH,54.7071110185151
Rich,2064,MANU,68.0470609070304
Rich,2064,MING,43.1125435271006
Rich,2064,OFFI,132.9969827169247
Rich,2064,OTHR,941.498058206467
Rich,2064,RETL,260.904993854556
Rich,2064,WSLE,155.66036394643072
Rich,2065,AGRI,178.77965736077306
Rich,2065,CONS,226.306138181454
Rich,2065,FOOD,216.682596163175
Rich,2065,GVED,329.88548463523824
Rich,2065,HLTH,54.6656217367185
Rich,2065,MANU,68.9514835067725
Rich,2065,MING,43.0798474399912
Rich,2065,OFFI,133.8521479978564
Rich,2065,OTHR,946.5202087857951
Rich,2065,RETL,262.61918383747
Rich,2065,WSLE,155.5423128085787
Salt Lake,2023,AGRI,1269.0
Salt Lake,2023,CONS,66705.0
Salt Lake,2023,FOOD,60895.0
Salt Lake,2023,GVED,151597.0
Salt Lake,2023,HLTH,83975.0
Salt Lake,2023,MANU,64169.0
Salt Lake,2023,MING,4558.0
Salt Lake,2023,OFFI,148308.0
Salt Lake,2023,OTHR,281867.0
Salt Lake,2023,RETL,89596.0
Salt Lake,2023,WSLE,103789.0
Salt Lake,2024,AGRI,1268.0
Salt Lake,2024,CONS,67905.0
Salt Lake,2024,FOOD,61400.0
Salt Lake,2024,GVED,156843.0
Salt Lake,2024,HLTH,86094.0
Salt Lake,2024,MANU,63078.0
Salt Lake,2024,MING,4668.0
Salt Lake,2024,OFFI,147362.0
Salt Lake,2024,OTHR,284026.0
Salt Lake,2024,RETL,88609.0
Salt Lake,2024,WSLE,105310.0
Salt Lake,2025,AGRI,1263.02686975893
Salt Lake,2025,CONS,69458.6747440521
Salt Lake,2025,FOOD,61148.254038348
Salt Lake,2025,GVED,159542.6947354481
Salt Lake,2025,HLTH,89580.5784854198
Salt Lake,2025,MANU,63907.8398221501
Salt Lake,2025,MING,4612.28712110005
Salt Lake,2025,OFFI,149299.7088317229
Salt Lake,2025,OTHR,288170.4617457052
Salt Lake,2025,RETL,89385.4172247964
Salt Lake,2025,WSLE,107333.06614140284
Salt Lake,2026,AGRI,1259.564207618982
Salt Lake,2026,CONS,69946.2910061318
Salt Lake,2026,FOOD,61066.6635137849
Salt Lake,2026,GVED,159607.83897740845
Salt Lake,2026,HLTH,91933.8998141099
Salt Lake,2026,MANU,63919.0866574098
Salt Lake,2026,MING,4710.58722176921
Salt Lake,2026,OFFI,148128.5304660413
Salt Lake,2026,OTHR,290639.92310921114
Salt Lake,2026,RETL,88788.1668732216
Salt Lake,2026,WSLE,107944.75556166696
Salt Lake,2027,AGRI,1252.526439688896
Salt Lake,2027,CONS,73373.9964816972
Salt Lake,2027,FOOD,60876.9825336368
Salt Lake,2027,GVED,161205.9559732217
Salt Lake,2027,HLTH,94241.0449911058
Salt Lake,2027,MANU,64112.4900738914
Salt Lake,2027,MING,4775.28719303665
Salt Lake,2027,OFFI,148154.0707748947
Salt Lake,2027,OTHR,293897.0272515144
Salt Lake,2027,RETL,89643.5101871832
Salt Lake,2027,WSLE,109084.12520533582
Salt Lake,2028,AGRI,1241.628200711908
Salt Lake,2028,CONS,74186.643091277
Salt Lake,2028,FOOD,60435.6449373361
Salt Lake,2028,GVED,162285.0046266219
Salt Lake,2028,HLTH,95528.802171254
Salt Lake,2028,MANU,64183.1823996001
Salt Lake,2028,MING,4545.19681538851
Salt Lake,2028,OFFI,148849.392725139
Salt Lake,2028,OTHR,296515.6762166963
Salt Lake,2028,RETL,89762.7319110926
Salt Lake,2028,WSLE,109111.99792494546
Salt Lake,2029,AGRI,1233.255999333536
Salt Lake,2029,CONS,76107.5528840406
Salt Lake,2029,FOOD,59829.2438944621
Salt Lake,2029,GVED,163439.05482569805
Salt Lake,2029,HLTH,96849.4935670222
Salt Lake,2029,MANU,64749.9400892442
Salt Lake,2029,MING,4262.47260825082
Salt Lake,2029,OFFI,150676.0497274715
Salt Lake,2029,OTHR,300410.8586969769
Salt Lake,2029,RETL,90106.159628186
Salt Lake,2029,WSLE,109341.86132695533
Salt Lake,2030,AGRI,1224.82783212187
Salt Lake,2030,CONS,76633.1499056637
Salt Lake,2030,FOOD,59278.8898441385
Salt Lake,2030,GVED,164354.11132791208
Salt Lake,2030,HLTH,98445.8658993116
Salt Lake,2030,MANU,65630.3116913481
Salt Lake,2030,MING,4172.37290684609
Salt Lake,2030,OFFI,153366.7999962399
Salt Lake,2030,OTHR,304380.60575485707
Salt Lake,2030,RETL,91478.070568818
Salt Lake,2030,WSLE,109394.84801873517
Salt Lake,2031,AGRI,1217.7804942782
Salt Lake,2031,CONS,76069.9291761832
Salt Lake,2031,FOOD,58388.8350028717
Salt Lake,2031,GVED,164432.18889625557
Salt Lake,2031,HLTH,99904.9281223534
Salt Lake,2031,MANU,66453.5703939863
Salt Lake,2031,MING,4181.71306971628
Salt Lake,2031,OFFI,155187.5583400571
Salt Lake,2031,OTHR,307405.9102184848
Salt Lake,2031,RETL,92945.4802737045
Salt Lake,2031,WSLE,109464.9074881371
Salt Lake,2032,AGRI,1211.4682656314521
Salt Lake,2032,CONS,76769.0011687774
Salt Lake,2032,FOOD,57689.3202964563
Salt Lake,2032,GVED,164763.16270806827
Salt Lake,2032,HLTH,101734.983140072
Salt Lake,2032,MANU,67282.341787753
Salt Lake,2032,MING,4371.39541913304
Salt Lake,2032,OFFI,157367.5149107872
Salt Lake,2032,OTHR,312080.32039891137
Salt Lake,2032,RETL,94177.7131794637
Salt Lake,2032,WSLE,109527.55541114967
Salt Lake,2033,AGRI,1215.188253793894
Salt Lake,2033,CONS,76638.9664904228
Salt Lake,2033,FOOD,57467.7844889917
Salt Lake,2033,GVED,165215.34184944534
Salt Lake,2033,HLTH,103157.214763994
Salt Lake,2033,MANU,67982.7983517703
Salt Lake,2033,MING,4576.95420833826
Salt Lake,2033,OFFI,160781.2893386235
Salt Lake,2033,OTHR,317874.0003572277
Salt Lake,2033,RETL,95439.7339718858
Salt Lake,2033,WSLE,109417.45303550063
Salt Lake,2034,AGRI,1218.922183790119
Salt Lake,2034,CONS,78407.1729296269
Salt Lake,2034,FOOD,59283.8055832537
Salt Lake,2034,GVED,166108.67857762438
Salt Lake,2034,HLTH,105112.152904697
Salt Lake,2034,MANU,68797.6670327774
Salt Lake,2034,MING,4756.23272502543
Salt Lake,2034,OFFI,164062.1664241993
Salt Lake,2034,OTHR,325131.20414129447
Salt Lake,2034,RETL,96301.9648639825
Salt Lake,2034,WSLE,109493.78150213187
Salt Lake,2035,AGRI,1216.9950046036251
Salt Lake,2035,CONS,80111.7988655843
Salt Lake,2035,FOOD,57026.3014582407
Salt Lake,2035,GVED,166263.6164934816
Salt Lake,2035,HLTH,105670.43090423
Salt Lake,2035,MANU,69348.1471385038
Salt Lake,2035,MING,4812.75105017753
Salt Lake,2035,OFFI,167245.8142262607
Salt Lake,2035,OTHR,323300.8501467557
Salt Lake,2035,RETL,96343.1891036744
Salt Lake,2035,WSLE,108065.97009479595
Salt Lake,2036,AGRI,1218.391199762052
Salt Lake,2036,CONS,79521.4358064764
Salt Lake,2036,FOOD,57288.7568910188
Salt Lake,2036,GVED,167027.67295225395
Salt Lake,2036,HLTH,106736.958931778
Salt Lake,2036,MANU,70385.1677468047
Salt Lake,2036,MING,4774.15994001606
Salt Lake,2036,OFFI,171369.0893632849
Salt Lake,2036,OTHR,327511.1310074293
Salt Lake,2036,RETL,96864.6671385935
Salt Lake,2036,WSLE,107330.4220823679
Salt Lake,2037,AGRI,1220.118067334284
Salt Lake,2037,CONS,81137.6287503447
Salt Lake,2037,FOOD,57726.8245229312
Salt Lake,2037,GVED,168218.06804304384
Salt Lake,2037,HLTH,108071.898676368
Salt Lake,2037,MANU,71477.5035193144
Salt Lake,2037,MING,4728.44527917287
Salt Lake,2037,OFFI,174527.95295731822
Salt Lake,2037,OTHR,332504.2392255249
Salt Lake,2037,RETL,97957.875661415
Salt Lake,2037,WSLE,106991.23726636951
Salt Lake,2038,AGRI,1221.6738687195389
Salt Lake,2038,CONS,80943.7943513105
Salt Lake,2038,FOOD,57976.2722933503
Salt Lake,2038,GVED,169752.01733702183
Salt Lake,2038,HLTH,109621.064931323
Salt Lake,2038,MANU,72468.2098658613
Salt Lake,2038,MING,4713.00529129139
Salt Lake,2038,OFFI,178427.766534516
Salt Lake,2038,OTHR,339512.3576499466
Salt Lake,2038,RETL,98828.503397879
Salt Lake,2038,WSLE,107146.74514821428
Salt Lake,2039,AGRI,1223.205088734988
Salt Lake,2039,CONS,81095.896443506
Salt Lake,2039,FOOD,58306.0322378238
Salt Lake,2039,GVED,171601.83090501954
Salt Lake,2039,HLTH,111097.419742514
Salt Lake,2039,MANU,73402.6676852256
Salt Lake,2039,MING,4705.51857989861
Salt Lake,2039,OFFI,181810.0332951883
Salt Lake,2039,OTHR,345803.8450058376
Salt Lake,2039,RETL,99836.6739812532
Salt Lake,2039,WSLE,107316.59898523992
Salt Lake,2040,AGRI,1224.981157730077
Salt Lake,2040,CONS,81121.5287559102
Salt Lake,2040,FOOD,58681.5576513451
Salt Lake,2040,GVED,173697.99934040016
Salt Lake,2040,HLTH,112840.82842528
Salt Lake,2040,MANU,74337.590214673
Salt Lake,2040,MING,4704.4873461456
Salt Lake,2040,OFFI,185703.32397560572
Salt Lake,2040,OTHR,352025.5410913302
Salt Lake,2040,RETL,100874.907301287
Salt Lake,2040,WSLE,107558.78568581189
Salt Lake,2041,AGRI,1226.642716121772
Salt Lake,2041,CONS,81158.9699327113
Salt Lake,2041,FOOD,59148.0172512911
Salt Lake,2041,GVED,175565.09764025098
Salt Lake,2041,HLTH,114409.149852642
Salt Lake,2041,MANU,75207.1851182817
Salt Lake,2041,MING,4724.62498682008
Salt Lake,2041,OFFI,189106.6624399518
Salt Lake,2041,OTHR,357789.5037633662
Salt Lake,2041,RETL,102029.219917119
Salt Lake,2041,WSLE,107894.91504891921
Salt Lake,2042,AGRI,1228.050441592171
Salt Lake,2042,CONS,80831.8420032023
Salt Lake,2042,FOOD,59488.5765589095
Salt Lake,2042,GVED,177562.7888272402
Salt Lake,2042,HLTH,115860.133567185
Salt Lake,2042,MANU,76016.6030715479
Salt Lake,2042,MING,4769.91806421712
Salt Lake,2042,OFFI,192825.98023195018
Salt Lake,2042,OTHR,363361.97271464893
Salt Lake,2042,RETL,102920.110243123
Salt Lake,2042,WSLE,108320.37769599538
Salt Lake,2043,AGRI,1229.810191383896
Salt Lake,2043,CONS,80736.9000170363
Salt Lake,2043,FOOD,59964.4625789536
Salt Lake,2043,GVED,179798.05938040075
Salt Lake,2043,HLTH,117315.835913497
Salt Lake,2043,MANU,76708.6630584575
Salt Lake,2043,MING,4807.19811626436
Salt Lake,2043,OFFI,196585.6528174325
Salt Lake,2043,OTHR,369330.0814884355
Salt Lake,2043,RETL,104015.752967571
Salt Lake,2043,WSLE,108785.65278106874
Salt Lake,2044,AGRI,1231.476078606255
Salt Lake,2044,CONS,80910.0218717339
Salt Lake,2044,FOOD,60409.185742922
Salt Lake,2044,GVED,182199.29069404234
Salt Lake,2044,HLTH,118903.373970017
Salt Lake,2044,MANU,77431.2912325339
Salt Lake,2044,MING,4802.21006025978
Salt Lake,2044,OFFI,200403.9591689119
Salt Lake,2044,OTHR,375337.3917063774
Salt Lake,2044,RETL,105087.06421106
Salt Lake,2044,WSLE,109308.93343092044
Salt Lake,2045,AGRI,1232.312609718744
Salt Lake,2045,CONS,81555.9437732114
Salt Lake,2045,FOOD,60927.8361763139
Salt Lake,2045,GVED,184821.42109230865
Salt Lake,2045,HLTH,120646.804022078
Salt Lake,2045,MANU,78316.6305423853
Salt Lake,2045,MING,4792.12179982917
Salt Lake,2045,OFFI,204375.2629237205
Salt Lake,2045,OTHR,381124.7443459657
Salt Lake,2045,RETL,106338.752014887
Salt Lake,2045,WSLE,109840.66169370986
Salt Lake,2046,AGRI,1234.010606299714
Salt Lake,2046,CONS,82736.3887715702
Salt Lake,2046,FOOD,61380.3518643671
Salt Lake,2046,GVED,187557.53988039494
Salt Lake,2046,HLTH,122403.959102885
Salt Lake,2046,MANU,79210.131787429
Salt Lake,2046,MING,4795.17917499353
Salt Lake,2046,OFFI,208541.2287820605
Salt Lake,2046,OTHR,386456.2725083936
Salt Lake,2046,RETL,107547.459087906
Salt Lake,2046,WSLE,110364.71285500863
Salt Lake,2047,AGRI,1235.8144278421819
Salt Lake,2047,CONS,84331.3437389928
Salt Lake,2047,FOOD,61861.5158589975
Salt Lake,2047,GVED,190351.91013413953
Salt Lake,2047,HLTH,124166.787825217
Salt Lake,2047,MANU,80098.0423737269
Salt Lake,2047,MING,4829.82076314675
Salt Lake,2047,OFFI,213240.0170630278
Salt Lake,2047,OTHR,391521.7275814353
Salt Lake,2047,RETL,108878.302851241
Salt Lake,2047,WSLE,110865.09814104404
Salt Lake,2048,AGRI,1236.705662998087
Salt Lake,2048,CONS,86295.1128883564
Salt Lake,2048,FOOD,62422.436254409
Salt Lake,2048,GVED,193277.23647782241
Salt Lake,2048,HLTH,125887.84561931
Salt Lake,2048,MANU,81011.511742811
Salt Lake,2048,MING,4883.16207419349
Salt Lake,2048,OFFI,218101.0503098363
Salt Lake,2048,OTHR,396239.79311421386
Salt Lake,2048,RETL,110211.068774067
Salt Lake,2048,WSLE,111348.44992471927
Salt Lake,2049,AGRI,1237.6259253905
Salt Lake,2049,CONS,88592.7645014864
Salt Lake,2049,FOOD,63014.5746174003
Salt Lake,2049,GVED,196235.2651069777
Salt Lake,2049,HLTH,127642.189496068
Salt Lake,2049,MANU,81968.0597474462
Salt Lake,2049,MING,4938.50452546532
Salt Lake,2049,OFFI,222915.69153015187
Salt Lake,2049,OTHR,400917.7603798204
Salt Lake,2049,RETL,111576.428677885
Salt Lake,2049,WSLE,111812.9765529244
Salt Lake,2050,AGRI,1238.8091744710391
Salt Lake,2050,CONS,91109.1645052933
Salt Lake,2050,FOOD,63695.6703127312
Salt Lake,2050,GVED,199523.33025510827
Salt Lake,2050,HLTH,129524.747433612
Salt Lake,2050,MANU,82959.0082572396
Salt Lake,2050,MING,4992.11788877064
Salt Lake,2050,OFFI,227931.8979855893
Salt Lake,2050,OTHR,406043.58832647867
Salt Lake,2050,RETL,113095.926898668
Salt Lake,2050,WSLE,112350.77265004799
Salt Lake,2051,AGRI,1239.336873727093
Salt Lake,2051,CONS,93628.9535418684
Salt Lake,2051,FOOD,64245.0285170928
Salt Lake,2051,GVED,202341.83857885105
Salt Lake,2051,HLTH,131195.413492244
Salt Lake,2051,MANU,83961.6880170844
Salt Lake,2051,MING,5038.7489398444
Salt Lake,2051,OFFI,231283.4502772074
Salt Lake,2051,OTHR,410222.5268759134
Salt Lake,2051,RETL,114430.028045909
Salt Lake,2051,WSLE,112714.46875191727
Salt Lake,2052,AGRI,1240.0854597594512
Salt Lake,2052,CONS,96208.525950363
Salt Lake,2052,FOOD,64844.4230330674
Salt Lake,2052,GVED,205410.30034856603
Salt Lake,2052,HLTH,132867.642061117
Salt Lake,2052,MANU,84915.8238429508
Salt Lake,2052,MING,5090.03312269473
Salt Lake,2052,OFFI,234300.3974526772
Salt Lake,2052,OTHR,414579.9292006871
Salt Lake,2052,RETL,115831.957602637
Salt Lake,2052,WSLE,113156.32286427371
Salt Lake,2053,AGRI,1239.9399598841378
Salt Lake,2053,CONS,98857.3108006601
Salt Lake,2053,FOOD,65468.7825255873
Salt Lake,2053,GVED,208535.07270039845
Salt Lake,2053,HLTH,134512.065255684
Salt Lake,2053,MANU,85763.6496659195
Salt Lake,2053,MING,5148.36546209232
Salt Lake,2053,OFFI,236890.2180235656
Salt Lake,2053,OTHR,419242.21899293974
Salt Lake,2053,RETL,117227.260464208
Salt Lake,2053,WSLE,113693.45325226008
Salt Lake,2054,AGRI,1240.8286075565911
Salt Lake,2054,CONS,101648.490424126
Salt Lake,2054,FOOD,66084.7178743904
Salt Lake,2054,GVED,211707.11103961215
Salt Lake,2054,HLTH,136134.663194429
Salt Lake,2054,MANU,86580.8564207085
Salt Lake,2054,MING,5189.5886139454
Salt Lake,2054,OFFI,239507.9093715806
Salt Lake,2054,OTHR,423873.4184698977
Salt Lake,2054,RETL,118668.490813921
Salt Lake,2054,WSLE,114220.20483531852
Salt Lake,2055,AGRI,1240.8942078747268
Salt Lake,2055,CONS,104591.913125169
Salt Lake,2055,FOOD,66731.2792636847
Salt Lake,2055,GVED,214960.91304187826
Salt Lake,2055,HLTH,137755.01020501
Salt Lake,2055,MANU,87346.2095508075
Salt Lake,2055,MING,5214.12605936583
Salt Lake,2055,OFFI,242009.7551553719
Salt Lake,2055,OTHR,428714.16070594627
Salt Lake,2055,RETL,120140.409535168
Salt Lake,2055,WSLE,114846.90721843098
Salt Lake,2056,AGRI,1242.228083782258
Salt Lake,2056,CONS,106938.491884484
Salt Lake,2056,FOOD,67316.4959019264
Salt Lake,2056,GVED,218681.15747067574
Salt Lake,2056,HLTH,139673.691069994
Salt Lake,2056,MANU,88033.7781214086
Salt Lake,2056,MING,5191.27431195044
Salt Lake,2056,OFFI,244531.7547887436
Salt Lake,2056,OTHR,433998.0453681001
Salt Lake,2056,RETL,121433.516589114
Salt Lake,2056,WSLE,115629.14835073779
Salt Lake,2057,AGRI,1242.1936562349129
Salt Lake,2057,CONS,108765.053117577
Salt Lake,2057,FOOD,67790.7083898813
Salt Lake,2057,GVED,221662.68139886507
Salt Lake,2057,HLTH,141473.328588897
Salt Lake,2057,MANU,88764.6583581507
Salt Lake,2057,MING,5106.75440640025
Salt Lake,2057,OFFI,247148.2765175158
Salt Lake,2057,OTHR,438765.4630385292
Salt Lake,2057,RETL,122579.546578879
Salt Lake,2057,WSLE,116257.98200368002
Salt Lake,2058,AGRI,1243.207360806099
Salt Lake,2058,CONS,110319.361539601
Salt Lake,2058,FOOD,68258.8505987363
Salt Lake,2058,GVED,224521.82679552876
Salt Lake,2058,HLTH,143284.475616395
Salt Lake,2058,MANU,89521.8067925987
Salt Lake,2058,MING,5027.47483049153
Salt Lake,2058,OFFI,249839.8389803792
Salt Lake,2058,OTHR,443349.8769098964
Salt Lake,2058,RETL,123715.60278381
Salt Lake,2058,WSLE,116880.15933488592
Salt Lake,2059,AGRI,1243.277717124225
Salt Lake,2059,CONS,111682.539238865
Salt Lake,2059,FOOD,68714.539942416
Salt Lake,2059,GVED,227245.86409821417
Salt Lake,2059,HLTH,145091.699174157
Salt Lake,2059,MANU,90285.2978025135
Salt Lake,2059,MING,4975.2937711401
Salt Lake,2059,OFFI,252552.7745906233
Salt Lake,2059,OTHR,447820.5573376855
Salt Lake,2059,RETL,124840.019624995
Salt Lake,2059,WSLE,117494.61100903866
Salt Lake,2060,AGRI,1242.415561774377
Salt Lake,2060,CONS,112908.769170425
Salt Lake,2060,FOOD,69157.6539506497
Salt Lake,2060,GVED,230019.3479659122
Salt Lake,2060,HLTH,146951.491185738
Salt Lake,2060,MANU,91054.7162437749
Salt Lake,2060,MING,4949.20611651037
Salt Lake,2060,OFFI,255269.7497324548
Salt Lake,2060,OTHR,452237.9933143023
Salt Lake,2060,RETL,125952.245422553
Salt Lake,2060,WSLE,118112.7191879547
Salt Lake,2061,AGRI,1243.32577393999
Salt Lake,2061,CONS,114022.805567509
Salt Lake,2061,FOOD,69657.7750816758
Salt Lake,2061,GVED,232317.6749606004
Salt Lake,2061,HLTH,148728.296350704
Salt Lake,2061,MANU,91809.4307325776
Salt Lake,2061,MING,4936.56061256196
Salt Lake,2061,OFFI,257827.4762513374
Salt Lake,2061,OTHR,456632.5809993514
Salt Lake,2061,RETL,127055.838326165
Salt Lake,2061,WSLE,118631.62937826573
Salt Lake,2062,AGRI,1242.34201983626
Salt Lake,2062,CONS,115101.637910392
Salt Lake,2062,FOOD,70167.0620916503
Salt Lake,2062,GVED,234833.21520027306
Salt Lake,2062,HLTH,150506.971389726
Salt Lake,2062,MANU,92570.4556145929
Salt Lake,2062,MING,4926.9052397597
Salt Lake,2062,OFFI,260288.3358548191
Salt Lake,2062,OTHR,461031.80697771057
Salt Lake,2062,RETL,128191.435230033
Salt Lake,2062,WSLE,119159.66118655454
Salt Lake,2063,AGRI,1242.3308415804731
Salt Lake,2063,CONS,116146.518440219
Salt Lake,2063,FOOD,70684.9315187495
Salt Lake,2063,GVED,237366.5144723926
Salt Lake,2063,HLTH,152307.473476908
Salt Lake,2063,MANU,93332.2518496242
Salt Lake,2063,MING,4918.27621777431
Salt Lake,2063,OFFI,262672.526194825
Salt Lake,2063,OTHR,465428.1920033933
Salt Lake,2063,RETL,129355.370752664
Salt Lake,2063,WSLE,119696.77994254028
Salt Lake,2064,AGRI,1243.2887339721728
Salt Lake,2064,CONS,117156.487841919
Salt Lake,2064,FOOD,71213.223189719
Salt Lake,2064,GVED,239922.160145864
Salt Lake,2064,HLTH,154127.744231596
Salt Lake,2064,MANU,94093.7925597462
Salt Lake,2064,MING,4911.62275561852
Salt Lake,2064,OFFI,264993.4364417818
Salt Lake,2064,OTHR,469820.4641966277
Salt Lake,2064,RETL,130547.487365069
Salt Lake,2064,WSLE,120239.03582612558
Salt Lake,2065,AGRI,1243.301865987472
Salt Lake,2065,CONS,118132.653661094
Salt Lake,2065,FOOD,71750.9976504039
Salt Lake,2065,GVED,242500.26078912665
Salt Lake,2065,HLTH,155968.802306979
Salt Lake,2065,MANU,94854.1778614818
Salt Lake,2065,MING,4905.02974773266
Salt Lake,2065,OFFI,267262.84658715874
Salt Lake,2065,OTHR,474213.7082904595
Salt Lake,2065,RETL,131764.933157581
Salt Lake,2065,WSLE,120788.38710683526
San Juan,2023,AGRI,808.0
San Juan,2023,CONS,317.0
San Juan,2023,FOOD,712.0
San Juan,2023,GVED,1841.0
San Juan,2023,HLTH,973.0
San Juan,2023,MANU,117.0
San Juan,2023,MING,370.0
San Juan,2023,OFFI,195.0
San Juan,2023,OTHR,1270.0
San Juan,2023,RETL,473.0
San Juan,2023,WSLE,120.0
San Juan,2024,AGRI,810.0
San Juan,2024,CONS,311.0
San Juan,2024,FOOD,732.0
San Juan,2024,GVED,1850.0
San Juan,2024,HLTH,996.0
San Juan,2024,MANU,115.0
San Juan,2024,MING,476.0
San Juan,2024,OFFI,211.0
San Juan,2024,OTHR,1217.0
San Juan,2024,RETL,495.0
San Juan,2024,WSLE,118.0
San Juan,2025,AGRI,807.6513119554943
San Juan,2025,CONS,299.886116190822
San Juan,2025,FOOD,727.836703923546
San Juan,2025,GVED,1862.5756109034855
San Juan,2025,HLTH,1028.84138900965
San Juan,2025,MANU,116.809249238891
San Juan,2025,MING,470.184206677288
San Juan,2025,OFFI,212.6474368439509
San Juan,2025,OTHR,1230.9683893140032
San Juan,2025,RETL,484.408114419973
San Juan,2025,WSLE,118.8055975450185
San Juan,2026,AGRI,808.3223872285033
San Juan,2026,CONS,291.505716001094
San Juan,2026,FOOD,727.659397265462
San Juan,2026,GVED,1844.5453170493292
San Juan,2026,HLTH,1048.64695955856
San Juan,2026,MANU,118.615340411467
San Juan,2026,MING,480.316072339737
San Juan,2026,OFFI,210.3079942201012
San Juan,2026,OTHR,1242.924206943267
San Juan,2026,RETL,474.18551144979
San Juan,2026,WSLE,119.60769009196
San Juan,2027,AGRI,805.0573397811692
San Juan,2027,CONS,286.99100860157
San Juan,2027,FOOD,724.643055589749
San Juan,2027,GVED,1828.3251430919745
San Juan,2027,HLTH,1061.06718580017
San Juan,2027,MANU,119.431294346756
San Juan,2027,MING,487.455687439464
San Juan,2027,OFFI,208.9863147354589
San Juan,2027,OTHR,1261.901161914255
San Juan,2027,RETL,468.18979345579
San Juan,2027,WSLE,119.4261160480485
San Juan,2028,AGRI,800.8150271864857
San Juan,2028,CONS,289.858813970309
San Juan,2028,FOOD,720.540821198337
San Juan,2028,GVED,1812.49992031775
San Juan,2028,HLTH,1070.59852074457
San Juan,2028,MANU,120.236131385144
San Juan,2028,MING,463.772098918401
San Juan,2028,OFFI,209.6521147372177
San Juan,2028,OTHR,1290.703406761002
San Juan,2028,RETL,464.435449180117
San Juan,2028,WSLE,119.2396807733367
San Juan,2029,AGRI,796.6245047598355
San Juan,2029,CONS,295.662008485091
San Juan,2029,FOOD,713.53263209287
San Juan,2029,GVED,1800.9552209972712
San Juan,2029,HLTH,1079.49161121163
San Juan,2029,MANU,122.037428951338
San Juan,2029,MING,435.25225084021
San Juan,2029,OFFI,211.3201770319964
San Juan,2029,OTHR,1313.564283793861
San Juan,2029,RETL,462.251540311677
San Juan,2029,WSLE,119.06114016712749
San Juan,2030,AGRI,792.4740335850177
San Juan,2030,CONS,299.769822028229
San Juan,2030,FOOD,703.625323108703
San Juan,2030,GVED,1792.0142350711603
San Juan,2030,HLTH,1093.6458515591
San Juan,2030,MANU,124.829800247996
San Juan,2030,MING,425.673372419287
San Juan,2030,OFFI,212.0159933241091
San Juan,2030,OTHR,1331.510189901072
San Juan,2030,RETL,462.568066148942
San Juan,2030,WSLE,117.89765909435201
San Juan,2031,AGRI,788.336762596221
San Juan,2031,CONS,305.062690685657
San Juan,2031,FOOD,689.787460249137
San Juan,2031,GVED,1778.7740672889925
San Juan,2031,HLTH,1110.11657218434
San Juan,2031,MANU,126.625741496752
San Juan,2031,MING,426.012924630479
San Juan,2031,OFFI,212.71888104569481
San Juan,2031,OTHR,1345.526080499253
San Juan,2031,RETL,465.118577899975
San Juan,2031,WSLE,118.7163817810532
San Juan,2032,AGRI,785.2414950958135
San Juan,2032,CONS,312.302477060808
San Juan,2032,FOOD,679.042250091382
San Juan,2032,GVED,1772.7582955411776
San Juan,2032,HLTH,1126.05925683852
San Juan,2032,MANU,128.424927308821
San Juan,2032,MING,444.163284236265
San Juan,2032,OFFI,214.4139262683708
San Juan,2032,OTHR,1359.6487855544578
San Juan,2032,RETL,467.780463537156
San Juan,2032,WSLE,116.5796349260426
San Juan,2033,AGRI,785.1428805675353
San Juan,2033,CONS,318.929270713972
San Juan,2033,FOOD,671.404632284071
San Juan,2033,GVED,1766.9671260299197
San Juan,2033,HLTH,1140.32038197883
San Juan,2033,MANU,130.229666556139
San Juan,2033,MING,462.277926440562
San Juan,2033,OFFI,215.1403402304487
San Juan,2033,OTHR,1369.606849448922
San Juan,2033,RETL,469.689781790657
San Juan,2033,WSLE,116.4393143934246
San Juan,2034,AGRI,785.155991150009
San Juan,2034,CONS,325.65290476041
San Juan,2034,FOOD,668.421463595981
San Juan,2034,GVED,1768.0275970762164
San Juan,2034,HLTH,1157.25554955827
San Juan,2034,MANU,131.082560381722
San Juan,2034,MING,476.492451473146
San Juan,2034,OFFI,218.001608860478
San Juan,2034,OTHR,1383.970732501142
San Juan,2034,RETL,471.443798337081
San Juan,2034,WSLE,114.3872468203146
San Juan,2035,AGRI,783.9385753363623
San Juan,2035,CONS,329.748134981786
San Juan,2035,FOOD,654.622430615052
San Juan,2035,GVED,1766.334410021172
San Juan,2035,HLTH,1165.19142375698
San Juan,2035,MANU,132.804448383689
San Juan,2035,MING,480.622711784504
San Juan,2035,OFFI,219.3914004989305
San Juan,2035,OTHR,1377.075304997699
San Juan,2035,RETL,471.52432461155
San Juan,2035,WSLE,114.12730108680239
San Juan,2036,AGRI,783.875534572911
San Juan,2036,CONS,332.497182896411
San Juan,2036,FOOD,650.880674539946
San Juan,2036,GVED,1771.3369959667648
San Juan,2036,HLTH,1171.80059077475
San Juan,2036,MANU,134.590745901346
San Juan,2036,MING,473.095433101179
San Juan,2036,OFFI,221.0574077783465
San Juan,2036,OTHR,1384.136569832826
San Juan,2036,RETL,471.696441794491
San Juan,2036,WSLE,112.9957215652589
San Juan,2037,AGRI,782.8798779523819
San Juan,2037,CONS,332.451377852414
San Juan,2037,FOOD,649.118470875022
San Juan,2037,GVED,1781.6742990279038
San Juan,2037,HLTH,1182.02342699177
San Juan,2037,MANU,136.38158899852
San Juan,2037,MING,464.64204146041
San Juan,2037,OFFI,222.7359884636862
San Juan,2037,OTHR,1396.121540774581
San Juan,2037,RETL,472.613173634211
San Juan,2037,WSLE,111.8738403512238
San Juan,2038,AGRI,781.928725445908
San Juan,2038,CONS,330.948518656005
San Juan,2038,FOOD,644.460640962003
San Juan,2038,GVED,1793.0721076146403
San Juan,2038,HLTH,1193.01303589647
San Juan,2038,MANU,137.196334568294
San Juan,2038,MING,459.176789069742
San Juan,2038,OFFI,223.4457380606902
San Juan,2038,OTHR,1414.0381800917842
San Juan,2038,RETL,473.783374119323
San Juan,2038,WSLE,110.7614755130099
San Juan,2039,AGRI,780.9987666053069
San Juan,2039,CONS,329.069232507049
San Juan,2039,FOOD,641.784952920566
San Juan,2039,GVED,1804.8604159670283
San Juan,2039,HLTH,1203.0391247176
San Juan,2039,MANU,138.991352386231
San Juan,2039,MING,454.715772339379
San Juan,2039,OFFI,225.1396456265358
San Juan,2039,OTHR,1433.909335235008
San Juan,2039,RETL,475.474170287087
San Juan,2039,WSLE,110.6333219994977
San Juan,2040,AGRI,780.0949348116401
San Juan,2040,CONS,326.779948583714
San Juan,2040,FOOD,637.192803105981
San Juan,2040,GVED,1819.9850292011254
San Juan,2040,HLTH,1213.68449492253
San Juan,2040,MANU,140.786748363157
San Juan,2040,MING,450.281426720141
San Juan,2040,OFFI,225.86032964068568
San Juan,2040,OTHR,1447.921109192222
San Juan,2040,RETL,477.058096192597
San Juan,2040,WSLE,110.50963436312179
San Juan,2041,AGRI,778.2189921489148
San Juan,2041,CONS,324.530588168083
San Juan,2041,FOOD,632.608131661718
San Juan,2041,GVED,1835.46237546158
San Juan,2041,HLTH,1224.12130903677
San Juan,2041,MANU,141.601691810262
San Juan,2041,MING,448.788110376544
San Juan,2041,OFFI,226.5800938614766
San Juan,2041,OTHR,1463.8552117671738
San Juan,2041,RETL,479.25546024592
San Juan,2041,WSLE,109.40981852200869
San Juan,2042,AGRI,777.3409621011466
San Juan,2042,CONS,321.57054062296
San Juan,2042,FOOD,628.034464374412
San Juan,2042,GVED,1856.4730193575801
San Juan,2042,HLTH,1231.41237665023
San Juan,2042,MANU,142.41719152555
San Juan,2042,MING,449.25788373
San Juan,2042,OFFI,227.3031879794458
San Juan,2042,OTHR,1476.859231935792
San Juan,2042,RETL,480.335069873213
San Juan,2042,WSLE,110.2646418552788
San Juan,2043,AGRI,776.48783702835
San Juan,2043,CONS,318.964268272
San Juan,2043,FOOD,623.502668667833
San Juan,2043,GVED,1877.2605933892503
San Juan,2043,HLTH,1236.66015447394
San Juan,2043,MANU,143.236309448977
San Juan,2043,MING,448.767218967492
San Juan,2043,OFFI,229.98058925855082
San Juan,2043,OTHR,1489.887461029271
San Juan,2043,RETL,482.017179929823
San Juan,2043,WSLE,108.1990009082989
San Juan,2044,AGRI,773.7138024935107
San Juan,2044,CONS,315.064621657085
San Juan,2044,FOOD,618.991211116214
San Juan,2044,GVED,1899.388154092469
San Juan,2044,HLTH,1244.47525072133
San Juan,2044,MANU,144.057842643862
San Juan,2044,MING,444.39807823036
San Juan,2044,OFFI,230.712310030725
San Juan,2044,OTHR,1503.900220255439
San Juan,2044,RETL,483.253233906905
San Juan,2044,WSLE,108.0868948977864
San Juan,2045,AGRI,771.9524573295421
San Juan,2045,CONS,314.327042842546
San Juan,2045,FOOD,613.54781150124
San Juan,2045,GVED,1921.9072211059329
San Juan,2045,HLTH,1252.38293210002
San Juan,2045,MANU,144.884534771064
San Juan,2045,MING,440.058397650318
San Juan,2045,OFFI,232.4251518776067
San Juan,2045,OTHR,1516.98291397228
San Juan,2045,RETL,484.491142629541
San Juan,2045,WSLE,108.9522480661539
San Juan,2046,AGRI,770.21971257565
San Juan,2046,CONS,314.079072796484
San Juan,2046,FOOD,609.096124917564
San Juan,2046,GVED,1942.9406849995526
San Juan,2046,HLTH,1260.24129168656
San Juan,2046,MANU,146.685071794759
San Juan,2046,MING,436.71203006166
San Juan,2046,OFFI,234.1415926721516
San Juan,2046,OTHR,1526.200158069153
San Juan,2046,RETL,484.986035865585
San Juan,2046,WSLE,107.87616710673049
San Juan,2047,AGRI,768.5200774937275
San Juan,2047,CONS,316.067013770059
San Juan,2047,FOOD,604.675370701969
San Juan,2047,GVED,1967.5182982047636
San Juan,2047,HLTH,1268.98936163734
San Juan,2047,MANU,147.51757033296
San Juan,2047,MING,437.270290989064
San Juan,2047,OFFI,236.8339427954918
San Juan,2047,OTHR,1536.429901745374
San Juan,2047,RETL,486.070158061203
San Juan,2047,WSLE,108.74689255718471
San Juan,2048,AGRI,767.8156597256566
San Juan,2048,CONS,318.951626677734
San Juan,2048,FOOD,601.248188899178
San Juan,2048,GVED,1987.0286707541266
San Juan,2048,HLTH,1278.04334198381
San Juan,2048,MANU,149.322322551688
San Juan,2048,MING,438.809868429004
San Juan,2048,OFFI,240.49746166448023
San Juan,2048,OTHR,1546.684935265075
San Juan,2048,RETL,487.944294239207
San Juan,2048,WSLE,108.64963823815461
San Juan,2049,AGRI,766.1666539773265
San Juan,2049,CONS,323.135471486573
San Juan,2049,FOOD,597.84165957263
San Juan,2049,GVED,2007.3640075834153
San Juan,2049,HLTH,1287.92065118674
San Juan,2049,MANU,150.159588802598
San Juan,2049,MING,441.32818360047
San Juan,2049,OFFI,244.1612303567296
San Juan,2049,OTHR,1556.966190400369
San Juan,2049,RETL,489.548286388794
San Juan,2049,WSLE,107.5869838931059
San Juan,2050,AGRI,764.5553650868927
San Juan,2050,CONS,327.561229859158
San Juan,2050,FOOD,594.477434917564
San Juan,2050,GVED,2028.4846153847277
San Juan,2050,HLTH,1298.35105259973
San Juan,2050,MANU,151.970638637147
San Juan,2050,MING,442.895741447696
San Juan,2050,OFFI,246.862290691871
San Juan,2050,OTHR,1567.304707515475
San Juan,2050,RETL,490.303066089848
San Juan,2050,WSLE,108.4672292752212
San Juan,2051,AGRI,762.9133925947376
San Juan,2051,CONS,333.045261422056
San Juan,2051,FOOD,591.058645017679
San Juan,2051,GVED,2043.7873768563295
San Juan,2051,HLTH,1308.6094561904
San Juan,2051,MANU,152.803052580727
San Juan,2051,MING,444.438159997859
San Juan,2051,OFFI,248.5795077386534
San Juan,2051,OTHR,1574.640305784745
San Juan,2051,RETL,492.675624101349
San Juan,2051,WSLE,108.3718778290836
San Juan,2052,AGRI,760.3264736241118
San Juan,2052,CONS,338.315210803367
San Juan,2052,FOOD,587.661662516997
San Juan,2052,GVED,2058.9307744591
San Juan,2052,HLTH,1320.14652691649
San Juan,2052,MANU,154.60398222408
San Juan,2052,MING,446.954694852873
San Juan,2052,OFFI,249.3337560391576
San Juan,2052,OTHR,1584.906736981005
San Juan,2052,RETL,494.412358218792
San Juan,2052,WSLE,108.2794421324599
San Juan,2053,AGRI,758.722632765585
San Juan,2053,CONS,344.878885689527
San Juan,2053,FOOD,584.278432601746
San Juan,2053,GVED,2075.9655917612668
San Juan,2053,HLTH,1333.54826722775
San Juan,2053,MANU,155.439353534502
San Juan,2053,MING,449.475013286999
San Juan,2053,OFFI,250.09095049120742
San Juan,2053,OTHR,1596.147538303169
San Juan,2053,RETL,496.496023666351
San Juan,2053,WSLE,108.18894161226319
San Juan,2054,AGRI,756.167535437877
San Juan,2054,CONS,350.698034503215
San Juan,2054,FOOD,580.906638500201
San Juan,2054,GVED,2092.9317115746076
San Juan,2054,HLTH,1346.70401562188
San Juan,2054,MANU,156.275541363189
San Juan,2054,MING,450.068732440226
San Juan,2054,OFFI,250.8501440063979
San Juan,2054,OTHR,1605.460957366974
San Juan,2054,RETL,498.117885051949
San Juan,2054,WSLE,108.0999873202786
San Juan,2055,AGRI,754.5949430666074
San Juan,2055,CONS,357.858247446409
San Juan,2055,FOOD,577.554592231812
San Juan,2055,GVED,2106.9296314763233
San Juan,2055,HLTH,1359.32057278591
San Juan,2055,MANU,157.11367881205
San Juan,2055,MING,449.707246924124
San Juan,2055,OFFI,251.6129925102901
San Juan,2055,OTHR,1616.71917695867
San Juan,2055,RETL,501.227572649887
San Juan,2055,WSLE,108.9771801282716
San Juan,2056,AGRI,752.0670621861786
San Juan,2056,CONS,358.979542700072
San Juan,2056,FOOD,573.25778268899
San Juan,2056,GVED,2118.3012236558047
San Juan,2056,HLTH,1372.05383264531
San Juan,2056,MANU,156.989147454251
San Juan,2056,MING,444.536432856132
San Juan,2056,OFFI,251.4135393584233
San Juan,2056,OTHR,1627.00979324116
San Juan,2056,RETL,501.540088728065
San Juan,2056,WSLE,108.89146059392141
San Juan,2057,AGRI,749.5225095185501
San Juan,2057,CONS,359.819960186676
San Juan,2057,FOOD,567.977570740119
San Juan,2057,GVED,2126.3206204442117
San Juan,2057,HLTH,1382.60252139695
San Juan,2057,MANU,157.82204127247
San Juan,2057,MING,434.549883904814
San Juan,2057,OFFI,251.2069681874444
San Juan,2057,OTHR,1637.231955535881
San Juan,2057,RETL,501.549271080184
San Juan,2057,WSLE,107.8398867318687
San Juan,2058,AGRI,746.9844899566992
San Juan,2058,CONS,360.919660520779
San Juan,2058,FOOD,562.708741208406
San Juan,2058,GVED,2134.5064473886073
San Juan,2058,HLTH,1393.18162055547
San Juan,2058,MANU,158.654175831533
San Juan,2058,MING,425.542623740183
San Juan,2058,OFFI,251.96285194580258
San Juan,2058,OTHR,1646.4835121907781
San Juan,2058,RETL,501.116529677011
San Juan,2058,WSLE,108.713156494184
San Juan,2059,AGRI,744.4541707241414
San Juan,2059,CONS,361.939393064826
San Juan,2059,FOOD,557.450741608392
San Juan,2059,GVED,2142.815625321251
San Juan,2059,HLTH,1404.55511475114
San Juan,2059,MANU,159.485725576383
San Juan,2059,MING,418.473349021686
San Juan,2059,OFFI,251.7580425028414
San Juan,2059,OTHR,1656.687511930673
San Juan,2059,RETL,501.883242214953
San Juan,2059,WSLE,108.6249580505836
San Juan,2060,AGRI,741.9380630003251
San Juan,2060,CONS,364.294521291643
San Juan,2060,FOOD,552.207254799001
San Juan,2060,GVED,2154.3954291556765
San Juan,2060,HLTH,1416.16547715105
San Juan,2060,MANU,160.318079919413
San Juan,2060,MING,414.300654538513
San Juan,2060,OFFI,252.51661256998898
San Juan,2060,OTHR,1667.8556718520101
San Juan,2060,RETL,503.374227449786
San Juan,2060,WSLE,108.5383203353483
San Juan,2061,AGRI,739.4182487105088
San Juan,2061,CONS,366.038169015763
San Juan,2061,FOOD,546.964349661407
San Juan,2061,GVED,2160.5454128201927
San Juan,2061,HLTH,1427.81356682277
San Juan,2061,MANU,161.147035215605
San Juan,2061,MING,412.046602289314
San Juan,2061,OFFI,252.3117845237606
San Juan,2061,OTHR,1678.9697543856269
San Juan,2061,RETL,504.468481561332
San Juan,2061,WSLE,108.4502798224135
San Juan,2062,AGRI,737.8749623139631
San Juan,2062,CONS,367.66502540788
San Juan,2062,FOOD,541.740386124268
San Juan,2062,GVED,2171.293023046764
San Juan,2062,HLTH,1438.18269695484
San Juan,2062,MANU,161.977769188395
San Juan,2062,MING,409.8041034784
San Juan,2062,OFFI,252.1121483876426
San Juan,2062,OTHR,1689.140162722189
San Juan,2062,RETL,505.985808020987
San Juan,2062,WSLE,108.3644709297949
San Juan,2063,AGRI,735.3846505476764
San Juan,2063,CONS,369.293334258055
San Juan,2063,FOOD,537.488021139381
San Juan,2063,GVED,2182.047420781161
San Juan,2063,HLTH,1449.50870968819
San Juan,2063,MANU,162.808964021655
San Juan,2063,MING,408.527083394953
San Juan,2063,OFFI,251.9155734925596
San Juan,2063,OTHR,1702.1854826032531
San Juan,2063,RETL,507.506266481945
San Juan,2063,WSLE,108.2799778395569
San Juan,2064,AGRI,734.8189835467559
San Juan,2064,CONS,370.922777936677
San Juan,2064,FOOD,532.290806944467
San Juan,2064,GVED,2191.8500149915435
San Juan,2064,HLTH,1459.87478176753
San Juan,2064,MANU,163.640483693249
San Juan,2064,MING,407.256084944166
San Juan,2064,OFFI,252.6785512541419
San Juan,2064,OTHR,1713.313946920137
San Juan,2064,RETL,509.029395057577
San Juan,2064,WSLE,108.1966875366133
San Juan,2065,AGRI,732.3496472598073
San Juan,2065,CONS,371.597502865691
San Juan,2065,FOOD,527.106979571883
San Juan,2065,GVED,2203.57214220194
San Juan,2065,HLTH,1470.23997357387
San Juan,2065,MANU,164.472409274193
San Juan,2065,MING,406.947226330413
San Juan,2065,OFFI,252.4869225714761
San Juan,2065,OTHR,1724.4429619578182
San Juan,2065,RETL,510.55541017601
San Juan,2065,WSLE,108.11463233802769
Sanpete,2023,AGRI,1261.0
Sanpete,2023,CONS,1103.0
Sanpete,2023,FOOD,647.0
Sanpete,2023,GVED,3826.0
Sanpete,2023,HLTH,935.0
Sanpete,2023,MANU,1512.0
Sanpete,2023,MING,123.0
Sanpete,2023,OFFI,926.0
Sanpete,2023,OTHR,2872.0
Sanpete,2023,RETL,1442.0
Sanpete,2023,WSLE,537.0
Sanpete,2024,AGRI,1264.0
Sanpete,2024,CONS,1110.0
Sanpete,2024,FOOD,676.0
Sanpete,2024,GVED,3901.0
Sanpete,2024,HLTH,921.0
Sanpete,2024,MANU,1528.0
Sanpete,2024,MING,159.0
Sanpete,2024,OFFI,1013.0
Sanpete,2024,OTHR,2425.0
Sanpete,2024,RETL,1367.0
Sanpete,2024,WSLE,505.0
Sanpete,2025,AGRI,1259.9205106334912
Sanpete,2025,CONS,1140.8862937448
Sanpete,2025,FOOD,673.618665169105
Sanpete,2025,GVED,3965.054533994439
Sanpete,2025,HLTH,960.879231100483
Sanpete,2025,MANU,1565.60011968656
Sanpete,2025,MING,158.745373215507
Sanpete,2025,OFFI,1022.6918944129752
Sanpete,2025,OTHR,2464.33599347593
Sanpete,2025,RETL,1371.08917041025
Sanpete,2025,WSLE,511.56262337899807
Sanpete,2026,AGRI,1260.836023857828
Sanpete,2026,CONS,1161.38785925422
Sanpete,2026,FOOD,674.865073876058
Sanpete,2026,GVED,4017.4708966812495
Sanpete,2026,HLTH,988.719456467685
Sanpete,2026,MANU,1585.73572378768
Sanpete,2026,MING,164.449661192066
Sanpete,2026,OFFI,1015.2574017823147
Sanpete,2026,OTHR,2490.296676467793
Sanpete,2026,RETL,1366.55999603146
Sanpete,2026,WSLE,511.8842718271739
Sanpete,2027,AGRI,1255.942782372163
Sanpete,2027,CONS,1182.75059847676
Sanpete,2027,FOOD,676.685704901847
Sanpete,2027,GVED,4066.9489721221717
Sanpete,2027,HLTH,1012.93879611156
Sanpete,2027,MANU,1607.7540351415
Sanpete,2027,MING,168.197445111979
Sanpete,2027,OFFI,1008.2751564075174
Sanpete,2027,OTHR,2523.577085346034
Sanpete,2027,RETL,1375.45973511048
Sanpete,2027,WSLE,513.7170759795345
Sanpete,2028,AGRI,1249.008902500352
Sanpete,2028,CONS,1211.93021118484
Sanpete,2028,FOOD,681.136602301413
Sanpete,2028,GVED,4129.730890518727
Sanpete,2028,HLTH,1030.96456481968
Sanpete,2028,MANU,1630.79993303633
Sanpete,2028,MING,161.971845742052
Sanpete,2028,OFFI,1008.960653419451
Sanpete,2028,OTHR,2575.818932940935
Sanpete,2028,RETL,1384.78528831332
Sanpete,2028,WSLE,513.1433945417291
Sanpete,2029,AGRI,1242.170239708422
Sanpete,2029,CONS,1244.73018068951
Sanpete,2029,FOOD,682.710180198186
Sanpete,2029,GVED,4195.459036374395
Sanpete,2029,HLTH,1048.35114408023
Sanpete,2029,MANU,1664.777298431
Sanpete,2029,MING,152.807555950076
Sanpete,2029,OFFI,1014.6649854559362
Sanpete,2029,OTHR,2635.1379776364192
Sanpete,2029,RETL,1397.83355265382
Sanpete,2029,WSLE,512.6130864570077
Sanpete,2030,AGRI,1235.39315256084
Sanpete,2030,CONS,1270.74095950096
Sanpete,2030,FOOD,679.427802099486
Sanpete,2030,GVED,4230.338556686757
Sanpete,2030,HLTH,1065.67148462326
Sanpete,2030,MANU,1703.66275976982
Sanpete,2030,MING,149.625867164838
Sanpete,2030,OFFI,1023.4227751902131
Sanpete,2030,OTHR,2684.155546994049
Sanpete,2030,RETL,1414.85696239502
Sanpete,2030,WSLE,510.1246684677374
Sanpete,2031,AGRI,1230.58855939454
Sanpete,2031,CONS,1290.60366981121
Sanpete,2031,FOOD,674.139854529877
Sanpete,2031,GVED,4267.925010421416
Sanpete,2031,HLTH,1083.26069830325
Sanpete,2031,MANU,1742.24958870532
Sanpete,2031,MING,151.386311568072
Sanpete,2031,OFFI,1029.1679821977143
Sanpete,2031,OTHR,2732.182473382847
Sanpete,2031,RETL,1435.2370156373
Sanpete,2031,WSLE,508.5620740972595
Sanpete,2032,AGRI,1225.887619285889
Sanpete,2032,CONS,1313.30207875525
Sanpete,2032,FOOD,671.004532283093
Sanpete,2032,GVED,4308.3735552967
Sanpete,2032,HLTH,1099.97994018823
Sanpete,2032,MANU,1777.03776160032
Sanpete,2032,MING,158.105613724068
Sanpete,2032,OFFI,1034.9659499813606
Sanpete,2032,OTHR,2776.826902838356
Sanpete,2032,RETL,1453.20631423384
Sanpete,2032,WSLE,506.1484086027348
Sanpete,2033,AGRI,1226.18576365106
Sanpete,2033,CONS,1333.39900815252
Sanpete,2033,FOOD,671.988440964974
Sanpete,2033,GVED,4344.618508474423
Sanpete,2033,HLTH,1111.62389896998
Sanpete,2033,MANU,1807.10211693773
Sanpete,2033,MING,165.787763335133
Sanpete,2033,OFFI,1043.870975241443
Sanpete,2033,OTHR,2824.193950546864
Sanpete,2033,RETL,1466.99017594592
Sanpete,2033,WSLE,503.89654303572024
Sanpete,2034,AGRI,1226.765934014938
Sanpete,2034,CONS,1354.58427419812
Sanpete,2034,FOOD,677.81328442165
Sanpete,2034,GVED,4391.038613061268
Sanpete,2034,HLTH,1126.98048913661
Sanpete,2034,MANU,1833.61727160643
Sanpete,2034,MING,172.548295222514
Sanpete,2034,OFFI,1054.9221573202792
Sanpete,2034,OTHR,2912.022985051654
Sanpete,2034,RETL,1482.8849977773
Sanpete,2034,WSLE,498.80887866750686
Sanpete,2035,AGRI,1225.634090897384
Sanpete,2035,CONS,1365.90371288689
Sanpete,2035,FOOD,673.117668803506
Sanpete,2035,GVED,4424.975940961992
Sanpete,2035,HLTH,1134.5395083025
Sanpete,2035,MANU,1862.28107100858
Sanpete,2035,MING,175.12720902005
Sanpete,2035,OFFI,1068.3835395884562
Sanpete,2035,OTHR,2887.728719423132
Sanpete,2035,RETL,1490.14810964195
Sanpete,2035,WSLE,492.64591841116646
Sanpete,2036,AGRI,1223.996978229749
Sanpete,2036,CONS,1374.85901979672
Sanpete,2036,FOOD,677.719310732195
Sanpete,2036,GVED,4465.105857993584
Sanpete,2036,HLTH,1143.01837735305
Sanpete,2036,MANU,1898.40284598351
Sanpete,2036,MING,173.895814504292
Sanpete,2036,OFFI,1081.7559698744021
Sanpete,2036,OTHR,2930.397396797662
Sanpete,2036,RETL,1500.53545141681
Sanpete,2036,WSLE,487.2142391951521
Sanpete,2037,AGRI,1223.428376196803
Sanpete,2037,CONS,1376.84876932419
Sanpete,2037,FOOD,684.317787756567
Sanpete,2037,GVED,4513.128677809054
Sanpete,2037,HLTH,1154.65676170512
Sanpete,2037,MANU,1935.59957282665
Sanpete,2037,MING,172.687810429875
Sanpete,2037,OFFI,1091.282796471503
Sanpete,2037,OTHR,2980.959957107852
Sanpete,2037,RETL,1514.06556420657
Sanpete,2037,WSLE,481.8420039643572
Sanpete,2038,AGRI,1222.923229393149
Sanpete,2038,CONS,1375.01688773595
Sanpete,2038,FOOD,689.020769504312
Sanpete,2038,GVED,4562.395784452527
Sanpete,2038,HLTH,1167.81461071172
Sanpete,2038,MANU,1968.92155876999
Sanpete,2038,MING,172.474739976543
Sanpete,2038,OFFI,1100.8689026724041
Sanpete,2038,OTHR,3042.451221876454
Sanpete,2038,RETL,1529.45496739369
Sanpete,2038,WSLE,479.46510117672403
Sanpete,2039,AGRI,1221.468308709422
Sanpete,2039,CONS,1371.36566840482
Sanpete,2039,FOOD,693.736468128975
Sanpete,2039,GVED,4609.259229917445
Sanpete,2039,HLTH,1179.02657068756
Sanpete,2039,MANU,2000.23789322266
Sanpete,2039,MING,172.267511002749
Sanpete,2039,OFFI,1108.5099602102046
Sanpete,2039,OTHR,3096.033980498049
Sanpete,2039,RETL,1545.85202705962
Sanpete,2039,WSLE,477.0980711079725
Sanpete,2040,AGRI,1220.064678792287
Sanpete,2040,CONS,1367.20881500016
Sanpete,2040,FOOD,695.573818442124
Sanpete,2040,GVED,4657.71937912838
Sanpete,2040,HLTH,1190.91936914111
Sanpete,2040,MANU,2029.65653799229
Sanpete,2040,MING,172.071689393571
Sanpete,2040,OFFI,1117.17762210136
Sanpete,2040,OTHR,3144.901886178186
Sanpete,2040,RETL,1559.5765964011
Sanpete,2040,WSLE,473.8136725558424
Sanpete,2041,AGRI,1217.687322994044
Sanpete,2041,CONS,1358.22818930452
Sanpete,2041,FOOD,697.409106958832
Sanpete,2041,GVED,4703.802098322004
Sanpete,2041,HLTH,1200.79229633107
Sanpete,2041,MANU,2056.04748571593
Sanpete,2041,MING,172.852993198074
Sanpete,2041,OFFI,1121.9169034180336
Sanpete,2041,OTHR,3186.790948720949
Sanpete,2041,RETL,1572.27815576865
Sanpete,2041,WSLE,470.5228965016281
Sanpete,2042,AGRI,1216.30624118462
Sanpete,2042,CONS,1350.20501556761
Sanpete,2042,FOOD,697.296872569734
Sanpete,2042,GVED,4747.154295456273
Sanpete,2042,HLTH,1209.34917080409
Sanpete,2042,MANU,2082.31446587016
Sanpete,2042,MING,174.607112952662
Sanpete,2042,OFFI,1130.5434927751294
Sanpete,2042,OTHR,3227.517118575055
Sanpete,2042,RETL,1582.50489955016
Sanpete,2042,WSLE,469.1490532847249
Sanpete,2043,AGRI,1214.001479377461
Sanpete,2043,CONS,1341.38268955148
Sanpete,2043,FOOD,697.048052728024
Sanpete,2043,GVED,4794.291761132756
Sanpete,2043,HLTH,1217.34805937728
Sanpete,2043,MANU,2096.42943053751
Sanpete,2043,MING,176.367270614439
Sanpete,2043,OFFI,1137.1875144111468
Sanpete,2043,OTHR,3265.9951169295077
Sanpete,2043,RETL,1593.39477197035
Sanpete,2043,WSLE,465.8313129819984
Sanpete,2044,AGRI,1211.735382790959
Sanpete,2044,CONS,1330.56491983214
Sanpete,2044,FOOD,696.753155265714
Sanpete,2044,GVED,4838.312790597633
Sanpete,2044,HLTH,1225.05656746624
Sanpete,2044,MANU,2110.54344478764
Sanpete,2044,MING,176.181922243345
Sanpete,2044,OFFI,1143.8087774381293
Sanpete,2044,OTHR,3301.391001035462
Sanpete,2044,RETL,1601.82246261004
Sanpete,2044,WSLE,464.448011012681
Sanpete,2045,AGRI,1209.535135409544
Sanpete,2045,CONS,1322.82916559429
Sanpete,2045,FOOD,694.56342486702
Sanpete,2045,GVED,4879.916452699227
Sanpete,2045,HLTH,1233.29786322743
Sanpete,2045,MANU,2127.70225345927
Sanpete,2045,MING,176.0074550943
Sanpete,2045,OFFI,1148.5306294080965
Sanpete,2045,OTHR,3333.0753317452472
Sanpete,2045,RETL,1609.0390721285
Sanpete,2045,WSLE,462.1337479362073
Sanpete,2046,AGRI,1207.373478540718
Sanpete,2046,CONS,1321.36964556785
Sanpete,2046,FOOD,692.370487165171
Sanpete,2046,GVED,4921.638521975372
Sanpete,2046,HLTH,1240.18529736546
Sanpete,2046,MANU,2145.83673027719
Sanpete,2046,MING,175.837113188835
Sanpete,2046,OFFI,1159.0884239486581
Sanpete,2046,OTHR,3362.733377883324
Sanpete,2046,RETL,1616.23917281438
Sanpete,2046,WSLE,458.8378838032351
Sanpete,2047,AGRI,1205.265684272751
Sanpete,2047,CONS,1322.62478164245
Sanpete,2047,FOOD,690.144532144997
Sanpete,2047,GVED,4961.291882429317
Sanpete,2047,HLTH,1248.19290423709
Sanpete,2047,MANU,2164.0352031318
Sanpete,2047,MING,177.615551183191
Sanpete,2047,OFFI,1171.5981820765983
Sanpete,2047,OTHR,3385.539402042198
Sanpete,2047,RETL,1623.27409786587
Sanpete,2047,WSLE,456.5255875637393
Sanpete,2048,AGRI,1204.168895904526
Sanpete,2048,CONS,1327.17700163303
Sanpete,2048,FOOD,687.916274400261
Sanpete,2048,GVED,4996.767007589113
Sanpete,2048,HLTH,1255.6254866204
Sanpete,2048,MANU,2182.28794704247
Sanpete,2048,MING,179.396763444632
Sanpete,2048,OFFI,1184.1156854840165
Sanpete,2048,OTHR,3406.421071527619
Sanpete,2048,RETL,1630.59354136735
Sanpete,2048,WSLE,453.258820138401
Sanpete,2049,AGRI,1201.172917126024
Sanpete,2049,CONS,1335.28109383553
Sanpete,2049,FOOD,685.676325886519
Sanpete,2049,GVED,5029.665677561089
Sanpete,2049,HLTH,1261.50949187845
Sanpete,2049,MANU,2201.55068410191
Sanpete,2049,MING,182.148866759874
Sanpete,2049,OFFI,1196.6386391136593
Sanpete,2049,OTHR,3428.2571186583637
Sanpete,2049,RETL,1637.36736762079
Sanpete,2049,WSLE,450.970491408474
Sanpete,2050,AGRI,1199.215420159345
Sanpete,2050,CONS,1345.20996232433
Sanpete,2050,FOOD,682.497892213637
Sanpete,2050,GVED,5058.9884525774305
Sanpete,2050,HLTH,1267.35641063272
Sanpete,2050,MANU,2220.9779093156
Sanpete,2050,MING,183.941125641875
Sanpete,2050,OFFI,1206.3112255466924
Sanpete,2050,OTHR,3449.358550236272
Sanpete,2050,RETL,1642.71713930206
Sanpete,2050,WSLE,448.7402188192619
Sanpete,2051,AGRI,1196.213179223813
Sanpete,2051,CONS,1354.17444764718
Sanpete,2051,FOOD,679.162004956638
Sanpete,2051,GVED,5084.901197367191
Sanpete,2051,HLTH,1269.66971198079
Sanpete,2051,MANU,2241.0187695922
Sanpete,2051,MING,185.711643445826
Sanpete,2051,OFFI,1212.9362810436426
Sanpete,2051,OTHR,3465.810102556162
Sanpete,2051,RETL,1647.20046479129
Sanpete,2051,WSLE,446.3734290137621
Sanpete,2052,AGRI,1194.216651422164
Sanpete,2052,CONS,1363.6898931345
Sanpete,2052,FOOD,674.856707964221
Sanpete,2052,GVED,5114.207526133003
Sanpete,2052,HLTH,1272.80652555273
Sanpete,2052,MANU,2260.1406698477
Sanpete,2052,MING,188.450565996838
Sanpete,2052,OFFI,1218.611753417258
Sanpete,2052,OTHR,3484.2221501979902
Sanpete,2052,RETL,1652.9083062913
Sanpete,2052,WSLE,444.0211618135507
Sanpete,2053,AGRI,1191.2815459617639
Sanpete,2053,CONS,1375.17714538371
Sanpete,2053,FOOD,671.514911584517
Sanpete,2053,GVED,5139.937403835639
Sanpete,2053,HLTH,1276.58721025975
Sanpete,2053,MANU,2276.39222944945
Sanpete,2053,MING,190.223531785181
Sanpete,2053,OFFI,1219.4698329521436
Sanpete,2053,OTHR,3502.6302069543062
Sanpete,2053,RETL,1657.8434573171
Sanpete,2053,WSLE,441.6773384495179
Sanpete,2054,AGRI,1189.334756735198
Sanpete,2054,CONS,1385.10217548782
Sanpete,2054,FOOD,667.200348739202
Sanpete,2054,GVED,5163.053362672467
Sanpete,2054,HLTH,1278.97353381909
Sanpete,2054,MANU,2290.74120650538
Sanpete,2054,MING,191.997172418012
Sanpete,2054,OFFI,1221.3076678001048
Sanpete,2054,OTHR,3521.029714773477
Sanpete,2054,RETL,1661.90575506759
Sanpete,2054,WSLE,439.34247421332896
Sanpete,2055,AGRI,1185.492556546946
Sanpete,2055,CONS,1397.28362200754
Sanpete,2055,FOOD,662.903849872674
Sanpete,2055,GVED,5183.480209994863
Sanpete,2055,HLTH,1281.56757789985
Sanpete,2055,MANU,2302.26827043791
Sanpete,2055,MING,192.810420777381
Sanpete,2055,OFFI,1222.2129993970777
Sanpete,2055,OTHR,3541.453367087578
Sanpete,2055,RETL,1666.23919148729
Sanpete,2055,WSLE,437.03308270418506
Sanpete,2056,AGRI,1182.6405054544741
Sanpete,2056,CONS,1398.28841922728
Sanpete,2056,FOOD,657.663417298152
Sanpete,2056,GVED,5199.913183900946
Sanpete,2056,HLTH,1281.30593658839
Sanpete,2056,MANU,2311.96394233896
Sanpete,2056,MING,192.666681431538
Sanpete,2056,OFFI,1221.2271754809012
Sanpete,2056,OTHR,3562.036112315387
Sanpete,2056,RETL,1665.71378005279
Sanpete,2056,WSLE,434.7682045251819
Sanpete,2057,AGRI,1178.784170940786
Sanpete,2057,CONS,1395.27481167523
Sanpete,2057,FOOD,652.365543516657
Sanpete,2057,GVED,5214.221846403274
Sanpete,2057,HLTH,1282.08707350235
Sanpete,2057,MANU,2323.4247157031
Sanpete,2057,MING,189.62661255532
Sanpete,2057,OFFI,1223.0658545033161
Sanpete,2057,OTHR,3580.330093808374
Sanpete,2057,RETL,1665.26360605027
Sanpete,2057,WSLE,433.41557399412375
Sanpete,2058,AGRI,1175.902552266935
Sanpete,2058,CONS,1391.31875391792
Sanpete,2058,FOOD,647.094009987298
Sanpete,2058,GVED,5229.262135450388
Sanpete,2058,HLTH,1281.77827654706
Sanpete,2058,MANU,2334.90759886589
Sanpete,2058,MING,186.593155818218
Sanpete,2058,OFFI,1223.9553063908427
Sanpete,2058,OTHR,3599.652866721979
Sanpete,2058,RETL,1664.03415314701
Sanpete,2058,WSLE,431.1171141299152
Sanpete,2059,AGRI,1172.071210407983
Sanpete,2059,CONS,1388.22210957123
Sanpete,2059,FOOD,641.767008206423
Sanpete,2059,GVED,5246.547873332431
Sanpete,2059,HLTH,1278.49394594724
Sanpete,2059,MANU,2347.33848298433
Sanpete,2059,MING,184.526476370706
Sanpete,2059,OFFI,1224.8363430547686
Sanpete,2059,OTHR,3619.796117682173
Sanpete,2059,RETL,1662.4028828419
Sanpete,2059,WSLE,428.81531580360183
Sanpete,2060,AGRI,1168.262882494823
Sanpete,2060,CONS,1384.79526022079
Sanpete,2060,FOOD,637.402722677479
Sanpete,2060,GVED,5263.802298347273
Sanpete,2060,HLTH,1275.56098342115
Sanpete,2060,MANU,2358.83258990758
Sanpete,2060,MING,183.425845170736
Sanpete,2060,OFFI,1226.6921815357528
Sanpete,2060,OTHR,3639.952636469743
Sanpete,2060,RETL,1661.1865388274
Sanpete,2060,WSLE,427.4837969319508
Sanpete,2061,AGRI,1165.397256185167
Sanpete,2061,CONS,1382.16587858642
Sanpete,2061,FOOD,633.04970830363
Sanpete,2061,GVED,5281.670486078504
Sanpete,2061,HLTH,1272.37513578729
Sanpete,2061,MANU,2370.34518551055
Sanpete,2061,MING,182.318063084249
Sanpete,2061,OFFI,1227.6151476711805
Sanpete,2061,OTHR,3660.0160235886297
Sanpete,2061,RETL,1660.16733428424
Sanpete,2061,WSLE,425.2190512187767
Sanpete,2062,AGRI,1162.558685280477
Sanpete,2062,CONS,1379.15579428893
Sanpete,2062,FOOD,628.715869635787
Sanpete,2062,GVED,5300.4891930334215
Sanpete,2062,HLTH,1269.45192099419
Sanpete,2062,MANU,2382.84327231532
Sanpete,2062,MING,182.173807936883
Sanpete,2062,OFFI,1227.6020622652402
Sanpete,2062,OTHR,3678.201352857748
Sanpete,2062,RETL,1659.81200149827
Sanpete,2062,WSLE,423.92436800926464
Sanpete,2063,AGRI,1160.694733334016
Sanpete,2063,CONS,1377.12295895366
Sanpete,2063,FOOD,625.353179674551
Sanpete,2063,GVED,5318.378627234539
Sanpete,2063,HLTH,1266.54713223602
Sanpete,2063,MANU,2395.34770348135
Sanpete,2063,MING,181.074273951389
Sanpete,2063,OFFI,1228.559867794254
Sanpete,2063,OTHR,3699.270686255935
Sanpete,2063,RETL,1658.51782598099
Sanpete,2063,WSLE,421.6788473231835
Sanpete,2064,AGRI,1156.9316494958
Sanpete,2064,CONS,1374.15015018549
Sanpete,2064,FOOD,621.045132856628
Sanpete,2064,GVED,5338.206523070167
Sanpete,2064,HLTH,1263.65937976624
Sanpete,2064,MANU,2407.85648750935
Sanpete,2064,MING,180.934989372341
Sanpete,2064,OFFI,1229.5283529899182
Sanpete,2064,OTHR,3716.517002626268
Sanpete,2064,RETL,1657.24207348344
Sanpete,2064,WSLE,419.44097802480957
Sanpete,2065,AGRI,1155.098216279988
Sanpete,2065,CONS,1372.15198080615
Sanpete,2065,FOOD,617.706052673155
Sanpete,2065,GVED,5358.05880381547
Sanpete,2065,HLTH,1261.74500539316
Sanpete,2065,MANU,2419.41479774529
Sanpete,2065,MING,179.841741476326
Sanpete,2065,OFFI,1228.5958919740765
Sanpete,2065,OTHR,3734.73106891276
Sanpete,2065,RETL,1656.94126775949
Sanpete,2065,WSLE,418.1668497644469
Sevier,2023,AGRI,950.0
Sevier,2023,CONS,747.0
Sevier,2023,FOOD,1143.0
Sevier,2023,GVED,2180.0
Sevier,2023,HLTH,1142.0
Sevier,2023,MANU,570.0
Sevier,2023,MING,689.0
Sevier,2023,OFFI,773.0
Sevier,2023,OTHR,2207.0
Sevier,2023,RETL,1843.0
Sevier,2023,WSLE,1507.0
Sevier,2024,AGRI,953.0
Sevier,2024,CONS,733.0
Sevier,2024,FOOD,1164.0
Sevier,2024,GVED,2209.0
Sevier,2024,HLTH,1155.0
Sevier,2024,MANU,602.0
Sevier,2024,MING,748.0
Sevier,2024,OFFI,723.0
Sevier,2024,OTHR,2161.0
Sevier,2024,RETL,1830.0
Sevier,2024,WSLE,1517.0
Sevier,2025,AGRI,951.422918982796
Sevier,2025,CONS,731.766689909021
Sevier,2025,FOOD,1162.43694869346
Sevier,2025,GVED,2251.95771155333
Sevier,2025,HLTH,1209.25234029873
Sevier,2025,MANU,612.091527333661
Sevier,2025,MING,737.752475986275
Sevier,2025,OFFI,731.8658771876063
Sevier,2025,OTHR,2189.078755454636
Sevier,2025,RETL,1841.74812426741
Sevier,2025,WSLE,1546.908037991077
Sevier,2026,AGRI,951.864518648941
Sevier,2026,CONS,733.057709772647
Sevier,2026,FOOD,1168.76742446562
Sevier,2026,GVED,2278.467447418065
Sevier,2026,HLTH,1250.50611721978
Sevier,2026,MANU,617.20584882193
Sevier,2026,MING,753.392939013713
Sevier,2026,OFFI,729.785062534698
Sevier,2026,OTHR,2216.259524253524
Sevier,2026,RETL,1844.57040826971
Sevier,2026,WSLE,1556.8759669915198
Sevier,2027,AGRI,948.416316332489
Sevier,2027,CONS,737.932937144657
Sevier,2027,FOOD,1171.60511806375
Sevier,2027,GVED,2301.2011246839315
Sevier,2027,HLTH,1284.35908030648
Sevier,2027,MANU,622.421177167171
Sevier,2027,MING,760.158922407691
Sevier,2027,OFFI,725.8269349351604
Sevier,2027,OTHR,2245.98622939812
Sevier,2027,RETL,1857.30042225572
Sevier,2027,WSLE,1569.328365967473
Sevier,2028,AGRI,943.960857730996
Sevier,2028,CONS,747.704276058422
Sevier,2028,FOOD,1173.1291922921
Sevier,2028,GVED,2324.9947062222764
Sevier,2028,HLTH,1309.57616052293
Sevier,2028,MANU,627.484805392137
Sevier,2028,MING,723.116547164033
Sevier,2028,OFFI,728.7846353426396
Sevier,2028,OTHR,2285.878671196932
Sevier,2028,RETL,1861.39567445499
Sevier,2028,WSLE,1571.2896237572809
Sevier,2029,AGRI,939.573684458058
Sevier,2029,CONS,759.464601757579
Sevier,2029,FOOD,1169.85834267549
Sevier,2029,GVED,2347.354361979468
Sevier,2029,HLTH,1332.6155855711
Sevier,2029,MANU,636.558840322662
Sevier,2029,MING,675.389815382916
Sevier,2029,OFFI,734.768758680839
Sevier,2029,OTHR,2327.876293877473
Sevier,2029,RETL,1868.74489585222
Sevier,2029,WSLE,1570.346435718791
Sevier,2030,AGRI,935.2303659943531
Sevier,2030,CONS,767.334037031912
Sevier,2030,FOOD,1162.74750396677
Sevier,2030,GVED,2361.424089092792
Sevier,2030,HLTH,1357.54083398735
Sevier,2030,MANU,648.59843278757
Sevier,2030,MING,658.576713785751
Sevier,2030,OFFI,741.8125126540527
Sevier,2030,OTHR,2359.4887740586028
Sevier,2030,RETL,1886.90721719972
Sevier,2030,WSLE,1566.4226160695287
Sevier,2031,AGRI,931.87557541001
Sevier,2031,CONS,772.884124008267
Sevier,2031,FOOD,1148.6217595605
Sevier,2031,GVED,2369.7554046772366
Sevier,2031,HLTH,1383.1401234145
Sevier,2031,MANU,659.567892406565
Sevier,2031,MING,656.612359955835
Sevier,2031,OFFI,746.8639926952173
Sevier,2031,OTHR,2389.273567901817
Sevier,2031,RETL,1904.6606298537
Sevier,2031,WSLE,1563.3912424568568
Sevier,2032,AGRI,928.5902639852291
Sevier,2032,CONS,779.892328353644
Sevier,2032,FOOD,1137.72028653175
Sevier,2032,GVED,2382.557252537422
Sevier,2032,HLTH,1406.4716918825
Sevier,2032,MANU,668.593801175609
Sevier,2032,MING,683.381034996577
Sevier,2032,OFFI,750.9217042886557
Sevier,2032,OTHR,2415.466737315647
Sevier,2032,RETL,1918.34277565673
Sevier,2032,WSLE,1554.6986371431854
Sevier,2033,AGRI,930.285953820575
Sevier,2033,CONS,789.456066492209
Sevier,2033,FOOD,1135.02615733935
Sevier,2033,GVED,2391.6931684991323
Sevier,2033,HLTH,1423.49743850491
Sevier,2033,MANU,675.704625456038
Sevier,2033,MING,711.063824729789
Sevier,2033,OFFI,757.029600019765
Sevier,2033,OTHR,2446.368623290303
Sevier,2033,RETL,1927.67118932408
Sevier,2033,WSLE,1545.4764404052826
Sevier,2034,AGRI,931.179237481434
Sevier,2034,CONS,802.041514929898
Sevier,2034,FOOD,1140.89260348482
Sevier,2034,GVED,2407.844190633626
Sevier,2034,HLTH,1445.99082909047
Sevier,2034,MANU,682.176331134899
Sevier,2034,MING,734.99585920922
Sevier,2034,OFFI,766.8102619874617
Sevier,2034,OTHR,2515.757676552183
Sevier,2034,RETL,1939.6558105875
Sevier,2034,WSLE,1534.3352269179254
Sevier,2035,AGRI,931.5933422780599
Sevier,2035,CONS,809.530742656064
Sevier,2035,FOOD,1130.19213429861
Sevier,2035,GVED,2418.679287558725
Sevier,2035,HLTH,1457.96894371417
Sevier,2035,MANU,689.430003866172
Sevier,2035,MING,746.334784294492
Sevier,2035,OFFI,777.2590524785766
Sevier,2035,OTHR,2472.416510794931
Sevier,2035,RETL,1941.51335704301
Sevier,2035,WSLE,1509.3251037314133
Sevier,2036,AGRI,930.358864182277
Sevier,2036,CONS,819.651559137418
Sevier,2036,FOOD,1135.06738230681
Sevier,2036,GVED,2434.8664183306005
Sevier,2036,HLTH,1472.70300182154
Sevier,2036,MANU,700.315355616897
Sevier,2036,MING,741.374391727568
Sevier,2036,OFFI,787.0528274549071
Sevier,2036,OTHR,2495.28551158698
Sevier,2036,RETL,1949.42742388934
Sevier,2036,WSLE,1488.9612491826974
Sevier,2037,AGRI,931.1505724726901
Sevier,2037,CONS,829.878755627005
Sevier,2037,FOOD,1144.76672069315
Sevier,2037,GVED,2456.0838822786154
Sevier,2037,HLTH,1490.78825219365
Sevier,2037,MANU,711.230239033702
Sevier,2037,MING,737.478623443282
Sevier,2037,OFFI,795.9012795564129
Sevier,2037,OTHR,2528.807649003556
Sevier,2037,RETL,1963.70015216226
Sevier,2037,WSLE,1473.6288515977299
Sevier,2038,AGRI,931.0092179688739
Sevier,2038,CONS,839.357255399947
Sevier,2038,FOOD,1150.60512778533
Sevier,2038,GVED,2477.7750119567104
Sevier,2038,HLTH,1512.53866059547
Sevier,2038,MANU,720.206428745965
Sevier,2038,MING,737.55902422911
Sevier,2038,OFFI,805.7627989656703
Sevier,2038,OTHR,2570.259053235629
Sevier,2038,RETL,1979.33087756555
Sevier,2038,WSLE,1467.2651421651728
Sevier,2039,AGRI,930.88989191521
Sevier,2039,CONS,849.934583919682
Sevier,2039,FOOD,1158.39359590633
Sevier,2039,GVED,2501.5479844975484
Sevier,2039,HLTH,1532.3685988523
Sevier,2039,MANU,729.178142018784
Sevier,2039,MING,738.638892968246
Sevier,2039,OFFI,813.6657541795721
Sevier,2039,OTHR,2611.652951148968
Sevier,2039,RETL,1995.95928421199
Sevier,2039,WSLE,1459.961872254587
Sevier,2040,AGRI,930.803208638795
Sevier,2040,CONS,858.914902032477
Sevier,2040,FOOD,1163.2900232221
Sevier,2040,GVED,2526.3316911783113
Sevier,2040,HLTH,1553.62258342572
Sevier,2040,MANU,737.179300353519
Sevier,2040,MING,739.752392333595
Sevier,2040,OFFI,821.5787802858383
Sevier,2040,OTHR,2649.139167242214
Sevier,2040,RETL,2012.49304284117
Sevier,2040,WSLE,1453.7267755626274
Sevier,2041,AGRI,929.741024497773
Sevier,2041,CONS,865.383434433353
Sevier,2041,FOOD,1169.13321786268
Sevier,2041,GVED,2550.4330625504717
Sevier,2041,HLTH,1576.60735268652
Sevier,2041,MANU,744.18148719788
Sevier,2041,MING,744.770438974671
Sevier,2041,OFFI,827.5191764567085
Sevier,2041,OTHR,2681.620624997673
Sevier,2041,RETL,2031.35388744033
Sevier,2041,WSLE,1448.4599587235718
Sevier,2042,AGRI,928.696729462427
Sevier,2042,CONS,875.377155214457
Sevier,2042,FOOD,1173.93012235072
Sevier,2042,GVED,2574.6777133940077
Sevier,2042,HLTH,1599.61828864219
Sevier,2042,MANU,750.187944992935
Sevier,2042,MING,753.682801195099
Sevier,2042,OFFI,839.3015910471274
Sevier,2042,OTHR,2715.893969876065
Sevier,2042,RETL,2050.67810527623
Sevier,2042,WSLE,1444.114503301647
Sevier,2043,AGRI,927.688180007321
Sevier,2043,CONS,883.692000526849
Sevier,2043,FOOD,1179.75119698412
Sevier,2043,GVED,2607.6847973215927
Sevier,2043,HLTH,1620.85771470415
Sevier,2043,MANU,756.219097237058
Sevier,2043,MING,761.637140951374
Sevier,2043,OFFI,847.1911904681745
Sevier,2043,OTHR,2747.313374238524
Sevier,2043,RETL,2069.09310550921
Sevier,2043,WSLE,1439.8793239474974
Sevier,2044,AGRI,927.680541506434
Sevier,2044,CONS,891.394480821465
Sevier,2044,FOOD,1183.60925225167
Sevier,2044,GVED,2637.3565796509747
Sevier,2044,HLTH,1644.34725863678
Sevier,2044,MANU,761.27844940011
Sevier,2044,MING,762.781102063552
Sevier,2044,OFFI,858.9752288972918
Sevier,2044,OTHR,2778.6846774136848
Sevier,2044,RETL,2087.46833717879
Sevier,2044,WSLE,1436.6262516566228
Sevier,2045,AGRI,926.744134936944
Sevier,2045,CONS,902.090414861431
Sevier,2045,FOOD,1188.49850413407
Sevier,2045,GVED,2665.5585508963572
Sevier,2045,HLTH,1666.86459745456
Sevier,2045,MANU,768.311044108
Sevier,2045,MING,762.01709145797
Sevier,2045,OFFI,867.8590315665787
Sevier,2045,OTHR,2807.231877811952
Sevier,2045,RETL,2107.67642607934
Sevier,2045,WSLE,1432.4893422286154
Sevier,2046,AGRI,925.8359438834219
Sevier,2046,CONS,916.137154349675
Sevier,2046,FOOD,1190.44302064851
Sevier,2046,GVED,2698.3233386962665
Sevier,2046,HLTH,1691.58940487468
Sevier,2046,MANU,776.313040517353
Sevier,2046,MING,765.157049793023
Sevier,2046,OFFI,881.5995771201127
Sevier,2046,OTHR,2833.776175549963
Sevier,2046,RETL,2126.63116975688
Sevier,2046,WSLE,1430.2845239004487
Sevier,2047,AGRI,924.965980769714
Sevier,2047,CONS,931.492644619793
Sevier,2047,FOOD,1193.38575208943
Sevier,2047,GVED,2729.4222390757336
Sevier,2047,HLTH,1715.59442253167
Sevier,2047,MANU,783.359732103648
Sevier,2047,MING,774.144140990741
Sevier,2047,OFFI,896.3165701045243
Sevier,2047,OTHR,2856.49134178068
Sevier,2047,RETL,2146.68793587713
Sevier,2047,WSLE,1427.1625021624104
Sevier,2048,AGRI,924.1251084718599
Sevier,2048,CONS,950.583118643613
Sevier,2048,FOOD,1197.31550754975
Sevier,2048,GVED,2760.387270761342
Sevier,2048,HLTH,1740.01378458705
Sevier,2048,MANU,791.386069432441
Sevier,2048,MING,787.985973571134
Sevier,2048,OFFI,913.9397906007209
Sevier,2048,OTHR,2877.302109867634
Sevier,2048,RETL,2168.71956091808
Sevier,2048,WSLE,1424.0826313770995
Sevier,2049,AGRI,922.343993172657
Sevier,2049,CONS,971.491655276659
Sevier,2049,FOOD,1200.2832448275
Sevier,2049,GVED,2792.3074285217813
Sevier,2049,HLTH,1764.36601943833
Sevier,2049,MANU,799.419046856312
Sevier,2049,MING,801.826025013437
Sevier,2049,OFFI,930.5868640807084
Sevier,2049,OTHR,2898.1369452481167
Sevier,2049,RETL,2189.20523076344
Sevier,2049,WSLE,1420.0648284134356
Sevier,2050,AGRI,920.6126093348689
Sevier,2050,CONS,992.708859942514
Sevier,2050,FOOD,1203.34374642424
Sevier,2050,GVED,2825.608446375876
Sevier,2050,HLTH,1788.20087786488
Sevier,2050,MANU,806.521221879833
Sevier,2050,MING,816.657902133611
Sevier,2050,OFFI,946.2875482531108
Sevier,2050,OTHR,2917.2171165574264
Sevier,2050,RETL,2210.11546898871
Sevier,2050,WSLE,1418.1145208692406
Sevier,2051,AGRI,919.796552596952
Sevier,2051,CONS,1014.54379507154
Sevier,2051,FOOD,1206.16516353629
Sevier,2051,GVED,2850.3383317325543
Sevier,2051,HLTH,1810.4288656192
Sevier,2051,MANU,815.464555838616
Sevier,2051,MING,830.431754486666
Sevier,2051,OFFI,958.9894911795977
Sevier,2051,OTHR,2935.843754468645
Sevier,2051,RETL,2232.42304174658
Sevier,2051,WSLE,1413.9610143484226
Sevier,2052,AGRI,918.040202516258
Sevier,2052,CONS,1037.02126711621
Sevier,2052,FOOD,1208.02883699146
Sevier,2052,GVED,2881.115043840333
Sevier,2052,HLTH,1833.59256661887
Sevier,2052,MANU,823.448492804127
Sevier,2052,MING,844.203874068271
Sevier,2052,OFFI,970.7247289506096
Sevier,2052,OTHR,2953.551713554741
Sevier,2052,RETL,2253.74831234334
Sevier,2052,WSLE,1411.7779984660165
Sevier,2053,AGRI,917.268979468365
Sevier,2053,CONS,1060.61704921707
Sevier,2053,FOOD,1210.86253325978
Sevier,2053,GVED,2910.774120472376
Sevier,2053,HLTH,1856.312530307
Sevier,2053,MANU,830.469155168596
Sevier,2053,MING,860.864605183391
Sevier,2053,OFFI,979.5601061560105
Sevier,2053,OTHR,2975.143603243161
Sevier,2053,RETL,2277.22641222003
Sevier,2053,WSLE,1409.6165029826461
Sevier,2054,AGRI,915.5480697264329
Sevier,2054,CONS,1083.91385651602
Sevier,2054,FOOD,1212.72827778369
Sevier,2054,GVED,2939.5232163869146
Sevier,2054,HLTH,1877.67201342459
Sevier,2054,MANU,836.526723261251
Sevier,2054,MING,873.653926647012
Sevier,2054,OFFI,987.4286946596961
Sevier,2054,OTHR,2993.841869643074
Sevier,2054,RETL,2298.24368251194
Sevier,2054,WSLE,1407.4728949834082
Sevier,2055,AGRI,912.886458703062
Sevier,2055,CONS,1107.80164327435
Sevier,2055,FOOD,1214.63456693405
Sevier,2055,GVED,2965.5197528469316
Sevier,2055,HLTH,1897.31454278667
Sevier,2055,MANU,841.634055509085
Sevier,2055,MING,883.55476724169
Sevier,2055,OFFI,996.2710786999639
Sevier,2055,OTHR,3012.617272925998
Sevier,2055,RETL,2317.85220350244
Sevier,2055,WSLE,1406.3479504915622
Sevier,2056,AGRI,911.204168414318
Sevier,2056,CONS,1123.66450034872
Sevier,2056,FOOD,1214.67771938694
Sevier,2056,GVED,2990.55480411812
Sevier,2056,HLTH,1916.0121674979
Sevier,2056,MANU,845.791407628645
Sevier,2056,MING,885.758731557539
Sevier,2056,OFFI,1003.191243927778
Sevier,2056,OTHR,3033.419507623381
Sevier,2056,RETL,2334.7034278518
Sevier,2056,WSLE,1406.268460587461
Sevier,2057,AGRI,909.492451069414
Sevier,2057,CONS,1134.62657475425
Sevier,2057,FOOD,1212.70025665817
Sevier,2057,GVED,3013.9889512509267
Sevier,2057,HLTH,1931.38051808604
Sevier,2057,MANU,849.903296032987
Sevier,2057,MING,877.336858933554
Sevier,2057,OFFI,1011.9862514008114
Sevier,2057,OTHR,3053.033499095849
Sevier,2057,RETL,2348.13304833454
Sevier,2057,WSLE,1405.11341850054
Sevier,2058,AGRI,907.7875806237421
Sevier,2058,CONS,1144.65478941025
Sevier,2058,FOOD,1211.69941791023
Sevier,2058,GVED,3037.7681020400933
Sevier,2058,HLTH,1944.99782902645
Sevier,2058,MANU,854.975184207766
Sevier,2058,MING,868.933746286019
Sevier,2058,OFFI,1019.8100436874
Sevier,2058,OTHR,3069.76721494774
Sevier,2058,RETL,2360.96844666951
Sevier,2058,WSLE,1403.9752613142289
Sevier,2059,AGRI,905.1293871666339
Sevier,2059,CONS,1154.46566939207
Sevier,2059,FOOD,1210.7011786518
Sevier,2059,GVED,3062.4902311692317
Sevier,2059,HLTH,1958.53237626401
Sevier,2059,MANU,860.043056126643
Sevier,2059,MING,865.352033229403
Sevier,2059,OFFI,1027.6251129285422
Sevier,2059,OTHR,3089.3712155069697
Sevier,2059,RETL,2374.08318852622
Sevier,2059,WSLE,1402.8452383794931
Sevier,2060,AGRI,902.487830889021
Sevier,2060,CONS,1164.68975635716
Sevier,2060,FOOD,1210.67624058237
Sevier,2060,GVED,3091.8237755786586
Sevier,2060,HLTH,1971.43185799059
Sevier,2060,MANU,865.114419375133
Sevier,2060,MING,866.587369833523
Sevier,2060,OFFI,1034.481122993761
Sevier,2060,OTHR,3108.026640386616
Sevier,2060,RETL,2387.90494592098
Sevier,2060,WSLE,1400.7754874699974
Sevier,2061,AGRI,900.796783962438
Sevier,2061,CONS,1175.08016268588
Sevier,2061,FOOD,1210.65320120107
Sevier,2061,GVED,3115.5463422462226
Sevier,2061,HLTH,1984.35321720355
Sevier,2061,MANU,870.166665345962
Sevier,2061,MING,867.802433840326
Sevier,2061,OFFI,1040.3549844984802
Sevier,2061,OTHR,3127.562500787247
Sevier,2061,RETL,2402.16179533848
Sevier,2061,WSLE,1398.6802560974147
Sevier,2062,AGRI,898.167572347046
Sevier,2062,CONS,1184.69102454011
Sevier,2062,FOOD,1210.65353656126
Sevier,2062,GVED,3139.9118992123476
Sevier,2062,HLTH,1997.15671164226
Sevier,2062,MANU,875.227593225889
Sevier,2062,MING,868.074042310459
Sevier,2062,OFFI,1047.1977306458086
Sevier,2062,OTHR,3148.085598188205
Sevier,2062,RETL,2416.55118397461
Sevier,2062,WSLE,1395.657105162852
Sevier,2063,AGRI,896.5097693530199
Sevier,2063,CONS,1194.29970607736
Sevier,2063,FOOD,1210.66706619962
Sevier,2063,GVED,3166.18839772297
Sevier,2063,HLTH,2010.91935815155
Sevier,2063,MANU,881.247603702475
Sevier,2063,MING,869.312176190385
Sevier,2063,OFFI,1054.0411447851404
Sevier,2063,OTHR,3167.653287537035
Sevier,2063,RETL,2430.9443143965
Sevier,2063,WSLE,1394.5688944170602
Sevier,2064,AGRI,893.906654215738
Sevier,2064,CONS,1202.94857939492
Sevier,2064,FOOD,1210.69256041283
Sevier,2064,GVED,3192.4555567341367
Sevier,2064,HLTH,2024.6806035819
Sevier,2064,MANU,886.310263192705
Sevier,2064,MING,869.600244821942
Sevier,2064,OFFI,1060.8843980338902
Sevier,2064,OTHR,3188.178793651587
Sevier,2064,RETL,2445.33922576462
Sevier,2064,WSLE,1391.582666018785
Sevier,2065,AGRI,892.272696313931
Sevier,2065,CONS,1212.55259250125
Sevier,2065,FOOD,1209.77438425853
Sevier,2065,GVED,3216.8032380900854
Sevier,2065,HLTH,2037.48553902274
Sevier,2065,MANU,892.330296354752
Sevier,2065,MING,869.896778149096
Sevier,2065,OFFI,1067.7280648140077
Sevier,2065,OTHR,3206.793545926196
Sevier,2065,RETL,2459.73719576305
Sevier,2065,WSLE,1388.6152472524561
Summit,2023,AGRI,923.0
Summit,2023,CONS,3384.0
Summit,2023,FOOD,7599.0
Summit,2023,GVED,3917.0
Summit,2023,HLTH,2429.0
Summit,2023,MANU,1380.0
Summit,2023,MING,91.0
Summit,2023,OFFI,5478.0
Summit,2023,OTHR,18889.0
Summit,2023,RETL,4332.0
Summit,2023,WSLE,1338.0
Summit,2024,AGRI,925.0
Summit,2024,CONS,3731.0
Summit,2024,FOOD,7648.0
Summit,2024,GVED,4214.0
Summit,2024,HLTH,2600.0
Summit,2024,MANU,1308.0
Summit,2024,MING,68.0
Summit,2024,OFFI,5472.0
Summit,2024,OTHR,18717.0
Summit,2024,RETL,4563.0
Summit,2024,WSLE,1182.0
Summit,2025,AGRI,923.4812788074421
Summit,2025,CONS,3989.97350714494
Summit,2025,FOOD,7703.11247314018
Summit,2025,GVED,4335.378175580784
Summit,2025,HLTH,2726.82244838983
Summit,2025,MANU,1335.38484309696
Summit,2025,MING,67.9438993049067
Summit,2025,OFFI,5577.902719997062
Summit,2025,OTHR,19168.11589786125
Summit,2025,RETL,4618.00309494522
Summit,2025,WSLE,1206.9727985748486
Summit,2026,AGRI,924.941287057892
Summit,2026,CONS,4219.77818201717
Summit,2026,FOOD,7786.49842161525
Summit,2026,GVED,4421.167840150245
Summit,2026,HLTH,2823.93115738389
Summit,2026,MANU,1345.99779772069
Summit,2026,MING,70.7356363820481
Summit,2026,OFFI,5567.508330861269
Summit,2026,OTHR,19496.4002682202
Summit,2026,RETL,4624.9695616384
Summit,2026,WSLE,1215.754750227228
Summit,2027,AGRI,920.6562831775391
Summit,2027,CONS,4398.27142403263
Summit,2027,FOOD,7831.2329575292
Summit,2027,GVED,4510.923244453479
Summit,2027,HLTH,2908.64786023759
Summit,2027,MANU,1357.5416950142
Summit,2027,MING,71.9464860221654
Summit,2027,OFFI,5554.151499805415
Summit,2027,OTHR,19943.98843952468
Summit,2027,RETL,4683.58376736189
Summit,2027,WSLE,1230.168056790128
Summit,2028,AGRI,916.2599759735281
Summit,2028,CONS,4548.58611423764
Summit,2028,FOOD,7861.62845430983
Summit,2028,GVED,4589.468696734196
Summit,2028,HLTH,2975.36874059884
Summit,2028,MANU,1368.04068129432
Summit,2028,MING,69.8895435405833
Summit,2028,OFFI,5573.392759430701
Summit,2028,OTHR,20421.75248874774
Summit,2028,RETL,4717.9821951838
Summit,2028,WSLE,1233.567154504818
Summit,2029,AGRI,911.946252406693
Summit,2029,CONS,4687.98399799258
Summit,2029,FOOD,7874.96802230392
Summit,2029,GVED,4666.6555400785155
Summit,2029,HLTH,3040.66252508863
Summit,2029,MANU,1389.73692492149
Summit,2029,MING,65.9069385708896
Summit,2029,OFFI,5627.942379065285
Summit,2029,OTHR,20854.13067193773
Summit,2029,RETL,4772.93776449474
Summit,2029,WSLE,1241.540879266086
Summit,2030,AGRI,909.6556768484011
Summit,2030,CONS,4785.7028441898
Summit,2030,FOOD,7864.91045362371
Summit,2030,GVED,4729.827289992737
Summit,2030,HLTH,3115.44841377296
Summit,2030,MANU,1418.36218061206
Summit,2030,MING,64.9107239129853
Summit,2030,OFFI,5689.713404479298
Summit,2030,OTHR,21192.15635096184
Summit,2030,RETL,4860.38981770245
Summit,2030,WSLE,1248.6848287235753
Summit,2031,AGRI,906.335421011153
Summit,2031,CONS,4859.28335553629
Summit,2031,FOOD,7813.74665961654
Summit,2031,GVED,4779.517345335163
Summit,2031,HLTH,3188.91954482144
Summit,2031,MANU,1446.13294940958
Summit,2031,MING,65.7817792830835
Summit,2031,OFFI,5744.199606250888
Summit,2031,OTHR,21521.975456657157
Summit,2031,RETL,4962.16927623875
Summit,2031,WSLE,1257.572589760386
Summit,2032,AGRI,904.11099394032
Summit,2032,CONS,4945.38023181314
Summit,2032,FOOD,7793.48671855426
Summit,2032,GVED,4827.338698615467
Summit,2032,HLTH,3258.67312546856
Summit,2032,MANU,1472.61936429472
Summit,2032,MING,69.7533140206183
Summit,2032,OFFI,5806.741240088371
Summit,2032,OTHR,21933.49561745191
Summit,2032,RETL,5051.3462306135
Summit,2032,WSLE,1268.685820503521
Summit,2033,AGRI,906.8934162912401
Summit,2033,CONS,5021.78131796499
Summit,2033,FOOD,7813.51353835503
Summit,2033,GVED,4876.402769185139
Summit,2033,HLTH,3310.79398833184
Summit,2033,MANU,1494.11658586868
Summit,2033,MING,72.7665686810931
Summit,2033,OFFI,5877.970467826828
Summit,2033,OTHR,22362.15710674647
Summit,2033,RETL,5116.51698870013
Summit,2033,WSLE,1274.5258349169264
Summit,2034,AGRI,909.0966629468321
Summit,2034,CONS,5117.0049519112
Summit,2034,FOOD,8059.00224182079
Summit,2034,GVED,4946.132263067333
Summit,2034,HLTH,3376.46569482747
Summit,2034,MANU,1516.0236254843
Summit,2034,MING,76.3243855593123
Summit,2034,OFFI,5999.221546164677
Summit,2034,OTHR,23042.50686084047
Summit,2034,RETL,5209.36808562026
Summit,2034,WSLE,1287.064062955626
Summit,2035,AGRI,911.183784110464
Summit,2035,CONS,5137.54536256914
Summit,2035,FOOD,7825.35143075422
Summit,2035,GVED,4975.164759563948
Summit,2035,HLTH,3398.47121937493
Summit,2035,MANU,1532.26104991988
Summit,2035,MING,77.2781737483286
Summit,2035,OFFI,6073.456381038441
Summit,2035,OTHR,22502.98664503956
Summit,2035,RETL,5205.91115841862
Summit,2035,WSLE,1275.3268475378104
Summit,2036,AGRI,911.993469941923
Summit,2036,CONS,5187.21678698629
Summit,2036,FOOD,7895.65535128335
Summit,2036,GVED,5025.484561563113
Summit,2036,HLTH,3448.25135829051
Summit,2036,MANU,1562.14955545995
Summit,2036,MING,77.1104712911381
Summit,2036,OFFI,6168.964409354858
Summit,2036,OTHR,22763.41246782917
Summit,2036,RETL,5268.31149566969
Summit,2036,WSLE,1279.3660344876164
Summit,2037,AGRI,914.8123223862451
Summit,2037,CONS,5213.94617656824
Summit,2037,FOOD,7982.02192745869
Summit,2037,GVED,5084.046150216524
Summit,2037,HLTH,3502.85231348156
Summit,2037,MANU,1591.2045612362
Summit,2037,MING,77.0176111188335
Summit,2037,OFFI,6255.331580898515
Summit,2037,OTHR,23076.45449348816
Summit,2037,RETL,5345.30213123667
Summit,2037,WSLE,1285.3707774514291
Summit,2038,AGRI,916.6837539187511
Summit,2038,CONS,5227.84477851088
Summit,2038,FOOD,8041.09582706489
Summit,2038,GVED,5147.11657937934
Summit,2038,HLTH,3564.71264802452
Summit,2038,MANU,1618.36020750375
Summit,2038,MING,76.9393154176946
Summit,2038,OFFI,6343.083536635942
Summit,2038,OTHR,23485.28620365495
Summit,2038,RETL,5427.85112122907
Summit,2038,WSLE,1295.3586043420755
Summit,2039,AGRI,919.5450242325321
Summit,2039,CONS,5234.65302044938
Summit,2039,FOOD,8107.14248585177
Summit,2039,GVED,5223.805819115124
Summit,2039,HLTH,3622.12838582342
Summit,2039,MANU,1643.44484936703
Summit,2039,MING,76.862797883515
Summit,2039,OFFI,6426.707722546214
Summit,2039,OTHR,23890.19253997983
Summit,2039,RETL,5515.38084749777
Summit,2039,WSLE,1306.1380537423568
Summit,2040,AGRI,920.492139828985
Summit,2040,CONS,5232.44995767151
Summit,2040,FOOD,8159.53672818572
Summit,2040,GVED,5295.592222528075
Summit,2040,HLTH,3680.80363828009
Summit,2040,MANU,1667.84833064798
Summit,2040,MING,77.811575913068
Summit,2040,OFFI,6509.317317586894
Summit,2040,OTHR,24269.04733593795
Summit,2040,RETL,5595.80595955827
Summit,2040,WSLE,1315.483587946053
Summit,2041,AGRI,921.430986995955
Summit,2041,CONS,5217.98607005722
Summit,2041,FOOD,8219.9271696838
Summit,2041,GVED,5370.6265066776905
Summit,2041,HLTH,3731.00413078899
Summit,2041,MANU,1691.10843463016
Summit,2041,MING,77.771675681649
Summit,2041,OFFI,6584.670436071101
Summit,2041,OTHR,24623.93784862036
Summit,2041,RETL,5678.9153982165
Summit,2041,WSLE,1324.612553693778
Summit,2042,AGRI,923.337876774458
Summit,2042,CONS,5204.85341594026
Summit,2042,FOOD,8263.11026166465
Summit,2042,GVED,5441.273280982865
Summit,2042,HLTH,3775.78156388059
Summit,2042,MANU,1711.99430378589
Summit,2042,MING,78.6579715714475
Summit,2042,OFFI,6684.098174894863
Summit,2042,OTHR,24963.59978008927
Summit,2042,RETL,5751.66161012058
Summit,2042,WSLE,1334.9964074279249
Summit,2043,AGRI,925.29408763127
Summit,2043,CONS,5203.73765623796
Summit,2043,FOOD,8320.49345802743
Summit,2043,GVED,5519.5568115418955
Summit,2043,HLTH,3821.11255925439
Summit,2043,MANU,1732.26659267089
Summit,2043,MING,79.5896320271605
Summit,2043,OFFI,6772.787376505424
Summit,2043,OTHR,25297.674643961138
Summit,2043,RETL,5835.50476164853
Summit,2043,WSLE,1346.9681075665965
Summit,2044,AGRI,926.29077482123
Summit,2044,CONS,5203.659585822
Summit,2044,FOOD,8365.46729536768
Summit,2044,GVED,5595.79268900163
Summit,2044,HLTH,3870.86971677224
Summit,2044,MANU,1752.40422489929
Summit,2044,MING,80.5037741466317
Summit,2044,OFFI,6873.770547468006
Summit,2044,OTHR,25643.049500550733
Summit,2044,RETL,5915.89597134764
Summit,2044,WSLE,1358.6951856601968
Summit,2045,AGRI,927.334442334382
Summit,2045,CONS,5226.70347719781
Summit,2045,FOOD,8417.262309645
Summit,2045,GVED,5677.671018030486
Summit,2045,HLTH,3920.11670695645
Summit,2045,MANU,1775.59822023141
Summit,2045,MING,80.460214678091
Summit,2045,OFFI,6973.190190984464
Summit,2045,OTHR,25975.54663411543
Summit,2045,RETL,6005.05735080021
Summit,2045,WSLE,1369.6455572252144
Summit,2046,AGRI,928.390772197318
Summit,2046,CONS,5285.26608690046
Summit,2046,FOOD,8458.88660880589
Summit,2046,GVED,5759.904096888158
Summit,2046,HLTH,3974.20685113571
Summit,2046,MANU,1799.53611437379
Summit,2046,MING,80.3916349045668
Summit,2046,OFFI,7094.262881137568
Summit,2046,OTHR,26295.92814411187
Summit,2046,RETL,6093.7551048574
Summit,2046,WSLE,1380.185425149607
Summit,2047,AGRI,928.5143294154431
Summit,2047,CONS,5365.68865134825
Summit,2047,FOOD,8500.96527053488
Summit,2047,GVED,5845.16356076156
Summit,2047,HLTH,4026.08835979115
Summit,2047,MANU,1822.56376444231
Summit,2047,MING,81.3013466718509
Summit,2047,OFFI,7233.865127497026
Summit,2047,OTHR,26586.26799465654
Summit,2047,RETL,6185.35362765913
Summit,2047,WSLE,1390.7919829388538
Summit,2048,AGRI,929.636441059389
Summit,2048,CONS,5470.96696413187
Summit,2048,FOOD,8554.96971980368
Summit,2048,GVED,5930.350801965998
Summit,2048,HLTH,4076.4460197604
Summit,2048,MANU,1846.60007401524
Summit,2048,MING,83.1849311138538
Summit,2048,OFFI,7379.303445828136
Summit,2048,OTHR,26863.55965940117
Summit,2048,RETL,6280.61342732018
Summit,2048,WSLE,1401.4449037007403
Summit,2049,AGRI,930.78278552321
Summit,2049,CONS,5588.72315056994
Summit,2049,FOOD,8607.9676203808
Summit,2049,GVED,6017.0234056184345
Summit,2049,HLTH,4123.60534884007
Summit,2049,MANU,1870.63301052314
Summit,2049,MING,84.0976373140536
Summit,2049,OFFI,7524.642744076033
Summit,2049,OTHR,27120.99446733205
Summit,2049,RETL,6370.45111667715
Summit,2049,WSLE,1412.0619925688866
Summit,2050,AGRI,931.02255154767
Summit,2050,CONS,5725.69907741033
Summit,2050,FOOD,8666.15292775097
Summit,2050,GVED,6104.516194548975
Summit,2050,HLTH,4172.83908093511
Summit,2050,MANU,1895.99145166858
Summit,2050,MING,85.0512860263613
Summit,2050,OFFI,7663.265293338954
Summit,2050,OTHR,27403.25503027273
Summit,2050,RETL,6473.65178640507
Summit,2050,WSLE,1422.2871368461006
Summit,2051,AGRI,932.1283797482449
Summit,2051,CONS,5869.16694017695
Summit,2051,FOOD,8714.03019204248
Summit,2051,GVED,6192.025196990039
Summit,2051,HLTH,4218.3395493546
Summit,2051,MANU,1922.2764184037
Summit,2051,MING,85.8956451989322
Summit,2051,OFFI,7782.300443095261
Summit,2051,OTHR,27661.04659365021
Summit,2051,RETL,6572.26816268124
Summit,2051,WSLE,1431.8515505075864
Summit,2052,AGRI,932.298625740769
Summit,2052,CONS,6014.51760987719
Summit,2052,FOOD,8766.11264844037
Summit,2052,GVED,6280.443801692797
Summit,2052,HLTH,4261.72427764299
Summit,2052,MANU,1946.7035470995
Summit,2052,MING,87.7168738086413
Summit,2052,OFFI,7886.8845994497715
Summit,2052,OTHR,27928.29808295155
Summit,2052,RETL,6671.87430378569
Summit,2052,WSLE,1441.5044144661297
Summit,2053,AGRI,932.488749411951
Summit,2053,CONS,6157.95057895234
Summit,2053,FOOD,8815.3510936617
Summit,2053,GVED,6370.268757998726
Summit,2053,HLTH,4302.51594505947
Summit,2053,MANU,1968.27194236825
Summit,2053,MING,88.5778008739394
Summit,2053,OFFI,7972.207200723067
Summit,2053,OTHR,28205.47541774875
Summit,2053,RETL,6766.00995720906
Summit,2053,WSLE,1452.1491787893938
Summit,2054,AGRI,932.695550516963
Summit,2054,CONS,6311.99065015454
Summit,2054,FOOD,8862.72787816188
Summit,2054,GVED,6461.970705033635
Summit,2054,HLTH,4343.49022559796
Summit,2054,MANU,1988.92407997745
Summit,2054,MING,89.4485571423613
Summit,2054,OFFI,8058.625442449842
Summit,2054,OTHR,28477.31292052255
Summit,2054,RETL,6864.56499993474
Summit,2054,WSLE,1461.8765304967026
Summit,2055,AGRI,931.9669334963901
Summit,2055,CONS,6463.12074114515
Summit,2055,FOOD,8908.98660348518
Summit,2055,GVED,6552.8938892046945
Summit,2055,HLTH,4380.27538405842
Summit,2055,MANU,2006.83824081747
Summit,2055,MING,90.3439017300054
Summit,2055,OFFI,8137.820142622582
Summit,2055,OTHR,28748.95242837477
Summit,2055,RETL,6957.41734389984
Summit,2055,WSLE,1472.7757532462713
Summit,2056,AGRI,933.197122137437
Summit,2056,CONS,6584.74101969056
Summit,2056,FOOD,8945.73180360326
Summit,2056,GVED,6642.807095700411
Summit,2056,HLTH,4430.53841239054
Summit,2056,MANU,2024.12332923548
Summit,2056,MING,90.3343467657407
Summit,2056,OFFI,8216.190457356553
Summit,2056,OTHR,29066.99690575517
Summit,2056,RETL,7046.58732978838
Summit,2056,WSLE,1486.1636549598727
Summit,2057,AGRI,932.447234735604
Summit,2057,CONS,6687.6404156161
Summit,2057,FOOD,8972.19235259105
Summit,2057,GVED,6730.355934953567
Summit,2057,HLTH,4480.73184195008
Summit,2057,MANU,2042.92245433914
Summit,2057,MING,88.3488821094278
Summit,2057,OFFI,8298.073347492933
Summit,2057,OTHR,29363.559554876163
Summit,2057,RETL,7131.10522361832
Summit,2057,WSLE,1499.8887756909758
Summit,2058,AGRI,932.668313390018
Summit,2058,CONS,6765.46926743645
Summit,2058,FOOD,8994.08733837335
Summit,2058,GVED,6815.227615664437
Summit,2058,HLTH,4528.82369250575
Summit,2058,MANU,2061.76340017996
Summit,2058,MING,87.3380254415972
Summit,2058,OFFI,8379.990321835288
Summit,2058,OTHR,29643.5892863382
Summit,2058,RETL,7208.79963175718
Summit,2058,WSLE,1509.8388734487494
Summit,2059,AGRI,931.9341871512651
Summit,2059,CONS,6845.09180845798
Summit,2059,FOOD,9019.8241404223
Summit,2059,GVED,6898.05750838216
Summit,2059,HLTH,4579.75136410806
Summit,2059,MANU,2081.5599629517
Summit,2059,MING,87.2943149166395
Summit,2059,OFFI,8462.815847693128
Summit,2059,OTHR,29933.07909257584
Summit,2059,RETL,7294.0451342212
Summit,2059,WSLE,1522.6866565164091
Summit,2060,AGRI,932.174587227997
Summit,2060,CONS,6930.47626222486
Summit,2060,FOOD,9045.59514029403
Summit,2060,GVED,6981.997196550606
Summit,2060,HLTH,4630.35342300075
Summit,2060,MANU,2102.32252341754
Summit,2060,MING,86.2958630795372
Summit,2060,OFFI,8549.490879162198
Summit,2060,OTHR,30230.27468235726
Summit,2060,RETL,7381.90671022452
Summit,2060,WSLE,1535.5482680242562
Summit,2061,AGRI,932.377453576014
Summit,2061,CONS,7011.14480011852
Summit,2061,FOOD,9069.90472887461
Summit,2061,GVED,7062.265500632533
Summit,2061,HLTH,4676.99633129601
Summit,2061,MANU,2122.67415751031
Summit,2061,MING,85.2668676687436
Summit,2061,OFFI,8631.742688908784
Summit,2061,OTHR,30510.71447251087
Summit,2061,RETL,7470.73993044031
Summit,2061,WSLE,1545.8106744909583
Summit,2062,AGRI,931.63973047447
Summit,2062,CONS,7089.92233137154
Summit,2062,FOOD,9096.26669713701
Summit,2062,GVED,7141.002583758471
Summit,2062,HLTH,4723.12413765577
Summit,2062,MANU,2142.07587463311
Summit,2062,MING,85.1994021398054
Summit,2062,OFFI,8713.070909860595
Summit,2062,OTHR,30786.502039930827
Summit,2062,RETL,7561.61091132557
Summit,2062,WSLE,1555.1282040022068
Summit,2063,AGRI,932.828301417578
Summit,2063,CONS,7168.65342887548
Summit,2063,FOOD,9124.60138971213
Summit,2063,GVED,7221.608835093833
Summit,2063,HLTH,4769.23098536247
Summit,2063,MANU,2162.42796194581
Summit,2063,MING,85.1329711342235
Summit,2063,OFFI,8792.451400484924
Summit,2063,OTHR,31057.404616784283
Summit,2063,RETL,7653.37909959116
Summit,2063,WSLE,1566.3630329075506
Summit,2064,AGRI,932.1107583097039
Summit,2064,CONS,7245.42008556721
Summit,2064,FOOD,9153.93929827328
Summit,2064,GVED,7301.205020872393
Summit,2064,HLTH,4815.31365976369
Summit,2064,MANU,2181.81319116276
Summit,2064,MING,84.1107314486101
Summit,2064,OFFI,8869.882520317102
Summit,2064,OTHR,31322.454688617967
Summit,2064,RETL,7746.99447753606
Summit,2064,WSLE,1576.639219191055
Summit,2065,AGRI,932.359884338957
Summit,2065,CONS,7320.23165272437
Summit,2065,FOOD,9185.23819984773
Summit,2065,GVED,7379.798396358972
Summit,2065,HLTH,4860.41924444555
Summit,2065,MANU,2201.19116023488
Summit,2065,MING,84.0469427788335
Summit,2065,OFFI,8947.286227740213
Summit,2065,OTHR,31583.596646574
Summit,2065,RETL,7841.50225995753
Summit,2065,WSLE,1585.9598293545057
Tooele,2023,AGRI,564.0
Tooele,2023,CONS,1851.0
Tooele,2023,FOOD,1930.0
Tooele,2023,GVED,5791.0
Tooele,2023,HLTH,2312.0
Tooele,2023,MANU,2117.0
Tooele,2023,MING,263.0
Tooele,2023,OFFI,1478.0
Tooele,2023,OTHR,6495.0
Tooele,2023,RETL,3089.0
Tooele,2023,WSLE,2762.0
Tooele,2024,AGRI,566.0
Tooele,2024,CONS,1964.0
Tooele,2024,FOOD,1944.0
Tooele,2024,GVED,5999.0
Tooele,2024,HLTH,2456.0
Tooele,2024,MANU,2289.0
Tooele,2024,MING,274.0
Tooele,2024,OFFI,1799.0
Tooele,2024,OTHR,7111.0
Tooele,2024,RETL,3146.0
Tooele,2024,WSLE,3644.0
Tooele,2025,AGRI,564.0762777733119
Tooele,2025,CONS,2062.2037263389
Tooele,2025,FOOD,1965.37348211391
Tooele,2025,GVED,6122.398693011975
Tooele,2025,HLTH,2569.68716176207
Tooele,2025,MANU,2329.00109303959
Tooele,2025,MING,272.559736693356
Tooele,2025,OFFI,1824.7557006593743
Tooele,2025,OTHR,7257.226365608207
Tooele,2025,RETL,3184.89688290532
Tooele,2025,WSLE,3697.844323387556
Tooele,2026,AGRI,564.1320477735594
Tooele,2026,CONS,2156.11949755094
Tooele,2026,FOOD,1997.29327663245
Tooele,2026,GVED,6188.8992218643825
Tooele,2026,HLTH,2662.43097982453
Tooele,2026,MANU,2345.88430099955
Tooele,2026,MING,280.03605577641
Tooele,2026,OFFI,1810.5756100371366
Tooele,2026,OTHR,7395.89075751306
Tooele,2026,RETL,3206.39170069091
Tooele,2026,WSLE,3695.4221926045807
Tooele,2027,AGRI,561.3813710642512
Tooele,2027,CONS,2256.05409382068
Tooele,2027,FOOD,2025.87915010546
Tooele,2027,GVED,6265.74996012861
Tooele,2027,HLTH,2752.52069938957
Tooele,2027,MANU,2364.043335796
Tooele,2027,MING,285.687566177123
Tooele,2027,OFFI,1799.7187529266175
Tooele,2027,OTHR,7530.665369170743
Tooele,2027,RETL,3278.13909602962
Tooele,2027,WSLE,3714.238148681298
Tooele,2028,AGRI,557.5426888579452
Tooele,2028,CONS,2357.51738351151
Tooele,2028,FOOD,2049.34674091777
Tooele,2028,GVED,6331.173817448009
Tooele,2028,HLTH,2823.00908448186
Tooele,2028,MANU,2382.27595424838
Tooele,2028,MING,273.315311498833
Tooele,2028,OFFI,1804.1393432082275
Tooele,2028,OTHR,7702.066208427326
Tooele,2028,RETL,3328.56108062557
Tooele,2028,WSLE,3706.415837916705
Tooele,2029,AGRI,555.748863557926
Tooele,2029,CONS,2457.0337882806
Tooele,2029,FOOD,2068.82450098521
Tooele,2029,GVED,6402.300112628299
Tooele,2029,HLTH,2892.54071994609
Tooele,2029,MANU,2416.79494236127
Tooele,2029,MING,257.052068163893
Tooele,2029,OFFI,1816.771073644306
Tooele,2029,OTHR,7912.77947716563
Tooele,2029,RETL,3391.39280814212
Tooele,2029,WSLE,3696.6983640155063
Tooele,2030,AGRI,551.9960447775417
Tooele,2030,CONS,2530.37120745168
Tooele,2030,FOOD,2079.05885417264
Tooele,2030,GVED,6481.976289912963
Tooele,2030,HLTH,2966.55723676456
Tooele,2030,MANU,2462.20143947831
Tooele,2030,MING,251.745591105798
Tooele,2030,OFFI,1831.6458984673886
Tooele,2030,OTHR,8109.204439047881
Tooele,2030,RETL,3473.87027050052
Tooele,2030,WSLE,3683.503115955317
Tooele,2031,AGRI,549.2022647591748
Tooele,2031,CONS,2578.65761099204
Tooele,2031,FOOD,2074.83276579741
Tooele,2031,GVED,6502.974813502264
Tooele,2031,HLTH,3032.82680834481
Tooele,2031,MANU,2504.27596903054
Tooele,2031,MING,252.341665621281
Tooele,2031,OFFI,1844.6421014166367
Tooele,2031,OTHR,8277.473132350457
Tooele,2031,RETL,3557.10745150054
Tooele,2031,WSLE,3674.6788579151907
Tooele,2032,AGRI,546.4862633848234
Tooele,2032,CONS,2622.45881572427
Tooele,2032,FOOD,2078.24974193544
Tooele,2032,GVED,6545.582539735717
Tooele,2032,HLTH,3097.38269212697
Tooele,2032,MANU,2543.41259983364
Tooele,2032,MING,264.862448294516
Tooele,2032,OFFI,1856.219375180061
Tooele,2032,OTHR,8451.335513730724
Tooele,2032,RETL,3629.00014096241
Tooele,2032,WSLE,3661.5508620048267
Tooele,2033,AGRI,547.762282357387
Tooele,2033,CONS,2663.3974841567
Tooele,2033,FOOD,2094.67465666998
Tooele,2033,GVED,6585.973936301312
Tooele,2033,HLTH,3159.37662026309
Tooele,2033,MANU,2575.53478980702
Tooele,2033,MING,276.375029010806
Tooele,2033,OFFI,1876.552321060208
Tooele,2033,OTHR,8621.75547393185
Tooele,2033,RETL,3695.80108554596
Tooele,2033,WSLE,3637.1508719580343
Tooele,2034,AGRI,548.2723398384256
Tooele,2034,CONS,2709.86264572509
Tooele,2034,FOOD,2180.7661460094
Tooele,2034,GVED,6641.747191068055
Tooele,2034,HLTH,3230.49058874374
Tooele,2034,MANU,2607.31232463092
Tooele,2034,MING,287.090546390454
Tooele,2034,OFFI,1909.1221439260485
Tooele,2034,OTHR,8876.482927267014
Tooele,2034,RETL,3772.06199825471
Tooele,2034,WSLE,3611.786365455931
Tooele,2035,AGRI,547.2023927516508
Tooele,2035,CONS,2725.6998973518
Tooele,2035,FOOD,2113.09123310095
Tooele,2035,GVED,6672.063767164853
Tooele,2035,HLTH,3258.21575970144
Tooele,2035,MANU,2636.81440883736
Tooele,2035,MING,292.250936439221
Tooele,2035,OFFI,1931.4418178885824
Tooele,2035,OTHR,8859.05725379562
Tooele,2035,RETL,3794.52584816498
Tooele,2035,WSLE,3547.696607527087
Tooele,2036,AGRI,546.4952216322649
Tooele,2036,CONS,2741.22907330563
Tooele,2036,FOOD,2136.74661119146
Tooele,2036,GVED,6719.009084893266
Tooele,2036,HLTH,3301.29736773636
Tooele,2036,MANU,2683.7728263207
Tooele,2036,MING,290.850166630997
Tooele,2036,OFFI,1956.7172064906456
Tooele,2036,OTHR,9005.714108701886
Tooele,2036,RETL,3843.4566628748
Tooele,2036,WSLE,3507.263692512181
Tooele,2037,AGRI,546.8224775404627
Tooele,2037,CONS,2746.27765807212
Tooele,2037,FOOD,2167.62766882999
Tooele,2037,GVED,6776.461948076788
Tooele,2037,HLTH,3352.20012418804
Tooele,2037,MANU,2732.38949798148
Tooele,2037,MING,289.503393011259
Tooele,2037,OFFI,1979.732628589787
Tooele,2037,OTHR,9179.425132435099
Tooele,2037,RETL,3910.26051953981
Tooele,2037,WSLE,3479.028147437039
Tooele,2038,AGRI,546.1882579423043
Tooele,2038,CONS,2744.82789520581
Tooele,2038,FOOD,2189.64488676187
Tooele,2038,GVED,6838.2076033143285
Tooele,2038,HLTH,3407.94242615074
Tooele,2038,MANU,2777.12557244578
Tooele,2038,MING,289.158911035664
Tooele,2038,OFFI,1999.9461801197058
Tooele,2038,OTHR,9377.50905133024
Tooele,2038,RETL,3977.47660971212
Tooele,2038,WSLE,3465.7773933984954
Tooele,2039,AGRI,546.5424230513687
Tooele,2039,CONS,2743.29350384752
Tooele,2039,FOOD,2214.05957377603
Tooele,2039,GVED,6909.643325714687
Tooele,2039,HLTH,3459.94209528934
Tooele,2039,MANU,2818.7355608305
Tooele,2039,MING,289.800945032334
Tooele,2039,OFFI,2019.081360060528
Tooele,2039,OTHR,9566.143171587912
Tooele,2039,RETL,4048.21592803598
Tooele,2039,WSLE,3452.1916478485427
Tooele,2040,AGRI,545.9512549708912
Tooele,2040,CONS,2735.32780945742
Tooele,2040,FOOD,2234.59532229288
Tooele,2040,GVED,6995.007150839703
Tooele,2040,HLTH,3511.38035098786
Tooele,2040,MANU,2859.80777873947
Tooele,2040,MING,290.469333950896
Tooele,2040,OFFI,2038.5638959809398
Tooele,2040,OTHR,9742.934543564577
Tooele,2040,RETL,4113.52998930496
Tooele,2040,WSLE,3440.7905062084637
Tooele,2041,AGRI,545.3559735516787
Tooele,2041,CONS,2720.93860423042
Tooele,2041,FOOD,2258.58953022068
Tooele,2041,GVED,7046.16556534061
Tooele,2041,HLTH,3557.21584373506
Tooele,2041,MANU,2897.68750964495
Tooele,2041,MING,292.109780397523
Tooele,2041,OFFI,2054.9635532712537
Tooele,2041,OTHR,9911.311551283854
Tooele,2041,RETL,4182.90526141017
Tooele,2041,WSLE,3429.975054741029
Tooele,2042,AGRI,544.7522181593855
Tooele,2042,CONS,2711.39480391022
Tooele,2042,FOOD,2276.18069699716
Tooele,2042,GVED,7114.052434246992
Tooele,2042,HLTH,3598.69824301442
Tooele,2042,MANU,2933.91709771618
Tooele,2042,MING,295.684309473415
Tooele,2042,OFFI,2079.6182001900506
Tooele,2042,OTHR,10075.899015894993
Tooele,2042,RETL,4244.8644730803
Tooele,2042,WSLE,3423.502999227058
Tooele,2043,AGRI,543.2134389396925
Tooele,2043,CONS,2703.99921984992
Tooele,2043,FOOD,2296.95159777546
Tooele,2043,GVED,7188.015541091415
Tooele,2043,HLTH,3636.33425696537
Tooele,2043,MANU,2965.81674139963
Tooele,2043,MING,299.279370286376
Tooele,2043,OFFI,2099.730556950647
Tooele,2043,OTHR,10235.158595042496
Tooele,2043,RETL,4309.21549667468
Tooele,2043,WSLE,3415.458545997214
Tooele,2044,AGRI,542.6589443965563
Tooele,2044,CONS,2695.79459063865
Tooele,2044,FOOD,2314.35611275735
Tooele,2044,GVED,7262.086296316325
Tooele,2044,HLTH,3673.11887046345
Tooele,2044,MANU,2998.48865814511
Tooele,2044,MING,298.976867382551
Tooele,2044,OFFI,2123.595033057073
Tooele,2044,OTHR,10394.785892266387
Tooele,2044,RETL,4368.31594371257
Tooele,2044,WSLE,3408.9087995763994
Tooele,2045,AGRI,542.1358853686412
Tooele,2045,CONS,2702.87998051494
Tooele,2045,FOOD,2334.05831657566
Tooele,2045,GVED,7338.878502936436
Tooele,2045,HLTH,3711.46338945351
Tooele,2045,MANU,3036.22755796921
Tooele,2045,MING,299.666801336353
Tooele,2045,OFFI,2147.575463627674
Tooele,2045,OTHR,10551.46599234739
Tooele,2045,RETL,4436.34411318335
Tooele,2045,WSLE,3402.813258594455
Tooele,2046,AGRI,541.6185273368242
Tooele,2046,CONS,2727.46063078471
Tooele,2046,FOOD,2349.97024315962
Tooele,2046,GVED,7416.711746598803
Tooele,2046,HLTH,3749.74240232076
Tooele,2046,MANU,3075.55122026667
Tooele,2046,MING,300.354861519316
Tooele,2046,OFFI,2179.0468893790985
Tooele,2046,OTHR,10693.735336401422
Tooele,2046,RETL,4499.29280701521
Tooele,2046,WSLE,3397.786824774891
Tooele,2047,AGRI,541.1258928459952
Tooele,2047,CONS,2766.09867054768
Tooele,2047,FOOD,2366.96899785254
Tooele,2047,GVED,7495.31040658912
Tooele,2047,HLTH,3785.6709783806
Tooele,2047,MANU,3113.9886217536
Tooele,2047,MING,302.997170983
Tooele,2047,OFFI,2216.3487718475208
Tooele,2047,OTHR,10825.575526606926
Tooele,2047,RETL,4564.27011063886
Tooele,2047,WSLE,3392.936381962477
Tooele,2048,AGRI,539.6819767294527
Tooele,2048,CONS,2817.74894562711
Tooele,2048,FOOD,2386.95533105727
Tooele,2048,GVED,7575.74215479454
Tooele,2048,HLTH,3819.98804921149
Tooele,2048,MANU,3154.42249188232
Tooele,2048,MING,307.585244292225
Tooele,2048,OFFI,2253.6503002988184
Tooele,2048,OTHR,10946.92115772275
Tooele,2048,RETL,4631.39878099062
Tooele,2048,WSLE,3387.26161921506
Tooele,2049,AGRI,539.2239532438192
Tooele,2049,CONS,2880.89019643244
Tooele,2049,FOOD,2407.78896037871
Tooele,2049,GVED,7655.219099965507
Tooele,2049,HLTH,3854.08503831692
Tooele,2049,MANU,3195.80809919381
Tooele,2049,MING,312.174391279657
Tooele,2049,OFFI,2292.845714238169
Tooele,2049,OTHR,11068.92057560041
Tooele,2049,RETL,4699.46075694987
Tooele,2049,WSLE,3380.58932187832
Tooele,2050,AGRI,537.840422294365
Tooele,2050,CONS,2950.11214981227
Tooele,2050,FOOD,2428.75472897048
Tooele,2050,GVED,7754.807352170192
Tooele,2050,HLTH,3886.23320408947
Tooele,2050,MANU,3236.77153223317
Tooele,2050,MING,316.786102849396
Tooele,2050,OFFI,2327.566658374245
Tooele,2050,OTHR,11197.229527677153
Tooele,2050,RETL,4770.43715184945
Tooele,2050,WSLE,3374.239127637763
Tooele,2051,AGRI,537.3530493282808
Tooele,2051,CONS,3017.72917651328
Tooele,2051,FOOD,2446.29696467936
Tooele,2051,GVED,7812.078155545314
Tooele,2051,HLTH,3912.32813961094
Tooele,2051,MANU,3280.02085482357
Tooele,2051,MING,321.334436910244
Tooele,2051,OFFI,2355.3442824653353
Tooele,2051,OTHR,11309.377472482145
Tooele,2051,RETL,4834.15673159314
Tooele,2051,WSLE,3362.395000596659
Tooele,2052,AGRI,535.9211881945206
Tooele,2052,CONS,3084.68759313201
Tooele,2052,FOOD,2463.81749256799
Tooele,2052,GVED,7888.954501276786
Tooele,2052,HLTH,3935.16344851736
Tooele,2052,MANU,3320.45566968497
Tooele,2052,MING,325.887660522939
Tooele,2052,OFFI,2376.309276942192
Tooele,2052,OTHR,11420.7207516493
Tooele,2052,RETL,4897.93076285299
Tooele,2052,WSLE,3353.602366517066
Tooele,2053,AGRI,535.4692242766572
Tooele,2053,CONS,3154.42014176346
Tooele,2053,FOOD,2481.34151990831
Tooele,2053,GVED,7963.7215812337445
Tooele,2053,HLTH,3957.55049541586
Tooele,2053,MANU,3356.11350095022
Tooele,2053,MING,330.442168743832
Tooele,2053,OFFI,2392.4558596216207
Tooele,2053,OTHR,11537.04672323578
Tooele,2053,RETL,4960.14175640925
Tooele,2053,WSLE,3348.800097836506
Tooele,2054,AGRI,533.0998241646541
Tooele,2054,CONS,3226.91364707581
Tooele,2054,FOOD,2497.92610583398
Tooele,2054,GVED,8041.217275062213
Tooele,2054,HLTH,3977.92639632719
Tooele,2054,MANU,3389.91743666971
Tooele,2054,MING,334.998055457606
Tooele,2054,OFFI,2407.6890683296256
Tooele,2054,OTHR,11650.733539919467
Tooele,2054,RETL,5024.67612488413
Tooele,2054,WSLE,3343.20420022057
Tooele,2055,AGRI,531.7166430813555
Tooele,2055,CONS,3301.51743509142
Tooele,2055,FOOD,2514.81046580317
Tooele,2055,GVED,8116.288678063938
Tooele,2055,HLTH,3997.50245471303
Tooele,2055,MANU,3421.05367567634
Tooele,2055,MING,337.635330258487
Tooele,2055,OFFI,2420.1982839385337
Tooele,2055,OTHR,11762.70539737324
Tooele,2055,RETL,5087.43443923161
Tooele,2055,WSLE,3341.005931784181
Tooele,2056,AGRI,530.3605794146348
Tooele,2056,CONS,3354.03266191124
Tooele,2056,FOOD,2526.91938105568
Tooele,2056,GVED,8189.370574236903
Tooele,2056,HLTH,4021.87590806256
Tooele,2056,MANU,3447.88156542369
Tooele,2056,MING,336.442570502146
Tooele,2056,OFFI,2430.209165599712
Tooele,2056,OTHR,11878.922428744667
Tooele,2056,RETL,5138.94599978211
Tooele,2056,WSLE,3344.887683974292
Tooele,2057,AGRI,528.9678582040713
Tooele,2057,CONS,3389.66431883257
Tooele,2057,FOOD,2534.75664384819
Tooele,2057,GVED,8259.109619411747
Tooele,2057,HLTH,4044.65946869062
Tooele,2057,MANU,3476.93876223005
Tooele,2057,MING,332.335272003961
Tooele,2057,OFFI,2441.7273015514897
Tooele,2057,OTHR,11984.195838467567
Tooele,2057,RETL,5184.17281887992
Tooele,2057,WSLE,3344.534335204306
Tooele,2058,AGRI,527.5831412604583
Tooele,2058,CONS,3417.66654964131
Tooele,2058,FOOD,2541.57996809416
Tooele,2058,GVED,8325.576362453632
Tooele,2058,HLTH,4067.99091351165
Tooele,2058,MANU,3506.98703035748
Tooele,2058,MING,328.239244292705
Tooele,2058,OFFI,2453.2438876536853
Tooele,2058,OTHR,12090.510458410214
Tooele,2058,RETL,5228.47990523585
Tooele,2058,WSLE,3344.312382768867
Tooele,2059,AGRI,526.2038695204552
Tooele,2059,CONS,3438.40228942111
Tooele,2059,FOOD,2547.3378232571
Tooele,2059,GVED,8387.320150812226
Tooele,2059,HLTH,4089.68248127858
Tooele,2059,MANU,3536.05723061214
Tooele,2059,MING,325.113404487706
Tooele,2059,OFFI,2463.782703966247
Tooele,2059,OTHR,12191.83086226623
Tooele,2059,RETL,5270.37383630395
Tooele,2059,WSLE,3343.167713550065
Tooele,2060,AGRI,524.8344771120857
Tooele,2060,CONS,3455.50400696335
Tooele,2060,FOOD,2552.05855938169
Tooele,2060,GVED,8465.513153646394
Tooele,2060,HLTH,4107.59226442339
Tooele,2060,MANU,3566.0955302086
Tooele,2060,MING,324.877362502291
Tooele,2060,OFFI,2473.3695971650727
Tooele,2060,OTHR,12290.217299087753
Tooele,2060,RETL,5310.54221718317
Tooele,2060,WSLE,3343.038411898781
Tooele,2061,AGRI,523.4497625009033
Tooele,2061,CONS,3471.65914068556
Tooele,2061,FOOD,2555.74244598488
Tooele,2061,GVED,8498.689220605334
Tooele,2061,HLTH,4125.10851670881
Tooele,2061,MANU,3595.80879424644
Tooele,2061,MING,325.572836060402
Tooele,2061,OFFI,2482.871292846829
Tooele,2061,OTHR,12385.73777604598
Tooele,2061,RETL,5351.98352480219
Tooele,2061,WSLE,3341.285713732025
Tooele,2062,AGRI,523.0355944182093
Tooele,2062,CONS,3486.1605511404
Tooele,2062,FOOD,2559.46969919473
Tooele,2062,GVED,8554.250290878612
Tooele,2062,HLTH,4143.88408980904
Tooele,2062,MANU,3625.54378220405
Tooele,2062,MING,326.273471743805
Tooele,2062,OFFI,2490.489155794492
Tooele,2062,OTHR,12479.427539338072
Tooele,2062,RETL,5394.70254839482
Tooele,2062,WSLE,3338.641995085217
Tooele,2063,AGRI,521.670286370085
Tooele,2063,CONS,3500.67718504752
Tooele,2063,FOOD,2562.26150398296
Tooele,2063,GVED,8607.902362605371
Tooele,2063,HLTH,4161.71785215382
Tooele,2063,MANU,3654.31410023883
Tooele,2063,MING,326.019072366834
Tooele,2063,OFFI,2499.079690716072
Tooele,2063,OTHR,12575.021173316947
Tooele,2063,RETL,5438.37077655932
Tooele,2063,WSLE,3336.9963063533082
Tooele,2064,AGRI,520.312256763217
Tooele,2064,CONS,3513.29249026629
Tooele,2064,FOOD,2566.03110671607
Tooele,2064,GVED,8663.470089854898
Tooele,2064,HLTH,4180.52195711923
Tooele,2064,MANU,3683.07604994352
Tooele,2064,MING,326.725048797297
Tooele,2064,OFFI,2507.6816654218196
Tooele,2064,OTHR,12668.677780480608
Tooele,2064,RETL,5482.02523163262
Tooele,2064,WSLE,3335.3862017226284
Tooele,2065,AGRI,518.9616288151383
Tooele,2065,CONS,3525.92450729454
Tooele,2065,FOOD,2569.82122898715
Tooele,2065,GVED,8718.085648105667
Tooele,2065,HLTH,4199.34015581794
Tooele,2065,MANU,3712.78782255163
Tooele,2065,MING,326.477264051088
Tooele,2065,OFFI,2515.3401543001096
Tooele,2065,OTHR,12761.365068982726
Tooele,2065,RETL,5525.66916070791
Tooele,2065,WSLE,3332.856680871553
Uintah,2023,AGRI,1333.0
Uintah,2023,CONS,1756.0
Uintah,2023,FOOD,1351.0
Uintah,2023,GVED,3610.0
Uintah,2023,HLTH,1211.0
Uintah,2023,MANU,488.0
Uintah,2023,MING,2228.0
Uintah,2023,OFFI,981.0
Uintah,2023,OTHR,3879.0
Uintah,2023,RETL,2175.0
Uintah,2023,WSLE,1804.0
Uintah,2024,AGRI,1335.0
Uintah,2024,CONS,2224.0
Uintah,2024,FOOD,1359.0
Uintah,2024,GVED,3819.0
Uintah,2024,HLTH,1239.0
Uintah,2024,MANU,462.0
Uintah,2024,MING,2534.0
Uintah,2024,OFFI,983.0
Uintah,2024,OTHR,4074.0
Uintah,2024,RETL,2211.0
Uintah,2024,WSLE,1865.0
Uintah,2025,AGRI,1330.781277716252
Uintah,2025,CONS,2258.96397356574
Uintah,2025,FOOD,1362.80848451624
Uintah,2025,GVED,3948.1717772983507
Uintah,2025,HLTH,1284.49887224879
Uintah,2025,MANU,471.247937692232
Uintah,2025,MING,2519.78145248443
Uintah,2025,OFFI,995.3795198177479
Uintah,2025,OTHR,4149.477567019456
Uintah,2025,RETL,2209.28848140423
Uintah,2025,WSLE,1898.0777136199872
Uintah,2026,AGRI,1331.6423789298829
Uintah,2026,CONS,2349.8911715971
Uintah,2026,FOOD,1387.18848761238
Uintah,2026,GVED,3953.5889465918654
Uintah,2026,HLTH,1319.42811182547
Uintah,2026,MANU,481.01938223327
Uintah,2026,MING,2594.294423136
Uintah,2026,OFFI,991.6662571214624
Uintah,2026,OTHR,4223.619673128548
Uintah,2026,RETL,2204.09057040868
Uintah,2026,WSLE,1912.558206950384
Uintah,2027,AGRI,1327.6149449885438
Uintah,2027,CONS,2442.66880793853
Uintah,2027,FOOD,1405.92276464444
Uintah,2027,GVED,3968.43793536332
Uintah,2027,HLTH,1346.32641607192
Uintah,2027,MANU,489.884995002938
Uintah,2027,MING,2643.96628421251
Uintah,2027,OFFI,985.2977577431056
Uintah,2027,OTHR,4293.797301972583
Uintah,2027,RETL,2216.45445181815
Uintah,2027,WSLE,1929.757696422081
Uintah,2028,AGRI,1318.572753007516
Uintah,2028,CONS,2491.78817205841
Uintah,2028,FOOD,1411.73908917587
Uintah,2028,GVED,3976.35362706043
Uintah,2028,HLTH,1361.2618855249
Uintah,2028,MANU,495.099161300426
Uintah,2028,MING,2534.00740477528
Uintah,2028,OFFI,987.9623800649001
Uintah,2028,OTHR,4357.45518203258
Uintah,2028,RETL,2216.61720638563
Uintah,2028,WSLE,1929.91908916928
Uintah,2029,AGRI,1312.5500703970208
Uintah,2029,CONS,2483.19295034773
Uintah,2029,FOOD,1402.86986275715
Uintah,2029,GVED,3985.695141853823
Uintah,2029,HLTH,1369.30984383637
Uintah,2029,MANU,500.77005951418
Uintah,2029,MING,2387.84030007337
Uintah,2029,OFFI,993.0431768307303
Uintah,2029,OTHR,4416.006645767368
Uintah,2029,RETL,2212.50251897297
Uintah,2029,WSLE,1930.813698010566
Uintah,2030,AGRI,1304.608353795487
Uintah,2030,CONS,2455.59114415436
Uintah,2030,FOOD,1384.74845281387
Uintah,2030,GVED,3986.319159589396
Uintah,2030,HLTH,1383.68766414834
Uintah,2030,MANU,507.382647109537
Uintah,2030,MING,2346.43852699812
Uintah,2030,OFFI,1000.9409979908414
Uintah,2030,OTHR,4455.635975256512
Uintah,2030,RETL,2222.95323195313
Uintah,2030,WSLE,1924.661872740957
Uintah,2031,AGRI,1299.705119000177
Uintah,2031,CONS,2478.13073221239
Uintah,2031,FOOD,1369.86742689837
Uintah,2031,GVED,3979.9998955792425
Uintah,2031,HLTH,1404.22922918431
Uintah,2031,MANU,518.399501376702
Uintah,2031,MING,2360.73492940113
Uintah,2031,OFFI,1004.2052226678117
Uintah,2031,OTHR,4500.6920835996025
Uintah,2031,RETL,2249.25351485101
Uintah,2031,WSLE,1921.534848755602
Uintah,2032,AGRI,1293.9121306716809
Uintah,2032,CONS,2508.10259133814
Uintah,2032,FOOD,1357.54248752664
Uintah,2032,GVED,3980.822223632113
Uintah,2032,HLTH,1424.96993588693
Uintah,2032,MANU,527.52530277168
Uintah,2032,MING,2477.0423257774
Uintah,2032,OFFI,1008.6678216603138
Uintah,2032,OTHR,4558.199997419013
Uintah,2032,RETL,2271.51856343869
Uintah,2032,WSLE,1916.999259653604
Uintah,2033,AGRI,1294.108828769703
Uintah,2033,CONS,2545.67385148687
Uintah,2033,FOOD,1353.79253660302
Uintah,2033,GVED,3983.448459511994
Uintah,2033,HLTH,1442.63036377598
Uintah,2033,MANU,534.756333406122
Uintah,2033,MING,2593.12226702263
Uintah,2033,OFFI,1014.3357062262231
Uintah,2033,OTHR,4605.146903682336
Uintah,2033,RETL,2290.64128570177
Uintah,2033,WSLE,1902.226483305656
Uintah,2034,AGRI,1293.531763628779
Uintah,2034,CONS,2587.48553788747
Uintah,2034,FOOD,1360.25662582637
Uintah,2034,GVED,3990.9758909069687
Uintah,2034,HLTH,1463.53211141455
Uintah,2034,MANU,541.274533311334
Uintah,2034,MING,2690.05363252426
Uintah,2034,OFFI,1022.8800300210785
Uintah,2034,OTHR,4691.545498225822
Uintah,2034,RETL,2310.26867558939
Uintah,2034,WSLE,1887.4155937482901
Uintah,2035,AGRI,1292.4812138787781
Uintah,2035,CONS,2619.78373957231
Uintah,2035,FOOD,1345.35879618649
Uintah,2035,GVED,3980.0776256875197
Uintah,2035,HLTH,1469.57129372755
Uintah,2035,MANU,547.994093990253
Uintah,2035,MING,2730.37520315962
Uintah,2035,OFFI,1033.8675644823184
Uintah,2035,OTHR,4649.19045319654
Uintah,2035,RETL,2312.07644803601
Uintah,2035,WSLE,1860.3338851494289
Uintah,2036,AGRI,1290.7684870718222
Uintah,2036,CONS,2638.19175211053
Uintah,2036,FOOD,1349.67151374494
Uintah,2036,GVED,3966.4821008495383
Uintah,2036,HLTH,1473.84664539677
Uintah,2036,MANU,558.103149729281
Uintah,2036,MING,2707.10025425219
Uintah,2036,OFFI,1044.34781298474
Uintah,2036,OTHR,4681.347731691108
Uintah,2036,RETL,2310.70709171588
Uintah,2036,WSLE,1835.635652831431
Uintah,2037,AGRI,1290.120065049635
Uintah,2037,CONS,2639.90082986474
Uintah,2037,FOOD,1357.81469749886
Uintah,2037,GVED,3957.356661761867
Uintah,2037,HLTH,1481.93473933604
Uintah,2037,MANU,568.225272016436
Uintah,2037,MING,2677.24880412172
Uintah,2037,OFFI,1052.9168206202683
Uintah,2037,OTHR,4732.935183772081
Uintah,2037,RETL,2315.24525689666
Uintah,2037,WSLE,1818.9275106150799
Uintah,2038,AGRI,1288.561088079475
Uintah,2038,CONS,2637.6656275442
Uintah,2038,FOOD,1363.13133739615
Uintah,2038,GVED,3954.77351999114
Uintah,2038,HLTH,1493.34984475505
Uintah,2038,MANU,577.376293727
Uintah,2038,MING,2665.26203653264
Uintah,2038,OFFI,1062.5095602961485
Uintah,2038,OTHR,4808.232726155222
Uintah,2038,RETL,2322.90643995847
Uintah,2038,WSLE,1812.163947711554
Uintah,2039,AGRI,1288.014330159252
Uintah,2039,CONS,2633.77632146625
Uintah,2039,FOOD,1370.45112065477
Uintah,2039,GVED,3967.059627589215
Uintah,2039,HLTH,1506.24490365672
Uintah,2039,MANU,585.537873744037
Uintah,2039,MING,2657.28029385441
Uintah,2039,OFFI,1069.1658367991893
Uintah,2039,OTHR,4883.447929480526
Uintah,2039,RETL,2334.75338824779
Uintah,2039,WSLE,1803.476133802578
Uintah,2040,AGRI,1286.5315512131629
Uintah,2040,CONS,2627.82069599772
Uintah,2040,FOOD,1373.92629391364
Uintah,2040,GVED,3988.6608349090207
Uintah,2040,HLTH,1522.80457084176
Uintah,2040,MANU,593.701950547333
Uintah,2040,MING,2651.38611601813
Uintah,2040,OFFI,1077.7985241150232
Uintah,2040,OTHR,4944.0496034691605
Uintah,2040,RETL,2348.05363859152
Uintah,2040,WSLE,1795.882269054855
Uintah,2041,AGRI,1283.101393774051
Uintah,2041,CONS,2619.02544996954
Uintah,2041,FOOD,1380.31159686832
Uintah,2041,GVED,4009.6091054205453
Uintah,2041,HLTH,1540.78147709551
Uintah,2041,MANU,601.841737059725
Uintah,2041,MING,2658.19355044286
Uintah,2041,OFFI,1082.4965105733954
Uintah,2041,OTHR,5002.477552161141
Uintah,2041,RETL,2368.21103059028
Uintah,2041,WSLE,1789.2447704575711
Uintah,2042,AGRI,1281.6568296848209
Uintah,2042,CONS,2617.83322388221
Uintah,2042,FOOD,1384.71214580215
Uintah,2042,GVED,4039.4504811732368
Uintah,2042,HLTH,1559.96432333119
Uintah,2042,MANU,608.98748589724
Uintah,2042,MING,2679.63088781388
Uintah,2042,OFFI,1093.0374192790273
Uintah,2042,OTHR,5061.657218882663
Uintah,2042,RETL,2388.05043936002
Uintah,2042,WSLE,1786.461344853229
Uintah,2043,AGRI,1279.280439982838
Uintah,2043,CONS,2620.97520576638
Uintah,2043,FOOD,1391.11180452475
Uintah,2043,GVED,4080.2212541928448
Uintah,2043,HLTH,1577.74821291062
Uintah,2043,MANU,615.166535512075
Uintah,2043,MING,2695.28511640359
Uintah,2043,OFFI,1099.692764904667
Uintah,2043,OTHR,5117.992716734717
Uintah,2043,RETL,2411.57247402421
Uintah,2043,WSLE,1781.838219596982
Uintah,2044,AGRI,1275.973450747022
Uintah,2044,CONS,2622.18458710473
Uintah,2044,FOOD,1396.53190159737
Uintah,2044,GVED,4116.882607083833
Uintah,2044,HLTH,1596.99454510873
Uintah,2044,MANU,622.316802807799
Uintah,2044,MING,2689.55919916989
Uintah,2044,OFFI,1108.3006987057943
Uintah,2044,OTHR,5176.188760087383
Uintah,2044,RETL,2433.30407869059
Uintah,2044,WSLE,1779.1758704260099
Uintah,2045,AGRI,1273.70300819973
Uintah,2045,CONS,2636.17927112723
Uintah,2045,FOOD,1402.97757675485
Uintah,2045,GVED,4152.639789715939
Uintah,2045,HLTH,1618.4114136345
Uintah,2045,MANU,629.480278984145
Uintah,2045,MING,2680.08406539796
Uintah,2045,OFFI,1117.9099877814465
Uintah,2045,OTHR,5230.605558227209
Uintah,2045,RETL,2455.55765816054
Uintah,2045,WSLE,1775.632374145248
Uintah,2046,AGRI,1271.476912729647
Uintah,2046,CONS,2667.92385957454
Uintah,2046,FOOD,1407.46670770203
Uintah,2046,GVED,4190.791546281344
Uintah,2046,HLTH,1640.88371777966
Uintah,2046,MANU,637.612779824745
Uintah,2046,MING,2680.40255101919
Uintah,2046,OFFI,1129.4653199482145
Uintah,2046,OTHR,5283.006763446537
Uintah,2046,RETL,2478.71464730365
Uintah,2046,WSLE,1775.0026519604698
Uintah,2047,AGRI,1269.304294339978
Uintah,2047,CONS,2716.64209247751
Uintah,2047,FOOD,1413.92292909507
Uintah,2047,GVED,4232.537190066144
Uintah,2047,HLTH,1664.7604658499
Uintah,2047,MANU,645.752921342438
Uintah,2047,MING,2698.29068667357
Uintah,2047,OFFI,1145.8895842231493
Uintah,2047,OTHR,5334.509808367004
Uintah,2047,RETL,2506.22516674439
Uintah,2047,WSLE,1772.4922635953262
Uintah,2048,AGRI,1266.2037504866469
Uintah,2048,CONS,2778.37323562831
Uintah,2048,FOOD,1419.43451360067
Uintah,2048,GVED,4273.201475923482
Uintah,2048,HLTH,1688.12652088442
Uintah,2048,MANU,653.896404561169
Uintah,2048,MING,2727.85879080696
Uintah,2048,OFFI,1162.3146897606803
Uintah,2048,OTHR,5376.368454549995
Uintah,2048,RETL,2535.5543376076
Uintah,2048,WSLE,1771.001502641876
Uintah,2049,AGRI,1264.1147815867348
Uintah,2049,CONS,2851.10093470949
Uintah,2049,FOOD,1426.92322958448
Uintah,2049,GVED,4315.432094750008
Uintah,2049,HLTH,1709.62037636923
Uintah,2049,MANU,663.012222610533
Uintah,2049,MING,2759.38850807701
Uintah,2049,OFFI,1177.774222345793
Uintah,2049,OTHR,5420.247831753697
Uintah,2049,RETL,2566.44634542973
Uintah,2049,WSLE,1767.617982008073
Uintah,2050,AGRI,1261.1209544914288
Uintah,2050,CONS,2927.42315105613
Uintah,2050,FOOD,1433.5427525804
Uintah,2050,GVED,4358.159297674466
Uintah,2050,HLTH,1730.471075389
Uintah,2050,MANU,671.182392132041
Uintah,2050,MING,2790.0505475205
Uintah,2050,OFFI,1192.3023387034007
Uintah,2050,OTHR,5463.452009497216
Uintah,2050,RETL,2596.68912532627
Uintah,2050,WSLE,1766.315150999818
Uintah,2051,AGRI,1259.039394451484
Uintah,2051,CONS,3009.06747737842
Uintah,2051,FOOD,1439.04629811656
Uintah,2051,GVED,4387.355745612644
Uintah,2051,HLTH,1751.5423128386
Uintah,2051,MANU,680.254804569057
Uintah,2051,MING,2817.55499080479
Uintah,2051,OFFI,1202.858418203293
Uintah,2051,OTHR,5504.117666538058
Uintah,2051,RETL,2627.78374682074
Uintah,2051,WSLE,1762.824449215947
Uintah,2052,AGRI,1255.0604907747738
Uintah,2052,CONS,3093.8757059685
Uintah,2052,FOOD,1443.63983455921
Uintah,2052,GVED,4419.026133050089
Uintah,2052,HLTH,1770.97982196572
Uintah,2052,MANU,688.36464680365
Uintah,2052,MING,2848.94829229613
Uintah,2052,OFFI,1212.4604718041905
Uintah,2052,OTHR,5542.003250578732
Uintah,2052,RETL,2659.83871062283
Uintah,2052,WSLE,1761.323951052738
Uintah,2053,AGRI,1252.076081656551
Uintah,2053,CONS,3181.75263810387
Uintah,2053,FOOD,1449.22417005139
Uintah,2053,GVED,4450.851451493906
Uintah,2053,HLTH,1791.46330402454
Uintah,2053,MANU,695.508573285374
Uintah,2053,MING,2884.20175798684
Uintah,2053,OFFI,1218.2058815612822
Uintah,2053,OTHR,5585.721795055476
Uintah,2053,RETL,2690.87516855557
Uintah,2053,WSLE,1759.853494182933
Uintah,2054,AGRI,1249.1143041849068
Uintah,2054,CONS,3269.93848451762
Uintah,2054,FOOD,1453.85486591273
Uintah,2054,GVED,4475.449412662506
Uintah,2054,HLTH,1808.40160468285
Uintah,2054,MANU,702.651222122263
Uintah,2054,MING,2908.83198408351
Uintah,2054,OFFI,1223.9579014106648
Uintah,2054,OTHR,5625.586009518034
Uintah,2054,RETL,2720.99228380656
Uintah,2054,WSLE,1758.407460498458
Uintah,2055,AGRI,1245.21873020604
Uintah,2055,CONS,3357.93729966723
Uintah,2055,FOOD,1457.56519616886
Uintah,2055,GVED,4495.501690821235
Uintah,2055,HLTH,1822.78538423773
Uintah,2055,MANU,708.835799646181
Uintah,2055,MING,2923.85700874303
Uintah,2055,OFFI,1227.8002985144672
Uintah,2055,OTHR,5666.5098911551195
Uintah,2055,RETL,2748.18944703603
Uintah,2055,WSLE,1757.982553691022
Uintah,2056,AGRI,1240.3770512626982
Uintah,2056,CONS,3398.27326503235
Uintah,2056,FOOD,1458.43561410344
Uintah,2056,GVED,4507.311850635371
Uintah,2056,HLTH,1842.43686658014
Uintah,2056,MANU,714.0607437549
Uintah,2056,MING,2910.99480398961
Uintah,2056,OFFI,1231.6556903763267
Uintah,2056,OTHR,5707.531278191827
Uintah,2056,RETL,2767.63176768951
Uintah,2056,WSLE,1759.561574833529
Uintah,2057,AGRI,1236.4687441717078
Uintah,2057,CONS,3417.07255996086
Uintah,2057,FOOD,1457.3280316427
Uintah,2057,GVED,4506.247427352966
Uintah,2057,HLTH,1854.61120792193
Uintah,2057,MANU,719.250234271637
Uintah,2057,MING,2865.32150825715
Uintah,2057,OFFI,1235.4612731458226
Uintah,2057,OTHR,5742.452758830597
Uintah,2057,RETL,2777.77987822057
Uintah,2057,WSLE,1759.100646037304
Uintah,2058,AGRI,1232.571113544684
Uintah,2058,CONS,3430.37991808592
Uintah,2058,FOOD,1456.24352023102
Uintah,2058,GVED,4502.723107920998
Uintah,2058,HLTH,1865.89422859099
Uintah,2058,MANU,725.396201867798
Uintah,2058,MING,2822.62023307822
Uintah,2058,OFFI,1240.227026036066
Uintah,2058,OTHR,5778.324165812404
Uintah,2058,RETL,2785.93177877997
Uintah,2058,WSLE,1758.655295731315
Uintah,2059,AGRI,1228.685820784027
Uintah,2059,CONS,3443.76325164483
Uintah,2059,FOOD,1454.23175001665
Uintah,2059,GVED,4501.934800117648
Uintah,2059,HLTH,1875.92485589189
Uintah,2059,MANU,730.57604214687
Uintah,2059,MING,2794.41135360525
Uintah,2059,OFFI,1244.0311326631731
Uintah,2059,OTHR,5808.420308136766
Uintah,2059,RETL,2796.4800220449
Uintah,2059,WSLE,1758.2245902519799
Uintah,2060,AGRI,1223.863678333123
Uintah,2060,CONS,3457.83076346159
Uintah,2060,FOOD,1452.24387211832
Uintah,2060,GVED,4507.807660686933
Uintah,2060,HLTH,1881.59955339795
Uintah,2060,MANU,735.757179484057
Uintah,2060,MING,2780.68267800177
Uintah,2060,OFFI,1247.8450926210576
Uintah,2060,OTHR,5836.622457485578
Uintah,2060,RETL,2806.99801901268
Uintah,2060,WSLE,1756.8566173603501
Uintah,2061,AGRI,1220.952951614968
Uintah,2061,CONS,3470.26776572618
Uintah,2061,FOOD,1450.10689232941
Uintah,2061,GVED,4499.125865305836
Uintah,2061,HLTH,1888.1503437455
Uintah,2061,MANU,740.914353168127
Uintah,2061,MING,2775.55014571297
Uintah,2061,OFFI,1250.668894232489
Uintah,2061,OTHR,5867.370981224821
Uintah,2061,RETL,2818.01631699902
Uintah,2061,WSLE,1755.431548709321
Uintah,2062,AGRI,1216.153947468913
Uintah,2062,CONS,3481.89556304227
Uintah,2062,FOOD,1448.00128921404
Uintah,2062,GVED,4498.440745202576
Uintah,2062,HLTH,1896.23876653075
Uintah,2062,MANU,747.035787101265
Uintah,2062,MING,2771.43757683776
Uintah,2062,OFFI,1254.4705201025818
Uintah,2062,OTHR,5898.1833597226505
Uintah,2062,RETL,2829.20195588083
Uintah,2062,WSLE,1755.000840214223
Uintah,2063,AGRI,1212.333224924731
Uintah,2063,CONS,3492.58555896671
Uintah,2063,FOOD,1445.91477421269
Uintah,2063,GVED,4497.805729063235
Uintah,2063,HLTH,1905.29264567699
Uintah,2063,MANU,752.198259420055
Uintah,2063,MING,2768.31916253661
Uintah,2063,OFFI,1256.3648668310423
Uintah,2063,OTHR,5931.884109187713
Uintah,2063,RETL,2842.31584663742
Uintah,2063,WSLE,1753.632444806688
Uintah,2064,AGRI,1208.530420117834
Uintah,2064,CONS,3502.33682532211
Uintah,2064,FOOD,1443.84580427389
Uintah,2064,GVED,4499.1297328065775
Uintah,2064,HLTH,1914.35136874797
Uintah,2064,MANU,758.316939615222
Uintah,2064,MING,2765.23298272841
Uintah,2064,OFFI,1258.268718423858
Uintah,2064,OTHR,5965.591404204667
Uintah,2064,RETL,2855.4375715694
Uintah,2064,WSLE,1753.2402833112992
Uintah,2065,AGRI,1204.745797441249
Uintah,2065,CONS,3510.19700723138
Uintah,2065,FOOD,1441.79477846367
Uintah,2065,GVED,4498.5857277037985
Uintah,2065,HLTH,1924.3718904221
Uintah,2065,MANU,763.478012775318
Uintah,2065,MING,2762.1798311618
Uintah,2065,OFFI,1261.1385760469589
Uintah,2065,OTHR,6000.264343122037
Uintah,2065,RETL,2869.52452741416
Uintah,2065,WSLE,1750.954616071687
Utah,2023,AGRI,3859.0
Utah,2023,CONS,36923.0
Utah,2023,FOOD,25781.0
Utah,2023,GVED,65949.0
Utah,2023,HLTH,41007.0
Utah,2023,MANU,25700.0
Utah,2023,MING,884.0
Utah,2023,OFFI,66590.0
Utah,2023,OTHR,114585.0
Utah,2023,RETL,49869.0
Utah,2023,WSLE,21646.0
Utah,2024,AGRI,3869.0
Utah,2024,CONS,37290.0
Utah,2024,FOOD,26312.0
Utah,2024,GVED,67565.0
Utah,2024,HLTH,43674.0
Utah,2024,MANU,26056.0
Utah,2024,MING,967.0
Utah,2024,OFFI,65498.0
Utah,2024,OTHR,114981.0
Utah,2024,RETL,49387.0
Utah,2024,WSLE,22309.0
Utah,2025,AGRI,3862.993380005191
Utah,2025,CONS,38953.6976183703
Utah,2025,FOOD,26760.4532479838
Utah,2025,GVED,69221.64737750204
Utah,2025,HLTH,46022.2705858256
Utah,2025,MANU,26734.3107678989
Utah,2025,MING,964.815053317672
Utah,2025,OFFI,66894.24164608125
Utah,2025,OTHR,118179.89854377
Utah,2025,RETL,50420.5944918928
Utah,2025,WSLE,22993.16168155501
Utah,2026,AGRI,3866.673132890117
Utah,2026,CONS,40497.8240605713
Utah,2026,FOOD,27289.1769056817
Utah,2026,GVED,70471.84506412814
Utah,2026,HLTH,47902.9666992484
Utah,2026,MANU,27100.1651775702
Utah,2026,MING,998.069336142175
Utah,2026,OFFI,67059.77323307056
Utah,2026,OTHR,120602.4453395026
Utah,2026,RETL,50878.9954441599
Utah,2026,WSLE,23351.72171027007
Utah,2027,AGRI,3853.403859719373
Utah,2027,CONS,41974.6119619695
Utah,2027,FOOD,27644.589145554
Utah,2027,GVED,71753.63191808999
Utah,2027,HLTH,49589.8058660244
Utah,2027,MANU,27452.3716184062
Utah,2027,MING,1021.79183734949
Utah,2027,OFFI,67016.87130631082
Utah,2027,OTHR,122826.635433872
Utah,2027,RETL,51806.5725261187
Utah,2027,WSLE,23749.972882879352
Utah,2028,AGRI,3831.006952538672
Utah,2028,CONS,43461.4747274644
Utah,2028,FOOD,27936.8552932173
Utah,2028,GVED,72753.2818373467
Utah,2028,HLTH,50957.1358460834
Utah,2028,MANU,27786.8063731928
Utah,2028,MING,980.965368627026
Utah,2028,OFFI,67433.38544022464
Utah,2028,OTHR,125410.5044332798
Utah,2028,RETL,52427.8203302192
Utah,2028,WSLE,23950.94367639038
Utah,2029,AGRI,3812.9369369546457
Utah,2029,CONS,44808.6682897887
Utah,2029,FOOD,28094.3512479779
Utah,2029,GVED,73687.38696003868
Utah,2029,HLTH,52232.8671116457
Utah,2029,MANU,28294.684910084
Utah,2029,MING,926.462561945545
Utah,2029,OFFI,68281.885577947
Utah,2029,OTHR,128191.1139687493
Utah,2029,RETL,53072.5754282045
Utah,2029,WSLE,24163.393357593213
Utah,2030,AGRI,3795.099632128666
Utah,2030,CONS,45722.3958116099
Utah,2030,FOOD,28146.9867829937
Utah,2030,GVED,74324.96734120547
Utah,2030,HLTH,53632.3055461469
Utah,2030,MANU,28918.9922217244
Utah,2030,MING,911.793103080815
Utah,2030,OFFI,69208.62344977012
Utah,2030,OTHR,130645.67271833829
Utah,2030,RETL,54029.4252706194
Utah,2030,WSLE,24318.398497581853
Utah,2031,AGRI,3779.875414122267
Utah,2031,CONS,46386.4193773614
Utah,2031,FOOD,28058.2392484596
Utah,2031,GVED,74558.78019942412
Utah,2031,HLTH,55005.2494954321
Utah,2031,MANU,29529.9961146014
Utah,2031,MING,918.576082536956
Utah,2031,OFFI,70019.92977607604
Utah,2031,OTHR,132882.13769895118
Utah,2031,RETL,55060.2077494935
Utah,2031,WSLE,24502.867139033948
Utah,2032,AGRI,3767.328539737188
Utah,2032,CONS,47059.0599681592
Utah,2032,FOOD,28100.1817178635
Utah,2032,GVED,74717.54225340717
Utah,2032,HLTH,56395.8672349011
Utah,2032,MANU,30111.041594424
Utah,2032,MING,964.436007492878
Utah,2032,OFFI,70964.98347117474
Utah,2032,OTHR,135632.3393676452
Utah,2032,RETL,55951.1167180616
Utah,2032,WSLE,24705.189387435865
Utah,2033,AGRI,3775.1880001290374
Utah,2033,CONS,47719.0453261932
Utah,2033,FOOD,28304.1933847102
Utah,2033,GVED,74837.41494430696
Utah,2033,HLTH,57676.5269164006
Utah,2033,MANU,30582.4913906386
Utah,2033,MING,1011.29283477905
Utah,2033,OFFI,71987.91784287334
Utah,2033,OTHR,138167.171883646
Utah,2033,RETL,56681.8563698184
Utah,2033,WSLE,24801.358171544012
Utah,2034,AGRI,3783.759539172109
Utah,2034,CONS,48518.6603456354
Utah,2034,FOOD,29544.6902380808
Utah,2034,GVED,75140.63132217694
Utah,2034,HLTH,59250.2917391423
Utah,2034,MANU,31080.616816839
Utah,2034,MING,1052.61797389182
Utah,2034,OFFI,73383.46042843103
Utah,2034,OTHR,142467.3196891364
Utah,2034,RETL,57607.8282370277
Utah,2034,WSLE,24982.764480559097
Utah,2035,AGRI,3780.855875957082
Utah,2035,CONS,48737.8607008084
Utah,2035,FOOD,28631.2435557998
Utah,2035,GVED,74946.68741802167
Utah,2035,HLTH,59961.0049181909
Utah,2035,MANU,31455.9704240684
Utah,2035,MING,1067.23992584762
Utah,2035,OFFI,74362.12501253819
Utah,2035,OTHR,141401.45886095188
Utah,2035,RETL,57691.6565098963
Utah,2035,WSLE,24744.20954606474
Utah,2036,AGRI,3784.251950376487
Utah,2036,CONS,49041.2630650242
Utah,2036,FOOD,28959.5736094573
Utah,2036,GVED,75078.87734956696
Utah,2036,HLTH,60994.401017758
Utah,2036,MANU,32056.7762383212
Utah,2036,MING,1060.70226367905
Utah,2036,OFFI,75677.04647044674
Utah,2036,OTHR,143364.6860548922
Utah,2036,RETL,58241.1750036603
Utah,2036,WSLE,24691.98673102617
Utah,2037,AGRI,3786.849646188555
Utah,2037,CONS,49054.6778853209
Utah,2037,FOOD,29340.282669284
Utah,2037,GVED,75380.29366197588
Utah,2037,HLTH,62054.3123596616
Utah,2037,MANU,32656.3254706216
Utah,2037,MING,1051.55826187015
Utah,2037,OFFI,76830.40667959698
Utah,2037,OTHR,145574.1350068595
Utah,2037,RETL,58952.5843984134
Utah,2037,WSLE,24697.975637365635
Utah,2038,AGRI,3787.662322815257
Utah,2038,CONS,48986.2538601357
Utah,2038,FOOD,29623.2111217854
Utah,2038,GVED,75884.72336504245
Utah,2038,HLTH,63259.5290613489
Utah,2038,MANU,33220.2045266051
Utah,2038,MING,1049.46319961652
Utah,2038,OFFI,77968.17556058668
Utah,2038,OTHR,148385.1330921798
Utah,2038,RETL,59719.3181679505
Utah,2038,WSLE,24828.73875642269
Utah,2039,AGRI,3789.463692038007
Utah,2039,CONS,48888.7793541122
Utah,2039,FOOD,29907.4762727922
Utah,2039,GVED,76600.20683984138
Utah,2039,HLTH,64354.5450318886
Utah,2039,MANU,33750.9285737654
Utah,2039,MING,1049.37358968515
Utah,2039,OFFI,79021.51282526014
Utah,2039,OTHR,150991.29047056672
Utah,2039,RETL,60524.7895172621
Utah,2039,WSLE,24953.303954331368
Utah,2040,AGRI,3789.623427252701
Utah,2040,CONS,48712.7480430602
Utah,2040,FOOD,30141.224876877
Utah,2040,GVED,77348.87561285886
Utah,2040,HLTH,65465.7801527728
Utah,2040,MANU,34260.4350154755
Utah,2040,MING,1049.48914151987
Utah,2040,OFFI,80180.14026604051
Utah,2040,OTHR,153409.1685544542
Utah,2040,RETL,61274.7623804002
Utah,2040,WSLE,25081.30075437359
Utah,2041,AGRI,3787.754819930007
Utah,2041,CONS,48428.4765403637
Utah,2041,FOOD,30415.0925928366
Utah,2041,GVED,78108.32539949843
Utah,2041,HLTH,66473.4346767262
Utah,2041,MANU,34742.7887208461
Utah,2041,MING,1054.47082082088
Utah,2041,OFFI,81171.27066234587
Utah,2041,OTHR,155679.2460916663
Utah,2041,RETL,62072.8426515044
Utah,2041,WSLE,25229.15367090324
Utah,2042,AGRI,3786.655805587031
Utah,2042,CONS,48237.367205747
Utah,2042,FOOD,30620.8942224264
Utah,2042,GVED,78859.62407858012
Utah,2042,HLTH,67432.2310188437
Utah,2042,MANU,35198.9543889607
Utah,2042,MING,1064.15805098948
Utah,2042,OFFI,82407.93120387537
Utah,2042,OTHR,157893.17911603738
Utah,2042,RETL,62773.4687404929
Utah,2042,WSLE,25398.66754653662
Utah,2043,AGRI,3783.963030535668
Utah,2043,CONS,48087.465900445
Utah,2043,FOOD,30863.2099440201
Utah,2043,GVED,79698.112664445
Utah,2043,HLTH,68350.7389874883
Utah,2043,MANU,35613.912096027
Utah,2043,MING,1073.02466153828
Utah,2043,OFFI,83474.89791693311
Utah,2043,OTHR,159974.4619176366
Utah,2043,RETL,63512.8247964719
Utah,2043,WSLE,25563.476743192266
Utah,2044,AGRI,3781.254765375116
Utah,2044,CONS,47931.0557413592
Utah,2044,FOOD,31073.1914143863
Utah,2044,GVED,80607.66202833837
Utah,2044,HLTH,69321.4818916732
Utah,2044,MANU,35995.7063854484
Utah,2044,MING,1072.0999114884
Utah,2044,OFFI,84644.80582291685
Utah,2044,OTHR,162128.3909381608
Utah,2044,RETL,64232.4239316322
Utah,2044,WSLE,25736.53733794586
Utah,2045,AGRI,3777.8086661593393
Utah,2045,CONS,48040.4884401238
Utah,2045,FOOD,31293.518593687
Utah,2045,GVED,81627.34960757357
Utah,2045,HLTH,70331.8665224849
Utah,2045,MANU,36443.9005899007
Utah,2045,MING,1069.31996330401
Utah,2045,OFFI,85811.0797674724
Utah,2045,OTHR,164189.2584831894
Utah,2045,RETL,65038.2567256833
Utah,2045,WSLE,25904.666287037537
Utah,2046,AGRI,3774.3195609344693
Utah,2046,CONS,48457.9487373216
Utah,2046,FOOD,31448.5154935058
Utah,2046,GVED,82713.9511956214
Utah,2046,HLTH,71281.8259023136
Utah,2046,MANU,36883.2936146665
Utah,2046,MING,1069.38828797571
Utah,2046,OFFI,87200.69628061073
Utah,2046,OTHR,166031.63964022681
Utah,2046,RETL,65770.4077583655
Utah,2046,WSLE,26057.7598004923
Utah,2047,AGRI,3770.023725290945
Utah,2047,CONS,49112.4212223332
Utah,2047,FOOD,31590.1972371655
Utah,2047,GVED,83815.09743373671
Utah,2047,HLTH,72162.1811700609
Utah,2047,MANU,37309.7936299703
Utah,2047,MING,1076.28921575484
Utah,2047,OFFI,88814.11013634791
Utah,2047,OTHR,167707.1349621834
Utah,2047,RETL,66554.1076164003
Utah,2047,WSLE,26196.930027752616
Utah,2048,AGRI,3765.8488795277826
Utah,2048,CONS,49976.8505761379
Utah,2048,FOOD,31762.0255018746
Utah,2048,GVED,84955.41549064293
Utah,2048,HLTH,73001.8823947756
Utah,2048,MANU,37742.5602666212
Utah,2048,MING,1087.08910927032
Utah,2048,OFFI,90473.59086231038
Utah,2048,OTHR,169205.6345837195
Utah,2048,RETL,67322.5386384504
Utah,2048,WSLE,26324.856253107686
Utah,2049,AGRI,3760.793629980257
Utah,2049,CONS,51035.3530358504
Utah,2049,FOOD,31930.7053906938
Utah,2049,GVED,86107.55220210002
Utah,2049,HLTH,73796.5780298206
Utah,2049,MANU,38184.6801864313
Utah,2049,MING,1097.88489410616
Utah,2049,OFFI,92141.72365450006
Utah,2049,OTHR,170690.1301822684
Utah,2049,RETL,68099.3861142429
Utah,2049,WSLE,26446.172242550245
Utah,2050,AGRI,3756.1182143629994
Utah,2050,CONS,52201.9151705768
Utah,2050,FOOD,32111.1670614156
Utah,2050,GVED,87296.48093462788
Utah,2050,HLTH,74583.8563740107
Utah,2050,MANU,38630.9177349842
Utah,2050,MING,1108.8410128397
Utah,2050,OFFI,93720.98464065818
Utah,2050,OTHR,172263.798928988
Utah,2050,RETL,68932.8331422201
Utah,2050,WSLE,26577.17022804488
Utah,2051,AGRI,3749.7028500897713
Utah,2051,CONS,53398.9668404532
Utah,2051,FOOD,32251.6508116823
Utah,2051,GVED,88436.88149345551
Utah,2051,HLTH,75301.4526452387
Utah,2051,MANU,39092.5585778235
Utah,2051,MING,1117.42334025062
Utah,2051,OFFI,95083.57554625499
Utah,2051,OTHR,173659.4023229787
Utah,2051,RETL,69698.4174201946
Utah,2051,WSLE,26672.30866210979
Utah,2052,AGRI,3741.495593003125
Utah,2052,CONS,54613.8629321485
Utah,2052,FOOD,32394.9216082203
Utah,2052,GVED,89621.80851611326
Utah,2052,HLTH,76048.740176927
Utah,2052,MANU,39520.6718997267
Utah,2052,MING,1126.9714514825
Utah,2052,OFFI,96296.07980006677
Utah,2052,OTHR,175053.0419404782
Utah,2052,RETL,70472.7697224042
Utah,2052,WSLE,26776.33627114196
Utah,2053,AGRI,3734.344464574264
Utah,2053,CONS,55900.6279546918
Utah,2053,FOOD,32554.446416575
Utah,2053,GVED,90859.09714804993
Utah,2053,HLTH,76852.3614829193
Utah,2053,MANU,39903.4138349995
Utah,2053,MING,1138.44944214776
Utah,2053,OFFI,97318.51583876203
Utah,2053,OTHR,176632.43855989169
Utah,2053,RETL,71276.5608571471
Utah,2053,WSLE,26913.8285941297
Utah,2054,AGRI,3726.315105647215
Utah,2054,CONS,57258.7937921274
Utah,2054,FOOD,32694.0098264289
Utah,2054,GVED,92123.17530270084
Utah,2054,HLTH,77689.983696924
Utah,2054,MANU,40261.5064008989
Utah,2054,MING,1146.08209947178
Utah,2054,OFFI,98332.4160195059
Utah,2054,OTHR,178110.2480536715
Utah,2054,RETL,72076.5627983579
Utah,2054,WSLE,27039.899023030368
Utah,2055,AGRI,3717.500207416357
Utah,2055,CONS,58705.5126117392
Utah,2055,FOOD,32851.6536105786
Utah,2055,GVED,93378.34289828554
Utah,2055,HLTH,78506.8653984152
Utah,2055,MANU,40592.1742127522
Utah,2055,MING,1149.93783586134
Utah,2055,OFFI,99273.04905324751
Utah,2055,OTHR,179674.7344541547
Utah,2055,RETL,72901.143619277
Utah,2055,WSLE,27190.34339125642
Utah,2056,AGRI,3708.957539793285
Utah,2056,CONS,59808.9261148624
Utah,2056,FOOD,32982.1746074391
Utah,2056,GVED,94603.56315630637
Utah,2056,HLTH,79418.6897144666
Utah,2056,MANU,40882.0723997061
Utah,2056,MING,1142.41806441649
Utah,2056,OFFI,100210.4027468902
Utah,2056,OTHR,181414.7405616879
Utah,2056,RETL,73610.0970570693
Utah,2056,WSLE,27376.323625723973
Utah,2057,AGRI,3700.080920739141
Utah,2057,CONS,60682.3715828983
Utah,2057,FOOD,33086.1485416437
Utah,2057,GVED,95757.76128492293
Utah,2057,HLTH,80248.2914516937
Utah,2057,MANU,41202.6034598301
Utah,2057,MING,1122.23310591169
Utah,2057,OFFI,101249.7470493805
Utah,2057,OTHR,183074.8349075202
Utah,2057,RETL,74263.3424610668
Utah,2057,WSLE,27540.189103204117
Utah,2058,AGRI,3690.298883885926
Utah,2058,CONS,61451.0354160439
Utah,2058,FOOD,33203.4955180834
Utah,2058,GVED,96844.95317823319
Utah,2058,HLTH,81117.8244864013
Utah,2058,MANU,41538.7445323586
Utah,2058,MING,1103.06458498478
Utah,2058,OFFI,102343.6617409976
Utah,2058,OTHR,184728.3612357347
Utah,2058,RETL,74938.0037714777
Utah,2058,WSLE,27705.730702538727
Utah,2059,AGRI,3681.524673358215
Utah,2059,CONS,62158.677653766
Utah,2059,FOOD,33334.4073836746
Utah,2059,GVED,97862.16159770777
Utah,2059,HLTH,81929.9790012412
Utah,2059,MANU,41879.6946216204
Utah,2059,MING,1089.70677373133
Utah,2059,OFFI,103455.0354312338
Utah,2059,OTHR,186397.46314033392
Utah,2059,RETL,75621.8132551899
Utah,2059,WSLE,27875.484817475583
Utah,2060,AGRI,3671.8566642507403
Utah,2060,CONS,62822.2688508567
Utah,2060,FOOD,33480.5172557858
Utah,2060,GVED,98818.4425248389
Utah,2060,HLTH,82711.431729694
Utah,2060,MANU,42224.5541666484
Utah,2060,MING,1082.1504395601
Utah,2060,OFFI,104568.923222553
Utah,2060,OTHR,188090.4426603102
Utah,2060,RETL,76310.0386473511
Utah,2060,WSLE,28048.306288283628
Utah,2061,AGRI,3662.165271835707
Utah,2061,CONS,63446.1296912339
Utah,2061,FOOD,33626.9380609407
Utah,2061,GVED,99735.7929997257
Utah,2061,HLTH,83486.4086049296
Utah,2061,MANU,42565.2716013156
Utah,2061,MING,1077.43666949186
Utah,2061,OFFI,105613.80069941521
Utah,2061,OTHR,189749.418644753
Utah,2061,RETL,77033.5816253002
Utah,2061,WSLE,28202.010404456414
Utah,2062,AGRI,3653.5182362468186
Utah,2062,CONS,64047.5311876753
Utah,2062,FOOD,33773.7725676837
Utah,2062,GVED,100673.56978250376
Utah,2062,HLTH,84261.684798773
Utah,2062,MANU,42903.3891170438
Utah,2062,MING,1074.66769546189
Utah,2062,OFFI,106607.29563291259
Utah,2062,OTHR,191383.5227779544
Utah,2062,RETL,77771.8010037173
Utah,2062,WSLE,28356.01197962334
Utah,2063,AGRI,3643.9671078055458
Utah,2063,CONS,64627.6215388089
Utah,2063,FOOD,33919.7871032743
Utah,2063,GVED,101611.9286758175
Utah,2063,HLTH,85034.7469373325
Utah,2063,MANU,43237.6133157776
Utah,2063,MING,1071.91478232313
Utah,2063,OFFI,107559.2202546919
Utah,2063,OTHR,192987.46449486
Utah,2063,RETL,78520.2411665588
Utah,2063,WSLE,28508.165790474464
Utah,2064,AGRI,3636.38035133902
Utah,2064,CONS,65187.3616895302
Utah,2064,FOOD,34065.9113645721
Utah,2064,GVED,102547.9271274397
Utah,2064,HLTH,85805.5404542656
Utah,2064,MANU,43568.8778133522
Utah,2064,MING,1069.17674347272
Utah,2064,OFFI,108474.3791519047
Utah,2064,OTHR,194565.00098472548
Utah,2064,RETL,79274.0403721968
Utah,2064,WSLE,28660.366246751088
Utah,2065,AGRI,3627.886387245358
Utah,2065,CONS,65725.8819834361
Utah,2065,FOOD,34212.1613214985
Utah,2065,GVED,103485.45842591173
Utah,2065,HLTH,86574.1235343407
Utah,2065,MANU,43897.214516783
Utah,2065,MING,1067.4098626293
Utah,2065,OFFI,109358.65842668229
Utah,2065,OTHR,196113.4400026055
Utah,2065,RETL,80032.2804112645
Utah,2065,WSLE,28813.583796945153
Wasatch,2023,AGRI,520.0
Wasatch,2023,CONS,2542.0
Wasatch,2023,FOOD,1634.0
Wasatch,2023,GVED,2701.0
Wasatch,2023,HLTH,1586.0
Wasatch,2023,MANU,743.0
Wasatch,2023,MING,87.0
Wasatch,2023,OFFI,2607.0
Wasatch,2023,OTHR,8396.0
Wasatch,2023,RETL,1974.0
Wasatch,2023,WSLE,779.0
Wasatch,2024,AGRI,520.0
Wasatch,2024,CONS,2559.0
Wasatch,2024,FOOD,1528.0
Wasatch,2024,GVED,2599.0
Wasatch,2024,HLTH,1695.0
Wasatch,2024,MANU,899.0
Wasatch,2024,MING,128.0
Wasatch,2024,OFFI,2794.0
Wasatch,2024,OTHR,7949.0
Wasatch,2024,RETL,1981.0
Wasatch,2024,WSLE,826.0
Wasatch,2025,AGRI,518.1787257089409
Wasatch,2025,CONS,2709.63032531907
Wasatch,2025,FOOD,1550.80316540865
Wasatch,2025,GVED,2680.825567663089
Wasatch,2025,HLTH,1778.90014197528
Wasatch,2025,MANU,919.801750534365
Wasatch,2025,MING,127.81198413851
Wasatch,2025,OFFI,2845.30895561946
Wasatch,2025,OTHR,8167.821751012336
Wasatch,2025,RETL,2016.97714185522
Wasatch,2025,WSLE,845.2047639650862
Wasatch,2026,AGRI,518.3060221943618
Wasatch,2026,CONS,2843.26480830711
Wasatch,2026,FOOD,1579.16066296798
Wasatch,2026,GVED,2739.0059910486966
Wasatch,2026,HLTH,1844.34917425727
Wasatch,2026,MANU,931.265045218632
Wasatch,2026,MING,131.583095853436
Wasatch,2026,OFFI,2836.798462519251
Wasatch,2026,OTHR,8328.029954522824
Wasatch,2026,RETL,2034.70812042584
Wasatch,2026,WSLE,852.8193059854086
Wasatch,2027,AGRI,515.7430577773215
Wasatch,2027,CONS,2958.14587971855
Wasatch,2027,FOOD,1598.39339168195
Wasatch,2027,GVED,2800.551653421083
Wasatch,2027,HLTH,1901.30613180613
Wasatch,2027,MANU,942.023456146786
Wasatch,2027,MING,134.463452460611
Wasatch,2027,OFFI,2828.798188682008
Wasatch,2027,OTHR,8479.763219217344
Wasatch,2027,RETL,2071.91752500106
Wasatch,2027,WSLE,862.7424489473167
Wasatch,2028,AGRI,512.0048754495522
Wasatch,2028,CONS,3064.98527684196
Wasatch,2028,FOOD,1616.14750758747
Wasatch,2028,GVED,2853.6107721548724
Wasatch,2028,HLTH,1945.86540240297
Wasatch,2028,MANU,952.885383459864
Wasatch,2028,MING,129.316517015918
Wasatch,2028,OFFI,2836.9088871148033
Wasatch,2028,OTHR,8647.36997791437
Wasatch,2028,RETL,2098.55171593476
Wasatch,2028,WSLE,864.210005395378
Wasatch,2029,AGRI,509.328720807472
Wasatch,2029,CONS,3159.00641852521
Wasatch,2029,FOOD,1628.45197523211
Wasatch,2029,GVED,2904.362331730574
Wasatch,2029,HLTH,1987.93247381548
Wasatch,2029,MANU,969.774508724956
Wasatch,2029,MING,122.21400018922
Wasatch,2029,OFFI,2861.999767298683
Wasatch,2029,OTHR,8824.58242456487
Wasatch,2029,RETL,2128.20326920023
Wasatch,2029,WSLE,866.9030832072176
Wasatch,2030,AGRI,506.67704991970356
Wasatch,2030,CONS,3221.55439887946
Wasatch,2030,FOOD,1634.33611453956
Wasatch,2030,GVED,2948.2933588509254
Wasatch,2030,HLTH,2033.92993759795
Wasatch,2030,MANU,992.605931759783
Wasatch,2030,MING,120.087981689847
Wasatch,2030,OFFI,2886.681488567462
Wasatch,2030,OTHR,8978.065634160219
Wasatch,2030,RETL,2174.02737752994
Wasatch,2030,WSLE,868.7272949243428
Wasatch,2031,AGRI,502.97834051000626
Wasatch,2031,CONS,3258.22936875118
Wasatch,2031,FOOD,1631.27485202049
Wasatch,2031,GVED,2981.6113145194404
Wasatch,2031,HLTH,2079.07931214775
Wasatch,2031,MANU,1014.0849156186
Wasatch,2031,MING,120.907946885106
Wasatch,2031,OFFI,2905.060144865196
Wasatch,2031,OTHR,9125.071868635969
Wasatch,2031,RETL,2221.37299715001
Wasatch,2031,WSLE,871.0072106084356
Wasatch,2032,AGRI,501.3645166999783
Wasatch,2032,CONS,3291.59548939649
Wasatch,2032,FOOD,1636.16617684784
Wasatch,2032,GVED,3016.03837465758
Wasatch,2032,HLTH,2122.02362057151
Wasatch,2032,MANU,1033.90175018525
Wasatch,2032,MING,126.706415897161
Wasatch,2032,OFFI,2925.882227681082
Wasatch,2032,OTHR,9307.37212841754
Wasatch,2032,RETL,2263.58223546978
Wasatch,2032,WSLE,874.9150919441859
Wasatch,2033,AGRI,500.8242275906668
Wasatch,2033,CONS,3328.20668180876
Wasatch,2033,FOOD,1650.04696175225
Wasatch,2033,GVED,3053.963802937036
Wasatch,2033,HLTH,2159.09073049628
Wasatch,2033,MANU,1050.31443721499
Wasatch,2033,MING,132.50058336087
Wasatch,2033,OFFI,2953.7147560233398
Wasatch,2033,OTHR,9513.15840029641
Wasatch,2033,RETL,2301.87101994168
Wasatch,2033,WSLE,874.9755217422787
Wasatch,2034,AGRI,501.8361323252658
Wasatch,2034,CONS,3384.07444141153
Wasatch,2034,FOOD,1831.63285762279
Wasatch,2034,GVED,3112.490201963497
Wasatch,2034,HLTH,2205.77663308693
Wasatch,2034,MANU,1067.84787604363
Wasatch,2034,MING,137.464229712585
Wasatch,2034,OFFI,3007.701748813988
Wasatch,2034,OTHR,9878.62678969152
Wasatch,2034,RETL,2360.92713954475
Wasatch,2034,WSLE,877.7278840304699
Wasatch,2035,AGRI,500.3253120068362
Wasatch,2035,CONS,3371.99391881582
Wasatch,2035,FOOD,1662.21276866428
Wasatch,2035,GVED,3127.7549476120494
Wasatch,2035,HLTH,2216.18766072405
Wasatch,2035,MANU,1081.45588694986
Wasatch,2035,MING,139.976800588063
Wasatch,2035,OFFI,3037.301060781586
Wasatch,2035,OTHR,9612.099700260089
Wasatch,2035,RETL,2347.60360374497
Wasatch,2035,WSLE,866.141940957121
Wasatch,2036,AGRI,499.739747462369
Wasatch,2036,CONS,3374.23332186873
Wasatch,2036,FOOD,1680.97485557502
Wasatch,2036,GVED,3159.5010202710573
Wasatch,2036,HLTH,2244.23096862334
Wasatch,2036,MANU,1102.83660669295
Wasatch,2036,MING,138.795054903758
Wasatch,2036,OFFI,3071.854705481558
Wasatch,2036,OTHR,9731.53541099387
Wasatch,2036,RETL,2374.00005324892
Wasatch,2036,WSLE,861.9665718955065
Wasatch,2037,AGRI,499.1784189911702
Wasatch,2037,CONS,3364.5005993633
Wasatch,2037,FOOD,1703.04586292286
Wasatch,2037,GVED,3194.631172994814
Wasatch,2037,HLTH,2274.90389670562
Wasatch,2037,MANU,1125.26489699292
Wasatch,2037,MING,137.64496065983
Wasatch,2037,OFFI,3100.929780589542
Wasatch,2037,OTHR,9876.32541647818
Wasatch,2037,RETL,2408.15356086256
Wasatch,2037,WSLE,859.7160665272179
Wasatch,2038,AGRI,498.6323329599075
Wasatch,2038,CONS,3351.67548880709
Wasatch,2038,FOOD,1720.38142539112
Wasatch,2038,GVED,3233.5866703455895
Wasatch,2038,HLTH,2310.67857300361
Wasatch,2038,MANU,1144.8074542644
Wasatch,2038,MING,137.489621997858
Wasatch,2038,OFFI,3134.316645671631
Wasatch,2038,OTHR,10064.98402602143
Wasatch,2038,RETL,2445.99984342855
Wasatch,2038,WSLE,860.4948950062349
Wasatch,2039,AGRI,497.1104582034065
Wasatch,2039,CONS,3341.366283445
Wasatch,2039,FOOD,1739.37295642072
Wasatch,2039,GVED,3280.6239678019833
Wasatch,2039,HLTH,2345.15605577478
Wasatch,2039,MANU,1164.29922158199
Wasatch,2039,MING,137.338951170372
Wasatch,2039,OFFI,3163.793831932222
Wasatch,2039,OTHR,10250.59727293861
Wasatch,2039,RETL,2487.11104943011
Wasatch,2039,WSLE,862.1713395857507
Wasatch,2040,AGRI,496.6097056788987
Wasatch,2040,CONS,3326.46587552294
Wasatch,2040,FOOD,1754.98416043124
Wasatch,2040,GVED,3323.2812717603492
Wasatch,2040,HLTH,2379.60953958784
Wasatch,2040,MANU,1182.94577893452
Wasatch,2040,MING,137.204594979969
Wasatch,2040,OFFI,3192.71183950775
Wasatch,2040,OTHR,10421.760145611821
Wasatch,2040,RETL,2525.60623471706
Wasatch,2040,WSLE,864.1129798742955
Wasatch,2041,AGRI,496.09813705373415
Wasatch,2041,CONS,3303.10003820594
Wasatch,2041,FOOD,1772.33955898252
Wasatch,2041,GVED,3368.742573808585
Wasatch,2041,HLTH,2409.11493375672
Wasatch,2041,MANU,1200.53060157759
Wasatch,2041,MING,138.045489723039
Wasatch,2041,OFFI,3217.604014269974
Wasatch,2041,OTHR,10579.0743154076
Wasatch,2041,RETL,2564.39452223001
Wasatch,2041,WSLE,865.9545929616472
Wasatch,2042,AGRI,494.58577169554087
Wasatch,2042,CONS,3291.5641231239
Wasatch,2042,FOOD,1787.89329543893
Wasatch,2042,GVED,3411.9886532399487
Wasatch,2042,HLTH,2437.73147725565
Wasatch,2042,MANU,1217.9092466702
Wasatch,2042,MING,139.850550734533
Wasatch,2042,OFFI,3255.681186813368
Wasatch,2042,OTHR,10745.56032849732
Wasatch,2042,RETL,2603.1351237298
Wasatch,2042,WSLE,869.3972830666023
Wasatch,2043,AGRI,493.12327568250356
Wasatch,2043,CONS,3279.41313747152
Wasatch,2043,FOOD,1803.06384115288
Wasatch,2043,GVED,3456.73956139226
Wasatch,2043,HLTH,2462.11887051923
Wasatch,2043,MANU,1232.51377039112
Wasatch,2043,MING,140.692243551541
Wasatch,2043,OFFI,3290.184960416127
Wasatch,2043,OTHR,10891.10166529405
Wasatch,2043,RETL,2639.56639640458
Wasatch,2043,WSLE,872.1511677369626
Wasatch,2044,AGRI,492.6356131219402
Wasatch,2044,CONS,3268.81364300363
Wasatch,2044,FOOD,1816.98334911187
Wasatch,2044,GVED,3501.1886108706863
Wasatch,2044,HLTH,2487.42012903906
Wasatch,2044,MANU,1248.02116158683
Wasatch,2044,MING,140.558629997041
Wasatch,2044,OFFI,3327.4652957053186
Wasatch,2044,OTHR,11045.12127036902
Wasatch,2044,RETL,2676.26605716866
Wasatch,2044,WSLE,875.7520437668983
Wasatch,2045,AGRI,491.205895924678
Wasatch,2045,CONS,3275.37222787691
Wasatch,2045,FOOD,1831.06836027692
Wasatch,2045,GVED,3544.717362064379
Wasatch,2045,HLTH,2513.34014451991
Wasatch,2045,MANU,1265.53344946589
Wasatch,2045,MING,140.434516457039
Wasatch,2045,OFFI,3364.879698957565
Wasatch,2045,OTHR,11188.195970291139
Wasatch,2045,RETL,2714.52033933091
Wasatch,2045,WSLE,877.4950260587841
Wasatch,2046,AGRI,489.7731925059373
Wasatch,2046,CONS,3305.54769006652
Wasatch,2046,FOOD,1842.72635614502
Wasatch,2046,GVED,3588.606794407233
Wasatch,2046,HLTH,2538.54360574116
Wasatch,2046,MANU,1283.90711923591
Wasatch,2046,MING,140.308246013929
Wasatch,2046,OFFI,3410.771599505058
Wasatch,2046,OTHR,11324.393063861899
Wasatch,2046,RETL,2753.46252417003
Wasatch,2046,WSLE,880.0098382267381
Wasatch,2047,AGRI,489.3343435579363
Wasatch,2047,CONS,3346.40021259511
Wasatch,2047,FOOD,1852.41549310837
Wasatch,2047,GVED,3629.6273049381193
Wasatch,2047,HLTH,2561.42463709253
Wasatch,2047,MANU,1301.32874357047
Wasatch,2047,MING,141.158596215976
Wasatch,2047,OFFI,3463.4541923331667
Wasatch,2047,OTHR,11435.37336740731
Wasatch,2047,RETL,2788.40942802699
Wasatch,2047,WSLE,882.5440528109887
Wasatch,2048,AGRI,487.94116601073176
Wasatch,2048,CONS,3398.43270046893
Wasatch,2048,FOOD,1862.0740264902
Wasatch,2048,GVED,3669.6947153595315
Wasatch,2048,HLTH,2581.7683469008
Wasatch,2048,MANU,1318.76031547242
Wasatch,2048,MING,142.981385039244
Wasatch,2048,OFFI,3517.08639050688
Wasatch,2048,OTHR,11531.79874190274
Wasatch,2048,RETL,2821.86475464109
Wasatch,2048,WSLE,883.1525420696856
Wasatch,2049,AGRI,486.56082011796366
Wasatch,2049,CONS,3463.76200755879
Wasatch,2049,FOOD,1871.5976326274
Wasatch,2049,GVED,3705.101156477997
Wasatch,2049,HLTH,2600.89767665353
Wasatch,2049,MANU,1336.18191321839
Wasatch,2049,MING,144.804227202281
Wasatch,2049,OFFI,3570.65746953362
Wasatch,2049,OTHR,11626.90250780594
Wasatch,2049,RETL,2855.49978905064
Wasatch,2049,WSLE,884.7073734437748
Wasatch,2050,AGRI,484.2601764729281
Wasatch,2050,CONS,3536.62097394126
Wasatch,2050,FOOD,1881.6860032977
Wasatch,2050,GVED,3743.373363711184
Wasatch,2050,HLTH,2619.42108710855
Wasatch,2050,MANU,1353.77221909629
Wasatch,2050,MING,146.639315611552
Wasatch,2050,OFFI,3619.76239408608
Wasatch,2050,OTHR,11724.53447224791
Wasatch,2050,RETL,2891.34666755457
Wasatch,2050,WSLE,885.5686222084571
Wasatch,2051,AGRI,483.80278119341773
Wasatch,2051,CONS,3607.95865093605
Wasatch,2051,FOOD,1887.00297080684
Wasatch,2051,GVED,3775.085011373484
Wasatch,2051,HLTH,2633.92737817201
Wasatch,2051,MANU,1372.79876718258
Wasatch,2051,MING,147.472634315109
Wasatch,2051,OFFI,3658.9666227073612
Wasatch,2051,OTHR,11801.78453255414
Wasatch,2051,RETL,2921.34892906023
Wasatch,2051,WSLE,885.6431473860482
Wasatch,2052,AGRI,482.4009133074199
Wasatch,2052,CONS,3676.4925708966
Wasatch,2052,FOOD,1891.19773101754
Wasatch,2052,GVED,3804.826175293713
Wasatch,2052,HLTH,2646.54354242218
Wasatch,2052,MANU,1389.90517234771
Wasatch,2052,MING,149.275222531073
Wasatch,2052,OFFI,3690.3681658946252
Wasatch,2052,OTHR,11874.14162620806
Wasatch,2052,RETL,2948.45819802718
Wasatch,2052,WSLE,884.7701489625258
Wasatch,2053,AGRI,481.0121472602944
Wasatch,2053,CONS,3746.08027506583
Wasatch,2053,FOOD,1895.27129507281
Wasatch,2053,GVED,3834.327886549734
Wasatch,2053,HLTH,2658.76085849546
Wasatch,2053,MANU,1404.11663333301
Wasatch,2053,MING,151.077886353869
Wasatch,2053,OFFI,3712.085279969846
Wasatch,2053,OTHR,11956.013814659069
Wasatch,2053,RETL,2976.5669410758
Wasatch,2053,WSLE,885.8338886110173
Wasatch,2054,AGRI,477.7062278144306
Wasatch,2054,CONS,3818.17730916229
Wasatch,2054,FOOD,1896.33571571901
Wasatch,2054,GVED,3860.99414885445
Wasatch,2054,HLTH,2667.72383599244
Wasatch,2054,MANU,1418.3376714103
Wasatch,2054,MING,151.916642332581
Wasatch,2054,OFFI,3733.816721624047
Wasatch,2054,OTHR,12023.32344005405
Wasatch,2054,RETL,3001.33513983204
Wasatch,2054,WSLE,885.9440430146393
Wasatch,2055,AGRI,476.3532501576552
Wasatch,2055,CONS,3890.51610492374
Wasatch,2055,FOOD,1896.63239763291
Wasatch,2055,GVED,3888.040574812222
Wasatch,2055,HLTH,2676.02895520357
Wasatch,2055,MANU,1431.6625755075
Wasatch,2055,MING,152.761875887712
Wasatch,2055,OFFI,3750.901534317451
Wasatch,2055,OTHR,12088.760981736781
Wasatch,2055,RETL,3024.35321215242
Wasatch,2055,WSLE,886.1597591707566
Wasatch,2056,AGRI,475.03338926003
Wasatch,2056,CONS,3935.24405382806
Wasatch,2056,FOOD,1893.64128041578
Wasatch,2056,GVED,3911.2832839530392
Wasatch,2056,HLTH,2687.54777414481
Wasatch,2056,MANU,1442.24492679435
Wasatch,2056,MING,151.694110373531
Wasatch,2056,OFFI,3767.402132077525
Wasatch,2056,OTHR,12159.57493089541
Wasatch,2056,RETL,3039.77544819613
Wasatch,2056,WSLE,888.5655135834074
Wasatch,2057,AGRI,473.67034223238534
Wasatch,2057,CONS,3965.03085794038
Wasatch,2057,FOOD,1888.05672149971
Wasatch,2057,GVED,3934.3787312891945
Wasatch,2057,HLTH,2699.83098496516
Wasatch,2057,MANU,1454.54576094318
Wasatch,2057,MING,149.650016670258
Wasatch,2057,OFFI,3783.465889415481
Wasatch,2057,OTHR,12222.59648081181
Wasatch,2057,RETL,3053.74606603378
Wasatch,2057,WSLE,889.722804371145
Wasatch,2058,AGRI,470.3930862662492
Wasatch,2058,CONS,3989.69272843136
Wasatch,2058,FOOD,1882.48021123075
Wasatch,2058,GVED,3955.077329130631
Wasatch,2058,HLTH,2711.38337096192
Wasatch,2058,MANU,1466.85252421743
Wasatch,2058,MING,146.649955860804
Wasatch,2058,OFFI,3799.542922707265
Wasatch,2058,OTHR,12285.78974129858
Wasatch,2058,RETL,3068.41567697355
Wasatch,2058,WSLE,890.9113586932647
Wasatch,2059,AGRI,469.0456658479058
Wasatch,2059,CONS,4007.30631494902
Wasatch,2059,FOOD,1875.97209215581
Wasatch,2059,GVED,3973.693268274331
Wasatch,2059,HLTH,2721.46900769453
Wasatch,2059,MANU,1479.15610033575
Wasatch,2059,MING,145.57712184039
Wasatch,2059,OFFI,3814.666770374352
Wasatch,2059,OTHR,12340.43349640474
Wasatch,2059,RETL,3079.67978407305
Wasatch,2059,WSLE,892.1151803343898
Wasatch,2060,AGRI,467.70680303157667
Wasatch,2060,CONS,4026.36621202424
Wasatch,2060,FOOD,1869.4475185316
Wasatch,2060,GVED,3996.4491076593217
Wasatch,2060,HLTH,2731.23559684668
Wasatch,2060,MANU,1492.41956567458
Wasatch,2060,MING,144.508273731686
Wasatch,2060,OFFI,3831.739644491066
Wasatch,2060,OTHR,12400.88248994533
Wasatch,2060,RETL,3093.80740396305
Wasatch,2060,WSLE,893.3292658719857
Wasatch,2061,AGRI,466.36842735132166
Wasatch,2061,CONS,4047.06308306542
Wasatch,2061,FOOD,1863.1361381484
Wasatch,2061,GVED,4017.120172066864
Wasatch,2061,HLTH,2741.33299325655
Wasatch,2061,MANU,1505.59394623958
Wasatch,2061,MING,143.43205950935
Wasatch,2061,OFFI,3847.811477004134
Wasatch,2061,OTHR,12459.87132292931
Wasatch,2061,RETL,3108.92013422314
Wasatch,2061,WSLE,893.5636414787305
Wasatch,2062,AGRI,465.04118560527223
Wasatch,2062,CONS,4064.94216988298
Wasatch,2062,FOOD,1856.87078270475
Wasatch,2062,GVED,4037.8976645860266
Wasatch,2062,HLTH,2750.66283010509
Wasatch,2062,MANU,1518.77624839497
Wasatch,2062,MING,143.31857205489
Wasatch,2062,OFFI,3862.0152652168863
Wasatch,2062,OTHR,12519.005861285
Wasatch,2062,RETL,3124.66679192974
Wasatch,2062,WSLE,894.7731049725135
Wasatch,2063,AGRI,463.7210964999906
Wasatch,2063,CONS,4082.83748419868
Wasatch,2063,FOOD,1851.5929946239
Wasatch,2063,GVED,4059.6440292755533
Wasatch,2063,HLTH,2760.96548618497
Wasatch,2063,MANU,1531.95440308308
Wasatch,2063,MING,142.249333967337
Wasatch,2063,OFFI,3876.238840651977
Wasatch,2063,OTHR,12579.14147369564
Wasatch,2063,RETL,3141.38026862125
Wasatch,2063,WSLE,895.0329304085792
Wasatch,2064,AGRI,461.4508877817139
Wasatch,2064,CONS,4098.8320018796
Wasatch,2064,FOOD,1845.38495457249
Wasatch,2064,GVED,4082.3536680826073
Wasatch,2064,HLTH,2771.27952378135
Wasatch,2064,MANU,1544.1705656068
Wasatch,2064,MING,142.139914014026
Wasatch,2064,OFFI,3891.4355222263202
Wasatch,2064,OTHR,12638.351754961961
Wasatch,2064,RETL,3157.14221253039
Wasatch,2064,WSLE,895.3012143167407
Wasatch,2065,AGRI,460.14489965977793
Wasatch,2065,CONS,4113.88803833607
Wasatch,2065,FOOD,1840.16131954385
Wasatch,2065,GVED,4103.1583740616015
Wasatch,2065,HLTH,2782.56221791396
Wasatch,2065,MANU,1557.33991466775
Wasatch,2065,MING,141.076087883918
Wasatch,2065,OFFI,3904.7367884209516
Wasatch,2065,OTHR,12698.55706471138
Wasatch,2065,RETL,3174.82447385735
Wasatch,2065,WSLE,895.5782563063717
Washington,2023,AGRI,747.0
Washington,2023,CONS,12377.0
Washington,2023,FOOD,11049.0
Washington,2023,GVED,13302.0
Washington,2023,HLTH,14982.0
Washington,2023,MANU,4581.0
Washington,2023,MING,708.0
Washington,2023,OFFI,11388.0
Washington,2023,OTHR,36416.0
Washington,2023,RETL,16002.0
Washington,2023,WSLE,8878.0
Washington,2024,AGRI,750.0
Washington,2024,CONS,13189.0
Washington,2024,FOOD,11571.0
Washington,2024,GVED,13707.0
Washington,2024,HLTH,15705.0
Washington,2024,MANU,4769.0
Washington,2024,MING,706.0
Washington,2024,OFFI,11534.0
Washington,2024,OTHR,38226.0
Washington,2024,RETL,16211.0
Washington,2024,WSLE,9165.0
Washington,2025,AGRI,749.758836048108
Washington,2025,CONS,13726.9303356618
Washington,2025,FOOD,11661.6164678142
Washington,2025,GVED,14039.146949203292
Washington,2025,HLTH,16481.2251968881
Washington,2025,MANU,4885.23201100506
Washington,2025,MING,705.788069541847
Washington,2025,OFFI,11760.05730505935
Washington,2025,OTHR,39172.19378447351
Washington,2025,RETL,16496.2790779491
Washington,2025,WSLE,9413.543756881894
Washington,2026,AGRI,751.594492447548
Washington,2026,CONS,14262.2540223276
Washington,2026,FOOD,11802.107976149
Washington,2026,GVED,14253.852473616113
Washington,2026,HLTH,17134.8851309374
Washington,2026,MANU,4946.51982085202
Washington,2026,MING,731.544260349581
Washington,2026,OFFI,11757.30560964933
Washington,2026,OTHR,39853.29238987156
Washington,2026,RETL,16628.3984790418
Washington,2026,WSLE,9520.910326278361
Washington,2027,AGRI,750.431866610559
Washington,2027,CONS,14601.8627755672
Washington,2027,FOOD,11874.4514811495
Washington,2027,GVED,14467.5794321034
Washington,2027,HLTH,17652.992736399
Washington,2027,MANU,5004.12041051326
Washington,2027,MING,749.204448494784
Washington,2027,OFFI,11734.5335973303
Washington,2027,OTHR,40453.04376496053
Washington,2027,RETL,16859.1757598266
Washington,2027,WSLE,9634.553593284678
Washington,2028,AGRI,747.2860031076631
Washington,2028,CONS,15124.9275321089
Washington,2028,FOOD,11932.4133674371
Washington,2028,GVED,14674.423878085
Washington,2028,HLTH,18066.2737312503
Washington,2028,MANU,5064.41845180731
Washington,2028,MING,722.089181726031
Washington,2028,OFFI,11790.24644559358
Washington,2028,OTHR,41189.037085856966
Washington,2028,RETL,17018.7489239719
Washington,2028,WSLE,9677.025431033238
Washington,2029,AGRI,745.182629601397
Washington,2029,CONS,15709.0787027233
Washington,2029,FOOD,11941.6125640094
Washington,2029,GVED,14867.037511556693
Washington,2029,HLTH,18443.6319782715
Washington,2029,MANU,5160.57798708741
Washington,2029,MING,683.242467883756
Washington,2029,OFFI,11916.85673546232
Washington,2029,OTHR,42008.534905249326
Washington,2029,RETL,17200.911771358
Washington,2029,WSLE,9720.097129298425
Washington,2030,AGRI,742.1172333039231
Washington,2030,CONS,16101.2200817239
Washington,2030,FOOD,11908.7542244333
Washington,2030,GVED,15013.39831510104
Washington,2030,HLTH,18861.3239937461
Washington,2030,MANU,5278.30601734849
Washington,2030,MING,674.258110634515
Washington,2030,OFFI,12049.273216503561
Washington,2030,OTHR,42716.345437248514
Washington,2030,RETL,17485.6487090827
Washington,2030,WSLE,9735.320302083815
Washington,2031,AGRI,741.035791245915
Washington,2031,CONS,16367.2537833641
Washington,2031,FOOD,11813.3762246469
Washington,2031,GVED,15094.539132418258
Washington,2031,HLTH,19272.0420836195
Washington,2031,MANU,5393.62478029693
Washington,2031,MING,682.108232319113
Washington,2031,OFFI,12153.07229133525
Washington,2031,OTHR,43362.10815482277
Washington,2031,RETL,17792.4662123681
Washington,2031,WSLE,9761.347360801567
Washington,2032,AGRI,739.018359762068
Washington,2032,CONS,16649.8067684531
Washington,2032,FOOD,11755.4532337306
Washington,2032,GVED,15164.392592955423
Washington,2032,HLTH,19658.5881721995
Washington,2032,MANU,5501.20771732768
Washington,2032,MING,717.733120395753
Washington,2032,OFFI,12265.829804067831
Washington,2032,OTHR,44094.82761668807
Washington,2032,RETL,18027.1406794148
Washington,2032,WSLE,9782.596940325202
Washington,2033,AGRI,741.0087755650881
Washington,2033,CONS,16959.0498153152
Washington,2033,FOOD,11748.3673990879
Washington,2033,GVED,15221.154567152784
Washington,2033,HLTH,19960.4257541371
Washington,2033,MANU,5581.48278347649
Washington,2033,MING,753.240228278809
Washington,2033,OFFI,12388.57591271151
Washington,2033,OTHR,44643.27052791204
Washington,2033,RETL,18197.3556940962
Washington,2033,WSLE,9747.555067852543
Washington,2034,AGRI,743.332015419317
Washington,2034,CONS,17295.4215976114
Washington,2034,FOOD,11818.5820207193
Washington,2034,GVED,15320.68216217656
Washington,2034,HLTH,20285.827172643
Washington,2034,MANU,5658.7272885164
Washington,2034,MING,784.162699017131
Washington,2034,OFFI,12588.43621060524
Washington,2034,OTHR,45508.6269250921
Washington,2034,RETL,18360.6856454168
Washington,2034,WSLE,9716.448023754969
Washington,2035,AGRI,743.795766504646
Washington,2035,CONS,17594.1223825604
Washington,2035,FOOD,11727.7112094621
Washington,2035,GVED,15345.820237140784
Washington,2035,HLTH,20446.2482619276
Washington,2035,MANU,5736.92941043127
Washington,2035,MING,799.092540918009
Washington,2035,OFFI,12763.225475814941
Washington,2035,OTHR,45382.58958329214
Washington,2035,RETL,18429.5545458408
Washington,2035,WSLE,9587.628588918033
Washington,2036,AGRI,743.812777541222
Washington,2036,CONS,17858.8996212167
Washington,2036,FOOD,11785.3611133482
Washington,2036,GVED,15442.936639393103
Washington,2036,HLTH,20648.6166151131
Washington,2036,MANU,5842.25470297958
Washington,2036,MING,795.00634731966
Washington,2036,OFFI,12937.98077224346
Washington,2036,OTHR,45833.22695414722
Washington,2036,RETL,18553.8170001075
Washington,2036,WSLE,9489.278759085813
Washington,2037,AGRI,745.818291588126
Washington,2037,CONS,17950.7402028446
Washington,2037,FOOD,11876.563977317
Washington,2037,GVED,15582.8063473265
Washington,2037,HLTH,20914.8099816222
Washington,2037,MANU,5948.50829133816
Washington,2037,MING,789.042775987948
Washington,2037,OFFI,13096.15104555359
Washington,2037,OTHR,46395.59421112234
Washington,2037,RETL,18753.074308769
Washington,2037,WSLE,9421.9805105793
Washington,2038,AGRI,746.884099149485
Washington,2038,CONS,17979.2242705326
Washington,2038,FOOD,11931.2856311784
Washington,2038,GVED,15757.274443599123
Washington,2038,HLTH,21262.1372963266
Washington,2038,MANU,6048.220473566
Washington,2038,MING,788.061612836468
Washington,2038,OFFI,13260.02911445844
Washington,2038,OTHR,47150.794116232966
Washington,2038,RETL,18973.4107237635
Washington,2038,WSLE,9408.750188783619
Washington,2039,AGRI,747.966800118674
Washington,2039,CONS,17969.119769396
Washington,2039,FOOD,11990.0783196894
Washington,2039,GVED,15963.97097428884
Washington,2039,HLTH,21602.4726967049
Washington,2039,MANU,6141.10288393922
Washington,2039,MING,789.074583412733
Washington,2039,OFFI,13409.39286067205
Washington,2039,OTHR,47843.073348992184
Washington,2039,RETL,19216.1008750237
Washington,2039,WSLE,9391.032157180245
Washington,2040,AGRI,747.1083565047251
Washington,2040,CONS,17915.60382853
Washington,2040,FOOD,12027.2570330972
Washington,2040,GVED,16189.350055975801
Washington,2040,HLTH,21964.290784755
Washington,2040,MANU,6226.94367737888
Washington,2040,MING,790.110362746755
Washington,2040,OFFI,13556.58814652122
Washington,2040,OTHR,48467.34450443657
Washington,2040,RETL,19444.6812863123
Washington,2040,WSLE,9372.977966528224
Washington,2041,AGRI,748.205693391826
Washington,2041,CONS,17792.4618735898
Washington,2041,FOOD,12079.8610120884
Washington,2041,GVED,16397.63248375524
Washington,2041,HLTH,22292.5274754597
Washington,2041,MANU,6307.70607045078
Washington,2041,MING,795.055333743467
Washington,2041,OFFI,13686.83551157206
Washington,2041,OTHR,49035.15583401046
Washington,2041,RETL,19694.7453460215
Washington,2041,WSLE,9360.744367539191
Washington,2042,AGRI,748.339657556567
Washington,2042,CONS,17724.7084106158
Washington,2042,FOOD,12111.8016796145
Washington,2042,GVED,16625.945066887118
Washington,2042,HLTH,22608.8523000321
Washington,2042,MANU,6384.48349233889
Washington,2042,MING,804.881620227872
Washington,2042,OFFI,13866.72128321385
Washington,2042,OTHR,49618.41009529633
Washington,2042,RETL,19931.5132496206
Washington,2042,WSLE,9365.108484041457
Washington,2043,AGRI,747.523528120063
Washington,2043,CONS,17668.3294072874
Washington,2043,FOOD,12149.0627542733
Washington,2043,GVED,16889.421669186704
Washington,2043,HLTH,22894.5737082327
Washington,2043,MANU,6451.58804490945
Washington,2043,MING,811.793775189564
Washington,2043,OFFI,14018.42618437449
Washington,2043,OTHR,50131.04150967507
Washington,2043,RETL,20171.4092196373
Washington,2043,WSLE,9363.039604149253
Washington,2044,AGRI,747.704336415828
Washington,2044,CONS,17614.9263612206
Washington,2044,FOOD,12171.9105883999
Washington,2044,GVED,17162.514277777154
Washington,2044,HLTH,23200.3777302346
Washington,2044,MANU,6518.74910238245
Washington,2044,MING,812.877202566544
Washington,2044,OFFI,14189.67109730749
Washington,2044,OTHR,50664.22865539473
Washington,2044,RETL,20409.9915800819
Washington,2044,WSLE,9361.212580401225
Washington,2045,AGRI,747.9190675219251
Washington,2045,CONS,17706.4149618081
Washington,2045,FOOD,12202.0972784765
Washington,2045,GVED,17450.24342713632
Washington,2045,HLTH,23529.551779433
Washington,2045,MANU,6596.77932412963
Washington,2045,MING,813.025585776311
Washington,2045,OFFI,14355.386249067731
Washington,2045,OTHR,51167.54935735895
Washington,2045,RETL,20676.0874525808
Washington,2045,WSLE,9357.909392332895
Washington,2046,AGRI,747.1846283702259
Washington,2046,CONS,17978.3040530983
Washington,2046,FOOD,12223.6760642835
Washington,2046,GVED,17748.628618985553
Washington,2046,HLTH,23876.4817993202
Washington,2046,MANU,6677.76032032164
Washington,2046,MING,815.140686951042
Washington,2046,OFFI,14563.90630118945
Washington,2046,OTHR,51642.83095029186
Washington,2046,RETL,20937.7702813461
Washington,2046,WSLE,9358.6914137025
Washington,2047,AGRI,746.480269167746
Washington,2047,CONS,18403.3417530581
Washington,2047,FOOD,12246.6118481633
Washington,2047,GVED,18049.21646604848
Washington,2047,HLTH,24229.5925182502
Washington,2047,MANU,6756.90034624797
Washington,2047,MING,823.105715416626
Washington,2047,OFFI,14810.412139060329
Washington,2047,OTHR,52073.43411909988
Washington,2047,RETL,21228.9174393857
Washington,2047,WSLE,9358.848314625702
Washington,2048,AGRI,745.798789522906
Washington,2048,CONS,18969.5540837041
Washington,2048,FOOD,12287.2683625402
Washington,2048,GVED,18348.77559546321
Washington,2048,HLTH,24589.010377591
Washington,2048,MANU,6838.998229656
Washington,2048,MING,834.958456960567
Washington,2048,OFFI,15068.511132279778
Washington,2048,OTHR,52462.91549753085
Washington,2048,RETL,21534.7690500673
Washington,2048,WSLE,9357.33090292507
Washington,2049,AGRI,745.139922213664
Washington,2049,CONS,19634.3964877271
Washington,2049,FOOD,12329.1095575032
Washington,2049,GVED,18642.731575889444
Washington,2049,HLTH,24952.2220848651
Washington,2049,MANU,6923.07927250002
Washington,2049,MING,846.814519428572
Washington,2049,OFFI,15323.65685943211
Washington,2049,OTHR,52839.46064352712
Washington,2049,RETL,21844.2289901589
Washington,2049,WSLE,9354.126607790247
Washington,2050,AGRI,744.517708292809
Washington,2050,CONS,20342.7034926484
Washington,2050,FOOD,12370.6289091052
Washington,2050,GVED,18932.176928983623
Washington,2050,HLTH,25291.2472018369
Washington,2050,MANU,7003.48575399846
Washington,2050,MING,857.725271298883
Washington,2050,OFFI,15557.81614559208
Washington,2050,OTHR,53210.339281372624
Washington,2050,RETL,22160.3832476881
Washington,2050,WSLE,9347.599835588222
Washington,2051,AGRI,742.890951045659
Washington,2051,CONS,21104.2276677525
Washington,2051,FOOD,12404.1505162924
Washington,2051,GVED,19187.199062235784
Washington,2051,HLTH,25620.3864123276
Washington,2051,MANU,7089.15284731572
Washington,2051,MING,868.569026047316
Washington,2051,OFFI,15752.97278243045
Washington,2051,OTHR,53545.835333722236
Washington,2051,RETL,22471.0120566606
Washington,2051,WSLE,9334.483901695347
Washington,2052,AGRI,742.250865238073
Washington,2052,CONS,21893.8796513969
Washington,2052,FOOD,12442.6607857921
Washington,2052,GVED,19463.11719919958
Washington,2052,HLTH,25947.9729882465
Washington,2052,MANU,7168.06239614298
Washington,2052,MING,880.38012050037
Washington,2052,OFFI,15921.0727680501
Washington,2052,OTHR,53901.195947872795
Washington,2052,RETL,22796.6589455595
Washington,2052,WSLE,9326.405702672866
Washington,2053,AGRI,740.65984272268
Washington,2053,CONS,22725.1569619971
Washington,2053,FOOD,12479.3505773069
Washington,2053,GVED,19731.923648742122
Washington,2053,HLTH,26249.0996023198
Washington,2053,MANU,7235.37743655748
Washington,2053,MING,893.152019393962
Washington,2053,OFFI,16049.5729489203
Washington,2053,OTHR,54269.37680127298
Washington,2053,RETL,23114.5379476171
Washington,2053,WSLE,9324.289077204136
Washington,2054,AGRI,740.045842315627
Washington,2054,CONS,23568.9804462313
Washington,2054,FOOD,12511.2507065236
Washington,2054,GVED,19991.5540352904
Washington,2054,HLTH,26514.2074416336
Washington,2054,MANU,7296.8795021529
Washington,2054,MING,903.986319689041
Washington,2054,OFFI,16176.11900038173
Washington,2054,OTHR,54620.1595446607
Washington,2054,RETL,23424.8165320089
Washington,2054,WSLE,9317.44445970043
Washington,2055,AGRI,737.521656560468
Washington,2055,CONS,24457.1985861522
Washington,2055,FOOD,12538.6504688508
Washington,2055,GVED,20233.051866829806
Washington,2055,HLTH,26748.6236939126
Washington,2055,MANU,7350.74321503845
Washington,2055,MING,910.005009576344
Washington,2055,OFFI,16285.47380177336
Washington,2055,OTHR,54955.43383858104
Washington,2055,RETL,23730.3078159986
Washington,2055,WSLE,9313.783016399144
Washington,2056,AGRI,735.9522588083889
Washington,2056,CONS,25066.353931485
Washington,2056,FOOD,12545.4694956896
Washington,2056,GVED,20455.533042284886
Washington,2056,HLTH,27008.0544987993
Washington,2056,MANU,7393.51108836738
Washington,2056,MING,908.309356074504
Washington,2056,OFFI,16387.21633656061
Washington,2056,OTHR,55316.033179677295
Washington,2056,RETL,23958.615566466
Washington,2056,WSLE,9315.608848782578
Washington,2057,AGRI,734.385996057076
Washington,2057,CONS,25572.4994155485
Washington,2057,FOOD,12542.7795897747
Washington,2057,GVED,20662.578269326004
Washington,2057,HLTH,27258.9857826886
Washington,2057,MANU,7444.24463965996
Washington,2057,MING,896.029587035714
Washington,2057,OFFI,16501.693600450468
Washington,2057,OTHR,55672.93166691715
Washington,2057,RETL,24165.7724825399
Washington,2057,WSLE,9318.713573789893
Washington,2058,AGRI,731.861206371767
Washington,2058,CONS,25973.4495892445
Washington,2058,FOOD,12543.791748952
Washington,2058,GVED,20860.734870710436
Washington,2058,HLTH,27491.650286711
Washington,2058,MANU,7498.73472959377
Washington,2058,MING,884.732426198724
Washington,2058,OFFI,16619.86588209324
Washington,2058,OTHR,56025.86243870306
Washington,2058,RETL,24361.5986949387
Washington,2058,WSLE,9322.687539850625
Washington,2059,AGRI,730.305311500946
Washington,2059,CONS,26320.9423642363
Washington,2059,FOOD,12547.8303619495
Washington,2059,GVED,21057.399605713304
Washington,2059,HLTH,27726.6319666727
Washington,2059,MANU,7556.07245178945
Washington,2059,MING,877.300113067394
Washington,2059,OFFI,16742.779623162
Washington,2059,OTHR,56394.119221934314
Washington,2059,RETL,24566.3346392094
Washington,2059,WSLE,9329.641159709425
Washington,2060,AGRI,728.761472725364
Washington,2060,CONS,26619.2542428437
Washington,2060,FOOD,12551.0645852553
Washington,2060,GVED,21257.37970203488
Washington,2060,HLTH,27953.3654432036
Washington,2060,MANU,7612.44974038098
Washington,2060,MING,874.690146502705
Washington,2060,OFFI,16863.80476052282
Washington,2060,OTHR,56752.93469311754
Washington,2060,RETL,24766.6669687101
Washington,2060,WSLE,9335.734237906327
Washington,2061,AGRI,728.170340177268
Washington,2061,CONS,26882.1178340768
Washington,2061,FOOD,12554.3097843291
Washington,2061,GVED,21433.498927427027
Washington,2061,HLTH,28180.5392994951
Washington,2061,MANU,7668.60971776891
Washington,2061,MING,875.898637968013
Washington,2061,OFFI,16981.50830007318
Washington,2061,OTHR,57118.30935643858
Washington,2061,RETL,24970.1320483091
Washington,2061,WSLE,9335.833561175772
Washington,2062,AGRI,727.5941914515049
Washington,2062,CONS,27132.9875462537
Washington,2062,FOOD,12556.8335576756
Washington,2062,GVED,21627.352506458927
Washington,2062,HLTH,28410.2586660827
Washington,2062,MANU,7725.78580815701
Washington,2062,MING,877.122078506317
Washington,2062,OFFI,17099.35066359715
Washington,2062,OTHR,57488.99105044617
Washington,2062,RETL,25176.5191525443
Washington,2062,WSLE,9336.11269281172
Washington,2063,AGRI,726.069386588144
Washington,2063,CONS,27372.2691415907
Washington,2063,FOOD,12559.4902236901
Washington,2063,GVED,21825.9248416224
Washington,2063,HLTH,28639.9269399078
Washington,2063,MANU,7782.95631625751
Washington,2063,MING,877.395666661466
Washington,2063,OFFI,17214.32186824382
Washington,2063,OTHR,57858.75973093409
Washington,2063,RETL,25384.7715406928
Washington,2063,WSLE,9335.535648717942
Washington,2064,AGRI,724.554130656353
Washington,2064,CONS,27599.9701827761
Washington,2064,FOOD,12562.2671144374
Washington,2064,GVED,22027.276060564516
Washington,2064,HLTH,28870.4799003705
Washington,2064,MANU,7840.11535659279
Washington,2064,MING,877.677517371819
Washington,2064,OFFI,17330.242235112448
Washington,2064,OTHR,58227.57193293036
Washington,2064,RETL,25595.8230570989
Washington,2064,WSLE,9335.051919255415
Washington,2065,AGRI,724.004636633655
Washington,2065,CONS,27818.0458524958
Washington,2065,FOOD,12564.2123718782
Washington,2065,GVED,22234.281541198507
Washington,2065,HLTH,29100.0204030702
Washington,2065,MANU,7898.2234244417
Washington,2065,MING,877.96792498276
Washington,2065,OFFI,17443.29496239238
Washington,2065,OTHR,58594.5051364315
Washington,2065,RETL,25807.7704202976
Washington,2065,WSLE,9335.62054680336
Wayne,2023,AGRI,199.0
Wayne,2023,CONS,286.0
Wayne,2023,FOOD,336.0
Wayne,2023,GVED,308.0
Wayne,2023,HLTH,151.0
Wayne,2023,MANU,38.0
Wayne,2023,MING,27.0
Wayne,2023,OFFI,81.0
Wayne,2023,OTHR,517.0
Wayne,2023,RETL,196.0
Wayne,2023,WSLE,91.0
Wayne,2024,AGRI,199.0
Wayne,2024,CONS,327.0
Wayne,2024,FOOD,344.0
Wayne,2024,GVED,293.0
Wayne,2024,HLTH,129.0
Wayne,2024,MANU,37.0
Wayne,2024,MING,25.0
Wayne,2024,OFFI,86.0
Wayne,2024,OTHR,779.0
Wayne,2024,RETL,207.0
Wayne,2024,WSLE,93.0
Wayne,2025,AGRI,198.66814478699797
Wayne,2025,CONS,341.138592799648
Wayne,2025,FOOD,346.777261335732
Wayne,2025,GVED,297.48560226947603
Wayne,2025,HLTH,134.326021530516
Wayne,2025,MANU,37.9396223603987
Wayne,2025,MING,24.958472108315
Wayne,2025,OFFI,87.8683672469753
Wayne,2025,OTHR,784.9851863579414
Wayne,2025,RETL,209.361816064746
Wayne,2025,WSLE,93.8659082133945
Wayne,2026,AGRI,198.3434832656504
Wayne,2026,CONS,351.608045241963
Wayne,2026,FOOD,350.306019499881
Wayne,2026,GVED,299.6347341572389
Wayne,2026,HLTH,139.038753868255
Wayne,2026,MANU,37.8805356836257
Wayne,2026,MING,25.9143927795628
Wayne,2026,OFFI,87.7375853688308
Wayne,2026,OTHR,778.8520223453618
Wayne,2026,RETL,209.540085560637
Wayne,2026,WSLE,93.72770830412259
Wayne,2027,AGRI,198.02930140440537
Wayne,2027,CONS,359.131319730149
Wayne,2027,FOOD,352.378001189735
Wayne,2027,GVED,300.729722151861
Wayne,2027,HLTH,141.85356493068
Wayne,2027,MANU,37.8260633061135
Wayne,2027,MING,26.8689800886
Wayne,2027,OFFI,86.6246932933973
Wayne,2027,OTHR,775.0303893722455
Wayne,2027,RETL,210.424357936331
Wayne,2027,WSLE,94.616780854311
Wayne,2028,AGRI,196.7255146283201
Wayne,2028,CONS,364.944742892696
Wayne,2028,FOOD,354.076363171132
Wayne,2028,GVED,302.91051960971134
Wayne,2028,HLTH,144.077920117172
Wayne,2028,MANU,38.7615119717281
Wayne,2028,MING,25.8334855228931
Wayne,2028,OFFI,87.4894548103356
Wayne,2028,OTHR,776.9209575563417
Wayne,2028,RETL,211.835821367655
Wayne,2028,WSLE,94.4807221057966
Wayne,2029,AGRI,195.43442928119595
Wayne,2029,CONS,372.577352963137
Wayne,2029,FOOD,353.830810967649
Wayne,2029,GVED,304.83663825206855
Wayne,2029,HLTH,145.025775361133
Wayne,2029,MANU,39.6954849611591
Wayne,2029,MING,23.8103024791815
Wayne,2029,OFFI,87.3613449065485
Wayne,2029,OTHR,778.8686563499143
Wayne,2029,RETL,212.509607938403
Wayne,2029,WSLE,93.3587896143363
Wayne,2030,AGRI,194.15372347115118
Wayne,2030,CONS,375.049698893965
Wayne,2030,FOOD,352.64217429992
Wayne,2030,GVED,309.2626464624544
Wayne,2030,HLTH,146.989813058559
Wayne,2030,MANU,39.6371599005152
Wayne,2030,MING,23.775125848138
Wayne,2030,OFFI,88.2312500367496
Wayne,2030,OTHR,777.9653260352767
Wayne,2030,RETL,213.182181547342
Wayne,2030,WSLE,94.2247517340025
Wayne,2031,AGRI,192.8776650016828
Wayne,2031,CONS,377.096266251153
Wayne,2031,FOOD,349.420473414993
Wayne,2031,GVED,307.8712390448186
Wayne,2031,HLTH,148.115415924032
Wayne,2031,MANU,40.5680458499429
Wayne,2031,MING,23.7400360881842
Wayne,2031,OFFI,89.1020422963488
Wayne,2031,OTHR,781.1114231423423
Wayne,2031,RETL,215.926017339277
Wayne,2031,WSLE,92.1174346099173
Wayne,2032,AGRI,192.60288766405807
Wayne,2032,CONS,379.285827157043
Wayne,2032,FOOD,347.330098210448
Wayne,2032,GVED,310.6363442392017
Wayne,2032,HLTH,149.121282746768
Wayne,2032,MANU,41.499213461764
Wayne,2032,MING,24.6941616998227
Wayne,2032,OFFI,88.9870689687572
Wayne,2032,OTHR,777.4985503978864
Wayne,2032,RETL,216.911325351273
Wayne,2032,WSLE,92.0037469838053
Wayne,2033,AGRI,192.33574674276696
Wayne,2033,CONS,380.733187514276
Wayne,2033,FOOD,347.388036973177
Wayne,2033,GVED,311.1786117772039
Wayne,2033,HLTH,150.622220093105
Wayne,2033,MANU,42.4307810700498
Wayne,2033,MING,26.6327518353515
Wayne,2033,OFFI,90.8575939716521
Wayne,2033,OTHR,776.8086291051056
Wayne,2033,RETL,217.914028553903
Wayne,2033,WSLE,91.9056302624299
Wayne,2034,AGRI,192.09225904277164
Wayne,2034,CONS,381.782505409106
Wayne,2034,FOOD,349.543156644125
Wayne,2034,GVED,312.48885339746903
Wayne,2034,HLTH,151.717663265235
Wayne,2034,MANU,42.3848151542574
Wayne,2034,MING,27.584918745667
Wayne,2034,OFFI,89.8327740559053
Wayne,2034,OTHR,780.4260464294421
Wayne,2034,RETL,218.657258271247
Wayne,2034,WSLE,90.89659009342489
Wayne,2035,AGRI,191.8020750246786
Wayne,2035,CONS,382.050759365327
Wayne,2035,FOOD,345.805505548362
Wayne,2035,GVED,313.80382494884213
Wayne,2035,HLTH,151.18276077187
Wayne,2035,MANU,43.293533404041
Wayne,2035,MING,27.5420678186408
Wayne,2035,OFFI,92.5516340495424
Wayne,2035,OTHR,764.0314388905305
Wayne,2035,RETL,218.236597674469
Wayne,2035,WSLE,89.6777839083122
Wayne,2036,AGRI,191.54593818764639
Wayne,2036,CONS,380.820074140827
Wayne,2036,FOOD,347.620339112838
Wayne,2036,GVED,314.6792629330112
Wayne,2036,HLTH,150.919837156907
Wayne,2036,MANU,44.2183188721844
Wayne,2036,MING,27.505215035897
Wayne,2036,OFFI,93.4112643114369
Wayne,2036,OTHR,759.1948693603533
Wayne,2036,RETL,217.354688522161
Wayne,2036,WSLE,88.5871454837139
Wayne,2037,AGRI,191.3021166768536
Wayne,2037,CONS,378.496092372773
Wayne,2037,FOOD,349.416867863505
Wayne,2037,GVED,316.36082482189096
Wayne,2037,HLTH,150.802813613106
Wayne,2037,MANU,44.1627978340982
Wayne,2037,MING,27.4702328973615
Wayne,2037,OFFI,93.2949749444311
Wayne,2037,OTHR,757.3203267070767
Wayne,2037,RETL,217.622228289454
Wayne,2037,WSLE,87.5055021924432
Wayne,2038,AGRI,190.0894374216658
Wayne,2038,CONS,375.704335812047
Wayne,2038,FOOD,350.255285388968
Wayne,2038,GVED,318.1344831410822
Wayne,2038,HLTH,151.769146124061
Wayne,2038,MANU,45.0899052648946
Wayne,2038,MING,27.4368556806852
Wayne,2038,OFFI,94.1654721955092
Wayne,2038,OTHR,755.5061550335879
Wayne,2038,RETL,217.15139768628
Wayne,2038,WSLE,87.4117608129517
Wayne,2039,AGRI,189.86299899210542
Wayne,2039,CONS,372.919633296896
Wayne,2039,FOOD,352.059727338661
Wayne,2039,GVED,318.85864955617393
Wayne,2039,HLTH,151.728990087799
Wayne,2039,MANU,46.0159138991055
Wayne,2039,MING,27.4042383785873
Wayne,2039,OFFI,96.0154686029306
Wayne,2039,OTHR,757.6293508219527
Wayne,2039,RETL,218.672743297479
Wayne,2039,WSLE,87.3196415701843
Wayne,2040,AGRI,189.6427225194722
Wayne,2040,CONS,370.596293392322
Wayne,2040,FOOD,352.932616676785
Wayne,2040,GVED,320.9348274825362
Wayne,2040,HLTH,152.032462782597
Wayne,2040,MANU,46.9412555344068
Wayne,2040,MING,27.372561617751
Wayne,2040,OFFI,96.88701328645409
Wayne,2040,OTHR,755.8760529096234
Wayne,2040,RETL,218.509249425447
Wayne,2040,WSLE,86.2545282284015
Wayne,2041,AGRI,189.42362521485714
Wayne,2041,CONS,367.860255615434
Wayne,2041,FOOD,353.789884063629
Wayne,2041,GVED,321.2327624165564
Wayne,2041,HLTH,152.593924654834
Wayne,2041,MANU,46.8880951857392
Wayne,2041,MING,27.3410481682391
Wayne,2041,OFFI,96.78032123350769
Wayne,2041,OTHR,753.1459376684289
Wayne,2041,RETL,219.482638315335
Wayne,2041,WSLE,86.1673556749071
Wayne,2042,AGRI,189.20980812068814
Wayne,2042,CONS,365.850857087476
Wayne,2042,FOOD,353.615213035961
Wayne,2042,GVED,322.26163924314795
Wayne,2042,HLTH,153.239309445446
Wayne,2042,MANU,47.8110670328693
Wayne,2042,MING,27.310241218514
Wayne,2042,OFFI,96.6751688593761
Wayne,2042,OTHR,751.3857661836304
Wayne,2042,RETL,220.388705702561
Wayne,2042,WSLE,85.10276754659509
Wayne,2043,AGRI,188.0275307286282
Wayne,2043,CONS,365.56228578796
Wayne,2043,FOOD,354.458177769261
Wayne,2043,GVED,324.79889108577356
Wayne,2043,HLTH,153.456631416478
Wayne,2043,MANU,47.7594551992429
Wayne,2043,MING,28.2545508440369
Wayne,2043,OFFI,98.5219483261381
Wayne,2043,OTHR,749.6666273766655
Wayne,2043,RETL,221.299008114477
Wayne,2043,WSLE,85.9942953917058
Wayne,2044,AGRI,187.82688003493686
Wayne,2044,CONS,364.378168076728
Wayne,2044,FOOD,354.306910724084
Wayne,2044,GVED,327.42159852914534
Wayne,2044,HLTH,154.408133940248
Wayne,2044,MANU,48.6824361033952
Wayne,2044,MING,28.2244888238891
Wayne,2044,OFFI,98.4208316905258
Wayne,2044,OTHR,747.9595925025255
Wayne,2044,RETL,222.303789183767
Wayne,2044,WSLE,85.91144548526981
Wayne,2045,AGRI,187.6350031298392
Wayne,2045,CONS,365.589712053512
Wayne,2045,FOOD,355.150611598767
Wayne,2045,GVED,328.16237197913574
Wayne,2045,HLTH,155.156029543623
Wayne,2045,MANU,49.6057530468401
Wayne,2045,MING,28.1957621226769
Wayne,2045,OFFI,100.2687109726737
Wayne,2045,OTHR,744.3444591064613
Wayne,2045,RETL,223.273271885769
Wayne,2045,WSLE,84.86094752472201
Wayne,2046,AGRI,187.44978563924033
Wayne,2046,CONS,367.899164402992
Wayne,2046,FOOD,354.990101032814
Wayne,2046,GVED,330.0337104641931
Wayne,2046,HLTH,154.942967684969
Wayne,2046,MANU,49.5573570202961
Wayne,2046,MING,28.1680069396966
Wayne,2046,OFFI,102.115471570543
Wayne,2046,OTHR,741.7140117807633
Wayne,2046,RETL,223.505424372311
Wayne,2046,WSLE,84.78388905123799
Wayne,2047,AGRI,186.3018203105457
Wayne,2047,CONS,373.009334446322
Wayne,2047,FOOD,354.832184014265
Wayne,2047,GVED,331.74464806379655
Wayne,2047,HLTH,155.790559007787
Wayne,2047,MANU,50.4812814097117
Wayne,2047,MING,28.1413951184276
Wayne,2047,OFFI,102.9920027181141
Wayne,2047,OTHR,739.1113858499514
Wayne,2047,RETL,224.758109872839
Wayne,2047,WSLE,85.68027623616621
Wayne,2048,AGRI,186.13090182765254
Wayne,2048,CONS,378.962023284708
Wayne,2048,FOOD,354.675055411388
Wayne,2048,GVED,331.3614683917382
Wayne,2048,HLTH,156.565274272869
Wayne,2048,MANU,51.4049728963757
Wayne,2048,MING,28.1156658608806
Wayne,2048,OFFI,103.8696998750525
Wayne,2048,OTHR,734.591221247926
Wayne,2048,RETL,225.162413130208
Wayne,2048,WSLE,84.6383786169473
Wayne,2049,AGRI,185.96582298796457
Wayne,2049,CONS,385.63276424703
Wayne,2049,FOOD,354.511293515073
Wayne,2049,GVED,333.9849570758851
Wayne,2049,HLTH,156.345571004475
Wayne,2049,MANU,52.3284746098403
Wayne,2049,MING,29.0593836738739
Wayne,2049,OFFI,104.74854346618369
Wayne,2049,OTHR,730.0931889949861
Wayne,2049,RETL,226.538846927864
Wayne,2049,WSLE,84.56872738414671
Wayne,2050,AGRI,184.84153637966875
Wayne,2050,CONS,392.629645556791
Wayne,2050,FOOD,355.364136115531
Wayne,2050,GVED,335.4135055596049
Wayne,2050,HLTH,157.319336764649
Wayne,2050,MANU,52.2852914474837
Wayne,2050,MING,29.0350545072989
Wayne,2050,OFFI,106.5987549136661
Wayne,2050,OTHR,726.6150098466956
Wayne,2050,RETL,228.165249274463
Wayne,2050,WSLE,84.5055712673786
Wayne,2051,AGRI,184.67862814159855
Wayne,2051,CONS,401.179807452113
Wayne,2051,FOOD,355.091643754685
Wayne,2051,GVED,334.91857026328745
Wayne,2051,HLTH,158.12849813757
Wayne,2051,MANU,53.2059323852673
Wayne,2051,MING,29.9763796823724
Wayne,2051,OFFI,106.5051681840331
Wayne,2051,OTHR,722.086869998571
Wayne,2051,RETL,229.70659686947
Wayne,2051,WSLE,84.43003184088161
Wayne,2052,AGRI,184.52027843583917
Wayne,2052,CONS,409.569690660444
Wayne,2052,FOOD,354.812499098312
Wayne,2052,GVED,336.35829323604673
Wayne,2052,HLTH,157.827221526367
Wayne,2052,MANU,54.1262778972055
Wayne,2052,MING,29.9507054977047
Wayne,2052,OFFI,107.3799887905513
Wayne,2052,OTHR,720.4797647629246
Wayne,2052,RETL,231.13525816287
Wayne,2052,WSLE,83.39050823729309
Wayne,2053,AGRI,183.40016448961728
Wayne,2053,CONS,417.598940268937
Wayne,2053,FOOD,355.501173039111
Wayne,2053,GVED,336.7131666817335
Wayne,2053,HLTH,158.563272571003
Wayne,2053,MANU,55.0461022157591
Wayne,2053,MING,29.9256060340817
Wayne,2053,OFFI,108.2558387697008
Wayne,2053,OTHR,716.0140793157793
Wayne,2053,RETL,231.718695892644
Wayne,2053,WSLE,83.3198283945443
Wayne,2054,AGRI,183.24888211700494
Wayne,2054,CONS,425.088827430843
Wayne,2054,FOOD,355.205815930089
Wayne,2054,GVED,339.1207139521455
Wayne,2054,HLTH,159.258064917989
Wayne,2054,MANU,55.0006726508857
Wayne,2054,MING,30.8654290140157
Wayne,2054,OFFI,109.1307256951322
Wayne,2054,OTHR,713.4655710510183
Wayne,2054,RETL,233.085914101213
Wayne,2054,WSLE,83.2497092101969
Wayne,2055,AGRI,182.1376029985262
Wayne,2055,CONS,432.62542137106
Wayne,2055,FOOD,354.925768297658
Wayne,2055,GVED,339.8194921857912
Wayne,2055,HLTH,158.607470252454
Wayne,2055,MANU,55.9201993752536
Wayne,2055,MING,30.8406416184989
Wayne,2055,OFFI,109.0425418675961
Wayne,2055,OTHR,709.0100334526629
Wayne,2055,RETL,234.187694875841
Wayne,2055,WSLE,84.145844330063
Wayne,2056,AGRI,181.99199443266332
Wayne,2056,CONS,435.784713362043
Wayne,2056,FOOD,353.726922661669
Wayne,2056,GVED,339.885518169926
Wayne,2056,HLTH,158.69793129987
Wayne,2056,MANU,55.8759990823333
Wayne,2056,MING,30.8161223518783
Wayne,2056,OFFI,108.9557631269441
Wayne,2056,OTHR,705.5468539374472
Wayne,2056,RETL,235.222907552675
Wayne,2056,WSLE,83.11810243066441
Wayne,2057,AGRI,180.879792354251
Wayne,2057,CONS,438.856512418919
Wayne,2057,FOOD,353.432394069434
Wayne,2057,GVED,340.54813677495247
Wayne,2057,HLTH,158.510300872417
Wayne,2057,MANU,56.7922016426102
Wayne,2057,MING,29.8286734915145
Wayne,2057,OFFI,110.789732607584
Wayne,2057,OTHR,701.0885216081859
Wayne,2057,RETL,235.030343164513
Wayne,2057,WSLE,83.0489002052588
Wayne,2058,AGRI,179.76992309788443
Wayne,2058,CONS,440.139862949178
Wayne,2058,FOOD,352.189197404178
Wayne,2058,GVED,341.26019493334553
Wayne,2058,HLTH,157.095441554838
Wayne,2058,MANU,57.7071877571083
Wayne,2058,MING,29.8042723094228
Wayne,2058,OFFI,111.66055683066051
Wayne,2058,OTHR,698.5885822389603
Wayne,2058,RETL,234.89937069545
Wayne,2058,WSLE,82.9810195489298
Wayne,2059,AGRI,179.62325200513692
Wayne,2059,CONS,441.354679258832
Wayne,2059,FOOD,350.93336944168
Wayne,2059,GVED,340.97497498437036
Wayne,2059,HLTH,156.68247955657
Wayne,2059,MANU,57.660353779449
Wayne,2059,MING,29.7800537319073
Wayne,2059,OFFI,111.5690653740525
Wayne,2059,OTHR,696.0718888678696
Wayne,2059,RETL,235.647942484264
Wayne,2059,WSLE,83.87361796544249
Wayne,2060,AGRI,178.51947652257655
Wayne,2060,CONS,442.751081048506
Wayne,2060,FOOD,350.640154677263
Wayne,2060,GVED,343.5721679738405
Wayne,2060,HLTH,155.222688271455
Wayne,2060,MANU,58.5741630242362
Wayne,2060,MING,29.7562814583928
Wayne,2060,OFFI,112.4388688751197
Wayne,2060,OTHR,691.6469693032034
Wayne,2060,RETL,236.461341246709
Wayne,2060,WSLE,84.765905428285
Wayne,2061,AGRI,178.3746710176333
Wayne,2061,CONS,444.352093965596
Wayne,2061,FOOD,350.355734032297
Wayne,2061,GVED,342.8106979824518
Wayne,2061,HLTH,154.978332838382
Wayne,2061,MANU,58.5266507784096
Wayne,2061,MING,29.7321447454371
Wayne,2061,OFFI,112.3476644446569
Wayne,2061,OTHR,688.2089516776659
Wayne,2061,RETL,237.882112879942
Wayne,2061,WSLE,83.7381510377686
Wayne,2062,AGRI,177.27529798112084
Wayne,2062,CONS,444.958748180223
Wayne,2062,FOOD,350.078522782966
Wayne,2062,GVED,344.45593259886664
Wayne,2062,HLTH,153.897471638573
Wayne,2062,MANU,59.4385808676418
Wayne,2062,MING,29.7086198414907
Wayne,2062,OFFI,113.21700984356019
Wayne,2062,OTHR,684.7897074859131
Wayne,2062,RETL,238.652131914512
Wayne,2062,WSLE,83.671895072157
Wayne,2063,AGRI,177.13707428454663
Wayne,2063,CONS,446.526790178753
Wayne,2063,FOOD,349.805562319429
Wayne,2063,GVED,345.1448469983719
Wayne,2063,HLTH,152.819985054908
Wayne,2063,MANU,60.3497267477471
Wayne,2063,MING,29.6854556708398
Wayne,2063,OFFI,114.0862240313559
Wayne,2063,OTHR,682.3407869356585
Wayne,2063,RETL,239.423542818656
Wayne,2063,WSLE,84.5641459437203
Wayne,2064,AGRI,177.00081824835138
Wayne,2064,CONS,447.140070576914
Wayne,2064,FOOD,349.536487539047
Wayne,2064,GVED,345.8361116455961
Wayne,2064,HLTH,152.702434025576
Wayne,2064,MANU,61.2600593363937
Wayne,2064,MING,29.6626212498768
Wayne,2064,OFFI,114.95522183930561
Wayne,2064,OTHR,677.9889045428902
Wayne,2064,RETL,240.196129605286
Wayne,2064,WSLE,84.499098153036
Wayne,2065,AGRI,175.9105539852006
Wayne,2065,CONS,448.713021890217
Wayne,2065,FOOD,349.271402844211
Wayne,2065,GVED,347.4858907865979
Wayne,2065,HLTH,152.586626149811
Wayne,2065,MANU,61.2136003694082
Wayne,2065,MING,29.6401254384741
Wayne,2065,OFFI,114.86804104134191
Wayne,2065,OTHR,674.6066388183431
Wayne,2065,RETL,241.926024967054
Wayne,2065,WSLE,83.4789861947735
Weber,2023,AGRI,1612.0
Weber,2023,CONS,11015.0
Weber,2023,FOOD,9676.0
Weber,2023,GVED,27143.0
Weber,2023,HLTH,16256.0
Weber,2023,MANU,19515.0
Weber,2023,MING,210.0
Weber,2023,OFFI,11496.0
Weber,2023,OTHR,39215.0
Weber,2023,RETL,16106.0
Weber,2023,WSLE,10475.0
Weber,2024,AGRI,1611.0
Weber,2024,CONS,11651.0
Weber,2024,FOOD,9991.0
Weber,2024,GVED,27836.0
Weber,2024,HLTH,16364.0
Weber,2024,MANU,20606.0
Weber,2024,MING,155.0
Weber,2024,OFFI,10449.0
Weber,2024,OTHR,39698.0
Weber,2024,RETL,15793.0
Weber,2024,WSLE,10682.0
Weber,2025,AGRI,1600.476997934927
Weber,2025,CONS,11837.0008166984
Weber,2025,FOOD,9976.91554752892
Weber,2025,GVED,28286.362188426607
Weber,2025,HLTH,17005.0166746375
Weber,2025,MANU,20868.2620761821
Weber,2025,MING,154.799944957296
Weber,2025,OFFI,10565.68838951483
Weber,2025,OTHR,40218.41018132376
Weber,2025,RETL,15816.8184590997
Weber,2025,WSLE,10852.46597323084
Weber,2026,AGRI,1595.797510002022
Weber,2026,CONS,11961.9668579212
Weber,2026,FOOD,10016.454383297
Weber,2026,GVED,28441.23142966058
Weber,2026,HLTH,17500.7686685643
Weber,2026,MANU,20928.4568248053
Weber,2026,MING,159.491107266632
Weber,2026,OFFI,10460.788647825268
Weber,2026,OTHR,40633.32544834297
Weber,2026,RETL,15713.9309432381
Weber,2026,WSLE,10908.403813004012
Weber,2027,AGRI,1585.055202402951
Weber,2027,CONS,12131.8626078442
Weber,2027,FOOD,10007.0331743706
Weber,2027,GVED,28599.27129134726
Weber,2027,HLTH,17930.2010283691
Weber,2027,MANU,20996.8539695054
Weber,2027,MING,162.443318006902
Weber,2027,OFFI,10366.183043148958
Weber,2027,OTHR,41013.84413076709
Weber,2027,RETL,15787.4800645947
Weber,2027,WSLE,10995.543185315018
Weber,2028,AGRI,1570.814242838464
Weber,2028,CONS,12391.8159103262
Weber,2028,FOOD,9978.74044879521
Weber,2028,GVED,28710.09211142969
Weber,2028,HLTH,18234.1931042493
Weber,2028,MANU,21072.5870440182
Weber,2028,MING,155.297285135905
Weber,2028,OFFI,10354.312078743204
Weber,2028,OTHR,41534.79901613919
Weber,2028,RETL,15782.2576724069
Weber,2028,WSLE,10998.414487218819
Weber,2029,AGRI,1557.775219471147
Weber,2029,CONS,12691.2154262036
Weber,2029,FOOD,9917.72983341492
Weber,2029,GVED,28842.71687006695
Weber,2029,HLTH,18516.3057858184
Weber,2029,MANU,21282.4867018837
Weber,2029,MING,146.217395154023
Weber,2029,OFFI,10400.22021693613
Weber,2029,OTHR,42159.77623926284
Weber,2029,RETL,15817.7642559833
Weber,2029,WSLE,11017.552348564685
Weber,2030,AGRI,1545.805102219356
Weber,2030,CONS,12891.4169936023
Weber,2030,FOOD,9824.70635604173
Weber,2030,GVED,29072.67743661046
Weber,2030,HLTH,18835.6355580658
Weber,2030,MANU,21583.2695072994
Weber,2030,MING,144.102174219532
Weber,2030,OFFI,10465.489650907886
Weber,2030,OTHR,42671.26645096113
Weber,2030,RETL,15952.0609109497
Weber,2030,WSLE,11010.922367575764
Weber,2031,AGRI,1534.640783893448
Weber,2031,CONS,13016.8579356274
Weber,2031,FOOD,9682.16111541837
Weber,2031,GVED,28980.85841574932
Weber,2031,HLTH,19141.8079616445
Weber,2031,MANU,21867.2937277476
Weber,2031,MING,144.88590420555
Weber,2031,OFFI,10515.811966250172
Weber,2031,OTHR,43082.94904724044
Weber,2031,RETL,16110.8828739262
Weber,2031,WSLE,11022.170203152658
Weber,2032,AGRI,1524.7738626504588
Weber,2032,CONS,13155.9713183253
Weber,2032,FOOD,9577.00905414686
Weber,2032,GVED,29031.45860297048
Weber,2032,HLTH,19450.6816153863
Weber,2032,MANU,22110.6562367582
Weber,2032,MING,151.691175544039
Weber,2032,OFFI,10571.210716649693
Weber,2032,OTHR,43597.79713394584
Weber,2032,RETL,16221.253121251
Weber,2032,WSLE,11017.306287071702
Weber,2033,AGRI,1523.0181681615359
Weber,2033,CONS,13338.9189820627
Weber,2033,FOOD,9538.59930339282
Weber,2033,GVED,29089.671682465312
Weber,2033,HLTH,19732.1400273751
Weber,2033,MANU,22323.0966743488
Weber,2033,MING,159.495073831568
Weber,2033,OFFI,10671.78802999441
Weber,2033,OTHR,44133.81832038972
Weber,2033,RETL,16309.8968373819
Weber,2033,WSLE,11009.157852960325
Weber,2034,AGRI,1520.4985229650579
Weber,2034,CONS,13583.3774781706
Weber,2034,FOOD,9838.20680052798
Weber,2034,GVED,29221.62555874138
Weber,2034,HLTH,20086.9353688613
Weber,2034,MANU,22516.3420285251
Weber,2034,MING,166.726730392077
Weber,2034,OFFI,10847.847409859569
Weber,2034,OTHR,45164.09341877765
Weber,2034,RETL,16440.7485315939
Weber,2034,WSLE,11010.350004851136
Weber,2035,AGRI,1514.5436230949408
Weber,2035,CONS,13644.6221176775
Weber,2035,FOOD,9426.1248771961
Weber,2035,GVED,29227.34276581941
Weber,2035,HLTH,20169.0281789279
Weber,2035,MANU,22676.3034537458
Weber,2035,MING,168.783750656559
Weber,2035,OFFI,10949.091772752041
Weber,2035,OTHR,44463.60953999366
Weber,2035,RETL,16348.556429183
Weber,2035,WSLE,10857.34449180865
Weber,2036,AGRI,1509.7179616316569
Weber,2036,CONS,13756.4763191421
Weber,2036,FOOD,9443.82325210774
Weber,2036,GVED,29315.489788643208
Weber,2036,HLTH,20381.4398281679
Weber,2036,MANU,22984.3887621345
Weber,2036,MING,167.538304431427
Weber,2036,OFFI,11091.779426030196
Weber,2036,OTHR,44809.60784401638
Weber,2036,RETL,16405.9976279844
Weber,2036,WSLE,10784.345560305941
Weber,2037,AGRI,1506.982326276781
Weber,2037,CONS,13803.1939823766
Weber,2037,FOOD,9486.58644369149
Weber,2037,GVED,29442.24728356865
Weber,2037,HLTH,20614.0649537619
Weber,2037,MANU,23296.8990222947
Weber,2037,MING,166.348243286158
Weber,2037,OFFI,11214.562082106364
Weber,2037,OTHR,45279.148645247624
Weber,2037,RETL,16514.7409703274
Weber,2037,WSLE,10743.244384203317
Weber,2038,AGRI,1502.35091095073
Weber,2038,CONS,13830.1028118808
Weber,2038,FOOD,9499.0291760526
Weber,2038,GVED,29601.16787662029
Weber,2038,HLTH,20901.5395884293
Weber,2038,MANU,23580.2683974275
Weber,2038,MING,166.169624028359
Weber,2038,OFFI,11339.40648106209
Weber,2038,OTHR,45933.02326179558
Weber,2038,RETL,16641.7440073204
Weber,2038,WSLE,10753.536766081072
Weber,2039,AGRI,1498.720048789512
Weber,2039,CONS,13860.8575772324
Weber,2039,FOOD,9526.61917131797
Weber,2039,GVED,29796.7991782916
Weber,2039,HLTH,21182.212375805
Weber,2039,MANU,23844.3780275603
Weber,2039,MING,166.977602688521
Weber,2039,OFFI,11455.30112639519
Weber,2039,OTHR,46580.54635614756
Weber,2039,RETL,16798.291710611
Weber,2039,WSLE,10768.202368557555
Weber,2040,AGRI,1494.233591182897
Weber,2040,CONS,13868.0866372176
Weber,2040,FOOD,9546.26754465963
Weber,2040,GVED,30095.07799199069
Weber,2040,HLTH,21484.7090807207
Weber,2040,MANU,24093.2388502515
Weber,2040,MING,166.841132078772
Weber,2040,OFFI,11577.53293139946
Weber,2040,OTHR,47175.81798725053
Weber,2040,RETL,16943.7102863883
Weber,2040,WSLE,10783.513971361757
Weber,2041,AGRI,1489.725088476169
Weber,2041,CONS,13842.4296624669
Weber,2041,FOOD,9578.01363388501
Weber,2041,GVED,30165.57420699859
Weber,2041,HLTH,21754.4796693385
Weber,2041,MANU,24319.0912882322
Weber,2041,MING,167.677522539115
Weber,2041,OFFI,11681.632493595098
Weber,2041,OTHR,47720.941677456336
Weber,2041,RETL,17100.4498104564
Weber,2041,WSLE,10806.759885207019
Weber,2042,AGRI,1485.1590740214401
Weber,2042,CONS,13845.7118478776
Weber,2042,FOOD,9594.81494210329
Weber,2042,GVED,30355.62705345394
Weber,2042,HLTH,22021.1637466452
Weber,2042,MANU,24531.889826691
Weber,2042,MING,169.459199828403
Weber,2042,OFFI,11833.7178124443
Weber,2042,OTHR,48277.26408285057
Weber,2042,RETL,17246.0259254377
Weber,2042,WSLE,10844.440350620736
Weber,2043,AGRI,1479.748651774891
Weber,2043,CONS,13854.799423181
Weber,2043,FOOD,9622.68834892431
Weber,2043,GVED,30566.24633132383
Weber,2043,HLTH,22257.4254895559
Weber,2043,MANU,24694.2767692116
Weber,2043,MING,171.263453953303
Weber,2043,OFFI,11962.299736563542
Weber,2043,OTHR,48792.91515020014
Weber,2043,RETL,17397.6336872574
Weber,2043,WSLE,10877.31906737588
Weber,2044,AGRI,1475.332971424943
Weber,2044,CONS,13851.6316787137
Weber,2044,FOOD,9639.77760333639
Weber,2044,GVED,30782.54914283689
Weber,2044,HLTH,22516.8766300602
Weber,2044,MANU,24860.0530462648
Weber,2044,MING,171.115220430975
Weber,2044,OFFI,12108.10009349493
Weber,2044,OTHR,49329.78017815779
Weber,2044,RETL,17543.1897824154
Weber,2044,WSLE,10913.539286364421
Weber,2045,AGRI,1470.03782347573
Weber,2045,CONS,13912.567896687
Weber,2045,FOOD,9666.14655607462
Weber,2045,GVED,31010.22838342872
Weber,2045,HLTH,22792.0449450703
Weber,2045,MANU,25072.8171340549
Weber,2045,MING,170.981549852001
Weber,2045,OFFI,12250.416078474009
Weber,2045,OTHR,49837.697383403
Weber,2045,RETL,17711.4544340836
Weber,2045,WSLE,10947.608834851173
Weber,2046,AGRI,1463.772923886188
Weber,2046,CONS,14064.2180020764
Weber,2046,FOOD,9683.48367982151
Weber,2046,GVED,31245.81509362691
Weber,2046,HLTH,23077.956760226
Weber,2046,MANU,25292.8900201993
Weber,2046,MING,170.835479064423
Weber,2046,OFFI,12432.55448308918
Weber,2046,OTHR,50309.26339067486
Weber,2046,RETL,17879.074396665
Weber,2046,WSLE,10983.788927962993
Weber,2047,AGRI,1458.552749113362
Weber,2047,CONS,14276.2887032879
Weber,2047,FOOD,9699.87638240835
Weber,2047,GVED,31483.685120994658
Weber,2047,HLTH,23350.8182258537
Weber,2047,MANU,25504.8644797449
Weber,2047,MING,171.667283406449
Weber,2047,OFFI,12645.76010978063
Weber,2047,OTHR,50719.23333928869
Weber,2047,RETL,18055.5030374304
Weber,2047,WSLE,11013.41951268668
Weber,2048,AGRI,1454.354594376735
Weber,2048,CONS,14552.0623706321
Weber,2048,FOOD,9730.58151069168
Weber,2048,GVED,31728.942471595834
Weber,2048,HLTH,23618.0145018698
Weber,2048,MANU,25727.8967531895
Weber,2048,MING,173.47224339113
Weber,2048,OFFI,12869.441398063529
Weber,2048,OTHR,51092.991134905555
Weber,2048,RETL,18239.5935969488
Weber,2048,WSLE,11044.059582537147
Weber,2049,AGRI,1448.2623079326459
Weber,2049,CONS,14877.2107284954
Weber,2049,FOOD,9764.9260501725
Weber,2049,GVED,31970.453267865923
Weber,2049,HLTH,23882.8634259797
Weber,2049,MANU,25957.8882238227
Weber,2049,MING,176.245781717257
Weber,2049,OFFI,13091.944923468258
Weber,2049,OTHR,51458.51959005486
Weber,2049,RETL,18422.7388073955
Weber,2049,WSLE,11068.837679724224
Weber,2050,AGRI,1442.307407347098
Weber,2050,CONS,15224.2983382521
Weber,2050,FOOD,9803.00778897177
Weber,2050,GVED,32339.933191355893
Weber,2050,HLTH,24147.3797203685
Weber,2050,MANU,26188.9215658375
Weber,2050,MING,178.077854132438
Weber,2050,OFFI,13295.49039462942
Weber,2050,OTHR,51832.72131207803
Weber,2050,RETL,18615.0322698835
Weber,2050,WSLE,11096.321356553282
Weber,2051,AGRI,1437.079708801164
Weber,2051,CONS,15574.0201007737
Weber,2051,FOOD,9829.7320132925
Weber,2051,GVED,32446.17646541054
Weber,2051,HLTH,24387.7631667598
Weber,2051,MANU,26434.3126521053
Weber,2051,MING,178.868152875202
Weber,2051,OFFI,13461.72602804642
Weber,2051,OTHR,52152.66503890924
Weber,2051,RETL,18789.4757040741
Weber,2051,WSLE,11113.533827182931
Weber,2052,AGRI,1429.988535335503
Weber,2052,CONS,15934.0585802395
Weber,2052,FOOD,9859.9409755012
Weber,2052,GVED,32681.758487187355
Weber,2052,HLTH,24624.4861878807
Weber,2052,MANU,26659.0484345471
Weber,2052,MING,180.628182653353
Weber,2052,OFFI,13605.62306170811
Weber,2052,OTHR,52484.66727449835
Weber,2052,RETL,18972.3450956345
Weber,2052,WSLE,11133.7954458242
Weber,2053,AGRI,1423.908851164745
Weber,2053,CONS,16291.1624397524
Weber,2053,FOOD,9890.93836433476
Weber,2053,GVED,32918.9083224281
Weber,2053,HLTH,24845.3726506411
Weber,2053,MANU,26842.5780564132
Weber,2053,MING,182.389970510378
Weber,2053,OFFI,13710.883718386749
Weber,2053,OTHR,52828.48969540718
Weber,2053,RETL,19137.6886867764
Weber,2053,WSLE,11159.005310886707
Weber,2054,AGRI,1416.904232007191
Weber,2054,CONS,16659.3905746694
Weber,2054,FOOD,9915.99839551484
Weber,2054,GVED,33157.1977970883
Weber,2054,HLTH,25055.0075263485
Weber,2054,MANU,27008.1538216849
Weber,2054,MING,184.155171448501
Weber,2054,OFFI,13813.33300025596
Weber,2054,OTHR,53143.63101019017
Weber,2054,RETL,19302.8019170891
Weber,2054,WSLE,11179.565448060142
Weber,2055,AGRI,1409.9677077674319
Weber,2055,CONS,17034.79412391
Weber,2055,FOOD,9940.86599457204
Weber,2055,GVED,33385.17589506603
Weber,2055,HLTH,25252.1799278595
Weber,2055,MANU,27148.0594193868
Weber,2055,MING,184.006242829509
Weber,2055,OFFI,13901.05018741418
Weber,2055,OTHR,53456.77187803894
Weber,2055,RETL,19460.3083481432
Weber,2055,WSLE,11207.038835131541
Weber,2056,AGRI,1403.121242045205
Weber,2056,CONS,17301.2934016997
Weber,2056,FOOD,9952.064387578
Weber,2056,GVED,33613.46793650007
Weber,2056,HLTH,25494.9288931732
Weber,2056,MANU,27256.6549522091
Weber,2056,MING,182.925517329912
Weber,2056,OFFI,13985.359834465551
Weber,2056,OTHR,53807.650422086546
Weber,2056,RETL,19581.8602209189
Weber,2056,WSLE,11243.758763181726
Weber,2057,AGRI,1396.166478065611
Weber,2057,CONS,17497.2591163113
Weber,2057,FOOD,9951.68606732394
Weber,2057,GVED,33828.52435700014
Weber,2057,HLTH,25721.8848700305
Weber,2057,MANU,27385.0948543612
Weber,2057,MING,179.893065634373
Weber,2057,OFFI,14077.59232802985
Weber,2057,OTHR,54118.8400875531
Weber,2057,RETL,19683.8147323323
Weber,2057,WSLE,11270.059130581034
Weber,2058,AGRI,1389.238945184527
Weber,2058,CONS,17650.8568782193
Weber,2058,FOOD,9948.55350540409
Weber,2058,GVED,34032.67395784096
Weber,2058,HLTH,25948.652974685
Weber,2058,MANU,27518.5697137531
Weber,2058,MING,176.869859575926
Weber,2058,OFFI,14170.82227997535
Weber,2058,OTHR,54402.80336473948
Weber,2058,RETL,19777.3828117229
Weber,2058,WSLE,11294.733094289186
Weber,2059,AGRI,1380.4099554354411
Weber,2059,CONS,17775.2069336249
Weber,2059,FOOD,9942.70760195826
Weber,2059,GVED,34225.29945853467
Weber,2059,HLTH,26171.5365448751
Weber,2059,MANU,27651.1244034025
Weber,2059,MING,173.854069244747
Weber,2059,OFFI,14263.09178706601
Weber,2059,OTHR,54666.96545581629
Weber,2059,RETL,19865.8841838686
Weber,2059,WSLE,11315.748314495515
Weber,2060,AGRI,1372.572682096063
Weber,2060,CONS,17876.6272385387
Weber,2060,FOOD,9934.07189871204
Weber,2060,GVED,34533.55326735385
Weber,2060,HLTH,26386.6578713574
Weber,2060,MANU,27781.8942105225
Weber,2060,MING,172.765539347285
Weber,2060,OFFI,14352.52101046837
Weber,2060,OTHR,54914.12605599025
Weber,2060,RETL,19943.0168490609
Weber,2060,WSLE,11334.954189107022
Weber,2061,AGRI,1364.746346561835
Weber,2061,CONS,17958.8425024151
Weber,2061,FOOD,9927.93190151571
Weber,2061,GVED,34551.67926639414
Weber,2061,HLTH,26598.263881987
Weber,2061,MANU,27914.7164964866
Weber,2061,MING,171.666404333921
Weber,2061,OFFI,14439.655678764191
Weber,2061,OTHR,55173.584621903654
Weber,2061,RETL,20023.3794251478
Weber,2061,WSLE,11358.365768181113
Weber,2062,AGRI,1357.917093040288
Weber,2062,CONS,18037.5820513546
Weber,2062,FOOD,9922.95135833958
Weber,2062,GVED,34710.23918619381
Weber,2062,HLTH,26807.1957148533
Weber,2062,MANU,28056.4882924783
Weber,2062,MING,171.530577076677
Weber,2062,OFFI,14524.05442071456
Weber,2062,OTHR,55444.23180729313
Weber,2062,RETL,20108.1513588588
Weber,2062,WSLE,11381.000566083603
Weber,2063,AGRI,1350.155872609253
Weber,2063,CONS,18110.6495985869
Weber,2063,FOOD,9917.12929472495
Weber,2063,GVED,34867.97092861975
Weber,2063,HLTH,27015.1341356006
Weber,2063,MANU,28204.0881912684
Weber,2063,MING,170.43934174717
Weber,2063,OFFI,14605.60645315632
Weber,2063,OTHR,55725.59067035405
Weber,2063,RETL,20194.9243119104
Weber,2063,WSLE,11404.68135140964
Weber,2064,AGRI,1344.3335442160221
Weber,2064,CONS,18178.999536011
Weber,2064,FOOD,9910.45767012589
Weber,2064,GVED,35024.84688732047
Weber,2064,HLTH,27221.1045394722
Weber,2064,MANU,28353.652284766
Weber,2064,MING,170.308237689976
Weber,2064,OFFI,14685.26330240084
Weber,2064,OTHR,56014.71961292842
Weber,2064,RETL,20284.6331036954
Weber,2064,WSLE,11427.481622425863
Weber,2065,AGRI,1336.621814896192
Weber,2065,CONS,18243.6071371574
Weber,2065,FOOD,9904.85374363832
Weber,2065,GVED,35181.84194297374
Weber,2065,HLTH,27426.0831342263
Weber,2065,MANU,28506.146414759
Weber,2065,MING,169.223049007597
Weber,2065,OFFI,14763.03683166046
Weber,2065,OTHR,56307.80474804102
Weber,2065,RETL,20376.3246777601
Weber,2065,WSLE,11450.364092783393
